source_id,x,y,z,R,phi,U,V,eU,eV,Dist,e_mu,ruwe,rv_kms,rv_error_kms,rv_epochs,rv_source
4116471792510901248,-6.656973484466403,0.10773478633195482,0.10178385807745582,6.657845203748338,3.1254103175295014,11.140435391097286,14.3703869683157,1.3646641424931674,0.16858896615991836,1.5,0.038,0.75773543,4.169964,1.3103756,8,gaia_vari_cepheid
4094007532908816896,-5.54177585467877,0.465812494101114,-0.04641540168618181,5.5613182702630235,3.057735039328069,8.319323394755587,0.6993703725619298,2.4832619290214186,0.6298072151062355,2.65,0.135,0.8056516,15.262115,2.1015978,12,gaia_vari_cepheid
4095782655730996224,-6.1050099502288635,0.43107412877991275,0.022773741100060193,6.120210077840204,3.071099753919926,23.384984240913198,-6.4753641128397135,1.2805067733404172,0.650842210135187,2.09,0.056,1.0123743,24.320398,1.1950002,11,gaia_vari_cepheid
4094784475310671872,-6.312347188314944,0.3942653618686379,-0.039151863005061634,6.324647990315112,3.0792142945730108,-22.57354398190238,7.465818329564286,1.9913134199402995,0.4003912800267479,1.88,0.184,0.94404805,-17.590893,0.9045684,16,gaia_vari_cepheid
4087335043492541440,9.641859785994452,5.7568061829237935,-3.783348633165336,11.22970514129942,0.5382577893113815,-137.86945081511843,-160.2944880856507,3.4073065836366334,15.091955469627974,19.08,0.125,1.3867104,44.263557,3.4067128,14,gaia_vari_cepheid
4175017625462647296,-7.597024329431611,0.20780415495105695,0.11055899960029955,7.599865869131556,3.114246110733474,2.579203504688847,-7.55417360993755,0.24355559005382157,0.5654459278801058,0.6,0.077,1.031427,-7.8050857,0.25973952,21,gaia_vari_cepheid
4155550943909053440,-6.348278148380947,0.7708994098884594,-0.027953798018527713,6.394913709298774,3.0207499209481816,-23.49999998959809,3.2116535970808684,2.55967988363155,1.1086971534044807,1.96,0.11,0.91728014,-6.721321,2.2664144,10,gaia_vari_cepheid
4251917636212432384,-7.182131515871741,0.45490820376793145,-0.0290357201771853,7.196523784795926,3.0783382663454355,-16.199545529850575,15.224122048263126,0.7587196908109811,0.3865357495493176,1.07,0.034,0.8428184,-7.0215454,0.76023066,16,gaia_vari_cepheid
4252368406036530688,-5.5804900798706205,1.2730674217221742,-0.11209101684248018,5.723859728521022,2.9173027025026372,-14.816502440895796,26.190667135281643,4.407776218343923,0.6818581889213453,2.87,0.116,0.7362985,35.541,1.0,122,veloce_dr1_vgamma
4253435825622331392,-5.4811083637311,1.3473511092428345,-0.03659902947251243,5.644280636763281,2.9005545327900872,-6.3485436472860695,2.9868253425247815,3.7166460670748376,1.238364376038816,2.99,0.125,0.9033309,29.855,1.0,104,veloce_dr1_vgamma
4253603501158148608,-6.09469617731051,1.05426149856456,-0.013644650988532823,6.185207256113488,2.9703074809098013,14.083905614674967,18.654124861002543,2.055179834978848,1.4310484130324845,2.31,0.037,0.8354727,42.784332,2.3771393,10,gaia_vari_cepheid
4256740751371777536,-5.899750423743216,1.199534843200139,0.00433524430937748,6.020460024160067,2.9410072264927396,-0.6518238417398412,-0.01524289385943689,1.5036503735084226,0.9210878416193372,2.55,0.059,0.9373219,24.656143,1.0492419,10,gaia_vari_cepheid
4258436301367796736,-6.475396936949895,0.8975893142964704,0.012149784395210573,6.537310767295623,3.003855017004458,-23.13480765963218,2.852868749606415,1.330531032925102,0.3608429428220337,1.9,0.071,0.8670675,-3.2871969,0.39563924,10,gaia_vari_cepheid
4258175403559021568,-5.621413121605142,1.3573629831068557,-0.021398247972757443,5.7829680745844705,2.9046648614606068,28.386210046513305,9.744896740322616,2.537202737609037,1.8891145865272252,2.87,0.072,0.9645215,58.874886,2.4873486,10,gaia_vari_cepheid
4190143160245024256,-7.068890841795041,0.6099272787546774,-0.4131833115602545,7.095155320257823,3.055522516094093,4.584538949739199,-29.05401043903524,0.6908035663299193,0.9212614463639109,1.31,0.037,0.95236385,14.686538,0.70554614,20,gaia_vari_cepheid
4258763474777908224,-6.435561540892357,1.0084779718494365,-0.05597612244510616,6.51409856897471,2.9861528022268016,7.0314509876091895,9.228401866354005,0.8572353641102459,0.5345500394506852,1.99,0.043,0.8638708,27.651913,0.71914047,10,gaia_vari_cepheid
4266218129306491392,-5.566726802417685,1.6948946846314283,-0.0407729173622749,5.8190304419849275,2.8460410927680377,32.659028083980196,31.14314048070247,5.01101408505029,1.744267817371694,3.09,0.157,1.0138818,82.04802,1.598482,9,gaia_vari_cepheid
4268696016141950464,-6.015964141079747,1.5541342578094886,-0.007367880588689144,6.213465847500446,2.8887847741365293,39.393541508897805,22.796682522479983,3.706721574051056,2.926854480697188,2.64,0.142,1.189544,71.6369,3.0350707,12,gaia_vari_cepheid
4281590774975851520,-7.335062023054755,0.6297647077006341,0.018748827639321206,7.362047165641184,3.055945919960641,20.555528553584384,20.894412627343456,2.8201187564555488,2.432805802638393,1.03,0.129,1.1373067,30.310179,3.5662901,10,gaia_vari_cepheid
4269036830424588800,-6.939457067901393,0.9642918332347128,-0.0795385972337273,7.006134678757593,3.0035190029785164,10.960249648344979,-5.804516967156474,0.9539343979317064,1.401370504571101,1.55,0.116,1.1246014,13.458,1.0,60,veloce_dr1_vgamma
4237423603350413312,-2.720066105791523,4.873479036458632,-2.011909264321986,5.5811788663935165,2.079864834475211,17.284076627123333,-14.73860000342384,1.24009200710897,2.205630139805613,7.57,0.053,1.1329855,47.762173,1.7426194,15,gaia_vari_cepheid
4307796505080583680,-7.3602727824864,0.7356413352656901,-0.03406866133371351,7.396944207357629,3.0419759181620485,3.7693391928673683,-4.587186228203535,0.3403182551271322,0.5561985212719024,1.08,0.072,1.0190398,1.3969039,0.31393653,17,gaia_vari_cepheid
4505300988492333056,-5.376522719106042,2.616934263222695,0.4583676722053393,5.979577032457424,2.6886143786348504,119.47371493785907,8.25452620389467,2.6689538610517047,4.2815311576089545,3.84,0.114,1.0597738,92.72017,4.4740644,9,gaia_vari_cepheid
4308963877171060736,-6.580005536685731,1.5116703821591477,-0.043242877865755404,6.751416163081051,2.915774116745624,8.249345706491756,14.118867255292884,1.0806164616342,1.1340339575553147,2.18,0.048,1.0924631,36.252796,1.236942,14,gaia_vari_cepheid
4312361436842603520,-7.470661214970486,0.6639257521221615,0.01978048642953242,7.500105092143394,3.0529544381567515,1.2149269642734517,-7.761650180112326,0.7296717127936468,1.135340101840238,0.95,0.129,1.2614822,-5.442,1.0,15,veloce_dr1_vgamma
4309465117041181696,-5.8782569688857045,2.2808800798185476,-0.06645897440719306,6.30526121035175,2.7714565073728057,2.2805846802179337,17.00439575565173,2.9660209203829955,1.7910990978946828,3.22,0.112,1.1981014,51.381172,1.5507613,10,gaia_vari_cepheid
4313067181547804160,-3.2864099273444207,4.94780994722544,0.17368556203522806,5.939807529239561,2.157099749677711,-5.031812654977982,-0.526782139317163,4.106092688569683,5.125022147606708,6.94,0.129,0.97451067,48.290188,4.355116,8,gaia_vari_cepheid
4313930611760205824,-6.3907519251797265,1.8305054671191114,0.08232757193840262,6.6477410023512,2.8626310755591775,8.2048319841478,7.765536704237292,1.006666786081556,1.3554260988703508,2.54,0.051,1.0697186,34.862045,1.5182159,8,gaia_vari_cepheid
4312947369135938560,-6.627599421944676,1.6156636933546067,-0.0127472062978124,6.82168917994551,2.9024784005344113,11.193226285288135,16.313242195695153,0.6544154144943666,0.4962135254876557,2.22,0.041,1.0944887,39.12575,0.3268281,34,gaia_vari_cepheid
4313243932361614848,-5.613034501297408,2.706665797453369,0.048809763688839984,6.231548447365143,2.692277423331557,50.59496185722193,32.23724218920154,2.113945827759854,1.5163404586507239,3.71,0.133,1.0597548,84.59637,1.6455847,37,gaia_vari_cepheid
4313041003732536320,-6.101176379668658,2.191329469350003,0.025613032029298762,6.4827677776601345,2.796776403305295,9.893313072698044,15.944822644322585,2.4039953265261427,1.3778284900949145,3.0,0.123,0.96042114,48.789307,0.7832662,36,gaia_vari_cepheid
4319330347696637952,-4.9185411271750095,3.507686017660787,0.08750212686696601,6.0411843224822235,2.522091769473566,1.9325555924995756,-18.865231776973985,1.7748754486816816,1.4014203847808544,4.77,0.113,1.0357183,27.366028,1.4124148,22,gaia_vari_cepheid
4319018739208019968,-7.1986045416149045,1.0405910569658299,-0.005475662940660435,7.273426777963465,2.998032534434959,-5.089996471920903,-7.333274764559832,1.1478718287998622,1.3707108423771943,1.41,0.114,0.9414667,-2.1202998,1.2105513,13,gaia_vari_cepheid
4319016742035655680,-6.505353858087366,1.80227448954634,-0.017991202205471128,6.7503942221622655,2.871326399573707,14.980698813806832,18.08161164551015,1.8906160405211894,1.2964915694112908,2.44,0.124,0.9688953,45.07543,0.71736926,21,gaia_vari_cepheid
4314923363333177856,-0.5090743236399708,8.443232147806382,-0.7129803874022101,8.458565231098042,1.6310171961114057,-36.36265317744444,31.05336310099591,2.8986318799008863,6.377275512187734,11.41,0.063,0.9883276,27.628672,3.742176,15,gaia_vari_cepheid
4319599865468761088,-7.1564283947177385,1.1369555580833623,-0.010349666040692821,7.246180739519196,2.9840375012922995,-7.533166003542263,1.7870222727711962,0.8300913779302836,1.1900216475257526,1.51,0.037,0.9603204,5.507725,1.31704,15,gaia_vari_cepheid
4319856154756035584,-6.670610911264138,1.721714579961777,0.001989977559481877,6.889219914063502,2.8890009068776705,16.027392640288834,19.627771062961756,2.1497824297715393,1.9364443472834405,2.27,0.157,1.0407145,43.469852,1.6719475,18,gaia_vari_cepheid
4320029877589560320,-5.889275723231384,2.671873461816317,0.020544583744288244,6.467029947371579,2.7156788733797446,-10.252152296742587,5.13889103144524,1.8558674995516506,0.9275950089755457,3.5,0.071,1.0347283,34.99568,0.41970003,24,gaia_vari_cepheid
4320807988232100352,-5.814580262016067,2.7916857276717164,0.04925058425156258,6.450027350756955,2.6939766279309962,-1.431515556336465,1.2373007491458736,1.4119502819836771,2.1308995243956224,3.64,0.065,1.0331646,34.45079,2.0646634,10,gaia_vari_cepheid
4514869866387896320,-7.3404275995898205,1.0164279750157226,0.04383673109499058,7.410465786522095,3.00399775306733,-3.115710705684641,0.6120000092549844,0.707465933397392,0.9740345972961924,1.3,0.054,0.8649904,3.040145,0.9357374,16,gaia_vari_cepheid
4515079838744483328,-5.677499820460085,3.2048027325369475,0.1414833988676963,6.519567835815544,2.627704694160861,14.13087242233005,-17.64078879320354,1.082326268132751,1.2406435945209167,4.05,0.197,1.0640951,16.756195,0.938916,26,gaia_vari_cepheid
4323350334005585920,-6.231647871827427,2.6358099452270016,-0.0006778021644597886,6.766160600060338,2.741441350048594,13.849120746120251,-27.03769620406223,0.30666314112776377,0.5780382448034064,3.26,0.06,0.91014004,2.0908349,0.4279253,28,gaia_vari_cepheid
4323441662195363840,-5.881779767776309,3.1476827506000533,0.046471924017953796,6.671074871041986,2.6502156498567464,-14.384960581127675,-9.293505079336597,0.956054027226268,0.6935741820545603,3.88,0.044,0.9613639,17.481142,0.5320052,34,gaia_vari_cepheid
4323381906277168128,-5.711290606327426,3.3948416832718844,0.017969578255640658,6.644079352657084,2.605294435397503,-18.96193166883879,-11.735975884086173,1.019204456497604,0.5296695617014477,4.18,0.046,1.1836125,16.336086,0.35834143,39,gaia_vari_cepheid
1825453635920313344,-5.622178149120456,3.5522734489002152,0.03835448003494118,6.650378470148067,2.5780953417074315,2.5308972241011456,-20.261987888050555,1.1625839499766748,1.7586409985228744,4.36,0.063,1.0264103,9.458671,1.6865512,30,gaia_vari_cepheid
1825190337236422144,-6.378845612922273,2.5071999338485775,-0.03771114160606793,6.853883779419377,2.767092701072864,23.24940946980463,-2.809833284063501,0.42678719783323504,1.4132196264823056,3.07,0.073,0.8959654,25.763414,1.2820809,23,gaia_vari_cepheid
1824511899869140992,-6.467901994049647,2.4583971765781794,-0.0795638815093967,6.919354946990288,2.778365339485811,28.07257809040549,-5.706759193361677,0.5276242055590348,1.9894942706953143,2.98,0.039,0.99313843,22.130737,1.9921875,24,gaia_vari_cepheid
2017756639046519552,-5.746810387325104,3.5173360044964337,0.030719770346317395,6.737765371129708,2.592359851704782,15.168776192350641,0.06698503190298766,1.072435064880895,1.691191855175747,4.26,0.12,1.0509067,27.951223,1.6212652,20,gaia_vari_cepheid
2018310346224556032,-5.9313431709889795,3.459512476448113,0.043493884665931896,6.866517194818473,2.6135732668111653,16.85673421830237,-5.9791535406616845,0.5675095379927514,0.6056371667222585,4.11,0.068,1.0027399,18.295803,0.6099697,38,gaia_vari_cepheid
2018408718146734080,-6.244310894430772,2.983047362531547,0.04270939490147967,6.920259396396442,2.6959254049616166,19.417879073019556,-2.504088915490854,0.3313656905300722,0.6247006526371662,3.54,0.065,1.0104119,21.607992,0.5802386,32,gaia_vari_cepheid
1827707218101559808,-5.607099787670933,4.094254562432882,-0.05060282081948859,6.9428011962681095,2.5108902187114284,2.8345933516586186,-12.224236606576227,1.0430856782097255,1.846311921445845,4.82,0.124,0.96299076,9.03585,1.7331355,23,gaia_vari_cepheid
2020020464757138432,-6.849751571876398,2.193461253294616,-0.018719445284103912,7.192382697418705,2.8316856810003204,-4.566640061354436,2.557211922984351,0.8429207315989411,1.2929026020175671,2.55,0.056,0.9802217,14.961697,1.1712165,41,gaia_vari_cepheid
1827869808377481216,-7.057112828993654,1.8510916880523862,-0.03401265989321046,7.295846895235909,2.885069982047143,21.034605924938223,-8.73812105713148,0.32552783722646567,0.9550677045316177,2.15,0.039,1.0818255,7.511297,1.0447628,22,gaia_vari_cepheid
1827888951081299456,-5.765999070428792,4.049944099974326,-0.06159100891128539,7.046189927407758,2.5292686421140784,19.239284292661722,4.695519078348099,0.5327075620959835,3.1309341951846763,4.7,0.11,0.99883795,21.628483,2.6553276,51,gaia_vari_cepheid
1827897575375551488,-6.186860097558745,3.36928040574922,-0.058049644967996424,7.044805768744106,2.642915189278984,-7.534465771820962,-40.95115550479767,0.6643480031905227,1.3380382168753775,3.9,0.118,1.0214281,-22.34838,1.3095598,61,gaia_vari_cepheid
2021147807811087872,-5.646525877310973,4.315323128584454,0.10900316402868288,7.106705860469981,2.4890375812822425,9.931689282160404,13.430764532646435,0.9935183903032385,0.9075667750006469,4.99,0.059,0.9377221,28.512983,0.56756413,39,gaia_vari_cepheid
2020569189782033152,-5.929147914632724,3.9816727668612817,-0.08228516726916996,7.142024434007374,2.5502223030375597,-0.36939190117685533,1.0330744983464228,1.544629063513442,2.32050980467089,4.56,0.121,1.0109116,16.896914,2.2040863,38,gaia_vari_cepheid
2020825238579057152,-4.968069042666413,5.736494774470831,0.04493216280443673,7.588747084350059,2.284532543539009,-6.413023371684545,-5.181290655590487,0.9400822625622722,3.0139808307864207,6.56,0.095,0.86398304,-1.2968168,1.1134365,37,gaia_vari_cepheid
2020854684860570624,-5.873585884073997,4.123337831556659,-0.006004300547485302,7.176414565139035,2.529516482540876,14.986091767688286,-12.496055415206655,0.3641724436233715,0.7449294677456767,4.71,0.051,0.96055084,0.56920105,0.4599672,41,gaia_vari_cepheid
2020938380858128896,-6.643891626680135,2.7437152748676277,0.02936730876920018,7.188133934242764,2.7499571118837842,7.645525456205278,-8.877127211391581,0.3132145083230849,0.3501494741857296,3.13,0.049,1.0342735,6.2149067,0.3306295,26,gaia_vari_cepheid
2024962597772784384,-1.959408494321707,11.287065184039513,0.6618987495531344,11.455877186683566,1.7426810340660213,-22.965011122066468,-15.232265030017516,0.9079168275853269,8.88402513876192,12.89,0.096,1.1020122,-69.53361,0.47335762,29,gaia_vari_cepheid
2026716726778925568,-7.344146857598837,1.5193864757287394,-0.016143504837998927,7.499668547916386,2.937586710875466,15.718312940610291,-5.990219907529649,0.17997875968265573,0.3701767971478106,1.72,0.039,0.99468523,3.1538174,0.30935958,32,gaia_vari_cepheid
2026993563193159168,-6.382826645256368,3.3640513492831676,0.021729997162521383,7.2150757074343,2.65654209039264,4.965562154717135,-5.452993045376132,0.5454211370076382,0.6566521928215873,3.8,0.075,0.9101824,8.221701,0.60715544,21,gaia_vari_cepheid
2027827959400312832,-5.849344059736105,4.449955128864209,0.07614088664179536,7.349620845871911,2.4912397544345644,-4.498886487811833,-3.424412417055862,1.2441769306789257,1.777425283510033,5.01,0.127,1.0749687,6.692906,1.3195379,27,gaia_vari_cepheid
2027971514401523456,-6.715082781153117,2.871070379412949,0.05102776549762838,7.303107686545605,2.737559492156354,18.549769088505105,-9.36490001370231,0.35684584914099254,0.5732721511598757,3.21,0.086,1.0346047,2.8633554,0.53193927,34,gaia_vari_cepheid
2027263738133623296,-7.661074705912764,0.9962032552330677,-0.019658413785996757,7.7255735434538,3.012283821068531,-4.5665503138270065,-12.151678283566241,0.3503008963558604,0.9035878744850451,1.11,0.045,1.0586812,-14.941836,0.9389778,35,gaia_vari_cepheid
2028224024136014336,-6.2949975693699685,3.789300469987629,0.09810030041667467,7.347502463437646,2.5997374518379783,-13.097817439417906,7.652537940212937,1.066045414572194,3.0691133877274845,4.22,0.063,0.9820165,18.523176,3.1156738,14,gaia_vari_cepheid
2027951173435143680,-7.306732053663732,1.7248761650627706,0.01572329682524198,7.507564924050852,2.909770053791852,8.725456938439795,-7.5881410148322175,0.32329692567545654,1.26260410260898,1.92,0.078,1.2031212,-0.86723495,1.3233024,33,gaia_vari_cepheid
2027621594813939712,-7.04963797539229,2.3552929264441014,-0.036958563404988216,7.4326845993524255,2.819151124957894,1.854316906818799,-1.949214569136359,0.6696751297890353,1.0021407112530065,2.6,0.101,0.9296018,5.627574,1.0343591,16,gaia_vari_cepheid
2028750823290456064,-5.307353814749789,6.1763723076859876,0.11412013282931216,8.143437812010937,2.280664532695058,12.167128818157956,-28.83254859493792,0.8900701781209911,3.935405072064232,6.8,0.093,1.1149925,-45.350117,0.86520165,26,gaia_vari_cepheid
2030036736506607616,-7.3211734202606635,1.8967703908938032,-0.009048582837540124,7.562890860332619,2.88808643392724,12.064812335313468,-5.019743359973177,0.42573482731069695,2.035293763250858,2.07,0.081,0.95970607,0.5073245,1.9431993,14,gaia_vari_cepheid
2030063919381336832,-7.150023889390667,2.302201256868366,0.0009324351023117195,7.5115226316628725,2.8300900278088172,0.07935391411146606,-7.575997940259981,0.30862480699710776,1.3611670260356927,2.51,0.047,1.0734607,-2.355092,1.4157009,18,gaia_vari_cepheid
2033008274099620352,-5.721835325211624,5.605439892059242,0.37626804221961624,8.010015972039552,2.3664698065826704,79.4348594708486,43.38479403162839,1.4482911824825988,4.608958545153689,6.12,0.058,1.0181291,1.7139124,2.1137342,20,gaia_vari_cepheid
2033589572148408832,-6.4325620525753555,4.146409741110283,0.1389148796367316,7.653141074186906,2.5690251082090825,23.568082371612572,3.6851626348653213,0.42201421581363263,1.9077897045105956,4.49,0.047,0.9678611,0.22081442,1.4827411,20,gaia_vari_cepheid
2033636644993530368,-5.293028358077299,7.103350814576468,0.24157381557528929,8.858540624411825,2.211183170152389,-24.780442059990296,47.78420052060835,2.277906133441228,6.600055976180313,7.66,0.135,1.1531569,20.900658,1.5378035,14,gaia_vari_cepheid
2030957410025032192,-5.729877096249938,6.182836307492749,0.07725868000554831,8.429647462579926,2.3181896213890294,-8.315889924330806,-11.19096997290228,1.1096034337128238,3.9443299691266747,6.64,0.114,1.0481508,-28.0279,1.8882711,18,gaia_vari_cepheid
2029911155968094720,-6.6392242534257795,3.885323610162482,-0.09805044835636828,7.692531328695589,2.612121028161428,3.4857606051244834,-1.1603237093844996,0.3653137075595734,1.048817408317397,4.17,0.06,1.1015618,-1.6840074,0.8139365,20,gaia_vari_cepheid
2031054785516761600,-5.772660126642989,6.167304422790723,0.07420303515324961,8.447440368603253,2.3231541342021322,3.1911433905677504,-22.052007098240693,1.1734697942105068,4.8789738559010996,6.61,0.115,1.1332725,-43.287136,1.9517365,24,gaia_vari_cepheid
2030824197297134848,-6.545536986389143,4.289712145672973,-0.016273847460989425,7.825962224092478,2.5614555406038346,10.875414666593878,-32.46846425729427,1.54772467387674,3.8853744672042,4.58,0.134,1.1625828,-38.18191,3.102209,30,gaia_vari_cepheid
2031102786072941824,-5.705235699887405,6.580129880136946,0.07917056092259672,8.709065600323653,2.2851001743244543,-4.30262566695123,-13.37722797669511,0.6764741119465072,5.247436136106979,7.02,0.13,1.1494758,-38.429962,0.4050006,16,gaia_vari_cepheid
2055076881193162496,-6.333521375680993,4.989606697273286,0.023861809812800668,8.062857310512353,2.4743294274211225,18.192711432864872,6.344944207693516,1.036207058408537,5.003285755306162,5.31,0.144,1.0022186,-10.840181,2.2085495,19,gaia_vari_cepheid
2054832033681200384,-7.023467593194258,3.143960871271476,-0.03965481844336744,7.695036516660337,2.720705903622848,6.5390538568361185,-26.74182221211524,0.3418488208160724,2.0101457443837085,3.34,0.069,1.047909,-26.995056,1.9131904,22,gaia_vari_cepheid
2058374144759463936,-7.2775149544829025,2.543707146375312,0.07203598417292173,7.709258716585085,2.8053369289743837,2.2337527140940105,-5.721809957952672,0.4417219475458714,1.9825042392450403,2.69,0.124,1.0073757,-6.3548365,1.9461302,14,gaia_vari_cepheid
2055255306992598528,-7.035046975697194,3.328207674433797,0.009691390890518677,7.782599326345039,2.6997041724329893,3.7674687662298036,-8.845910547193114,0.25877935804144875,0.48950484168601477,3.51,0.042,1.035064,-11.685385,0.38930357,24,gaia_vari_cepheid
1857884212378131968,-7.96584062719349,0.571488970310419,-0.10213998213491851,7.986314327712931,3.0699729045804847,-1.8513462526100755,7.338784306110313,0.33356107976343824,0.744846554493129,0.61,0.05,1.1997378,1.1540384,0.7947459,29,gaia_vari_cepheid
2059001995949587968,-6.404340984992669,5.518348685185847,0.1623721495839307,8.4538604000391,2.4303695994819394,8.217620638018259,2.0403357115042127,0.48827545479510565,2.192752568896992,5.79,0.065,1.0281863,-23.555145,0.9259146,20,gaia_vari_cepheid
2073071522843025664,-7.362329878493902,2.4987538200872255,0.3301660589649516,7.774810087273164,2.814394622805029,-11.375240274621685,26.524549785019445,0.6243391243168667,0.6814575097189548,2.64,0.044,0.9553253,20.262384,0.70903695,29,gaia_vari_cepheid
2055826919912860160,-5.608038366370496,8.17383232002604,0.027987599676976,9.91270039467479,2.172130060151393,16.36315232304765,-38.10572011399853,3.462921383051849,9.020082172873126,8.56,0.13,1.0397023,-95.844986,4.986032,23,gaia_vari_cepheid
2058874388200159744,-7.013308896065415,3.6987454655111476,0.06968360071380003,7.928885148005965,2.6562742958736005,-20.37940361645131,1.4412683764415135,0.8338187707915701,0.343816195429689,3.87,0.056,0.99664867,-1.6354042,0.3220811,22,gaia_vari_cepheid
2055809495218465280,-7.61574561981387,1.7607293932268666,0.003001191408566857,7.816632864724247,2.914388718628564,11.619867689692539,-6.230983159855526,0.17981404990996072,0.5488317910707549,1.84,0.044,1.317636,-8.641617,0.54429257,20,gaia_vari_cepheid
2072329902270080000,-4.605215269977263,12.140488940765902,1.0443179118399732,12.984586223815178,1.9333551258213404,30.375576788160707,7.2093267246927155,1.8800586284351868,11.53548656798722,12.69,0.11,1.0144302,-122.22809,1.8432273,17,gaia_vari_cepheid
2056068193989793792,-7.6965169857364355,1.5740543878463922,-0.0739205454894939,7.855827195631784,2.939859389262295,-13.141309720981974,-18.876231481743133,0.30348215096938547,1.4283017438486163,1.64,0.035,1.0316485,-23.545715,1.5306222,14,gaia_vari_cepheid
2060021625508894720,-7.513866669426673,2.239608417462664,0.09710176455323188,7.840538131371513,2.851913529999595,-10.600767284919169,-10.32475069562912,0.3267902592645024,4.211905578047342,2.33,0.035,0.9197293,-14.008195,3.9969807,13,gaia_vari_cepheid
2060460704279873536,-7.256733932200549,3.218116897989362,0.04295234955403831,7.9382909830690584,2.724185427128209,-7.2300821204620584,3.6515175264002835,0.6155313980748064,3.0910119821875273,3.34,0.043,1.0872109,-2.0851138,3.1524458,12,gaia_vari_cepheid
2057541745728763904,-7.23313301655537,3.37773432955321,0.021905386891384823,7.982938208217928,2.7047075587546443,14.606058994529985,8.609953805371504,0.2903916524342768,0.9409431905037543,3.5,0.057,1.1367574,-2.1420584,0.70698327,24,gaia_vari_cepheid
2060907591353171968,-7.282765357066907,3.2648244284048817,0.12051627998424225,7.981087005815883,2.7201578390044356,27.522865516729908,1.5804587390774998,0.5376958597778279,1.1426233941560215,3.38,0.062,0.97698164,-11.137692,0.7174078,22,gaia_vari_cepheid
2073922579215436288,-4.731336590028644,12.992613068398807,0.9779499128991586,13.827275229533523,1.9200261065470219,-1.8373516425145577,7.727241085793565,1.7417557142666942,11.702990886849156,13.47,0.12,1.3459067,-106.04958,1.9060643,20,gaia_vari_cepheid
2061051627363169536,-6.00372758649587,8.532648790392368,0.17111193516803697,10.433160609951132,2.1839465351606195,-2.1762824785680186,-18.438128418119675,2.347836686881808,9.121389562401646,8.8,0.139,1.0320191,-78.60281,3.4200892,27,gaia_vari_cepheid
2061265104428264704,-6.001344388367386,8.602064750507704,0.2598011320096511,10.488643975257997,2.1799522754588168,12.406537461078129,1.4053932460892042,2.065558044100001,9.389985010487854,8.87,0.125,1.0254406,-74.31962,3.0237622,19,gaia_vari_cepheid
1853025642297186816,-8.015250444157452,0.5636843807625027,-0.1049670820891867,8.035046967111134,3.071381767494356,-3.894993114375737,5.951211324600791,0.24328351142776716,0.07679938936077313,0.59,0.033,1.0138893,-1.0395497,0.031037921,57,gaia_vari_cepheid
2078709577944648192,-7.69273242323034,2.014410689210737,0.323552881838258,7.952105542573351,2.885484160431935,-13.032287046158972,4.714884887385665,0.484364947165505,0.8444504426283356,2.09,0.042,1.0450528,-2.393131,0.88501745,14,gaia_vari_cepheid
2063349022550766592,-7.661812721661782,2.520949341042301,-0.10122119352465736,8.065888652958206,2.823722076390972,-2.669320733226802,-4.715162840991155,0.4282210666869952,0.47618997423573356,2.57,0.072,1.1063489,-14.012911,0.42650503,23,gaia_vari_cepheid
2068663855595724800,-7.734587649831612,2.145238120062416,0.15208625250446445,8.02657415742835,2.8710369507460096,11.06033735187291,6.361317567952398,0.29510740638444166,1.3350202852776971,2.19,0.077,1.0243468,-4.433142,1.36724,17,gaia_vari_cepheid
2066169128129884160,-7.824347669726743,2.195495666917063,-0.040873969446872445,8.126537865549505,2.8680295873100445,-5.897365935726364,19.77047632901065,0.5563089128693428,1.8360725125616761,2.22,0.052,1.1877148,9.111322,1.6297076,22,gaia_vari_cepheid
1873112207907294720,-7.883815462705536,2.1364346379500794,-0.1688382283226127,8.168163760125516,2.8769583772100207,-2.266697209461937,1.5740505819015311,0.6225047841240955,3.841401799966102,2.16,0.045,1.0733646,-9.9962845,3.780109,17,gaia_vari_cepheid
2065622468992684288,-7.902577308949965,2.0025888043439664,-0.08842023751273004,8.15236714354884,2.8934075564644632,-10.817257704220214,-22.796477077049218,0.8773175271013084,1.3033173540635814,2.02,0.107,1.0949714,-33.151184,1.3308058,29,gaia_vari_cepheid
2066994242887955456,-7.804874357025043,2.9598040157323853,0.03465064321907179,8.34724526658302,2.7791229683940495,3.8730669326836678,-0.6980200074920617,0.33248849850690715,0.5351066504848646,2.98,0.039,1.3283137,-19.31592,0.4193357,27,gaia_vari_cepheid
2066760837184240896,-7.842119369040353,2.782820914665531,-0.027942737982991687,8.32123358892044,2.800598592156199,-12.816539033429354,-5.35161309967603,0.5503771569180338,0.5992473349291517,2.8,0.052,0.9982666,-19.137016,0.5755338,23,gaia_vari_cepheid
2070181319081749504,-7.891652104121795,2.546225856243968,0.0654267268025785,8.292251747474584,2.829489516513119,4.8940194784763875,-29.39779639971829,0.5327544175622636,1.1087294179671592,2.56,0.088,1.0871422,-45.820087,0.8561526,31,gaia_vari_cepheid
2070122701367046144,-7.843580588288942,3.0340836525971078,0.059764818159717174,8.409959575166821,2.7724964183915533,23.35813812210532,-14.109074745143118,0.41978414659044794,0.8937648541193168,3.05,0.051,1.1198277,-39.241077,0.43803486,28,gaia_vari_cepheid
2161786374436607488,-8.034933473229978,1.163376547153226,-0.041565178581840174,8.11871916682045,2.9978020929286755,-10.93775452140058,-7.833441173818585,0.59755442568779,0.18340837208931252,1.17,0.066,0.9520018,-17.92993,0.18299542,25,gaia_vari_cepheid
2071433765909167104,-7.9113909041766926,2.4524848094524376,0.17662815205882848,8.28280072072754,2.840992330947543,4.923169208781199,10.144951835901793,0.6070676268792898,2.714013019946029,2.47,0.121,0.9555735,-7.9657683,2.7090387,10,gaia_vari_cepheid
2070224337474904064,-7.968838546235484,1.9911960037486698,0.05366300168139853,8.213844976703246,2.8967337112847678,19.65596538581859,6.955882299917789,0.2578436266001361,0.6659525465455143,2.0,0.048,1.137935,-9.561297,0.50997084,12,gaia_vari_cepheid
1968971582984827136,-8.065979535710216,1.072777797884986,-0.08663397743101037,8.13700670235259,3.0093683395523536,-10.136467628712156,6.882248485790711,0.3674534804129227,1.262646982482677,1.08,0.037,0.9512303,-3.321247,1.1837505,19,gaia_vari_cepheid
2162275240493961984,-7.674943507530595,6.371522522753449,-0.09511726616951816,9.975021659211599,2.4487230377227647,16.648750402683422,-21.437276007319895,1.4569532767557152,5.719412550375947,6.39,0.109,1.0751722,-84.093185,2.198652,22,gaia_vari_cepheid
2166818804808477696,-7.73272930905649,7.715987921118765,0.2112112548963116,10.923899128332884,2.357278164722396,-6.2180712441816155,-12.02623956125106,1.115967511213389,5.887533233137537,7.73,0.12,1.0426196,-79.54942,1.3314553,17,gaia_vari_cepheid
2163744982615101440,-7.9896100497331926,3.406166969840863,0.025555740513405863,8.685380945775062,2.738600629099752,23.097908412049787,-7.2164157894859216,0.6373865438827147,1.7402477619304366,3.41,0.056,0.98652357,-41.35121,1.333006,20,gaia_vari_cepheid
2163813564654742016,-7.978979808988566,3.675648477889344,0.05804518075889347,8.784902419791438,2.709903976237649,24.209425775028578,-1.0386408849979034,0.28570554466833203,0.8886784808477728,3.68,0.034,0.8328534,-39.346058,0.3084053,19,gaia_vari_cepheid
2166861170366710272,-8.05027696584205,2.286932761773675,0.06948616818348013,8.368812381911836,2.8648034306038204,-14.04586425922846,-9.673336921777747,0.5992054797950325,1.872573088332293,2.29,0.035,1.0258019,-23.923496,1.7902119,20,gaia_vari_cepheid
2164359918864249856,-7.987258047938098,5.637381134895494,-0.04972319261234565,9.776316135663143,2.526986808141932,8.483819336684341,-16.58059014708857,0.905855391967112,2.353285669665278,5.64,0.051,1.0635791,-70.925705,1.5449108,14,gaia_vari_cepheid
2168490814081092608,-8.099837367954084,2.348632091961795,0.06803953258876355,8.433471295421487,2.859371758986932,11.997714661329965,1.6561276373467138,0.35324389398523176,1.2944778068206257,2.35,0.045,1.0274318,-20.96138,1.3742057,19,gaia_vari_cepheid
1971722045688053248,-8.122425439185482,1.517613077661576,-0.07506235132063549,8.262986413435334,2.956880091427391,3.624818983897468,0.4280173286729507,0.13805667710383504,0.1236572171863491,1.52,0.035,0.94307685,-14.420233,0.06318034,18,gaia_vari_cepheid
2168683473441152000,-8.15668799353598,2.098845671508253,0.07479713635174151,8.4223934945301,2.889740359784657,-32.2878598538987,-16.723482476309442,0.6044171285298489,0.5371537159738972,2.1,0.029,0.9149061,-26.957825,0.54671925,18,gaia_vari_cepheid
2165771172070496512,-8.170261244174519,2.4897369410600927,0.03548951648495673,8.54119188601564,2.845800596671111,-7.427496718546086,-3.2411727556533663,0.9126563538697249,1.0756957638372686,2.49,0.112,1.0855737,-22.884,1.0,18,veloce_dr1_vgamma
2168974530478099456,-8.171464194732224,1.757649580446412,0.09385814071085102,8.358358638718142,2.929724699718329,-11.640779896704474,-14.104719533357553,0.7502780819696173,2.2672228534998244,1.76,0.048,1.051743,-27.781382,2.3334255,17,gaia_vari_cepheid
2170785842762144512,-8.298814471552959,3.5356589324126904,-0.08707221157058448,9.02059896678743,2.7388381815624934,16.239243530843144,-6.014627088475493,0.5370952726474095,1.5032751877754342,3.54,0.047,1.127546,-46.50553,1.026496,11,gaia_vari_cepheid
2170875933990745088,-8.250734517101655,2.296887857518858,-0.058985294070194656,8.5644797799814,2.870081364747056,-2.4567023488361,6.8311599383253,0.7363242746333933,1.2817700641808396,2.3,0.111,1.0400474,-15.028,1.0,27,veloce_dr1_vgamma
2172000322072006400,-8.284917893555424,2.5460795543906176,0.04763744107406647,8.667317093555582,2.843438432907768,-5.523792949497005,-3.093120783862105,0.3915524104277496,0.6005520428868536,2.55,0.042,0.9612708,-25.952393,0.54977447,17,gaia_vari_cepheid
2175555936502487040,-8.252350819256755,1.8849875507752503,0.09740137825532375,8.46489646189871,2.917027061034406,4.277591153993595,-3.3296934119474884,0.5405828246818879,1.0584002717521104,1.89,0.123,1.117169,-23.720028,0.68215233,27,gaia_vari_cepheid
2175754398354311680,-8.388842952175242,3.6646737671079994,0.24112541959677508,9.15437162756624,2.729727142824967,-5.536919344259586,-23.200824139533864,1.293827181312984,2.4180701174462476,3.68,0.111,0.9500781,-55.354244,2.1489418,23,gaia_vari_cepheid
2172625119548821760,-8.449908588144545,3.0650009702666914,0.05264634514119442,8.988614247798973,2.7936259886339676,17.762549949386493,-13.370646023049915,0.4994725870077646,1.218378916234759,3.08,0.038,0.98467946,-52.583435,0.9969271,26,gaia_vari_cepheid
2172686554763264768,-8.562934950746456,3.9477241859484,0.08203068308708666,9.42912409606731,2.709608532667433,3.143231923839856,-11.497142793398268,0.4275049265095584,1.0798755737303911,3.97,0.043,0.97509694,-54.939644,0.54371196,21,gaia_vari_cepheid
2176050304426499840,-8.511067558830344,3.427247938206624,0.1670563302889045,9.175200238736803,2.7587769311092503,2.0717089875509678,-11.313176703439012,1.958033128084755,4.220680617690668,3.45,0.162,1.1197829,-48.964478,3.689533,13,gaia_vari_cepheid
2177814470836631040,-9.02403730946066,6.923006958489222,0.41553681572580276,11.373709804185623,2.4871904721614184,-26.696356326385512,3.930033193701746,1.9432880327557105,4.199664178498761,6.99,0.118,0.9998331,-57.948517,1.4476178,24,gaia_vari_cepheid
2174627776903099648,-9.035452916241727,6.958076819499389,0.29104652959445815,11.40413269072558,2.485359877049743,-2.8539207881701856,-21.520407877844377,1.2481541449383058,4.230783641437335,7.02,0.114,1.0835056,-93.545074,1.3603781,26,gaia_vari_cepheid
2174538785179277312,-8.883622597957855,5.761156026260021,0.1697449448068719,10.588185360195562,2.5662625919075075,10.905433505996106,-17.68855680137932,0.8179923117170819,2.7529957111291052,5.81,0.068,1.0579765,-87.12904,1.1445985,24,gaia_vari_cepheid
2173195216334113536,-8.81229852368594,5.086849703256254,-0.04159887235261978,10.175099270969087,2.618073306562071,22.84178890649826,-7.768074277939434,0.7049298064377377,2.1674872901991127,5.13,0.05,1.1443325,-78.53118,1.0773952,29,gaia_vari_cepheid
2174677564161400064,-8.652296886275312,3.5744329874565706,0.06228725088690939,9.36156037154422,2.749827731770636,16.532545144437066,9.081621602937787,0.8203075148369775,3.0477615105139075,3.61,0.104,0.8088802,-41.795837,1.4602085,17,gaia_vari_cepheid
2173914090776117760,-8.768785008525308,4.295463517365302,0.046682368642076914,9.764353401774972,2.6860911429927037,-6.453618450249547,-18.744810908881533,2.0896003657455937,3.148514026701305,4.34,0.053,1.2918558,-61.908558,3.4326487,19,gaia_vari_cepheid
1981367545804985088,-8.815295583723616,4.560562213832139,-0.09818997392226297,9.925127905203569,2.6641643510527206,9.599850829076034,-8.82197461976159,0.3765905741405864,1.185528241948705,4.61,0.038,0.9252845,-65.973526,0.47026426,25,gaia_vari_cepheid
1977074811892425728,-8.499399838181345,2.2776643846310334,-0.15655988771572477,8.799292736254076,2.8797650473100482,-2.9501471988044883,4.341687524688211,0.3842095661293297,0.6711412247227079,2.31,0.036,1.0533278,-21.783155,0.6820064,9,gaia_vari_cepheid
2198162651499971072,-8.829247838646706,3.687298846395116,0.07583541020482171,9.56826996791344,2.745986765791041,11.939013914251735,15.86387067556592,0.7818860636111338,3.1828895095941148,3.75,0.119,1.0088432,-38.307793,1.3671808,10,gaia_vari_cepheid
2005753545481718784,-9.177789183941877,5.260414314248608,-0.030372287579833627,10.578457971861125,2.6211363224006563,18.129998738117532,-14.465672917897393,2.7177935240235467,4.703783330975405,5.36,0.1,0.94285107,-87.52384,4.1680336,21,gaia_vari_cepheid
2000294573320350976,-8.391746151118523,1.2096942997521434,-0.12018851293712735,8.47848829471772,2.998426016466725,1.920642700009172,-5.474548566588538,0.2250924025969445,0.16724130121946812,1.24,0.035,1.0072318,-23.169968,0.12764458,31,gaia_vari_cepheid
2199062876642955776,-9.573274013555825,6.973894562882462,0.18847657070492868,11.844103204245766,2.5120102077610307,0.18919812031324723,-6.088517480188983,1.8312952609651614,3.420729309410612,7.12,0.071,1.2506297,-88.96823,2.1528103,18,gaia_vari_cepheid
2006085421882734336,-9.393603385513066,5.950775186473889,-0.08461483648440687,11.11987004799408,2.5769098277838984,-9.395804721339921,-8.41771244350113,1.4447618948322225,3.5562580628646066,6.08,0.126,1.0679536,-72.800476,0.61751723,19,gaia_vari_cepheid
2198341184695523840,-9.096483149347359,4.4606840969683255,0.013470070969544053,10.131323126783913,2.685674989410801,8.31326317639659,-15.207974619117692,1.3732434068712926,2.4041896092950976,4.56,0.058,1.2965567,-73.18658,2.018831,26,gaia_vari_cepheid
2005011237689458688,-9.1942821519675,4.824717105717535,-0.18205202173873963,10.383290395640078,2.6583401581819723,18.161515771749606,-11.295670097451364,1.1612801896304297,1.9047101482823345,4.94,0.037,0.9785039,-80.51592,1.7204595,21,gaia_vari_cepheid
2006033847910275584,-9.333221855532397,5.165704899627091,-0.06849012665322901,10.667405369377267,2.636085417320439,16.23649551749723,2.2969121222801334,1.6349478779897897,4.201373553651718,5.3,0.109,1.1231877,-74.47167,2.3728309,10,gaia_vari_cepheid
2200018111723748352,-9.056729468259089,3.587124389680814,0.024914398665448475,9.741242736338908,2.7644763534723853,-0.13765314508143164,-15.176303747228474,1.572798582580403,2.1934110841132055,3.7,0.041,0.99277467,-59.535202,2.5055351,17,gaia_vari_cepheid
2200136721542850816,-9.12166146661963,3.7247202547901264,0.07499396639542949,9.852829486399184,2.7539191454776937,21.146804724601513,-17.561493091689186,0.5962081254862395,1.3272119324294516,3.85,0.047,1.1711067,-76.26087,0.8214347,22,gaia_vari_cepheid
2007997408188526336,-9.136714882007768,3.6695673922725884,0.03129210816601218,9.846079609749886,2.759682969297637,7.250649654634363,3.117087749227153,2.1930896505451094,3.066379671337117,3.8,0.044,1.1157568,-51.083477,3.3221886,11,gaia_vari_cepheid
2007654601080023040,-8.6726970935825,1.9303298143623517,-0.019251082168638082,8.884922513407222,2.9225870884953222,-2.270031045336768,5.649627738363932,0.37784912588842606,0.5663211554696115,2.0,0.037,0.910487,-21.390404,0.6147131,9,gaia_vari_cepheid
2006989121667184384,-8.734668398279922,2.0883784808368717,-0.07023648221533346,8.980855009804605,2.9069075728948905,15.25220462152333,-1.9269658503675657,0.6643599565612229,1.226736697790196,2.17,0.041,1.0999463,-38.38907,1.350569,18,gaia_vari_cepheid
2200929331984972800,-8.968939147931552,2.7905374141696684,0.10716893566795788,9.393027653487447,2.839953195795844,-7.2706651612287985,-12.187220305849365,0.5222089752856658,0.5362315621671759,2.91,0.035,0.9912293,-45.495384,0.5517692,21,gaia_vari_cepheid
2004036486267748352,-8.708437207762632,1.876825120537387,-0.07978352229685087,8.908386561809316,2.9293214164218457,-0.5649412715479425,3.14749440456751,0.56127831379904,0.8770180711268653,1.96,0.044,1.0096701,-24.625,1.0,18,veloce_dr1_vgamma
2200995921154697216,-8.993539022882194,2.67909635701205,0.08905534566302936,9.384098328889145,2.8520716361365968,17.950227836961837,-8.719133883305204,0.9037823119358844,1.5227287001138134,2.81,0.047,1.1648867,-55.908627,1.5692931,20,gaia_vari_cepheid
2008577744163053568,-9.055070950759296,2.8074206996052897,0.04712006971597942,9.48029118265136,2.8409518508700553,-15.11314642707839,-9.116799568474505,0.7343209153941964,0.741158227011054,2.95,0.037,1.0262402,-39.21188,0.75462496,13,gaia_vari_cepheid
2014609252631258624,-9.116740583473385,2.923760961186856,0.06407386697568679,9.574097191093838,2.8312526463333056,20.139255154547477,-5.867785075857483,2.0075394290251554,2.9108636492421125,3.08,0.044,0.97508025,-59.01593,3.2091196,18,gaia_vari_cepheid
2010134274671099392,-9.4123271682483,3.729980287782338,-0.12630473333182418,10.124458290169892,2.7642914705774086,27.87709246299695,2.8491213889686833,1.1863157048567174,2.2760663378063097,3.94,0.051,0.93358046,-68.40166,1.765806,9,gaia_vari_cepheid
2010285491880986112,-8.900507704506,2.098996156196048,-0.05655268826437027,9.14466086094484,2.90999540222234,12.939814227488394,-2.690400831172468,0.725901480119566,1.191554369186644,2.23,0.038,1.1231908,-41.046867,1.2477247,18,gaia_vari_cepheid
2015049435241306368,-9.190304865442062,2.544943521510449,0.064866640476203,9.536164902488109,2.871445919700614,1.1834451187425157,-9.943447781724245,0.502757611220673,0.5329960068746835,2.75,0.038,1.0144866,-48.345894,0.30432913,16,gaia_vari_cepheid
2012277910026607616,-9.484261766408563,3.2132964469662006,-0.0642605209943688,10.013815222473644,2.8149274929984403,2.831088280539229,-29.485124466571875,1.264480247817506,1.13328364673558,3.48,0.084,1.1242883,-72.52045,0.61763746,21,gaia_vari_cepheid
2015458213056909312,-10.452250529747781,5.464836417113982,0.015343134330952631,11.794658884530232,2.659841815827369,4.065205347843684,2.1186550237516144,1.1747478573640733,2.3290458701638364,5.93,0.068,1.0451734,-78.600624,0.9855219,21,gaia_vari_cepheid
2016581673416790528,-9.26859294827139,2.641764605120281,0.0875087518169077,9.637724600216197,2.8639319812327018,13.164960523449574,0.8483363472667236,1.1414419062408747,2.236787566094287,2.87,0.114,0.9010069,-49.06907,1.4178572,14,gaia_vari_cepheid
2011303326105008640,-9.823499176350982,3.8818915846117106,-0.1468549166099436,10.562680452538912,2.7652623261857237,3.7743466055322235,-25.030943406899496,2.478818680264489,2.8817993369642094,4.23,0.169,1.1587853,-77.89549,1.7110023,19,gaia_vari_cepheid
2012494342018730496,-9.90245633103278,4.003147811815314,-0.01895199503880202,10.681003407510595,2.7574209310733777,18.935096055714787,-15.998658463946413,0.61704363340585,1.2298687744266366,4.37,0.05,1.1817466,-84.481834,0.5289762,25,gaia_vari_cepheid
2011315528113463808,-9.21444961669537,2.4138254039805465,-0.09444989614834182,9.525367962421154,2.885388748444729,8.975785931541244,-9.133921698620185,0.8290288409737451,1.1647399998341696,2.64,0.075,1.0484692,-50.836018,0.61738664,18,gaia_vari_cepheid
2016626856473497344,-9.775876201205973,3.673928602383427,0.14395276538584273,10.44344324812063,2.7821069652101134,24.964014022373465,-5.5269438298703335,1.30842968470365,3.428532381479479,4.02,0.121,1.0718395,-77.488464,1.4358726,17,gaia_vari_cepheid
2012181324799904512,-9.386813210507121,2.7872641886083844,-0.0573238377260022,9.791889700463836,2.8529510522764316,29.295203034577664,-18.044379394356497,1.2011406708461658,1.8059160287118237,3.05,0.066,1.0937232,-76.316795,1.7820573,23,gaia_vari_cepheid
2016648022068515840,-9.622131477607084,3.283771974513285,0.10381107765232195,10.167033616200744,2.812713658206608,10.6141796312873,-17.898138338321047,0.709846010138955,0.9713358946116717,3.6,0.048,1.2966285,-71.45106,0.75691116,26,gaia_vari_cepheid
2016028168089215488,-9.319876292262228,2.4549932291663454,0.058352278733948486,9.637794657406026,2.8840286995715365,8.017989721004707,-11.276747340582006,1.3476533798756574,1.5836287964709053,2.72,0.047,1.0611795,-53.931896,1.7470454,13,gaia_vari_cepheid
1998384927774603520,-10.026449941468142,3.901342786553587,-0.30118080185879387,10.758725480602255,2.770513572233765,-11.4280013099005,2.3248090672872195,1.1182383499353725,1.1466309915973845,4.34,0.054,0.92870027,-49.570004,1.0589943,20,gaia_vari_cepheid
2012787293154800896,-10.101253330912206,3.9436782781422366,0.007698801228938896,10.843796254852627,2.769376636851564,23.425047201458522,-16.434542279173797,0.8932629640784177,2.1507078087715477,4.4,0.086,0.8948287,-88.91375,0.22292548,21,gaia_vari_cepheid
2011892320749271040,-9.670091515113047,3.040712963039196,-0.05264481941813865,10.136893273299071,2.836936712877397,31.194684353052278,-8.967565070719758,2.125808475424847,3.947657226214137,3.4,0.137,1.195961,-76.47445,2.8132222,13,gaia_vari_cepheid
2011892325047232256,-9.71036643651585,3.1211837675418956,-0.054188202180755436,10.199657074734452,2.8305948811414794,30.41672689397168,-6.880018514868198,2.955199178347598,4.417107670178411,3.49,0.132,1.0932034,-75.62187,4.0448546,10,gaia_vari_cepheid
2011892703004353792,-9.702414990436703,3.10280624088261,-0.05362162863239612,10.186474523362385,2.8320735798734895,26.938779720440188,-5.366465271293237,2.5181354254552737,2.6640663191455314,3.47,0.037,1.0363151,-71.87449,3.6375954,12,gaia_vari_cepheid
2013029941628292352,-9.592996802349397,2.8560383702539847,0.033778969817749464,10.009122979674533,2.852227824620325,10.183507021151398,-22.221238511833292,1.3987595903197332,1.5018039789770343,3.2,0.114,1.0488868,-69.452,1.0,27,veloce_dr1_vgamma
429890595286480384,-10.130443134645743,3.8503994034725575,-0.028589198346793913,10.83750218779922,2.77837396507348,18.057735353056177,1.6333666120680732,0.6765844468661497,1.3371182017185563,4.33,0.045,0.9430135,-72.08063,0.70433766,24,gaia_vari_cepheid
422226488141991296,-9.104645057552721,1.8117016518715907,-0.21807637481985148,9.283147338021381,2.9451717817043273,-1.6697102985723118,1.0640052244517335,1.7227036819340176,2.1191936106423874,2.06,0.039,1.0807915,-28.364494,2.6043477,14,gaia_vari_cepheid
432163221401882240,-9.431622522894113,2.4295869486687605,0.1360611378721754,9.739527511923002,2.889473840819006,10.781704015318319,-16.969668651583902,0.7210602668876982,0.7682585431318887,2.75,0.06,0.92413586,-60.506817,0.24716215,16,gaia_vari_cepheid
429635993926502912,-9.374944648073225,2.304294190114606,-0.0373292888474926,9.65398150345404,2.9005775813822745,1.5450409012883437,-7.667332104000309,0.4487493855926489,0.3838150742752833,2.61,0.038,0.9284507,-45.439465,0.20429972,20,gaia_vari_cepheid
422923956470923008,-9.261934309056693,2.0748019887037232,-0.16300718943605091,9.491481993746309,2.921216997242025,8.152629995845405,-9.20132873011832,0.42098250081894156,0.43958667515593075,2.36,0.034,1.0389969,-46.567955,0.38034,20,gaia_vari_cepheid
429562773322439296,-10.190579057624237,3.771851180815065,-0.10968769655075078,10.866221185854156,2.7870973442915923,2.194872936429623,5.786542626703692,1.061910916746268,1.3913725476720054,4.29,0.055,1.115229,-57.119114,1.0326067,22,gaia_vari_cepheid
429544700100302080,-13.514949807973489,9.779775152379356,-0.3393066327267485,16.682262147057255,2.515185368618319,19.31644343647726,11.674439692400654,2.514092605029614,5.375693674039733,11.16,0.117,1.1704854,-126.73621,2.0404072,28,gaia_vari_cepheid
428814418221845632,-10.095724307812102,3.515444186158831,-0.12178656695332385,10.690275820826423,2.8065123158691687,-5.136570595191592,-3.6149560168122434,1.3375428399693234,1.3249280874903566,4.02,0.083,1.0745994,-54.784733,0.79019886,32,gaia_vari_cepheid
428893303878673408,-9.871472823865055,3.023298445300267,-0.07568767036441543,10.324064567875451,2.844397014644207,28.70305518434644,-12.266233603379334,0.3846645239098994,0.8463645129269449,3.48,0.037,1.0474769,-78.75843,0.35863015,21,gaia_vari_cepheid
428839329030983040,-9.012065246824196,1.4988068053053771,-0.052106170627764854,9.135849268275292,2.976789918224607,11.22144846362764,-3.2568746037965752,0.2975788784150582,0.3197443507726171,1.73,0.04,1.055077,-36.67587,0.12363497,18,gaia_vari_cepheid
430766016998901376,-10.222578122696257,3.4678423229176647,0.014547430553268622,10.794768818795848,2.8145412615107674,-1.5448557310575026,2.4134558824629266,0.9202613756538107,0.92459248139663,4.04,0.043,1.1205208,-53.581795,0.97073436,18,gaia_vari_cepheid
527027607176531712,-10.185638423013597,3.3601551256403464,0.10760870084796131,10.725570966281376,2.822942977534742,15.137769911373411,-8.051730758445643,2.7341121545975064,2.5644565815880562,3.93,0.06,1.2282994,-71.618195,3.3121884,24,gaia_vari_cepheid
430670222050230912,-10.472246072702008,3.830907960568681,-0.035837103038278535,11.150954829500975,2.790898525879257,-12.384677619059309,0.7517463884324513,0.9953984640905228,0.8167670549035881,4.48,0.045,1.0192055,-51.01392,0.930755,23,gaia_vari_cepheid
430814876547869440,-9.668745549176073,2.4938673984786455,0.026277839094582086,9.985189787675884,2.889163736868361,6.007056715833525,-15.619844777754594,0.5462254625464626,0.4730077169520964,2.92,0.035,1.1600589,-58.09909,0.45104784,17,gaia_vari_cepheid
526969333059032448,-11.542982926329321,5.494886347201541,0.1651192325004071,12.784139814871867,2.697298601864288,-15.588616610525511,-11.347833866826676,3.771838373726432,2.6541656584328006,6.46,0.113,1.0875181,-73.38542,3.4690225,20,gaia_vari_cepheid
523887951723531648,-9.890409880166725,2.744431007513466,0.0450655684775229,10.264117553530891,2.87091850933576,8.419088851252008,-22.227466776377298,2.126307332120208,1.809594331486944,3.25,0.048,1.0424616,-68.13579,2.579394,22,gaia_vari_cepheid
524021125767343104,-12.026598131754335,6.065016082260296,0.17148933157665208,13.469353462612558,2.6745107894299798,-1.2540831844577094,12.768841978346813,2.872295392369939,3.4909669688222658,7.2,0.11,1.0599803,-78.30099,2.6059947,22,gaia_vari_cepheid
426881614218441600,-9.360089888046343,1.8820081625410703,-0.10091074915109194,9.547420459798479,2.9431710381628235,1.433351806326605,-7.44267376879111,1.3985059758479517,0.8958487394988901,2.24,0.109,1.1799849,-39.90491,0.7592764,20,gaia_vari_cepheid
525956579769119744,-10.375400216592432,3.27989195712415,0.2308760538682983,10.881480639364938,2.8354114654443903,-1.8371871714505221,-2.692204057625048,1.7362557707112916,1.514852797883974,3.97,0.114,1.118888,-55.507484,1.2417463,26,gaia_vari_cepheid
377753613615880832,-11.441483956634936,4.8001430884762115,-1.820629096341883,12.407615758064907,2.7443570199167935,81.9021759634627,-151.7971759646518,1.9500202443074879,1.1302331227277358,6.1,0.075,1.0352587,-228.58954,1.8935215,21,gaia_vari_cepheid
522686013718197504,-10.917603534459829,3.9703976635860525,-0.038121057274888744,11.617147866092578,2.792792525865999,-0.4079155677430178,-0.5543446625558772,1.4767286953788104,1.1853184662168499,4.84,0.046,1.097252,-63.802856,1.673622,29,gaia_vari_cepheid
522468168674975616,-10.477150783831886,3.263891931959141,-0.10159831097660504,10.973772327265456,2.839596502385145,8.50011412986267,-0.1897081881645022,1.0764462437975697,0.9647816725496395,4.01,0.038,1.2341158,-61.148426,1.3228698,24,gaia_vari_cepheid
522609765154882688,-9.174744982582462,1.43075148414345,-0.01557386505110742,9.285633812766942,2.9868940953087697,7.826366501885635,-6.688914466643922,0.5328339401158342,0.4347868713710688,1.76,0.04,1.0112026,-37.495808,0.5267311,26,gaia_vari_cepheid
510584788742165760,-9.95350803324335,2.496061923294838,-0.05304020069973198,10.261707815600785,2.895887458054694,-7.106805069026831,-22.10203750312391,0.8408851525286662,0.30818809549541326,3.08,0.048,1.152328,-52.763187,0.35462067,33,gaia_vari_cepheid
524713856754200704,-9.938584427282121,2.444596077007479,0.0817176367281442,10.234818532731055,2.9004102794988587,0.6303999017699559,-5.468362104859182,0.9145041364792905,0.7109833965384693,3.03,0.043,1.1339151,-47.576603,0.91629666,27,gaia_vari_cepheid
510907323601978752,-10.267530415696793,2.8612472489392466,-0.04854867701266447,10.658748362580907,2.8698181772543037,12.819179983456838,-0.048871338166748046,0.8333073793980188,0.8650005291061833,3.56,0.043,0.9899334,-59.70798,0.8899749,34,gaia_vari_cepheid
511048061089677568,-10.323430962939069,2.9198897436344375,-0.0003023549342003372,10.728419406489973,2.8659514214644606,24.641395197638257,-27.188055197372137,0.6817835329759123,0.6220002043022868,3.64,0.04,1.1236706,-86.52395,0.32847795,27,gaia_vari_cepheid
413978639108290688,-9.456580535771359,1.7402675720234766,-0.12377192937713882,9.615375533579861,2.959601706102278,-6.5063430566419305,-25.589506276046023,0.5021217339953874,0.2836187163135639,2.18,0.025,1.1174321,-44.444756,0.43338633,40,gaia_vari_cepheid
512524361613040640,-8.569984266370652,0.5472953132375553,0.018897659063564883,8.587442138712337,3.0778173778337936,11.587568942838693,-4.917219956210346,0.2770376391952878,0.07901123352159027,0.69,0.045,1.0173669,-23.421865,0.057206105,28,gaia_vari_cepheid
513282131279401728,-11.423005608540578,4.261322142937676,0.2756031882333045,12.191961431149643,2.7845349804798936,1.2052972955146235,16.340228563163606,1.425177153301014,1.443072056006543,5.38,0.052,1.0554029,-60.62104,1.3351575,21,gaia_vari_cepheid
513074186146353536,-9.814224008828894,2.135249431887229,0.12863462157671895,10.043818150078597,2.927364388303383,-16.117730905061354,0.48640966102300354,1.3787616307559736,0.9082731555660607,2.71,0.056,1.0720847,-26.86216,1.3532887,26,gaia_vari_cepheid
512491028363231616,-11.621482142699342,4.4432084638758615,0.1331612490441882,12.441902935103528,2.7764136817455842,-7.136461723438235,-10.294653191890461,1.1753276107457638,0.7579213657552628,5.64,0.056,1.3064586,-68.83935,0.8143086,28,gaia_vari_cepheid
511706805997227648,-11.537117986670825,4.256289359043567,0.07635241449892133,12.297198483649476,2.7881618150368754,-4.669913211655455,13.976146766940701,1.106468497673922,1.1959535941523236,5.44,0.056,1.1246316,-56.39071,0.88067,32,gaia_vari_cepheid
518291368820214272,-10.079926121211093,2.4084688511145704,0.15635024577703888,10.363668887795617,2.907052876090678,-4.282755054627476,-4.502427717081844,0.5017472824262657,0.2908424225488811,3.09,0.031,1.0273073,-43.099186,0.28604874,23,gaia_vari_cepheid
508915489570374272,-10.070999204271015,2.3695062198745296,-0.23697721763647245,10.345993654475702,2.910515219806004,17.237108359839482,-26.032698211508375,1.2201764918871822,0.7532970429946775,3.06,0.064,1.2616953,-71.365,1.0,48,veloce_dr1_vgamma
509629965971797376,-11.465571096758111,4.039751314300807,-0.1952120192750209,12.156434973141184,2.802836897448824,-3.382983937520339,-8.55228036674447,0.850685115085192,0.566560321198385,5.23,0.042,1.0926706,-66.49744,0.45592538,67,gaia_vari_cepheid
515599111517099136,-11.814856816999525,4.1620595205549975,0.4050891084041412,12.526515120289547,2.802893990569454,-21.707857625622257,6.629032101301021,3.3619414118088096,1.9466573324685137,5.56,0.187,1.2020153,-44.872814,0.9041483,42,gaia_vari_cepheid
515527570241664512,-12.107417895723326,4.439023304140151,0.39983617045445324,12.895522323519153,2.7901743070594205,-22.223943739317612,13.592336374455698,1.114280276674196,0.8335252100037882,5.96,0.061,1.141654,-43.47056,0.4155187,30,gaia_vari_cepheid
514736269771300224,-10.262016563183138,2.333975921648907,0.1256440590249936,10.524087967414655,2.917958587967956,18.465496036099797,-7.63739909348962,0.4561103364457032,0.4249506662051727,3.15,0.035,1.0428045,-62.45707,0.11659645,31,gaia_vari_cepheid
513830684503187840,-12.111096862992575,4.316411716368394,0.13924167096398715,12.857296657151181,2.799226461249947,-15.780783637206127,17.02316524174057,0.895095593962353,0.8299448566046909,5.86,0.053,1.1678331,-46.00903,0.33944944,70,gaia_vari_cepheid
506779550797525760,-9.907552112587823,1.897779375144959,-0.12692919383082796,10.087673439419468,2.9523363296149365,-8.541045437153532,-11.334108149437725,1.1847938580696062,0.6309417013681716,2.59,0.05,1.1224117,-34.921,1.0,45,veloce_dr1_vgamma
505178760644698880,-13.403218220190748,5.6684409875496735,-0.5732534911997781,14.552576469044455,2.7414881449801034,26.424343406843843,-3.909153133764619,1.9501209127683552,2.051661787183867,7.75,0.088,0.9848822,-105.97138,1.606834,20,gaia_vari_cepheid
506923449381427968,-11.866355293221861,3.995295866338152,-0.18918045901950858,12.520893618450451,2.8168231859593296,-3.3511260652355346,-8.648172970855455,0.848524559557122,0.5208526158054787,5.46,0.036,1.3670738,-65.123695,0.6440229,39,gaia_vari_cepheid
515968341264818944,-12.145703712998335,4.2130370785265665,0.4018023873346012,12.85565245753716,2.8077047930495573,2.4864402279696276,10.67808162497559,0.8404239160804756,0.9573862276415249,5.82,0.049,1.1309009,-64.205025,0.45018774,40,gaia_vari_cepheid
465365517618881536,-9.745323320728046,1.6288988475683013,0.00038869530328760737,9.880518107930133,2.975976931734284,13.390865306826925,-10.375632302191264,0.6413380786898151,0.3461170722515404,2.28,0.048,1.1406667,-48.402706,0.34223115,44,gaia_vari_cepheid
459263743483634304,-9.820754268330562,1.6802398384971808,-0.04212414001519211,9.963454236047154,2.9721426121980117,2.951101035655373,-18.92224262690931,1.0699422550533637,0.5410955852570225,2.37,0.054,1.0152508,-45.632,1.0,38,veloce_dr1_vgamma
465012883624730624,-10.780500958000008,2.5585963241737564,-0.04871988901871,11.07996462338732,2.9085685104114587,26.789325929035193,-21.107336210253294,0.9698080825285521,0.5872859821623019,3.67,0.053,1.2738227,-79.594604,0.6729635,23,gaia_vari_cepheid
455914562346088704,-8.736250313790377,0.5686052901813774,-0.06796031306081396,8.754734805876458,3.076598588097489,16.54088007676115,-2.2951912343160075,0.799476336470353,0.6363817757869333,0.82,0.044,1.1006289,-24.962,1.0,103,veloce_dr1_vgamma
458239995077788544,-9.924468975569125,1.7171467644454903,-0.05416789650766236,10.071925211084507,2.9702673138275983,9.785438431883595,-19.802675642226404,1.9516669738818297,1.2470825121581797,2.47,0.041,1.1742555,-51.892357,2.2762625,20,gaia_vari_cepheid
465719182408723072,-10.20056372266761,1.977836853105733,0.08193422521362786,10.390540836631445,2.9500742553051507,-10.197193901383763,-0.2056039432361274,0.7645360865979136,0.40276050897475596,2.85,0.033,1.0488663,-28.954168,0.62552994,23,gaia_vari_cepheid
467496268077100288,-12.00605017323642,3.704903689606065,0.3717668424635318,12.564694668456012,2.842277170476442,16.73956664212851,8.511831666590382,1.0085662919768452,0.9969890659190375,5.36,0.044,1.2526793,-70.78331,0.862805,33,gaia_vari_cepheid
457807268533229056,-10.774636998245093,2.4855198644285883,-0.18908131775304066,11.05760423601881,2.9148761821196474,-4.707516621266624,3.793627546466979,1.330583912679491,0.7127863450740222,3.62,0.084,1.3068901,-38.044323,0.74118394,28,gaia_vari_cepheid
466232585618161664,-11.888289615975484,3.4046961589689806,0.1973878238450219,12.36621954876302,2.862667697605978,-5.7899566399506295,-6.716794026136199,2.3819659960749973,1.1970871548211275,5.06,0.063,1.101646,-54.452003,2.549795,34,gaia_vari_cepheid
466906311366699520,-12.32679171782157,3.7457787443730175,0.4750072324462801,12.883347874537547,2.846586478895716,19.17347252817278,7.806360851508799,2.508502608495764,2.1458997486247706,5.63,0.108,1.3739518,-74.76107,2.0690513,26,gaia_vari_cepheid
466691219404381312,-10.443231287152091,2.04773142298108,0.19064257012247915,10.642099590664262,2.9479670632562245,-3.5590040757587476,-31.48858531140516,1.4138993901902794,0.5452565295655961,3.08,0.072,1.1533239,-51.11825,0.4400637,33,gaia_vari_cepheid
460328757932256896,-12.853263143098417,3.93103823780708,-0.05050645291620232,13.440961091113744,2.8447869775909167,-5.907813719900764,12.371001910929067,3.1098212038796254,1.802395237731414,6.13,0.116,0.9836904,-51.18926,3.0854702,18,gaia_vari_cepheid
460245465624450432,-12.117433625602219,3.3135300389035542,-0.0887039381817763,12.562311848923013,2.8746666677913164,4.5941369601176705,-13.068915042622876,1.2365405631535278,0.606376438186178,5.17,0.046,1.1779777,-64.20818,1.0365587,16,gaia_vari_cepheid
486834100624652800,-11.987827763393582,3.123900857801245,0.4672436999579416,12.388170609664742,2.886672593831472,-16.9548129268412,-2.1752707955646144,1.4171147208798964,0.6485866869357125,4.97,0.049,1.0483358,-37.212738,1.443304,24,gaia_vari_cepheid
462407693902385792,-12.610869709167446,3.5806900146361778,0.34043865064518325,13.109362143236117,2.8649370991256045,0.5938178965418965,1.1302745436157693,1.612844776967834,0.8297609056439025,5.73,0.071,1.1846336,-56.94329,1.4860181,26,gaia_vari_cepheid
462252662762965120,-10.956557168021178,2.250914158714444,0.13438714345189656,11.18538151007901,2.938971921370116,12.73323781971847,-15.802176204598766,2.0233222324201763,0.6253618905223435,3.6,0.12,1.206336,-59.793106,0.92403936,27,gaia_vari_cepheid
447848132723812608,-10.012791206635539,1.4626208774950062,-0.08191953529871415,10.11905368989424,2.9965432945570103,-11.199944061639995,-7.369271652652401,1.7091815710309632,0.9321545043606765,2.37,0.046,1.0781543,-22.08908,1.8044062,19,gaia_vari_cepheid
447987564541431168,-10.284315515359342,1.6689651957595322,-0.05233194955614746,10.418857444274662,2.980712588445539,-11.028506383053307,-17.469730167502036,2.302524942488888,1.3093135065030412,2.71,0.055,1.1139455,-30.394737,2.6058922,21,gaia_vari_cepheid
449863090859326080,-11.28231727730908,2.3528683311967593,0.14329500800848266,11.525045445889383,2.935994625586951,-5.664823099867202,2.5734920526471967,0.8228752778659049,0.4916547154236089,3.92,0.051,1.2110903,-35.568348,0.38811222,27,gaia_vari_cepheid
446933167250144384,-11.07823175017138,2.192784119387314,-0.10739709675698378,11.29316257320076,2.946182213156571,-6.404594067257278,3.3095745032144066,1.6872673933513547,0.7523599593083814,3.66,0.066,1.08008,-32.21327,1.6825639,22,gaia_vari_cepheid
449090134185193472,-10.791478166047913,1.9584307071219023,0.11148329788302996,10.967745978225736,2.9620671388616797,0.799756750722324,-5.333848574110533,1.091288078980719,0.43395259279131465,3.29,0.052,1.051669,-39.41389,0.7676562,28,gaia_vari_cepheid
473293889810320128,-9.340828100480788,0.8728532047213634,0.10773159083291689,9.38152132224427,3.048418274320895,10.505040498026414,-8.13093649666925,2.2977017385304337,1.375266524061211,1.48,0.039,0.9843955,-30.521357,2.483162,20,gaia_vari_cepheid
473239154746762112,-12.362825723328433,3.0679386944852793,0.3025453756167122,12.737806235710732,2.8983480378587587,-11.919457887765276,-10.12761964566971,1.1889871844018185,0.629581489395041,5.22,0.051,1.2756507,-43.98,1.0,28,veloce_dr1_vgamma
473615222081933952,-12.157644457419343,2.804320502325691,0.5355542879246514,12.47687990776474,2.9148945300722944,0.9454432338226753,-8.217623097570424,3.06370633205594,1.276013510863295,4.92,0.044,1.1095127,-51.68984,3.2927046,26,gaia_vari_cepheid
445121820622854656,-10.660533721929164,1.7486187773213535,-0.05056678528784781,10.802992495822151,2.979013082977082,-14.572704873653825,6.157701545846891,3.4215457640301623,1.5747514262504585,3.06,0.052,1.1313859,-16.442919,3.8342736,19,gaia_vari_cepheid
469638597765066368,-12.18820235463782,2.7285658741879404,0.25496948669053093,12.48988984608679,2.921354567335286,5.168489541714481,6.50935832136588,0.8696057109033095,0.5501016699781953,4.88,0.058,1.1648947,-47.555702,0.37362704,30,gaia_vari_cepheid
469680173047881344,-11.537474453648109,2.2236061524381054,0.25883758421246833,11.749797491435473,2.951198095052498,3.894820632115449,4.603120953262334,1.38745805468514,0.6406642185357191,4.06,0.063,1.1225686,-41.027504,1.0767543,30,gaia_vari_cepheid
444069661013733120,-10.678357291753738,1.6323803148502676,-0.04774029044726975,10.802406210778267,2.989898893853132,1.4063451049940057,-1.1403518800021004,1.6856524187648079,0.6885121744618609,3.01,0.078,1.1696719,-31.861921,1.5653747,23,gaia_vari_cepheid
468646563398354176,-10.543392568784714,1.520687082670301,0.16289734696111674,10.652493419988817,2.9983491972696634,-78.40398940287092,-12.986555300620495,1.5267097943645067,1.6507755746722497,2.84,0.082,1.030091,38.449894,0.20370105,24,gaia_vari_cepheid
444443941646255232,-10.65621684959908,1.5923286498598037,0.07074776931749666,10.774528670658578,2.99326294828255,25.407991344028485,-12.098114686380654,0.6225213444174788,0.33597356736477874,2.97,0.045,1.1461399,-57.78351,0.32104748,33,gaia_vari_cepheid
468431815031779456,-11.56377721989175,2.138329159189152,0.126168260683936,11.759821222464478,2.958741964087374,-10.817454777119169,2.2523855941796853,1.9448119697701964,0.7916548855775076,4.03,0.046,1.2912366,-26.355093,1.8751144,27,gaia_vari_cepheid
276241546182796288,-10.411718652329396,1.3786342177026605,0.08604835043421172,10.502595755406588,3.009946684996761,-4.478852512248325,4.222999822786932,0.6013824913016106,0.2862112208157834,2.65,0.042,1.14093,-20.213026,0.3383385,20,gaia_vari_cepheid
276159666924689920,-13.572385809449695,3.3019270783695367,0.13774816282146934,13.968263277566809,2.9029460500551636,17.549120705218247,13.975463447468599,2.593275271245851,1.5857902597078308,6.35,0.112,1.0644443,-62.835106,2.3483696,34,gaia_vari_cepheid
251864136443731584,-10.761325756355657,1.5564338847417287,-0.0035368286870556863,10.873298417314585,2.997956507355109,-4.015612988884624,-0.3048933590369529,1.3967363112489415,0.5234790030952436,3.04,0.068,1.1965939,-24.793745,1.1688166,25,gaia_vari_cepheid
251034486199934720,-13.689459838849311,3.2051878371073608,-0.028190682050730113,14.059677796827676,2.9116001548942623,16.21609035080279,12.028346356168925,4.340500318368175,1.840063046411109,6.4,0.126,1.1267416,-60.485554,4.1674523,27,gaia_vari_cepheid
248494232082353152,-11.01684662887667,1.6265333390037493,-0.2972689925559902,11.136270486436738,2.9950110275640207,-23.193958654072965,-17.42532326020256,0.9278866522406285,0.547629386661367,3.31,0.041,1.0784729,-12.521063,0.71155125,19,gaia_vari_cepheid
274764764629294208,-14.069253487967792,3.243629839492332,0.06699503471668139,14.438318054549807,2.915004428493619,6.645633752878637,4.1214764970114,2.231371393713504,0.7966683300167826,6.75,0.112,1.05583,-52.999596,1.62821,39,gaia_vari_cepheid
271861779051593856,-14.415164268630793,3.4011372665211184,0.13534116146217862,14.810965383705705,2.9098885363051443,-5.83183666535119,9.270088873984037,1.769892067461242,0.7377574070784793,7.13,0.111,1.0746633,-40.96046,1.0686494,22,gaia_vari_cepheid
272444829450300160,-13.246292037934735,2.741982256912187,0.39192185648720507,13.527110535937615,2.937475488321109,-17.117456719539376,-10.83939775701566,2.5199867899093555,0.9442281367221504,5.8,0.065,1.1795046,-29.191978,2.3888698,20,gaia_vari_cepheid
270661215433219968,-14.207521280962371,3.0454574769299794,0.004015595939921675,14.530260568647329,2.9304327912236885,-14.626914645531123,-1.8097610563605713,3.401859097856136,1.0612309149115193,6.78,0.108,1.1029515,-30.501163,3.1550834,28,gaia_vari_cepheid
270528311964877568,-13.323337615251146,2.598290139699372,-0.09220909328764343,13.574330070394822,2.9489920728288745,11.266490638120517,5.750077011413168,3.508248876504112,1.2415903003532698,5.79,0.112,1.0205451,-49.239258,3.236287,20,gaia_vari_cepheid
270341017029687168,-11.18133048141141,1.494474222188205,-0.038896626211980596,11.280762586604016,3.008722143393629,-7.072232161147209,5.417121460477347,0.6222782986949862,0.32186635057546314,3.38,0.044,1.2438384,-17.254953,0.45981684,25,gaia_vari_cepheid
279382060625871360,-8.771776017529596,0.3034033662682414,0.11198320778164592,8.777021596439779,3.1070178470564405,-3.317686822092731,-3.415152767428168,0.5245857478951262,0.30266549794244396,0.7,0.033,0.9659783,-0.49010718,0.52487653,27,gaia_vari_cepheid
270979214809419648,-15.509914898024515,3.574919449645064,0.3628182123879577,15.916579695883579,2.915056536347798,3.9200675534017684,0.8500130241193347,2.53924673217685,0.9072138596359838,8.19,0.116,1.0683726,-51.750256,2.0515268,25,gaia_vari_cepheid
270272675510149504,-9.54462529248932,0.6760186724206115,-0.01716873868950203,9.568535583854416,3.0708835760464597,17.014646228428933,-10.914784151351654,1.1886193689991458,0.5185610653780898,1.55,0.041,1.0785291,-30.964308,1.2967196,16,gaia_vari_cepheid
258607338176583040,-13.08085874713444,2.247003755291774,0.12377019004501827,13.27244858489868,2.9714749464655954,-21.95951608637936,3.2689303685611435,2.4430707536921727,0.8200162570739835,5.42,0.072,1.135344,-12.861591,2.2767327,23,gaia_vari_cepheid
258412862056729472,-10.828668811298048,1.211741642020049,0.003123012253920694,10.896255596845391,3.0301549911691428,20.540541343769604,-7.401392620094811,2.1803125698187698,0.5522887175394829,2.94,0.163,0.9905592,-42.523003,1.3082361,15,gaia_vari_cepheid
257639493066319744,-12.343550487498758,1.8660186995422121,-0.008390886718489702,12.48380007948189,2.991555149941313,-7.237183096625545,-1.43726045053765,1.2739299834519295,0.47630610788946515,4.59,0.072,1.176874,-23.220036,0.9571618,25,gaia_vari_cepheid
232773865804463232,-11.134710650838286,1.2756069212836745,-0.1582627397195842,11.207540064417275,3.0275286228067966,-0.6611328868923814,-0.14548755161956706,2.1386056581864548,0.6810214472609517,3.25,0.05,1.0239195,-19.967443,2.0569098,17,gaia_vari_cepheid
257429344607790336,-13.910356462525666,2.4241653484527985,0.07026424576481455,14.120006889204015,2.9690548576835427,3.7844178574255314,13.752187679456227,1.7374013286549916,1.0451989337705094,6.25,0.144,1.3609378,-35.678185,0.90351063,27,gaia_vari_cepheid
256735552768873856,-12.1103783416905,1.6645320967694943,-0.18083730148324656,12.224235382225844,3.0050017572521353,0.9050689046602136,21.005985026707634,1.6954309042832272,0.8487881210605044,4.3,0.08,1.1603599,-22.25769,1.6247393,21,gaia_vari_cepheid
255746713858482048,-13.348945214358842,2.0420335520010444,0.22719423513738385,13.504230424702174,2.9897960102152923,5.172159127129199,2.6328107163246273,3.3491574293076187,0.8598866309082248,5.59,0.161,1.2823157,-34.53911,2.948612,19,gaia_vari_cepheid
228741784865956224,-11.265149041169298,1.2036008246748815,-0.3643377262749024,11.329264665675156,3.035153575474378,-32.02739242966807,-0.7856524084232319,3.0150131012069354,0.8632296470805312,3.36,0.043,1.185035,12.643253,3.2285008,17,gaia_vari_cepheid
261548119462093568,-10.629056167342354,0.9524607472071804,0.2811625523753683,10.671645444048869,3.052222196978979,13.690935647347732,-12.181138786908747,1.228286723085459,0.7292563462038358,2.67,0.113,1.0073403,-32.887936,0.57932943,13,gaia_vari_cepheid
252595410453952384,-11.790764078585628,1.3809347119960382,-0.21322981510198785,11.871356208776685,3.0250037688548588,2.943128149754828,11.21433124453506,1.476152317848465,0.5094824440243056,3.9,0.109,1.2647848,-22.17522,1.3526117,22,gaia_vari_cepheid
206577210999441536,-13.294646917244563,1.8185881999265032,0.1976612885224402,13.418453699853508,3.005645390434108,-10.690334739442006,16.656173786320494,4.498822957605869,1.0990788269425467,5.46,0.149,1.1595169,-12.541836,4.787575,14,gaia_vari_cepheid
206211859601169792,-13.020835511295719,1.6390263736949024,0.09569916496076919,13.123588109426747,3.0163740435052144,5.1740742314814305,9.896047639465877,1.2797010204253243,0.44096625216763025,5.14,0.064,1.284139,-26.480019,1.0884346,22,gaia_vari_cepheid
202939854734748032,-13.572897078388355,1.6585537448253178,-0.3166282738232736,13.67385591649251,3.019999465707739,8.216897277858555,-1.182573280247368,0.8031931325802582,0.703111858119641,5.68,0.055,1.3044628,-31.062723,0.5982765,15,gaia_vari_cepheid
203413602509201792,-12.677312999774141,1.3648486061688998,-0.11072598882812718,12.75057161902962,3.0343450266413994,-27.764002484705674,0.18057306862411338,2.3663340054238677,0.8681013512426901,4.73,0.107,1.119067,7.9391627,2.0614111,23,gaia_vari_cepheid
201509768065410944,-10.733735710434841,0.704521948220105,0.1072300995580327,10.756831944257007,3.0760504366128765,-0.11746648387669681,6.997221719122905,2.414932789025529,0.5608803926611624,2.68,0.051,1.083595,-6.8084946,2.5264904,8,gaia_vari_cepheid
201574982848108416,-11.866287071479316,1.003788452357051,-0.05857301838118729,11.908667436780764,3.0572019431690944,-16.901881118902747,0.9335432379390056,1.1332011101952073,0.5159668473898219,3.85,0.067,1.2097067,4.094,1.0,40,veloce_dr1_vgamma
200044497021549056,-15.446226371243213,1.9648510329066688,-0.23536111551800115,15.570695189785319,3.015066294901293,-10.491757511902671,-1.7037921902608275,3.1284314086549365,1.0312373808519328,7.56,0.111,1.0752697,-13.181444,2.9710295,18,gaia_vari_cepheid
197337185858157440,-15.887091567999349,1.973095925282197,0.9467108268585317,16.009146948552917,3.0180304403267626,-0.3404463965248663,-44.9172580119818,3.017427499539276,2.8578052280832016,8.04,0.111,1.3088617,-31.676762,2.8135715,13,gaia_vari_cepheid
200708636406382720,-9.787787010812696,0.41522706182730096,-0.0310255449327716,9.79659063561949,3.0991950989588593,12.145988251526436,-16.03005073993262,0.4260044414537237,0.5908935523473198,1.69,0.056,0.9820967,-17.681675,0.3522148,24,gaia_vari_cepheid
195001857519690112,-12.999847187139215,1.1439789371909068,0.27078560399947754,13.050084854042437,3.053819342558498,4.971115393948326,4.428796048465102,0.46273081137706956,0.3931187171507511,4.99,0.043,1.0814612,-18.06624,0.3645682,23,gaia_vari_cepheid
195373217573454464,-10.21725547714734,0.4868163301831737,0.16784832898706037,10.22884644642935,3.093982173055845,-13.527439802014875,-0.051650115922313944,2.0489841963396676,0.9290820520912,2.13,0.139,1.1216301,8.699259,1.9804122,11,gaia_vari_cepheid
188724234539584256,-12.285330875138536,0.9334848096501274,0.07781399826968921,12.320744644763957,3.0657546872700823,-4.234012427296627,8.749369564130973,3.0506605972550758,0.5659554980902641,4.24,0.122,0.98749274,-5.179507,3.1397946,19,gaia_vari_cepheid
186285139790902528,-12.128316301263533,0.8506985763662149,-0.30384862715210864,12.158114342747655,3.071565820461035,6.892047714142,-8.233741738991512,0.6850584202709831,0.5477002243286777,4.08,0.058,1.0213579,-16.23298,0.60440433,21,gaia_vari_cepheid
187324728037490048,-14.61925815226509,1.200240638058715,-0.06156234736581496,14.668445265665236,3.059676404703877,29.493088106281167,1.7926981985951045,1.972472742233128,0.8152764955067334,6.58,0.151,1.3618727,-40.700806,1.7861624,24,gaia_vari_cepheid
189726984845700480,-13.053258903398593,0.6491926121524663,0.3772295782569339,13.06939245132795,3.0918994578969574,-4.090153540681427,7.533137995894293,1.010824218697118,0.42413676295820446,4.96,0.069,1.3617631,0.9413767,0.9641317,29,gaia_vari_cepheid
3455325108309624832,-12.461359102516619,0.4240687023049512,0.3989875126143692,12.468572690815433,3.107575087007153,-24.79951501599334,-9.25005437817785,2.85572493585995,0.6664306892963322,4.35,0.05,0.86021715,25.272177,2.7164123,17,gaia_vari_cepheid
3455444336600400896,-13.042946522336912,0.4581228599387972,0.24125329013746016,13.050989638312455,3.106482902750598,-0.8524408643692476,10.653386409631793,1.1511382767105107,0.3288384668352679,4.92,0.07,1.1181741,2.89175,1.0310271,39,gaia_vari_cepheid
3449106511061314560,-15.628697314450578,0.6849301484446371,0.01092330339009567,15.643698701233129,3.0977955195839795,-3.4948207461412504,-9.065429747449713,1.7710814079127342,1.5719922767085477,7.51,0.134,1.0085632,1.8566549,1.668882,15,gaia_vari_cepheid
3454677697820598272,-12.407760333122663,0.366910314848252,0.24052757965045385,12.413184106560019,3.112030233514653,-23.540888875958537,0.8600058115472677,0.5691582199394832,0.4831549027283863,4.28,0.06,1.0580574,26.105743,0.5501941,23,gaia_vari_cepheid
3445039825569144320,-13.014598543185642,0.18149428122878541,0.14558134705722509,13.015863990316147,3.127648119179659,-12.702226271977777,-11.038996618130795,1.0578761437138828,1.1742872657750703,4.87,0.094,1.2043666,18.680824,1.0504154,24,gaia_vari_cepheid
3450913111743921152,-12.900699154452198,0.13001302254375013,0.2729631280899106,12.901354272312446,3.131515012088916,14.416413570790137,15.244081358092586,2.6605145864799895,0.2692994575280285,4.76,0.088,0.8899264,-5.9078374,2.677362,14,gaia_vari_cepheid
3409635486731094528,-8.737235747024364,0.005277921980674283,-0.19330679398669642,8.73723734114742,3.140988581376165,16.472417917482996,7.571504571951067,0.15401648055021067,0.09053996564679677,0.62,0.035,0.9664241,0.27471623,0.11996051,20,gaia_vari_cepheid
3442172745919329792,-12.628923487086125,0.021775732293994876,-0.3089099077331852,12.628942260743475,3.1398683806748724,3.7634853708048874,-3.8012333269822705,3.2085902617478235,0.9756867612926208,4.49,0.129,1.1681453,6.9332185,3.0466332,9,gaia_vari_cepheid
3441819562167767552,-9.899625115073626,-0.01436611787675246,-0.027652335502057427,9.899635538965025,-3.1401414766386306,-17.684264512098142,-1.7573639221679116,0.7699525732419129,0.607253845699517,1.75,0.116,1.1200957,28.576466,0.7562251,32,gaia_vari_cepheid
3437377432112957952,-12.826380954056448,-0.1885784322209163,0.3087853282213024,12.827767155810122,-3.1268913245913854,-12.09408051752787,-0.6820322801014811,2.4298419763040258,0.6612182294436397,4.69,0.106,1.2212821,26.255472,2.365515,16,gaia_vari_cepheid
3430067092837622272,-11.963354575129415,-0.306123046982824,0.1885339055432032,11.967270533006428,-3.1160098408167363,-2.620441104972157,6.85437258994304,1.1214494076265349,0.3722608700766474,3.83,0.117,1.2491726,19.608,1.0,68,veloce_dr1_vgamma
3425576270732293632,-11.709808578362411,-0.4928536663232721,0.21726623011639984,11.720175838198768,-3.099528520340453,-16.81600878007554,-3.47310108291569,3.9562146402616793,0.6237944169303267,3.6,0.087,1.1876168,38.599277,3.9344106,8,gaia_vari_cepheid
3397212822106196992,-18.080950686066032,-1.3839897220068762,-1.7532364953338564,18.133841437008662,-3.0651975415093116,7.2767692064316485,-6.7031030807839045,2.0191264136045746,1.5545990680942936,10.18,0.125,1.120175,25.49987,1.869436,26,gaia_vari_cepheid
3398383973788673024,-9.350492740021709,-0.18596422402116397,-0.10688341834458434,9.352341801592502,-3.1217071014291755,19.18883469483117,-2.823541910481538,1.0693956121605943,0.24905173195875766,1.22,0.029,0.9733898,-1.478,1.0,44,veloce_dr1_vgamma
3373097817690244096,-12.42659707132698,-0.9191847314803763,0.4806852750943899,12.46054635012843,-3.067757975544189,-11.558340222370306,-8.462203980041494,0.47728788569437774,0.5273079628682341,4.4,0.049,0.86827624,42.29537,0.43028542,12,gaia_vari_cepheid
3339415417140733952,-11.466254959297654,-0.7169662748094539,-0.768321747507562,11.488648459711534,-3.0791455803668164,-17.971373103709535,4.178863988732331,0.44389063327451156,0.2709416688897836,3.48,0.035,1.0861001,41.687595,0.43927744,34,gaia_vari_cepheid
3346584610911569920,-9.307245831344652,-0.2697952875822678,-0.16179702128535475,9.311155377410689,-3.1126131077305006,18.999336503976945,0.3181840340098461,0.753618192332142,0.2649982119185548,1.2,0.04,1.351235,1.9567379,0.8106634,24,gaia_vari_cepheid
3349130530085488640,-13.768353923934537,-1.3463720652179199,-0.16701259085898418,13.834026438919464,-3.0441151323550364,-12.117596606082108,2.813005715423003,2.1820764756470052,0.5201238451834287,5.78,0.119,1.0931342,48.3125,1.941831,13,gaia_vari_cepheid
3344381567567275520,-12.033141508248736,-1.1398566818925584,-0.15078294458557784,12.087008224237865,-3.0471480257382795,3.225606961512667,-5.593320471770625,3.1070389820112343,0.7131596528594215,4.05,0.067,1.3367493,34.56005,3.096447,15,gaia_vari_cepheid
3368698813404804096,-9.836816811812778,-0.5020983482401158,0.01733347758218123,9.849622720717173,-3.090594145785019,-19.399210067472875,1.6279230916031224,2.3129048648720945,0.6335335538764068,1.76,0.053,1.1191013,43.986893,2.2200954,13,gaia_vari_cepheid
3356940155020790784,-9.15003484340484,-0.31387850337584416,0.06800508223467003,9.155416831057126,-3.1073025685121225,15.11840741781132,2.078765492187415,1.732833288962885,0.5552776803573243,1.05,0.103,1.2251205,5.8320913,1.7554488,10,gaia_vari_cepheid
3329849043206545920,-10.54275501466114,-0.859802575622215,-0.18931809381668294,10.577757029172545,-3.060218861546181,-10.100266622351317,-6.602056782808745,1.114412282587348,0.30668054945320594,2.55,0.059,0.8695072,45.358,1.0,39,veloce_dr1_vgamma
3331144684519753728,-13.023095973266223,-1.7834399895282538,0.0969294909995016,13.144644800265675,-3.0054948281601632,13.484150823651653,2.8444690501734726,3.0224870287401138,0.802797520241348,5.19,0.096,1.2896392,32.339596,3.048853,13,gaia_vari_cepheid
3323116733511428096,-10.686899180368103,-0.9318396076640927,-0.38012686386374267,10.727447932558983,-3.054618055296629,18.46499534861391,-1.0595360547139308,1.5401356616773527,0.44100888848940867,2.73,0.064,1.0260613,18.475971,1.336982,15,gaia_vari_cepheid
3351921532976862208,-11.984221451989011,-1.4922648775278833,0.22062127065021742,12.076771848263794,-3.017711155037949,-27.88119701681074,1.5819615686342559,1.4216247562134516,0.7763911144912291,4.12,0.108,1.2463943,69.310295,1.0563715,10,gaia_vari_cepheid
3327281790934522880,-12.443141038400995,-1.7337201637910093,-0.0007034983567278984,12.563341295526223,-3.0031525272571646,-7.866870386275202,12.88697603715994,4.403203559009188,1.4865595459650955,4.63,0.111,1.1637746,51.08516,4.596328,9,gaia_vari_cepheid
3326443821335586816,-13.463008285701108,-2.2245415235268062,0.03613080327572681,13.645555213722586,-2.9778386202189524,-11.262866058252586,6.880213553300138,4.751950346981623,1.8225140507054607,5.76,0.211,1.0941993,61.934162,4.444428,11,gaia_vari_cepheid
3324153371114695680,-10.45214672932378,-1.0124050365449866,-0.154337210498725,10.50106352753546,-3.0450329110587977,11.264444768207355,-19.559791101383183,3.1045880365680483,1.7474026661226374,2.52,0.167,1.0061362,32.151997,2.7508824,10,gaia_vari_cepheid
3132210870342377472,-11.843349847864873,-1.7079006308278761,-0.07893120302064854,11.965862283333498,-2.9983724372210485,4.536075298231409,-2.4527657759997226,2.7947053405560807,0.788268589172535,4.07,0.113,1.0423708,44.14224,2.4670956,14,gaia_vari_cepheid
3157125975624005632,-10.494944534755394,-1.1522625301918736,0.20022412999861477,10.558009742658712,-3.032238496008474,2.23599954366245,3.5598654648403567,1.1788320953575269,0.48736206428705675,2.62,0.092,0.75715435,36.402508,0.97164977,12,gaia_vari_cepheid
3127657036771783680,-11.779138317594695,-1.9907580203007726,0.0818158322663769,11.946180017077403,-2.9741676646054716,7.202449550254795,-7.338529468190018,1.1329961161921107,0.27305144869159553,4.14,0.089,0.97411484,48.031345,0.30800462,14,gaia_vari_cepheid
3128293447849074176,-10.712664573834626,-1.4513870230100117,0.17495937482517243,10.810536830428601,-3.0069293180535492,6.705265300304276,-4.592740684146918,2.187773496815168,0.8606213006999281,2.95,0.056,0.99950415,39.873814,2.3534093,10,gaia_vari_cepheid
3127239222359292928,-10.234434096357683,-1.1894250334680838,0.0253708578932707,10.303318551948651,-3.0258937326557573,6.588706397394144,-21.829988423748432,1.6453775169011235,0.7004280029534955,2.4,0.033,0.98548895,42.80036,1.8187438,16,gaia_vari_cepheid
3117307814859500544,-14.629618760360351,-4.131685038121151,-0.7307712924100145,15.201860620585945,-2.866342050964575,0.6123827647817948,-6.809956093305118,2.547362823073612,1.1316151979523008,7.72,0.129,1.2884128,77.01034,2.1041331,13,gaia_vari_cepheid
3106642552072286208,-12.23395455898746,-2.7348936103037547,-0.3773275619699095,12.535919878933909,-2.921659309544761,0.02756451062542534,-8.455476085022354,4.512911194421192,1.7923490057172151,4.93,0.079,1.3406949,67.04031,4.6163926,12,gaia_vari_cepheid
3112475495616980992,-11.506031510851201,-2.265123470686456,0.09907192035172173,11.726872791420373,-2.94721428183342,9.217317597292674,-14.015958529812195,1.8699275845264511,0.48405118425082067,4.05,0.12,1.2360628,54.171,1.0,43,veloce_dr1_vgamma
3112550812164329984,-9.686722828331312,-1.0813087027193307,0.06590475575295102,9.746888101516891,-3.0304249569327113,-23.12828191505744,10.317914932274562,0.859656993335391,0.6898818516465581,1.88,0.039,1.2068065,53.109276,1.0760505,8,gaia_vari_cepheid
3106015688704277504,-10.41128607579586,-1.5993769508160214,-0.03284396287267043,10.533417507288997,-2.989164709479725,2.1319378020438093,-6.923003120412915,2.6161444874850885,1.3208743316476808,2.77,0.041,1.1610919,48.88351,3.0494008,11,gaia_vari_cepheid
3105860283909081600,-12.365474372231395,-3.0087639193767255,-0.09196716431349006,12.726256982037357,-2.902911115721005,6.684606057041606,-10.536333131952034,2.443634374477593,0.988976396002655,5.18,0.057,0.855873,64.89668,2.594617,8,gaia_vari_cepheid
3102246837723495424,-11.877987135288517,-2.7685532187697683,-0.23885866456990326,12.196370989406642,-2.9125984332487302,-17.93525628809279,3.8203593515746093,2.9017133610777726,3.081840351696232,4.65,0.185,1.173747,78.79689,2.3428733,10,gaia_vari_cepheid
3102535635624415744,-11.69441341869823,-2.673905335572114,-0.02533209530783934,11.996210858059735,-2.916808627715734,-7.914888976820472,-2.4519020338085227,1.717916779353152,1.1412283557268512,4.44,0.072,1.162529,71.20322,1.655313,13,gaia_vari_cepheid
3052092481686245888,-12.323801695004075,-3.687056769725463,0.10487955463572529,12.863532790060578,-2.850886700355764,-15.743744317901074,2.813379369744439,1.898270820170539,2.022476415101284,5.57,0.092,1.3941098,88.41401,1.5992174,15,gaia_vari_cepheid
3050050207554658304,-10.274567993638051,-1.8974873131567342,-0.08530116269742158,10.448311134316503,-2.9589721887948506,-17.702259627629026,8.035595615984676,1.5714682427236701,1.2452173572755836,2.85,0.049,1.379062,63.104473,1.8232938,11,gaia_vari_cepheid
2953155500537706496,-13.852042630189578,-5.319269300346498,-0.7022872490112322,14.838251612578826,-2.7749496694174116,9.219866174439353,-7.1045666217821974,2.1881839572214634,1.8041414196470973,7.83,0.112,1.08289,84.74966,1.2978504,15,gaia_vari_cepheid
2952531635068093952,-12.973412584055371,-4.533056580122425,-0.8936502558133504,13.742562935446847,-2.805442410634088,-34.13481575597498,2.626994273536411,1.473734060743594,3.6425378862282325,6.68,0.123,0.9990458,112.37017,0.7543566,18,gaia_vari_cepheid
3054600330268450816,-10.458720296077464,-2.2061553505273017,0.21209282329929297,10.688870457735135,-2.9337009836255414,-8.49963808379592,-23.17433304555209,0.42194728902954903,0.29905380420237854,3.2,0.031,1.0083741,74.19202,0.17809662,29,gaia_vari_cepheid
2952714394517032448,-13.497874279121312,-5.2351634838857315,-0.7318494030813348,14.477553203424096,-2.7716032605829932,10.001555926871513,-4.467404225080031,1.884021489717333,1.406941754347928,7.52,0.075,1.0875825,84.13091,1.6459893,13,gaia_vari_cepheid
3045720399486222848,-13.101875425829054,-5.020881997855213,-0.3310343236846724,14.030979855674008,-2.775636199456825,-8.600928541605365,5.420775612012534,3.0361142366948637,4.020152742529584,7.06,0.151,1.131042,95.01402,2.400936,15,gaia_vari_cepheid
3045301790490616832,-10.098720441639662,-2.0089168833045963,-0.07656316667312729,10.296596602878886,-2.9452282062820867,-11.96233235466453,-11.76363825081566,1.0731076611631456,0.8474507482118708,2.8,0.038,1.2596873,69.07755,1.1371568,10,gaia_vari_cepheid
3046774762417914880,-9.073732017900715,-0.9568519303134027,0.012579122887828736,9.124043969053474,-3.036527993134136,-5.303986133507932,-1.8403757825313107,1.5095461502207688,1.3000765523149567,1.33,0.043,1.289625,39.401543,2.0493536,29,gaia_vari_cepheid
3044755371873445376,-13.340817246398476,-5.469247514170568,-0.37558880421144875,14.418393571166794,-2.75252670985545,-0.5041396843673757,-0.21437987021670324,1.160396883139518,1.704012676789744,7.55,0.072,1.3595319,93.82666,0.6865633,14,gaia_vari_cepheid
3033127521015342592,-12.59971982234717,-4.765395763900446,-0.03165104539282466,13.470780838104691,-2.7800068414297763,-2.409864687257599,-0.9382115701536407,0.9259643960931678,1.1508294546174125,6.52,0.045,1.2217183,89.40119,0.63955903,37,gaia_vari_cepheid
3044483895581000192,-9.914638720275335,-1.9064737074836693,-0.10127846150624792,10.096271735195595,-2.9516226109762145,22.91246690590344,-12.7228957456596,1.7826042988873323,1.265272324480814,2.6,0.037,1.1947569,39.761032,2.0967255,17,gaia_vari_cepheid
2940212053953709056,-22.649472134788073,-15.7840730559753,-4.957189972088745,27.60680260770716,-2.5329604828500614,30.929790736003948,-60.81031769639168,2.2158063387334885,1.5567807034833607,22.0,0.116,1.155965,126.71395,1.7920841,45,gaia_vari_cepheid
3032164280111730176,-10.091423554388502,-2.205607517046306,-0.09330717237547737,10.329643453349115,-2.926413826911514,8.22147284264652,-18.50233598535209,0.9618758580365799,0.577886656281275,2.94,0.053,1.0889169,59.569782,0.84811974,22,gaia_vari_cepheid
3031875585286181888,-9.988788927573086,-2.124829430920275,0.012453011768411012,10.212286930463307,-2.931995410348311,-23.914716639213403,6.094731918075837,0.5409805273740832,1.1430897185715254,2.81,0.045,1.1487715,68.56735,0.63084245,14,gaia_vari_cepheid
3039967784706458624,-11.944739449792642,-4.39730465923167,0.6131595735382731,12.728436227185695,-2.788852090488271,-14.077040883618656,-0.9608606170366158,2.8343324589790875,3.1425336722230908,5.84,0.107,0.96594,95.23907,3.054117,20,gaia_vari_cepheid
2935055065243490304,-12.434892479474234,-5.109606387412928,-0.386932288427101,13.443757972024633,-2.7517176799390546,-16.87254049752445,-0.3906862274743901,1.550407875129879,3.6763648249089185,6.68,0.119,1.0205283,105.17861,0.4941635,18,gaia_vari_cepheid
2934506447605427200,-11.324989480183302,-3.8212542973442063,-0.46091785051482964,11.95229564273048,-2.8161704945139108,14.826658367826946,-13.81349645386112,0.9558548976812613,0.6768133615130897,4.99,0.038,1.2062722,69.3039,0.8745531,26,gaia_vari_cepheid
2932737092877188096,-12.576540122700846,-5.539733057048177,-0.8291758466409292,13.742561762686627,-2.7266824625277746,15.604918378139645,7.056833737759661,4.429171286178694,3.0502960351217188,7.14,0.084,1.0662609,76.095215,4.8343554,21,gaia_vari_cepheid
3027746854704868352,-9.91020943984846,-2.2541420699773185,0.015486136883091636,10.163336441016954,-2.917941263272497,-21.202010901626437,-11.25157820695378,0.7776708282932141,2.2140140425969386,2.86,0.123,1.0075736,77.48371,0.29677334,17,gaia_vari_cepheid
2932101334643047424,-12.509355734171589,-5.620251610348232,-0.898752862249998,13.713905681740469,-2.719334430981848,8.964156935649507,9.861891382647883,1.9981224414944043,3.146056818021021,7.17,0.112,1.0651358,80.89588,1.6047136,26,gaia_vari_cepheid
3027495856819349504,-11.420035647076475,-4.218878095520706,0.15886996032806805,12.174405388574911,-2.7877161689478074,-13.193102774527565,-3.307165921416498,1.8765808184212376,2.7341545617456324,5.34,0.09,1.2132269,92.889496,2.0009174,15,gaia_vari_cepheid
3029446630962737152,-11.613329372752801,-4.5185809143781395,0.5588202701434524,12.461420167855081,-2.770530380234097,13.81182859730637,-16.380049052410016,0.7165545951500326,0.6508496634697392,5.72,0.045,0.87826747,80.00182,0.19812416,20,gaia_vari_cepheid
5620483714972582912,-10.177556307068919,-2.877037869603721,-0.03989816003331254,10.576388763972902,-2.8660963121932124,34.58904499169258,-14.012956455268437,1.028295088531077,0.5367722579484928,3.52,0.048,1.2546968,43.719677,0.78594226,24,gaia_vari_cepheid
5716618479048161280,-10.526969522816106,-3.413676899759694,0.05466390090035427,11.066628994876991,-2.8280128620829217,-9.32144238922323,0.27634322842297365,0.6672309004016214,1.4364625702949938,4.16,0.058,1.1565766,75.99865,0.5885088,21,gaia_vari_cepheid
2928116120387181568,-13.082845827884697,-7.137513147131068,-0.7606721763528,14.90318586348801,-2.6421625542044285,10.596141428463618,-2.9677443296957904,1.357607398101246,2.2638071097679036,8.71,0.077,1.1088215,97.060265,0.8801297,38,gaia_vari_cepheid
5619786177922254848,-12.131454792429516,-5.7664366784041645,-0.41475110588520697,13.43219964662549,-2.697875620850365,14.808582293784834,10.85141912873658,1.3708009463337198,1.9389658337935267,7.02,0.058,1.2902275,77.85748,1.364498,31,gaia_vari_cepheid
5620362459452827648,-13.246181218399874,-7.416612428650369,-0.1454243424296125,15.181154659231316,-2.631176118493742,9.204467666258278,-6.7563556638124,2.6154719258552404,3.4128330782069987,9.0,0.114,1.2962108,103.73399,2.4342644,21,gaia_vari_cepheid
5715901567412202496,-9.864896615367634,-2.587697904701172,0.1926971887998355,10.19864528640381,-2.885058586022244,-26.151781146271798,-18.44855144327113,0.7220441117748096,1.9731060095030986,3.11,0.09,0.99569327,87.730774,0.8304853,8,gaia_vari_cepheid
5619192029327633408,-8.944640525623633,-1.2243661584591692,-0.02722606942679851,9.028048882378112,-3.0055554297214457,39.16464624286135,4.886035529245959,1.0492015355783846,1.1596501195736575,1.46,0.028,1.041055,5.954079,1.6094663,27,gaia_vari_cepheid
5611465073923671040,-13.377329637308474,-8.054720751787382,-1.2954915724495615,15.615104053911583,-2.5996178158968197,20.49983718476105,-7.574496987906741,0.8459659839807119,1.6221076100313816,9.69,0.056,1.1478177,98.70074,0.33664918,34,gaia_vari_cepheid
5619369359933925376,-12.528583221750877,-6.809366267699893,-0.47681084448788275,14.259483388679506,-2.6437485303458543,14.578863838136956,6.323850863963003,1.7826026090518943,3.578218179480879,8.11,0.111,1.0245625,87.29954,1.1782123,52,gaia_vari_cepheid
5618354751226656768,-11.891560014213244,-6.048753928556142,-0.32266258840227674,13.34153752982986,-2.671041536902227,0.0723410079258949,7.204793972210922,1.6360544983624299,3.061098342289619,7.12,0.084,1.2986962,93.07723,1.5347862,45,gaia_vari_cepheid
5615233993628681216,-12.013764339230864,-6.485962994236656,-0.3909780287855536,13.652774427243077,-2.6465541137280364,-1.7734708390807856,-2.29780565989239,1.3729140931010122,3.5348905714697896,7.56,0.103,1.152245,103.51926,0.8681982,32,gaia_vari_cepheid
5616601820448125952,-9.854105644310227,-2.862231338174468,-0.23791198561937138,10.261372534045076,-2.858910237585392,-108.88598130983887,90.07737842915489,2.16401824704869,4.51768109659468,3.34,0.057,1.1134018,77.3203,2.0117052,21,gaia_vari_cepheid
5613541295473114112,-9.041074043457147,-1.5347710984015566,-0.13183687495963425,9.170416685394578,-2.9734402402048628,-2.9217696534265847,2.5443016912336134,0.25560217846984673,0.5213896923145467,1.78,0.034,1.02761,39.59123,0.35271445,25,gaia_vari_cepheid
5613165915335320576,-10.493276469579243,-4.042822874088303,-0.39541133486470265,11.24514419019503,-2.773842193944975,-3.883578730911753,-2.727917594955528,0.6972672201575493,1.355470316229948,4.69,0.046,1.2963706,78.72577,0.6205508,29,gaia_vari_cepheid
5613446458292580352,-9.659639784925714,-2.621956418062692,-0.15950502501739933,10.009160615792906,-2.87654456863335,-5.182265320614002,-4.930952165736102,0.2563718233283956,0.6360193580437343,3.03,0.031,1.088978,62.838116,0.0718365,28,gaia_vari_cepheid
5711201189563596800,-9.350560491992988,-2.1314632902198234,0.13971732913006268,9.590417992557722,-2.9174718312871653,3.343391274822635,5.860608681999878,0.2761330508395865,0.6840474701915904,2.45,0.043,1.05155,40.01105,0.20915648,31,gaia_vari_cepheid
5614274807174596608,-9.854322789179054,-3.0449848426060866,-0.05319252694589,10.31404917212607,-2.8418996502102916,-23.60359827713106,5.4020717614581315,0.17203053950175665,0.9545510108251795,3.49,0.033,0.96002585,73.6595,0.1616639,25,gaia_vari_cepheid
5614191175568405504,-10.56276992687079,-4.354858083581749,-0.11342601260080237,11.425274502441647,-2.750541918196394,-23.847793926121916,9.826780950232035,0.42217816898971305,2.135200617670256,4.98,0.055,1.1173387,89.57824,0.4451762,32,gaia_vari_cepheid
5613972681993586688,-9.43296792110301,-2.3634909716166232,-0.05773747755248199,9.724555176123571,-2.896090339794783,2.743976853062775,-7.993149452669286,0.4951952483847601,0.8078722358305308,2.69,0.046,1.0587691,54.229027,0.501322,25,gaia_vari_cepheid
5612661716228386816,-12.189746568476131,-7.481675333020041,-0.7923514144928542,14.30263567292393,-2.5911111456588696,14.539741990999453,1.586078475957862,2.365603458414537,5.933177045606831,8.54,0.172,1.3396214,94.26736,1.1945745,29,gaia_vari_cepheid
5699042480743325696,-10.147426661041033,-3.7204832899810443,0.25285280262913196,10.807972231285317,-2.790168692397209,-14.604956494610333,-10.193824223076604,1.2655517490280623,1.4612107932540022,4.23,0.039,1.3478196,85.56971,1.6739331,25,gaia_vari_cepheid
5698636279917579264,-10.317694116298759,-4.039984625057008,0.22394542047509675,11.080446184527185,-2.768384227916127,-0.5889633394579924,-2.65377858389931,0.6653231078100158,1.3132809359073794,4.59,0.046,1.0232496,74.02222,0.64645493,25,gaia_vari_cepheid
5614312705966203904,-10.079043882675371,-3.61784214272605,0.0046230303880520586,10.708683736042467,-2.7969696111343203,-14.612960404329936,-0.45392479806335473,1.0551461029702545,2.8609812388897438,4.1,0.087,1.36213,78.250786,1.1798949,32,gaia_vari_cepheid
5611944113094713344,-11.85947293602216,-7.081840131684832,-0.6330429647902945,13.813021319428413,-2.6032741197857643,5.742786503225644,9.975704402942029,1.1739370123024666,2.324593742512318,8.02,0.057,1.0243574,94.02722,1.2245417,21,gaia_vari_cepheid
5600034688481641472,-9.928297361674751,-3.539629179372823,-0.25827483875465124,10.54040147381993,-2.7991218812381047,4.925046692335003,-6.424049817659778,0.49011330351830706,0.9681104696964178,3.97,0.045,1.1067336,65.47568,0.36468554,20,gaia_vari_cepheid
5600052040150252544,-10.102200818960766,-3.9016237213080203,-0.2457708774857626,10.829456544503284,-2.773025895466222,13.202709828786482,-11.71787011043915,1.1834049044288573,1.7054678689657614,4.37,0.09,1.2365955,68.00004,1.0991353,19,gaia_vari_cepheid
5601254523607154688,-11.941913118388992,-7.8377135018591355,0.24156755617978937,14.284223530328,-2.560787543932059,-0.8482651015643579,6.953549173542086,0.9644567478024666,2.6234565579359375,8.71,0.058,1.1635538,107.24722,0.87121004,25,gaia_vari_cepheid
5593427031607304192,-12.371531067314015,-8.757382722275992,-1.0600081578318938,15.157392028114002,-2.5256071680070615,2.1628423136435306,-14.095812364795108,1.237664029478368,4.210698565599633,9.78,0.113,0.9171437,121.34996,0.5341226,27,gaia_vari_cepheid
5600628115523816448,-9.723115973652618,-3.292997600163406,-0.05748491793190275,10.26561334902989,-2.8150403627094462,-21.83907492992067,4.302804652846675,0.5265201146989412,1.545521845543336,3.65,0.046,1.1797553,72.98781,0.7277188,27,gaia_vari_cepheid
5600915775257808896,-11.840039165522454,-7.8335638624595,0.12580990614380244,14.196874664106078,-2.5570945560672413,-8.756188315382104,0.08735117939613701,1.6975547425440876,3.8936206015557273,8.66,0.087,1.1051075,117.09101,1.7883265,26,gaia_vari_cepheid
5600471160241231872,-11.513644809169751,-7.214267485317752,-0.03722895193756865,13.587114194759478,-2.5818549764959537,-7.888314271095489,-2.10566044789951,1.3707360330976726,3.0027379676694714,7.96,0.062,1.1656202,112.0721,1.4018062,34,gaia_vari_cepheid
5600862070985787392,-10.24874902558882,-4.5380751966992,0.0389401981726844,11.208522787611411,-2.724748139189521,-31.885721377063664,1.6084448600826988,0.6999379354505054,1.881255427586883,5.0,0.044,1.3472925,99.0112,0.9014651,27,gaia_vari_cepheid
5592331544376194048,-12.40586323714346,-9.492387865068093,-0.9868129191597615,15.620847289427024,-2.4884637268913474,37.799955278877015,-24.802417245517518,3.8873257367499856,3.304776045337082,10.45,0.112,1.1703097,101.91707,3.9285522,25,gaia_vari_cepheid
5597379741549105152,-9.257627335414668,-2.506137212661374,0.01131773323855539,9.590849160012006,-2.8772186847568326,-3.4776089548155906,-19.184936912939406,1.1188167319662972,1.9073983978757036,2.74,0.082,1.1803056,65.45438,1.4694297,24,gaia_vari_cepheid
5597352047599988736,-9.761075818931058,-3.6721204266084,-0.0022652029526913408,10.428953426419897,-2.7817700114283377,-20.783832963485178,-7.837762979763397,0.637788899454994,1.7669558065631255,4.01,0.049,1.038732,84.194305,0.9111304,23,gaia_vari_cepheid
5597327141100381184,-10.089357568561564,-4.434449023959573,0.01761927942148705,11.020865405783091,-2.7274901060529766,-17.28678823283456,4.820828339802063,1.1151936826133073,4.618739980531407,4.84,0.12,1.246527,83.105545,1.4436488,16,gaia_vari_cepheid
5597624112320733184,-10.42817090918483,-5.288201920939052,0.1553308917691562,11.692383335650275,-2.6722753589430845,3.3481262850730342,11.122088263877146,0.7799798550996744,1.478673311926404,5.76,0.039,1.0611508,73.80311,1.0283208,30,gaia_vari_cepheid
5595650351503904768,-9.450682891045131,-3.0317636723176626,-0.07591390830427985,9.925069172145767,-2.8311656656301367,0.5157972809101409,8.54263774931809,0.6137856102533842,1.132396068176816,3.3,0.04,1.1658694,48.41482,0.86637354,25,gaia_vari_cepheid
5692956237214170112,-9.267705676631497,-2.639215044277483,0.1544087705333113,9.636172713199379,-2.8641611908860987,11.923020078547319,-18.4968417049204,1.0681974824069895,1.354416633404323,2.87,0.099,0.92531246,55.76092,0.8924046,32,gaia_vari_cepheid
5595072317623907328,-11.567232814951083,-8.298187764691772,-0.5261832014858162,14.235898116148535,-2.5192923207250066,-15.57622576131073,-19.733909295165745,1.6035373484918816,8.645023887072412,8.99,0.191,1.2015558,135.12616,1.0560071,24,gaia_vari_cepheid
5596601154188852224,-9.666075134184885,-3.733181239288408,0.08144995047553255,10.361932766867495,-2.773026264961792,11.74677911629037,-18.67150307499776,1.4816360746904451,2.450625683127209,4.03,0.121,1.24925,68.87094,1.3874192,11,gaia_vari_cepheid
5594382644652353536,-9.716473397872534,-4.055074410947176,-0.15269861321738648,10.528698104223675,-2.7462278202790267,-13.184846738836105,0.21921672302872253,1.0462937304538842,1.608595491347902,4.35,0.037,1.0872713,75.606804,1.4042411,24,gaia_vari_cepheid
5587972801102906368,-10.768002942384154,-7.033382530589751,-0.9857018235106284,12.861506800868975,-2.5629891913815244,3.408337094023163,-27.03281804898984,1.2653204588021125,2.8701959191708144,7.57,0.082,1.0618863,114.21644,1.2851411,23,gaia_vari_cepheid
5594091823824942080,-9.77653825158653,-4.4487508179636475,-0.16938121293696945,10.741139791710507,-2.7145524204846065,-8.319064427909233,-1.0434257583692954,0.7083518749670752,1.440274013345421,4.74,0.037,1.1390667,77.108894,0.92542315,22,gaia_vari_cepheid
5547755143963426816,-9.453450375069771,-3.5907124243133586,0.019520258491938888,10.112415127358306,-2.778593427879357,12.137345173317275,-8.064195161731192,0.3731999102431854,0.6801353475982242,3.82,0.033,0.9769245,57.430138,0.36782408,29,gaia_vari_cepheid
5547742052903182336,-9.605349408960986,-4.088538303548418,0.0430131509375568,10.439295126003946,-2.739169699338976,-2.3052476910569357,8.1335451902834,0.869784078900305,3.465153809375155,4.34,0.105,1.0490304,60.699074,1.1817044,25,gaia_vari_cepheid
5547538196579026944,-10.153376380402314,-5.7192064259129864,0.03294996161341584,11.653341755235534,-2.6286099280655173,-11.277918006564999,5.370842170465579,0.5534858675156911,2.36406490246334,6.06,0.053,1.0914484,89.3299,0.6072212,26,gaia_vari_cepheid
5547421437881152512,-9.670402068507432,-4.3944088037502,-0.001070569750546928,10.622029227086042,-2.7150704496974,-21.323253221667166,-11.346013754664654,0.6324343976301099,4.497405961297811,4.65,0.125,1.0476631,91.47058,0.84021676,20,gaia_vari_cepheid
5587468095205750784,-11.54322182822263,-9.892252633145867,-0.8127119969870823,15.202060134519161,-2.433063148854418,10.6301032942429,-1.734841037336082,1.4057904856485968,5.323784675326618,10.49,0.115,1.0761151,113.649445,1.1809124,28,gaia_vari_cepheid
5547358117187868672,-9.120225703510885,-2.8704598270907775,0.009843288668007152,9.561279020189852,-2.836672368510044,10.35724637310679,6.349727742763889,0.38000357386812256,0.7383486114918001,3.03,0.035,1.091589,37.208874,0.61462295,19,gaia_vari_cepheid
5545837900614099968,-9.568694427021237,-4.205803489360565,-0.10458117873202483,10.452210102596712,-2.727473025023512,14.926815711659161,-16.876372639609713,0.5017551052272594,0.8794368643163556,4.44,0.039,0.954956,68.3068,0.39788038,23,gaia_vari_cepheid
5586922973654572032,-11.774857445117473,-10.84182211214874,-1.2456148376022842,16.00601057616531,-2.397425412445622,-5.1378406163683925,-6.697932786163108,0.6228380613706244,3.571222982664798,11.5,0.064,1.1108938,135.81422,0.38289005,24,gaia_vari_cepheid
5546476927338700800,-8.657214330144354,-1.6015945905253948,0.0003513800865176343,8.80411637760752,-2.9586597772372945,11.207623343485148,-0.023574300035505757,0.8433254322253104,1.6014213069684482,1.68,0.085,1.1569617,25.804901,1.5771053,25,gaia_vari_cepheid
5538569613358405632,-12.072282916717786,-12.857323454392057,-1.4420205532882444,17.636631799528395,-2.3247146028580357,33.12077349761309,0.6839563865179628,1.2542183210775266,4.605966898961071,13.52,0.092,1.3362021,109.82707,0.9308608,17,gaia_vari_cepheid
5541507237862359040,-8.614582461841755,-1.6553739172592192,-0.042443777831914394,8.772188654937471,-2.9517472703034677,4.038295769213182,4.155582073010208,0.9995799651699141,2.0499219255566565,1.72,0.049,1.0414649,24.997728,2.269764,27,gaia_vari_cepheid
5537860123428416512,-10.345391352439535,-7.982507651579184,-0.7127758895930335,13.067040622981583,-2.484410031723902,-17.78492886713686,10.48152837824955,1.4206118085127162,7.357241840523719,8.31,0.122,0.98610914,109.94603,1.729624,18,gaia_vari_cepheid
5540796987700558848,-8.98133074861668,-3.1896146286165945,-0.1533855616521827,9.530894160315308,-2.800347628692789,23.855947497465348,-3.415954160059215,0.516817747536939,0.7897233143821321,3.3,0.042,1.0668945,37.723675,0.5939901,26,gaia_vari_cepheid
5537743094157581312,-8.429191806046346,-1.0789051695192402,-0.1059205293184913,8.497959217831902,-3.0142885746798735,4.062332964810671,10.966932062818358,0.22175500435781384,0.5015023917264165,1.12,0.039,1.0484828,12.69965,0.43942747,27,gaia_vari_cepheid
5542528959037609984,-9.216753128352334,-4.163954719732923,0.1217535837701415,10.113706399583618,-2.7172585641181985,4.62067693446477,-1.3281457773422858,1.7534164432263775,2.3911237518636566,4.3,0.035,1.0481652,57.560978,2.7163095,19,gaia_vari_cepheid
5542410585431412736,-9.276783605111346,-4.547717080766942,0.2169802078572342,10.331526736294208,-2.6857950721538195,21.997719711954325,-10.586669243257234,1.419371320280758,1.9382943910901125,4.69,0.049,1.1295016,57.19946,2.1634247,22,gaia_vari_cepheid
5540698714546399232,-9.435353071904082,-5.257855898681896,-0.27594992174405736,10.801432138508014,-2.633199832683616,3.860465824136309,-4.3491308928422825,0.47006218225221286,1.6764922080349396,5.42,0.047,1.3523276,73.15835,0.38220194,27,gaia_vari_cepheid
5540422122959807488,-9.326539396418811,-4.9206192551488925,-0.07730596366475623,10.544990799763374,-2.656114895184804,2.7825712132376825,-12.963070853708217,1.0315484149505392,2.023826653704554,5.06,0.051,1.0960549,75.91047,1.3862935,25,gaia_vari_cepheid
5540220908024647680,-9.372966113004939,-5.217500419292728,-0.10238290822828838,10.727292500014098,-2.6336550540771864,-7.318634229926499,-11.320080337525354,1.8921592350357823,3.0634052993072673,5.36,0.06,1.0778606,84.6337,2.7772286,19,gaia_vari_cepheid
5626365410677890048,-8.987075008642462,-3.5925142653298616,0.2938462785766797,9.678516206400879,-2.7613084292170695,7.888027153814674,-14.689447449925865,0.23210428709835845,0.8543840012246123,3.7,0.044,0.9586584,58.154915,0.14787844,21,gaia_vari_cepheid
5636850254779527168,-8.88891629008233,-3.3074984533831593,0.9931000984770161,9.484322792441377,-2.7853735201959395,-27.82889705766054,17.765568656377553,1.645882293158543,4.166778942537832,3.53,0.108,1.1968626,49.874287,2.0195262,21,gaia_vari_cepheid
5530071831587999744,-9.61322018909766,-6.746580787182758,0.3067124321119436,11.744375450489413,-2.5296580636576214,-0.816402964486801,5.655381613314944,1.812480657477994,3.290220545531381,6.91,0.057,1.3469827,84.06564,2.4443932,28,gaia_vari_cepheid
5521402358507492352,-9.42648068182565,-6.47765650351673,-0.4792252350678559,11.437594669439234,-2.539524975599635,-13.234488815813187,-25.892078977047078,1.0060561070977707,5.769691243782631,6.62,0.115,1.1671535,111.673904,1.324939,21,gaia_vari_cepheid
5529090109446895616,-9.343932414890789,-6.09169539067049,0.17832425896287257,11.154273876266572,-2.5638539374658174,3.6081988649523677,9.446490434970002,1.0111018344953324,2.910232327986111,6.21,0.065,1.3634974,69.152824,1.4286336,27,gaia_vari_cepheid
5527800347943672832,-8.615997788930633,-2.4050636657124684,-0.026329152582704466,8.945375852080664,-2.869382247610231,13.489551557598297,-0.3645690891840445,0.9007275651344254,1.7408171623953366,2.45,0.039,1.0995845,28.651669,1.851651,17,gaia_vari_cepheid
5521354838988727296,-10.171189381548174,-10.607055186197702,-0.8276063911100949,14.695669877836869,-2.335220538907158,-6.790654493216589,-4.034465506113236,1.450234527546049,6.943881231239739,10.83,0.103,0.82205576,128.65619,1.639426,30,gaia_vari_cepheid
5521352536886238208,-10.168960552891617,-10.65599227984318,-0.8593811040240699,14.729491851192396,-2.3328118219947584,-5.759554009789723,1.598599553627821,3.9147989327922863,7.366549821532319,10.88,0.113,1.0807244,126.61916,4.416071,21,gaia_vari_cepheid
5527242758108169216,-8.801447212756909,-3.557553599079104,-0.14885835163219002,9.49324289425205,-2.757469995372321,-18.515379206095595,22.369905973697996,0.5454581816358607,1.9308381933248497,3.62,0.051,1.1096582,38.342655,0.36414027,26,gaia_vari_cepheid
5526978119406751744,-8.853273943228583,-3.896094536080584,-0.0808163737869832,9.672642459427887,-2.7270238913663047,-1.6712899471765574,-0.7845439655820314,0.3236681150862954,2.2743783147762535,3.96,0.079,1.145482,52.77866,0.3012122,27,gaia_vari_cepheid
5528389583094695936,-8.472877101221012,-1.8620589066886304,0.029703452567890695,8.675074048351048,-2.9252645888463857,11.551666278080504,-1.9790709597866964,0.577936094027516,1.3188753504289163,1.89,0.064,1.1066321,24.584494,1.4040669,27,gaia_vari_cepheid
5526454476992052224,-9.059504869423682,-5.318004243347827,-0.22171880304164177,10.50503677344239,-2.6107806719653643,-0.7255334665569665,-4.416928956144943,1.0041788781144887,4.146664874381715,5.4,0.11,1.0238252,71.24218,1.4036059,26,gaia_vari_cepheid
5525825109665030144,-9.036822172470377,-5.481072945878594,0.29701758915994286,10.569120853452972,-2.5963880042207736,-19.92329729539426,6.1394028321355165,0.4688171076079862,2.118795243859115,5.56,0.045,1.1386589,76.15371,0.48029473,28,gaia_vari_cepheid
5526625622848470016,-8.79918346238519,-4.199065693419957,-0.08887014866707893,9.749758063786478,-2.696342019882545,-11.837067672388217,-19.282838393022814,0.9235340024537079,4.764846833434747,4.25,0.153,1.2106779,75.39524,1.0802423,19,gaia_vari_cepheid
5524866266801248256,-8.674359099843569,-3.88460596327317,-0.030306399836720403,9.504455233359586,-2.7205478648517607,4.552564259753553,-0.018541115751588677,0.9747874648902398,3.0298196672924984,3.92,0.109,1.1495717,44.913677,1.8854061,20,gaia_vari_cepheid
5519380081746386944,-8.251915511638412,-0.7675240561495369,-0.08894402278805691,8.287532973568604,-3.04884786624243,-1.605218200323031,-10.056516282984916,0.22981714907438877,0.16981204614685544,0.78,0.042,0.82932216,26.3365,0.1041077,16,gaia_vari_cepheid
5523162573544337408,-8.348187165463223,-1.5867857449767389,-0.047717585233386435,8.497653673224525,-2.9537578507629325,-5.288436112690952,-2.950925731844933,0.5599261201297286,0.9078685525427578,1.6,0.094,1.2444108,26.492722,0.34113732,21,gaia_vari_cepheid
5522522863932402688,-8.85070136336003,-5.867136864610627,-0.11205854093131601,10.618766859266481,-2.556201733654994,-5.176280335679563,-2.976194367397653,1.1427008239116874,5.7070064488245755,5.91,0.13,1.1732066,75.30517,1.374046,14,gaia_vari_cepheid
5436296928693979136,-8.44571550022495,-3.0963127276189484,0.6172995898279943,8.995402315514024,-2.790194787991159,-42.30897802459392,27.82538870559634,1.1450498294570592,2.118221883686538,3.17,0.043,1.1837863,27.567387,1.7790985,24,gaia_vari_cepheid
5329974119937794048,-8.512134307507855,-4.102745492595936,-0.09811863822596073,9.449283096937487,-2.6924583019073247,15.784167590234645,-3.1380413245267675,0.5489060201946928,1.8184106426026536,4.12,0.076,1.0928073,40.60861,0.8844863,18,gaia_vari_cepheid
5329838158460391424,-8.321214383316644,-2.171688928946889,-0.0772779882730465,8.59993265190061,-2.886304797408174,-0.7528858084381288,-3.8895875726134648,0.349010352819353,0.7207157637299731,2.18,0.05,1.022172,28.534386,0.52599883,19,gaia_vari_cepheid
5521459979795304448,-8.24306381927044,-1.193774588317417,-0.07350007851878182,8.329057503480078,-2.9977708560876337,3.380801927626721,10.680364280559786,0.2413541036973578,0.8240310102287757,1.2,0.036,0.9258762,6.640944,0.86217266,24,gaia_vari_cepheid
5329899043907713024,-8.541477377205808,-5.043134972480043,-0.12539560516545195,9.919175678249172,-2.608240462052442,-3.7978464215653283,-18.757683331214395,0.8832670556683003,2.633190474372256,5.06,0.071,1.110868,73.46057,1.3334726,22,gaia_vari_cepheid
5329352998951582720,-8.32306848080535,-2.6006696412938908,-0.1311165269276558,8.71991694451978,-2.838739447429665,-0.5769817408030353,3.606331070141124,1.1279585397113767,3.4660217549217385,2.61,0.121,1.048974,24.849442,2.8202949,22,gaia_vari_cepheid
5328248672646356992,-8.366253672963667,-5.267375314719233,-0.28842318750535406,9.886326073243366,-2.5796938502547753,-2.9620800192305294,-22.13826308623129,0.4803037505911523,3.037566137334955,5.28,0.087,0.94168276,75.276146,0.46884724,25,gaia_vari_cepheid
5330212537852848128,-8.273419618706221,-3.2776378583795385,0.02153773490496341,8.899010176299148,-2.764396825461401,0.18472939100620675,5.482374098097409,0.46052728212625416,1.2454978709707047,3.28,0.048,1.0500028,26.908464,0.90085983,21,gaia_vari_cepheid
5321764135331264512,-8.195628445811781,-3.3145020803014775,-0.3121378995796969,8.840489220745765,-2.7572790196292543,23.410260379227218,5.970135377450248,0.26818742855691396,0.48595275230451807,3.33,0.03,0.7591149,17.614065,0.36820197,22,gaia_vari_cepheid
5327245711883214848,-8.16109161399291,-1.409744432342195,0.029945253271440816,8.281956030824194,-2.9705409709777477,3.2862493517104476,-20.107689063327882,0.333826657783439,0.6309537036162957,1.41,0.052,0.97421634,33.775482,0.6157576,21,gaia_vari_cepheid
5324581084123092992,-8.036960968681775,-11.755185232436869,-0.7503060254162018,14.239983197357226,-2.1704952911986304,2.7055697514651706,-9.321619551283078,3.886064760102606,10.231728046069993,11.78,0.127,1.0839856,119.879036,4.831001,21,gaia_vari_cepheid
5325601877583915008,-8.020457030978234,-5.256603874470828,-0.1321038040568126,9.589557616432048,-2.5614309809166294,-8.956491204306085,-20.496616295832297,2.1947019641335967,5.3121665352325405,5.26,0.131,1.0785022,70.26864,2.9300733,30,gaia_vari_cepheid
5324034867356093440,-8.119172138955355,-0.9485510077533434,-0.03693516339695769,8.174393264108275,-3.025291332381775,-12.197362041256497,2.3149096390472437,0.46798652844391975,0.3053067416062328,0.95,0.042,0.98555624,10.558925,0.28153786,20,gaia_vari_cepheid
5313672760547588096,-7.989709113698291,-4.527042518912652,-0.027567486552875945,9.183113071805037,-2.6260871620699606,17.129263380146764,-2.222444817731855,0.5222572200326078,1.6187161325283066,4.53,0.059,1.0164152,32.444626,1.0024493,32,gaia_vari_cepheid
5313250548085699584,-7.8984202785471975,-4.491580344196823,-0.10592077522904769,9.08621686319124,-2.62452991843534,4.402735894835333,3.8415185206354465,0.9435207910868325,3.6416303892633066,4.5,0.119,1.3859783,30.646517,1.6474179,18,gaia_vari_cepheid
5311139245252191232,-7.727727469977761,-6.239308304967281,-0.44795270236511137,9.932106522519913,-2.4623603863513206,-12.138987586632986,-2.3570239271289495,0.6881261299795776,2.626678283097514,6.27,0.048,0.8975513,62.85267,0.657042,19,gaia_vari_cepheid
5311598634949142528,-7.888804057993072,-3.7267333079949663,-0.17010324719741227,8.724779115503559,-2.7002613669645577,13.565821076564752,-9.412666725757674,0.3752280064645551,1.0580613716732286,3.74,0.05,0.9921338,30.499346,0.7771777,13,gaia_vari_cepheid
5409250351407633408,-7.987894271466137,-2.2623713495970446,0.09659451671944902,8.302094857058615,-2.865595920522883,15.683485404407323,15.636435990639086,0.19785770029744024,0.32243492697020076,2.27,0.045,1.0812035,-4.281256,0.24646035,15,gaia_vari_cepheid
5312863897941667840,-7.875754220461717,-3.5794670929933172,-0.011981432612836743,8.651016657650278,-2.715009483158526,5.825216358320605,-7.146186393666312,0.45820872989184575,1.3999733516520485,3.59,0.065,1.0891335,28.926924,1.0622797,20,gaia_vari_cepheid
5310863370918375424,-7.533077495771012,-7.810151485121093,-0.2886813947852938,10.851070121321255,-2.3381380643157605,-5.851142821956204,-2.5340944806485197,1.0548427459121141,6.501072126261143,7.84,0.109,1.0514635,78.308014,0.9335159,24,gaia_vari_cepheid
5312442888077720576,-7.823032401867552,-4.046184147514801,-0.0658249448615496,8.807465135682893,-2.664268643225729,9.866046899834256,-13.500558594605081,0.34757148160896495,1.0823404457926966,4.06,0.046,0.85166866,37.158817,0.59736615,20,gaia_vari_cepheid
5310680130436798464,-7.60918351132175,-6.484118379852722,-0.41178691442652654,9.997172844005183,-2.4358553320099423,3.134966616323007,-36.33242562864726,0.5507900240304207,1.776682012210463,6.52,0.046,0.8373019,82.53754,0.60565794,16,gaia_vari_cepheid
5312574309758193664,-7.786852620970045,-3.692170987688076,-0.004436128680179123,8.617841977144487,-2.6988344187228277,5.570020284642417,1.1679529758981744,0.30272299564648436,1.0189243341979988,3.71,0.051,0.93573815,20.112738,0.5078795,24,gaia_vari_cepheid
5309174967720762368,-7.871766807091947,-2.6050317216522076,-0.022732113853232653,8.291616424802152,-2.8220034583086533,4.6039509364600635,-4.220785070384352,0.6459601295797346,2.8207303272703155,2.62,0.045,0.9689342,16.917244,2.835735,12,gaia_vari_cepheid
5309930194773990400,-8.026818142383915,-1.0700342526079158,-0.07357834978938788,8.097825806514841,-3.0090666022463317,-43.655053234130975,35.48341684817498,0.9225794647419381,0.7385045661871705,1.08,0.037,1.0308983,-28.037495,0.7535398,33,gaia_vari_cepheid
5309498980053455872,-7.523852180930399,-5.36354496729785,-0.012572534152646201,9.239911593555277,-2.522279777055931,-10.20744250414022,9.448758742817347,1.6788137363505318,5.009804431551159,5.4,0.111,1.0423241,35.23875,3.1977706,29,gaia_vari_cepheid
5308955099751277568,-7.375004229776533,-6.470739500242395,-0.19277948117104554,9.81127703559628,-2.421411812377754,13.13403611831504,-6.221440906094898,0.916760247067702,5.06376658916143,6.52,0.111,1.1569061,49.228428,1.379629,22,gaia_vari_cepheid
5307968631664881664,-7.367089954483005,-5.179809600878112,-0.11377810012532358,9.005800458526354,-2.528788394841627,29.839990736744667,-2.138802492164018,1.2811062119111296,3.5969386827988896,5.24,0.135,1.1415075,21.194452,2.3812006,28,gaia_vari_cepheid
5308298210294066176,-7.406328819538792,-4.863461825098172,0.015247379800712831,8.860415763795631,-2.5605477036623867,8.567232731062761,8.092047238233704,0.32643819107283056,1.283228794444892,4.92,0.04,0.9016349,17.782488,0.47297183,20,gaia_vari_cepheid
5307731377673085952,-7.56684476261414,-3.6118865242210187,-0.09353468952211991,8.384680311457942,-2.6962444778893393,-6.640084208248591,-11.387093029966962,0.5272431077516846,1.1174317325642464,3.66,0.043,0.920809,28.625378,0.8319559,18,gaia_vari_cepheid
5308216021795779584,-7.219618449956343,-5.623548599812304,-0.004234995688483127,9.151349049041947,-2.4798344451533496,22.716501568562673,-8.128880248894887,1.1878883526763513,3.0410496500645436,5.7,0.081,1.050856,32.04836,2.3818038,20,gaia_vari_cepheid
5257939993613539328,-7.117667479097341,-5.5968546049130214,-0.3099551147331599,9.054610527876724,-2.4752411747472545,10.263849600327449,9.17245485075577,0.9284382647924523,2.4701710580936562,5.7,0.054,1.1464612,19.747494,1.7851954,20,gaia_vari_cepheid
5260109123897149440,-7.217081436273154,-5.013906880970063,0.02560485227592862,8.787805566171654,-2.5344138707626827,-5.988461128593795,-2.7341728569089128,1.1627878823673727,3.4994395027338823,5.1,0.094,1.1842464,31.291027,1.8714916,21,gaia_vari_cepheid
5259873381716782080,-7.492296163354255,-3.3968725401309365,-0.011383439619382655,8.226374952146815,-2.7159297802986027,8.016246644289378,1.3838554124257598,0.3119132437145332,0.932541917078879,3.46,0.048,1.072456,7.5557995,0.7839002,31,gaia_vari_cepheid
5257664497238811648,-7.66327607455677,-2.3772094181473804,-0.1244115438338042,8.023523216929258,-2.840797246049523,12.748942684751665,-5.354798585990409,0.20721596187367147,1.3188452638813266,2.43,0.043,1.0175964,9.274982,1.3055499,13,gaia_vari_cepheid
5258996486831568896,-7.3361940162131765,-3.7322654912018005,-0.012308551374545177,8.231011380160876,-2.6709720860373647,-8.085518440543947,-3.2483805198586424,1.2701694001728125,2.414151969888217,3.82,0.122,1.0693828,15.755269,1.1669136,27,gaia_vari_cepheid
5355057622307185664,-7.627860801198828,-2.3417088233337577,0.06691971828487359,7.9792142856138915,-2.8437316019773333,-4.765081114685809,9.616794593757191,0.5910228600950125,3.8017542375331765,2.4,0.068,1.075225,-6.4469004,3.6602867,20,gaia_vari_cepheid
5258155016852593664,-6.889884288780043,-5.093473845596543,-0.17095751804404374,8.568195920294663,-2.504995211240383,-2.6621604197048634,-12.535023036901066,0.952411520791117,2.7957399290418805,5.25,0.085,1.2072475,32.995136,0.8534786,14,gaia_vari_cepheid
5258119798119217152,-4.671605578527527,-13.992150037905088,-0.5822265316666698,14.751412182044703,-1.8930327898871362,16.103626953332196,17.407726319880027,3.422176178619971,12.830425917055114,14.43,0.121,1.0666529,92.61943,3.7693958,15,gaia_vari_cepheid
5255092670818771968,-7.1233877125339236,-4.017142633938683,-0.17095418738289264,8.17802466641469,-2.6281121767212885,-3.119240946221064,5.709884622572616,0.9707004422467257,2.516443078571767,4.15,0.116,1.0403857,4.393589,0.9565747,11,gaia_vari_cepheid
5351749294895014912,-7.228778536910195,-3.583372745618089,0.03368157480838468,8.068196785511123,-2.6813834927080133,-24.69086460970842,-2.0869901382145315,0.7383992805502968,0.8912417137776613,3.7,0.044,0.8798177,12.382424,0.4149178,16,gaia_vari_cepheid
5255499936802086912,-7.287910940091479,-3.3287364779068715,-0.0940947449092065,8.012124088533135,-2.7131415360512503,-0.023076430931971665,7.014258315954436,0.27215660238821304,0.6192839656226875,3.44,0.043,0.8641007,-3.066847,0.44314575,13,gaia_vari_cepheid
5353763875087503360,-7.162063486696941,-3.787008005406045,0.2267588519156209,8.101640761011748,-2.655203151140788,20.418509291297646,-5.102418129025551,0.34438923801607574,1.1907467097741031,3.92,0.064,0.9846402,5.922674,1.0935187,27,gaia_vari_cepheid
5255066591776722944,-7.476237569894798,-2.561312820336395,-0.08518255030963834,7.9028128894164045,-2.8115309388662793,9.043477691536863,2.417642217601923,0.3127576600459633,3.5982040673294926,2.65,0.034,0.84642965,-2.5163162,3.7008934,9,gaia_vari_cepheid
5351721738384434176,-7.711180528315668,-1.6630753837830183,0.009900894171556093,7.888480517337908,-2.929175554789457,3.6263597679564157,-10.231733236156686,0.283271666125319,2.0257833030585632,1.72,0.043,1.0164715,10.051124,1.9727846,16,gaia_vari_cepheid
5352181712213705728,-7.230511603414346,-3.4783672201811635,0.13002302170876184,8.023673508159485,-2.6932050899306987,-26.307465857692524,0.29342859443721636,1.1630997057816865,3.6078211899234707,3.6,0.049,0.8758907,8.039286,3.6606321,12,gaia_vari_cepheid
5255564838021756928,-6.636190227127436,-5.690929519452973,-0.1120023187569475,8.742179335040143,-2.4327261142755776,-12.221726293554859,23.143859229003965,0.8135080954914721,3.2553787087009876,5.89,0.075,0.96703935,8.628866,0.7763695,12,gaia_vari_cepheid
5351454827627440128,-6.8716614399084515,-4.574732284762014,0.01890870201874478,8.25517452401635,-2.5542326294822013,-12.318972447347228,1.4377539149411689,1.3400631998038612,3.7801556103624105,4.75,0.096,1.0804751,12.924476,2.8117843,16,gaia_vari_cepheid
5255209665741408256,-7.023571579770384,-4.02256003413637,-0.1447463536334586,8.093920370524375,-2.621471385492983,-9.227616161684038,2.7512553520580525,0.45811565384216757,1.0165572333540904,4.18,0.042,0.84746104,5.6089945,0.62574476,12,gaia_vari_cepheid
5254662177677565952,-7.341434145736756,-2.8630269792459826,-0.16683913236618825,7.879947893233809,-2.769752226154294,-5.522441662022798,-4.968281364559317,0.6818623462928176,4.938872235141853,2.98,0.048,1.0672319,4.6384997,4.730331,10,gaia_vari_cepheid
5351331755370444800,-7.46975588686235,-2.3723129731844805,0.10699693902512303,7.837418060308773,-2.8340782021059985,-6.676357072838258,-8.873041452677086,0.614340542322632,0.5546875932055995,2.47,0.063,1.0193465,6.434164,0.543439,20,gaia_vari_cepheid
5350654937233413120,-7.271200523626346,-3.0248173428439467,-0.020858766180143654,7.87526996441097,-2.747369958917913,14.664493805125597,-12.11161884210182,0.33343261961070847,0.4454860848682043,3.15,0.062,1.2134143,9.455335,0.42638603,19,gaia_vari_cepheid
5254420143333370880,-5.533976474370556,-8.888777304252692,-0.27551362695384013,10.47068563101216,-2.127653646019416,5.274033962283218,45.23763856086808,1.6487655787070872,9.140201403147406,9.27,0.111,1.0665758,23.375187,2.3203914,17,gaia_vari_cepheid
5351161399793210368,-7.623189513203223,-1.7729825588118011,0.04430093409205065,7.826652254192877,-2.9130776223999297,7.243994667216434,-3.9930346383426922,0.2997382645445751,2.024581703347306,1.85,0.132,0.9155577,1.7364877,1.9440125,16,gaia_vari_cepheid
5245796334347122688,-7.7748871677998475,-1.2385897440703038,-0.19769252271999088,7.872926712864465,-2.983613693967646,14.256321997594963,-9.079021584931922,0.1330956818467245,0.13465106046315395,1.31,0.03,0.9720787,11.176736,0.090257466,25,gaia_vari_cepheid
5350555981191990272,-6.63562113218059,-4.974327022374087,0.05777752894139925,8.293093339361535,-2.498321984916714,7.567536158515148,18.862176540853596,0.5181158967443247,2.9141303155197176,5.2,0.121,1.1402667,-9.1664505,0.7741819,13,gaia_vari_cepheid
5254295559276699648,-7.38114260120987,-2.4710134278264966,-0.09963702277607217,7.7837762981662095,-2.8185462069112983,5.760462135555397,19.417761759681923,0.1869314830724113,1.6243805120030619,2.59,0.04,0.9463451,-23.3057,1.6722794,10,gaia_vari_cepheid
5253717937706835968,-4.95231648352621,-10.061622426691496,-0.5078090101207172,11.21435171600689,-2.0281833617464002,-64.35116650954107,7.632372808410963,4.414205185051356,15.563124790168521,10.57,0.123,0.8339016,111.37652,4.44708,19,gaia_vari_cepheid
5254097093074642944,-7.282431427986524,-2.722887184640469,-0.1076961690544081,7.774826179639333,-2.7837883932317196,7.5986159192629215,8.31036892446403,0.1769140500730264,0.2837076403903569,2.86,0.053,0.94339764,-12.725601,0.3072603,14,gaia_vari_cepheid
5350852677538959360,-6.608077545146545,-4.808469085857891,0.06554928518546416,8.172396453447485,-2.5125396160576647,-19.073343596679806,-2.5221542253818825,1.312282760094191,2.732614731197975,5.05,0.088,0.9953929,15.912619,0.8404539,12,gaia_vari_cepheid
5253571526514498560,-3.3062381647058947,-15.010968665568743,-0.9158082994524733,15.370764167094766,-1.787589672520353,-2.2722877180196726,5.257105123901795,3.315528280673603,15.021830553262184,15.8,0.126,1.0660944,116.400345,3.2762566,15,gaia_vari_cepheid
5350318692839268352,-6.649645885138556,-4.611849376282875,-0.04233753018062842,8.092400451489093,-2.535209950203831,-25.078767527934122,11.736517361622504,0.9984602269215094,2.602717511974163,4.85,0.057,0.9925866,1.2287314,1.4819089,15,gaia_vari_cepheid
5350281236399037440,-7.192547459271179,-2.9373651159554495,-0.05172203729160369,7.7692247218303745,-2.753874429107978,15.6664831139822,-1.9267272514919682,0.31683497787399684,0.9763756977968162,3.09,0.043,0.97493154,-3.7369106,0.99378264,17,gaia_vari_cepheid
5350288078310253568,-5.949495725540904,-6.697128154277163,-0.08811405230392527,8.958126193743942,-2.2971460590723254,11.564639573699221,-8.179662313893886,1.2965376125635197,6.065382368073996,7.05,0.132,0.8887271,29.501713,2.004431,10,gaia_vari_cepheid
5254027106636093440,-6.815006559849872,-4.052065621551208,-0.17187437366502883,7.9286537452554935,-2.605168084680721,3.623645766078892,-7.907165397450683,0.29843057594682315,0.5640505011711225,4.27,0.034,0.89293075,7.8647285,0.3408772,14,gaia_vari_cepheid
5338278761315921920,-5.377176629353869,-8.181928019209828,-0.12532329851070229,9.790708585940054,-2.1522175736207716,-7.944317033003475,-3.6812032283428096,3.332851142520274,11.30695288151495,8.64,0.141,1.235318,54.39109,4.4049535,14,gaia_vari_cepheid
5338207327417387008,-6.62191000080821,-4.486214389458751,-0.07466905840517885,7.998488082568514,-2.5461409200580767,-19.280978949142305,16.36116673450607,0.8199199367632597,2.6972072029680034,4.74,0.039,0.86509275,-8.304583,2.5988505,17,gaia_vari_cepheid
5338331954527928320,-5.750858402208179,-6.989432336383135,-0.05825040120349551,9.051217417956915,-2.2592819510128446,14.918770592951313,-1.5885722827427742,1.0408208111884267,4.401577186759114,7.39,0.088,1.0423602,23.719732,1.5981666,10,gaia_vari_cepheid
5338215200143652864,-6.549500061664817,-4.6200936703185835,-0.06689036796684139,8.015061857544538,-2.527243933097958,17.11812201998889,-8.063108894192169,0.7399203879246808,2.433544230721628,4.89,0.046,0.8021692,5.9656086,2.2076309,9,gaia_vari_cepheid
5338556834679255040,-5.346556896015924,-8.077168152384345,0.05621297908379346,9.686398505338678,-2.1555157103545306,29.918363375914964,16.62209708915171,0.4919700970105015,3.432308301722782,8.55,0.059,0.97724265,12.592433,0.34673867,20,gaia_vari_cepheid
5338021170706962432,-5.9789931432764805,-6.189391685624948,-0.10297971241330345,8.605633529579935,-2.3389056238524715,2.8807287874487457,-6.090962906150963,0.59914072384598,2.5375336556178048,6.56,0.058,0.9290118,23.385542,0.717836,8,gaia_vari_cepheid
5242088403212116992,-6.47851361247478,-4.752661788626275,-0.1357281247841911,8.034857354308745,-2.5086680014981586,32.87398663721337,-25.809939377583248,0.4599605729613706,0.7846411027043331,5.04,0.04,0.83778,18.671614,0.69874346,19,gaia_vari_cepheid
5338132182671764480,-5.416045430968568,-7.75187047626561,-0.0435579368862214,9.456481586251513,-2.18063311083508,11.937979205339614,7.481338687280839,0.8013903343985191,7.137631921672861,8.22,0.124,1.0170112,26.163984,0.51014745,21,gaia_vari_cepheid
5338024572321721344,-7.326054228338672,-2.328211298713578,-0.03256011172322821,7.687108585678785,-2.833887710456339,16.64388806164389,-15.246922007179165,0.1519610340080491,0.4176352400505066,2.47,0.037,0.9245333,8.534211,0.40069476,19,gaia_vari_cepheid
5338148473537341440,-6.757290410355098,-3.9093174295715993,-0.004619437508885997,7.8066469405903876,-2.6171070694488727,-28.359253916413405,11.317259981807041,0.7006974761216961,1.1223926455315016,4.15,0.041,0.8555789,-9.695213,0.6594416,18,gaia_vari_cepheid
5337958876494096384,-5.542414596368218,-7.211948448386279,-0.12567781460302824,9.095634116443819,-2.2260354912746205,-16.89251259657065,-7.526276237533153,1.3162149977995954,3.570476863068004,7.67,0.054,1.33215,46.44193,1.7528212,15,gaia_vari_cepheid
5339394082770287616,-7.7483128681365,-1.0984812691466086,0.035296649990996735,7.825791551095366,-3.0007607870495887,-12.465178606734014,12.75846366922596,0.3821098442932555,0.5373235329522498,1.17,0.046,0.82428074,-18.496717,0.5094745,23,gaia_vari_cepheid
5339554336583677952,-7.39916605428497,-2.033708975449828,0.10130697245677195,7.673566999493013,-2.8733598469695067,-8.968107054094451,12.40509704492456,0.2870476595856839,0.1812389422759812,2.17,0.043,0.9021755,-21.747719,0.15496339,16,gaia_vari_cepheid
5241804518715438080,-4.880380276902908,-8.742738837546252,-0.32573499286452595,10.012671672871457,-2.079929315929948,-27.618138955163175,17.144982257298665,1.0455328184018398,4.890051514256032,9.34,0.056,1.0791621,55.438038,0.8810139,25,gaia_vari_cepheid
5337634589276921856,-7.131642591228093,-2.661819974073705,-0.007399357016879386,7.612201496505219,-2.7843651884376204,0.5227100847661967,-4.7182141261522474,0.24899683039029222,0.9166725703316309,2.85,0.047,0.8973376,-5.313,1.0,55,veloce_dr1_vgamma
5337764640889249792,-6.987761852480924,-3.0134917190314745,0.036716367596253345,7.609858608913763,-2.7344377892941867,32.593912491285565,-5.3320866307572885,0.6772500746398492,1.0266686882385816,3.23,0.062,1.0235187,-6.1387563,0.99432474,12,gaia_vari_cepheid
5238808628736339968,-6.793689076028974,-3.481464880830024,-0.31438747274838336,7.633793878420364,-2.668030187467871,13.538484965020743,1.4831690790823302,0.47259396289346556,1.9699485205320224,3.75,0.106,1.0729789,-12.195953,1.776788,9,gaia_vari_cepheid
5240441472232302592,-7.111653733167206,-2.6471268271366046,-0.18701089628822093,7.588339690565872,-2.7852581245885877,12.457171883191444,-6.750868464093571,0.22861000874604986,2.1638084332211096,2.85,0.054,1.0744047,-4.7516522,2.241289,10,gaia_vari_cepheid
5334506135119057920,-7.482148077473305,-1.6066883978030364,0.0168437549443276,7.652711118347037,-2.9300686069021746,2.8300074717184267,5.453791550357948,0.2435231982073078,1.1108998037972087,1.74,0.039,0.94871515,-13.858978,1.090636,11,gaia_vari_cepheid
5334449269746243584,-7.3248649611903485,-1.9636668412765255,-0.002732060152317144,7.583510675353666,-2.8796690539975813,-3.536791850771601,-0.5507996857732564,0.23092916332096283,0.44117612313994226,2.13,0.036,0.9137133,-11.149433,0.4448105,17,gaia_vari_cepheid
5335963189825411072,-3.7520323306791283,-10.234043727431072,0.1533028700009384,10.900155853263417,-1.9222023285876693,-11.40732563671077,4.031754542341901,1.4449698889670575,9.632660914726076,11.14,0.088,1.1016328,68.811134,0.72922397,16,gaia_vari_cepheid
5334242213610208256,-6.7711298592899505,-3.140021073741811,-0.05686913824119839,7.463774642559261,-2.707374229751629,-5.178737652970308,32.87003303635396,0.3891376304377638,0.9799846300711156,3.43,0.159,1.0113866,-47.92135,0.7985862,18,gaia_vari_cepheid
5335750301244534784,-4.1011299580638205,-9.132305450461288,0.09361112869324767,10.010907539951287,-1.9928843907031393,-27.351759670933973,22.37339293375223,1.1475084954254517,6.475643350273818,9.99,0.056,1.0663009,49.43953,0.590598,19,gaia_vari_cepheid
5336389564126521344,-5.608932468947847,-5.658803456679525,0.29709676416529257,7.9675705207136716,-2.3517685201114,1.1759817654578533,1.9592094482726452,1.743485256189471,5.99363732770206,6.21,0.112,1.0265145,-1.9438268,4.2744904,11,gaia_vari_cepheid
5333640230992516096,-6.453277038476534,-3.7633598686364254,-0.11762590558386182,7.470452599152988,-2.61363981337155,11.318449848838025,-2.8843022254615676,0.30211989278172935,1.2411967636390413,4.13,0.042,0.9343178,-13.182685,1.3040928,14,gaia_vari_cepheid
5334864335384748032,-5.491373578881498,-5.623111489510766,0.03256653594736119,7.85967980303942,-2.344342232432431,0.25971358301359854,-6.759748868402852,0.49973184177913194,2.0414270672622776,6.22,0.064,0.9485452,3.0595396,0.6346017,21,gaia_vari_cepheid
5334802487848516608,-5.39319724517267,-5.70904765010307,-0.043731414071450266,7.8536489351438075,-2.3277529239029144,2.492971285065639,-9.049909322884844,1.2161705190107732,3.9505453689929597,6.34,0.088,1.2615254,4.255195,2.5705163,19,gaia_vari_cepheid
5333289559841206272,-6.480928481531734,-3.446758203485797,-0.04894582590713987,7.340475195518739,-2.6528057503065545,-18.569849589961386,-6.9185025409182686,1.1070057016467736,2.799510277323403,3.83,0.106,1.2304231,-11.623411,2.8040836,12,gaia_vari_cepheid
5334598494092788736,-4.232751674687252,-7.924121741320988,-0.08976135647095346,8.983757126661635,-2.061397306170996,-7.740662493215051,-6.678580883914378,1.4074600267291237,6.423403665974912,8.84,0.082,1.2883232,35.761433,1.1582841,17,gaia_vari_cepheid
5334591003669216256,-6.665861324571173,-2.991838653125962,-0.037387927996711375,7.30649065726853,-2.719712111976612,7.582586545297359,-7.881823643060187,0.1759024241580103,0.27118657489474723,3.34,0.046,0.8881876,-12.244779,0.23494975,18,gaia_vari_cepheid
5334631376367030272,-4.505819691685802,-7.3457096405412905,-0.017155756380499435,8.617532199947082,-2.121006730721253,-5.554963010752144,-2.5586380670981725,2.2511380197113877,8.475669667368694,8.2,0.112,1.3777723,22.104496,3.2120228,19,gaia_vari_cepheid
5332397512328481792,-6.480794529396596,-3.329833984327567,-0.1916419012776423,7.286185016552877,-2.6669658777312453,12.066923116573214,5.41362575903571,0.4948408679805988,1.4505745977118152,3.73,0.059,1.0040318,-26.826845,1.4150637,12,gaia_vari_cepheid
5332375453374624768,-6.550709642555982,-3.162938711591658,-0.19598199749623318,7.2743369535897235,-2.6917677789276446,16.41430163570331,-2.3116257974970154,0.40580337232333624,1.0846069184287281,3.55,0.052,1.0064119,-18.17174,1.0515827,11,gaia_vari_cepheid
5334563996911649792,-5.9929868479681,-4.265492360172122,-0.030237842182863798,7.355971481361613,-2.523026011500639,2.259543987639908,-4.039492458247395,0.470550398636057,2.3898297359903182,4.78,0.049,0.8870299,-15.268242,2.2389326,13,gaia_vari_cepheid
6057402526059795456,-5.766256982589571,-4.5199106698082785,-0.011400045354578895,7.3266166852313015,-2.476773904974314,1.4534209192364531,-12.743667545593013,0.4150597900645302,1.6817526584611515,5.11,0.045,0.90766287,-7.530337,1.7310438,16,gaia_vari_cepheid
6054174119406221312,-4.811781713856228,-5.9582675988906155,-0.05975553143573415,7.658602747354828,-2.250142563613761,29.528441675318966,-14.990859307914178,1.8054281953731754,4.713289199757034,6.83,0.117,0.9947502,-6.6363354,4.2845497,15,gaia_vari_cepheid
6054829806275576832,-7.737118427474029,-0.7315062485813576,0.010880318409568709,7.771621642390459,-3.047327807685255,-7.852684010861814,-4.032425497863073,0.3559475393192531,0.48743063890709326,0.84,0.043,0.81605566,-5.9365516,0.4385043,23,gaia_vari_cepheid
6054836506424836096,-6.328538979842066,-3.208944906029255,0.03804385885182076,7.0956136471281726,-2.6723135206455635,-10.13156765239679,-2.5582831199923817,0.5840539554067659,1.730096139292797,3.69,0.121,0.91291666,-25.52676,1.7612141,8,gaia_vari_cepheid
6053428684887799808,-6.165256649274477,-3.4475927685176417,-0.118214594525137,7.063730278610466,-2.631715869513143,6.424791448700907,5.090949322968953,0.321381249732106,1.0023672491082816,3.98,0.043,0.7942695,-33.35984,0.9818894,19,gaia_vari_cepheid
6153387928308811776,-3.0368739682651027,-8.82849288054667,4.602213458537259,9.336213902915327,-1.902103044953,56.93014882099528,-84.33085692332281,0.97683996713959,5.130471906504383,11.19,0.094,1.1993675,100.90791,1.3786415,23,gaia_vari_cepheid
6054877428876188672,-6.518129866835536,-2.8099157408095192,0.06778527093317116,7.098002777639817,-2.734573092124538,2.4052833837356165,-10.408023071801239,0.5821293026310512,2.5127040645594976,3.25,0.148,1.0228183,-17.125246,2.5017967,19,gaia_vari_cepheid
6058439910929477632,-7.882109026893765,-0.456274835007498,0.03630090555486062,7.8953042649983605,-3.0837697785110216,-11.585553123470989,11.640794978525747,0.23055731313536393,0.247804545609562,0.53,0.036,0.8373478,-19.424364,0.07316262,23,gaia_vari_cepheid
6054673950486185984,-6.280015297306549,-3.181019756498194,0.024928360681271296,7.039707296872228,-2.6727342440723123,-31.603975234057398,14.113645497640846,0.5672183169842429,0.36025629759173444,3.69,0.058,0.92841953,-45.325016,0.30078074,18,gaia_vari_cepheid
6054992602724692992,-5.533222841382515,-4.375333772236315,0.14312774517367494,7.054083968232081,-2.472524375198251,21.35010632483564,-4.300707308811781,0.831754274737481,1.3056785095731114,5.1,0.059,1.3865854,-27.439417,1.356062,14,gaia_vari_cepheid
6060761362259462144,-1.803728345753516,-10.433216083231075,0.9726410477770576,10.587985350606898,-1.7419874106977657,-23.101250797903926,17.96366462187777,1.3040478212573607,9.384585533912277,12.25,0.072,0.9930994,59.06243,0.90753084,21,gaia_vari_cepheid
6059635702888301568,-7.39493777630246,-1.2237971843450006,0.08168590724414954,7.495517611465931,-2.9775878834119744,19.823451864443868,2.0136194720384424,0.35374353680306503,0.5984052229465777,1.44,0.036,1.016112,-9.845089,0.6129111,27,gaia_vari_cepheid
5855468247702904832,-7.637922555471468,-0.8163061328585776,-0.10550850829967562,7.681420224536756,-3.0351213965790573,20.132678618430273,-3.1328843991347526,0.2689390462214502,0.47314662540450503,0.97,0.047,1.0741858,3.4953852,0.4172467,26,gaia_vari_cepheid
6055125982885000192,-6.559855761897047,-2.5320873588373884,-0.003489511121861859,7.031584032753786,-2.773215444957134,2.7398138848153537,3.7580091507185216,0.6833669092699702,1.643552607517505,2.99,0.079,1.0179889,-32.629654,1.4351515,18,gaia_vari_cepheid
6059764002146656256,-7.2705967370887,-1.3920104937817293,0.11255115796765164,7.402652911501613,-2.952424337331871,5.216868817227022,8.033858363292751,0.2644439966056516,0.5999420969615382,1.65,0.041,0.9466301,-23.36281,0.5328402,28,gaia_vari_cepheid
5862720214099406848,-3.6095443702159287,-6.994077704011009,-0.1453528979770527,7.870573898408007,-2.0472296281291653,-15.051650454838425,-28.97451459381918,2.19431233458304,9.560554375599073,8.34,0.131,1.1125965,28.55085,1.050629,25,gaia_vari_cepheid
5862711040048310272,-6.323905169755622,-2.783935296869366,-0.05765624777955886,6.909563830895334,-2.726898065027809,0.0829712785291646,-9.788501187423577,0.7804673450692918,4.329485782182975,3.33,0.162,0.7452511,-23.647844,4.304744,16,gaia_vari_cepheid
6060173364074372096,-7.728296174811527,-0.641521418952742,0.06481035375651312,7.754876626780185,-3.0587731051492697,-2.7113143944301137,-3.64958209568357,0.2667976114677751,0.46891271830872683,0.77,0.039,0.9348765,-6.5843763,0.3969792,31,gaia_vari_cepheid
5863224924277003264,-5.941827160481718,-3.275091958625199,0.021423860673672687,6.784654548500585,-2.637834177071418,1.1208967510299546,-14.041330707677162,0.7942571362437825,2.331254640749271,3.95,0.133,1.1361504,-23.557838,2.3330603,23,gaia_vari_cepheid
5862374417676272640,-6.844845596628986,-1.9300221117734753,-0.016669251420823376,7.111743569169642,-2.866760677555461,-2.8525563477861606,16.955044767385886,0.7213400402633142,1.590772431188888,2.33,0.07,1.0016345,-43.589252,1.4812708,22,gaia_vari_cepheid
6055722403534963712,-7.078222975925108,-1.5675335578606697,0.06981589003457417,7.249717370486481,-2.9236514844440182,28.706583697309913,3.267211329770902,0.7230573203926912,1.3893197505842383,1.9,0.036,0.94127274,-14.772616,1.4209094,16,gaia_vari_cepheid
5863389404349089792,-7.064813238938317,-1.534728234295881,0.04268828187675804,7.2295903655894,-2.9276807485823744,12.005194110734202,-5.102514184216659,0.6127319211848956,1.3805136037081915,1.88,0.035,0.97495013,-13.371146,1.4316193,17,gaia_vari_cepheid
5859114571927308288,-0.557568481068234,-10.705173137120289,-0.383318614660841,10.719683507772167,-1.6228333291418429,16.63152736433556,-17.16817582022182,4.228672386940357,15.038071079034937,13.13,0.129,1.3093634,49.083096,4.347714,18,gaia_vari_cepheid
5859119760248045568,-5.4763456985588626,-3.765593926405705,-0.12211262275206575,6.646055960395435,-2.5392301376781883,14.857623382625114,-12.989759829397343,0.6604552985591831,4.457244862655683,4.62,0.056,0.84163815,-28.920727,4.1479445,13,gaia_vari_cepheid
5862529345743227904,-6.179811382437972,-2.7586713990380556,0.019508426717581958,6.767594595598978,-2.721736034623879,-10.455026508851565,4.878287226249455,0.26334786683868383,0.4177425241700208,3.39,0.045,0.9953589,-44.688763,0.27205005,31,gaia_vari_cepheid
5859149618871813120,-2.6310578072886726,-7.6552353462777765,-0.22312491339806867,8.094757154615282,-1.9018422446235193,-5.910804187716006,-50.13362603805726,4.396734020961304,17.411236433737887,9.44,0.211,0.81418127,45.760998,3.9189677,25,gaia_vari_cepheid
5865201429542726656,-4.668163708172427,-4.663025433626206,-0.06813942996564087,6.598148119051513,-2.356745146057186,-14.485309547808784,-3.1885652505040127,0.2848203329624313,0.968238983175645,5.82,0.046,0.828345,-38.01504,0.52052176,16,gaia_vari_cepheid
5864955727424819200,-5.4563620126407475,-3.5022375097289244,-0.11720621972586415,6.483637404076608,-2.5709588483360215,11.392793281103254,-12.697478957313308,1.4720689409186143,1.436941666339102,4.42,0.126,1.0633436,-33.357,1.0,102,veloce_dr1_vgamma
5864135319959353344,-5.843007110252541,-2.978417688806492,-0.1349294855855115,6.5583308867010635,-2.670182999524503,-10.749000982506686,-1.9260781573687495,0.4505722235178419,1.4049387524398453,3.77,0.071,1.0335958,-44.429703,1.2453103,15,gaia_vari_cepheid
5865284996769780736,-6.45730932976886,-2.1672919518109532,-0.0067545180003488236,6.811313983711549,-2.8177730148814746,1.440707144206999,12.036233521009564,0.6753957541277804,0.9022857846115602,2.75,0.058,1.1641965,-46.582508,0.6418643,23,gaia_vari_cepheid
5864243376958232576,-5.989211963598256,-2.7394325993630133,-0.07581491493324016,6.585981393183652,-2.7126065027893715,0.9851342861038899,15.862797669943433,0.730416065156594,0.6281273560438946,3.49,0.045,1.0696291,-58.32004,0.36354676,21,gaia_vari_cepheid
5865376148813776896,-6.174648101492404,-2.491382126707437,-0.05287214755472742,6.658322917863103,-2.758084990970305,4.1711938033779,9.81232243412191,0.9160692859736599,1.3223155812483607,3.18,0.064,0.91421163,-48.831745,1.2214125,17,gaia_vari_cepheid
5852389305960163328,-5.9547512342598665,-2.6326594603089823,-0.11654577243287206,6.510757106195391,-2.7253187763837676,4.961372731781708,14.11829315192901,0.6676471330137772,0.6016293478938385,3.43,0.038,0.9411643,-57.102825,0.41280174,26,gaia_vari_cepheid
5871738271033526272,-7.282725143172033,-1.0032689338453198,0.10644051772273583,7.35150556448196,-3.004694227700886,-4.4752439685583685,11.24029201063405,0.2648331710893062,0.4860407309580448,1.33,0.038,1.0591781,-31.146133,0.4244889,41,gaia_vari_cepheid
5853901851624637440,-5.711380781526072,-2.7672585636073737,-0.10185641920993654,6.34646282502653,-2.6904083459091184,5.825543009494493,-16.09264590445713,0.752753842980701,1.69909695420524,3.69,0.051,1.1208194,-32.870327,1.5267594,25,gaia_vari_cepheid
5867251679452872704,-6.080240677564956,-2.3070989750720545,0.06379535699908717,6.503232456086287,-2.7789332837509804,-11.828333109699177,-14.067556308026866,0.3125134024261209,0.8916146521031509,3.1,0.047,1.1471949,-35.858967,0.5559532,32,gaia_vari_cepheid
5866191402324494336,-6.013110629455603,-2.3819191804387296,-0.007644097881314875,6.4676918931110094,-2.764434739249573,-0.14669024158150462,12.599921640598325,1.9925329565476093,1.90324789169099,3.2,0.121,1.017363,-57.616856,1.1304398,18,gaia_vari_cepheid
5854021702729341952,-5.95498780187211,-2.4089281341328013,-0.07570863120303445,6.423769491183674,-2.7571934315775186,-5.338427756918938,-0.9836278195066086,1.253469990322386,1.7479531131128252,3.26,0.121,0.9174726,-47.872746,0.4408946,36,gaia_vari_cepheid
5866546239659250688,-6.817646447578078,-1.4238392301458427,0.0009389384856673356,6.964741290060693,-2.935705827439606,-17.948399209995785,25.853076090390005,0.6475739972869871,0.967617700375319,1.95,0.071,1.0201926,-61.139698,0.65566564,41,gaia_vari_cepheid
5854560115494080512,-6.849601463789208,-1.3713921088858665,-0.013265855592277501,6.985539100818038,-2.943990490578331,-3.916438521750705,-8.725197989528255,0.3720484955887545,0.8626729883868179,1.89,0.049,0.89115995,-23.245611,0.62700284,30,gaia_vari_cepheid
5848500161483878400,-7.537014093291369,-0.6354240635896343,-0.10669096566897479,7.563752057217468,-3.057484414282311,21.25370163879365,-6.187749130521524,0.13147748289348246,0.22061138697732466,0.89,0.036,0.95073384,5.1147494,0.037782717,31,gaia_vari_cepheid
5891108161207885824,-6.644128676780449,-1.5182564639931233,0.08829164645230464,6.815390565776346,-2.916938917610358,30.096916400413935,-15.75495432758919,0.6008697140490462,0.8198811167011968,2.14,0.03,0.999949,-4.637738,0.717513,15,gaia_vari_cepheid
5877533315817004032,-7.535099974576559,-0.6149450452457265,-0.019854138842361205,7.560151389723352,-3.060162382551935,24.40512682162509,-7.056304611236214,0.20023650602538462,0.25919400575929386,0.87,0.043,0.91727865,7.956078,0.08406961,27,gaia_vari_cepheid
5878506555352293376,-6.779023598131454,-1.3297677174645197,-0.010203875295733359,6.9082156253575295,-2.947892901844296,5.9800710279953595,14.31153296602119,1.3566853085385042,1.6388286608521538,1.91,0.076,0.8954229,-38.905823,1.8429301,14,gaia_vari_cepheid
5877460679352962048,-7.485702587061049,-0.6359421254149019,-0.0207493033431756,7.5126670103771875,-3.056841917461317,-2.5470800076813958,2.5545896304886924,0.08136560809235702,0.27784947709051194,0.92,0.031,1.0495518,-18.1771,0.05126456,38,gaia_vari_cepheid
5824464493705913344,-7.657477916145274,-0.4597139693004804,-0.08662432585872173,7.6712648872153135,-3.081629977683371,-4.988902136631143,-0.8687003241158209,0.15575912135177825,0.2976046616697328,0.68,0.031,0.88561726,-12.1183405,0.2120619,38,gaia_vari_cepheid
5877982466278766592,-5.672025582862586,-2.268198356728963,-0.061791900937825,6.1087312920209245,-2.7611792766379666,-12.378340836881007,-5.127360757704054,0.8800955782443994,1.1648339330659176,3.36,0.067,0.87243026,-54.91481,0.478833,23,gaia_vari_cepheid
5824226655600824320,-7.3123035752188645,-0.7432478428738176,-0.14533253366087656,7.349979655216412,-3.0402970782098517,-16.746176806942962,-3.746378485283884,0.15240352708746166,0.41492607373909257,1.13,0.031,0.9513159,-24.72393,0.06081308,49,gaia_vari_cepheid
5876584609040033792,-2.0503029061833375,-5.265904526056547,-0.16053471360196753,5.650972702521812,-1.9420918786879053,-14.71739964931288,-72.18598687939468,2.472877278234408,6.833823848346146,8.06,0.131,1.0304778,4.335242,2.6890547,20,gaia_vari_cepheid
5877104712393104384,-6.49732433220359,-1.311471309359698,-0.023000455462783568,6.628361824245752,-2.9424208943692576,9.418616486969093,0.343724582868532,0.8406853547814981,0.877337089631634,2.11,0.055,1.0184078,-30.3012,0.6425977,13,gaia_vari_cepheid
5823134325151372288,-7.423495769392847,-0.5650373131227329,-0.12801829170536944,7.444968542808925,-3.0656244122055645,22.972301199381086,-8.05912758576963,0.8340117913821233,0.7903713523991678,0.93,0.044,1.0388076,6.7749553,1.0664759,33,gaia_vari_cepheid
5881995546318024704,-6.532156420676895,-1.255711228500583,-0.0854805931907357,6.65175752666713,-2.9516741506902564,-6.892918374644232,-6.11652891059515,0.3537455974041803,0.7715291397714847,2.05,0.049,0.83241874,-34.765247,0.29186076,15,gaia_vari_cepheid
5883037264808187904,-5.506398433108362,-1.9748173569129583,-0.03293142596684679,5.849814295967258,-2.7972411384444547,-16.90453416496442,-7.227816733792764,2.7112436080916438,3.5202319552145234,3.3,0.126,0.98354477,-60.906635,3.0742586,10,gaia_vari_cepheid
5888819699572539392,-7.201936930000278,-0.6650520531431786,0.07247537453497138,7.232578363010786,-3.0495103010223312,12.661092145301375,8.301839064862293,0.39057989097545154,0.2784544158002314,1.16,0.047,0.95002764,-16.483765,0.08898792,23,gaia_vari_cepheid
5884368498528237568,-6.878618491175887,-0.8690028311352189,0.00022198640077369502,6.933293464701164,-3.0159244782427814,7.185790993718751,1.9649622362495904,2.500656517380783,2.225092437625928,1.54,0.057,0.98420507,-22.747961,3.2951334,12,gaia_vari_cepheid
5885220791810496512,-6.537649884971686,-1.0967346678415715,0.007981815775930542,6.629003918396478,-2.9753835765476273,-35.070990228881186,18.51819900147953,1.7928140208936483,2.254697610343504,1.95,0.133,1.3318447,-72.1199,1.8869529,17,gaia_vari_cepheid
5835124087174043648,-7.392253545193093,-0.47807253656830956,-0.07976296088038276,7.40769639136491,-3.077010494489939,24.586429156438985,-3.9519941035061095,0.280884659753134,0.29485769411851237,0.9,0.056,0.87837607,6.0062094,0.10440342,29,gaia_vari_cepheid
5932882731154933760,-5.637138418005956,-1.5063732898915612,-0.030214256483320382,5.834937020419108,-2.880470894016879,-40.042747691284184,0.9086794735116825,0.7974664983205182,1.0261105602319665,2.93,0.057,1.0619115,-80.17892,0.36571765,40,gaia_vari_cepheid
5932879565692276736,-5.144417983651108,-1.792637525054791,-0.04870887797433927,5.447805584521854,-2.806288066701247,-12.921717079739082,-10.12607448434764,1.4125234772933606,1.3609449256345512,3.5,0.052,0.8392529,-63.09463,1.2737365,25,gaia_vari_cepheid
5932565900081830912,-6.291045119401665,-1.0969538098699725,-0.07565411702789943,6.385965577368528,-2.9689607582523796,-3.2284845296199496,-1.9611967670918773,0.5485665946375003,0.6549402395697724,2.16,0.044,1.0317485,-38.07718,0.094547234,23,gaia_vari_cepheid
5932569709575669760,-6.51007903478266,-0.956580738300228,-0.06945735970586492,6.579982959552686,-2.995698251055719,-2.763443620343573,6.497678876500515,0.6043152366858091,0.5145449796036942,1.9,0.052,0.91940427,-38.894966,0.07168386,37,gaia_vari_cepheid
5981406000300437504,-6.194393983673246,-1.112654821408932,0.016064839662969618,6.293529818517733,-2.9638650344246193,-9.999805272722279,11.94047863614557,4.1701965658801745,3.4567455190279226,2.25,0.058,0.8910975,-54.275032,4.7791114,9,gaia_vari_cepheid
5932997939411721216,-6.6096553197755075,-0.8701915948456637,-0.04936867586816713,6.66669159763497,-3.010690883046518,10.581950939739063,2.933714529392148,1.7621365491109555,1.3316304539063055,1.77,0.04,0.8673038,-23.586597,2.1842556,13,gaia_vari_cepheid
5981597968165555200,-5.7077559105794915,-1.3480332610107877,0.05407159321869542,5.864782281342292,-2.909666813107001,-48.00810345867858,-11.980033423507194,2.0344101033615196,2.927392865165221,2.79,0.125,1.1967211,-76.39068,2.4630282,28,gaia_vari_cepheid
5934997568683832320,-6.250102053274066,-1.0275746699953123,0.01472720848432801,6.334010213029078,-2.9786411700659126,-17.588696647252853,0.7563636271104599,0.6729077835040337,0.8122454276913764,2.16,0.056,0.82924426,-51.367027,0.2026147,37,gaia_vari_cepheid
5935042378098601984,-5.682426396935251,-1.3019217119654147,-0.008266922464689911,5.829662931994739,-2.916366202898895,23.05315960034492,-14.076220099164289,2.762451608991062,2.166002786332593,2.79,0.114,0.9358613,-21.547024,2.530052,11,gaia_vari_cepheid
5937099633141128192,-4.364405189612868,-1.7509046481184667,-0.27021524367121447,4.702520573684137,-2.7600709147724483,-51.44009337082205,-42.088171753844136,1.0237703431384468,1.3751319004828053,4.18,0.069,0.9316048,-75.54799,1.158562,8,gaia_vari_cepheid
5941298977227278336,-6.553215732305022,-0.6657030768693557,0.010534143454815455,6.586941401036096,-3.040355748731361,0.1354667965912914,-14.921307961034302,2.68075194196574,2.2658986125808203,1.73,0.123,1.2016131,-20.526539,2.7963483,24,gaia_vari_cepheid
5942637838797219840,-6.007997054830378,-0.8648300238901789,0.004897472603330451,6.069922535014132,-2.9986282124280463,-53.32121859816175,-1.9058228454873642,2.045061352958238,2.2958032021958212,2.31,0.113,1.0085747,-81.50958,2.0960097,14,gaia_vari_cepheid
5964193485048328192,-5.79524586880209,-0.8390352272867443,-0.02858238568739863,5.855668603370226,-2.997811787726273,9.866901404115275,-11.920226197422778,3.045883421734432,2.0733414474716847,2.5,0.13,0.90923536,-23.093971,3.2119505,10,gaia_vari_cepheid
5965206341417252864,-5.966369439351775,-0.6118491065771314,-0.0960201963541964,5.997659844977043,-3.0394002361582917,4.196581669336241,-10.317618761161356,0.6224570441155762,0.6947592729974141,2.27,0.061,1.029786,-21.6247,0.2062492,25,gaia_vari_cepheid
5966081350839943168,-4.188445503122464,-1.016517205304865,-0.02439052552316451,4.310032826012768,-2.90350046693046,-65.58008605548848,-6.229172378558246,4.70904322572938,1.615608879410075,4.09,0.123,0.90684986,-110.357216,3.086348,24,gaia_vari_cepheid
4054440301294394368,-7.075231231802242,-0.10615852862463943,0.008039857546093095,7.07602760146324,-3.1265895307486877,31.084598375987937,-4.008665221071112,0.509273089726814,0.46245792632930155,1.08,0.078,1.0540593,18.174034,0.55760604,16,gaia_vari_cepheid
4054155699611497472,-6.823910314493496,-0.09938363675916723,-0.017170701890725896,6.8246339892705015,-3.1270296528634507,-21.177009013284074,-2.106546140964639,1.0152348402553653,0.31287258602914486,1.33,0.041,0.8279009,-34.193,1.0,20,veloce_dr1_vgamma
4041690364529590272,-6.844837783852601,-0.08007714705115854,-0.07351951893176217,6.845306175529042,-3.1298942764127538,-5.1827221132166095,8.034537589182065,0.17930153186993278,0.20628187463425568,1.31,0.098,0.7325544,-17.807652,0.14450498,16,gaia_vari_cepheid
4111834567779557376,-7.270996048646703,-0.0448270145160915,0.13758275751387183,7.271134230686873,-3.1354275496234623,-17.428719124837723,11.30492698542298,0.4532719586632743,0.08060962782345486,0.89,0.036,0.83691496,-30.235579,0.442186,31,gaia_vari_cepheid
