source_id,x,y,z,R,phi,U,V,eU,eV,Dist,e_mu,ruwe,rv_kms,rv_error_kms,rv_source,rv_epochs
4060754379934213760,-6.320770427346961,0.05041069762431616,0.022373694487576364,6.320971446989684,3.1336174187004766,-6.357280945099752,-5.000801147517706,1.4105902570045779,0.3958760898364203,1.83,0.053,0.7409949,-15.556792,1.4688671,gaia_source_rvs,16.0
4063689427455040256,-6.8908536963705895,0.043490796704828805,-0.010742234265860243,6.890990938477734,3.1352813573163405,-12.970327375968116,12.314108825483885,1.726374246972238,0.13485305214114582,1.26,0.044,0.8290687,-21.822489,1.7157663,gaia_source_rvs,9.0
4063755947910057728,-6.760876547579878,0.0493843618866488,0.007041000843310326,6.761056907526704,3.1342883516592837,8.058449987436825,-8.078874592880766,1.8198654712779634,1.331892071426508,1.39,0.131,0.86604464,-1.5062207,1.8443878,gaia_source_rvs,19.0
4063883590025929216,-6.691619670084918,0.06862492673182585,0.0007202770222552403,6.691971547282336,3.131337659365141,41.00142391963073,-11.34230247263855,2.9459417999400763,1.159947874130564,1.46,0.11,0.92581373,31.71714,2.6194646,gaia_source_rvs,17.0
4063826557167149440,-6.821711591375844,0.06620085085365796,-0.0076255860174288025,6.822032804711899,3.1318885240753276,6.723213860580836,12.117800291017375,2.118033778358088,0.18980667049882338,1.33,0.039,0.73667186,-1.2738969,2.0209274,gaia_source_rvs,23.0
4067683678353886976,-4.819392460569732,0.23683296149585975,0.08659210015928959,4.825208134438066,3.0924904905464357,29.46652756061219,-61.300599034224746,3.7387968123638595,2.5753036194203713,3.34,0.11,1.1092546,20.59705,3.6636922,gaia_source_rvs,21.0
4116471792510901248,-6.656973484466403,0.10773478633195482,0.10178385807745582,6.657845203748338,3.1254103175295014,11.140435391097286,14.3703869683157,1.2518843814392822,0.1903607655929367,1.5,0.038,0.75773543,4.169964,1.3103756,gaia_vari_cepheid,8.0
4069642286496840064,-6.652652689606853,0.1945512101211585,-0.008867196482860887,6.655496824572371,3.1123568304927036,-10.105815289588453,-13.632678852498003,3.8604033639443918,1.8665582887279397,1.51,0.171,1.2839025,-16.968113,4.124569,gaia_source_rvs,14.0
4069887786823732608,-5.931185293311912,0.3073121521033345,0.00013585704331564152,5.939141330397004,3.089826003655109,11.105952267719518,0.2209454773999937,1.3556202456227635,0.5084004356900692,2.24,0.133,0.8706315,11.078,1.0,veloce_dr1_vgamma,86.0
4066429066901946368,-7.299403020017666,0.12127502071337953,-0.031652444288026944,7.300410404853418,3.1249798068388714,-6.912428086407349,-4.049362825368661,0.9502263839246577,0.6105236312511895,0.86,0.108,0.8816063,-15.0,1.0,melnik2015_hrv,
4094007532908816896,-5.54177585467877,0.465812494101114,-0.04641540168618181,5.5613182702630235,3.057735039328069,8.319323394755587,0.6993703725619298,2.644534589723899,0.6744315760953665,2.65,0.135,0.8056516,15.262115,2.1015978,gaia_vari_cepheid,12.0
4093976334264606976,-5.467592116248209,0.5004273210273289,-0.07917820103091006,5.49044543304914,3.0503208600707263,7.686745316221156,-12.21214542260094,2.323140970964369,1.0442326484024076,2.73,0.123,0.84041965,12.7,2.0,melnik2015_hrv,
4095359073189127808,-6.157977797200287,0.3900435452482316,0.030419270908300874,6.170318024056905,3.07833760379779,3.8079519277434204,-6.666130052142307,2.31874701707877,1.3165561849884466,2.03,0.15,1.2135363,4.2286997,2.2003527,gaia_source_rvs,8.0
4095782655730995968,-6.1050099502288635,0.43107412877991275,0.022773741100060193,6.120210077840204,3.071099753919926,23.384984240913198,-6.4753641128397135,1.2275120629497607,0.6353779380179608,2.09,0.056,1.0123743,24.320398,1.1950002,gaia_vari_cepheid,11.0
4094784475310672128,-6.312347188314944,0.3942653618686379,-0.039151863005061634,6.324647990315112,3.0792142945730108,-22.113572165125493,7.594964815796203,2.0781938837029204,0.36857913821866173,1.88,0.184,0.94404805,-17.113,1.0,veloce_dr1_vgamma,119.0
4096341040228858240,-5.736039679936539,0.5623890110587975,-0.07770536754538021,5.763543407450504,3.043860189554285,-20.304821743804656,46.60584499087847,1.92483518986263,1.3178246020492697,2.48,0.07,0.7409211,5.969,1.0,veloce_dr1_vgamma,26.0
4096140001386430080,-6.185615865224076,0.46279260406865486,-0.08066999348036735,6.202904209037283,3.066914241053945,-34.49402606886272,5.996936559861439,1.7431863618465535,0.39729463842320795,2.02,0.119,0.8552652,-26.5,1.0,melnik2015_hrv,
4092905375639902464,-7.530139403014273,0.15118515187621767,-0.04468157892152364,7.531656947775568,3.1215180129386146,13.299916188803463,-7.570899707088614,0.951623654282625,1.0373886127663237,0.64,0.121,0.8526962,3.169,1.0,veloce_dr1_vgamma,34.0
4097663134168262912,-5.9218154278712625,0.5701323149931369,0.017785201714040463,5.949197325553552,3.0456118685875495,19.113360742257733,-15.620412671688229,2.6383909734351336,1.3163949829044999,2.3,0.064,0.9354144,21.491753,2.7268455,gaia_source_rvs,9.0
4085919765884068736,-7.347485755352601,0.2100874849652537,-0.12654966661467645,7.3504886692279445,3.1130073297714245,13.839837375809758,-5.296646545164492,0.9362624138644848,0.8976642809693725,0.84,0.115,0.8201806,7.26,1.0,veloce_dr1_vgamma,101.0
4096979650282842112,-6.692181643046133,0.3902915251769268,-0.04493386185352664,6.703552984660342,3.0833381187497837,0.4320831569379907,7.04810360165601,2.203751222290521,0.7038384772167317,1.51,0.131,1.1003364,3.1556091,2.3288589,gaia_source_rvs,9.0
4147381366335558784,-6.490322564946544,0.48112257867572605,0.08855441597227506,6.508130755659867,3.0675987666583393,-5.152097502443251,8.756969266985692,1.2386621537758689,0.2658171835833383,1.73,0.112,1.1902134,2.6,0.6,melnik2015_hrv,
4103989346187406464,-5.613532897701903,0.7635139981553223,-0.07124912424549878,5.665218903004601,3.006409095171773,12.684912296587763,-8.525550107151759,1.134540687170261,0.6422116519947532,2.65,0.055,0.8412262,24.89,1.0,veloce_dr1_vgamma,39.0
4099189015819292800,-7.044394767816469,0.35398626042183345,-0.14022200116924205,7.053283201276373,3.091384116482881,23.567059138931025,1.5424245353047468,0.99733617608875,0.5554645729721064,1.17,0.061,0.9553915,22.024,1.0,veloce_dr1_vgamma,76.0
4087335043492541696,9.641859785994452,5.7568061829237935,-3.783348633165336,11.22970514129942,0.5382577893113815,-137.86945081511843,-160.2944880856507,3.4414059023814154,14.777278754976479,19.08,0.125,1.3867104,44.263557,3.4067128,gaia_vari_cepheid,14.0
4152865318042752768,-4.043978423836214,1.3732706344596304,0.06574799372606294,4.270788419943323,2.814227028746688,-19.46230584498562,-33.98458737110013,5.4409689211466015,3.1352291868440147,4.33,0.111,0.98611003,12.418362,4.5852494,gaia_source_rvs,13.0
4104857784196182400,-6.410885122219284,0.5986768892703814,-0.046190222765326035,6.438777994933435,3.048478264084145,-15.639629263516284,-10.749084161390329,1.3738106717438554,0.964804053784828,1.84,0.107,0.79876983,-11.1,1.0,melnik2015_hrv,
4104869264724284544,-5.156670185513514,1.0400312134339122,-0.07948709901619166,5.260504949820007,2.9425759020747444,15.365632814049963,-5.158268788523401,3.4483242925699558,1.417637057220334,3.17,0.125,0.9132538,38.8,2.0,melnik2015_hrv,
4103901934998323968,-7.077644558873175,0.3810213441079726,-0.061436712137914025,7.087893182491741,3.0878100859859843,-14.3871223430145,0.7684405070710625,1.197971438076062,0.5068627658703944,1.14,0.111,1.0430044,-13.798,1.0,veloce_dr1_vgamma,14.0
4153415176928480896,-6.22601001478087,0.7076488533515206,0.007166827513141678,6.2660966800554085,3.0284182490114446,18.774320662341864,14.390155594449652,1.883682282042645,0.5628967827022411,2.05,0.115,1.1605341,34.451,1.0,veloce_dr1_vgamma,18.0
4175017625462647168,-7.597024329431611,0.20780415495105695,0.11055899960029955,7.599865869131556,3.114246110733474,3.0278913831696497,-7.371407653504349,0.944936334339184,0.6869068019206183,0.6,0.077,1.031427,-7.313,1.0,veloce_dr1_vgamma,92.0
4155514178988015616,-6.517196234416559,0.6827476537876986,-0.021212632737814766,6.552861292339857,3.037212447323315,70.56702255890205,9.022213797000319,4.227079067697452,3.11337044253018,1.77,0.178,1.2140957,75.100105,4.9324765,gaia_source_rvs,8.0
4156360424971735808,-6.584791031535428,0.6634151431346678,0.008153754480166916,6.618126062650196,3.041181865974891,27.561297407129167,13.216176389754821,2.148764084940039,1.2101168237539173,1.7,0.117,1.3029011,38.437286,1.9686121,gaia_source_rvs,11.0
4155550943909053696,-6.348278148380947,0.7708994098884594,-0.027953798018527713,6.394913709298774,3.0207499209481816,-23.49999998959809,3.2116535970808684,2.5467865154951035,1.1653588644580775,1.96,0.11,0.91728014,-6.721321,2.2664144,gaia_vari_cepheid,10.0
4156450099578283776,-6.5053598358189575,0.7310108607077611,-0.022570557998723543,6.546303038506479,3.029691525428434,7.507159780725419,-5.003599939646506,1.931761928982014,1.7542292485695865,1.8,0.177,0.9436102,14.036,1.0,veloce_dr1_vgamma,68.0
4156512638614879104,-6.313403751649796,0.8165233621825272,-0.01212487922566913,6.365985967023143,3.0129748799937612,5.341562757096677,-1.102838125040563,1.5399992789246368,0.9725708449603176,2.01,0.111,1.0094599,17.4,0.5,melnik2015_hrv,
4251917636212432384,-7.182131515871741,0.45490820376793145,-0.0290357201771853,7.196523784795926,3.0783382663454355,-16.158778056351704,15.246532546028618,0.9289193870227088,0.5068175274299488,1.07,0.034,0.8428184,-6.975,1.0,veloce_dr1_vgamma,12.0
4253017873709602304,-7.969238550350206,0.08559072855066455,0.0050567983502893795,7.969698165250782,3.1308529276727515,-16.177895445438516,3.2460523492077016,2.6845925462152764,1.3118782406111418,0.2,0.05,0.9773883,-24.87333,3.041817,gaia_source_rvs,12.0
4252368406036530688,-5.5804900798706205,1.2730674217221742,-0.11209101684248018,5.723859728521022,2.9173027025026372,-14.816502440895796,26.190667135281643,4.151596535314773,0.647157352702842,2.87,0.116,0.7362985,35.541,1.0,veloce_dr1_vgamma,122.0
4253435825622331392,-5.4811083637311,1.3473511092428345,-0.03659902947251243,5.644280636763281,2.9005545327900872,-6.3485436472860695,2.9868253425247815,3.4593544268359957,1.1789004192691084,2.99,0.125,0.9033309,29.855,1.0,veloce_dr1_vgamma,104.0
4253603501158148736,-6.09469617731051,1.05426149856456,-0.013644650988532823,6.185207256113488,2.9703074809098013,14.083905614674967,18.654124861002543,2.1430626486141215,1.5175832798853317,2.31,0.037,0.8354727,42.784332,2.3771393,gaia_vari_cepheid,10.0
4256655397447716992,-5.6477858577708435,1.3217786573508632,-0.021608204606831497,5.800395151562054,2.911695538479401,4.77693883781731,-10.78990731875993,1.9109047478337307,1.4083251889138855,2.83,0.084,1.027771,26.799791,1.4839094,gaia_source_rvs,11.0
4255149654998406912,-5.173010585352967,1.5785301808091703,-0.04634151727935721,5.408492955334164,2.8454202867312404,81.23674803001472,-14.916746718943642,3.803077686671037,4.235155957223048,3.37,0.123,0.96916926,87.66866,4.995598,gaia_source_rvs,10.0
4256744187345732224,-5.7936416438718386,1.2555763909350004,0.008959771935322252,5.928132553433614,2.9281766353903684,-1.0146281709536917,-3.042853855114629,1.8400749560581313,1.0361326140422151,2.67,0.078,0.9051758,24.632,1.0,veloce_dr1_vgamma,30.0
4256740751371777408,-5.899750423743216,1.199534843200139,0.00433524430937748,6.020460024160067,2.9410072264927396,-0.6518238417398412,-0.01524289385943689,1.440478465813516,0.9056684847826789,2.55,0.059,0.9373219,24.656143,1.0492419,gaia_vari_cepheid,10.0
4258436301367796480,-6.475396936949895,0.8975893142964704,0.012149784395210573,6.537310767295623,3.003855017004458,-24.231318825724852,2.0537721565330287,1.4862236117528032,0.6859232291586385,1.9,0.071,0.8670675,-4.644,1.0,veloce_dr1_vgamma,96.0
4258175403559021824,-5.621413121605142,1.3573629831068557,-0.021398247972757443,5.7829680745844705,2.9046648614606068,28.386210046513305,9.744896740322616,2.6798033826809853,1.9039443296425262,2.87,0.072,0.9645215,58.874886,2.4873486,gaia_vari_cepheid,10.0
4270195818718228224,-3.062010353715565,2.740029929820057,0.36427043894518096,4.108974497678347,2.4116319727920073,50.75113998982987,-43.04372239131865,5.05209419217804,3.5538581284320974,5.79,0.147,1.0984279,60.596073,2.841772,gaia_source_rvs,9.0
4258250788823152000,-5.818674196890802,1.2598930136449393,-0.004411962666242224,5.953511553309874,2.928358577421421,31.497967092067956,20.94973961172508,3.6963392734997083,3.0766260786194435,2.65,0.069,1.0302378,64.75074,4.77503,gaia_source_rvs,9.0
4255229094685654528,-6.49609348306165,0.9129127781589563,-0.05185530867305652,6.559926850293526,3.0019744080947763,-18.35826782626415,3.692328614486513,3.3521557742309396,2.3708046371357376,1.89,0.051,0.7990917,1.4844491,3.9164276,gaia_source_rvs,9.0
4190143160245024256,-7.068890841795041,0.6099272787546774,-0.4131833115602545,7.095155320257823,3.055522516094093,4.584538949739199,-29.05401043903524,0.6435090241137268,0.8810853024959374,1.31,0.037,0.95236385,14.686538,0.70554614,gaia_vari_cepheid,20.0
4258676785168631936,-6.376488097393343,1.0080134553026727,0.018576234376259947,6.455671272785675,2.9848072377830044,13.970217148176793,1.6762354539938542,2.7905003413666987,2.1724398227493293,2.04,0.124,1.1667086,28.693289,3.1018891,gaia_source_rvs,11.0
4258763474777908096,-6.435561540892357,1.0084779718494365,-0.05597612244510616,6.51409856897471,2.9861528022268016,7.0314509876091895,9.228401866354005,0.9152597853008883,0.5691986971616728,1.99,0.043,0.8638708,27.651913,0.71914047,gaia_vari_cepheid,10.0
4260210878780635904,-5.453854358005975,1.6067733551752146,0.09870981396632983,5.685617642195242,2.8550858717023186,-59.512613499848115,-56.285843026050856,2.8211202422291497,3.031728019551699,3.14,0.12,0.9517051,-44.3,2.0,melnik2015_hrv,
4255877286812856960,0.3759487825665424,5.149991645131811,-0.42660537779286684,5.163695520849455,1.4979257034270952,-24.44346201192112,-5.554836694707689,6.53005834737145,8.109106271079304,9.97,0.142,1.0563542,64.981575,1.8427788,gaia_source_rvs,8.0
4266218129306491520,-5.566726802417685,1.6948946846314283,-0.0407729173622749,5.8190304419849275,2.8460410927680377,32.659028083980196,31.14314048070247,4.927076962490793,1.6347818934120448,3.09,0.157,1.0138818,82.04802,1.598482,gaia_vari_cepheid,9.0
4278937245406805888,-0.7556076843251791,4.917326649091297,0.42381609276867327,4.975042145195828,1.7232660397050892,-82.86643749918336,10.069773888587207,16.455821604797073,5.543559979670918,8.89,0.19,1.0187856,105.45008,4.0775247,gaia_source_rvs,15.0
4265899816338237696,-6.306743231795977,1.2522827639147547,-0.07875679322923097,6.429869540869577,2.945579677306936,-19.264081422755194,4.661621434521464,2.545403485370979,1.0233533899208815,2.23,0.116,1.095658,11.5,1.0,melnik2015_hrv,
4267549637851481344,-6.50902865444448,1.174993878754749,-0.07821689598692563,6.614231976540469,2.9629984569906735,-11.431438588815583,-0.0725473113775763,3.1967569233968565,1.6310437605663162,2.02,0.206,0.9402168,10.5,1.0,melnik2015_hrv,
4267397694768545920,-7.366521920722116,0.5693711883508713,-0.04817920607925214,7.388492996450869,3.0644542928592666,7.0579302660121925,-2.780596306848622,1.06293109359215,1.5122690801943786,0.97,0.175,1.07621,4.085,1.0,veloce_dr1_vgamma,80.0
4268696016141950464,-6.015964141079747,1.5541342578094886,-0.007367880588689144,6.213465847500446,2.8887847741365293,39.393541508897805,22.796682522479983,3.393766667189725,2.807588130075045,2.64,0.142,1.189544,71.6369,3.0350707,gaia_vari_cepheid,12.0
4268629255170482432,-6.655645932001695,1.0903347368375886,-0.018616957277247912,6.744364507537045,2.9792139800197552,19.971314456214696,19.43222915757724,2.2241831488616723,1.534197039607427,1.85,0.121,1.1722404,42.87686,1.6824921,gaia_source_rvs,15.0
4280905543011090560,-6.771765751385864,1.0289411203167524,0.017975672226197507,6.84949131109174,2.9908003036832205,20.407288006999305,18.525274017086872,2.7539186322429594,2.472541700491144,1.72,0.127,0.85313165,40.233727,3.3817253,gaia_source_rvs,16.0
4281590774975851776,-7.335062023054755,0.6297647077006341,0.018748827639321206,7.362047165641184,3.055945919960641,20.555528553584384,20.894412627343456,2.6755922337387874,2.3515207320521236,1.03,0.129,1.1373067,30.310179,3.5662901,gaia_vari_cepheid,10.0
4268198624632052352,-6.271559940107941,1.4696077364300588,-0.148847058731703,6.441444789900927,2.9114167671238906,0.6981731772388815,-10.11851858737245,1.2368615325661452,1.5111295129047353,2.39,0.031,0.9314908,17.927536,1.7521061,gaia_source_rvs,15.0
4269036830424588800,-6.939457067901393,0.9642918332347128,-0.0795385972337273,7.006134678757593,3.0035190029785164,10.960249648344979,-5.804516967156474,1.045460542123024,1.5694614403502152,1.55,0.116,1.1246014,13.458,1.0,veloce_dr1_vgamma,60.0
4293157229319068544,-7.452829539029838,0.5677056674308939,-0.035319250012426515,7.474420235889126,3.0655662985103884,11.989585471687512,-11.80916931020235,1.189923700671111,1.2192510303024646,0.9,0.044,0.91691726,-0.42364684,1.6316364,gaia_source_rvs,17.0
4307123088542905472,-6.328241371348874,1.607083985624668,0.06366634614081093,6.529116156946722,2.892895791133921,11.4149730707832,8.389948836612461,2.4441610017881628,2.3793907811078228,2.43,0.118,1.0701432,37.87506,2.521076,gaia_source_rvs,14.0
4237423603350413568,-2.720066105791523,4.873479036458632,-2.011909264321986,5.5811788663935165,2.079864834475211,17.284076627123333,-14.73860000342384,1.2947077724578773,2.2297705306549673,7.57,0.053,1.1329855,47.762173,1.7426194,gaia_vari_cepheid,15.0
4307796505080583552,-7.3602727824864,0.7356413352656901,-0.03406866133371351,7.396944207357629,3.0419759181620485,4.516364479418726,-3.7375542895640024,0.7529372723527403,0.9224228863599809,1.08,0.072,1.0190398,2.529,1.0,veloce_dr1_vgamma,33.0
4505300988492333312,-5.376522719106042,2.616934263222695,0.4583676722053393,5.979577032457424,2.6886143786348504,119.47371493785907,8.25452620389467,2.5512364789790505,4.128182659261965,3.84,0.114,1.0597738,92.72017,4.4740644,gaia_vari_cepheid,9.0
4307944836090489600,-6.839798875071264,1.2604244514024392,-0.07880941558264153,6.954963583594042,2.9593590854976743,-30.101127345755074,5.343575301286563,2.365464235896614,0.5220523801176385,1.82,0.113,1.1256882,1.8,0.2,melnik2015_hrv,
4308963877171060480,-6.580005536685731,1.5116703821591477,-0.043242877865755404,6.751416163081051,2.915774116745624,8.249345706491756,14.118867255292884,1.0068806042173768,1.0631742358410319,2.18,0.048,1.0924631,36.252796,1.236942,gaia_vari_cepheid,14.0
4312361436842603520,-7.470661214970486,0.6639257521221615,0.01978048642953242,7.500105092143394,3.0529544381567515,1.2149269642734517,-7.761650180112326,0.7418680703838528,1.0972974857392013,0.95,0.129,1.2614822,-5.442,1.0,veloce_dr1_vgamma,15.0
4506239181160199424,-5.591925158879641,2.5659992568668786,0.354083441486063,6.152558749719702,2.7113821541635867,-11.427649672343883,9.408888986987279,3.7253011883176796,4.381723741355701,3.64,0.109,1.0259914,46.33593,4.7550426,gaia_source_rvs,14.0
4309465117041181952,-5.8782569688857045,2.2808800798185476,-0.06645897440719306,6.30526121035175,2.771456507372806,2.2805846802179337,17.00439575565173,3.010482911946315,1.8916525101608601,3.22,0.112,1.1981014,51.381172,1.5507613,gaia_vari_cepheid,10.0
4313067181547804160,-3.2864099273444207,4.94780994722544,0.17368556203522806,5.939807529239561,2.157099749677711,-5.031812654977982,-0.526782139317163,4.16265829780613,4.810184172709499,6.94,0.129,0.97451067,48.290188,4.355116,gaia_vari_cepheid,8.0
4312800966604310912,-6.147899036616623,2.0423441911327203,0.010919268780940013,6.478258435682013,2.8208606686520175,-23.187507427163748,2.0983329396414945,1.7580444421607886,2.342054333895967,2.86,0.051,1.0854877,21.040588,2.5182865,gaia_source_rvs,10.0
4313930611760205568,-6.3907519251797265,1.8305054671191114,0.08232757193840262,6.6477410023512,2.8626310755591775,7.756575238970172,6.918192783165864,0.8147077853855927,0.9614403493520607,2.54,0.051,1.0697186,33.903,1.0,veloce_dr1_vgamma,12.0
4313179507891570304,-5.9354983632372615,2.308213165801348,0.09573691851576666,6.368515434445526,2.770706662150911,0.13128652107545807,-16.392208702627414,0.9411945096793571,1.0398895656336211,3.2,0.067,0.9160869,18.0,0.6,melnik2015_hrv,
4312997053315161472,-5.227390235226105,3.057636243108412,0.05158270173614759,6.05596797106023,2.612330749003529,30.66355856810687,25.81197622740288,4.914187753809757,1.5361632850264386,4.23,0.216,0.9786934,76.54047,1.4648073,gaia_source_rvs,33.0
4313263895380890752,-6.22034335909121,2.042096302538546,0.05423501384912598,6.54697096479217,2.8243850751040123,-1.4268189570631726,11.41906150806895,1.2904429866303373,1.1879152967345188,2.81,0.055,1.3570275,37.541374,1.0588316,gaia_source_rvs,22.0
4315931963396487680,-6.386938792979571,1.8695899809734862,-0.028485691371650055,6.6549495747318606,2.8568273092663294,19.72570221362563,18.083102331276933,2.6273452160863466,4.3309055494774835,2.57,0.111,1.0369323,49.668888,4.8768106,gaia_source_rvs,15.0
4312947369135938688,-6.627599421944676,1.6156636933546067,-0.0127472062978124,6.82168917994551,2.9024784005344113,11.193226285288135,16.313242195695153,0.6483688356868541,0.4744693734916702,2.22,0.041,1.0944887,39.12575,0.3268281,gaia_vari_cepheid,34.0
4314785619467898624,-4.013664760430162,4.402151242450472,-0.3325984725462631,5.95721750236863,2.310065761313615,30.399167624945697,-23.798522607401992,0.5902709157229881,3.120213147982539,6.05,0.11,1.0434977,24.07338,1.8474287,gaia_source_rvs,17.0
4313231425392045824,-6.233718528917921,2.0413079326757098,0.03606730538574209,6.559434790725446,2.825135284613645,15.241333725804537,19.95636828809492,2.0980124984070474,1.6560663234836754,2.8,0.114,1.0600479,52.152985,1.4968296,gaia_source_rvs,37.0
4313243932361614720,-5.613034501297408,2.706665797453369,0.048809763688839984,6.231548447365143,2.692277423331557,50.59496185722193,32.23724218920154,2.0856395350195127,1.711653892952396,3.71,0.133,1.0597548,84.59637,1.6455847,gaia_vari_cepheid,37.0
4313041003732536576,-6.101176379668658,2.191329469350003,0.025613032029298762,6.4827677776601345,2.796776403305295,9.893313072698044,15.944822644322585,2.5507890522769023,1.4246644649939355,3.0,0.123,0.96042114,48.789307,0.7832662,gaia_vari_cepheid,36.0
4313041038092275712,-5.821912790934454,2.4915063401814446,0.028187989740861615,6.332635500990921,2.7372232617023777,4.535858276561896,5.716308876304311,2.0683398493234155,3.37804912938148,3.41,0.078,1.0826533,42.21039,3.2045636,gaia_source_rvs,29.0
4319239225664800512,-6.077681197246752,2.2240141760347436,0.03488394603701755,6.4718195115879285,2.790796173783855,-0.81815059514012,6.899416071547165,2.5076932522149233,1.6973000631001112,3.04,0.113,1.0304885,36.650913,1.1523106,gaia_source_rvs,39.0
4319051346600800896,-6.41837993035702,1.8718931118875846,0.009313037309329971,6.685774805715637,2.857817838044749,30.30171437960128,-2.720954166672101,1.9709258832118761,3.2831771018460993,2.55,0.131,1.3223633,34.98859,3.1930113,gaia_source_rvs,24.0
4319057393914803584,-6.1028653566489695,2.2202474486176675,0.017690863656432184,6.494186961774308,2.792673509807568,26.150732610653225,39.17478717201172,3.3334391951359117,4.917066047614482,3.02,0.113,0.97197336,76.3754,4.896427,gaia_source_rvs,19.0
4319330347696637824,-4.9185411271750095,3.507686017660787,0.08750212686696601,6.0411843224822235,2.522091769473566,1.9325555924995756,-18.865231776973985,1.9397573392665706,1.5399862862512055,4.77,0.113,1.0357183,27.366028,1.4124148,gaia_vari_cepheid,22.0
4301612233202961024,-7.453893921133354,0.7593721451923219,-0.13730355658867538,7.492474934386018,3.040067022269424,-32.739888814353385,-30.53221846405424,1.251012231456377,1.6615223085113071,1.04,0.035,0.9233583,-42.66954,2.0961552,gaia_source_rvs,17.0
4319340724338573568,-5.228135871151622,3.1951144420329443,0.059021582704708524,6.127165819929294,2.59302340340042,32.912771219299806,4.238006792866372,1.683332712667032,5.046845007490702,4.33,0.11,0.9793217,53.397858,4.8937435,gaia_source_rvs,20.0
4319018739208020096,-7.1986045416149045,1.0405910569658299,-0.005475662940660435,7.273426777963465,2.998032534434959,-5.089996471920903,-7.333274764559832,1.0320466597302143,1.209429462139174,1.41,0.114,0.9414667,-2.1202998,1.2105513,gaia_vari_cepheid,13.0
4319339006351075456,-5.735385140479796,2.6422029547120456,0.07483677605376388,6.314735082608415,2.7098891159380973,-13.501809656473164,3.6296800238909555,2.0082852610757103,1.620039226505245,3.58,0.066,1.21137,35.63039,1.5597311,gaia_source_rvs,13.0
4319016742035655808,-6.505353858087366,1.80227448954634,-0.017991202205471128,6.7503942221622655,2.871326399573707,14.980698813806832,18.08161164551015,1.7363803327131233,1.232349526625779,2.44,0.124,0.9688953,45.07543,0.71736926,gaia_vari_cepheid,21.0
4319169131787176704,-6.812749669410632,1.4737111225960473,-0.0009841257117223544,6.970321551472211,2.9285583666049066,46.39895167182068,35.41919268315044,2.0360241496716647,3.304782076371917,1.99,0.14,1.1243354,69.4132,3.4004126,gaia_source_rvs,27.0
4314923363333177984,-0.5090743236399708,8.443232147806382,-0.7129803874022101,8.458565231098042,1.6310171961114057,-36.36265317744444,31.05336310099591,2.606280968595399,6.047900319994152,11.41,0.063,0.9883276,27.628672,3.742176,gaia_vari_cepheid,15.0
4319185864979621120,-6.5203715032617975,1.8025552642243747,0.0021043183116529708,6.764942721201083,2.871879094460871,7.261763353001305,17.299732810100892,2.2098323764765486,2.4245540082293333,2.43,0.113,1.0003405,40.55995,2.8057,gaia_source_rvs,23.0
4320197999829196928,2.535416537834145,11.873104969676982,0.4655993942709597,12.14079728194533,1.360413363232517,-27.87451250687148,-38.05806525030496,3.855353793165787,15.238082619863283,15.98,0.122,0.97800016,-71.09132,3.8595214,gaia_source_rvs,14.0
4512960358321766656,-4.799643906699062,3.7317991497721463,0.39241289615351876,6.079712700889208,2.4807127146661556,-27.12564562338037,27.078206690207224,5.3904419874634355,4.734533950892656,5.03,0.109,1.001605,70.93557,4.452944,gaia_source_rvs,30.0
4319474521151058816,-5.54541673563809,2.9292316448487288,0.051950588140187375,6.271526512825901,2.655620287691141,27.877759531188506,9.561595325679235,1.8945052484133282,1.8545207969906667,3.92,0.122,1.0839812,54.444244,1.7856996,gaia_source_rvs,16.0
4512950187838606464,4.086505415522694,13.883405156550186,1.278897774721381,14.472334478307936,1.2845360092977893,-4.329721662609141,-3.563509783074352,3.9371353261561888,17.191480542132027,18.55,0.114,1.0524726,-94.40804,3.8398836,gaia_source_rvs,26.0
4319599865468760832,-7.1564283947177385,1.1369555580833623,-0.010349666040692821,7.246180739519196,2.9840375012922995,-7.533166003542263,1.7870222727711962,0.8428922757767203,1.2058793143979756,1.51,0.037,0.9603204,5.507725,1.31704,gaia_vari_cepheid,15.0
4513100717859042176,-1.9811199994321775,7.0736909217106,0.6807326854246277,7.345879097020391,1.8438688101060532,47.79907894960391,45.92644512746111,0.984084565215319,12.049909961751267,9.41,0.109,1.0125531,15.145932,1.325727,gaia_source_rvs,27.0
4316304148125924480,-0.7246291282568214,8.59145975528062,-0.5668759698718323,8.621964283162207,1.654940136194435,18.37325383697894,-43.607989425039705,3.4123864234772263,13.306124170413705,11.37,0.119,1.1413236,-69.160965,3.8316283,gaia_source_rvs,12.0
4514145288240593408,-7.870754004169319,0.3235263615681224,0.05297002891189455,7.877400453244514,3.1005109052991626,6.218247340467602,-12.713097561907631,0.9629910374722938,1.2332328601494391,0.43,0.04,1.0553534,-15.477044,1.605965,gaia_source_rvs,29.0
4319838631289415296,-6.420990082871928,2.008193768661608,-0.008244506886107953,6.727700636683454,2.8384759123349435,-1.5809924582810735,2.241365651778551,2.021713698711122,2.230450803880485,2.65,0.11,1.012549,25.283762,2.2000241,gaia_source_rvs,14.0
4319856154756035456,-6.670610911264138,1.721714579961777,0.001989977559481877,6.889219914063502,2.8890009068776705,16.027392640288834,19.627771062961756,2.334332130356409,2.202768937739918,2.27,0.157,1.0407145,43.469852,1.6719475,gaia_vari_cepheid,18.0
4320956834659913856,-4.915952233314116,3.796747450052971,0.16598628284827327,6.211431200593772,2.483951559348769,6.452754105762184,-12.879351642486341,1.0496280830805649,1.7077117961525974,4.99,0.074,1.1097555,28.97178,1.5857701,gaia_source_rvs,14.0
4320029877589560448,-5.889275723231384,2.671873461816317,0.020544583744288244,6.467029947371579,2.7156788733797446,-10.252152296742587,5.13889103144524,1.6807378791296348,0.8517918735794869,3.5,0.071,1.0347283,34.99568,0.41970003,gaia_vari_cepheid,24.0
4513544886184515584,2.230943165458097,12.317317231799297,1.1640567475287296,12.517723882411055,1.3916163391790692,-9.500016367406777,13.174963421942834,3.555491493613262,16.82717094561486,16.15,0.11,1.0390514,-67.45251,3.6352508,gaia_source_rvs,28.0
4320807988232100352,-5.814580262016067,2.7916857276717164,0.04925058425156258,6.450027350756955,2.6939766279309962,-1.431515556336465,1.2373007491458736,1.4007440469542596,1.9626967741664103,3.64,0.065,1.0331646,34.45079,2.0646634,gaia_vari_cepheid,10.0
4320062347542878208,-6.825693950991735,1.590948511481699,0.006612537853633966,7.00865287189992,2.9125987959771122,26.767206330175558,-0.09383380293687082,1.6665199238244157,3.3044801589204256,2.07,0.051,0.91325796,27.467382,3.5373702,gaia_source_rvs,17.0
4320868358294252928,-5.9409488190033635,2.6626181204416377,0.05203841069198461,6.510330876792793,2.7202527556974867,-10.855858622801671,-7.755778049586297,2.379480963508073,2.0089640997371534,3.46,0.114,1.0434316,21.358513,1.375831,gaia_source_rvs,17.0
4303770918113986304,-5.639076907549936,3.0459104443656337,-0.6408003236784204,6.409115290300105,2.6463483345360133,-33.7095318962353,-5.278059768851477,1.490288189501545,2.576864305834464,4.0,0.041,0.9846143,31.199886,2.5475464,gaia_source_rvs,15.0
4321108842113530880,-5.549153573990299,3.1815448259824475,0.07952730592778084,6.396509428388658,2.621007736380396,3.944413644956882,-21.090696904672654,1.7113432828645883,2.1858705378758634,4.11,0.126,1.0531415,15.70416,2.1077545,gaia_source_rvs,21.0
4321501951856829952,-6.696488992447862,1.7822033228866305,-0.027095425250820152,6.92958970719649,2.8814820634464553,-0.9599636032007183,6.564296127799508,2.1703736244442653,3.162235676556277,2.3,0.114,1.1983743,23.759773,3.393453,gaia_source_rvs,17.0
4322349503525785600,-6.664862608999982,1.8211842353961294,0.01816581680025658,6.9092044126731,2.8748526607611007,30.75346328998309,15.88431143477456,1.6376762343766709,3.0134236097272864,2.35,0.114,1.1473342,45.89574,3.229393,gaia_source_rvs,20.0
4514869866387896192,-7.3404275995898205,1.0164279750157226,0.04383673109499058,7.410465786522095,3.00399775306733,-3.115710705684641,0.6120000092549844,0.633660330720629,0.8725391843874031,1.3,0.054,0.8649904,3.040145,0.9357374,gaia_vari_cepheid,16.0
4321755561092593920,-6.475275834995852,2.143179668380098,-0.016547589240727526,6.820734288200872,2.8219625844309126,25.48127601137052,-7.142812600426197,0.8889665770959111,2.4821640680890225,2.72,0.044,1.0301892,24.219652,2.5739312,gaia_source_rvs,18.0
4322505496740413056,-6.438805975313482,2.190940602521101,0.00629841294339389,6.801355975943924,2.8136110179742087,-38.707445641069064,0.5062758634579438,1.83268078481998,1.4546039718914536,2.78,0.062,1.0138806,10.7656,1.4761739,gaia_source_rvs,15.0
4515079838744483328,-5.677499820460085,3.2048027325369475,0.1414833988676963,6.519567835815544,2.627704694160861,14.13087242233005,-17.64078879320354,1.1100993927065819,1.2450843992869667,4.05,0.197,1.0640951,16.756195,0.938916,gaia_vari_cepheid,26.0
4322897369541652736,-6.435677347493115,2.2263814573878937,-0.015231914410113737,6.809898480508844,2.8085361048686415,32.39734060714963,8.493359908721771,1.853194932235314,4.8119316653689586,2.81,0.129,1.15529,41.315292,4.832839,gaia_source_rvs,19.0
4322822053015291520,-6.0084266282862595,2.8057734454566923,0.05247675083246455,6.631255927403896,2.7047139124250883,10.9826947200281,-9.73446430178305,1.2276469956078426,1.6932853519513333,3.53,0.114,1.2058852,21.890106,1.5384153,gaia_source_rvs,19.0
4515439172903726592,-4.549365437028724,4.759637250771418,0.1544877488999596,6.5841379571332235,2.333610324063462,34.77725493353427,-63.82539406345538,2.70329667405183,5.0075460547362365,5.97,0.107,1.1005833,-37.812187,3.8779573,gaia_source_rvs,19.0
4322934649869200512,-5.651548790009071,3.313312440235331,-0.04152656766970226,6.55118638511157,2.6113326918999356,14.257441485425543,-38.42882359035755,1.2924198524129011,2.9637515911672594,4.15,0.134,1.1018763,-4.33331,2.8211389,gaia_source_rvs,13.0
4323010997209128320,-6.698996271276876,1.9491801373344066,-0.008296995220560658,6.9768083140043675,2.8584444019465525,23.77862982561472,33.7786816103565,2.120879845576543,3.628552274093609,2.43,0.119,1.0184512,57.994373,4.0039654,gaia_source_rvs,11.0
4323347722662858240,-5.513818195781166,3.6097930554344178,0.03464406700880678,6.59035636359598,2.561933650272236,25.320170263119458,-16.047857915783084,0.7722572173472436,1.378937032952454,4.47,0.128,0.95265025,16.54761,1.1897779,gaia_source_rvs,16.0
4323350334005586048,-6.231647871827427,2.6358099452270016,-0.0006778021644597886,6.766160600060338,2.741441350048594,13.849120746120251,-27.03769620406223,0.3013272606813983,0.6372205761431786,3.26,0.06,0.91014004,2.0908349,0.4279253,gaia_vari_cepheid,28.0
4323162042636078720,-5.733164674226927,3.32427333632686,-0.009425278611537361,6.627214376826606,2.6161344499318093,9.582765438721648,-10.038430284801848,0.7028352235498249,3.6723386807413303,4.11,0.053,1.2764834,21.126144,3.3425963,gaia_source_rvs,26.0
4323441662195363712,-5.881779767776309,3.1476827506000533,0.046471924017953796,6.671074871041986,2.6502156498567464,-14.384960581127675,-9.293505079336597,0.9153322362789721,0.6868694796367036,3.88,0.044,0.9613639,17.481142,0.5320052,gaia_vari_cepheid,34.0
4323429086529218944,-4.778837158619768,4.68250106253104,0.054053155294710935,6.690523207433734,2.366376217643322,-7.266348182233698,-11.009802104065813,2.1131973373396025,2.5386501329577706,5.77,0.124,0.99544597,18.228514,2.197469,gaia_source_rvs,33.0
4323381906277168256,-5.711290606327426,3.3948416832718844,0.017969578255640658,6.644079352657084,2.605294435397503,-18.96193166883879,-11.73597588408623,1.0615163319732333,0.5428865871653556,4.18,0.046,1.1836125,16.336086,0.35834143,gaia_vari_cepheid,39.0
1825369763786067712,-6.467538619045113,2.3497604906471006,-0.0019553943665738304,6.881164883378836,2.7931045966406347,17.425783244926834,-26.643829725459682,1.7090617651851305,3.7070378321512334,2.89,0.193,0.9704055,0.6714185,3.3673608,gaia_source_rvs,37.0
4515879183716433280,-6.28831354858908,2.601053805956747,0.09850303806215166,6.805025215739548,2.7493892406518934,-14.21025586788148,-15.520935769064891,0.7004519209857287,1.4458211835103005,3.2,0.038,1.0994605,5.6813,1.4957798,gaia_source_rvs,52.0
1825453635920313472,-5.622178149120456,3.5522734489002152,0.03835448003494118,6.650378470148067,2.5780953417074315,2.5308972241011456,-20.261987888050555,1.2451440555432896,1.721990042976294,4.36,0.063,1.0264103,9.458671,1.6865512,gaia_vari_cepheid,30.0
1825190337236422016,-6.378845612922273,2.5071999338485775,-0.03771114160606793,6.853883779419377,2.767092701072864,23.24940946980463,-2.809833284063501,0.4780342389641053,1.359087045142197,3.07,0.073,0.8959654,25.763414,1.2820809,gaia_vari_cepheid,23.0
2017688812947684480,-5.052486887148589,4.384983901701144,0.12483228581452716,6.689970669815125,2.4268059122023886,21.227952367764246,-4.437891998847334,0.6540503989573601,3.1775453342782463,5.37,0.113,1.0142087,21.716797,2.3154473,gaia_source_rvs,24.0
1824171223066506496,-5.609215769214499,3.598267398583533,-0.20662414147948965,6.664145092756738,2.571221678100475,7.723535765912556,-3.2303858846261733,1.344988802841592,4.614225510168009,4.41,0.108,0.9549632,26.688051,4.397916,gaia_source_rvs,17.0
4516740547994897024,-1.1375791671699105,10.04115156081862,0.561247625867007,10.105385248911057,1.6836070292095007,-0.7886054977778796,-48.87126278372574,4.418273456167945,12.091917192597549,12.26,0.12,1.0296756,-86.310295,4.6383786,gaia_source_rvs,27.0
1808020329279916288,-5.722399362461603,3.4788569877586677,-0.5625829285966774,6.696887366887566,2.595357721297762,-13.496119638405021,-33.748528681335586,0.6362939481799013,2.878275585846932,4.28,0.05,1.052709,-2.926645,3.1906397,gaia_source_rvs,23.0
1825428480248517376,-5.8007191667457025,3.372356735575421,-0.008583119113677765,6.709778893781215,2.614985276511022,18.069210232357594,-31.826191432435223,0.5169167017381727,4.084874066444977,4.11,0.048,1.2930669,-2.3455625,4.010281,gaia_source_rvs,14.0
1825583030353257984,-5.928635141287331,3.229852272978838,0.006339136791873641,6.751345076632775,2.6427593937354996,9.679574756217274,1.5177666794030529,0.9213311202012512,1.9902953110277641,3.92,0.079,0.96636426,29.12109,1.9095969,gaia_source_rvs,17.0
1824511899869141120,-6.467901994049647,2.4583971765781794,-0.0795638815093967,6.919354946990288,2.778365339485811,28.07257809040549,-5.706759193361677,0.5212428031440007,2.0124769766173194,2.98,0.039,0.99313843,22.130737,1.9921875,gaia_vari_cepheid,24.0
2017756639046519552,-5.746810387325104,3.5173360044964337,0.030719770346317395,6.737765371129708,2.592359851704782,15.168776192350641,0.06698503190298766,1.0685433748021498,1.7045123424545812,4.26,0.12,1.0509067,27.951223,1.6212652,gaia_vari_cepheid,20.0
2018025778889488512,-0.4840430775742046,11.221515920971532,0.5258012130416784,11.231950732867602,1.6139048696969702,-5.278148352804144,-25.30236162549133,3.816330657636944,13.043158882340666,13.6,0.115,1.0474967,-82.61391,3.9621322,gaia_source_rvs,20.0
1825559704420479360,-6.008863992067493,3.151322368327839,-0.02299339520268934,6.785077681522052,2.658580350353318,-4.744276676054631,-15.691718706890953,0.6454940536567646,2.009364829897432,3.81,0.043,1.188291,9.495958,1.9782054,gaia_source_rvs,27.0
2017766294133565440,-6.179843414828867,2.904852405631701,0.026063169607336508,6.828516100171983,2.7021885595056894,3.429090058704088,8.60171138171404,1.796249561968215,1.5478292833840492,3.51,0.129,0.96776015,33.136436,1.458042,gaia_source_rvs,21.0
2019376494570016384,1.3065590589591238,14.575518254259784,0.7402744440689822,14.633961492186875,1.4813946179286464,-25.555711559312844,-26.06748753001162,1.7305872828482174,15.3415638068414,17.39,0.132,0.91583586,-96.55797,1.214766,gaia_source_rvs,22.0
2018305054824586112,-5.7571104181805985,3.6919197851400334,0.06727888711635727,6.839195279200033,2.57137192914336,15.195543257756974,-1.5976998684368482,1.2400579372586986,1.5123367599435633,4.4,0.161,0.94528836,22.731407,1.3446143,gaia_source_rvs,28.0
2018310346224556032,-5.9313431709889795,3.459512476448113,0.043493884665931896,6.866517194818473,2.6135732668111653,16.85673421830237,-5.9791535406616845,0.5399046928814064,0.6648448681697852,4.11,0.068,1.0027399,18.295803,0.6099697,gaia_vari_cepheid,38.0
1826154196598428800,-5.968222705188865,3.411904165391563,-0.030079488972345306,6.874647066762642,2.6222582072947116,2.8687015915480885,-17.230138528459094,1.1760460766017413,4.412069466056537,4.05,0.117,1.0038326,6.309885,4.3945093,gaia_source_rvs,17.0
2018408718146733952,-6.244310894430772,2.983047362531547,0.04270939490147967,6.920259396396442,2.6959254049616166,19.417879073019556,-2.504088915490854,0.3390510114830589,0.5826765611083804,3.54,0.065,1.0104119,21.607992,0.5802386,gaia_vari_cepheid,32.0
2019649650156588928,-6.797916261719275,2.1583017091668433,0.1324185382508935,7.132316017195248,2.834164036299405,5.898827370137823,-23.742614642843506,0.46080512724441947,1.8066408216426617,2.55,0.107,0.9971507,-6.9326043,1.6254777,gaia_source_rvs,50.0
2018385387883485056,-6.624141716385941,2.454355617992677,0.004686235251177946,7.064213684362661,2.786758264527532,12.126709190203684,6.914080257215545,1.0939765975653744,3.0988370770783855,2.89,0.134,0.8199683,26.41526,2.7915494,gaia_source_rvs,18.0
1827707218101559680,-5.607099787670933,4.094254562432882,-0.05060282081948859,6.9428011962681095,2.5108902187114284,2.8345933516586186,-12.224236606576227,1.1209168959183913,1.9527813035718664,4.82,0.124,0.96299076,9.03585,1.7331355,gaia_vari_cepheid,23.0
2018735651076115072,-3.442042204193955,7.643886578509141,0.22125180675330064,8.383117353381412,1.9938997136392285,-2.0212551854759337,-18.916391317686816,1.2299618390366727,8.772253787661615,8.98,0.127,0.89117175,-35.29374,1.4303637,gaia_source_rvs,20.0
1827720210398555264,-6.089227703064331,3.346175036430707,-0.029682589822784548,6.948063139767669,2.6391151851151933,7.206655960254117,-49.65843361275705,0.9972617693535187,3.0075867956602678,3.93,0.115,0.9528977,-28.061718,3.036957,gaia_source_rvs,14.0
2019809152413698688,-1.791664754219708,10.357319029156695,0.6430257096712823,10.511142662110744,1.742086569918547,3.6538169666140567,-33.69790498999538,3.508686885394656,11.37948176832396,12.17,0.11,1.0312835,-87.88023,4.1563487,gaia_source_rvs,19.0
2019508023659733120,-1.5767829204599284,10.778352156482194,0.37545461021751375,10.893076681424699,1.716057568023946,-1.093787451160533,-52.813647027081316,3.1450770613770476,11.994688572335392,12.63,0.119,1.0394008,-100.88803,3.0890167,gaia_source_rvs,39.0
2021088399840973312,-1.1052501668041446,11.740056847679636,0.487777045512304,11.79196814437565,1.664663175856406,-15.996227204830085,-34.118023570507006,1.9711367519346206,11.482237041782694,13.7,0.115,1.0377249,-87.63857,1.9149779,gaia_source_rvs,40.0
2021047850995134208,-1.9938217228016075,10.295056543523888,0.3421045671325184,10.4863489497856,1.7620959571267896,-14.142582338083871,-63.33996476401185,2.8173225948068215,9.597956607604665,12.0,0.113,1.1661742,-94.05436,3.083406,gaia_source_rvs,42.0
2020078567076820224,-6.995001987067564,1.9425495549414897,-0.003725165125772205,7.259721177323724,2.870713033447798,19.528334264163426,7.612110401963491,0.4862244741018006,1.3665710518578682,2.26,0.112,1.0369084,23.750454,1.1818445,gaia_source_rvs,39.0
2020037541547236992,-7.2523779813912235,1.5138684072249415,-0.0034715648803956877,7.408696507440564,2.935806617128899,-15.138082443347967,-10.967920500961895,0.3934816549232566,0.24316011328483492,1.76,0.037,1.0441973,-8.674923,0.12733401,gaia_source_rvs,29.0
2020020464757138560,-6.849751571876398,2.193461253294616,-0.018719445284103912,7.192382697418705,2.8316856810003204,-4.566640061354436,2.557211922984351,0.7704342328315149,1.112817815045815,2.55,0.056,0.9802217,14.961697,1.1712165,gaia_vari_cepheid,41.0
1827869808377481216,-7.057112828993654,1.8510916880523862,-0.03401265989321046,7.295846895235909,2.885069982047143,21.034605924938223,-8.73812105713148,0.34974391973240926,1.1063538767141847,2.15,0.039,1.0818255,7.511297,1.0447628,gaia_vari_cepheid,22.0
2020104229490736256,-6.830133004925383,2.240077275316939,0.002367140078735226,7.188091754030578,2.824677031871184,13.363619231006114,-6.524383946794472,0.5934890403337026,1.9504563290795283,2.6,0.114,1.0006666,10.128158,1.761925,gaia_source_rvs,64.0
1827888951081299584,-5.765999070428792,4.049944099974326,-0.06159100891128539,7.046189927407758,2.5292686421140784,19.239284292661722,4.695519078348099,0.5462370571044248,2.957488705657173,4.7,0.11,0.99883795,21.628483,2.6553276,gaia_vari_cepheid,51.0
2020384231326430592,-5.0102928283188355,5.368633950996689,0.09726072041873962,7.343382376350661,2.3216823631498813,15.680043775057113,-20.2090922309406,0.9424613047176627,4.247516854301342,6.22,0.117,0.98593855,-15.280997,1.6994857,gaia_source_rvs,31.0
1827892180896495616,-6.192164182748102,3.34905016828287,-0.0662575767523938,7.0398177743308095,2.6457992552584786,18.46525414608642,-22.01860418383481,0.3809342865528747,1.3163344354290243,3.88,0.048,1.0263804,-2.6942952,1.3701892,gaia_source_rvs,51.0
1827897575375551616,-6.186860097558745,3.36928040574922,-0.058049644967996424,7.044805768744106,2.642915189278984,-7.534465771820962,-40.95115550479767,0.6047266280183367,1.3634798957227463,3.9,0.118,1.0214281,-22.34838,1.3095598,gaia_vari_cepheid,61.0
2021147807811087744,-5.646525877310973,4.315323128584454,0.10900316402868288,7.106705860469981,2.4890375812822425,9.931689282160404,13.430764532646435,0.8201899369285965,0.89698304491687,4.99,0.059,0.9377221,28.512983,0.56756413,gaia_vari_cepheid,39.0
2020406530797823744,-4.522224065360117,6.299622745941747,0.08861733824584545,7.754724833190976,2.193406148922009,10.747191300948726,-44.49729527203564,2.6548172372544667,7.343062732557186,7.27,0.128,0.9983703,-48.72784,4.589827,gaia_source_rvs,42.0
2020418762865637248,-5.438678249776328,4.715711703683815,0.07188944190212848,7.198413573618191,2.4272719907433946,14.517209925646215,-13.300725837320755,0.7569850482057985,2.9432906249013975,5.44,0.109,0.9976199,-2.2427826,2.3132164,gaia_source_rvs,44.0
2024511282602966912,-0.2221907950262647,13.794407390104707,0.7986553382927871,13.796196722052414,1.5869022439446225,-2.1734215681335116,-18.482143458567492,3.3811683410189355,13.224019574116072,15.93,0.119,0.9896881,-109.97816,3.8449516,gaia_source_rvs,25.0
2020714634574554240,-6.099018307443172,3.5731899148853223,0.019483615247080917,7.068642760980722,2.6116327716415677,6.018771603536037,-15.2638370760219,0.38124990247215423,2.5235125028183294,4.12,0.071,0.86105245,2.5220027,2.664987,gaia_source_rvs,27.0
2020519093290493312,-5.527149058584999,4.582443722192261,-0.010998702325443258,7.179705229525534,2.4493703359820356,6.796054716841931,-33.12313561796407,0.5583176112481361,2.3073631021078036,5.28,0.079,0.95622903,-19.623623,1.9593319,gaia_source_rvs,37.0
2020444635734830208,-6.060682834864347,3.66599022901704,-0.05513974807055073,7.083174484937368,2.597592110970139,5.540000404269346,-18.48799355551617,0.44161456866543985,1.2369059255032298,4.22,0.112,0.92949563,-1.1273576,1.1764076,gaia_source_rvs,34.0
2020531394077194240,-5.142992423685841,5.307302765368561,-0.01580618870935108,7.390387927123903,2.340472752117833,2.4430499672071555,-32.33754535586141,1.0034785915318314,3.421338714396062,6.1,0.112,1.2985151,-24.273392,1.9101865,gaia_source_rvs,31.0
2020550566812933376,-5.657376368061865,4.403354846277035,-0.024546281504420567,7.16906139408335,2.4802000954084633,17.064369268685784,-14.732252709033276,0.46705468030403374,2.61858874758652,5.06,0.135,0.9970607,-2.417821,1.1041659,gaia_source_rvs,35.0
2020792729929458816,-4.943496843295417,5.665252794367422,0.06346708886654712,7.518859638519636,2.2882651414945636,18.500571164465974,-53.917797415995665,2.4627939359845294,5.6159961219194505,6.51,0.142,1.0176284,-53.590492,2.983498,gaia_source_rvs,34.0
2036471357742521728,-7.925795266060088,0.397245644523184,0.06490511218648037,7.935744117698928,3.091513955525375,-11.42069912595222,2.335835876842964,0.6289539832839259,1.1032822537094025,0.46,0.035,1.0969217,-12.79868,1.2631168,gaia_source_rvs,31.0
2021645749130179328,-4.521607254743651,6.434406227213367,0.21832870275016342,7.864255569534384,2.183347679911348,18.04120138922459,17.787955577988384,1.719310489895059,7.098087931387691,7.39,0.107,0.98933667,1.0302742,4.176014,gaia_source_rvs,28.0
2021476836664511872,-3.1630141546766257,8.85604380128455,0.3651927553490519,9.403944403969813,1.91383442432235,-14.395877252179357,-37.97235001668713,1.743485758041605,8.151187913782744,10.17,0.113,1.0034969,-62.753544,2.1942124,gaia_source_rvs,28.0
1828410119582276480,-6.883107508604722,2.258306845331106,-0.05052061980820866,7.244109247014435,2.8245648125967304,20.559069474417917,-0.121856816969796,0.28297658777191637,1.0748294134024494,2.59,0.049,0.9735469,16.32572,1.0686932,gaia_source_rvs,41.0
2020569189782033152,-5.929147914632724,3.9816727668612817,-0.08228516726916996,7.142024434007374,2.5502223030375597,-0.36939190117685533,1.0330744983464228,1.5155493253696966,2.352398809283329,4.56,0.121,1.0109116,16.896914,2.2040863,gaia_vari_cepheid,38.0
2021590361225324032,-6.069018179715758,3.7395671215609516,0.06516683227580261,7.128628474144239,2.5893658028694664,-5.616576601164355,-22.222203561227275,1.0035857861897635,3.4374485672280612,4.28,0.109,0.9593089,-5.840752,3.3091824,gaia_source_rvs,36.0
2020825238579057280,-4.968069042666413,5.736494774470831,0.04493216280443673,7.588747084350059,2.284532543539009,-6.413023371684545,-5.181290655590487,0.8403609265207379,2.8094272846285158,6.56,0.095,0.86398304,-1.2968168,1.1134365,gaia_vari_cepheid,37.0
2021601699939387264,-5.919393070654612,4.033883068936345,0.07098581639640084,7.163199490364982,2.5434121461847368,12.779950312714766,-17.340500662164715,0.7001335997974464,2.791064472254472,4.61,0.116,0.9675172,-3.4589581,2.6436398,gaia_source_rvs,32.0
2021682376607146112,-3.547111692575289,8.329044346491258,0.27168900783727307,9.052899043147578,1.9734058340560645,-19.131373172013586,-52.9236579903764,2.402753554632884,11.917206165070718,9.52,0.202,1.0293837,-66.488464,2.8961713,gaia_source_rvs,31.0
2020854684860570624,-5.873585884073997,4.123337831556659,-0.006004300547485302,7.176414565139035,2.529516482540876,14.986091767688286,-12.496055415206655,0.37422886536693095,0.7687651014970831,4.71,0.051,0.96055084,0.56920105,0.4599672,gaia_vari_cepheid,41.0
2021668834544652032,-2.4716197916614915,10.3180558011334,0.2547865227850869,10.609956640337199,1.8059093127698609,-3.8134625413911563,-7.368097277781857,3.3593520571746582,13.383749718307547,11.78,0.134,1.281279,-67.6635,3.5695975,gaia_source_rvs,38.0
2020938380858128896,-6.643891626680135,2.7437152748676277,0.02936730876920018,7.188133934242764,2.7499571118837842,7.645525456205278,-8.877127211391581,0.2985872404631672,0.4017643694204377,3.13,0.049,1.0342735,6.2149067,0.3306295,gaia_vari_cepheid,26.0
2024962597772784384,-1.959408494321707,11.287065184039513,0.6618987495531344,11.455877186683566,1.7426810340660213,-22.965011122066468,-15.232265030017516,0.8803119578708751,8.636519716059542,12.89,0.096,1.1020122,-69.53361,0.47335762,gaia_vari_cepheid,29.0
2021962855171510656,-2.1309457864435775,11.011329847178999,0.5301176813204477,11.215628156645383,1.7619563334096835,5.592723683227066,-12.398613901329242,2.678804759801597,11.795169527056231,12.56,0.111,0.9858157,-86.41677,2.9697962,gaia_source_rvs,20.0
2021957873008729472,-2.413223493946763,10.643673917562522,0.46552407451928585,10.913818859369865,1.7937553050153554,10.934642471513424,-20.7215513518031,3.6543938981638595,12.07432962815294,12.1,0.109,1.0614544,-92.095474,4.1883335,gaia_source_rvs,21.0
1833295112309561344,-3.968684537204049,7.763637875308124,-0.6175116060471358,8.719204666410885,2.0433548382689803,20.155021027613397,8.290822064106266,1.076143508837356,5.580850057251144,8.84,0.07,1.0951906,-32.389595,1.6547084,gaia_source_rvs,26.0
2020911515865479168,-6.430091830002466,3.196679124714276,-0.002552583263787327,7.180866129419799,2.6802327590063664,-4.809518837244198,-8.805693135355966,1.267795469528936,3.7410058878514696,3.63,0.112,0.94837517,5.717795,3.5138319,gaia_source_rvs,30.0
2022001887826609536,-2.1131118708965664,11.246622162399834,0.3828513743988257,11.44341521761345,1.7565196335553817,-7.03112978680168,-49.24407211223087,2.0002488033306114,10.672022708178694,12.77,0.122,1.0924736,-103.07467,1.9283036,gaia_source_rvs,33.0
2021985257711981568,-6.350482294090655,3.356811767920833,0.1037723768704723,7.183091995290796,2.65533423307838,-23.106693398236917,-5.195967812477335,1.8189406887805242,1.4684770174976063,3.81,0.106,0.9480871,8.749241,1.2977991,gaia_source_rvs,27.0
2026716726778925568,-7.344146857598837,1.5193864757287394,-0.016143504837998927,7.499668547916386,2.937586710875466,15.718312940610291,-5.990219907529649,0.15044921208196244,0.37131466938789925,1.72,0.039,0.99468523,3.1538174,0.30935958,gaia_vari_cepheid,32.0
1834213582473654144,-7.2363357824983545,1.7315588973487925,-0.08683024354976332,7.440621732896643,2.9067222351315944,-10.81483602174481,-9.259812393891679,0.8479566018088636,2.892166093779212,1.96,0.043,1.1338967,-4.945841,2.9454553,gaia_source_rvs,29.0
2026993563193159168,-6.382826645256368,3.3640513492831676,0.021729997162521383,7.2150757074343,2.65654209039264,4.965562154717135,-5.452993045376132,0.5072451879519221,0.6495834062064582,3.8,0.075,0.9101824,8.221701,0.60715544,gaia_vari_cepheid,21.0
2027003119517288832,-6.328101266593027,3.4821352207414242,0.02355746221464766,7.222889403540954,2.6385456979170305,6.503867727161999,-12.051580118025328,0.3587478588141143,1.7519825280736265,3.93,0.055,0.93400884,1.2647043,1.6091747,gaia_source_rvs,19.0
2025116112726839040,-4.1081676758925205,7.752892546230207,0.3501209980533117,8.774074565824025,2.058067760850738,21.99575271105706,4.896470297661665,1.2062820866792991,8.897521675396742,8.75,0.109,1.0855731,-39.34708,1.4204377,gaia_source_rvs,25.0
2027827959400312832,-5.849344059736105,4.449955128864209,0.07614088664179536,7.349620845871911,2.4912397544345644,-4.498886487811833,-3.424412417055862,1.208159912893716,1.6686350201924185,5.01,0.127,1.0749687,6.692906,1.3195379,gaia_vari_cepheid,27.0
2027855825149581312,-2.420017328512815,11.130225478208478,0.19471061392395844,11.390276689618362,1.784891591963449,-27.29949710713281,-44.3796104023574,3.5350331567549675,13.675643385829428,12.52,0.15,0.96205,-84.72271,4.7643456,gaia_source_rvs,17.0
2027019749631002496,-6.186294163363126,3.8366464908710487,-0.005006181225183985,7.279429357550893,2.5864633468493317,-4.842872800947635,2.1652546666249464,1.461042742021044,1.9995240394942566,4.31,0.116,1.2557827,14.329284,2.015049,gaia_source_rvs,17.0
2031182225818404992,-1.4912972068780395,13.22407400026146,0.652004959992677,13.307896171958713,1.6830932793133513,-11.306488413619347,29.73917066822608,1.9591602733024818,15.079401089175194,14.82,0.121,1.0246453,-74.63726,2.2607388,gaia_source_rvs,13.0
2027964779892391936,-5.225542311674779,5.826619102187442,0.09752131166148964,7.826607350128087,2.3018625635762553,28.44853079192198,1.767636509828776,1.1009620858346396,6.590364165438859,6.52,0.135,1.1531801,-14.106072,1.414537,gaia_source_rvs,26.0
2027971514401523456,-6.715082781153117,2.871070379412949,0.05102776549762838,7.303107686545605,2.737559492156354,18.549769088505105,-9.36490001370231,0.3326990574971989,0.5205770547079797,3.21,0.086,1.0346047,2.8633554,0.53193927,gaia_vari_cepheid,34.0
2027921211741637120,-5.833029822049811,4.655027628598167,0.054239832498846834,7.462809064148347,2.46804415268912,4.656375262376276,-59.72592223240201,1.7811514812601492,5.0514748255441875,5.2,0.113,0.97440886,-53.362576,4.5934,gaia_source_rvs,17.0
2028182345770307200,-4.598555178512688,7.144120089772777,0.17638301430241493,8.496185119624034,2.142718594084256,-17.34460120601952,-31.63756601376457,1.5869566450996793,5.247141904868965,7.98,0.113,0.99060756,-41.894123,2.9241567,gaia_source_rvs,27.0
2027995875457531136,-5.199251663622668,5.992567180632765,0.07357197023262513,7.933667454341656,2.285429330840852,8.287824529868654,-42.59691387960689,2.126053949483682,7.780899913038475,6.68,0.191,0.90976816,-50.739513,2.8213298,gaia_source_rvs,25.0
2027263738133623168,-7.661074705912764,0.9962032552330677,-0.019658413785996757,7.7255735434538,3.012283821068531,-4.5665503138270065,-12.151678283566241,0.35096366047440336,0.8431049641903353,1.11,0.045,1.0586812,-14.941836,0.9389778,gaia_vari_cepheid,35.0
2028224024136014464,-6.2949975693699685,3.789300469987629,0.09810030041667467,7.347502463437646,2.5997374518379783,-13.021090589159433,6.768900422527395,1.008546905262223,0.9947832714595948,4.22,0.063,0.9820165,17.636,1.0,veloce_dr1_vgamma,19.0
2027951173435143680,-7.306732053663732,1.7248761650627706,0.01572329682524198,7.507564924050852,2.909770053791852,8.798234116601055,-7.267055260808945,0.30956234088560236,1.1376443018576319,1.92,0.078,1.2031212,-0.538,1.0,veloce_dr1_vgamma,148.0
2028275254511013760,-4.204214002119082,8.07435344187908,0.24151694842235732,9.10332899987684,2.050856546384465,-12.770031971672381,-6.1079409800065605,1.126423275880985,6.872726797051684,8.99,0.109,1.0058,-35.18636,1.6785874,gaia_source_rvs,23.0
2028213922372336000,-3.4231205894314094,9.708658787335336,0.2019004419293839,10.294455304613882,1.9097715534817388,-6.2279888134988015,-32.00001557766541,2.8542038044589235,9.432620144619932,10.8,0.115,0.980496,-79.54998,3.3799543,gaia_source_rvs,20.0
2028596037019997824,-4.097925528306602,8.40220668021604,0.1858619103086822,9.348265653724972,2.0245718864985847,-18.767689476264895,-12.375818518405765,1.5771190633782766,7.017176939320611,9.33,0.112,0.988788,-41.363934,2.3945735,gaia_source_rvs,22.0
2028392902238062464,-4.876663046548787,6.8253455850124505,0.0750340479326192,8.388515054789105,2.191183192210026,8.119937288750604,-27.009886107389093,1.461102732482442,6.041736000442777,7.57,0.113,1.064095,-48.22987,2.4723163,gaia_source_rvs,17.0
2031690097101894016,-2.0006673363073,12.957442833622038,0.46691719611244537,13.110987551559571,1.7239895272312042,-27.25300720286077,-11.072432630699865,3.613208644367556,12.479903848981463,14.35,0.117,0.97603756,-83.307304,4.187617,gaia_source_rvs,16.0
2028435851914281728,-4.489608704594228,7.770542269020592,0.09672497462300272,8.974291809106942,2.094712013947684,27.768375201698174,-40.835389425799775,2.543612879718704,9.173735738044202,8.59,0.114,1.0925217,-84.351776,2.7069905,gaia_source_rvs,25.0
2027621594813939840,-7.04963797539229,2.3552929264441014,-0.036958563404988216,7.4326845993524255,2.819151124957894,1.509840823280833,-4.9416246493702545,0.5857652044638089,0.9994802302272339,2.6,0.101,0.9296018,2.615,1.0,veloce_dr1_vgamma,43.0
2031995207234409344,-1.9278094274256894,13.419475932762035,0.7390756697306705,13.557240998759697,1.713477721018116,-28.083944416420614,14.535129520944139,2.9205503611254118,12.041600923611984,14.81,0.112,1.0214851,-72.89786,3.2066681,gaia_source_rvs,23.0
2028750823290456192,-5.307353814749789,6.1763723076859876,0.11412013282931216,8.143437812010937,2.280664532695058,12.167128818157956,-28.83254859493792,0.9195112212139271,4.068302906085182,6.8,0.093,1.1149925,-45.350117,0.86520165,gaia_vari_cepheid,26.0
2032022768099764736,-2.281188820294174,12.801265381327632,0.7088361620110549,13.002931123289564,1.7471454612606576,-29.83305196247782,8.522926302851943,2.644048152488742,12.501516264544103,14.1,0.111,0.95537585,-69.35024,3.116899,gaia_source_rvs,15.0
2028559478242340736,-5.356973430875696,6.11195931761776,0.042462828678843705,8.12731265790376,2.290460548693497,-3.658973946010218,10.794916261392927,2.0912092271182443,5.851163041375434,6.72,0.112,1.0013454,-2.1616788,4.4601994,gaia_source_rvs,14.0
2029228462334431360,-4.629432395489838,7.790880405483765,-0.09598554901148099,9.062530650815017,2.106948863531768,22.96666747173643,-55.655179882183575,3.183701677747189,8.872990977259471,8.55,0.114,1.0455629,-95.68834,4.2025914,gaia_source_rvs,21.0
2030002003130970368,-6.1782433196237925,4.376284926408832,-0.012196179231957208,7.57116637471329,2.5252925645098543,13.923240527072767,-10.319640768257642,0.6902045750617698,2.7027325124462114,4.8,0.112,1.0144488,-9.705426,1.9943439,gaia_source_rvs,27.0
2029246535556644864,-6.321330380400864,4.067735785055235,-0.027663122996968995,7.517026818842531,2.5698049431396077,6.472686512221703,-21.024929197309405,0.6145741387963368,3.6959822729530454,4.46,0.07,0.95785695,-16.928122,3.3731794,gaia_source_rvs,24.0
2028787695633981952,-5.954846276168524,4.889199754674412,0.08694958744159104,7.704834093859937,2.4541501730796975,6.725750106965243,-13.141532580627256,1.1361839031680319,4.137100767243791,5.36,0.111,0.9877883,-15.632399,3.1305962,gaia_source_rvs,22.0
2028781025505284096,-6.608846070842954,3.4402371494044086,0.055686081065819674,7.450642793225194,2.661640247496254,-10.620413289571237,-1.2240368309360292,0.7747737670851932,3.5611399709381772,3.77,0.059,1.0069804,6.383494,3.4197533,gaia_source_rvs,21.0
2032117841477824384,-3.508891563848792,10.379202975315353,0.4919928645823601,10.956284699187234,1.8968033233588206,-9.45840849118861,-8.058790540784997,1.7636301319884469,10.197536228486598,11.38,0.109,1.0102633,-71.7299,2.3143477,gaia_source_rvs,15.0
2030290040830566016,-5.346906225856051,6.392157967135152,0.06374277349888952,8.333612041900414,2.2673882218943793,16.586091550032446,-40.0382946879854,1.7183516101165925,5.818185352252662,6.98,0.112,0.9765315,-62.314976,1.8298489,gaia_source_rvs,25.0
2030036736506607616,-7.3211734202606635,1.8967703908938032,-0.009048582837540124,7.562890860332619,2.88808643392724,12.064812335313468,-5.019743359973177,0.4535605922898972,1.8657381747667445,2.07,0.081,0.95970607,0.5073245,1.9431993,gaia_vari_cepheid,14.0
2030291037263184640,-4.595447839577517,8.137159430344672,0.08429427176587673,9.345132660434784,2.0848921360700263,6.189831534767281,-16.97923300043459,2.793021030374798,8.42688442147413,8.88,0.11,1.0888817,-60.58991,4.348408,gaia_source_rvs,20.0
2030063919381336832,-7.150023889390667,2.302201256868366,0.0009324351023117195,7.5115226316628725,2.8300900278088172,0.07935391411146606,-7.575997940259981,0.31921064375180835,1.3495742192032767,2.51,0.047,1.0734607,-2.355092,1.4157009,gaia_vari_cepheid,18.0
2033008274099620480,-5.721835325211624,5.605439892059242,0.37626804221961624,8.010015972039552,2.3664698065826704,79.4348594708486,43.38479403162839,1.5742945749225483,4.2539828802180315,6.12,0.058,1.0181291,1.7139124,2.1137342,gaia_vari_cepheid,20.0
2030128270848802560,-5.617075694202715,5.855532066872085,0.04355359741872083,8.114110865681475,2.335412637623347,6.418192333610052,-20.835996659315782,1.6195179764938907,4.7777199541152395,6.38,0.109,1.2795533,-34.757763,3.4133055,gaia_source_rvs,19.0
2030403324896259712,-5.427984285339109,6.306128867995568,0.14790524062322857,8.320473225824081,2.281496838078563,15.681325767288506,-2.963875878421476,1.6872777787691362,5.38198859385688,6.87,0.082,1.1080945,-28.36159,3.5956843,gaia_source_rvs,17.0
2045359534871088384,-5.600119619892321,5.970272864436367,0.609123587672191,8.185688598580338,2.324213980917226,-8.243138764539884,-3.524479345146858,0.7983366122609314,2.0811025243223167,6.52,0.048,0.84971404,-12.375148,1.6072077,gaia_source_rvs,20.0
2033483641084424448,-3.535655202121535,10.88685591470086,0.37033901339621605,11.446592917359565,1.8848144520241916,4.011620005301582,-13.151435380551192,3.453999237025254,11.343636631413434,11.83,0.114,1.0924348,-91.965996,4.2637143,gaia_source_rvs,23.0
2030413735897352832,-5.48964976819669,6.278483728985583,0.13035424827026082,8.340000750155763,2.289263258297715,24.060626353886207,-20.042555666755334,1.8850664496344138,6.1714452778888935,6.82,0.111,1.0276703,-47.78246,2.8332005,gaia_source_rvs,16.0
2030419027297340544,-5.062933832807549,7.291482358191178,0.18076824495436034,8.87688086971998,2.177728882107775,-25.926197273731027,12.445983597124865,1.712084900218128,5.3108616365723735,7.92,0.11,1.0441906,-8.503201,2.3686388,gaia_source_rvs,10.0
2030427789038000256,-6.341690635384291,4.272874869706859,0.052022053814748385,7.646862086313131,2.548684782605406,-15.121889528853957,-4.318997191380106,1.3591651695732354,1.202594497004984,4.64,0.122,0.88774985,-0.445,1.0,veloce_dr1_vgamma,40.0
2030247503476809856,-6.028919179667296,5.085380562514831,0.0001557756580127757,7.887265808920342,2.4408855362262427,-4.412886127328322,-31.978606892199053,1.1666482650809995,3.363713863780456,5.51,0.114,0.9845922,-35.505104,2.3524215,gaia_source_rvs,28.0
2033589572148408832,-6.4325620525753555,4.146409741110283,0.1389148796367316,7.653141074186906,2.5690251082090825,23.568082371612572,3.6851626348653213,0.4037659652187993,1.7386717197484554,4.49,0.047,0.9678611,0.22081442,1.4827411,gaia_vari_cepheid,20.0
2030637898807177344,-6.743190486469471,3.4545257906779447,-0.001116326144902262,7.576566925413611,2.668154789677897,8.680015501044716,-14.544772816737321,0.29855986707461735,1.2246172117772702,3.73,0.048,1.0751542,-11.852489,1.1756728,gaia_source_rvs,23.0
2033636644993530240,-5.293028358077299,7.103350814576468,0.24157381557528929,8.858540624411825,2.211183170152389,-24.780442059990296,47.78420052060835,2.0960319663175997,6.339075709512282,7.66,0.135,1.1531569,20.900658,1.5378035,gaia_vari_cepheid,14.0
2030663806051548672,-5.446650749335354,6.727108130613713,0.026213808512752953,8.65563332091907,2.251398058294008,9.988635785184732,-43.53087692902719,2.445085329490289,6.391850757363298,7.25,0.118,0.92813677,-70.260956,3.4638956,gaia_source_rvs,24.0
2030647210296808832,-5.4704113379244355,6.672000891833279,-0.012350690805260914,8.627919570018967,2.257557567865013,-8.059900766621292,6.799178839342375,1.1126173413290952,6.9310446505926695,7.19,0.167,1.1723583,-16.790442,1.5993472,gaia_source_rvs,18.0
2030628209360193792,-4.682268357281618,8.758291145423224,-0.05438603440979912,9.931329254314326,2.0617469222754896,9.301737894895943,-44.00275254713665,2.8199130140661492,8.489051619459675,9.42,0.116,1.0177865,-95.067566,3.6530356,gaia_source_rvs,19.0
2034016079579652352,-3.576989849520599,11.574072413451375,0.36736033940901164,12.11420689171972,1.87053685070035,-3.3904333901806254,-9.027225837840007,3.6750617138197406,11.15438088030641,12.45,0.113,0.9951816,-92.755005,4.147103,gaia_source_rvs,17.0
2030957410025032064,-5.729877096249938,6.182836307492749,0.07725868000554831,8.429647462579926,2.3181896213890294,-8.315889924330806,-11.19096997290228,1.156038567340123,4.087226589542268,6.64,0.114,1.0481508,-28.0279,1.8882711,gaia_vari_cepheid,18.0
2030773619760699264,-6.2617007262712345,4.834236342934338,-0.018827807212444207,7.9106723484627315,2.484139226376156,-7.458555863149553,-16.905361043194887,0.919882172099813,2.8834137108408116,5.19,0.107,1.002168,-20.901268,2.2871544,gaia_source_rvs,22.0
2033997422238545792,-5.014107561158131,8.05863947002469,0.22234128649276869,9.491203545531144,2.127381600204646,5.009745354309482,1.638016015568894,1.7558502851617428,7.920242361118533,8.65,0.111,1.0413338,-48.652912,2.574618,gaia_source_rvs,20.0
2029911155968094592,-6.6392242534257795,3.885323610162482,-0.09805044835636828,7.692531328695589,2.612121028161428,3.4857606051244834,-1.1603237093844996,0.3406190045257938,0.9583274859430552,4.17,0.06,1.1015618,-1.6840074,0.8139365,gaia_vari_cepheid,20.0
2031058668167367424,-5.79225598164097,6.1103992970992715,0.08656987747779515,8.419454194117744,2.3294720843869077,19.7169923209877,-1.6523768169466848,2.530075689479277,7.121469673770605,6.55,0.113,0.9884984,-31.24968,4.978645,gaia_source_rvs,12.0
2031054785516761472,-5.772660126642989,6.167304422790723,0.07420303515324961,8.447440368603253,2.3231541342021322,3.1911433905677504,-22.052007098240693,1.054320994101928,5.110076129343154,6.61,0.115,1.1332725,-43.287136,1.9517365,gaia_vari_cepheid,24.0
2030737404595950208,-4.934138040693597,8.37267343061085,-0.1267248811751958,9.718404116946184,2.103321807316933,-11.459335730919472,-42.416524528206764,2.949731659006657,8.410206093873162,8.97,0.137,0.9662155,-77.35806,4.064884,gaia_source_rvs,22.0
2031070522276352512,-5.649626735035266,6.62328533439966,0.0869505709010811,8.705526455424673,2.277026353254936,-6.488857077805693,-15.459548049650067,1.3040362457731747,5.549016651040936,7.08,0.125,1.0276207,-39.072166,1.7059542,gaia_source_rvs,20.0
2030824197297134848,-6.545536986389143,4.289712145672973,-0.016273847460989425,7.825962224092478,2.5614555406038346,10.875414666593878,-32.46846425729427,1.6114838029425957,3.6063002803789423,4.58,0.134,1.1625828,-38.18191,3.102209,gaia_vari_cepheid,30.0
2031102786072941824,-5.705235699887405,6.580129880136946,0.07917056092259672,8.709065600323653,2.2851001743244543,-4.30262566695123,-13.37722797669511,0.6732482840160603,5.8782787366188565,7.02,0.13,1.1494758,-38.429962,0.4050006,gaia_vari_cepheid,16.0
2054792416902205440,-7.565215435277123,1.5748489188912287,-0.011235173892206577,7.7273950138120995,2.936354059239929,8.273720331336836,22.417310379232987,0.2485131812440666,1.0831744383909538,1.68,0.03,0.8781827,22.485022,1.1513886,gaia_source_rvs,24.0
2034137060207366272,-6.670887720874028,3.983234694872782,0.09809439105206702,7.769613994204998,2.6033029705199056,17.727082462141222,7.3100496051393975,0.9162334857436824,4.7481903628542925,4.25,0.077,1.2591871,1.6202836,4.4200945,gaia_source_rvs,18.0
2055076881193162496,-6.333521375680993,4.989606697273286,0.023861809812800668,8.062857310512353,2.4743294274211225,18.192711432864872,6.344944207693516,1.1243560041287275,5.047780097973601,5.31,0.144,1.0022186,-10.840181,2.2085495,gaia_vari_cepheid,19.0
2034428980559814400,-6.912291681425678,3.441801969569637,0.138473359525971,7.721772923807075,2.679606522387409,26.931603986603797,6.385162299254546,0.5420084905608988,3.3084103199427393,3.66,0.042,1.0113219,2.1193445,3.27952,gaia_source_rvs,19.0
2054832033681200384,-7.023467593194258,3.143960871271476,-0.03965481844336744,7.695036516660337,2.720705903622848,6.5390538568361185,-26.74182221211524,0.3578197647846596,1.9921975919597268,3.34,0.069,1.047909,-26.995056,1.9131904,gaia_vari_cepheid,22.0
2054948959874129408,-6.114923607511429,5.845057242616783,-0.09388541528113997,8.45913617901778,2.378754775397812,30.04415026909569,-4.072241152048974,2.367048472714692,6.777061847413295,6.19,0.111,1.2486999,-38.083572,4.6935544,gaia_source_rvs,16.0
2054961363740203520,-6.243593804758202,5.4876774210443955,-0.07887426874000264,8.312464560902228,2.4205415485306934,36.28181662830259,-22.871559269882965,1.919025344989765,4.929663300525574,5.81,0.113,1.0715997,-52.89043,1.9130073,gaia_source_rvs,18.0
2055014277739104896,-7.663068976210451,1.4080901394967218,-0.011297155735320922,7.791363422091604,2.9598696381696965,6.566520267831735,-12.66717631435776,0.5981367488907526,3.7467432963524208,1.49,0.039,1.2079984,-14.342799,3.731766,gaia_source_rvs,21.0
2058374144759464064,-7.2775149544829025,2.543707146375312,0.07203598417292173,7.709258716585085,2.8053369289743837,2.2337527140940105,-5.721809957952672,0.45081004618447196,2.014539531724388,2.69,0.124,1.0073757,-6.3548365,1.9461302,gaia_vari_cepheid,14.0
2055275720987014528,-6.943501781416467,3.5188297868366716,0.030065380715392605,7.784239208635785,2.672535543536873,14.149756025811836,-0.2138632848289035,0.2844519990313607,1.6734631663290505,3.72,0.054,1.0919257,-4.7890997,1.6278764,gaia_source_rvs,17.0
2058494747452777856,-5.664170478477985,7.2617939850991675,0.26895575425475643,9.209586260591948,2.2332201522824033,-0.8210623638322907,-46.79561388652792,2.303589543734397,6.103620400708865,7.68,0.112,1.0236529,-79.58928,3.6750765,gaia_source_rvs,22.0
2058546110935628800,-4.436373020486494,10.874893105402226,0.44786680120698547,11.74498640402897,1.9581341856328847,9.81375103502122,-7.105960406905041,4.132585324044487,11.035865830498437,11.5,0.112,0.9683302,-98.26435,4.8630238,gaia_source_rvs,17.0
2055255306992598656,-7.035046975697194,3.328207674433797,0.009691390890518677,7.782599326345039,2.6997041724329893,3.7674687662298036,-8.845910547193114,0.27086251334208683,0.4815044588176526,3.51,0.042,1.035064,-11.685385,0.38930357,gaia_vari_cepheid,24.0
2055310183805791360,-6.6340252396466965,4.533127296836855,0.03685384217298109,8.034894770287712,2.5421528370451587,-1.414931921680866,-8.605437989199288,1.1795431406280197,3.254172321614547,4.78,0.118,1.111888,-18.041952,2.3976262,gaia_source_rvs,24.0
2055324236938822272,-6.61536073894208,4.611209348163858,0.040662222295427757,8.063885500112837,2.532852133868641,7.250949774669393,-7.60707559621892,0.6307366060442072,3.0979842291940547,4.86,0.143,0.9660388,-20.38678,1.3930384,gaia_source_rvs,21.0
2059598687167348352,-5.779318141931938,7.143766137072253,0.4505637098223831,9.188792782887415,2.251001991238111,106.13587139216033,-38.42223946381006,3.7372221145968836,9.247500918756607,7.54,0.084,1.2250153,-129.27762,3.616917,gaia_source_rvs,19.0
2058712656900550272,-7.121007092089014,3.1246347661199847,0.04948855633397347,7.776379905021856,2.728099021365909,12.440449805990903,-13.310974163286147,1.0222199442251256,3.975358340570525,3.29,0.113,1.2944666,-16.6914,3.8034434,gaia_source_rvs,21.0
1857884212378132096,-7.96584062719349,0.571488970310419,-0.10213998213491851,7.986314327712931,3.0699729045804847,-1.8513462526100755,7.338784306110313,0.3693154393779866,0.7900833225705686,0.61,0.05,1.1997378,1.1540384,0.7947459,gaia_vari_cepheid,29.0
2058788351406525824,-6.135598546067827,6.252259473505838,0.13335044042157834,8.759926828607254,2.3467774078621875,21.755261823769874,-14.649634868973891,1.9906354578158494,7.142881641852404,6.57,0.13,1.0355327,-53.301537,2.7984512,gaia_source_rvs,20.0
2055722599436380416,-6.6511917275212395,4.654573089405409,0.03057350774777284,8.118091034280411,2.5309939542981175,6.000740258561656,-17.495548839187734,1.0905941271958672,3.866067422493936,4.89,0.065,1.0688837,-30.982649,3.657046,gaia_source_rvs,19.0
2055676218106967936,-6.717512328353201,4.518350177362747,-0.004301132854168059,8.095706282150509,2.549478082418442,-0.771268612357202,-18.65222959479385,0.4800692749265972,2.003078102122862,4.74,0.113,1.0070963,-29.487446,1.0255452,gaia_source_rvs,25.0
2055563964829548928,-6.823389614041025,4.184608827304131,-0.029979152092726006,8.00434862200258,2.5914698414441717,4.819950729952195,-6.4870067681656565,0.7490924925318118,2.262304619347913,4.39,0.112,1.0143824,-16.540062,1.7295332,gaia_source_rvs,24.0
2059001995949587840,-6.404340984992669,5.518348685185847,0.1623721495839307,8.4538604000391,2.4303695994819394,8.217620638018259,2.0403357115042127,0.49623172827168516,2.266982677298194,5.79,0.065,1.0281863,-23.555145,0.9259146,gaia_vari_cepheid,20.0
2073071522843025664,-7.362329878493902,2.4987538200872255,0.3301660589649516,7.774810087273164,2.814394622805029,-11.375240274621685,26.524549785019445,0.620109388279095,0.7173543946553176,2.64,0.044,0.9553253,20.262384,0.70903695,gaia_vari_cepheid,29.0
2059756952458853120,-6.154133316642257,6.3828733155669735,0.41225770140768286,8.866477803591636,2.337951329827419,12.841892737030234,24.67957870955499,1.9894913606234013,6.2042319175338605,6.7,0.107,1.0026572,-18.079813,4.1264834,gaia_source_rvs,17.0
2055826919912860032,-5.608038366370496,8.17383232002604,0.027987599676976,9.91270039467479,2.172130060151393,16.36315232304765,-38.10572011399853,3.5071138412839757,8.938395850257484,8.56,0.13,1.0397023,-95.844986,4.986032,gaia_vari_cepheid,23.0
2058874388200159872,-7.013308896065415,3.6987454655111476,0.06968360071380003,7.928885148005965,2.6562742958736005,-20.37940361645131,1.4412683764415135,0.800986091659328,0.3662071538691004,3.87,0.056,0.99664867,-1.6354042,0.3220811,gaia_vari_cepheid,22.0
2058857380129393152,-6.48182281025986,5.429046069662235,0.076562147544251,8.455091257350212,2.444353293074216,5.682973592400265,-8.507706412545417,1.9509481540725797,5.599876059220438,5.68,0.118,0.9853774,-31.971886,4.127625,gaia_source_rvs,17.0
2055835819085546752,-7.061947820479853,3.5468517073560326,0.01495828419680217,7.902611217385969,2.6761479751486403,-0.1672242132709699,-20.394750454441322,0.5316500533779366,1.5867664459226136,3.71,0.111,1.100379,-26.005186,1.3862828,gaia_source_rvs,26.0
2055855953892449792,-6.2729348762790424,6.128836160935381,0.05133449290084207,8.769968338005965,2.367813171968533,-2.9207479984360796,-8.68541512208634,1.0772831791626802,5.039609966240787,6.41,0.122,0.9793868,-36.54573,1.7572162,gaia_source_rvs,24.0
2055809495218465152,-7.61574561981387,1.7607293932268666,0.003001191408566857,7.816632864724247,2.914388718628564,11.619867689692539,-6.230983159855526,0.1767775407323372,0.5086559414706736,1.84,0.044,1.317636,-8.641617,0.54429257,gaia_vari_cepheid,20.0
2055881689337758336,-7.065934320286684,3.5793257099607825,0.03436325965349312,7.920795437113087,2.6727101490277696,-16.380058593486638,-3.5308870047333016,0.9664302138611851,3.6117187087056406,3.74,0.053,0.99432325,-7.1332173,3.762705,gaia_source_rvs,24.0
2058895313281315840,-7.252708237691874,3.0298036560180206,0.033079516121499446,7.860120035667632,2.745880597699278,8.643058004995154,-24.94488425180694,0.3689232806486148,1.8071502991455066,3.16,0.057,1.1659628,-30.280369,1.8245376,gaia_source_rvs,19.0
2057392418305405824,-7.504474866731244,2.207523906165527,0.017243167817637402,7.822423206506615,2.855501301881879,2.7515274591637606,3.8067629660700106,0.2654657787362633,1.5766743310436264,2.3,0.053,0.9765701,0.4885213,1.6068351,gaia_source_rvs,26.0
2057125408779118464,-6.879715593973181,4.347659876526886,-0.06616478005061227,8.138343385230161,2.5780087369062095,2.43154938218718,-13.73888108291493,0.9951810843216384,3.6006488481151653,4.53,0.097,1.0309001,-26.715267,3.234907,gaia_source_rvs,24.0
2072329902270080128,-4.605215269977263,12.140488940765902,1.0443179118399732,12.984586223815178,1.9333551258213404,30.375576788160707,7.2093267246927155,1.8562178002489718,12.089275175115223,12.69,0.11,1.0144302,-122.22809,1.8432273,gaia_vari_cepheid,17.0
2056068193989793792,-7.6965169857364355,1.5740543878463922,-0.0739205454894939,7.855827195631784,2.939859389262295,-13.141309720981974,-18.876231481743133,0.3239074163795752,1.5124848162325748,1.64,0.035,1.0316485,-23.545715,1.5306222,gaia_vari_cepheid,14.0
2060021625508894592,-7.513866669426673,2.239608417462664,0.09710176455323188,7.840538131371513,2.851913529999595,-10.600767284919169,-10.32475069562912,0.31282805725455126,4.120079010855093,2.33,0.035,0.9197293,-14.008195,3.9969807,gaia_vari_cepheid,13.0
2060526198257651072,-6.632901460073095,5.441099421991247,0.12941420864430214,8.57909929415864,2.454583899678241,-14.622453391283596,-28.777580505008785,1.161905218894841,3.0268090552790383,5.65,0.115,0.9822263,-45.687542,2.1594732,gaia_source_rvs,17.0
2060460704279873536,-7.256733932200549,3.218116897989362,0.04295234955403831,7.9382909830690584,2.724185427128209,-7.17486701697251,3.2777110023530724,0.4849862384091343,1.0298870408793435,3.34,0.043,1.0872109,-2.463,1.0,veloce_dr1_vgamma,16.0
2057541745728763776,-7.23313301655537,3.37773432955321,0.021905386891384823,7.982938208217928,2.7047075587546443,14.606058994529985,8.609953805371504,0.27071560177583043,0.9837954503148145,3.5,0.057,1.1367574,-2.1420584,0.70698327,gaia_vari_cepheid,24.0
2060907591353171840,-7.282765357066907,3.2648244284048817,0.12051627998424225,7.981087005815883,2.7201578390044356,27.522865516729908,1.5804587390774998,0.5788207754249358,1.099276175258307,3.38,0.062,0.97698164,-11.137692,0.7174078,gaia_vari_cepheid,22.0
2073922579215436288,-4.731336590028644,12.992613068398807,0.9779499128991586,13.827275229533523,1.9200261065470219,-1.8373516425145577,7.727241085793565,1.782805533890541,11.405667124448108,13.47,0.12,1.3459067,-106.04958,1.9060643,gaia_vari_cepheid,20.0
2061246206571925504,-7.000717012807524,4.555966389985306,0.11650961406484311,8.352656370286548,2.564665307064287,8.544629538492165,-3.6178811227390497,0.722347851352158,2.2454174044214694,4.7,0.05,0.9991342,-25.370451,2.0274415,gaia_source_rvs,16.0
2061051627363169536,-6.00372758649587,8.532648790392368,0.17111193516803697,10.433160609951132,2.1839465351606195,-2.1762824785680186,-18.438128418119675,2.408138939914475,8.825984162855056,8.8,0.139,1.0320191,-78.60281,3.4200892,gaia_vari_cepheid,27.0
2061265104428264704,-6.001344388367386,8.602064750507704,0.2598011320096511,10.488643975257997,2.1799522754588168,12.406537461078129,1.4053932460892042,2.1217698538827148,9.327641393393819,8.87,0.125,1.0254406,-74.31962,3.0237622,gaia_vari_cepheid,19.0
2061341073812605952,-6.11526828935499,8.422838473038816,0.2963031550985215,10.408684556354542,2.1987820329672876,9.177463284551264,-10.53350546660198,3.387946481642153,8.765710035592138,8.67,0.111,1.0371844,-79.56894,4.867165,gaia_source_rvs,26.0
2058098648362796288,-7.276706978265613,3.615983264319989,0.026177807146189943,8.125626093746975,2.680407446541843,5.847438378466312,-43.22145828890575,1.9327548170551296,4.8363954711926835,3.72,0.131,1.0929437,-55.61025,4.7081537,gaia_source_rvs,17.0
2074102933481447808,-5.180572888368604,12.374780681451067,0.9355089979053618,13.415421438244659,1.9672673237125997,4.3652448824360786,-5.511290212948865,1.8409789391977391,10.795775229370363,12.76,0.114,1.0843164,-115.15052,2.1063733,gaia_source_rvs,21.0
1853025642297186688,-8.015250444157452,0.5636843807625027,-0.10496708208918662,8.035046967111134,3.071381767494356,-3.894993114375737,5.951211324600791,0.22725992496458497,0.07554023684401062,0.59,0.033,1.0138893,-1.0395497,0.031037921,gaia_vari_cepheid,57.0
2061125500797555712,-6.884070844758337,5.362199807684782,0.07138850480628428,8.72603106648071,2.479832820910218,-4.659745310205585,-2.451779571456825,2.1070876066903512,6.190303158531357,5.51,0.173,0.97011197,-29.143698,4.1667776,gaia_source_rvs,19.0
2061129486527124864,-7.630442209976625,2.2198882101925177,0.02912129317116779,7.946795076352775,2.858481981840121,-22.247949731095282,2.622459532609355,0.6619084048461081,2.7825058105593246,2.28,0.043,1.2312119,-3.0064468,2.9165812,gaia_source_rvs,31.0
1870258975238302208,-7.90087414150881,1.0682814041492334,-0.07642724117305577,7.972768487696958,3.007197166660006,21.553762482879897,25.392931344159166,0.4993208982698021,4.714992661991798,1.1,0.066,1.277353,19.098057,4.347135,gaia_source_rvs,22.0
2063862597552413056,-7.529693314908753,2.6788644679370703,-0.032011081262287085,7.992033299114646,2.799783795379725,17.507360492784503,-11.291669484037527,0.7985461679305511,1.6078901615642778,2.75,0.125,1.0465542,-21.035051,1.1197294,gaia_source_rvs,30.0
2061458790263462400,-5.100635579039773,13.215462823854846,0.45028117955163655,14.165625328902918,1.9391406795837314,-20.86240329125824,13.082466088254591,3.111647845080271,11.681109622067304,13.57,0.13,0.9724777,-90.77876,3.3995626,gaia_source_rvs,27.0
2062137223303117184,-6.893988514087347,5.4529111117437665,0.22504547719563178,8.789841706478388,2.472384521235639,8.722437501081581,-8.32551779748178,1.0325564430633398,4.458478147630776,5.6,0.113,1.0655129,-42.025036,2.340297,gaia_source_rvs,19.0
2062422374771153920,-6.083547556921,9.05240735681799,0.5286663374867734,10.906678221671893,2.1625072538203773,3.4065986122189655,-21.534735284995833,2.6405215458520863,7.616703662404673,9.3,0.11,1.0845602,-92.62151,3.9783895,gaia_source_rvs,9.0
2078709577944648192,-7.69273242323034,2.014410689210737,0.323552881838258,7.952105542573351,2.885484160431935,-12.977748144612681,3.0574550390462605,0.4640319309818784,0.9925826594915597,2.09,0.042,1.0450528,-4.071,1.0,veloce_dr1_vgamma,216.0
2063816658582331776,-7.212024756187952,4.185048114504319,-0.09287785684985989,8.33834089040404,2.615793725686749,18.359047367396734,-21.074331370680994,1.2131239843286732,3.3495713923382238,4.29,0.118,1.0839205,-43.909664,1.9279226,gaia_source_rvs,25.0
2062267687221984128,-7.745389517375658,1.844660344145879,0.08046715185955139,7.962024275342115,2.907785940816644,3.8552833970705365,-3.187588164068785,0.318122807531972,1.0081359637876872,1.89,0.117,1.0943847,-10.2,1.0,melnik2015_hrv,
2067251361107786880,-7.845067614125508,1.427580195164322,0.03064275681828493,7.97389936504257,2.961590563958704,-1.5629910491039403,-14.158938430673402,0.4255538430884744,3.8941451145819634,1.46,0.086,1.01625,-21.738638,4.008966,gaia_source_rvs,22.0
1865228537734352896,-4.91055527079605,15.23722801194021,-2.75226945778308,16.008955948324623,1.8825602547732703,-3.0516287506739204,-52.5617961861993,3.046087719589108,9.084712112197582,15.82,0.111,1.0634671,-156.46066,3.276458,gaia_source_rvs,36.0
2063178250344063872,-7.746733047730183,1.9170384578595054,-0.05727589569068387,7.98040784432145,2.8990021237294896,-6.010351804816979,1.8484630597750424,0.8992137172694636,2.062345729029688,1.96,0.113,1.0658356,-5.350361,2.138644,gaia_source_rvs,22.0
2074655609859721472,-6.506656275138419,8.055008520707052,0.5657367649658737,10.354696429710597,2.250261810240609,32.28274491041465,4.589261619368244,1.6863596929065046,9.700764251041665,8.24,0.116,1.001197,-85.75745,1.8439428,gaia_source_rvs,27.0
2063349022550766720,-7.661812721661782,2.520949341042301,-0.10122119352465736,8.065888652958206,2.823722076390972,-2.669320733226802,-4.715162840991155,0.43662671072968917,0.4949434801182207,2.57,0.072,1.1063489,-14.012911,0.42650503,gaia_vari_cepheid,23.0
2068663855595724672,-7.734587649831612,2.145238120062416,0.15208625250446445,8.02657415742835,2.8710369507460096,11.06033735187291,6.361317567952398,0.30660563845257255,1.378447414853768,2.19,0.077,1.0243468,-4.433142,1.36724,gaia_vari_cepheid,17.0
2064520552179716096,-7.308634853312623,4.8970518725512076,-0.10354480885264766,8.797571281979664,2.551260738628105,9.926099193141702,-12.653305985163257,1.6955582822066197,4.8359521175165,4.97,0.112,0.96553236,-45.911583,3.2209864,gaia_source_rvs,27.0
2066169128129884288,-7.824347669726743,2.195495666917063,-0.040873969446872445,8.126537865549505,2.8680295873100445,-5.897365935726364,19.77047632901065,0.5695233320155911,1.6025781352624164,2.22,0.052,1.1877148,9.111322,1.6297076,gaia_vari_cepheid,22.0
1873250780732545920,-7.768328404450262,2.778681442751092,-0.16584074089888762,8.250333130224382,2.798080346523181,-16.655211683075123,-6.219708279700029,0.720277618568191,1.0336249590447006,2.81,0.066,0.9978818,-16.962,1.0,veloce_dr1_vgamma,48.0
2069600708216959104,-7.696731844720439,3.5708778584526697,0.06364621049004077,8.484742174605026,2.7072008867648694,1.7916858889580893,-19.06086436678052,1.5125496876483695,4.100751674495253,3.6,0.12,0.95197165,-40.507557,3.624062,gaia_source_rvs,22.0
2069606682514776832,-7.87040133324194,2.2120976209753667,0.04223878867225666,8.175365009039131,2.867596264558268,4.365086543802643,-0.9238460968948345,0.3827576367887952,1.466362963904914,2.23,0.085,1.0392851,-14.320659,1.400815,gaia_source_rvs,21.0
1873112207907294848,-7.883815462705536,2.1364346379500794,-0.1688382283226127,8.168163760125516,2.8769583772100207,-2.266697209461937,1.5740505819015311,0.5904066003194989,3.6833745044595796,2.16,0.045,1.0733646,-9.9962845,3.780109,gaia_vari_cepheid,17.0
2065869957888142720,-7.930306649203479,1.7659533438025083,-0.03379929454106529,8.124552588474529,2.9224835910286804,-1.6202954102911098,-10.63210593823726,0.32569430314503905,1.3882187747408554,1.78,0.05,0.9961993,-21.446402,1.4437233,gaia_source_rvs,25.0
2065622468992684288,-7.902577308949965,2.0025888043439664,-0.08842023751273004,8.15236714354884,2.8934075564644632,-10.817257704220214,-22.796477077049218,0.7867010471051984,1.281862449469386,2.02,0.107,1.0949714,-33.151184,1.3308058,gaia_vari_cepheid,29.0
2066900067144378752,-7.892808133042418,2.154704442829776,0.006936044918789237,8.181636233723111,2.8750905699122438,-3.950338678886241,-6.957712183786754,0.6710762030123599,3.9566442008038596,2.17,0.05,1.1500902,-19.122366,4.3227067,gaia_source_rvs,17.0
2066994242887955584,-7.804874357025043,2.9598040157323853,0.03465064321907179,8.34724526658302,2.7791229683940495,3.8730669326836678,-0.6980200074920049,0.32018573595222544,0.5685900390893566,2.98,0.039,1.3283137,-19.31592,0.4193357,gaia_vari_cepheid,27.0
2066760837184240896,-7.842119369040353,2.782820914665531,-0.027942737982991687,8.32123358892044,2.800598592156199,-12.816539033429354,-5.35161309967603,0.5372094896870412,0.6415976242791842,2.8,0.052,0.9982666,-19.137016,0.5755338,gaia_vari_cepheid,23.0
1965135696153566336,-7.7066304955296285,4.024813203878499,-0.49520330738173685,8.694324293511368,2.6603013049710693,19.032371943503797,-11.244972772702624,0.6061672730525827,1.5720995973995235,4.08,0.041,0.9904753,-41.821007,1.442332,gaia_source_rvs,16.0
2065996783982879232,-7.403192040420986,6.827514995747087,-0.15012656023158538,10.070859615966453,2.3966256035173457,1.1344234207734767,-22.036937458285507,2.6145668264732587,6.234677975994531,6.87,0.113,1.0120344,-77.08922,4.28495,gaia_source_rvs,19.0
2066009153488742272,-7.6534663862066825,4.551977732879429,-0.09122090106152997,8.904832901600441,2.6050348037186466,2.040342735696632,-32.735013536667,1.022796818614511,3.178026182551722,4.58,0.113,1.0023034,-63.316853,1.9125808,gaia_source_rvs,26.0
2070181319081749504,-7.891652104121795,2.546225856243968,0.0654267268025785,8.292251747474584,2.829489516513119,4.8940194784763875,-29.39779639971829,0.5057565061819774,1.088773497477335,2.56,0.088,1.0871422,-45.820087,0.8561526,gaia_vari_cepheid,31.0
2070122701367046272,-7.843580588288942,3.0340836525971078,0.059764818159717174,8.409959575166821,2.7724964183915533,23.35813812210532,-14.109074745143118,0.4147694315122499,0.8762961957538536,3.05,0.051,1.1198277,-39.241077,0.43803486,gaia_vari_cepheid,28.0
2161786374436607616,-8.034933473229978,1.163376547153226,-0.041565178581840174,8.11871916682045,2.9978020929286755,-10.779262808888085,-11.3370871044838,0.5670571231110368,0.9994177143903885,1.17,0.066,0.9520018,-21.44,1.0,veloce_dr1_vgamma,37.0
2071433765909167232,-7.9113909041766926,2.4524848094524376,0.17662815205882848,8.28280072072754,2.8409923309475436,4.923169208781199,10.144951835901793,0.7119833955056867,3.08500266271371,2.47,0.121,0.9555735,-7.9657683,2.7090387,gaia_vari_cepheid,10.0
2067145601833880832,-7.8529481150764,3.1557694877619875,0.04769265724031795,8.46331348574372,2.7594856380077117,-3.8042182600373464,-20.066199476698102,1.3252187284397114,3.771621985036031,3.17,0.113,0.91977435,-39.05063,3.7130864,gaia_source_rvs,22.0
2070224337474904064,-7.968838546235484,1.9911960037486698,0.05366300168139853,8.213844976703246,2.8967337112847678,19.87769031889621,5.528719231006733,0.29233629836885955,1.0692084555234518,2.0,0.048,1.137935,-11.006,1.0,veloce_dr1_vgamma,31.0
2166303099490547072,-7.982221262996774,1.9019960674898773,0.05409915016026983,8.205695907854786,2.9076755329629833,-30.06227564842,-16.910833869102845,0.9319795054791439,3.7988255685267807,1.91,0.043,0.9603295,-26.0295,3.5920117,gaia_source_rvs,13.0
2163267519678403712,-7.690561002004314,5.761137146429482,0.0868405952004509,9.609132621913345,2.498656307981806,9.165923298955606,-23.556711571041262,1.4844186571108384,4.688032516577915,5.78,0.117,0.94409937,-74.27732,2.2879014,gaia_source_rvs,24.0
1968971582984827136,-8.065979535710216,1.072777797884986,-0.08663397743101037,8.13700670235259,3.0093683395523536,-10.136467628712156,6.882248485790711,0.3875101387281444,1.242404180184243,1.08,0.037,0.9512303,-3.321247,1.1837505,gaia_vari_cepheid,19.0
2162275240493961984,-7.674943507530595,6.371522522753449,-0.09511726616951816,9.975021659211599,2.4487230377227647,16.648750402683422,-21.437276007319895,1.3494377959279082,5.698742727999106,6.39,0.109,1.0751722,-84.093185,2.198652,gaia_vari_cepheid,22.0
2162275760198598528,-7.714273659919741,5.893123396886837,-0.09114782919661996,9.707673329437212,2.4892392028384376,13.220142657383903,-18.125850102370833,1.08222986225429,3.144293679374846,5.91,0.073,0.9885027,-73.65411,1.860651,gaia_source_rvs,20.0
2162268853891035648,-7.438575008278319,9.752384520954902,-0.17690964106923662,12.26545563761671,2.222403973658268,-7.675958705464929,-12.402712610333452,3.2155462806477133,7.335600031384956,9.78,0.111,1.0267501,-97.051636,4.148187,gaia_source_rvs,15.0
2163105616604037888,-7.473940749503181,9.38566558580328,-0.01260830147170117,11.99793769010392,2.243285913989177,-5.082755474127921,-17.68765222775528,3.555627682745629,7.935606265863292,9.41,0.119,1.0818874,-99.45267,4.722935,gaia_source_rvs,15.0
2163049885106065408,-7.388712575430697,10.642425172149839,-0.08467060506806329,12.95585917904082,2.177666042151596,-21.955187603426314,-1.145445573369443,2.1848174406049554,9.257626855951377,10.67,0.146,1.0758693,-87.01399,2.6109457,gaia_source_rvs,16.0
2163329126697735552,-7.862005889486493,4.149903439681079,0.03651455407619791,8.890041347766452,2.6559196817992903,-4.313029066748564,-23.265535955649142,1.1425488181232453,2.719628933899713,4.16,0.114,0.96845275,-51.693394,1.9443526,gaia_source_rvs,19.0
2163333284226072960,-7.886312305769941,3.8307870018272716,0.039274624463495104,8.767488285564298,2.689408786799852,0.7939694658503195,-20.269323687339806,1.4775250891502085,3.740710670293747,3.84,0.06,1.081113,-48.03559,3.853967,gaia_source_rvs,24.0
2166451460533846016,-7.8622614031356,4.21869516677633,0.1182770263663237,8.922586131913647,2.6491147136157447,18.514486411902208,-8.682612034946573,1.1845804544728162,3.490750547760472,4.23,0.106,1.1097307,-48.74048,2.6300771,gaia_source_rvs,17.0
2166389269407411200,-7.879983401854247,4.039992563111032,0.0952336555527637,8.855262747287112,2.6678442701960607,24.895644670471544,-4.435229051272785,1.8121339389966071,4.210965535403851,4.05,0.053,1.0898042,-45.355095,4.5106087,gaia_source_rvs,14.0
2163414854247707904,-7.863326894511452,4.720492092602678,0.09310136011449405,9.171420579510654,2.6009397909382765,16.879003029978456,-19.194086912494384,1.8600979799522777,4.835765495543496,4.73,0.111,0.9629978,-64.0379,3.5063174,gaia_source_rvs,19.0
2166798979238510592,-7.670289380534051,8.354157534903687,0.1921316803259429,11.34130888826865,2.3135438179151198,-11.12464141562618,-24.66783243299463,2.0067008573527314,6.36134288398879,8.37,0.119,1.0333545,-91.39079,2.5079062,gaia_source_rvs,17.0
2162640763705905920,-7.666937214840773,8.744971070489239,-0.16693292858478032,11.629980450542645,2.290602641374925,-21.194342774657354,-6.565646133182241,1.4910108626611425,5.516374850471701,8.76,0.109,1.0786363,-75.09821,1.6335776,gaia_source_rvs,25.0
2167601931957286016,-7.5621275751671675,10.690070617761114,0.7194316363482932,13.094402746052344,2.186469718285938,-8.051701626567224,-6.725593871691956,2.994409712765443,8.028094028177795,10.73,0.112,0.992875,-103.08392,3.549232,gaia_source_rvs,17.0
2166818804808477824,-7.73272930905649,7.715987921118765,0.2112112548963116,10.923899128332884,2.357278164722396,-6.2180712441816155,-12.02623956125106,0.9970007484351834,6.071155711011612,7.73,0.12,1.0426196,-79.54942,1.3314553,gaia_vari_cepheid,17.0
2163744982615101568,-7.9896100497331926,3.406166969840863,0.025555740513405863,8.685380945775062,2.738600629099752,23.097908412049787,-7.2164157894859216,0.60612599880101,1.663601847741689,3.41,0.056,0.98652357,-41.35121,1.333006,gaia_vari_cepheid,20.0
2163813564654741888,-7.978979808988566,3.675648477889344,0.05804518075889347,8.784902419791438,2.709903976237649,24.209425775028578,-1.0386408849979034,0.2944210396216462,0.8641854277182899,3.68,0.034,0.8328534,-39.346058,0.3084053,gaia_vari_cepheid,19.0
2166855432290791808,-7.843301256001629,6.7703294471663185,0.1977919541204986,10.361213028191445,2.4294856491528587,-14.779150854716413,-15.611660102960911,3.190952963214086,5.6251723989407605,6.78,0.111,0.9786508,-67.563156,4.5902615,gaia_source_rvs,21.0
2163635100177988864,-7.743386678748456,9.241058213549984,0.008695303870360268,12.056417136232417,2.2682429663146477,-19.21254407421326,-10.923416242472683,3.6826190255838296,6.578490998701651,9.25,0.112,1.1839038,-85.09868,4.466461,gaia_source_rvs,16.0
2166861170366710272,-8.05027696584205,2.286932761773675,0.06948616818348013,8.368812381911836,2.8648034306038204,-14.04586425922846,-9.673336921777747,0.5513809193783101,1.6282758331454832,2.29,0.035,1.0258019,-23.923496,1.7902119,gaia_vari_cepheid,20.0
2163847439043169408,-7.843528733572006,7.293212163729649,0.07714380777599444,10.710363516685312,2.392534829184535,-4.450995544560653,6.991661603185008,2.862141380464663,5.954780031036584,7.3,0.114,1.0265286,-62.686478,4.306493,gaia_source_rvs,21.0
2162501400600160384,-7.487203597418509,16.0076402613086,-0.5208617133932668,17.672089985190343,2.0082937439967807,-72.96776534212435,-93.39416000316021,4.037620210078648,3.558165111790304,16.03,0.117,1.0750632,-122.510376,4.498646,gaia_source_rvs,17.0
2162777790346215936,-7.915817976654336,6.274464366036851,-0.11556431545001905,10.100944377640646,2.4713501938360287,-6.567538111913976,-14.643602754555872,2.468936159786375,5.023308315275,6.28,0.106,1.0482576,-67.12259,4.0051303,gaia_source_rvs,13.0
2167037092224125056,-7.9747343171689336,5.253486282320185,0.1998308323916546,9.549633791301016,2.559079490527558,25.272315309103462,32.56902566414061,1.7491904955750612,5.885356686820561,5.26,0.121,1.3958218,-33.641365,2.9440515,gaia_source_rvs,25.0
2164359918864249728,-7.987258047938098,5.637381134895494,-0.04972319261234565,9.776316135663143,2.526986808141932,8.483819336684341,-16.58059014708857,0.8130575917320391,2.145125584121651,5.64,0.051,1.0635791,-70.925705,1.5449108,gaia_vari_cepheid,14.0
2165415243850306560,-7.982557534065656,7.287396210382138,0.10509977407310028,10.808670978050923,2.4016878616618986,-25.525407365456253,-15.158353133810891,2.686620771212217,4.707509343353392,7.29,0.11,1.0517166,-67.27724,3.955517,gaia_source_rvs,23.0
2168490814081092608,-8.099837367954084,2.348632091961795,0.06803953258876355,8.433471295421487,2.859371758986932,11.997714661329965,1.6561276373467138,0.39284491996837395,1.3866973112708187,2.35,0.045,1.0274318,-20.96138,1.3742057,gaia_vari_cepheid,19.0
2165427063600859904,-7.959154477799127,9.417421937839762,0.1156941001137643,12.330286937325324,2.272469227752069,9.898068907658477,-16.71353671327205,3.33911146586814,7.360937989442241,9.42,0.113,1.0739005,-114.09729,4.378112,gaia_source_rvs,20.0
1971722045688053248,-8.122425439185482,1.517613077661576,-0.07506235132063549,8.262986413435334,2.956880091427391,3.624818983897468,0.4280173286729507,0.1441603868932689,0.12959175448129906,1.52,0.035,0.94307685,-14.420233,0.06318034,gaia_vari_cepheid,18.0
2165430637013938688,-8.004648451897234,8.498095905415976,0.111516269072168,11.674417795166857,2.3263024635383456,-10.045628252127168,-15.613062628828203,3.622530142347555,6.089225202703363,8.5,0.112,0.9315983,-90.0528,4.840134,gaia_source_rvs,9.0
2164475809937299584,-8.118615478317716,1.8996034714733803,-0.017342492206123553,8.337890058858639,2.9117463840021807,3.5555395316945444,-13.866456827854734,0.32055604855260356,1.3824018591107778,1.9,0.026,1.033871,-30.614197,1.3856587,gaia_source_rvs,16.0
2168856131127624448,-8.084781589662677,4.213506371299395,0.23024621250955096,9.116870586639319,2.661156650728778,-119.33856076958844,-8.887548407980688,5.707159811866875,4.813136545210594,4.22,0.109,0.9694284,7.5402946,4.6300836,gaia_source_rvs,20.0
2165437234083884800,-8.019503181245964,8.678302498355773,0.11702045410139078,11.816317765149268,2.3167606980265063,-23.043801865563008,-1.026822453041433,3.7604031079782794,6.38553597582507,8.68,0.111,1.0678407,-72.425285,4.7544427,gaia_source_rvs,16.0
2165305357101041152,-8.114193525810151,5.869873129838696,0.01990378081137439,10.014766454326416,2.5153287076116966,-4.323666184220626,-12.98503407214784,2.5392277832501593,5.1540057967916315,5.87,0.111,1.0427225,-65.32723,4.132436,gaia_source_rvs,22.0
2168655710772034304,-8.13090618262887,9.444913028130298,0.3149404434765963,12.46266494212445,2.281571120233986,4.9361088579281525,-7.09913407008824,2.003627525600533,7.784662885567697,9.45,0.119,1.0047002,-105.4882,2.2970848,gaia_source_rvs,16.0
2165638925753967232,-8.140547379024152,5.588656795909268,0.1276716029823874,9.874289666229153,2.539970390737792,12.319419762973626,-18.71945997566391,2.2231228110724413,4.3883400830133095,5.59,0.08,1.0566608,-76.88402,3.866304,gaia_source_rvs,19.0
2168683473441151872,-8.15668799353598,2.098845671508253,0.07479713635174151,8.4223934945301,2.889740359784657,-32.2878598538987,-16.723482476309442,0.5412333636742833,0.5417646138007761,2.1,0.029,0.9149061,-26.957825,0.54671925,gaia_vari_cepheid,18.0
2165972009046721152,-8.192563589049772,8.448504500823507,0.15866619231167783,11.76840373462175,2.3408156255311585,-3.7198623611587687,-11.800760653554136,2.6243906003249333,7.491313474616952,8.45,0.154,0.94340754,-93.09822,3.4287605,gaia_source_rvs,19.0
2165771172070496512,-8.170261244174519,2.4897369410600927,0.03548951648495673,8.54119188601564,2.845800596671111,-7.427496718546086,-3.2411727556533663,0.9245333648105573,1.1431286441610802,2.49,0.112,1.0855737,-22.884,1.0,veloce_dr1_vgamma,18.0
2168974530478099328,-8.171464194732224,1.757649580446412,0.09385814071085102,8.358358638718142,2.929724699718329,-11.640779896704474,-14.104719533357553,0.7285158992403415,2.393261286436425,1.76,0.048,1.051743,-27.781382,2.3334255,gaia_vari_cepheid,17.0
2169337236176079360,-8.157733600616417,0.4494866574488463,0.02554763050969638,8.170107450569462,3.086548859165753,8.725988972375072,17.789233377627255,0.13236260178363324,1.7222399090374738,0.45,0.029,1.0463656,5.8727617,1.8204837,gaia_source_rvs,28.0
1960750328384177408,-8.20398366534788,2.0267127889623184,-0.2978493605727605,8.450616114239143,2.8994017309185076,7.027057023443742,2.6824874570328348,0.8104478882819298,2.868941759320317,2.05,0.038,1.3142585,-18.288496,2.879086,gaia_source_rvs,28.0
2165865665655977856,-8.271497110936433,4.25820790129242,0.027938147113092556,9.303225192741438,2.6661713320317864,17.641187359905995,-35.16495948316546,1.3080712433898631,3.476257914650157,4.26,0.112,0.9301592,-80.65727,2.6136312,gaia_source_rvs,31.0
1973053416822854656,-8.73122686325663,20.19641293692781,-2.5837040586260938,22.002941122871714,1.9788471032626487,-108.30172263201818,-86.09343816204353,2.7069938331044407,2.415348545416182,20.37,0.126,1.0037322,-92.81528,2.5792866,gaia_source_rvs,25.0
2170785842762144512,-8.298814471552959,3.5356589324126904,-0.08707221157058448,9.02059896678743,2.7388381815624934,16.05233130192168,-5.6225161101144465,0.4945029366780622,1.3234253729401033,3.54,0.047,1.127546,-46.071,1.0,veloce_dr1_vgamma,31.0
2170875933990745088,-8.250734517101655,2.296887857518858,-0.058985294070194656,8.5644797799814,2.870081364747056,-2.4567023488361,6.8311599383253,0.7300523500579358,1.2934931933790133,2.3,0.111,1.0400474,-15.028,1.0,veloce_dr1_vgamma,27.0
2171143630713575424,-8.422534329499776,6.073885658910644,-0.0005852416855237118,10.38417890490734,2.516814587939113,-5.403330331882778,-7.2557791089271575,2.9453827952558678,5.119510605722211,6.08,0.11,0.9934557,-66.26858,4.5008364,gaia_source_rvs,20.0
2172265991562658048,-8.384303404498832,4.752199723601115,0.14442023606536475,9.637424230139773,2.625944843237489,-10.783122348220413,-36.19385041942212,2.734005473266324,4.407194750075212,4.76,0.109,0.9993676,-73.42648,4.5288796,gaia_source_rvs,32.0
2172000322072006400,-8.284917893555424,2.5460795543906176,0.04763744107406647,8.667317093555582,2.843438432907768,-5.523792949497005,-3.093120783862105,0.43922998183184825,0.6517632526193281,2.55,0.042,0.9612708,-25.952393,0.54977447,gaia_vari_cepheid,17.0
2172278803454142720,-8.294958826013046,2.734806417635262,0.09164092396206663,8.734157547651105,2.8231201690082193,18.592757127567854,0.7906932023770992,0.6834130168648184,1.8654583480637161,2.74,0.045,1.0889881,-32.963367,1.8348527,gaia_source_rvs,18.0
2175555936502486912,-8.252350819256755,1.8849875507752503,0.09740137825532375,8.46489646189871,2.917027061034406,4.277591153993595,-3.3296934119474884,0.49497488286860036,0.9922459997115063,1.89,0.123,1.117169,-23.720028,0.68215233,gaia_vari_cepheid,27.0
2176426509195347328,-8.19908010295384,0.7866055525752894,0.059746345313018805,8.236726463225292,3.0459471131316627,9.41204288643624,13.64813750712591,0.26679145612249483,1.5974038998098694,0.79,0.039,1.1250465,-0.81332266,1.6148921,gaia_source_rvs,22.0
2175754398354311552,-8.388842952175242,3.6646737671079994,0.24112541959677508,9.15437162756624,2.729727142824967,-5.536919344259586,-23.200824139533864,1.235755369727125,2.300430266349441,3.68,0.111,0.9500781,-55.354244,2.1489418,gaia_vari_cepheid,23.0
2171585359503139328,-8.537125790190682,5.927222543677665,-0.03651313374386029,10.393001676119349,2.5347106566698954,-8.623835429005887,-14.253932211753181,2.583799341248783,4.426690458607961,5.94,0.108,0.9880348,-69.579926,3.992319,gaia_source_rvs,25.0
2175434268670997376,-8.56087432984928,5.940995749554931,0.24497915110333895,10.420364666733219,2.5349246874281,7.1967823098951245,-32.00674532911279,3.730447312263791,6.476558860818338,5.96,0.13,1.0969634,-94.24638,4.780206,gaia_source_rvs,30.0
2175493092543168896,-8.336037620568353,2.600554644065766,0.1263505541981032,8.732262459884204,2.8391949699160453,-16.649118145068126,-8.907551156349427,0.7284346405179718,0.9817819438021606,2.61,0.047,1.11997,-28.87216,0.9857868,gaia_source_rvs,23.0
2171687236130073856,-8.52318004456775,4.845647290290868,-0.0006324802049724786,9.80433045822208,2.6246375596343285,4.493508511465048,-5.55107349151541,1.5441527094333096,3.9805978399804447,4.86,0.11,1.0247085,-58.97522,2.5094106,gaia_source_rvs,25.0
2172548462970160000,-8.674419023149087,6.608017373734357,0.1319481321228108,10.904652172387062,2.4905935292772416,8.292214551078283,-13.079508167935415,2.885055067929587,5.99630865915472,6.63,0.114,0.93608046,-88.140594,3.784723,gaia_source_rvs,30.0
2172735787961250176,-8.448584204193857,3.7167479017158978,0.10312888840316997,9.22999404226587,2.7271481700247846,30.28162719446334,-22.860491613637464,1.283346658081117,2.9011439574863194,3.73,0.06,1.0975535,-73.731094,2.662132,gaia_source_rvs,22.0
1979290911935177344,-8.32840753948053,2.091720104234176,-0.04813854218805242,8.587063825204373,2.895527350674633,-7.667679049983989,-7.775270006238344,0.5943973772978339,1.2412726512458436,2.1,0.037,0.95819956,-27.094069,1.2333261,gaia_source_rvs,13.0
2172770255078972800,-8.367542942513172,2.4795814292086957,0.07220979416751866,8.727204532889019,2.8535032098026876,-6.360617148311415,-1.4100461303512475,1.1810013471824297,2.1388396446375504,2.49,0.107,1.0396155,-25.409819,2.1076424,gaia_source_rvs,25.0
2176126686126163712,-8.852544871716585,7.686079525200853,0.4338802375273855,11.72362440431573,2.4266076574052193,-9.423386488254689,5.121390263999473,2.6715265848159326,5.498530026469779,7.73,0.112,1.135567,-75.28147,3.3088455,gaia_source_rvs,27.0
2171569966347494400,-8.387299109881914,2.5489178787333087,-0.011989972745148295,8.766057763393546,2.8465597995029324,-11.979653920593586,14.724653101983932,1.3338156752787018,3.1576015992272026,2.56,0.043,0.99010074,-8.894524,3.5370963,gaia_source_rvs,16.0
2171786982452223232,-8.7770410700702,6.459637524094063,0.005024188684675075,10.89786065649507,2.5071314809510814,-12.55884740900749,-4.824130829209878,1.9778531444823624,4.260604057463586,6.49,0.114,1.0529114,-67.53806,2.1287425,gaia_source_rvs,24.0
2172625119548821760,-8.449908588144545,3.0650009702666914,0.05264634514119442,8.988614247798973,2.7936259886339676,17.762549949386493,-13.370646023049915,0.4617072949188708,1.1401356583999693,3.08,0.038,0.98467946,-52.583435,0.9969271,gaia_vari_cepheid,26.0
2173289224575696768,-8.892267125085686,7.232006877463322,0.0018552371927013601,11.461864512353845,2.4587994121089145,-0.03241021743213348,-9.297150879960384,1.4188388607632898,5.055943720959018,7.27,0.118,1.0433228,-87.884705,1.7675211,gaia_source_rvs,24.0
2177330376481113600,-9.058372361209747,8.7838591725755,0.839510982050906,12.61785606979123,2.3715788624112646,-3.034054754635904,-14.21369130151399,3.9064627306555857,5.962037336316031,8.87,0.107,0.98964494,-104.14752,4.9367127,gaia_source_rvs,29.0
2172686554763264768,-8.562934950746456,3.9477241859484,0.08203068308708666,9.42912409606731,2.709608532667433,3.143231923839856,-11.497142793398268,0.41590802821289125,1.0025811961485158,3.97,0.043,0.97509694,-54.939644,0.54371196,gaia_vari_cepheid,21.0
2172699817623205888,-8.89238061724024,7.079552017874056,0.15785317487934852,11.366375403604025,2.4692117250838908,-18.453203845679067,1.0205560421005657,1.989296476636273,4.384730110146853,7.12,0.113,1.0270278,-66.265274,1.9590975,gaia_source_rvs,21.0
2176050304426499840,-8.511067558830344,3.427247938206624,0.1670563302889045,9.175200238736803,2.7587769311092503,2.0717089875509678,-11.313176703439012,2.1052902237556017,4.507389557772173,3.45,0.162,1.1197829,-48.964478,3.689533,gaia_vari_cepheid,13.0
1980786488264944256,-8.553390724145935,3.6860516727239894,-0.11448955133804956,9.313832176601478,2.734696277465104,-1.6918388922366816,-0.6254736448795768,2.052868264445065,3.959285327868224,3.71,0.121,0.94042146,-39.92687,3.654494,gaia_source_rvs,22.0
2174193504173455744,-8.660281272626742,4.641164667979464,0.09550918571501205,9.82552192996944,2.649628428627054,12.86612043556261,-20.442479115259374,0.8525970850688015,1.8490482009792493,4.67,0.055,0.94895476,-76.12886,1.3864284,gaia_source_rvs,15.0
2176354010159818752,-9.182874714331774,9.371072697466403,0.6525413353208783,13.12029692957877,2.3460515526799814,11.850479400720365,-13.326455964047142,2.1965399648306825,6.7058241222780115,9.45,0.11,0.99499214,-120.54588,2.7823546,gaia_source_rvs,21.0
2174472436523073280,-8.828439518296872,6.098564752595819,0.22189145147362405,10.730043633174564,2.5370772079287036,-9.220985837576201,-12.706932942379183,2.806252820559985,4.28583229020382,6.14,0.109,1.0902961,-73.48118,4.2293363,gaia_source_rvs,26.0
2174445773365776512,-8.850063243976528,5.654407442957835,0.17158830500101335,10.50218753181266,2.5730520281224996,0.6014875408942587,-16.46414329508815,2.9663953165966284,5.205910127814535,5.7,0.112,0.98048544,-77.92632,4.466828,gaia_source_rvs,23.0
2177814470836630912,-9.02403730946066,6.923006958489222,0.41553681572580276,11.373709804185623,2.4871904721614184,-26.696356326385512,3.930033193701746,1.893442198561555,4.13234114379146,6.99,0.118,0.9998331,-57.948517,1.4476178,gaia_vari_cepheid,24.0
2174627776903099648,-9.035452916241727,6.958076819499389,0.29104652959445815,11.40413269072558,2.485359877049743,-2.8539207881701856,-21.520407877844377,1.4093495698178493,4.613162205648003,7.02,0.114,1.0835056,-93.545074,1.3603781,gaia_vari_cepheid,26.0
2174538785179277312,-8.883622597957855,5.761156026260021,0.1697449448068719,10.588185360195562,2.5662625919075075,10.905433505996106,-17.68855680137932,0.8557245741712728,2.7144724240513365,5.81,0.068,1.0579765,-87.12904,1.1445985,gaia_vari_cepheid,24.0
2173195216334113536,-8.81229852368594,5.086849703256254,-0.04159887235261978,10.175099270969087,2.618073306562071,22.84178890649826,-7.768074277939434,0.6394807384262816,2.2282620020944557,5.13,0.05,1.1443325,-78.53118,1.0773952,gaia_vari_cepheid,29.0
2177659955093549440,-9.249485586667648,8.137047525436648,0.39018809778669755,12.319274574794866,2.4200901352964093,14.819217528390226,16.020181398224224,2.35541287287755,7.329665804562777,8.22,0.109,1.1294625,-93.33879,2.8703487,gaia_source_rvs,25.0
2191341796747276160,-8.354213754686167,1.474263364772912,0.19216417897015564,8.483297703587862,2.9669215748899584,20.35629226782699,0.5428779656694189,0.3546134900414346,1.1798668566003048,1.5,0.035,0.91250277,-25.573662,1.1615294,gaia_source_rvs,15.0
2174677564161400064,-8.652296886275312,3.5744329874565706,0.06228725088690939,9.36156037154422,2.749827731770636,16.532545144437066,9.081621602937787,0.7844245286800007,3.0211971113490623,3.61,0.104,0.8088802,-41.795837,1.4602085,gaia_vari_cepheid,17.0
2173914090776117632,-8.768785008525308,4.295463517365302,0.046682368642076914,9.764353401774972,2.6860911429927037,-6.453618450249547,-18.744810908881533,1.9971961547244632,2.8943706477466553,4.34,0.053,1.2918558,-61.908558,3.4326487,gaia_vari_cepheid,19.0
2175032053584588672,-9.274446507350993,7.793439650753962,0.309332665457612,12.114167722450398,2.4427492376711566,-17.5357735603389,-1.5690799509423812,2.152165270785418,4.677151449140621,7.88,0.11,1.0141546,-78.62018,2.212939,gaia_source_rvs,30.0
1981367545804985088,-8.815295583723616,4.560562213832139,-0.09818997392226297,9.925127905203569,2.6641643510527206,9.599850829076034,-8.82197461976159,0.34477209615514953,1.1418150577375499,4.61,0.038,0.9252845,-65.973526,0.47026426,gaia_vari_cepheid,25.0
2178339384559913728,-8.778679522172371,4.215436796692142,0.265792792925384,9.738332585197254,2.6939180207541376,5.3563783274419565,15.045170469349728,1.2451978123320973,3.3523933980788856,4.27,0.106,0.99535877,-40.28253,2.014845,gaia_source_rvs,22.0
1977074811892425600,-8.499399838181345,2.2776643846310334,-0.15655988771572477,8.799292736254076,2.8797650473100482,-2.9501471988044883,4.341687524688211,0.42461986794272694,0.7398600950956655,2.31,0.036,1.0533278,-21.783155,0.6820064,gaia_vari_cepheid,9.0
2173782183742263552,-8.99918333894459,5.454290255365207,0.00702158024950877,10.523050078646863,2.596709254144597,-2.239980208683313,-7.673024023816055,2.610111307595868,4.743334191929791,5.52,0.109,1.1424847,-69.061,3.4870002,gaia_source_rvs,18.0
2175017313256205312,-8.953676229225502,5.144091503449051,0.19661289790938902,10.32618009787039,2.6201170454646734,-7.9648284067370225,-26.733142350305883,2.449421892312149,4.839311684423363,5.21,0.191,1.0502487,-77.05076,1.4065759,gaia_source_rvs,28.0
2175088575355359488,-9.29237288208321,7.263314085235118,0.3354218959184711,11.79423271266301,2.47814593730786,-12.465063123775261,-6.733956527363688,1.7923784863362455,4.1987869657335,7.36,0.11,1.0257586,-80.888626,1.7541391,gaia_source_rvs,27.0
2174068847034667264,-8.532000629399825,2.3792916933161,0.03933990833973005,8.85754275755765,2.8696350775642196,12.711508161174196,7.576044399511147,0.8367926635606755,1.864407464455771,2.41,0.04,1.0846224,-27.110188,1.8747253,gaia_source_rvs,18.0
2175193750509326848,-9.282793673445742,6.839461214756833,0.3251006581555002,11.530329053931084,2.50660027127037,-15.546591401544019,-1.911014752430134,2.327205832433,4.393376393195094,6.94,0.109,1.1472673,-71.644905,2.2493808,gaia_source_rvs,32.0
2174833591730216192,-9.0590618075465,5.483942392472246,0.12202936100886558,10.589628180295184,2.5972454360607746,-25.453712689783313,1.9447791510523587,2.1088903974632762,3.128670112431636,5.56,0.114,0.9800254,-47.895527,1.7691374,gaia_source_rvs,26.0
2178267022947704704,-9.403085048571773,7.504658325132784,0.422964529075112,12.030706754287499,2.468007674464164,-6.914989375747419,24.793843076681668,3.6093373851333683,7.017407551512371,7.62,0.125,0.98580825,-66.64288,4.7473745,gaia_source_rvs,20.0
2174940106920761600,-9.237201762345498,6.425878886393322,0.19646813879291164,11.25245821413589,2.5337907012811254,-10.935195246687252,-10.917906985081515,2.8445121878123922,4.12237330132007,6.52,0.108,1.002882,-76.82902,3.647977,gaia_source_rvs,25.0
2197757309661690880,-8.514543879022927,2.139065628518047,-0.014615767307647746,8.779126336425174,2.895461454654732,17.2829351613784,-2.7576359819200036,0.360667690580246,0.9245225972661485,2.17,0.038,0.9112608,-35.73119,0.8288135,gaia_source_rvs,15.0
2174872108997359616,-9.156607572170415,5.893134862102757,0.14003236240012468,10.88910008832959,2.569734180894238,-12.863152715381524,-6.420243418635721,2.453276812438836,3.927223334583853,5.98,0.111,1.0323608,-66.90335,3.0303009,gaia_source_rvs,27.0
2198162651499971200,-8.829247838646706,3.687298846395116,0.07583541020482171,9.56826996791344,2.745986765791041,13.244773139946021,13.861159447710122,0.684867422637083,3.3511309971220093,3.75,0.119,1.0088432,-40.699,1.0,veloce_dr1_vgamma,44.0
2199269722265482368,-10.037047280603712,9.943214955806837,0.43957591422460446,14.12833471327938,2.3608907065822455,-7.123799088853203,8.546679117175245,3.112285956104212,6.910047856646202,10.13,0.124,1.1174434,-100.72793,3.518198,gaia_source_rvs,20.0
2005753545481718912,-9.177789183941877,5.260414314248608,-0.030372287579833627,10.578457971861125,2.6211363224006563,18.129998738117532,-14.465672917897393,2.8054870431181334,4.777511144770418,5.36,0.1,0.94285107,-87.52384,4.1680336,gaia_vari_cepheid,21.0
2000294573320350976,-8.391746151118523,1.2096942997521434,-0.12018851293712735,8.47848829471772,2.998426016466725,2.2365322435936923,-6.366391065954815,0.4222305733300197,0.9720167414266216,1.24,0.035,1.0072318,-24.121,1.0,veloce_dr1_vgamma,44.0
2199062876642955776,-9.573274013555825,6.973894562882462,0.18847657070492868,11.844103204245766,2.5120102077610302,0.18919812031324723,-6.088517480188983,1.703174070132114,3.1487573908365993,7.12,0.071,1.2506297,-88.96823,2.1528103,gaia_vari_cepheid,18.0
2006085421882734336,-9.393603385513066,5.950775186473889,-0.08461483648440687,11.11987004799408,2.5769098277838984,-9.395804721339921,-8.41771244350113,1.4750039281789535,3.6299913072706484,6.08,0.126,1.0679536,-72.800476,0.61751723,gaia_vari_cepheid,19.0
2202500843341252736,-9.785714353146998,7.7529876420304635,0.5146317179453165,12.484751610619423,2.471579180940245,-8.708161340849705,17.19025386301618,2.1922897263709036,5.168074658271361,7.94,0.11,1.133691,-75.350655,2.741499,gaia_source_rvs,25.0
2198341184695523712,-9.096483149347359,4.4606840969683255,0.013470070969544053,10.131323126783913,2.685674989410801,8.31326317639659,-15.207974619117692,1.2764961988352508,2.2050912531276663,4.56,0.058,1.2965567,-73.18658,2.018831,gaia_vari_cepheid,26.0
2199092494738136576,-9.113253078110974,4.505923102509885,0.1500576926665737,10.166352574617479,2.6824059052957314,4.589203769658265,-35.78284089149588,1.3686574805483602,2.522150304625474,4.61,0.106,1.1199687,-87.67546,1.7013274,gaia_source_rvs,18.0
2202444802606851328,-9.620517196753559,6.8630590663898285,0.4015984312487703,11.81761104799894,2.5219449103191462,15.640467407441571,8.425362249502768,2.612547111090002,5.933804916015353,7.03,0.111,1.0413677,-89.74508,3.2994149,gaia_source_rvs,22.0
2005011237689458688,-9.1942821519675,4.824717105717535,-0.18205202173873963,10.383290395640078,2.6583401581819723,18.161515771749606,-11.295670097451364,1.1837529728232565,1.7773085679668208,4.94,0.037,0.9785039,-80.51592,1.7204595,gaia_vari_cepheid,21.0
2246124001521354368,-10.407865286816655,10.440191816887152,2.873954425778153,14.741820274373195,2.354643913848359,-41.197956919086195,-49.42538603373677,1.6329259890030576,1.6314468453909372,11.06,0.061,1.0657697,-111.35232,1.356887,gaia_source_rvs,28.0
2005911737717923840,-9.52261593990094,6.229341618747474,-0.11949353498336418,11.379143699853467,2.56229656235216,-7.990599336085804,-6.383693543241009,1.2827836289949626,2.432730309372416,6.38,0.073,1.0115929,-75.809296,1.4621959,gaia_source_rvs,23.0
2006033847910275584,-9.333221855532397,5.165704899627091,-0.06849012665322901,10.667405369377267,2.6360854173204396,16.23649551749723,2.296912122280105,1.665655764612683,4.178454678630367,5.3,0.109,1.1231877,-74.47167,2.3728309,gaia_vari_cepheid,10.0
2202863166783787520,-9.759259163990663,7.005548668607519,0.42091162942584187,12.013361377156865,2.5189961730981802,-22.35434596511045,-1.7190948862358937,2.1873482121994905,3.007783003543265,7.2,0.084,1.1775166,-70.41269,2.3907123,gaia_source_rvs,19.0
2203140071913180032,-9.558375423801062,6.053004353459243,0.44197650020006746,11.31377047872727,2.5770705581263105,-26.354060039883233,8.538243763017249,2.0683047962105943,3.1570540990750295,6.23,0.111,1.115342,-51.192116,1.9537873,gaia_source_rvs,26.0
2199594181268990208,-9.221661294017538,4.553225095968138,0.15409111248036317,10.284497838792873,2.6829549330195883,5.83415915134573,-5.217741296062627,1.7137651780598806,3.3968328530486747,4.68,0.11,1.1581646,-66.17689,2.1431556,gaia_source_rvs,20.0
2203988169026743936,-8.346422446350559,0.8237789791131027,0.0783401474797481,8.386976777085595,3.0432128273922157,12.364426922849324,14.14606992287284,0.310556199400911,0.8975232997848338,0.85,0.031,0.8766655,-5.277,1.0,veloce_dr1_vgamma,20.0
2204078951764438016,-9.096218707801127,3.9386859350175296,0.40087292555213366,9.91233785112554,2.7329633438583234,17.49081710926192,-37.24463779308172,0.7673715729272178,1.5278339859150363,4.07,0.057,1.0799305,-91.60033,1.0844288,gaia_source_rvs,17.0
2198576445824899968,-9.160084531901205,4.1279684684523055,0.05134553180869677,10.047251977934673,2.7182004622574447,30.434009766933375,-19.434988214331895,2.2470030549696687,4.278961709931206,4.25,0.085,1.0785333,-87.81981,3.5606725,gaia_source_rvs,22.0
2200018111723748224,-9.056729468259089,3.587124389680814,0.024914398665448475,9.741242736338908,2.7644763534723853,-0.13765314508143164,-15.176303747228474,1.657371430970461,2.2943626268613166,3.7,0.041,0.99277467,-59.535202,2.5055351,gaia_vari_cepheid,17.0
2200372120106860672,-9.05822095282779,3.492567930640282,0.10141965231202138,9.708212893235569,2.773588479973575,28.719594112495315,-23.71788736442295,0.8209529272024358,4.011760621294732,3.61,0.144,1.1671942,-82.82005,1.379839,gaia_source_rvs,21.0
2200136721542850816,-9.12166146661963,3.7247202547901264,0.07499396639542949,9.852829486399184,2.7539191454776937,21.146804724601513,-17.561493091689186,0.5260793189577969,1.3448427910944663,3.85,0.047,1.1711067,-76.26087,0.8214347,gaia_vari_cepheid,22.0
2007997408188526336,-9.136714882007768,3.6695673922725884,0.03129210816601218,9.846079609749886,2.759682969297637,8.973016088288801,0.825793478974731,0.7006964291617268,1.3652127703777608,3.8,0.044,1.1157568,-53.95,1.0,veloce_dr1_vgamma,18.0
2007654601080023040,-8.6726970935825,1.9303298143623517,-0.019251082168638082,8.884922513407222,2.9225870884953222,-2.270031045336768,5.649627738363932,0.45700896892071025,0.6475445465643112,2.0,0.037,0.910487,-21.390404,0.6147131,gaia_vari_cepheid,9.0
2204848919139709952,-10.585687112964283,8.851597240646337,0.7408540213282752,13.79882405729546,2.4451735370500463,-5.813992189355327,17.939210428092593,4.4018361275544,6.48174784500539,9.21,0.12,1.1104918,-90.596725,4.571585,gaia_source_rvs,12.0
2204558270113193600,-10.150593940591989,7.254267091827642,0.47965758959599464,12.476335535178439,2.5210925287465527,-1.7305475998732296,-5.730451045084038,1.7968889982887135,4.196720523831574,7.54,0.11,1.1103516,-93.73443,1.7166026,gaia_source_rvs,21.0
2006989121667184384,-8.734668398279922,2.0883784808368717,-0.07023648221533346,8.980855009804605,2.9069075728948905,15.25220462152333,-1.9269658503675657,0.7197562859324343,1.3554636435946716,2.17,0.041,1.0999463,-38.38907,1.350569,gaia_vari_cepheid,18.0
2007201567928631296,-8.684891884687296,1.895180568010307,-0.04999144973077547,8.88926636084616,2.926744822611741,14.64640038532547,-3.3865112947927685,2.0718811547491685,4.074235357818802,1.97,0.118,1.0548457,-37.118996,4.5408115,gaia_source_rvs,23.0
2007742974331435776,-11.2169070334351,10.854786976473829,-0.0724073830291983,15.609144874122723,2.372599555018363,5.655840151389046,2.41670874020042,3.2514237898126193,6.375169115132932,11.28,0.112,1.0352467,-124.59199,3.3367112,gaia_source_rvs,21.0
2200288041828202112,-9.686170172166344,5.341967146074102,0.13650576579424673,11.061577898017084,2.6375950340846623,-12.911192657283586,-0.345081536544086,2.9985695531031906,3.9020913357759794,5.56,0.11,1.0742787,-61.815098,3.4725246,gaia_source_rvs,12.0
2008401238189381120,-10.980711943768934,9.778247342627441,0.07856361042561394,14.703406268128155,2.414054925421341,-1.3415693467791103,8.693563394323434,4.224689425919758,6.009583788283613,10.18,0.112,1.0405918,-107.60771,4.60628,gaia_source_rvs,13.0
2201599278161747840,-10.78670983969926,9.070910410071933,0.513373770848751,14.09377610271343,2.442385507699532,2.527544164502566,-8.231211414949087,3.502855314101093,5.010283638900925,9.46,0.111,1.0188637,-114.45354,4.0903077,gaia_source_rvs,22.0
2002637323358768000,-13.008252208048283,16.59296694717904,-1.441329409657301,21.084145171630013,2.2356810844599306,-100.42202483222623,49.33666176213822,3.68100750085899,7.422893244403755,17.35,0.174,1.3341092,-41.427254,2.5287592,gaia_source_rvs,20.0
2200929331984972672,-8.968939147931552,2.7905374141696684,0.10716893566795788,9.393027653487447,2.839953195795844,-7.2706651612287985,-12.187220305849365,0.503182177418612,0.5344274123569719,2.91,0.035,0.9912293,-45.495384,0.5517692,gaia_vari_cepheid,21.0
2003938801532007808,-8.696625791540333,1.8489597657106294,-0.0807902075289208,8.891004013794012,2.9321052988152325,5.175997592880956,-8.441740521119414,1.6863309076252857,3.0760790803604214,1.93,0.04,1.0940742,-37.15647,3.7852037,gaia_source_rvs,14.0
2004036486267748352,-8.708437207762632,1.876825120537387,-0.07978352229685087,8.908386561809316,2.9293214164218457,-0.5649412715479425,3.14749440456751,0.5669349904240908,0.8921399510927446,1.96,0.044,1.0096701,-24.625,1.0,veloce_dr1_vgamma,18.0
2007341583859879552,-9.506621735734635,4.456719248766024,-0.10775179244910299,10.499438236813615,2.7032138099745384,2.0229850695498612,-25.63763454718665,2.115423290370798,2.557322379060636,4.66,0.059,1.1556047,-80.639114,3.0085657,gaia_source_rvs,20.0
2008548332226448768,-10.302504249956401,6.880678092114847,0.08968109793664508,12.388919437452119,2.5527611558070338,12.304840919996668,-2.659047884844,2.646511406407266,4.496073969501053,7.21,0.111,1.026493,-99.76223,3.16466,gaia_source_rvs,20.0
2201065259107694976,-10.825523374545602,8.523809119156855,0.33692546946546637,13.778507837667139,2.47459385786146,4.810452097864519,-3.1463788684414737,2.2171698381389295,4.772906632410697,8.94,0.11,1.0425724,-109.4167,2.2585626,gaia_source_rvs,22.0
2008283006328679680,-9.752350455069209,5.093922652003739,0.009868885920124745,11.002562764332927,2.6602428606868123,-22.13216836688856,2.4948030750250894,3.034282959721098,3.3447882547572862,5.34,0.11,1.0950475,-51.389614,3.5603116,gaia_source_rvs,15.0
2200995921154697216,-8.993539022882194,2.67909635701205,0.08905534566302936,9.384098328889145,2.8520716361365968,17.950227836961837,-8.719133883305204,0.8953052429049981,1.497276597178017,2.81,0.047,1.1648867,-55.908627,1.5692931,gaia_vari_cepheid,20.0
2008504454839717120,-8.580204897614157,1.35323616854104,0.014103571627809893,8.686262960150907,2.985165105446728,13.409796916061298,3.303260998981955,1.3246893469528496,2.6744561001949108,1.42,0.043,1.0556537,-24.695107,2.7645068,gaia_source_rvs,15.0
2008570391179169792,-10.032396093503209,5.906937067425492,0.07385526188055319,11.642202407425483,2.609459348619609,-19.452744924584756,6.559866437992213,3.2490382235409383,3.9313107075633686,6.2,0.108,1.1692287,-59.452793,3.7831924,gaia_source_rvs,21.0
2008577744163053696,-9.055070950759296,2.8074206996052897,0.04712006971597942,9.48029118265136,2.8409518508700553,-15.11314642707839,-9.116799568474505,0.7290800043254559,0.6905368286857445,2.95,0.037,1.0262402,-39.21188,0.75462496,gaia_vari_cepheid,13.0
2013131813945245312,-9.478351151295435,4.119398012790333,-0.11672234118211705,10.334823681855653,2.731609440312455,13.945311777731563,-13.158088978665887,2.4392511816139844,3.132787205029411,4.33,0.061,0.98406845,-76.1486,3.481354,gaia_source_rvs,24.0
2200771620783330560,-10.873626958497763,8.40740266868356,0.21292817644818912,13.744823857218279,2.483413058789365,21.091604708868072,4.938016610711458,1.6969131172546439,5.958750699494429,8.84,0.114,1.1177177,-117.7861,1.8302945,gaia_source_rvs,20.0
2201874087346121472,-10.020093201662949,5.726027092654163,0.2816488912468053,11.540782210743842,2.6224270128066673,-10.045064924576746,-10.753559874177085,2.626772565681692,3.3453048013262148,6.03,0.11,1.036926,-76.60491,2.7016287,gaia_source_rvs,15.0
2014609252631258496,-9.116740583473385,2.923760961186856,0.06407386697568679,9.574097191093838,2.8312526463333056,20.139255154547477,-5.867785075857483,1.9409031435814017,2.7813538982894257,3.08,0.044,0.97508025,-59.01593,3.2091196,gaia_vari_cepheid,18.0
2202251082398647808,-8.981055148601408,2.477479169717336,0.19481777255399008,9.316504420575518,2.8724306742897423,0.7370834529227922,-6.143668805036668,1.1856042939046678,1.5898969425396468,2.62,0.107,1.0343946,-41.949318,1.405485,gaia_source_rvs,20.0
2010134274671099264,-9.4123271682483,3.729980287782338,-0.12630473333182418,10.124458290169892,2.7642914705774086,27.87709246299695,2.8491213889686833,1.1502537270411648,2.1426575322483004,3.94,0.051,0.93358046,-68.40166,1.765806,gaia_vari_cepheid,9.0
2013344882984638464,-9.474123912213186,3.805716223661856,-0.05864807374460807,10.209921639219996,2.7596251953830633,25.065128935439546,-25.778808429068675,2.224612773392862,3.7329178190712495,4.03,0.106,1.0860204,-89.927155,3.224116,gaia_source_rvs,15.0
2013347425605344512,-9.492897699042949,3.8308997238267386,-0.061043906636619134,10.236742617576683,2.758025981640157,37.384730029803826,-20.50390021768993,2.0651645812138355,4.12302802063669,4.06,0.11,1.2671655,-94.59791,3.0264182,gaia_source_rvs,11.0
2206880468723863040,-8.750137472791387,1.7066808071670772,0.06183301599674312,8.91502468702698,2.948964897143748,-2.908036434330203,8.260229995020296,1.1147741761574983,1.8829801080115105,1.81,0.045,1.0651326,-17.700125,2.0309165,gaia_source_rvs,13.0
1997084819695673728,-8.932181641367663,2.2175068321876212,-0.19562788447976992,9.203325780672131,2.898251946367043,30.484628089376567,8.10422972367212,1.1112678233373345,1.997917618891057,2.36,0.053,0.94133127,-42.31363,1.955636,gaia_source_rvs,22.0
2211309340220914560,-10.640308472154889,6.9864952326672904,0.5893140408185181,12.728993676591008,2.560587186792644,10.43637147604735,7.132227538929385,2.782562997813917,5.081961876742139,7.44,0.109,1.0681661,-94.41878,3.080194,gaia_source_rvs,14.0
2010285491880986112,-8.900507704506,2.098996156196048,-0.05655268826437027,9.14466086094484,2.90999540222234,12.939814227488394,-2.690400831172468,0.7174858338091161,1.1460278537622208,2.23,0.038,1.1231908,-41.046867,1.2477247,gaia_vari_cepheid,18.0
2207002415732147328,-9.075440328913286,2.5663757989317855,0.10635643934681877,9.431325564575133,2.8660055979409362,29.459248978326112,-30.598968167210757,2.0114669490450527,4.0792836188507575,2.73,0.181,1.1235927,-80.9563,2.653108,gaia_source_rvs,19.0
2009559470606505088,-10.701844179548003,6.829458280406633,-0.3640692193877331,12.695312884964284,2.5735879199352167,32.13544067387661,-49.21226896179061,2.726405688614397,4.308749345103813,7.3,0.115,1.0028342,-145.54741,2.949676,gaia_source_rvs,23.0
2208664430643981568,-9.058258176906824,2.2260914756573458,0.17187444197188556,9.327782397627725,2.900615419413777,6.425823589661277,-19.624969747127437,1.2891787128503627,1.6095681834039772,2.41,0.067,0.94343483,-55.389126,1.9031343,gaia_source_rvs,16.0
2015049435241306368,-9.190304865442062,2.544943521510449,0.064866640476203,9.536164902488109,2.871445919700614,1.2929767710103064,-10.08510520805433,0.7600344554311561,0.9169155031571806,2.75,0.038,1.0144866,-48.525,1.0,veloce_dr1_vgamma,27.0
2012277910026607744,-9.484261766408563,3.2132964469662006,-0.0642605209943688,10.013815222473644,2.8149274929984403,2.831088280539229,-29.485124466571875,1.2968789346054475,1.1693794904669763,3.48,0.084,1.1242883,-72.52045,0.61763746,gaia_vari_cepheid,21.0
2015458213056909184,-10.452250529747781,5.464836417113982,0.015343134330952631,11.794658884530232,2.659841815827369,4.065205347843684,2.1186550237516144,1.1012642826429988,2.212651742195564,5.93,0.068,1.0451734,-78.600624,0.9855219,gaia_vari_cepheid,21.0
2010972514847163264,-9.779031680914844,3.8655469821464115,-0.20377557187706535,10.515318068775544,2.7651537747001544,-3.3591354376232596,0.059171558542743696,2.101210668730383,2.618203066807335,4.2,0.104,1.0769818,-54.91039,2.5304215,gaia_source_rvs,18.0
2011184205192790784,-9.632441192049058,3.5167494433173627,-0.1595332170404436,10.254338104692884,2.7915345806288085,-12.482797734145832,-24.753685273289705,1.9738260356067507,2.0273729746682325,3.82,0.049,1.3564212,-61.640152,2.660925,gaia_source_rvs,22.0
2016581673416790656,-9.26859294827139,2.641764605120281,0.0875087518169077,9.637724600216197,2.8639319812327018,13.164960523449574,0.8483363472667236,1.1558851313791076,2.2447035475551362,2.87,0.114,0.9010069,-49.06907,1.4178572,gaia_vari_cepheid,14.0
2011303326105008768,-9.823499176350982,3.8818915846117106,-0.1468549166099436,10.562680452538912,2.765262326185724,3.7743466055322235,-25.030943406899524,2.7447104050208972,3.188206715059188,4.23,0.169,1.1587853,-77.89549,1.7110023,gaia_vari_cepheid,19.0
2012494342018730496,-9.90245633103278,4.003147811815314,-0.01895199503880202,10.681003407510595,2.7574209310733777,18.935096055714787,-15.998658463946413,0.6243361118733671,1.2693628895087208,4.37,0.05,1.1817466,-84.481834,0.5289762,gaia_vari_cepheid,25.0
2011315528113463808,-9.21444961669537,2.4138254039805465,-0.09444989614834182,9.525367962421154,2.885388748444729,8.975785931541244,-9.133921698620185,0.7592773600521832,1.0329555334145741,2.64,0.075,1.0484692,-50.836018,0.61738664,gaia_vari_cepheid,18.0
2016626856473497344,-9.775876201205973,3.673928602383427,0.14395276538584273,10.44344324812063,2.7821069652101134,26.538218704240528,-7.13062600874278,1.081219648347383,3.424280653377745,4.02,0.121,1.0718395,-79.737,1.0,veloce_dr1_vgamma,20.0
2012181324799904512,-9.386813210507121,2.7872641886083844,-0.0573238377260022,9.791889700463836,2.8529510522764316,29.295203034577664,-18.044379394356497,1.2882351715624067,2.013283379074423,3.05,0.066,1.0937232,-76.316795,1.7820573,gaia_vari_cepheid,23.0
2016648022068515840,-9.622131477607084,3.283771974513285,0.10381107765232195,10.167033616200744,2.812713658206608,10.6141796312873,-17.898138338321047,0.802931558624973,1.0408950694227301,3.6,0.048,1.2966285,-71.45106,0.75691116,gaia_vari_cepheid,26.0
2016729970044277760,-9.393821474925003,2.7497081826475713,0.1168931423132697,9.787991468758092,2.8568330915752527,21.05470350625764,-13.316545932720942,1.743379666985475,3.3675583628543526,3.02,0.156,1.1558677,-67.63196,1.8921999,gaia_source_rvs,19.0
2015820463470505600,-8.80016762510131,1.428880985720742,0.02738092121625751,8.91541648501266,2.9806276542300854,3.618475592546511,-14.846974047532967,2.138470922011822,3.1454490992165556,1.57,0.041,1.0446388,-39.21171,3.9028661,gaia_source_rvs,21.0
2015622212085282048,-9.62880782125467,3.216052066967405,0.04710578709810769,10.151695964522402,2.819239392486429,-6.087246548513575,-17.580021768770735,3.1933504793602228,3.3675362993522304,3.54,0.054,0.96063906,-58.778786,4.468079,gaia_source_rvs,16.0
2012643600728382208,-9.794262702049554,3.5252150657798396,-0.03128047994726219,10.40935747953543,2.7961021082459756,3.4200790912551584,-26.750759848775175,1.9950325071082247,1.9991029431692753,3.89,0.045,1.2118882,-75.64348,2.7087476,gaia_source_rvs,25.0
2011488250218029184,-9.841060944996732,3.578102649955461,-0.13265943705394273,10.47135612500875,2.7928633802618665,2.005396790978042,-27.80784274204285,1.9963548792009955,1.96973644660797,3.96,0.046,1.02905,-75.65202,2.8160176,gaia_source_rvs,19.0
2016029409345377024,-12.487279549570687,9.109039600325328,0.1520863911966232,15.45660871567309,2.5113636716782786,10.737645133394581,-2.164425187020555,3.8452304575036584,4.925266171113233,10.09,0.115,1.0910072,-121.00993,3.9000146,gaia_source_rvs,21.0
2016028168089215488,-9.319876292262228,2.4549932291663454,0.058352278733948486,9.637794657406026,2.8840286995715365,8.017989721004707,-11.276747340582006,1.3028779863850304,1.5457583625969369,2.72,0.047,1.0611795,-53.931896,1.7470454,gaia_vari_cepheid,13.0
1998384927774603520,-10.026449941468142,3.901342786553587,-0.30118080185879387,10.758725480602255,2.770513572233765,-11.4280013099005,2.3248090672872195,1.0343606130370326,1.0547232625012695,4.34,0.054,0.92870027,-49.570004,1.0589943,gaia_vari_cepheid,20.0
2016039682907416064,-12.092162261854577,8.144684427286982,0.16661377706903563,14.579309743163806,2.548839306877262,6.886805102359787,0.5687482611733969,3.515714736475615,4.452222235976117,9.05,0.114,1.0930891,-109.01289,3.653613,gaia_source_rvs,10.0
2011930116451517184,-9.612121972408959,2.9692174704966074,-0.03968322474289316,10.060275403763525,2.841987720123216,9.526533911305243,0.32003183151846315,1.2653507416609948,1.8465195939669223,3.31,0.081,1.0659486,-53.72522,1.3911806,gaia_source_rvs,28.0
2012983143662828288,-12.666212741726044,9.156761596322283,0.04578370580362317,15.629434671495504,2.51564384017535,9.984918897429383,3.871807495667724,4.198581864644662,5.080706883805771,10.21,0.111,1.0120802,-117.89393,4.3760114,gaia_source_rvs,15.0
2012787293154800896,-10.101253330912206,3.9436782781422366,0.007698801228938896,10.843796254852627,2.769376636851564,23.425047201458522,-16.434542279173797,0.9049804050354142,2.25470859714767,4.4,0.086,0.8948287,-88.91375,0.22292548,gaia_vari_cepheid,21.0
2011892320749270912,-9.670091515113047,3.040712963039196,-0.05264481941813865,10.136893273299071,2.836936712877397,31.194684353052278,-8.967565070719758,2.0699289751275503,3.69889796900698,3.4,0.137,1.195961,-76.47445,2.8132222,gaia_vari_cepheid,13.0
2011892325047232256,-9.71036643651585,3.1211837675418956,-0.054188202180755436,10.199657074734452,2.8305948811414794,30.41672689397168,-6.880018514868254,2.7384464394378116,3.9684146896680472,3.49,0.132,1.0932034,-75.62187,4.0448546,gaia_vari_cepheid,10.0
2011892703004353792,-9.702414990436703,3.10280624088261,-0.05362162863239612,10.186474523362385,2.8320735798734895,26.938779720440188,-5.366465271293237,2.476410037202248,2.607266818426607,3.47,0.037,1.0363151,-71.87449,3.6375954,gaia_vari_cepheid,12.0
2013029941628292352,-9.592996802349397,2.8560383702539847,0.033778969817749464,10.009122979674533,2.852227824620325,10.183507021151398,-22.221238511833292,1.5707739671929801,1.6649883261842318,3.2,0.114,1.0488868,-69.452,1.0,veloce_dr1_vgamma,27.0
429385923752386944,-9.635376975218977,2.9346547321051535,-0.06900725876761632,10.072372503598503,2.845947733295322,27.326730448881957,-7.594784357620227,2.237012865698248,2.5612811032743674,3.29,0.049,1.0324407,-71.36156,3.341775,gaia_source_rvs,16.0
2209798233286495744,-10.511880898746341,4.650247578329601,0.39229104679654786,11.494539684962966,2.725093425920784,14.966146527263984,-4.4030602331689295,2.565213370604676,4.347508489428855,5.23,0.141,1.0449035,-82.9256,2.72997,gaia_source_rvs,21.0
429890595286480384,-10.130443134645743,3.8503994034725575,-0.028589198346793913,10.83750218779922,2.77837396507348,18.057735353056177,1.6333666120680732,0.6749970565457027,1.296547016881823,4.33,0.045,0.9430135,-72.08063,0.70433766,gaia_vari_cepheid,24.0
2209801600541259776,-10.956172547605108,5.453484245135734,0.4609061984325104,12.238390715483776,2.6797430534744042,-39.15138878733158,16.923364009976723,4.945477656908064,3.880128373094959,6.15,0.108,1.028872,-36.47827,4.985132,gaia_source_rvs,13.0
430052537038350976,-13.046473018418606,9.457143791946383,0.10278876768408146,16.113597578501043,2.5143622965153067,-2.1383070372243456,9.336107546439251,3.997623215601236,4.581601339839291,10.65,0.113,1.1006224,-106.81557,4.117118,gaia_source_rvs,14.0
2210903379911655808,-11.006946437156072,5.445838828609425,0.6163075834686808,12.280473542075356,2.6821427586868754,-31.778338710086043,-11.532068211116211,2.619215677263007,1.6534800782341434,6.18,0.108,1.0576282,-60.33109,1.7713478,gaia_source_rvs,27.0
432188922485600384,-11.422245617393317,6.211910495269189,0.35970964520802523,13.002135476347581,2.6434886456236284,5.817614650245405,4.140271247589709,3.7165242699656904,4.664137308195249,7.03,0.123,1.0356421,-89.48137,4.1546793,gaia_source_rvs,27.0
422226488141991296,-9.104645057552721,1.8117016518715907,-0.21807637481985148,9.283147338021381,2.9451717817043273,-1.6697102985723118,1.0640052244517335,1.6911489786195153,2.072604367320385,2.06,0.039,1.0807915,-28.364494,2.6043477,gaia_vari_cepheid,14.0
432163221401882240,-9.431622522894113,2.4295869486687605,0.1360611378721754,9.739527511923002,2.889473840819006,10.781704015318319,-16.969668651583902,0.719624078727032,0.7392632725528707,2.75,0.06,0.92413586,-60.506817,0.24716215,gaia_vari_cepheid,16.0
429635993926502912,-9.374944648073225,2.304294190114606,-0.0373292888474926,9.65398150345404,2.9005775813822745,1.5450409012883437,-7.667332104000309,0.4706740607470003,0.39383395043002006,2.61,0.038,0.9284507,-45.439465,0.20429972,gaia_vari_cepheid,20.0
432291280141114624,-10.354311292740258,4.130507407193424,0.28120292375573713,11.147773490157045,2.762020528201146,2.9659060668747212,-14.051702407352934,2.611696401715707,2.721037284012795,4.69,0.115,1.0463079,-75.84276,2.6298103,gaia_source_rvs,23.0
429182376660681984,-9.379725298772778,2.299832326430572,-0.09766198690097277,9.657560531010569,2.901144389672414,-8.804868938428887,-6.542841646910091,1.4812730689029214,1.5734844392993859,2.61,0.036,0.98773783,-37.505745,2.0405378,gaia_source_rvs,21.0
422923956470923008,-9.261934309056693,2.0748019887037232,-0.16300718943605091,9.491481993746309,2.921216997242025,8.152629995845405,-9.20132873011832,0.42572953443886563,0.4659402896744641,2.36,0.034,1.0389969,-46.567955,0.38034,gaia_vari_cepheid,20.0
429562773322439296,-10.190579057624237,3.771851180815065,-0.10968769655075078,10.866221185854156,2.7870973442915923,2.194872936429623,5.786542626703692,1.0335760524309168,1.342288697677802,4.29,0.055,1.115229,-57.119114,1.0326067,gaia_vari_cepheid,22.0
429162271910068352,-8.764401098415664,1.1332079247949145,-0.04398544228489704,8.837357456543653,3.0130093474754336,12.94530182583004,-16.32342248636877,2.0486741326934372,2.8332556717972066,1.29,0.025,0.9149975,-41.667953,3.3445697,gaia_source_rvs,12.0
429751442647568640,-10.261556357019424,3.8826534903223693,-0.046689920887959487,10.971533028442208,2.7798717290455794,47.921864867237446,-20.81549653847631,4.202869217103785,5.050153897728834,4.42,0.109,0.9587834,-110.487206,4.7336154,gaia_source_rvs,22.0
429696668921016448,-10.135526497316203,3.643652391352117,-0.05754292071885609,10.770566379109543,2.7964858402853756,-2.025143234044735,4.286754180785579,1.3933695318577286,1.533306053148221,4.15,0.064,1.0579436,-53.07462,1.3228728,gaia_source_rvs,20.0
431470735238640256,-11.314377391169048,5.779258854786146,0.1278563261445313,12.704919073351919,2.669351191065123,-12.365070098139931,18.211326188428302,3.343290636266196,3.594952020296386,6.59,0.108,1.0558326,-62.220566,3.350306,gaia_source_rvs,18.0
429544700100302080,-13.514949807973489,9.779775152379356,-0.3393066327267485,16.682262147057255,2.515185368618319,19.31644343647726,11.674439692400654,2.2035229346470024,5.240327197837061,11.16,0.117,1.1704854,-126.73621,2.0404072,gaia_vari_cepheid,28.0
431859790552426240,-12.4882071064233,7.881892987414054,0.241521047349388,14.76751684603638,2.5785853143232433,11.231732771164069,6.844363135914904,3.038085400942264,4.468299969598227,9.0,0.111,1.0147451,-108.23878,3.2295606,gaia_source_rvs,25.0
394818721274314112,-8.62908431068241,0.8665323118890105,-0.19374406518196086,8.67248374391172,3.0415082152176853,-5.11528644872436,-9.710124346584593,1.3088906028815264,1.8305245837465283,1.01,0.027,1.0936358,-19.40489,2.34368,gaia_source_rvs,37.0
428814418221845632,-10.095724307812102,3.515444186158831,-0.12178656695332385,10.690275820826423,2.8065123158691687,-5.136570595191592,-3.6149560168122434,1.3840309974053622,1.3388021659787657,4.02,0.083,1.0745994,-54.784733,0.79019886,gaia_vari_cepheid,32.0
431981114786121984,-10.94749906274096,4.983900252622959,0.23599269512982296,12.028590834208693,2.7143775294915997,-20.2122938885725,7.247262103615753,2.446174345173358,2.404997452216419,5.72,0.109,1.0291806,-53.753433,2.3096604,gaia_source_rvs,18.0
428893303878673408,-9.871472823865055,3.023298445300267,-0.07568767036441543,10.324064567875451,2.844397014644207,28.976244619566263,-12.523806088861136,0.7110516224952516,0.9994741598696182,3.48,0.037,1.0474769,-79.134,1.0,veloce_dr1_vgamma,35.0
430629986799994880,-10.015568268550949,3.2759691081755515,0.029469007125601795,10.537721828731538,2.825473668875791,15.911418473025956,1.3208267447883486,1.1717316634291617,1.3243383655610586,3.77,0.045,1.1071554,-64.185715,1.6500193,gaia_source_rvs,15.0
428835686898545920,-10.54007164647841,4.182548195923372,-0.15648531522597847,11.339612856007031,2.763827628278156,-11.809256314494696,5.6259287183296465,1.8420031337819922,1.6010973992807516,4.82,0.053,1.0078052,-52.08505,1.8763506,gaia_source_rvs,26.0
431179605170265856,-10.773050909311298,4.579574763544491,0.16515330062120975,11.706029681728412,2.7396411745460347,-5.416467606041013,-9.262654878501621,2.3721239773852316,1.9679976969933766,5.28,0.07,1.1842738,-71.2015,2.61442,gaia_source_rvs,20.0
430630708354628096,-10.511586703171897,4.121276502381048,0.027396778772085403,11.290632180147327,2.7679412276445157,-3.539876955696527,-12.012003764108385,3.144698601070712,2.5656914119046155,4.75,0.064,1.0707954,-69.087814,3.5141265,gaia_source_rvs,19.0
428839329030983040,-9.012065246824196,1.4988068053053771,-0.052106170627764854,9.135849268275292,2.976789918224607,12.06306647243437,-4.283350425587486,0.7392708447063693,0.898643246607417,1.73,0.04,1.055077,-38.004,1.0,veloce_dr1_vgamma,20.0
431184518613946112,-9.720576267849088,2.706161241937416,0.08841978088093655,10.090238433577037,2.870072751112606,6.842316011716534,1.2289179309070164,1.5779455363795019,1.7751717007729995,3.13,0.074,1.110086,-49.736694,2.0288618,gaia_source_rvs,25.0
527431196658531584,-9.773427753541654,2.786768312470246,0.1824143183358275,10.16297041622608,2.863826561735325,-8.775173547454337,-2.941918058772046,3.591397951745413,3.290692147322291,3.23,0.114,1.0098964,-42.706306,4.3325305,gaia_source_rvs,17.0
430766016998901376,-10.222578122696257,3.4678423229176647,0.014547430553268622,10.794768818795848,2.8145412615107674,-1.5448557310575026,2.4134558824629266,0.9846246267668156,1.017501390769549,4.04,0.043,1.1205208,-53.581795,0.97073436,gaia_vari_cepheid,18.0
527027607176531712,-10.185638423013597,3.3601551256403464,0.10760870084796131,10.725570966281376,2.822942977534742,15.137769911373411,-8.051730758445643,2.653562454556961,2.454322155546275,3.93,0.06,1.2282994,-71.618195,3.3121884,gaia_vari_cepheid,24.0
430670222050230912,-10.472246072702008,3.830907960568681,-0.035837103038278535,11.150954829500975,2.790898525879257,-12.384677619059309,0.7517463884324513,1.0687871834631353,0.9241908340065691,4.48,0.045,1.0192055,-51.01392,0.930755,gaia_vari_cepheid,23.0
430814876547869440,-9.668745549176073,2.4938673984786455,0.026277839094582086,9.985189787675884,2.889163736868361,6.007056715833525,-15.619844777754594,0.5930351809009446,0.5024617934038841,2.92,0.035,1.1600589,-58.09909,0.45104784,gaia_vari_cepheid,17.0
526969333059032448,-11.542982926329321,5.494886347201541,0.1651192325004071,12.784139814871867,2.697298601864288,-15.588616610525511,-11.347833866826676,3.7207659540612794,2.5605444124658696,6.46,0.113,1.0875181,-73.38542,3.4690225,gaia_vari_cepheid,20.0
523965158056935808,-10.782982437517333,4.237286004215577,0.11908269882907024,11.585650733960888,2.767169515939529,-10.412165393699576,-10.354315642296456,2.327244279328423,1.757195372239338,4.99,0.109,1.1053234,-64.444695,1.427919,gaia_source_rvs,18.0
425146374407314560,-10.827204123422009,4.264857899789045,-0.37667174054693825,11.636896580946296,2.766354158307396,-12.35521755371637,-5.786374671920953,1.6293171833019597,1.2056016694486875,5.05,0.046,1.1562057,-58.663883,1.8155159,gaia_source_rvs,27.0
523887951723531648,-9.890409880166725,2.744431007513466,0.0450655684775229,10.264117553530891,2.87091850933576,8.419088851252008,-22.227466776377298,2.111359249155955,1.8478784887912467,3.25,0.048,1.0424616,-68.13579,2.579394,gaia_vari_cepheid,22.0
524459491611960704,-11.587638160904852,5.418298325559949,0.20816812918721256,12.791845640595579,2.7042051003557326,-19.949065169977178,22.075805869127578,3.0224976929322245,3.0149425338283846,6.42,0.109,1.160056,-50.91302,2.863684,gaia_source_rvs,18.0
524021125767343104,-12.026598131754335,6.065016082260296,0.17148933157665208,13.469353462612558,2.6745107894299798,-1.2540831844577094,12.768841978346813,2.7962146428393,3.42899980370999,7.2,0.11,1.0599803,-78.30099,2.6059947,gaia_vari_cepheid,22.0
524444854362398592,-11.630322250479228,5.425059061823596,0.24752952460282168,12.83338074999205,2.7051367020958126,-2.9525142620871385,21.67209483985863,4.3688045597001794,3.9327094567425256,6.45,0.108,1.0882039,-65.46603,4.6292624,gaia_source_rvs,18.0
426881614218441600,-9.360089888046343,1.8820081625410703,-0.10091074915109194,9.547420459798479,2.9431710381628235,1.433351806326605,-7.44267376879111,1.3619109657184296,0.8592750097991828,2.24,0.109,1.1799849,-39.90491,0.7592764,gaia_vari_cepheid,20.0
526182495051213568,-10.969287608346733,4.368794908944573,0.336162911090577,11.807270624113313,2.762574080967857,4.243617939609897,-14.819776301887913,3.28287856254958,2.5554322633767543,5.21,0.085,1.3179259,-80.724075,3.5172768,gaia_source_rvs,20.0
524192787020949376,-10.551130453361417,3.6496365105483326,0.11328207011012598,11.164506281201067,2.808575013341983,-2.8321672740353945,-4.322908575972519,1.806490505058352,1.4526926290120388,4.37,0.041,1.0929581,-59.865616,2.160186,gaia_source_rvs,23.0
426097765508018560,-11.753879421695212,5.457795410363399,-0.35088321527644833,12.959213409815193,2.7068778476048623,-19.801036428628322,15.609676687664347,3.590016142523903,2.9123516727889616,6.55,0.107,1.0070329,-55.11755,3.494402,gaia_source_rvs,20.0
523585448588373888,-13.591729524789326,8.210212241724285,-0.04424461820774767,15.879001748510175,2.5981936312305094,5.7408730386601725,-2.0812818000564732,3.9604158631065998,3.729290043430439,9.85,0.115,1.0277824,-109.23287,3.517371,gaia_source_rvs,23.0
523700107035878272,-12.3026299678031,6.24531476050993,0.046639755947897425,13.797052604905517,2.67185124478203,1.9646330003005401,7.8228112561592695,3.822934214936871,3.7031207610155406,7.5,0.111,1.2208323,-85.49064,3.9036264,gaia_source_rvs,23.0
524282435878096256,-9.792245547537274,2.4247759513214393,0.09706992973575018,10.087993421754911,2.898853306906686,25.260812896378138,-18.746045787501345,0.9767502097423653,0.938750297631375,2.93,0.042,1.0306749,-74.21306,1.2096432,gaia_source_rvs,29.0
525956579769119744,-10.375400216592432,3.27989195712415,0.2308760538682983,10.881480639364938,2.8354114654443907,-1.8371871714505221,-2.692204057625048,2.1115963684070422,1.8489549198348632,3.97,0.114,1.118888,-55.507484,1.2417463,gaia_vari_cepheid,26.0
377753613615880832,-11.441483956634936,4.8001430884762115,-1.820629096341883,12.407615758064907,2.744357019916793,81.9021759634627,-151.7971759646518,1.9926657193150925,1.1502336517669647,6.1,0.075,1.0352587,-228.58954,1.8935215,gaia_vari_cepheid,21.0
523380419725001216,-10.581302228456131,3.545735694707309,0.08623929043329598,11.159578776398876,2.8182579287360667,-11.379008161345265,10.369061616666869,2.2452205498437685,1.9826400288347181,4.3,0.108,1.1506146,-43.13095,2.0384438,gaia_source_rvs,15.0
523287961970713728,-10.707391520450475,3.726824463543439,0.035807373672774805,11.337435942675953,2.8066463496931426,17.138467560622775,-31.338381014730174,3.3110395994289545,2.5185353509979636,4.52,0.108,1.0237924,-93.17024,3.5695379,gaia_source_rvs,15.0
526505476588832000,-11.039022083052263,4.2066830509114315,0.4199374376775952,11.813390319503586,2.7775075943418686,-24.903069312143465,-13.357557306602814,2.3855504944303076,0.8920670630678752,5.12,0.108,1.0678993,-52.9868,1.1658045,gaia_source_rvs,22.0
522737141009400192,-10.008017150457665,2.690184437799281,-0.05427510269493203,10.363276489278485,2.878996878221413,-2.088038464684029,-16.57538415828148,2.6468345370078534,2.207074625015562,3.27,0.04,0.9614166,-55.54505,3.5056088,gaia_source_rvs,24.0
522686013718197504,-10.917603534459829,3.9703976635860525,-0.038121057274888744,11.617147866092578,2.792792525865999,-0.4079155677430178,-0.5543446625558772,1.5781096764019324,1.2817759821627466,4.84,0.046,1.097252,-63.802856,1.673622,gaia_vari_cepheid,29.0
525136962570940160,-9.520006133314894,1.9302794676453174,0.12381858041058752,9.713727173519251,2.9415443565300126,-6.179496706370353,-12.225226940726458,2.695593408246868,2.0071505878319016,2.37,0.111,1.0182389,-39.309975,3.2510226,gaia_source_rvs,22.0
524799786155513984,-10.650917801017771,3.5195143819833543,0.1497892408068035,11.217354032436745,2.8224462305899505,-15.019551613792268,11.428072709983041,2.5655116717724997,2.1697202031256837,4.32,0.149,1.0611627,-39.781994,1.546384,gaia_source_rvs,26.0
522468168674975616,-10.477150783831886,3.263891931959141,-0.10159831097660504,10.973772327265456,2.839596502385145,8.50011412986267,-0.1897081881645022,1.0775009856716846,0.9733319027636669,4.01,0.038,1.2341158,-61.148426,1.3228698,gaia_vari_cepheid,24.0
523037548197428736,-11.571412068499136,4.782083615636378,0.007246848459871942,12.520619032857175,2.7497017199159313,-6.353666049613972,4.524857339747143,2.573548002353355,2.2854807415004457,5.88,0.109,1.0718879,-65.478615,2.3366647,gaia_source_rvs,29.0
522609765154882688,-9.174744982582462,1.43075148414345,-0.01557386505110742,9.285633812766942,2.9868940953087697,7.826366501885635,-6.688914466643922,0.5392185503174034,0.4651702879939987,1.76,0.04,1.0112026,-37.495808,0.5267311,gaia_vari_cepheid,26.0
523028855183898496,-11.417065978797906,4.5235628124473655,0.01237355753997876,12.280554388234323,2.764357244146524,-3.576184112740431,-3.416043308576633,2.398557552137135,2.087077170044159,5.58,0.114,1.0844817,-69.271034,1.600793,gaia_source_rvs,26.0
510584788742165760,-9.95350803324335,2.496061923294838,-0.05304020069973198,10.261707815600785,2.895887458054694,-7.106805069026831,-22.10203750312391,0.9401367132312771,0.3005890710720269,3.08,0.048,1.152328,-52.763187,0.35462067,gaia_vari_cepheid,33.0
524686643840675840,-11.874974874810604,5.12828999722991,0.14968758791712794,12.935006245575279,2.733928504047124,-4.0410445956005105,10.509497850112467,4.108734097291647,3.6500264362011636,6.34,0.112,1.0153599,-67.945076,4.188878,gaia_source_rvs,20.0
414219672672011392,-14.058104713770812,8.11035010117124,-0.5592990781595978,16.229851721655177,2.6183193976493033,-5.067568126180273,6.305871976960759,3.0062666184114413,3.1845149794418415,10.05,0.112,1.0136539,-93.99826,2.7678907,gaia_source_rvs,34.0
511003320409595264,-11.78442988857137,4.985813846562495,-0.03279076552791433,12.795746461665633,2.7413452662873024,-13.808097977292618,-13.567076063148306,1.5310625747915012,0.9138421586766722,6.17,0.05,1.0197068,-70.54449,1.423238,gaia_source_rvs,29.0
524713856754200704,-9.938584427282121,2.444596077007479,0.0817176367281442,10.234818532731055,2.900410279498858,0.6303999017699559,-5.468362104859125,0.8896004083850536,0.699545339910671,3.03,0.043,1.1339151,-47.576603,0.91629666,gaia_vari_cepheid,27.0
510907323601978752,-10.267530415696793,2.8612472489392466,-0.04854867701266447,10.658748362580907,2.8698181772543037,12.819179983456838,-0.048871338166748046,0.7920719331519706,0.8431304722645226,3.56,0.043,0.9899334,-59.70798,0.8899749,gaia_vari_cepheid,34.0
511048061089677568,-10.323430962939069,2.9198897436344375,-0.0003023549342003372,10.728419406489973,2.8659514214644606,24.641395197638257,-27.188055197372137,0.6472148260289081,0.5629887511529199,3.64,0.04,1.1236706,-86.52395,0.32847795,gaia_vari_cepheid,27.0
413978639108290688,-9.456580535771359,1.7402675720234766,-0.12377192937713882,9.615375533579861,2.959601706102278,-6.5063430566419305,-25.589506276046023,0.5478916384984708,0.31454151169380196,2.18,0.025,1.1174321,-44.444756,0.43338633,gaia_vari_cepheid,40.0
512363180081109888,-14.457125431880343,8.256617409949484,0.02817867629405629,16.648729885712072,2.622686282566704,-9.980984603975815,-1.9601597118700909,4.434615993874149,3.118742524238231,10.39,0.116,1.0373018,-93.49918,4.1468163,gaia_source_rvs,29.0
510852725982463232,-10.300160136602369,2.812152803399137,-0.008642723938009637,10.677148600132815,2.8750678846078728,24.97895999061103,-21.83389379783398,2.1070663251385464,1.6725539401095608,3.54,0.043,1.0313197,-82.11416,2.610841,gaia_source_rvs,26.0
510613960158857344,-14.578661132861725,8.396207208977518,-0.32975614350715304,16.823604129998397,2.619063912171713,11.95301308026247,-1.5470466065989115,3.6477301385738246,3.327296759674508,10.58,0.113,0.99712497,-114.37236,3.2587655,gaia_source_rvs,31.0
512524361613040640,-8.569984266370652,0.5472953132375553,0.018897659063564883,8.587442138712337,3.0778173778337936,11.587568942838693,-4.917219956210346,0.26981990664386174,0.07575869373253143,0.69,0.045,1.0173669,-23.421865,0.057206105,gaia_vari_cepheid,28.0
513282131279401728,-11.423005608540578,4.261322142937676,0.2756031882333045,12.191961431149643,2.7845349804798936,1.2052972955146235,16.340228563163606,1.5103119497534285,1.4624823704078707,5.38,0.052,1.0554029,-60.62104,1.3351575,gaia_vari_cepheid,21.0
512921113512080128,-13.433200847209637,6.807087999282343,0.24155543551783726,15.059459885116976,2.672570685988635,11.664766781653123,-1.9974152475498101,3.989794639874819,3.1094516279829496,8.62,0.11,1.0455577,-102.86051,4.104226,gaia_source_rvs,22.0
513074186146353536,-9.814224008828894,2.135249431887229,0.12863462157671895,10.043818150078597,2.927364388303383,-16.117730905061354,0.48640966102300354,1.3336845834546884,0.8976351996531989,2.71,0.056,1.0720847,-26.86216,1.3532887,gaia_vari_cepheid,26.0
512491028363231616,-11.621482142699342,4.4432084638758615,0.1331612490441882,12.441902935103528,2.7764136817455847,-7.136461723438235,-10.294653191890461,1.2307320204719385,0.7756817250080028,5.64,0.056,1.3064586,-68.83935,0.8143086,gaia_vari_cepheid,28.0
511706805997227648,-11.537117986670825,4.256289359043567,0.07635241449892133,12.297198483649476,2.7881618150368754,-4.669913211655455,13.976146766940701,1.0843959674665782,1.1620119248586984,5.44,0.056,1.1246316,-56.39071,0.88067,gaia_vari_cepheid,32.0
518291368820214272,-10.079926121211093,2.4084688511145704,0.15635024577703888,10.363668887795617,2.907052876090678,-4.282755054627476,-4.502427717081872,0.5414798359336847,0.31710556320551486,3.09,0.031,1.0273073,-43.099186,0.28604874,gaia_vari_cepheid,23.0
508915489570374272,-10.070999204271015,2.3695062198745296,-0.23697721763647245,10.345993654475702,2.910515219806004,17.237108359839482,-26.032698211508375,1.1615543398721802,0.7778819458687223,3.06,0.064,1.2616953,-71.365,1.0,veloce_dr1_vgamma,48.0
509629965971797376,-11.465571096758113,4.039751314300806,-0.19521201927502047,12.156434973141184,2.802836897448824,-3.382983937520311,-8.552280366744412,0.8399131092775713,0.5689124608430237,5.23,0.042,1.0926706,-66.49744,0.45592538,gaia_vari_cepheid,67.0
511226491219235840,-9.423407795400426,1.5420182908535662,-0.019146517608918893,9.548739963353304,2.9793931890477645,16.956882308845444,-12.639319918305944,1.0951797233643352,0.9418347800064653,2.0,0.035,0.945608,-50.790546,1.3514006,gaia_source_rvs,38.0
511362109099936384,-10.975928292463205,3.3855893119690332,0.0035486780224497872,11.486218562721728,2.8423963638199745,6.69491718102117,-18.538856940763054,1.1342027675422583,0.7264104960566592,4.41,0.046,1.0737609,-72.80654,1.1564732,gaia_source_rvs,42.0
506602976101284736,-15.638501101703909,8.949215992127797,-0.5007179187597558,18.018079353298184,2.621823494069125,5.704544997351719,10.720591008061234,3.9974886949544692,2.63267296920418,11.68,0.078,1.3709537,-106.33595,3.8382864,gaia_source_rvs,43.0
511790368878996096,-13.219596857103369,6.044263178271284,0.14022758304869226,14.53584735860085,2.7127508758722985,5.566710958810624,4.127581681937755,2.4472661813117473,2.452451518728184,7.89,0.11,1.0331051,-87.974846,1.9704877,gaia_source_rvs,34.0
518949563960455680,-11.215205923093077,3.652889634608151,0.4582676991696734,11.795102652372709,2.826719934044555,-3.2947760875061487,-20.9571504973936,4.092678889734632,2.3043402499964873,4.79,0.106,1.0278008,-68.894806,4.1447053,gaia_source_rvs,31.0
520240420676621184,-8.688218573417117,0.6269301232082605,0.08409637495975103,8.710808421659616,3.069558854023166,3.709733009703094,-13.694976179498411,0.8273023750999611,0.7620698562529478,0.83,0.035,1.1073322,-25.43041,1.0947278,gaia_source_rvs,25.0
508824711142351488,-14.108587779741953,6.8762034677209725,0.15727425794671118,15.695044544956918,2.68809421302321,-2.2645552963676763,-15.461575012681465,2.5095451821809407,1.5146945804351502,9.1,0.111,0.9836624,-94.86887,1.871546,gaia_source_rvs,38.0
515599111517099136,-11.814856816999525,4.1620595205549975,0.4050891084041412,12.526515120289547,2.802893990569454,-21.707857625622257,6.629032101301021,3.7013934974788376,2.1002015053276546,5.56,0.187,1.2020153,-44.872814,0.9041483,gaia_vari_cepheid,42.0
505347539980512384,-15.395345646259052,8.145659195511676,-0.7806779980199977,17.41747488292179,2.6549378895838585,10.818095450080934,3.8483281260492106,3.4313509046071182,2.9403092737259304,10.93,0.112,1.0367068,-106.52602,3.4338899,gaia_source_rvs,40.0
515527570241664512,-12.107417895723326,4.439023304140151,0.39983617045445324,12.895522323519153,2.7901743070594205,-22.223943739317612,13.592336374455698,1.1537696244377926,0.8694903215870049,5.96,0.061,1.141654,-43.47056,0.4155187,gaia_vari_cepheid,30.0
505368121464666112,-15.730220418217936,8.479914184340664,-0.7634510402290419,17.87033236902723,2.6471686605807516,0.764578605319401,-2.1895574957143538,3.589750023063333,2.4992621269454878,11.4,0.115,1.2353823,-102.1954,3.0655572,gaia_source_rvs,32.0
514736269771300224,-10.262016563183138,2.333975921648907,0.1256440590249936,10.524087967414655,2.917958587967956,18.465496036099797,-7.63739909348962,0.4716403740888356,0.417794180129112,3.15,0.035,1.0428045,-62.45707,0.11659645,gaia_vari_cepheid,31.0
508522757761814016,-10.56314338266784,2.6578826885340856,0.027628531663717645,10.892398198230202,2.895091242213019,15.534943213689596,-17.466168213400607,3.7823057553101895,2.4521533159144018,3.59,0.108,1.0417966,-69.939926,4.1912622,gaia_source_rvs,45.0
513830684503187840,-12.111096862992575,4.316411716368394,0.13924167096398715,12.857296657151181,2.799226461249947,-15.780783637206127,17.02316524174057,0.866525438029681,0.8185711674102292,5.86,0.053,1.1678331,-46.00903,0.33944944,gaia_vari_cepheid,70.0
507721282503587584,-12.249364846825728,4.463007158708084,-0.013466773335438612,13.037076821486076,2.792195028427957,9.236144683967776,-1.0855549311346806,2.8642087227166844,2.27076610203911,6.06,0.108,1.0381626,-78.10372,2.3974712,gaia_source_rvs,39.0
507558760939249536,-12.229320034369438,4.426170514191201,-0.08695266603445045,13.005662379276394,2.7943286363003557,-9.544418388909786,-16.63281803446725,2.3170222168421972,0.9134763250829573,6.02,0.114,1.3748109,-68.00868,0.9618044,gaia_source_rvs,44.0
506779550797525760,-9.907552112587823,1.897779375144959,-0.12692919383082796,10.087673439419468,2.9523363296149365,-8.541045437153532,-11.334108149437725,1.1078346775909063,0.6314684430355124,2.59,0.05,1.1224117,-34.921,1.0,veloce_dr1_vgamma,45.0
505178760644698880,-13.403218220190748,5.6684409875496735,-0.5732534911997781,14.552576469044455,2.7414881449801034,26.424343406843843,-3.909153133764619,1.920529444688789,1.9510179293933354,7.75,0.088,0.9848822,-105.97138,1.606834,gaia_vari_cepheid,20.0
506923449381427968,-11.866355293221861,3.995295866338152,-0.18918045901950858,12.520893618450451,2.8168231859593296,-3.3511260652355346,-8.648172970855455,0.8858533796316634,0.5652838289007155,5.46,0.036,1.3670738,-65.123695,0.6440229,gaia_vari_cepheid,39.0
513722485685228416,-11.42858885853385,3.5190455849646525,0.0626060297885162,11.958107087932573,2.8428893714850143,-20.32231075204168,-0.6258299434408343,2.6836333659019918,1.2523466305299447,4.81,0.115,1.0680685,-41.442745,1.8623403,gaia_source_rvs,35.0
507430530397034496,-10.239810222013974,2.2072349883370705,-0.043481481854522226,10.474998791245811,2.9292867571198222,21.139522796836534,8.796673898939645,1.5932022342839438,1.9419235564966921,3.04,0.106,1.0239292,-53.40011,1.5733255,gaia_source_rvs,20.0
515968341264818944,-12.145703712998335,4.2130370785265665,0.4018023873346012,12.85565245753716,2.8077047930495573,2.4864402279696276,10.67808162497559,0.8181096855457171,0.9206654519351095,5.82,0.049,1.1309009,-64.205025,0.45018774,gaia_vari_cepheid,40.0
506699870563323264,-11.64011309037214,3.6674837240105163,-0.2657209365542104,12.204207046036824,2.8363655471461056,-15.126981461158337,-8.455586430366992,2.438718509132812,1.0934084061247287,5.07,0.103,1.1667587,-51.0,2.0,melnik2015_hrv,
506797039902075776,-9.857890765082354,1.7938879757571873,-0.11887333264117023,10.019782652625864,2.961587524539805,-17.110314044575325,-5.688495223935348,3.315104589370217,2.437329093169684,2.48,0.035,1.0999095,-22.36844,3.9516618,gaia_source_rvs,17.0
514113499512331264,-13.073153235018866,5.147219891455484,0.33041743638857474,14.049954025450733,2.766507924334632,-1.5277387211970872,6.906648184690482,2.273066225641437,1.9825863757058457,7.13,0.109,1.0847414,-70.879654,1.5643516,gaia_source_rvs,69.0
513422387728131584,-12.21638608807734,4.191665019475059,0.011283957724093904,12.915500171826888,2.8110616749579447,14.966598817134336,12.696214604663766,2.994014343551991,3.0098610068176677,5.84,0.109,1.0164214,-73.81135,2.751068,gaia_source_rvs,38.0
465365517618881536,-9.745323320728046,1.6288988475683013,0.00038869530328760737,9.880518107930133,2.975976931734284,13.390865306826925,-10.375632302191264,0.621188182726538,0.3431399593186872,2.28,0.048,1.1406667,-48.402706,0.34223115,gaia_vari_cepheid,44.0
466074736982210688,-11.824455631388094,3.7161397944334977,0.20938036410157274,12.39465392620697,2.8370908287487513,-21.02048870010267,-10.388552261208815,3.6662223248943397,1.7075695241215156,5.23,0.111,0.98122287,-47.497154,3.66009,gaia_source_rvs,36.0
465975849654923008,-10.450666909288575,2.3206898305167063,0.12475579126955555,10.705234240237944,2.923076957412304,21.064255378257265,-9.777205461250247,0.8349802256147252,0.5979307104664091,3.27,0.041,1.287378,-65.83003,0.79729944,gaia_source_rvs,41.0
459263743483634304,-9.820754268330562,1.6802398384971808,-0.04212414001519211,9.963454236047154,2.9721426121980117,2.951101035655373,-18.92224262690931,1.15655200003257,0.5821311661335129,2.37,0.054,1.0152508,-45.632,1.0,veloce_dr1_vgamma,38.0
459035766618689280,-9.636333762089729,1.482291922711676,-0.054642221205791826,9.749672698020516,2.9889657253649746,10.594468700800839,-20.421370281590555,2.8149810916567133,1.9880306884299777,2.1,0.043,1.1543808,-49.341305,3.304856,gaia_source_rvs,16.0
465012883624730624,-10.780500958000008,2.5585963241737564,-0.04871988901871,11.07996462338732,2.9085685104114587,26.789325929035193,-21.107336210253322,0.9642491869701373,0.6050544915697553,3.67,0.053,1.2738227,-79.594604,0.6729635,gaia_vari_cepheid,23.0
455914562346088704,-8.736250313790377,0.5686052901813774,-0.06796031306081396,8.754734805876458,3.076598588097489,16.54088007676115,-2.2951912343160075,0.8298570979628521,0.6807348229833038,0.82,0.044,1.1006289,-24.962,1.0,veloce_dr1_vgamma,103.0
458239995077788544,-9.924468975569125,1.7171467644454903,-0.05416789650766236,10.071925211084507,2.9702673138275983,10.55040392404695,-20.323389338961164,1.0412146976124912,0.5758946438236517,2.47,0.041,1.1742555,-52.818,1.0,veloce_dr1_vgamma,41.0
465719182408723072,-10.20056372266761,1.977836853105733,0.08193422521362786,10.390540836631445,2.9500742553051507,-10.197193901383763,-0.2056039432361274,0.7276393249218731,0.39386769950904005,2.85,0.033,1.0488663,-28.954168,0.62552994,gaia_vari_cepheid,23.0
467496268077100288,-12.00605017323642,3.704903689606065,0.3717668424635318,12.564694668456012,2.842277170476442,16.73956664212851,8.511831666590382,1.0130269034969759,0.8988789143082526,5.36,0.044,1.2526793,-70.78331,0.862805,gaia_vari_cepheid,33.0
457807268533229056,-10.774636998245093,2.4855198644285883,-0.18908131775304066,11.05760423601881,2.9148761821196474,-2.9895987936543085,2.7836879778020887,1.3298542108938265,0.777345563362791,3.62,0.084,1.3068901,-40.04,1.0,veloce_dr1_vgamma,24.0
466232585618161664,-11.888289615975484,3.4046961589689806,0.1973878238450219,12.36621954876302,2.862667697605978,-5.7899566399506295,-6.716794026136199,2.5932994897553265,1.2500016743687874,5.06,0.063,1.101646,-54.452003,2.549795,gaia_vari_cepheid,34.0
460909093912435072,-13.3075625444826,4.6551269997703315,-0.17288742291309106,14.098277492633876,2.805086537081832,-21.295919033139437,-1.2200634493607936,3.840154279052977,1.5308181911117713,6.95,0.111,1.1043637,-50.84009,3.322987,gaia_source_rvs,21.0
461049865760507904,-13.021605461884487,4.377913766387313,-0.05625108162925813,13.73784327144925,2.8172608712675347,6.8340940507812915,18.907851933807052,4.322364696724529,3.5034353654696035,6.55,0.15,1.1367419,-65.609436,3.9186723,gaia_source_rvs,15.0
466906311366699520,-12.32679171782157,3.7457787443730175,0.4750072324462801,12.883347874537547,2.846586478895716,19.17347252817278,7.806360851508799,2.3859739096497665,2.1048962309309767,5.63,0.108,1.3739518,-74.76107,2.0690513,gaia_vari_cepheid,26.0
466691219404381312,-10.443231287152091,2.04773142298108,0.19064257012247915,10.642099590664262,2.9479670632562245,-3.5590040757587476,-31.48858531140516,1.3185501919515608,0.5732095980276207,3.08,0.072,1.1533239,-51.11825,0.4400637,gaia_vari_cepheid,33.0
461565536715800064,-15.296417676309016,6.363621508805617,0.13932512227128319,16.567319410074532,2.7473523415416676,27.51363936750109,-15.117618463120436,4.701167148401908,2.2750239049248937,9.57,0.113,1.0672104,-113.43819,4.737708,gaia_source_rvs,28.0
461369239530071936,-10.013200936112442,1.6517846498358224,-0.008021341297598076,10.148526273129333,2.9781042920469174,6.841455674719289,-5.167636999512439,1.9470647106112002,1.216807810185209,2.49,0.036,1.04356,-40.305176,2.4476192,gaia_source_rvs,10.0
461493243824999168,-12.796856879039911,4.073793454385493,0.06303945762433244,13.429644041880826,2.8333932567838285,12.876056750012422,21.947157242461373,3.7549977265032752,3.0787874643408233,6.18,0.112,1.0403179,-66.56062,3.3845532,gaia_source_rvs,20.0
487965876047609472,-11.832017898069891,3.1565750509866564,0.5469466542431792,12.245840665007758,2.880882142630247,-13.461437834370193,7.3079710118915955,2.175623047685397,0.9974520247361651,4.88,0.107,1.0544299,-38.679012,1.3656414,gaia_source_rvs,45.0
462799979033683968,-12.191225902061426,3.4266842024257262,0.13322464799904948,12.663654828612767,2.8675846920610155,-40.044058046360576,15.395418062618575,3.8130882683534075,1.7372098665950753,5.3,0.108,1.0465058,-13.412129,4.0081253,gaia_source_rvs,33.0
462785582303376768,-11.644255543326443,2.9592229039326616,0.10330098819420147,12.014395005719107,2.892725219704183,-14.604738293110506,-5.649894690267672,2.3130670873754444,0.7844011221244998,4.58,0.109,1.0171158,-40.003967,1.4383372,gaia_source_rvs,46.0
460328757932256896,-12.853263143098417,3.93103823780708,-0.05050645291620232,13.440961091113744,2.8447869775909167,-5.907813719900764,12.371001910929067,3.323604701891767,1.983317365303782,6.13,0.116,0.9836904,-51.18926,3.0854702,gaia_vari_cepheid,18.0
460245465624450432,-12.117433625602219,3.3135300389035542,-0.0887039381817763,12.562311848923013,2.8746666677913164,4.5941369601176705,-13.068915042622876,1.2407942019769151,0.609330457383748,5.17,0.046,1.1779777,-64.20818,1.0365587,gaia_vari_cepheid,16.0
460035463203596288,-13.333821561485788,4.2738918400685035,-0.13670871105737353,14.002033741358698,2.8314088767690233,17.82279432294906,-3.949641737366079,2.555593768231937,1.9363567595511795,6.72,0.099,1.1590174,-82.759964,2.0232575,gaia_source_rvs,19.0
461710844045583744,-10.413578084012759,1.8445041536566888,0.025755445978306864,10.575670384646433,2.9662859585750985,-0.14743922400977527,0.47609112775930384,2.318236601356231,1.1759905905413628,2.92,0.109,1.0686585,-34.485767,2.3543692,gaia_source_rvs,17.0
486834100624652800,-11.987827763393582,3.123900857801245,0.4672436999579416,12.388170609664742,2.8866725938314715,-16.9548129268412,-2.1752707955646144,1.5620087717181148,0.6838151752927115,4.97,0.049,1.0483358,-37.212738,1.443304,gaia_vari_cepheid,24.0
462407693902385792,-12.610869709167446,3.5806900146361778,0.34043865064518325,13.109362143236117,2.8649370991256045,0.5938178965418965,1.1302745436157693,1.89542345539399,0.9378745122097688,5.73,0.071,1.1846336,-56.94329,1.4860181,gaia_vari_cepheid,26.0
462252662762965120,-10.956557168021178,2.250914158714444,0.13438714345189656,11.18538151007901,2.938971921370116,12.73323781971847,-15.802176204598766,1.983723257193099,0.5708609913557988,3.6,0.12,1.206336,-59.793106,0.92403936,gaia_vari_cepheid,27.0
447928225273443968,-13.333890914273416,4.144087590015948,-0.20281177201876371,13.963026493832466,2.8402631498632154,2.3433307729139345,8.908895775214603,3.6006105489277425,2.0174358419931906,6.64,0.118,1.1424595,-62.02466,3.647708,gaia_source_rvs,17.0
447848132723812608,-10.012791206635539,1.4626208774950062,-0.08191953529871415,10.11905368989424,2.9965432945570103,-11.199944061639995,-7.369271652652401,1.6947678134477107,0.9547444368227587,2.37,0.046,1.0781543,-22.08908,1.8044062,gaia_vari_cepheid,19.0
447987564541431168,-10.284315515359342,1.6689651957595322,-0.05233194955614746,10.418857444274662,2.980712588445539,-11.028506383053307,-17.469730167502036,2.2315241744076415,1.1510438705133081,2.71,0.055,1.1139455,-30.394737,2.6058922,gaia_vari_cepheid,21.0
450160096438199424,-10.296431554053207,1.6677892579920832,0.10400181658276891,10.430629116039757,2.9810099419461484,26.052233406730664,-12.572979057745926,2.831894329344116,1.5386756159931476,2.72,0.055,1.0768772,-60.876156,3.1900284,gaia_source_rvs,24.0
447183340501268352,-10.180365627677405,1.5537432979695494,-0.1252273725617034,10.298250460596735,2.990139822976355,-8.741832999277795,-7.701223704386564,3.192900572330738,1.5362635383440264,2.56,0.114,1.1341333,-25.341255,2.9718564,gaia_source_rvs,14.0
449906659007279744,-9.250428949111729,0.8312734472691399,0.054860909675875584,9.287704306592618,3.051970149651788,14.631668643828677,-7.193159805984294,2.9607221182898176,1.8451121951534646,1.38,0.037,1.2466788,-32.879578,3.5513504,gaia_source_rvs,18.0
449863090859326080,-11.28231727730908,2.3528683311967593,0.14329500800848266,11.525045445889383,2.935994625586951,-5.664823099867202,2.5734920526471967,0.870275796306497,0.47993812150758225,3.92,0.051,1.2110903,-35.568348,0.38811222,gaia_vari_cepheid,27.0
446933167250144384,-11.07823175017138,2.192784119387314,-0.10739709675698378,11.29316257320076,2.9461822131565714,-6.404594067257278,3.3095745032144066,1.8678601906347683,0.8116228707373222,3.66,0.066,1.08008,-32.21327,1.6825639,gaia_vari_cepheid,22.0
449090134185193472,-10.791478166047913,1.9584307071219023,0.11148329788302996,10.967745978225736,2.9620671388616797,0.799756750722324,-5.333848574110533,1.0772973729878081,0.465488213485751,3.29,0.052,1.051669,-39.41389,0.7676562,gaia_vari_cepheid,28.0
448591677460368256,-10.35105132414443,1.6147600924456893,0.03404369941240686,10.47624520862448,2.9868403320655807,26.176598460231457,4.140366674579269,3.6278907978392247,2.189064841393685,2.73,0.108,1.0296795,-51.907745,3.8608792,gaia_source_rvs,24.0
473293889810320128,-9.340828100480788,0.8728532047213634,0.10773159083291689,9.38152132224427,3.048418274320895,10.505040498026414,-8.13093649666925,1.9456947559919193,1.1474299910583017,1.48,0.039,0.9843955,-30.521357,2.483162,gaia_vari_cepheid,20.0
448977846560597248,-12.927805236075233,3.493604868402396,0.12248040874486671,13.391542973026638,2.8776575160441142,-3.356545205399828,3.0515872139509668,2.1240089639155264,0.985115625978081,5.92,0.115,1.0445229,-50.899044,1.5565715,gaia_source_rvs,30.0
449006536942032256,-13.110944156957522,3.6148320786878596,0.15248197546763403,13.600142192049661,2.8725655125896035,16.845912583674146,8.135020691208041,3.5094622799250765,2.0769951141884433,6.14,0.114,1.066279,-69.26663,2.843226,gaia_source_rvs,31.0
473239154746762112,-12.362825723328433,3.0679386944852793,0.3025453756167122,12.737806235710732,2.8983480378587587,-11.919457887765276,-10.12761964566971,1.34851028215406,0.6054006982248102,5.22,0.051,1.2756507,-43.98,1.0,veloce_dr1_vgamma,28.0
448991453017226368,-13.114669861610508,3.5924108183621177,0.15885987146809682,13.597793242541973,2.8742279180180614,-7.612701521468169,9.76281123920009,3.7649174604991518,1.7133529919492938,6.13,0.112,1.0226712,-45.289318,3.562935,gaia_source_rvs,34.0
475443709916703744,-11.569780766433825,2.462282331291405,0.5575439633609379,11.828890956566127,2.931900974894069,-24.81898112646995,1.137157918578822,3.5758992299467147,1.330289342754912,4.25,0.13,1.1956862,-19.603443,3.1778834,gaia_source_rvs,27.0
473516128597272960,-12.168634241857397,2.8432870008096844,0.4176685885691597,12.496397092005267,2.912053754127964,-5.319134782152453,-8.599968052131516,2.5469493901748876,1.0414253263601763,4.94,0.052,1.1386963,-47.24311,2.6511633,gaia_source_rvs,25.0
473615222081933952,-12.157644457419343,2.804320502325691,0.5355542879246514,12.47687990776474,2.9148945300722944,0.9454432338226753,-8.217623097570424,3.0461977616541853,1.2867466730805217,4.92,0.044,1.1095127,-51.68984,3.2927046,gaia_vari_cepheid,26.0
445121820622854656,-10.660533721929164,1.7486187773213535,-0.05056678528784781,10.802992495822151,2.979013082977082,-14.572704873653825,6.157701545846891,3.3883002036120673,1.6309035524413205,3.06,0.052,1.1313859,-16.442919,3.8342736,gaia_vari_cepheid,19.0
444806643042469888,-13.738193583236948,3.7959924171164996,-0.23968014602113202,14.252982893461242,2.872009485472637,19.998657017947675,-4.317126467714246,4.322319257507393,1.7329986632863563,6.76,0.11,1.1016998,-77.30615,3.9396625,gaia_source_rvs,22.0
444806402524308224,-16.119589608496348,5.412029549010328,-0.34826270634525,17.00385935561996,2.8176755169631833,9.580266144720923,-11.692077555288108,4.852751304907023,1.8811355423355902,9.64,0.116,1.0096414,-81.295135,4.9079595,gaia_source_rvs,23.0
470386952863752576,-11.606970656372722,2.33981688152051,0.3670217985644743,11.840460753574828,2.9426713929864747,2.753902562631953,-1.016919845316437,3.0657030029832217,1.266519424830122,4.19,0.055,1.1602662,-44.65122,2.9015977,gaia_source_rvs,22.0
469638597765066368,-12.18820235463782,2.7285658741879404,0.25496948669053093,12.48988984608679,2.921354567335286,5.168489541714481,6.50935832136588,0.8527950190573591,0.5438290048630049,4.88,0.058,1.1648947,-47.555702,0.37362704,gaia_vari_cepheid,30.0
336558933011470720,-10.148090829325863,1.3463750023146757,-0.6229902343513888,10.237014854297396,3.0096902332960336,4.791511470346553,27.610369251669454,3.5872509284124163,2.0403273710686256,2.49,0.094,1.047747,-13.64727,4.0032344,gaia_source_rvs,17.0
445306817753521408,-12.65021232019335,2.984639395552161,0.005279884953783782,12.997536076789848,2.9098939459120916,14.082757937706566,0.07238306806573291,3.0484824684076752,1.3759081460686795,5.4,0.114,1.1134878,-61.558334,2.8556294,gaia_source_rvs,21.0
469680173047881344,-11.537474453648109,2.2236061524381054,0.25883758421246833,11.749797491435473,2.951198095052498,1.911914046428272,5.419318205317893,1.2799259341287827,0.6377073592378278,4.06,0.063,1.1225686,-38.879,1.0,veloce_dr1_vgamma,26.0
444069661013733120,-10.678357291753738,1.6323803148502676,-0.04774029044726975,10.802406210778267,2.989898893853132,1.4063451049940057,-1.1403518800021004,1.8166504508973296,0.731881893164573,3.01,0.078,1.1696719,-31.861921,1.5653747,gaia_vari_cepheid,23.0
468646563398354176,-10.543392568784714,1.520687082670301,0.16289734696111674,10.652493419988817,2.9983491972696634,-78.40398940287092,-12.986555300620495,1.601101696131573,1.766435624251435,2.84,0.082,1.030091,38.449894,0.20370105,gaia_vari_cepheid,24.0
444443941646255232,-10.65621684959908,1.5923286498598037,0.07074776931749666,10.774528670658578,2.99326294828255,25.929312247022473,-12.329472155483472,1.1070076436083562,0.5190361059223512,2.97,0.045,1.1461399,-58.354,1.0,veloce_dr1_vgamma,24.0
468600486988508160,-13.945576935271415,3.655764090247316,0.33146839204416073,14.416786297268745,2.8852164119640156,10.249461308565186,3.9757755702255224,2.4318899417539823,1.1428266576606496,6.86,0.11,1.0564036,-62.919174,1.7727592,gaia_source_rvs,28.0
468431815031779456,-11.56377721989175,2.138329159189152,0.126168260683936,11.759821222464478,2.958741964087374,-8.98094534818818,1.5257899295128539,1.1036269664868485,0.4875511068090278,4.03,0.046,1.2912366,-28.331,1.0,veloce_dr1_vgamma,22.0
469017167536451968,-11.905041937342439,2.35156767371149,0.2942483113787206,12.135068770053472,2.946576068492054,-2.341546083019903,-5.249724158006757,1.7501954386663843,0.6532540711629531,4.44,0.05,1.0308882,-40.171368,1.7166319,gaia_source_rvs,32.0
276241546182796288,-10.411718652329396,1.3786342177026605,0.08604835043421172,10.502595755406588,3.009946684996761,-3.397159789522717,3.7454274016956504,0.9989330673769083,0.48523155190068123,2.65,0.042,1.14093,-21.396,1.0,veloce_dr1_vgamma,15.0
276159666924689920,-13.572385809449695,3.3019270783695367,0.13774816282146934,13.968263277566809,2.9029460500551636,17.549120705218247,13.975463447468599,2.7087839408119865,1.6587849203359168,6.35,0.112,1.0644443,-62.835106,2.3483696,gaia_vari_cepheid,34.0
251864136443731584,-10.761325756355657,1.5564338847417287,-0.0035368286870556863,10.873298417314585,2.997956507355109,-4.015612988884624,-0.3048933590369529,1.4536070003240276,0.5085335279124593,3.04,0.068,1.1965939,-24.793745,1.1688166,gaia_vari_cepheid,25.0
251325959859513856,-9.154862195214989,0.598097976635013,-0.032276305612265695,9.174378616725576,3.0763541814237434,10.733386055967523,-4.024241310278853,1.6024811779113,0.7927638977139939,1.17,0.038,0.96912545,-22.023767,1.7670647,gaia_source_rvs,13.0
251823763750529408,-12.719432836096871,2.6653698280287452,0.018548987069146147,12.995698057132032,2.9350305367983975,-9.69504940830276,-11.266332361193179,2.0321468909395306,0.7271609967559276,5.29,0.096,1.0159485,-37.34258,1.4786329,gaia_source_rvs,16.0
251034486199934720,-13.689459838849311,3.2051878371073608,-0.028190682050730113,14.059677796827676,2.9116001548942623,16.21609035080279,12.028346356168925,4.202659172819223,2.0027525356569535,6.4,0.126,1.1267416,-60.485554,4.1674523,gaia_vari_cepheid,27.0
250807196530369152,-12.878562683438487,2.6853597926216928,-0.14655322146612454,13.155551452032846,2.9360241807545706,9.989155147366715,12.467575266389844,2.4530087845453696,1.254072722980604,5.44,0.112,1.1559396,-48.316387,2.361397,gaia_source_rvs,23.0
248494232082353152,-11.01684662887667,1.6265333390037493,-0.2972689925559902,11.136270486436738,2.9950110275640207,-23.193958654072965,-17.42532326020256,0.9335010387337342,0.5798588242754599,3.31,0.041,1.0784729,-12.521063,0.71155125,gaia_vari_cepheid,19.0
274764764629294208,-14.069253487967792,3.243629839492332,0.06699503471668139,14.438318054549807,2.915004428493619,6.645633752878637,4.1214764970114,2.122977066587989,0.776778873206514,6.75,0.112,1.05583,-52.999596,1.62821,gaia_vari_cepheid,39.0
271861779051593856,-14.415164268630793,3.4011372665211184,0.13534116146217862,14.810965383705705,2.9098885363051443,-5.83183666535119,9.270088873984037,1.8081111816941389,0.736246462543706,7.13,0.111,1.0746633,-40.96046,1.0686494,gaia_vari_cepheid,22.0
272444829450300160,-13.246292037934735,2.741982256912187,0.39192185648720507,13.527110535937615,2.937475488321109,-17.117456719539376,-10.83939775701566,2.5730788438586343,0.9342455460037176,5.8,0.065,1.1795046,-29.191978,2.3888698,gaia_vari_cepheid,20.0
272137893907447168,-12.259816247324565,2.1630848995574357,0.2356279563688805,12.449177912651773,2.9669530522997545,9.578262489864283,9.463401184854462,2.795819596146253,1.0882786337123862,4.65,0.105,1.0871996,-41.900043,2.842895,gaia_source_rvs,21.0
247358200355952256,-13.209901165150978,2.642393102195755,-0.1332087299045937,13.471589739135796,2.9441670414941687,21.851349127577727,3.21182063698285,2.7731163512441492,1.1729976254813683,5.71,0.111,1.0875533,-60.97631,2.5158525,gaia_source_rvs,33.0
246611563239644544,-11.933280425561414,1.9515178886547968,-0.32804626303102485,12.091799030120658,2.979491817653553,0.21165187952880224,-5.109229690332228,1.2138424464117734,0.4558193744382902,4.27,0.038,1.070968,-33.647957,1.1352404,gaia_source_rvs,35.0
270661215433219968,-14.207521280962371,3.0454574769299794,0.004015595939921675,14.530260568647329,2.9304327912236885,-14.626914645531123,-1.8097610563605713,3.2330173995905747,0.9705240942329149,6.78,0.108,1.1029515,-30.501163,3.1550834,gaia_vari_cepheid,28.0
270528311964877568,-13.323337615251146,2.598290139699372,-0.09220909328764343,13.574330070394822,2.9489920728288745,11.266490638120517,5.750077011413168,3.463157044678818,1.1933084688688782,5.79,0.112,1.0205451,-49.239258,3.236287,gaia_vari_cepheid,20.0
270341017029687168,-11.18133048141141,1.494474222188205,-0.038896626211980596,11.280762586604016,3.008722143393629,-7.072232161147209,5.417121460477347,0.6796826383998117,0.34471859671850363,3.38,0.044,1.2438384,-17.254953,0.45981684,gaia_vari_cepheid,25.0
279382060625871360,-8.771776017529596,0.3034033662682414,0.11198320778164592,8.777021596439779,3.1070178470564405,-3.317686822092731,-3.415152767428168,0.4880277160388689,0.31269991548454046,0.7,0.033,0.9659783,-0.49010718,0.52487653,gaia_vari_cepheid,27.0
270979214809419648,-15.509914898024515,3.574919449645064,0.3628182123879577,15.916579695883579,2.915056536347798,3.9200675534017684,0.8500130241193347,2.3017075946749346,0.8980629853428023,8.19,0.116,1.0683726,-51.750256,2.0515268,gaia_vari_cepheid,25.0
270272675510149504,-9.54462529248932,0.6760186724206115,-0.01716873868950203,9.568535583854416,3.0708835760464597,17.014646228428933,-10.914784151351654,1.2481905909812008,0.540109732083866,1.55,0.041,1.0785291,-30.964308,1.2967196,gaia_vari_cepheid,16.0
270841363539777280,-13.980791167161488,2.821873806126193,0.17661675940988836,14.262730924948483,2.942429114878274,-27.099302363558508,8.602069975757843,2.9387594031394757,0.8647879169742262,6.48,0.111,1.1249722,-13.121237,2.7393844,gaia_source_rvs,22.0
258807999047679616,-13.666718497742853,2.6225958267436367,0.14652365063771494,13.916077154392317,2.952000896851904,14.002780515535305,2.0766388362426653,2.890040610113098,0.8809066409416333,6.11,0.185,1.3176656,-52.269928,1.9984782,gaia_source_rvs,26.0
258607338176583040,-13.08085874713444,2.247003755291774,0.12377019004501827,13.27244858489868,2.9714749464655954,-21.95951608637936,3.2689303685611435,2.2862083392936157,0.8223780624856899,5.42,0.072,1.135344,-12.861591,2.2767327,gaia_vari_cepheid,23.0
258412862056729472,-10.828668811298048,1.211741642020049,0.003123012253920694,10.896255596845391,3.0301549911691428,21.762953692839645,-7.797529287795612,1.9165693464208735,0.4504526976054267,2.94,0.163,0.9905592,-43.808,1.0,veloce_dr1_vgamma,17.0
257639493066319744,-12.343550487498758,1.8660186995422121,-0.008390886718489702,12.48380007948189,2.991555149941313,-7.237183096625545,-1.43726045053765,1.3269995643746921,0.5276759300314929,4.59,0.072,1.176874,-23.220036,0.9571618,gaia_vari_cepheid,25.0
257552322410796160,-14.134055867699923,2.588457059163221,-0.03114988879553732,14.369121240298396,2.960463624046868,12.070358427506905,-7.962584997071161,2.6104532144941426,0.8860892152554795,6.52,0.113,1.143955,-50.68194,2.3050697,gaia_source_rvs,26.0
232773865804463232,-11.134710650838286,1.2756069212836745,-0.1582627397195842,11.207540064417275,3.0275286228067966,-0.6611328868923814,-0.14548755161956706,2.027369931611428,0.6661578897311135,3.25,0.05,1.0239195,-19.967443,2.0569098,gaia_vari_cepheid,17.0
257429344607790336,-13.910356462525666,2.4241653484527985,0.07026424576481455,14.120006889204015,2.9690548576835427,3.7844178574255314,13.752187679456227,1.7352956902144026,0.9623507005135277,6.25,0.144,1.3609378,-35.678185,0.90351063,gaia_vari_cepheid,27.0
256735552768873856,-12.1103783416905,1.6645320967694943,-0.18083730148324656,12.224235382225844,3.0050017572521353,0.9050689046602136,21.005985026707634,1.7162092397056778,0.826661339930878,4.3,0.08,1.1603599,-22.25769,1.6247393,gaia_vari_cepheid,21.0
232537848762080896,-13.027573146471637,2.031392424859721,-0.4100802126666215,13.184999706880784,2.9869080799642718,-4.612620948870052,7.418714801367457,2.7941915972644473,0.747785403492021,5.3,0.079,1.0529336,-25.141212,2.7915907,gaia_source_rvs,16.0
253825115433087360,-11.691212085857533,1.452582294875729,-0.13127900358792993,11.781105014381618,3.017980468276835,-6.417906737041455,-0.01253349381931912,2.1316669763331264,0.632700242676303,3.83,0.047,1.2301075,-16.65898,2.1575353,gaia_source_rvs,26.0
254178161742941056,-14.14763467935136,2.4239021977937205,-0.11262758952642399,14.35377542268425,2.9719109660973304,13.935603949562427,5.016136619598626,1.9651013043796388,0.6827009675158155,6.47,0.11,1.0663317,-46.88958,1.603773,gaia_source_rvs,47.0
254151292424857728,-12.275092119153081,1.6414822351028806,0.05780458309636332,12.384359105817806,3.0086566725656345,-1.4234020435466612,20.206097957541147,4.23386413945208,1.259014540770323,4.44,0.11,0.9894242,-19.160757,3.8278122,gaia_source_rvs,15.0
255746713858482048,-13.348945214358842,2.0420335520010444,0.22719423513738385,13.504230424702174,2.9897960102152923,5.172159127129199,2.6328107163246273,3.2192767667252835,0.8431244987796302,5.59,0.161,1.2823157,-34.53911,2.948612,gaia_vari_cepheid,19.0
228673477705878400,-17.135694293460556,3.5070211026973004,-1.1930273037728054,17.49088951236331,2.9397186910501514,7.510703774739335,3.463631348180911,3.064201030971255,0.9817092595513595,9.72,0.114,1.084606,-47.662655,2.9841075,gaia_source_rvs,15.0
253367890394497408,-17.45252976654201,3.600554299191039,-0.541321866218703,17.82006696153126,2.9381414520225078,13.24376291086867,-11.069711643007366,3.0469958103648485,1.2639642360802665,9.99,0.114,1.004736,-57.015457,3.139515,gaia_source_rvs,30.0
228741784865956224,-11.265149041169298,1.2036008246748815,-0.3643377262749024,11.329264665675156,3.035153575474378,-32.02739242966807,-0.7856524084232319,3.00341631121395,0.8953817651516968,3.36,0.043,1.185035,12.643253,3.2285008,gaia_vari_cepheid,17.0
261548119462093568,-10.629056167342354,0.9524607472071804,0.2811625523753683,10.671645444048869,3.052222196978979,16.730175731444266,-13.046680316887404,1.305422762786729,0.7053821978461352,2.67,0.113,1.0073403,-36.065,1.0,veloce_dr1_vgamma,48.0
253299995546651776,-13.100251341969143,1.8933346508119293,0.022148655493881838,13.236362843422262,2.9980599248218414,-15.54446337632176,0.5171005719054165,1.8651878509418391,0.780193179596351,5.3,0.111,1.3333869,-12.814954,1.7396157,gaia_source_rvs,18.0
252595410453952384,-11.790764078585628,1.3809347119960382,-0.21322981510198785,11.871356208776685,3.0250037688548588,2.943128149754828,11.21433124453506,1.61075097069975,0.5403295455187294,3.9,0.109,1.2647848,-22.17522,1.3526117,gaia_vari_cepheid,22.0
206577210999441536,-13.294646917244563,1.8185881999265032,0.1976612885224402,13.418453699853508,3.005645390434108,-10.690334739442006,16.656173786320494,5.014157235828914,1.2462421656783196,5.46,0.149,1.1595169,-12.541836,4.787575,gaia_vari_cepheid,14.0
204845480185040512,-16.470236175193925,2.921206243874983,-0.1750358354318276,16.72728685668781,2.966055377683773,6.970358599021524,-3.002743820283854,4.501634611747948,1.351881033617168,8.82,0.115,1.0161893,-42.550865,4.1302586,gaia_source_rvs,21.0
206211859601169792,-13.020835511295719,1.6390263736949024,0.09569916496076919,13.123588109426747,3.0163740435052144,5.1740742314814305,9.896047639465877,1.2183926915875303,0.48481133318646263,5.14,0.064,1.284139,-26.480019,1.0884346,gaia_vari_cepheid,22.0
204409420744236544,-14.073678679317615,1.9782942745403536,-0.23711220260471016,14.212039959321757,3.001940691004721,-6.053747808971188,2.478948795043891,4.3201692600014265,1.1006914518056325,6.25,0.109,1.0225006,-20.25292,4.2659316,gaia_source_rvs,21.0
204510644535613184,-11.583122455496648,1.1431054163362966,-0.1011183386257935,11.639390697621936,3.043224014584531,1.8760236383067943,-4.553036763951241,3.5339465003256296,0.9188331492105752,3.62,0.106,1.1112196,-19.012545,3.5890627,gaia_source_rvs,17.0
206181318094220416,-11.282527528972084,1.0373627993560006,0.03923538014592858,11.330116902287488,3.0499062527543614,-22.8519795082439,18.715404622281937,2.6014098583079397,0.6930365043042922,3.3,0.05,0.96868235,11.259996,2.567475,gaia_source_rvs,17.0
205531296263939200,-11.797802764426317,1.1277393928116974,0.12434996570812035,11.8515799033886,3.0462932733649737,3.754129600561641,-3.881988875536109,1.3542075074899742,0.4341338946147191,3.82,0.05,1.0665189,-20.821177,1.2384927,gaia_source_rvs,20.0
202939854734748032,-13.572897078388355,1.6585537448253178,-0.3166282738232736,13.67385591649251,3.019999465707739,11.19892473759269,-1.7104831675825096,1.1504254169072563,0.7863559805100775,5.68,0.055,1.3044628,-34.096,1.0,veloce_dr1_vgamma,22.0
203413602509201792,-12.677312999774141,1.3648486061688998,-0.11072598882812718,12.75057161902962,3.0343450266413994,-27.764002484705674,0.18057306862411338,2.243100620827606,0.9547542235769353,4.73,0.107,1.119067,7.9391627,2.0614111,gaia_vari_cepheid,23.0
200256084290032256,-17.41491633197001,2.6993603981108287,-0.4307847860201384,17.62287880592739,2.987813641318925,19.919806947522154,-9.296632340288056,2.7419045139295886,1.2055224241015086,9.66,0.114,1.0648328,-50.849316,2.5102618,gaia_source_rvs,21.0
201509768065410944,-10.733735710434841,0.704521948220105,0.1072300995580327,10.756831944257007,3.0760504366128765,-3.7420761281352672,7.73446356822393,1.045800108345346,0.3280629818414916,2.68,0.051,1.083595,-3.107,1.0,veloce_dr1_vgamma,39.0
201574982848108416,-11.866287071479316,1.003788452357051,-0.05857301838118729,11.908667436780764,3.0572019431690944,-16.901881118902747,0.9335432379390056,1.0797295954339683,0.5749412798197097,3.85,0.067,1.2097067,4.094,1.0,veloce_dr1_vgamma,40.0
200044497021549056,-15.446226371243213,1.9648510329066688,-0.23536111551800115,15.570695189785319,3.015066294901293,-10.491757511902671,-1.7037921902608275,2.7977118456971204,0.9894153990383954,7.56,0.111,1.0752697,-13.181444,2.9710295,gaia_vari_cepheid,18.0
200016111582079744,-15.477451385265816,1.9586092104046882,-0.2780118348417329,15.600886238363152,3.0157157568429804,6.553227373746451,-0.7627685906246313,2.747910456309559,0.9005873225489884,7.59,0.114,1.3243864,-29.714539,2.6237774,gaia_source_rvs,23.0
201222280134342144,-16.15225575120263,2.0718093052748854,0.2592309466539113,16.28458656674102,3.0140217423643416,-29.37743210247064,11.74500386852418,2.46623887079161,0.7914259236186494,8.27,0.079,1.1580395,7.1237655,2.7025058,gaia_source_rvs,11.0
197337185858157440,-15.887091567999349,1.973095925282197,0.9467108268585317,16.009146948552917,3.0180304403267626,-0.3404463965248663,-44.9172580119818,3.0988296848631105,2.894510813060597,8.04,0.111,1.3088617,-31.676762,2.8135715,gaia_vari_cepheid,13.0
200708636406382720,-9.787787010812696,0.41522706182730096,-0.0310255449327716,9.79659063561949,3.0991950989588593,12.145988251526436,-16.03005073993262,0.48229960360990143,0.6479967377658932,1.69,0.056,0.9820967,-17.681675,0.3522148,gaia_vari_cepheid,24.0
174489098011145216,-9.02175169090188,0.2073845365806845,-0.07838925884962225,9.024134967868317,3.1186095315484614,-7.878339869683622,9.645794946006902,2.404354250437014,0.5845952476163344,0.9,0.112,1.1555363,12.286932,2.4587975,gaia_source_rvs,28.0
195001857519690112,-12.999847187139215,1.1439789371909068,0.27078560399947754,13.050084854042437,3.053819342558498,4.971115393948326,4.428796048465102,0.4582253769683553,0.37050470381343487,4.99,0.043,1.0814612,-18.06624,0.3645682,gaia_vari_cepheid,23.0
195373217573454464,-10.21725547714734,0.4868163301831737,0.16784832898706037,10.22884644642935,3.093982173055845,-13.527439802014875,-0.051650115922313944,2.080894334885534,0.9359789327791783,2.13,0.139,1.1216301,8.699259,1.9804122,gaia_vari_cepheid,11.0
188724234539584256,-12.285330875138536,0.9334848096501274,0.07781399826968921,12.320744644763957,3.0657546872700823,2.8708490168955345,7.703356368641408,1.21718557797841,0.3603558337214441,4.24,0.122,0.98749274,-12.362,1.0,veloce_dr1_vgamma,46.0
194640397371207040,-12.393983963495678,0.935661927413902,0.35581574752497663,12.429251857203631,3.0662423492141366,-8.460200610605654,11.435112073982111,2.51619665251761,0.4273016527892937,4.36,0.179,1.1218036,-0.14571185,2.3827732,gaia_source_rvs,15.0
194030885674171520,-13.404868403969012,1.1380961416381643,0.19385000686139525,13.453094802138963,3.0568940728371983,6.954617682573473,-8.519862059653747,1.9665226601466712,1.2382248158217122,5.38,0.13,1.1126125,-21.045149,1.7861998,gaia_source_rvs,26.0
186285139790902528,-12.128316301263533,0.8506985763662149,-0.30384862715210864,12.158114342747655,3.071565820461035,6.892047714142,-8.233741738991512,0.6956508433124539,0.5867218656931041,4.08,0.058,1.0213579,-16.23298,0.60440433,gaia_vari_cepheid,21.0
187324728037490048,-14.61925815226509,1.200240638058715,-0.06156234736581496,14.668445265665236,3.059676404703877,29.493088106281167,1.7926981985951045,1.843938400329629,0.7834656848984927,6.58,0.151,1.3618727,-40.700806,1.7861624,gaia_vari_cepheid,24.0
187569128855548800,-15.633253928708937,1.3807688222420085,0.08587613272885081,15.694111983160086,3.053498700796014,4.766659192738373,-7.465255247516183,1.9189367289048296,1.289886848584518,7.61,0.112,1.1701372,-18.540491,2.0104246,gaia_source_rvs,16.0
187152001632012800,-15.135516930893397,1.2694276320358249,-0.02737502669694686,15.188657586447091,3.057917703952932,7.320157807848762,0.5116467482013434,3.6180095295844845,0.9694898425604976,7.1,0.111,1.1263481,-19.193163,3.4902294,gaia_source_rvs,12.0
183814674602852480,-15.755121423865159,1.1275310898822402,-0.15843151622435064,15.795416342704803,3.070148454751988,14.725249754696389,-3.9154924264237536,3.6238671863941367,1.2022483257416117,7.69,0.113,0.96799594,-23.509409,3.549812,gaia_source_rvs,11.0
189726984845700480,-13.053258903398593,0.6491926121524663,0.3772295782569339,13.06939245132795,3.0918994578969574,-4.090153540681427,7.533137995894293,0.9697386418787403,0.4596015299295918,4.96,0.069,1.3617631,0.9413767,0.9641317,gaia_vari_cepheid,29.0
180464393952709504,-15.788782045714123,0.7649859377106245,-0.5892915774784527,15.807303437713836,3.0931792819844,6.83733005086651,-11.0094582594281,4.650204042300754,1.4157752241396835,7.7,0.11,1.0194833,-10.691541,4.228356,gaia_source_rvs,25.0
3455325108309625088,-12.461359102516619,0.4240687023049512,0.3989875126143692,12.468572690815433,3.107575087007153,-24.79951501599334,-9.25005437817785,2.769726231392491,0.595946492031989,4.35,0.05,0.86021715,25.272177,2.7164123,gaia_vari_cepheid,17.0
3455444336600401024,-13.042946522336912,0.4581228599387972,0.24125329013746016,13.050989638312455,3.106482902750598,-0.8524408643692476,10.653386409631793,1.049892483391603,0.32169905493749523,4.92,0.07,1.1181741,2.89175,1.0310271,gaia_vari_cepheid,39.0
3449106511061314432,-15.628697314450578,0.6849301484446371,0.01092330339009567,15.643698701233129,3.0977955195839795,-3.4948207461412504,-9.065429747449713,1.6193845484053322,1.609801605284822,7.51,0.134,1.0085632,1.8566549,1.668882,gaia_vari_cepheid,15.0
3454677697820598528,-12.407760333122663,0.366910314848252,0.24052757965045385,12.413184106560019,3.112030233514653,-23.540888875958537,0.8600058115472677,0.588570267524445,0.47499536558007394,4.28,0.06,1.0580574,26.105743,0.5501941,gaia_vari_cepheid,23.0
3451987987438434944,-9.062863528982518,0.06252021678130082,0.10124973476505103,9.06307917445654,3.13469425720067,-6.663228515417712,-3.420621026978665,1.8131903223445565,0.2158275804268099,0.92,0.026,0.9738944,13.03945,1.7718899,gaia_source_rvs,15.0
3445193619757587456,-12.443553317003518,0.17950948554298285,0.15768515843569947,12.44484804280507,3.127167751783073,20.835967557308834,16.238587668319582,4.961041724175056,0.36537595238150306,4.3,0.076,1.14294,-14.0,5.0,melnik2015_hrv,
3445039825569144192,-13.014598543185642,0.18149428122878541,0.14558134705722509,13.015863990316147,3.127648119179659,-12.702226271977777,-11.038996618130795,1.0535900877283086,1.0909512553640084,4.87,0.094,1.2043666,18.680824,1.0504154,gaia_vari_cepheid,24.0
3445501242494501248,-15.854598681314798,0.23627939918621266,-0.4207658895249347,15.856359206956329,3.126690863010901,5.413924909537856,-0.5769908382256972,3.153461546933503,1.1414238350028283,7.72,0.111,0.9942588,1.5658925,2.9943805,gaia_source_rvs,12.0
3450913111743921152,-12.900699154452198,0.13001302254375013,0.2729631280899106,12.901354272312446,3.131515012088916,14.416413570790137,15.244081358092586,2.7291247877432916,0.2691387744467468,4.76,0.088,0.8899264,-5.9078374,2.677362,gaia_vari_cepheid,14.0
3442860078129558272,-14.85407239167396,0.17602310898551554,-0.2147370293078153,14.855115305913564,3.129743049951363,21.735391591681218,3.8277200672345373,4.286012902690357,0.9627659775330147,6.71,0.123,1.0081754,-14.238678,4.060866,gaia_source_rvs,10.0
3409635486731094400,-8.737235747024364,0.005277921980674283,-0.19330679398669642,8.73723734114742,3.140988581376165,17.05275968841242,7.566639222512208,0.9632145454393675,0.08783670457672667,0.62,0.035,0.9664241,-0.338,1.0,veloce_dr1_vgamma,167.0
3442172745919329664,-12.628923487086125,0.021775732293994876,-0.3089099077331852,12.628942260743475,3.1398683806748724,3.7634853708048874,-3.8012333269822705,3.147230534540038,1.0246828011687812,4.49,0.129,1.1681453,6.9332185,3.0466332,gaia_vari_cepheid,9.0
3443539614968401024,-11.279471208235256,0.005635460485872379,0.0626540277228787,11.27947261603232,3.1410930326489774,0.8376061176625944,1.5088878772993723,2.701452855725685,0.35781936927127456,3.13,0.06,1.1243299,9.40158,2.6518512,gaia_source_rvs,18.0
3449871771153577728,-11.412642524680619,0.001754821120390826,0.22469983333833715,11.412642659592281,3.141438892433885,5.702230299674044,-8.72601761315687,2.7253494794237283,0.37625081193184756,3.27,0.038,1.1768346,4.037694,2.8535192,gaia_source_rvs,33.0
3441819562167767552,-9.899625115073626,-0.01436611787675246,-0.027652335502057427,9.899635538965025,-3.1401414766386306,-17.684264512098142,-1.7573639221679116,0.7475972003012122,0.6783401986013752,1.75,0.116,1.1200957,28.576466,0.7562251,gaia_vari_cepheid,32.0
3431275314380598272,-14.591615158346325,-0.2445044304796582,0.2252449115909267,14.59366353407555,-3.124837719494648,23.22873961760931,3.7233977089336747,2.015379847674926,0.6161079316101042,6.45,0.113,0.95917636,-8.364015,2.2454023,gaia_source_rvs,13.0
3437377432112957952,-12.826380954056448,-0.1885784322209163,0.3087853282213024,12.827767155810122,-3.1268913245913854,-12.09408051752787,-0.6820322801014811,2.2894324324663784,0.7165780432146805,4.69,0.106,1.2212821,26.255472,2.365515,gaia_vari_cepheid,16.0
3434939338094495360,-10.14314966047188,-0.14319124459100596,0.3629119479567668,10.144160328349425,-3.1274765517586767,-7.222577739885549,-14.780222034703598,1.3164219149741136,0.8299809570332137,2.03,0.072,0.8334097,22.081934,1.2944772,gaia_source_rvs,13.0
3430067092837622272,-11.963354575129415,-0.306123046982824,0.1885339055432032,11.967270533006428,-3.1160098408167363,-2.620441104972157,6.85437258994304,0.958703046625123,0.345493010682868,3.83,0.117,1.2491726,19.608,1.0,veloce_dr1_vgamma,68.0
3400128452066518912,-14.544017113848291,-0.787323859963496,-0.30936910764064224,14.565311966050702,-3.0875115750597177,9.8570082048305,2.4480311269432207,1.3439705745014765,0.6629379869522483,6.45,0.116,1.104642,15.178394,1.2361459,gaia_source_rvs,29.0
3425495186047291136,-11.50179557716402,-0.41283640999057236,0.14485589966452755,11.509202205204481,-3.105714841705158,-7.990811984273233,-8.661786997197794,1.0359927592856732,0.5188988276068977,3.38,0.055,1.204355,29.341,1.0,veloce_dr1_vgamma,27.0
3399748987412599168,-15.107611040082563,-0.9289765237426073,-0.533225727052366,15.136145768328523,-3.080179348727414,0.05265371466119148,-5.170936007717444,3.174408490286216,1.623049818916136,7.04,0.171,1.279012,27.68473,3.1565964,gaia_source_rvs,16.0
3423753520973421312,-13.421041911941387,-0.7175756049960789,0.06535690744996597,13.440211335800223,-3.0881770535705746,26.130421989348118,0.23790278246147523,2.397711363491548,0.5204527297087403,5.32,0.059,1.1824197,-0.97686535,2.4276047,gaia_source_rvs,12.0
3425576270732293632,-11.709808578362411,-0.4928536663232721,0.21726623011639984,11.720175838198768,-3.099528520340453,-16.81600878007554,-3.47310108291569,4.116077098471933,0.6896967620153428,3.6,0.087,1.1876168,38.599277,3.9344106,gaia_vari_cepheid,8.0
3397212822106196992,-18.080950686066032,-1.3839897220068762,-1.7532364953338564,18.133841437008662,-3.0651975415093116,7.2767692064316485,-6.7031030807839045,1.9648677760645414,1.5044933063681896,10.18,0.125,1.120175,25.49987,1.869436,gaia_vari_cepheid,26.0
3398383973788673024,-9.350492740021709,-0.18596422402116397,-0.10688341834458434,9.352341801592502,-3.1217071014291755,19.18883469483117,-2.823541910481538,1.0235450736881544,0.2690670568055453,1.22,0.029,0.9733898,-1.478,1.0,veloce_dr1_vgamma,44.0
3423304890166708864,-12.799976699696565,-0.7494583870117972,-0.00506216338386573,12.821898899407891,-3.0831078836481383,8.108777897045407,15.029809000808143,4.658995021795875,0.7666333787952654,4.71,0.113,0.99634993,16.990482,4.514152,gaia_source_rvs,15.0
3398068005932146816,-16.45939546343536,-1.429088064715261,-0.8022892632983795,16.521319309258207,-3.0549847875706844,17.286817780836746,-9.315015079668512,4.729905061611653,1.465967279785122,8.47,0.111,1.0426633,17.160627,4.760707,gaia_source_rvs,28.0
3398143803515552768,-14.500320051383309,-1.1473567872624084,-0.46128054534173374,14.545642274916084,-3.0626308641072666,20.429541397176703,6.491310491473371,1.7747953183403207,0.5694915021212209,6.47,0.126,1.1800054,11.065771,1.6985499,gaia_source_rvs,17.0
3373097817690243840,-12.42659707132698,-0.919184731480376,0.48068527509439,12.46054635012843,-3.067757975544189,-11.558340222370306,-8.462203980041494,0.5294546039595175,0.5050954749903777,4.4,0.049,0.86827624,42.29537,0.43028542,gaia_vari_cepheid,12.0
3349598097407475200,-12.741598108282327,-0.989981315931411,-0.34270505982079263,12.7799994271861,-3.064051642764446,5.766301414841135,17.71545948819852,3.0389205507958,0.7328854836943212,4.71,0.109,1.326943,22.619473,3.0365167,gaia_source_rvs,12.0
3339415417140734208,-11.466254959297654,-0.7169662748094539,-0.768321747507562,11.488648459711534,-3.0791455803668164,-17.971373103709535,4.178863988732331,0.4182786785182443,0.28068755142192153,3.48,0.035,1.0861001,41.687595,0.43927744,gaia_vari_cepheid,34.0
3346584610911570176,-9.307245831344652,-0.2697952875822678,-0.16179702128535475,9.311155377410689,-3.1126131077305006,20.29661750516066,0.5812431226969181,0.9422319253774456,0.2731543029339383,1.2,0.04,1.351235,0.62,1.0,veloce_dr1_vgamma,17.0
3349047375222899456,-13.373013680068013,-1.2300393018408724,-0.20429043760664783,13.429463562308042,-3.0498715165007755,12.076096151752775,4.5927124047773304,3.923802415228444,0.7354149497008967,5.37,0.111,0.97358835,22.22112,3.7569735,gaia_source_rvs,11.0
3378049163365268608,-11.130583450160536,-0.7029464037959557,0.4179046400235851,11.15275847436845,-3.078521919511796,-17.824183418345203,-4.094694606157304,1.0719714129596059,0.34089238872519134,3.09,0.063,0.96904093,45.0,1.0,melnik2015_hrv,
3370309426139897728,-14.063737832213636,-1.4077603292294991,0.11637721823605068,14.134019632000992,-3.0418263880428875,20.58886640376668,-2.1324224770023363,4.282904193908311,0.9338171249904987,6.08,0.112,1.1150918,17.161915,3.995976,gaia_source_rvs,10.0
3349130530085488896,-13.768353923934537,-1.3463720652179199,-0.16701259085898418,13.834026438919464,-3.0441151323550364,-12.117596606082108,2.813005715423003,2.1624468533993664,0.47796000404957356,5.78,0.119,1.0931342,48.3125,1.941831,gaia_vari_cepheid,13.0
3345362400659173888,-15.729077483383945,-1.969462570208648,-0.5433839171184027,15.851897719003508,-3.017029344143991,27.884910481025994,-10.582036306605005,3.1201069428058252,1.4643976913251735,7.85,0.124,1.0964797,17.134167,2.9313366,gaia_source_rvs,16.0
3369634184264255744,-11.118027881783306,-0.7785313815785304,0.10342019480079284,11.145252580906973,-3.071682536560309,-2.291214212115713,-21.644237656326254,4.282281899696282,1.5474767954127702,3.07,0.108,1.1970264,36.301186,4.308488,gaia_source_rvs,11.0
3343490138515385472,-15.417641107074655,-2.000487630193059,-0.6904274424893915,15.546884191538625,-3.0125603964088423,18.55595975979942,-6.770934174236686,3.462337926918774,1.128659368320904,7.57,0.111,0.99979645,27.636463,3.359432,gaia_source_rvs,13.0
3345200802510707968,-13.856628327284456,-1.5902993788512103,-0.2594902617275306,13.947587630657733,-3.027324472280607,15.426672749150427,10.537068168242826,2.0599054767985354,0.6172342400491848,5.93,0.11,1.0501865,23.746244,1.9304988,gaia_source_rvs,11.0
3344381567567275392,-12.033141508248736,-1.1398566818925584,-0.15078294458557784,12.087008224237865,-3.0471480257382795,3.225606961512667,-5.593320471770625,3.281612631692858,0.8218844296210258,4.05,0.067,1.3367493,34.56005,3.096447,gaia_vari_cepheid,15.0
3344577418076306944,-14.794176723098449,-1.9607419346153891,-0.18233523942509572,14.923544279038651,-3.0098258759574597,33.34660303332078,-1.6259810640046624,3.38622320349817,1.335194475600015,6.93,0.119,1.0320206,12.378718,3.2052493,gaia_source_rvs,12.0
3368698813404804352,-9.836816811812778,-0.5020983482401158,0.01733347758218123,9.849622720717173,-3.090594145785019,-19.399210067472875,1.6279230916031224,2.260607555010799,0.6092461196015743,1.76,0.053,1.1191013,43.986893,2.2200954,gaia_vari_cepheid,13.0
3356448329725755392,-13.109585151512299,-1.5565737501173489,0.1454102464533336,13.201672041234252,-3.023410417794993,-4.335919671955359,-16.268524129519903,4.627102954501233,1.3434740944235426,5.2,0.129,1.1306528,49.23977,4.767113,gaia_source_rvs,11.0
3356940155020790656,-9.15003484340484,-0.31387850337584416,0.06800508223467003,9.155416831057126,-3.1073025685121225,19.13239490141462,3.188976338445599,1.0389404375449371,0.4468720709898435,1.05,0.103,1.2251205,1.66,1.0,veloce_dr1_vgamma,102.0
3356421357331206016,-12.311588773675515,-1.3295192609784547,0.10768594380954905,12.383167591428522,-3.034020267419999,-15.479755930174818,12.055738487360173,3.916315909406537,1.1129895059957267,4.37,0.111,1.0605593,52.085403,3.8938427,gaia_source_rvs,10.0
3330404094719897984,-14.744556737110779,-2.1251720230060682,-0.39329924388584786,14.896922819872787,-2.9984458266461136,26.14255424857623,2.387909171027303,3.36788872450868,0.7848629182979385,6.94,0.111,1.2107877,21.497658,3.2028534,gaia_source_rvs,12.0
3330259852538068608,-12.351336952455632,-1.3619002728279999,-0.3392895950826543,12.42619398151441,-3.03177289403487,-16.12844623385626,0.5331430961973069,4.9911350943769435,1.1122588018588915,4.43,0.067,1.3305522,54.557194,4.9686184,gaia_source_rvs,10.0
3356119713188276096,-11.53031652631562,-1.103146929742337,0.179035260794711,11.582967337674187,-3.0462093715894096,27.182155955500896,-32.67700317796306,1.052345740609439,0.7455883126758305,3.56,0.037,1.1179364,16.0,1.0,melnik2015_hrv,
3329807983320140160,-16.71134234124277,-2.8389336107842436,-0.8474018072643593,16.9507671476147,-2.9733185015449672,6.7467582532044625,-2.2163589421290055,2.656384747433115,0.812090588385407,9.06,0.076,1.1247758,46.993843,2.5173085,gaia_source_rvs,14.0
3355398399202605696,-11.439446080266386,-1.157585347405482,0.1456015317320759,11.497866343798307,-3.040743517195749,-27.822328040699837,-6.803429086506014,1.4693751497452476,0.39588231116130634,3.49,0.121,1.0609193,65.557,1.0,veloce_dr1_vgamma,13.0
3329873163744496000,-16.086157009382255,-2.7987284749396757,-0.6411076010221792,16.327808438579137,-2.969333296320066,-4.137191843915996,-6.392773642030704,3.9635764806077938,1.0303372486550284,8.44,0.112,1.118215,60.239162,4.006341,gaia_source_rvs,11.0
3329849043206545920,-10.54275501466114,-0.859802575622215,-0.18931809381668294,10.577757029172545,-3.060218861546181,-10.100266622351317,-6.602056782808745,1.1756772818331007,0.32282634596211,2.55,0.059,0.8695072,45.358,1.0,veloce_dr1_vgamma,39.0
3331144684519753984,-13.023095973266223,-1.7834399895282538,0.0969294909995016,13.144644800265675,-3.0054948281601632,13.484150823651653,2.8444690501734726,2.9719778371056718,0.7822090458040312,5.19,0.096,1.2896392,32.339596,3.048853,gaia_vari_cepheid,13.0
3323116733511428224,-10.686899180368103,-0.9318396076640927,-0.38012686386374267,10.727447932558983,-3.054618055296629,18.46499534861391,-1.0595360547139308,1.3605590996148529,0.40706593600795216,2.73,0.064,1.0260613,18.475971,1.336982,gaia_vari_cepheid,15.0
3330987346981211392,-12.000160941291227,-1.4381222707158634,0.017778849570654284,12.086027398712138,-3.0223195711126207,-0.4502435299550526,-4.570667612949791,2.553040264132961,0.645245356198095,4.11,0.138,1.1896526,43.615696,2.5017045,gaia_source_rvs,10.0
3351921532976862336,-11.984221451989011,-1.4922648775278833,0.22062127065021742,12.076771848263794,-3.017711155037949,-27.88119701681074,1.5819615686342559,1.2635860202724891,0.7515751012742388,4.12,0.108,1.2463943,69.310295,1.0563715,gaia_vari_cepheid,10.0
3327521243952378368,-12.650757781097496,-1.7527247301280173,0.009825623197876495,12.771598036878595,-3.003922049290506,20.207709711165393,11.0583972217552,3.1029430415403283,0.8469350217192642,4.83,0.108,1.0928196,24.230146,2.8591146,gaia_source_rvs,11.0
3325700933733092096,-13.070717825769528,-1.9697143171877352,-0.31519194533092826,13.218299397888657,-2.992021386011691,-0.22224555088066358,-3.9807225405253632,3.6799306493163857,0.9347867592368929,5.31,0.111,1.1667001,51.518127,3.782135,gaia_source_rvs,8.0
3327281790934522752,-12.443141038400995,-1.7337201637910093,-0.0007034983567278984,12.563341295526223,-3.0031525272571646,-7.866870386275202,12.88697603715994,4.65013605848733,1.4968118706737414,4.63,0.111,1.1637746,51.08516,4.596328,gaia_vari_cepheid,9.0
3325250580641840896,-13.763600433898098,-2.304140908429731,-0.37503121669277373,13.955133902256161,-2.975722476857151,-21.72363703556719,-8.803617367910903,4.549928016715953,1.0590551418070202,6.08,0.109,0.9937001,76.85415,4.660524,gaia_source_rvs,12.0
3325594070648057344,-13.185000131663806,-2.07926585485714,-0.16155834541990244,13.347942724148519,-2.985181423611823,9.308227118833363,-1.4143184495673893,3.7128242365036335,0.942053487268203,5.45,0.121,1.1555218,41.7261,3.5592573,gaia_source_rvs,13.0
3326443821335586816,-13.463008285701108,-2.2245415235268062,0.03613080327572681,13.645555213722586,-2.9778386202189524,-2.6232783886365993,8.928337860737258,2.3625659155237577,1.3591438584718425,5.76,0.211,1.0941993,53.055,1.0,veloce_dr1_vgamma,39.0
3324693536266289536,-12.541134502048262,-1.9115418480114417,-0.08410608145879028,12.685978355458609,-2.990335077843573,1.34021767221194,13.041567361522851,2.2488561955648887,0.7711502343241449,4.79,0.068,1.1047719,44.6138,2.1677928,gaia_source_rvs,10.0
3324153371114695680,-10.45214672932378,-1.0124050365449866,-0.154337210498725,10.50106352753546,-3.0450329110587977,15.155148383729747,-18.280159328567322,2.0615107256968868,1.5976077476185762,2.52,0.167,1.0061362,28.048,1.0,veloce_dr1_vgamma,92.0
3134229741190203520,-11.055304247523571,-1.3388146253818136,0.08779121878645893,11.136075458008039,-3.0210779436778847,-22.198780009090303,-6.487117484939574,2.661736222225253,0.8954556037806806,3.2,0.081,1.0713611,64.87846,2.593244,gaia_source_rvs,12.0
3132210870342377344,-11.843349847864873,-1.7079006308278761,-0.07893120302064854,11.965862283333498,-2.9983724372210485,6.222492417348073,-1.949666624194549,1.6916807486037038,0.40799188488858185,4.07,0.113,1.0423708,42.382,1.0,veloce_dr1_vgamma,44.0
3133819112256378368,-10.009552910763478,-0.862146413758727,0.040991284680551306,10.046613653969713,-3.055672349675461,-15.538234967217795,9.34009624003076,0.9588059914018451,0.5064857872575105,2.05,0.043,1.166144,45.4,1.0,melnik2015_hrv,
3158082031047116288,-11.695835908703115,-1.6548895510908546,0.4659075600076827,11.812334105908914,-3.0010318216090126,-0.9984815158963638,-0.08910487713930593,3.834757616045294,1.2148324368674592,3.94,0.13,0.99742156,46.029415,3.8792477,gaia_source_rvs,12.0
3157950918582624256,-10.651978851051712,-1.1760233719491409,0.29783811080478995,10.71670119088069,-3.031633761102806,5.2893557184904605,-3.1632708197512045,1.8567345412328755,0.6692953254206693,2.78,0.036,0.9314776,34.9,2.0,melnik2015_hrv,
3131943689016744320,-13.292293670757603,-2.48172631544838,-0.038445562509331295,13.521983454155372,-2.9570136409370136,21.822729051912685,-6.406109651531011,3.2334892185515427,1.004628572364557,5.71,0.111,1.0019597,37.729336,2.9302952,gaia_source_rvs,12.0
3157125975624005632,-10.494944534755394,-1.1522625301918736,0.20022412999861477,10.558009742658712,-3.032238496008474,2.23599954366245,3.5598654648403567,1.210546275303759,0.5174591100442136,2.62,0.092,0.75715435,36.402508,0.97164977,gaia_vari_cepheid,12.0
3123235728721116928,-18.028477513591838,-4.882757041829196,-1.560140130555418,18.677990196689233,-2.8771019775080124,6.4558192829884975,-9.511512899521591,3.2714731557316705,0.9561224556832784,11.13,0.131,0.93295646,70.63645,2.7033985,gaia_source_rvs,11.0
3127739019113627392,-12.82457769808892,-2.49724431109053,0.05107241296931577,13.065451476454754,-2.949275937313815,4.197887818234881,-4.005752875216473,4.766144847429476,1.5275517859696652,5.3,0.135,1.2695215,55.6,5.0,melnik2015_hrv,
3130157223136461312,-13.183424795902283,-2.711746192509307,-0.16610631998325734,13.459430031089722,-2.938728514343603,1.7022893355527697,8.360612144510043,4.022885404744897,1.6630270654980137,5.72,0.143,1.1172702,56.810196,3.8773313,gaia_source_rvs,9.0
3127142323596470144,-9.791582756062954,-0.8937615733507261,-0.051860369620863135,9.832288778246282,-3.050566338031772,18.27822576185747,-2.045544943370629,1.3174901349407544,0.4795478994213286,1.87,0.11,1.0995879,18.9,1.0,melnik2015_hrv,
3127657036771783808,-11.779138317594695,-1.9907580203007726,0.0818158322663769,11.946180017077403,-2.9741676646054716,7.202449550254795,-7.338529468190018,1.1275485182063851,0.28582541865234706,4.14,0.089,0.97411484,48.031345,0.30800462,gaia_vari_cepheid,14.0
3123434705965998464,-10.265499726284958,-1.178546925608204,-0.19594527846341692,10.332930730737388,-3.027286525453514,6.894025748041297,-1.0623695633979366,2.6008038723744797,1.0964742738791888,2.43,0.077,1.028809,35.12031,2.8594112,gaia_source_rvs,9.0
3127416965285738880,-10.420592584876923,-1.2665501920353712,0.021358653571651755,10.497280562552225,-3.0206428999616635,-23.848501202420778,-7.9195163754750695,0.9042451063439485,0.4536722470395168,2.6,0.045,1.0570765,66.720146,0.92196614,gaia_source_rvs,8.0
3121755094578376832,-12.346623465687928,-2.3633693465273615,-0.564869391449561,12.570784608431605,-2.95246220618357,-16.872491053657413,15.420916047041601,2.7556871720531984,1.6268553369319836,4.85,0.094,1.0670859,69.04451,2.750179,gaia_source_rvs,13.0
3128293447849074048,-10.712664573834626,-1.4513870230100117,0.17495937482517243,10.810536830428601,-3.0069293180535492,6.705265300304276,-4.592740684146918,2.168381664234965,0.8485464078646061,2.95,0.056,0.99950415,39.873814,2.3534093,gaia_vari_cepheid,10.0
3127375974118711040,-11.949946324816958,-2.15532033881401,0.11453238741064811,12.142760103407777,-2.9631487643239494,-19.301939034256527,-33.90641341507637,4.022609613873055,1.5639225703489392,4.37,0.109,1.1092873,83.80557,4.1239843,gaia_source_rvs,8.0
3127239222359293184,-10.234434096357683,-1.1894250334680838,0.0253708578932707,10.303318551948651,-3.0258937326557573,6.588706397394144,-21.829988423748432,1.9144137344240946,0.8285002450749397,2.4,0.033,0.98548895,42.80036,1.8187438,gaia_vari_cepheid,16.0
3126452998526263040,-13.031238606781493,-2.845197871457466,0.03449342052170155,13.338228163988594,-2.926629396631165,-12.172484940694472,-4.199220661053062,2.2434678427514823,0.9914696926179118,5.65,0.075,1.2564379,76.10066,2.172044,gaia_source_rvs,9.0
3120460870609927808,-13.064144354629589,-2.9057903211150995,-0.3493938319482098,13.383403345520389,-2.922730625644657,-12.804208276002885,-1.260142610385003,3.1072650211309534,1.3859420174176444,5.72,0.109,0.9374781,76.270645,3.0130138,gaia_source_rvs,12.0
3126331060113010560,-12.889525542469169,-2.8065455827635497,0.14791465042885543,13.191533906945573,-2.9272004936960183,0.7427114146119664,1.200700366042554,2.647991863807773,1.0611345928853044,5.51,0.067,1.3607802,62.221493,2.5731273,gaia_source_rvs,14.0
3120059651944988544,-14.021194338361285,-3.494564167918328,-0.48396555101813243,14.450116587688601,-2.897334670788658,2.7662107906992772,9.291009662266788,5.178364916051035,2.286921767509114,6.85,0.159,1.1875241,63.8,5.0,melnik2015_hrv,
3125834802411655552,-13.293450707269189,-3.0867080268919787,-0.12537890542462857,13.647109516299599,-2.913438034017492,0.7438508807095423,10.433943667645877,3.5180542245076034,2.23778173389138,6.0,0.178,1.2778313,61.95188,2.9970443,gaia_source_rvs,9.0
3119540682458435072,-11.597253295867885,-2.1182406086942565,-0.17335369099292536,11.789114779526066,-2.9609338803987573,-0.4760675353291659,-1.009765854215999,1.0154627829825582,0.5276132078423482,4.05,0.036,0.998317,56.361385,1.0823268,gaia_source_rvs,13.0
3117307814859500416,-14.629618760360351,-4.131685038121151,-0.7307712924100145,15.201860620585945,-2.866342050964575,0.6123827647817948,-6.809956093305118,2.5970306900583857,1.1865734911599812,7.72,0.129,1.2884128,77.01034,2.1041331,gaia_vari_cepheid,13.0
3113441691460573312,-13.612238742950067,-3.5232910157745136,-0.013156345261086798,14.0608187235633,-2.8883183952177407,-14.573041209903604,7.181940603095143,1.354178829855367,1.3650224270444127,6.5,0.08,1.1167597,82.823,1.0,veloce_dr1_vgamma,40.0
3113680251125330304,-11.840845580855667,-2.429871260242878,0.10434764927959089,12.087592746739258,-2.9391916154741966,1.899356716849307,-5.39680709033334,3.1535052920008777,1.3707108365656542,4.42,0.203,1.0368867,59.5,2.0,melnik2015_hrv,
3106642552072285952,-12.23395455898746,-2.7348936103037547,-0.3773275619699095,12.535919878933909,-2.921659309544761,0.02756451062542534,-8.455476085022354,4.269104113655456,1.7045366153645927,4.93,0.079,1.3406949,67.04031,4.6163926,gaia_vari_cepheid,12.0
3112475495616980992,-11.506031510851201,-2.265123470686456,0.09907192035172173,11.726872791420373,-2.94721428183342,9.217317597292674,-14.015958529812195,1.7671772681392393,0.4878096801563311,4.05,0.12,1.2360628,54.171,1.0,veloce_dr1_vgamma,43.0
3104095494729372032,-16.596709753158684,-5.889994823778989,-0.8129888334357699,17.610872029934686,-2.8005687617297306,-12.624411197229719,-14.596396926815771,3.374506487661728,1.4907451237976979,10.33,0.123,1.1441894,106.349106,3.5234416,gaia_source_rvs,12.0
3111232222844668800,-11.153602689418637,-2.095363813139318,0.2436390903598414,11.348718097777406,-2.955892794829907,-2.7714164501013903,-1.827841249035572,2.709923285179464,1.2760558421292418,3.67,0.034,1.2363161,57.958996,3.1187286,gaia_source_rvs,13.0
3112550812164329856,-9.686722828331312,-1.0813087027193307,0.06590475575295102,9.746888101516891,-3.0304249569327113,-23.116649893434378,10.32429978115232,0.8818479314319294,0.7138920972520849,1.88,0.039,1.2068065,53.096,1.0,veloce_dr1_vgamma,71.0
3106015688704277504,-10.41128607579586,-1.5993769508160214,-0.03284396287267043,10.533417507288997,-2.989164709479725,3.0126356116521116,-6.483178631109354,0.9802649813356752,0.49522887874571453,2.77,0.041,1.1610919,47.899,1.0,veloce_dr1_vgamma,30.0
3112024798930085120,-13.868105003402288,-4.071691715971076,0.07607277457432236,14.453477429854003,-2.856016643788074,-20.277036011689926,-17.749386051030797,3.11606386970449,1.4168088159973544,7.02,0.112,1.1520436,102.47686,2.8356678,gaia_source_rvs,15.0
3105860283909081728,-12.365474372231395,-3.0087639193767255,-0.09196716431349006,12.726256982037357,-2.902911115721005,6.684606057041606,-10.536333131952034,2.6478553257291932,1.050667047851867,5.18,0.057,0.855873,64.89668,2.594617,gaia_vari_cepheid,8.0
3108952930940276992,-10.906120435686422,-2.007093157072933,0.0643810075144923,11.08926895240917,-2.959595419244384,10.740356125713122,-31.210613014034152,2.6733433450223223,1.2653582687265632,3.41,0.041,0.8712301,57.241394,2.706506,gaia_source_rvs,11.0
3102810199992768512,-12.785000939482309,-3.3837474751659804,-0.11533919798419229,13.225203060756975,-2.882859587135608,1.1073519829681944,15.845883807798998,4.741622656702926,2.5628301181882436,5.74,0.108,1.2021749,64.062935,4.902671,gaia_source_rvs,11.0
3102246837723495296,-11.877987135288517,-2.7685532187697683,-0.23885866456990326,12.196370989406642,-2.9125984332487302,-17.93525628809279,3.8203593515746093,3.1251749625428924,3.3873587413334816,4.65,0.185,1.173747,78.79689,2.3428733,gaia_vari_cepheid,10.0
3102535635624415872,-11.69441341869823,-2.673905335572114,-0.02533209530783934,11.996210858059735,-2.916808627715734,-7.914888976820472,-2.4519020338085227,1.6206553958466898,0.9934994732935705,4.44,0.072,1.162529,71.20322,1.655313,gaia_vari_cepheid,13.0
3102472306328682240,-11.08205383396316,-2.240035159144042,-0.03180841405474195,11.30617860698561,-2.942148157522933,2.1575265547883116,0.2986873443288971,3.0972159665915973,1.7112246712001409,3.69,0.075,1.2929585,55.210423,3.106495,gaia_source_rvs,10.0
3101827825013516288,-13.831387840157934,-4.373289206851908,0.0765818934228569,14.50630718245123,-2.8353533847009813,7.789838618609553,2.549090528266305,4.724123179668855,2.2523772607137813,7.17,0.111,1.1459037,73.116615,4.5741663,gaia_source_rvs,11.0
3101752439748121216,-12.782118862098413,-3.6372671428469814,0.08195512486847512,13.289555104413626,-2.864361401426691,-24.656099382464596,-29.97772985138434,4.08178072749025,1.7286479043026184,5.89,0.108,1.0574843,108.24933,4.043483,gaia_source_rvs,9.0
3099211640177654656,-11.216847247707323,-2.5442614177132565,-0.19765121086932697,11.501779355389479,-2.91854182690437,13.619637536672405,-10.701989859987634,2.61547304014326,1.300981307406443,3.99,0.069,1.181046,54.526123,2.791173,gaia_source_rvs,12.0
3050543819559526912,-16.493424257503037,-7.21503632666197,-0.8032592326067454,18.00249407535082,-2.729224796515675,9.746915382855672,14.215345293075615,2.7851636047916517,3.0811082788516724,11.06,0.131,1.1059922,87.97799,2.1760194,gaia_source_rvs,19.0
3002240006005238528,-14.45641210856936,-5.457750590560957,-1.0762584762228968,15.452342623743473,-2.78060445694321,5.740045041217628,0.7249528805028262,3.414063210018481,2.151465705703583,8.41,0.11,1.0533363,86.38038,3.2381232,gaia_source_rvs,29.0
3050900542361354112,-12.871967142319985,-4.089248086150725,-0.20320761950122646,13.505905672077407,-2.8339898677081323,7.718628057135228,4.504784205512408,3.1812668750461235,2.1340906273083906,6.25,0.113,1.0303563,70.44542,2.8591883,gaia_source_rvs,10.0
3050824676059815168,-13.727405216450546,-4.902159439844809,-0.2519163484180377,14.576447480449179,-2.798600065720062,4.3956087691166275,-5.438283104525965,4.126898018575233,2.685722607058559,7.43,0.168,1.1310362,84.772575,3.4022233,gaia_source_rvs,13.0
3052092481686246016,-12.323801695004075,-3.687056769725463,0.10487955463572529,12.863532790060578,-2.850886700355764,-15.743744317901074,2.813379369744439,1.7046200907010784,1.9977253543280689,5.57,0.092,1.3941098,88.41401,1.5992174,gaia_vari_cepheid,15.0
3051692843568009600,-13.29053815506841,-4.572658305429267,-0.0011646948499521347,14.055163052399658,-2.810225031415833,-2.379591581667832,-5.6976158329563305,3.147669747100866,2.9190176635807115,6.88,0.193,1.3908494,88.7,2.0,melnik2015_hrv,
3050050207554658048,-10.274567993638051,-1.8974873131567342,-0.08530116269742158,10.448311134316503,-2.9589721887948506,-15.47297257965751,9.391298873602523,0.9382263453555862,0.9916245442901065,2.85,0.049,1.379062,60.494,1.0,veloce_dr1_vgamma,61.0
3050117174686674560,-15.839624630849535,-6.935607006548339,-0.8424976097243799,17.29151100961098,-2.728876434476446,12.069026089098235,3.174253460506975,2.513077860389872,2.2309420033168244,10.39,0.118,1.0764494,89.74157,1.9720303,gaia_source_rvs,15.0
3050091885919345024,-11.756032951145476,-3.2628221005267393,-0.4005848571504966,12.200422894641969,-2.870862398371952,-3.5099360051459723,-10.40109163714638,2.0638560809430215,1.6607857667991457,4.88,0.111,1.3491721,78.66355,1.3838949,gaia_source_rvs,11.0
2953155500537706752,-13.852042630189578,-5.319269300346498,-0.7022872490112322,14.838251612578826,-2.7749496694174116,9.219866174439353,-7.1045666217821974,2.1539848778605544,1.7058955244921021,7.83,0.112,1.08289,84.74966,1.2978504,gaia_vari_cepheid,15.0
3049261303661303552,-12.779763874070316,-4.320815401690343,-0.4617510575382742,13.490434033509715,-2.8155598498719865,-8.959149312224596,-6.014159174483211,2.5971099698459117,1.6568734758187407,6.35,0.066,1.3416518,92.774956,2.732158,gaia_source_rvs,15.0
2952531635068093952,-12.973412584055371,-4.533056580122425,-0.8936502558133504,13.742562935446847,-2.805442410634088,-34.13481575597498,2.626994273536411,1.3905106425901625,3.3121478259016666,6.68,0.123,0.9990458,112.37017,0.7543566,gaia_vari_cepheid,18.0
3049542336261877760,-12.902646989728986,-4.5013361954933915,-0.22428556517504922,13.665296443415393,-2.8059255790867894,-10.18963649390545,-6.025241375241052,3.274730419255361,2.6280732265424613,6.55,0.111,1.1047298,95.784676,3.2586877,gaia_source_rvs,14.0
3049028207194964224,-12.122681444922868,-3.7642839563444337,-0.428151574353944,12.693669253571613,-2.840516487557999,2.510570534184015,-9.702673937399595,4.422926563363388,2.4790152572396256,5.49,0.107,1.0471436,78.44326,4.7768083,gaia_source_rvs,11.0
3054600330268450560,-10.458720296077464,-2.2061553505273017,0.21209282329929297,10.688870457735135,-2.9337009836255414,-8.49963808379592,-23.17433304555209,0.4121923823109826,0.29188368371138673,3.2,0.031,1.0083741,74.19202,0.17809662,gaia_vari_cepheid,29.0
2952714394517032320,-13.497874279121312,-5.2351634838857315,-0.7318494030813348,14.477553203424096,-2.7716032605829932,10.001555926871513,-4.467404225080031,1.8883113176384485,1.3704137003656176,7.52,0.075,1.0875825,84.13091,1.6459893,gaia_vari_cepheid,13.0
3047753667061711104,-10.318081405351313,-2.138982986163808,0.16879959428597743,10.53745947098041,-2.9371836631618216,-28.135556620501575,-18.355400339194375,2.40882597986871,2.012025222823355,3.05,0.093,1.2060782,87.94427,2.4899597,gaia_source_rvs,19.0
3045720399486222720,-13.101875425829054,-5.020881997855213,-0.3310343236846724,14.030979855674008,-2.775636199456825,-8.600928541605365,5.420775612012534,2.643440648416999,3.7665045730572717,7.06,0.151,1.131042,95.01402,2.400936,gaia_vari_cepheid,15.0
3045301790490616960,-10.098720441639662,-2.0089168833045963,-0.07656316667312729,10.296596602878886,-2.9452282062820867,-11.96233235466453,-11.763638250815632,0.9725301884112594,0.7944948428168477,2.8,0.038,1.2596873,69.07755,1.1371568,gaia_vari_cepheid,10.0
2948956087674963968,-12.84066594599609,-4.855283694591389,-0.7211056825828659,13.727945282948525,-2.7800914205740526,15.411547520058427,1.5202021580433893,2.5166181007428685,2.0342400527970725,6.79,0.104,1.1912813,72.198395,2.3636477,gaia_source_rvs,22.0
3046774762417915136,-9.073732017900715,-0.9568519303134027,0.012579122887828736,9.124043969053474,-3.036527993134136,-5.303986133507932,-1.8403757825313107,1.5569013843550084,1.3289499467770463,1.33,0.043,1.289625,39.401543,2.0493536,gaia_vari_cepheid,29.0
3044920809710753536,-12.349459960833912,-4.350946906147371,-0.18497695472580428,13.093506035602278,-2.8028535840801805,-3.143244837768379,5.737621689227694,1.5927029271704325,2.013659442604276,6.05,0.088,1.0131688,82.77772,1.3066084,gaia_source_rvs,13.0
2949440564287527552,-12.31052534574166,-4.310410842489979,-0.4745747586992887,13.043338373254102,-2.804792864933652,0.12416706154277896,-0.004929215012509758,2.2200817294023723,1.5451854187918548,6.01,0.054,1.2427129,81.94731,2.521159,gaia_source_rvs,14.0
3044755371873445248,-13.340817246398476,-5.469247514170568,-0.37558880421144875,14.418393571166794,-2.75252670985545,-0.5041396843673757,-0.21437987021670324,1.3075644911771045,1.7879538210673256,7.55,0.072,1.3595319,93.82666,0.6865633,gaia_vari_cepheid,14.0
2948568273607650560,-14.323064267267675,-6.510900963896389,-0.7026124756818409,15.733467556961086,-2.7149410201773474,27.044320971732414,-1.3842171457553434,3.028423992050487,2.3311042527305696,9.0,0.129,1.0289932,77.44343,2.3172042,gaia_source_rvs,12.0
3033127521015342464,-12.59971982234717,-4.765395763900446,-0.03165104539282466,13.470780838104691,-2.7800068414297763,-2.409864687257599,-0.9382115701536407,0.8614985885812682,1.0976900544570996,6.52,0.045,1.2217183,89.40119,0.63955903,gaia_vari_cepheid,37.0
3044465577537521792,-15.37559008361529,-7.790638925504778,-0.5480036197313399,17.23667094560197,-2.67260835266446,38.94071012087028,-9.776999754481324,3.364176359905618,1.825943332563666,10.64,0.112,1.0309087,77.29949,2.9649286,gaia_source_rvs,36.0
3044483895581000192,-9.914638720275335,-1.9064737074836693,-0.10127846150624792,10.096271735195595,-2.9516226109762145,22.91246690590344,-12.7228957456596,1.6963531104362315,1.2080784312502062,2.6,0.037,1.1947569,39.761032,2.0967255,gaia_vari_cepheid,17.0
2940212053953709312,-22.649472134788073,-15.7840730559753,-4.957189972088745,27.60680260770716,-2.532960482850061,30.929790736003948,-60.81031769639168,2.352457029118443,1.4929515145608787,22.0,0.116,1.155965,126.71395,1.7920841,gaia_vari_cepheid,45.0
3032364185065814272,-13.677127623654062,-6.1412999694954,-0.3525145272351214,14.992644374794102,-2.7195542309264917,-1.8105047605333542,-10.366590331960339,2.1845872732871756,1.9073498263685325,8.27,0.081,1.0865059,104.80336,2.0542405,gaia_source_rvs,21.0
2936274153063501824,-10.0229558502602,-2.089528540375095,-0.14282366689486425,10.238445853610168,-2.9360621810976615,-0.15337115426847503,-7.683087857359908,0.8587101928897092,0.7361448626349129,2.81,0.047,1.1072392,58.36256,0.9590107,gaia_source_rvs,18.0
2936165984303583360,-15.022846259964709,-7.671156762701578,-0.7858360217357155,16.868092833171087,-2.6694750999368018,2.651929590753042,-9.930131813472059,2.727113066514547,2.5964735383287127,10.33,0.115,1.0891571,110.53614,2.3392518,gaia_source_rvs,25.0
2936063665309240576,-14.454379743103843,-7.144906218269892,-0.4599973546351817,16.123857436287462,-2.682509522581907,2.941366055954015,0.02778997284463003,3.1588521727365664,2.8699100211475357,9.54,0.112,1.0245713,103.55139,2.9198172,gaia_source_rvs,25.0
3032164280111730048,-10.091423554388502,-2.205607517046306,-0.09330717237547737,10.329643453349115,-2.926413826911514,8.22147284264652,-18.50233598535209,0.9392147878785835,0.598759779856385,2.94,0.053,1.0889169,59.569782,0.84811974,gaia_vari_cepheid,22.0
2936037173951564288,-13.22101198893181,-5.807310432187569,-0.39244990948029707,14.440222036633413,-2.7277155138988283,-1.7111703419635957,-9.143660972632148,4.108382520471535,5.037308461166463,7.72,0.216,1.0842018,101.50842,2.9191997,gaia_source_rvs,26.0
3031875585286182144,-9.988788927573086,-2.124829430920275,0.012453011768411012,10.212286930463307,-2.931995410348311,-23.914716639213403,6.094731918075837,0.5282631696064494,1.090151096033818,2.81,0.045,1.1487715,68.56735,0.63084245,gaia_vari_cepheid,14.0
3039967784706458880,-11.944739449792642,-4.39730465923167,0.6131595735382731,12.728436227185695,-2.788852090488271,-14.077040883618656,-0.9608606170366158,3.060042917982387,3.2799280724103945,5.84,0.107,0.96594,95.23907,3.054117,gaia_vari_cepheid,20.0
3031419601502352768,-10.373696204986626,-2.5970335309374675,-0.07806897458880296,10.693837296039595,-2.896286539276128,-5.41876311425623,-4.2631583705975515,3.594092612043335,2.6717446384688066,3.42,0.057,1.0312276,67.04117,4.428226,gaia_source_rvs,21.0
2935212334069317248,-13.911241266727973,-6.7720662913213685,-0.3909792916980717,15.47202363736452,-2.688556395727976,3.288489147386969,-11.871315302879168,3.7869609616499567,2.9867980392674562,8.9,0.114,1.0859419,105.54761,3.5662968,gaia_source_rvs,15.0
3031200729968921344,-11.92719538732057,-4.4798974065743,-0.04835362491470269,12.7407798262411,-2.7822929135287824,23.531445828730984,-6.260751910013283,3.1308567318605993,2.0151412434775784,5.86,0.107,1.0723246,66.262764,3.0428421,gaia_source_rvs,19.0
2935055065243490048,-12.434892479474234,-5.109606387412928,-0.386932288427101,13.443757972024633,-2.7517176799390546,-16.87254049752445,-0.3906862274743901,1.500267759635982,3.518938146677043,6.68,0.119,1.0205283,105.17861,0.4941635,gaia_vari_cepheid,18.0
2934506447605426944,-11.324989480183302,-3.8212542973442063,-0.46091785051482964,11.95229564273048,-2.8161704945139108,14.826658367826946,-13.81349645386112,0.9558134268447684,0.7193938363892939,4.99,0.038,1.2062722,69.3039,0.8745531,gaia_vari_cepheid,26.0
2934542967702668672,-10.735436820552462,-3.137990212941174,-0.33350482910899965,11.184658524272796,-2.857213073217663,-9.332934596475562,-21.684364686846152,0.8384513799668395,0.9086115948155309,4.08,0.054,1.150237,86.68194,0.59835774,gaia_source_rvs,27.0
2934712880912798464,-12.619247863514937,-5.541402497331098,-0.38891768307453783,13.782327752533446,-2.7278207341020693,-15.644921625934924,-2.4973211348340953,2.269826436733871,1.9562919773291039,7.13,0.056,1.1990076,109.044846,2.396835,gaia_source_rvs,21.0
2932737092877188352,-12.576540122700846,-5.539733057048177,-0.8291758466409292,13.742561762686627,-2.7266824625277746,15.604918378139645,7.056833737759661,4.596154048658488,3.178822802759563,7.14,0.084,1.0662609,76.095215,4.8343554,gaia_vari_cepheid,21.0
3028237786647550464,-11.36025916522713,-4.02615243709607,0.08808771068792703,12.05260933357842,-2.800997413219173,2.406512304129977,-1.929884308363853,2.149992644951978,2.8050388819196788,5.15,0.119,1.1232835,76.82921,1.7464938,gaia_source_rvs,20.0
2934255449716149760,-12.370102460237074,-5.305570687765339,-0.5251969367261434,13.459885408116895,-2.736421010194866,-0.8755297193673124,5.487093724878974,3.9089110362545414,3.745391771869047,6.8,0.113,1.1066186,89.85475,4.1065154,gaia_source_rvs,24.0
3027837358256113792,-12.188649154544976,-5.142354318987888,-0.12522901130389558,13.229020226555077,-2.742353221566889,-18.14935967904543,-3.571277268282614,3.0740818530161347,3.602618677842968,6.54,0.11,1.0397446,107.709404,3.0166998,gaia_source_rvs,22.0
3027746854704868608,-9.91020943984846,-2.2541420699773185,0.015486136883091636,10.163336441016954,-2.917941263272497,-21.202010901626437,-11.25157820695378,0.7838813659678524,2.30941915863649,2.86,0.123,1.0075736,77.48371,0.29677334,gaia_vari_cepheid,17.0
2931247014102560000,-10.230472035454426,-2.6671117734562957,-0.21864989534054902,10.572418989064149,-2.886566494054586,4.2757028706983276,2.1239552118491645,2.749564314009137,2.247956444270788,3.39,0.057,1.2118949,55.06125,3.4455998,gaia_source_rvs,25.0
2932101334643047680,-12.509355734171589,-5.620251610348232,-0.898752862249998,13.713905681740469,-2.719334430981848,8.964156935649491,9.861891382647826,1.8948086386698233,3.0010532337161506,7.17,0.112,1.0651358,80.89588,1.6047136,gaia_vari_cepheid,26.0
3027495856819349248,-11.420035647076475,-4.218878095520706,0.15886996032806805,12.174405388574911,-2.7877161689478074,-13.193102774527565,-3.307165921416498,1.9928855626443454,2.5953944095497685,5.34,0.09,1.2132269,92.889496,2.0009174,gaia_vari_cepheid,15.0
3029446630962736896,-11.613329372752801,-4.5185809143781395,0.5588202701434524,12.461420167855081,-2.770530380234097,13.81182859730637,-16.380049052410016,0.7533527794311341,0.756365938714484,5.72,0.045,0.87826747,80.00182,0.19812416,gaia_vari_cepheid,20.0
2931897169073977216,-13.500682686484335,-7.042235772133541,-1.2986051561656884,15.226999628011264,-2.6607984553726833,13.224267313702903,17.107740523373934,3.8679670063732274,3.6494916410372147,8.94,0.109,1.0371578,85.12788,3.9805741,gaia_source_rvs,33.0
2930525287803260288,-12.837948839316379,-6.321498128922201,-0.3896957564605102,14.309936023437409,-2.6840377332055767,-12.733469835769654,-14.76214500329803,4.296821141679597,3.4700576342704963,7.88,0.094,1.1673508,118.57007,4.7192497,gaia_source_rvs,32.0
2930138465868534528,-14.336636170875039,-8.375249709826662,-0.5991504978870087,16.60373284529699,-2.612882901046742,1.6171322013818386,-4.645217844588473,2.3473388495267558,3.4369138529985945,10.43,0.114,1.104521,116.231544,1.8365481,gaia_source_rvs,30.0
2930603731082999296,-11.131930400782299,-4.048368699083223,-0.1348242433353985,11.845216906902884,-2.7927903896223514,-20.397674374904724,-15.468762649292387,0.9906624070010573,1.3225464539986647,5.03,0.046,0.99217397,103.09156,1.0570407,gaia_source_rvs,21.0
3027132193338351360,-10.646936562197748,-3.4100512950301805,0.17797811991067086,11.179700711298143,-2.8316314405560727,-14.480744551446461,10.71373357565298,1.2429372157940406,1.3748792727763663,4.23,0.038,1.114552,74.32481,1.4860134,gaia_source_rvs,44.0
5718760258978008320,-11.039432769467696,-3.995647567042422,0.30477924439862,11.740284296030026,-2.794317888887758,-8.137921484424528,-12.734888308166575,1.0946123450760938,1.1890651522459892,4.94,0.041,1.1937104,89.71223,1.2286822,gaia_source_rvs,18.0
2930404204085876864,-12.841760698508113,-6.49024057044044,-0.15019672936318768,14.388677510457264,-2.6736334697435407,4.377828626818411,-9.196564017594966,2.070520724823703,2.804229936823011,8.01,0.11,1.0346358,101.94431,1.7376661,gaia_source_rvs,36.0
2929903204735986304,-12.214732646008372,-5.651539696963855,-0.5028625509606371,13.45881103812001,-2.7082423797734236,-0.1286893467886719,-3.1034598756758953,2.655213653841372,2.843476216148866,6.98,0.099,1.078841,96.647095,2.5993695,gaia_source_rvs,35.0
2928335747830554240,-14.442051751625922,-8.909695702470398,-0.9588048741457224,16.969252673799776,-2.588819513161426,-3.6059343969430295,-0.19610859050311547,3.5826399399091535,4.175397578986341,10.95,0.113,1.1510813,122.29053,3.5184762,gaia_source_rvs,23.0
5620483714972582528,-10.177556307068919,-2.877037869603721,-0.03989816003331254,10.576388763972902,-2.8660963121932124,34.58904499169258,-14.012956455268437,0.9938523783358173,0.5501458454473157,3.52,0.048,1.2546968,43.719677,0.78594226,gaia_vari_cepheid,24.0
5620438153958204544,-12.732410562817972,-6.543912082418837,-0.13165350162498607,14.315623076994793,-2.6668418561445724,-1.1300416402140503,9.102153848838384,2.8764057510300187,4.175769553468605,7.99,0.11,1.195405,98.84737,2.7859895,gaia_source_rvs,25.0
5716618479048161408,-10.526969522816106,-3.413676899759694,0.05466390090035427,11.066628994876991,-2.8280128620829212,-9.32144238922323,0.27634322842297365,0.6530291101284141,1.4691596132319131,4.16,0.058,1.1565766,75.99865,0.5885088,gaia_vari_cepheid,21.0
2928116120387181824,-13.082845827884697,-7.137513147131068,-0.7606721763528,14.90318586348801,-2.6421625542044285,10.596141428463618,-2.9677443296957904,1.2897356178352568,2.3550663448156834,8.71,0.077,1.1088215,97.060265,0.8801297,gaia_vari_cepheid,38.0
5619786177922254336,-12.131454792429516,-5.7664366784041645,-0.41475110588520697,13.43219964662549,-2.697875620850365,14.808582293784834,10.85141912873658,1.4272511056664616,1.7922481566583428,7.02,0.058,1.2902275,77.85748,1.364498,gaia_vari_cepheid,31.0
2928096226097916160,-14.757023481153716,-9.608992847184934,-0.9455376749764915,17.609727015504056,-2.5644114678275995,14.087079739461556,3.9083140478482505,4.084545782634141,4.556631334370958,11.7,0.124,1.0953743,109.17225,3.920755,gaia_source_rvs,29.0
5620362459452827904,-13.246181218399874,-7.416612428650369,-0.1454243424296125,15.181154659231316,-2.631176118493742,9.204467666258278,-6.7563556638124,2.622488164984514,3.1846550520053833,9.0,0.114,1.2962108,103.73399,2.4342644,gaia_vari_cepheid,21.0
5618221057484263680,-13.52369968978843,-7.93676373570996,-0.6896353121185989,15.680646411932909,-2.6108774547894718,19.89104352480372,-8.794403616855334,2.4084416921029037,2.8816577030324697,9.61,0.111,0.99690676,98.85012,1.8840553,gaia_source_rvs,24.0
5715479732904720896,-11.08887916270097,-4.398224662254561,0.057444001225806,11.929275806378525,-2.7639915073883627,-18.08248961856925,6.846771902122725,3.2594137229543603,4.26802169190495,5.29,0.107,1.1177659,91.46955,3.9924808,gaia_source_rvs,18.0
5620009310062726784,-12.352040140770164,-6.292681441159621,-0.21789055241206384,13.862565973120278,-2.6704178603931865,1.6863518032352909,15.144406699156775,2.0027854084312455,4.0612909125993335,7.57,0.111,1.0625497,91.02461,1.8478446,gaia_source_rvs,33.0
5715901567412202496,-9.864896615367634,-2.587697904701172,0.1926971887998355,10.19864528640381,-2.885058586022244,-26.151781146271798,-18.44855144327113,0.7519292588060533,1.9321447773183835,3.11,0.09,0.99569327,87.730774,0.8304853,gaia_vari_cepheid,8.0
5619550916791884032,-11.558758327021566,-5.185423274618551,-0.2308037851170997,12.668603261585162,-2.7198917461886376,-10.831174635133284,-9.56680740006621,2.090053073317398,5.143106212503583,6.21,0.168,1.1713067,103.417564,1.2790768,gaia_source_rvs,31.0
5619296379853773184,-12.761919192217295,-7.0913045524997855,-0.11772333500039861,14.599766495563836,-2.6344133514812826,0.5265505981956239,-0.08941595704078509,2.7398746555147584,3.6501669909452277,8.46,0.11,1.0508785,106.04071,2.6382074,gaia_source_rvs,32.0
5619192029327633664,-8.944640525623633,-1.2243661584591692,-0.02722606942679851,9.028048882378112,-3.0055554297214457,39.16464624286135,4.886035529245959,1.0180832858755033,1.1657595448969105,1.46,0.028,1.041055,5.954079,1.6094663,gaia_vari_cepheid,27.0
5617799532210968320,-11.25341640069931,-4.782287484266189,-0.4602483686297603,12.227414046710663,-2.7397532036133483,-2.486201880076977,-11.993862118760603,2.1534700642184306,3.85138062125885,5.72,0.154,1.1202086,93.39252,1.3129066,gaia_source_rvs,45.0
5611465073923671424,-13.377329637308474,-8.054720751787382,-1.2954915724495615,15.615104053911583,-2.5996178158968197,21.765610738677584,-6.9581093122544075,1.2403106515243416,1.6219658504199952,9.69,0.056,1.1478177,97.28,1.0,veloce_dr1_vgamma,20.0
5618781464810769408,-12.828924281672132,-7.246647183641263,-0.26030969816434185,14.73415059068736,-2.627406272307284,-8.20402533867365,14.049069211603609,2.7805866759582067,5.123640924055489,8.63,0.114,1.2889872,108.4404,2.9368198,gaia_source_rvs,35.0
5617745003307988608,-12.879164356678341,-7.348708404522366,-0.7323155052495737,14.828229487738295,-2.623079740750211,14.849743754062812,5.6347513842131605,2.8591631491829665,3.947927012943845,8.77,0.111,1.0686105,91.95894,2.76499,gaia_source_rvs,46.0
5619369359933924992,-12.528583221750877,-6.809366267699893,-0.47681084448788275,14.259483388679506,-2.6437485303458543,14.578863838136956,6.323850863963003,1.863189625078808,3.67730721957315,8.11,0.111,1.0245625,87.29954,1.1782123,gaia_vari_cepheid,52.0
5715241619915092224,-8.786702605356444,-0.9930008826668191,0.036430181541586636,8.842634982173289,-3.029058338347827,-12.86281631708954,-1.9481960899418027,1.1158011363880107,1.3851480413010369,1.18,0.02,1.3738594,40.748486,1.7717338,gaia_source_rvs,10.0
5715183929918131968,-10.435328204810126,-3.5706402200855814,0.07895020523427337,11.029303981820364,-2.8119116684741465,-25.00162298600586,3.446327770946624,3.1013088128268147,2.721422141495566,4.24,0.039,1.1408544,86.93238,3.8594124,gaia_source_rvs,15.0
5617316606087829888,-13.09224999809417,-7.776126605396339,-0.9184056387130811,15.227447422196196,-2.605634421377195,9.921070965604127,6.791850142801593,3.041769400415991,3.2875425569450116,9.26,0.087,1.154484,99.078384,3.041211,gaia_source_rvs,39.0
5712175459944371200,-12.04358821452601,-6.286817465712437,0.28096781454530156,13.585731151773052,-2.660496139969665,-14.571996025005053,-9.66358863623006,2.761410617774236,4.046069316963162,7.4,0.108,1.0277786,116.82839,3.0978804,gaia_source_rvs,19.0
5618354751226656640,-11.891560014213244,-6.048753928556142,-0.32266258840227674,13.34153752982986,-2.671041536902227,0.0723410079258949,7.204793972210922,1.6489138275969464,3.157144634904559,7.12,0.084,1.2986962,93.07723,1.5347862,gaia_vari_cepheid,45.0
5616661022278957568,-12.99945775779368,-8.043098716950254,-0.7209327121222245,15.28650839685993,-2.5875179160975166,3.7810201597613347,5.144183450127542,2.7474099268205285,4.371811229683453,9.42,0.111,1.1008247,107.33076,2.769937,gaia_source_rvs,34.0
5618249816583186176,-9.947370702585335,-2.986483371461376,-0.16905359705788087,10.386013037863393,-2.8499263142907254,-11.912896322527562,-9.532718407673514,1.1747051639966437,1.3694712601990802,3.49,0.044,1.3449692,76.587,1.4963714,gaia_source_rvs,29.0
5615233993628681216,-12.013764339230864,-6.485962994236656,-0.3909780287855536,13.652774427243077,-2.6465541137280364,-1.7734708390807856,-2.29780565989239,1.3867082548989018,3.5590819424450273,7.56,0.103,1.152245,103.51926,0.8681982,gaia_vari_cepheid,32.0
5616601820448126336,-9.854105644310227,-2.862231338174468,-0.23791198561937138,10.261372534045076,-2.858910237585392,-108.88598130983887,90.07737842915489,2.1396347589299776,4.704052013349998,3.34,0.057,1.1134018,77.3203,2.0117052,gaia_vari_cepheid,21.0
5610147893350949504,-13.03480927634503,-8.217282622134796,-1.3125995830951924,15.408763304130833,-2.579111989920135,0.5337844983035444,0.2596460021043754,2.986732045380983,4.7006625561427295,9.65,0.11,1.2319248,113.60524,3.2510035,gaia_source_rvs,24.0
5615178536995368448,-11.859449041270317,-6.29013397627884,-0.3265972786335632,13.424318120561091,-2.653929597202955,-40.535593083066466,-10.818816213716474,2.9841704899488715,5.367284352629507,7.31,0.108,1.2472198,138.97179,3.1938071,gaia_source_rvs,14.0
5613685331497869312,-13.537006813281794,-9.146482125642372,-0.7236106392283083,16.337340320184712,-2.5473862581574016,12.375189692075747,-4.8674927156862395,2.423648773489011,4.207751642502812,10.64,0.113,1.0466164,112.09159,1.9561296,gaia_source_rvs,33.0
5615172249176514944,-13.535633871959147,-9.174364872522535,-0.49295460515733197,16.351830329657385,-2.545926354181722,30.49393059945335,-8.686578055413008,2.808404452982359,3.2343392233778854,10.65,0.112,0.9869891,97.61351,2.4693081,gaia_source_rvs,34.0
5613564621430610560,-12.240503951351696,-7.035463470671591,-0.5908354712503022,14.118345626531843,-2.6199319166632433,-10.895820329849558,-5.97478679391881,2.6251506941512535,2.926594502753151,8.16,0.065,1.1885484,116.97973,2.7628574,gaia_source_rvs,25.0
5613541295473114496,-9.041074043457147,-1.5347710984015566,-0.13183687495963425,9.170416685394578,-2.9734402402048628,-2.9217696534265847,2.5443016912336134,0.275713712995834,0.5392009226392623,1.78,0.034,1.02761,39.59123,0.35271445,gaia_vari_cepheid,25.0
5613165915335320192,-10.493276469579243,-4.042822874088303,-0.39541133486470265,11.24514419019503,-2.773842193944975,-5.0541670108844015,-3.670180139232116,0.9012286679682813,1.4245766395516373,4.69,0.046,1.2963706,80.234,1.0,veloce_dr1_vgamma,42.0
5613446458292580224,-9.659639784925714,-2.621956418062692,-0.15950502501739933,10.009160615792906,-2.87654456863335,-5.182265320614002,-4.930952165736102,0.22934514950895024,0.5455045590982719,3.03,0.031,1.088978,62.838116,0.0718365,gaia_vari_cepheid,28.0
5609883112903185152,-12.36476509733191,-7.3419787658595075,-1.1918250737438065,14.380266621677405,-2.605757528534962,-0.5858624127127284,-15.377790599544852,2.800645236390212,6.836571254269147,8.55,0.215,0.91635585,114.054245,1.5383568,gaia_source_rvs,29.0
5613111347760892672,-12.194763345588314,-7.05484470813623,-0.7805919853874558,14.088402567744224,-2.6171213116585226,-0.46724035405316977,-2.8478550081902085,4.8648634790146374,7.247129329292331,8.17,0.186,1.2148317,106.665474,4.749768,gaia_source_rvs,30.0
5614701001056464384,-11.942515166387786,-6.678257749247377,-0.0038846053510813204,13.68293810059758,-2.631713344298039,-7.9776857521490125,-1.6136559379468736,1.8273219903225033,2.203838947353147,7.68,0.051,1.0740591,109.52376,2.0602336,gaia_source_rvs,34.0
5614916921960857088,-15.446254045868104,-12.85208081183017,-0.5713610085152198,20.093848442827223,-2.4476112711340527,15.224167516735248,-12.976411441805425,3.089753856038524,4.742250664948043,14.79,0.123,1.0800259,132.12209,2.8089259,gaia_source_rvs,36.0
5711201189563596416,-9.350560491992988,-2.1314632902198234,0.13971732913006268,9.590417992557722,-2.9174718312871653,2.868940602677694,5.33794726021037,0.6848936076113455,0.9572891347017245,2.45,0.043,1.05155,40.718,1.0,veloce_dr1_vgamma,456.0
5614274807174596864,-9.854322789179054,-3.0449848426060866,-0.05319252694589,10.31404917212607,-2.8418996502102916,-23.53226848530677,5.469980279175758,0.7304732945943961,1.1642937838960146,3.49,0.033,0.96002585,73.561,1.0,veloce_dr1_vgamma,32.0
5614191175568405376,-10.56276992687079,-4.354858083581749,-0.11342601260080237,11.425274502441647,-2.750541918196394,-23.847793926121916,9.826780950232035,0.4532737309788411,2.2319135188461887,4.98,0.055,1.1173387,89.57824,0.4451762,gaia_vari_cepheid,32.0
5710582125855766400,-11.90489311251887,-6.879971574677613,0.18537470169025577,13.749926868491745,-2.617573249943646,-19.41129870997512,-9.53803019509985,0.7934251013708873,2.3010008192112306,7.84,0.054,1.045704,124.700485,0.634089,gaia_source_rvs,46.0
5612678213207148032,-12.024720001556172,-7.10391977150295,-0.7804735415110963,13.96637273008907,-2.6079828804406326,3.759831797879545,3.8056886543001553,2.5367168561462248,4.434456304998537,8.13,0.108,1.091197,99.61962,2.5257905,gaia_source_rvs,20.0
5606739884038472704,-12.89735965559807,-8.734881902918012,-1.3231447312587852,15.576907521834151,-2.5462911599444342,14.103693095495462,-0.08108905111876652,4.320390411610144,3.6964861137904013,10.03,0.081,1.0670375,105.882034,4.721889,gaia_source_rvs,23.0
5613972681993587200,-9.43296792110301,-2.3634909716166232,-0.05773747755248199,9.724555176123571,-2.896090339794783,3.590575991537218,-7.07120845656388,0.7808749988395498,1.037887557518562,2.69,0.046,1.0587691,52.977,1.0,veloce_dr1_vgamma,57.0
5612495762995320576,-11.913298930485348,-6.954640952974284,-0.43827517612303285,13.794699061302149,-2.6131915601902587,-0.4189769751037863,12.995010329882689,1.7113476302927544,4.782395792091643,7.92,0.112,1.3068023,97.40501,1.438986,gaia_source_rvs,27.0
5612661716228387200,-12.189746568476131,-7.481675333020041,-0.7923514144928542,14.30263567292393,-2.5911111456588696,14.539741990999453,1.586078475957862,2.201885962304739,5.930930884347918,8.54,0.172,1.3396214,94.26736,1.1945745,gaia_vari_cepheid,29.0
5606634988063582848,-11.751000798783672,-6.694981751257808,-0.9355628203268548,13.524378005020768,-2.623722536911317,12.963019489943285,-7.393751038462369,3.1380114898438425,6.19032231884734,7.66,0.2,0.9892431,94.07731,2.1071274,gaia_source_rvs,18.0
5699042480743325312,-10.147426661041033,-3.7204832899810443,0.25285280262913196,10.807972231285317,-2.790168692397209,-14.604956494610333,-10.193824223076604,1.2664565245218815,1.5022401680123745,4.23,0.039,1.3478196,85.56971,1.6739331,gaia_vari_cepheid,25.0
5698636279917579520,-10.317694116298759,-4.039984625057008,0.22394542047509675,11.080446184527185,-2.768384227916127,-0.5889633394579924,-2.65377858389931,0.6982611392844248,1.336642338483388,4.59,0.046,1.0232496,74.02222,0.64645493,gaia_vari_cepheid,25.0
5612351486452387712,-12.857885423986446,-8.828442422256805,-0.6982767809850291,15.597006545471046,-2.5399051670036337,19.91876329637709,5.802307394674671,2.5283964474982303,4.37286942332391,10.03,0.111,1.0135709,98.27081,2.228247,gaia_source_rvs,28.0
5614312705966204288,-10.079043882675371,-3.61784214272605,0.0046230303880520586,10.708683736042467,-2.7969696111343203,-14.612960404329936,-0.45392479806335473,0.9459301146859633,2.659805443008918,4.1,0.087,1.36213,78.250786,1.1798949,gaia_vari_cepheid,32.0
5611944113094713600,-11.85947293602216,-7.081840131684832,-0.6330429647902945,13.813021319428413,-2.6032741197857647,5.742786503225644,9.975704402942,1.1733454883504326,2.2073395364466135,8.02,0.057,1.0243574,94.02722,1.2245417,gaia_vari_cepheid,21.0
5612074684400718848,-13.498710002066321,-10.445265198889672,-0.7595597271327014,17.068061893343984,-2.483034424061209,12.51413998170297,50.65777957256549,3.818585083345173,7.122626766849363,11.76,0.117,1.0309687,96.14832,3.7947917,gaia_source_rvs,24.0
5605736961940589568,-12.844770930951512,-9.175086465465725,-1.2279086231813836,15.78513072221416,-2.5213302755044524,2.2446452888384845,8.13437811994558,4.391404915404579,5.827485239108485,10.38,0.112,1.1452345,116.22341,4.7598157,gaia_source_rvs,20.0
5602144170265728384,-11.504429480105234,-6.5616953407868195,0.09954609084295968,13.244158841089828,-2.6232505503482213,-3.803678467664424,0.44598728862692383,3.076459467652799,4.4412467930390935,7.37,0.107,1.0487925,102.410416,3.4298513,gaia_source_rvs,32.0
5698193623413812352,-9.538448866839778,-2.747119511485925,0.11476564114790927,9.926161009962698,-2.8611765890682683,-15.448634484473661,4.8222265506391295,1.2549307513960752,1.8169196784497026,3.08,0.045,1.263509,60.845085,1.7899308,gaia_source_rvs,40.0
5602077301899527680,-9.98267714952047,-3.6445334292377103,0.07666000647964871,10.627157051083291,-2.7915421088036916,-19.410731613306314,-6.707238635933891,1.3847286010729074,1.676092369988082,4.08,0.037,1.070435,84.87337,1.8649713,gaia_source_rvs,20.0
5600034688481641856,-9.928297361674751,-3.539629179372823,-0.25827483875465124,10.54040147381993,-2.7991218812381047,4.925046692335003,-6.424049817659778,0.4826078443250618,1.0038421622801723,3.97,0.045,1.1067336,65.47568,0.36468554,gaia_vari_cepheid,20.0
5600138420530755072,-12.335463717754367,-8.362716963303415,-0.39002866398087727,14.902976217533096,-2.5458252836542457,1.288286283757075,-15.35418280214887,3.3128304234794554,5.996523248431051,9.36,0.161,1.0692114,120.43699,3.0958302,gaia_source_rvs,33.0
5600052040150252800,-10.102200818960766,-3.9016237213080203,-0.2457708774857626,10.829456544503284,-2.773025895466222,13.202709828786482,-11.71787011043915,1.3367157132331333,1.8588501497860648,4.37,0.09,1.2365955,68.00004,1.0991353,gaia_vari_cepheid,19.0
5599566983722741248,-13.193118397174025,-10.416795387425147,-0.7801920327167576,16.80975904602245,-2.473248343530826,-15.56797837723503,-23.469597225318836,3.7606366855117175,5.7909250757596045,11.6,0.121,1.2678608,152.40167,3.8867779,gaia_source_rvs,17.0
5601254523607154816,-11.941913118388992,-7.8377135018591355,0.24156755617978937,14.284223530328,-2.560787543932059,-0.8482651015643579,6.953549173542086,0.8854733341290496,2.608877867466192,8.71,0.058,1.1635538,107.24722,0.87121004,gaia_vari_cepheid,25.0
5599370549100412544,-12.695917816914152,-9.42423378862592,-0.741849868731855,15.81146772809269,-2.5030350439678584,11.468599543272534,-7.140752035652383,3.6450793072634,4.934857908263633,10.49,0.114,1.0380294,115.30238,3.796293,gaia_source_rvs,24.0
5593427031607304704,-12.371531067314015,-8.757382722275992,-1.0600081578318938,15.157392028114002,-2.5256071680070615,2.1628423136435306,-14.095812364795108,1.2728401708083672,4.27985961653683,9.78,0.113,0.9171437,121.34996,0.5341226,gaia_vari_cepheid,27.0
5600628115523816320,-9.723115973652618,-3.292997600163406,-0.05748491793190275,10.26561334902989,-2.8150403627094462,-21.83907492992067,4.302804652846675,0.5302295339820858,1.549714050604737,3.65,0.046,1.1797553,72.98781,0.7277188,gaia_vari_cepheid,27.0
5600915775257809152,-11.840039165522454,-7.8335638624595,0.12580990614380244,14.196874664106078,-2.557094556067241,-8.756188315382104,0.08735117939613701,1.800801690065696,4.373532587563275,8.66,0.087,1.1051075,117.09101,1.7883265,gaia_vari_cepheid,26.0
5600471160241231616,-11.513644809169751,-7.214267485317752,-0.03722895193756865,13.587114194759478,-2.5818549764959537,-7.888314271095489,-2.10566044789951,1.274543282298923,2.655385171873968,7.96,0.062,1.1656202,112.0721,1.4018062,gaia_vari_cepheid,34.0
5604731630351388928,-11.80581690860738,-7.874762370937103,-1.368256442340513,14.191166100017533,-2.553342755860325,10.750942839335144,1.878368345634783,1.8498952093580892,4.479206184457408,8.79,0.108,1.201517,97.1732,1.9578053,gaia_source_rvs,22.0
5600862070985787136,-10.24874902558882,-4.5380751966992,0.0389401981726844,11.208522787611411,-2.724748139189521,-31.885721377063664,1.6084448600826988,0.6995443096339723,2.0551591562656277,5.0,0.044,1.3472925,99.0112,0.9014651,gaia_vari_cepheid,27.0
5599120204043561600,-12.82865005701403,-10.192024646641904,-1.004673193417608,16.384493543685814,-2.4702305226169945,22.208282950560744,-2.59074511315805,3.6933316371908758,4.737564482669156,11.26,0.112,1.0175272,108.0744,3.8171794,gaia_source_rvs,22.0
5598852026287511424,-12.650473316853716,-9.844407258379945,-0.5767104011676628,16.029561110937244,-2.4802958690118913,3.3411416109351078,-1.285401927586804,1.9175056049764438,5.726305497788126,10.84,0.114,1.2542827,121.802284,1.8480484,gaia_source_rvs,23.0
5598479085688742656,-11.824603155849212,-8.093414588163423,-0.6125762997050165,14.329152085493952,-2.5413756042477775,11.260649043175043,-6.149253974527056,2.817168135982349,6.4186212788534505,8.91,0.178,1.0520334,105.199394,2.3930423,gaia_source_rvs,26.0
5592331544376193792,-12.40586323714346,-9.492387865068093,-0.9868129191597615,15.620847289427024,-2.488463726891348,37.799955278877015,-24.802417245517518,4.199591049233072,3.774592168470398,10.45,0.112,1.1703097,101.91707,3.9285522,gaia_vari_cepheid,25.0
5597379741549105280,-9.257627335414668,-2.506137212661374,0.01131773323855539,9.590849160012006,-2.877218684756833,-3.4776089548155906,-19.184936912939406,1.0710202856748843,1.8396693545348668,2.74,0.082,1.1803056,65.45438,1.4694297,gaia_vari_cepheid,24.0
5592541344934801792,-12.014792698983825,-8.747114741216915,-1.2114415569694676,14.861603543883456,-2.5123020526769455,-6.741456932296045,8.83917099643395,3.564910164275565,6.205003260505524,9.64,0.11,1.0176632,115.36111,4.092876,gaia_source_rvs,21.0
5598642947280233984,-12.46341892942376,-9.778044252322708,-0.5181904896722914,15.841305527345265,-2.4763502068738172,29.499462949194882,6.342621358558034,4.023481202451855,5.33796705073997,10.7,0.122,1.3690538,94.09907,4.2785406,gaia_source_rvs,23.0
5597352047599988352,-9.761075818931058,-3.6721204266084,-0.0022652029526913408,10.428953426419897,-2.7817700114283377,-20.783832963485178,-7.837762979763397,0.6148580700954361,1.7658315661233306,4.01,0.049,1.038732,84.194305,0.9111304,gaia_vari_cepheid,23.0
5597327141100381568,-10.089357568561564,-4.434449023959573,0.01761927942148705,11.020865405783091,-2.7274901060529766,-17.28678823283456,4.820828339802063,1.0204019591316469,4.521179211361534,4.84,0.12,1.246527,83.105545,1.4436488,gaia_vari_cepheid,16.0
5598174486604978176,-11.950630465639858,-8.773962374960188,-0.5854130221898574,14.825652912553178,-2.50829082586178,9.864970761291756,-13.080050063428246,2.375676263074797,4.3562502579540086,9.58,0.111,1.0914335,114.20499,2.3131146,gaia_source_rvs,23.0
5597624112320732800,-10.42817090918483,-5.288201920939052,0.1553308917691562,11.692383335650275,-2.6722753589430845,3.3481262850730342,11.122088263877146,0.850242793583515,1.619875289466105,5.76,0.039,1.0611508,73.80311,1.0283208,gaia_vari_cepheid,30.0
5595650351503904896,-9.450682891045131,-3.0317636723176626,-0.07591390830427985,9.925069172145767,-2.8311656656301367,0.5157972809101409,8.54263774931809,0.5725387642992461,1.1359631941755517,3.3,0.04,1.1658694,48.41482,0.86637354,gaia_vari_cepheid,25.0
5692956237214170240,-9.267705676631497,-2.639215044277483,0.1544087705333113,9.636172713199379,-2.8641611908860987,11.923020078547319,-18.4968417049204,1.0383672911546,1.324527177180907,2.87,0.099,0.92531246,55.76092,0.8924046,gaia_vari_cepheid,32.0
5595078399297564032,-11.131623148246831,-7.193274657922975,-0.449155947675036,13.253536668335045,-2.567892172951916,25.83217037513214,32.6683408357936,3.8137860601670197,5.756455857405181,7.8,0.109,1.0853872,62.25538,4.488567,gaia_source_rvs,23.0
5596920115637629184,-11.197684738379255,-7.362525418436591,-0.15489291244267284,13.401303072360411,-2.55996010652383,-1.1826100455917756,-1.8701611245244294,1.715688422635301,4.952187602714067,7.97,0.111,1.1516279,106.01435,1.831035,gaia_source_rvs,26.0
5595072317623907328,-11.567232814951083,-8.298187764691772,-0.5261832014858162,14.235898116148535,-2.5192923207250066,-15.57622576131073,-19.733909295165745,1.66937754633845,8.654927889357095,8.99,0.191,1.2015558,135.12616,1.0560071,gaia_vari_cepheid,24.0
5596601154188852352,-9.666075134184885,-3.733181239288408,0.08144995047553255,10.361932766867495,-2.773026264961792,13.58646582861022,-16.713791372184033,1.3799300243746206,2.285423002763381,4.03,0.121,1.24925,66.184,1.0,veloce_dr1_vgamma,110.0
5594803590107865984,-11.753614828481092,-9.076620625266678,-0.5210973960717816,14.850336814742858,-2.484008731830455,13.329101190494717,-21.01014999483135,3.7160618189835617,5.163030742138384,9.78,0.114,1.2721361,117.664764,3.9592268,gaia_source_rvs,23.0
5594452296147569408,-11.248280751549386,-7.855533456153191,-0.30066826105590577,13.719811432611547,-2.531957206580756,-3.993067995390512,0.04966118086466054,2.028459094848381,5.090616866316183,8.45,0.109,1.025137,110.82913,2.224073,gaia_source_rvs,23.0
5692578658045393152,-10.367644313090778,-5.6305052862743,0.32652288191827056,11.797908220592598,-2.64407446939181,-29.440756623189234,23.935842699904725,2.223080152662918,5.518297317567801,6.06,0.094,1.0803673,93.693474,2.7992835,gaia_source_rvs,27.0
5594402852483259136,-12.247043428103837,-10.541750460663268,-0.4721161288253409,16.15916382442964,-2.4308856148442866,7.2902994141553314,-24.70988838483791,4.069298855541161,4.845473987277612,11.32,0.114,0.94783413,133.10626,4.2187276,gaia_source_rvs,18.0
5594382644652353664,-9.716473397872534,-4.055074410947176,-0.15269861321738648,10.528698104223675,-2.7462278202790267,-13.184846738836105,0.21921672302872253,0.9699001551977732,1.6040870541210246,4.35,0.037,1.0872713,75.606804,1.4042411,gaia_vari_cepheid,24.0
5587972801102905984,-10.768002942384154,-7.033382530589751,-0.9857018235106284,12.861506800868975,-2.5629891913815244,3.408337094023163,-27.03281804898984,1.3064427009057633,3.0588553119195465,7.57,0.082,1.0618863,114.21644,1.2851411,gaia_vari_cepheid,23.0
5594100246268225280,-11.438429820380179,-8.97095930950139,-0.3134140608034786,14.53670484286216,-2.4765093558527616,-3.186948803035745,-8.834058614998867,2.9004973736802055,5.791497589681432,9.56,0.113,1.0501539,123.716896,3.1900394,gaia_source_rvs,14.0
5594091823824942464,-9.77653825158653,-4.4487508179636475,-0.16938121293696945,10.741139791710507,-2.7145524204846065,-8.319064427909233,-1.0434257583692954,0.7374946813683739,1.537522774277715,4.74,0.037,1.1390667,77.108894,0.92542315,gaia_vari_cepheid,22.0
5594180167020044544,-11.079103296596319,-8.028609093220858,-0.24803310294735686,13.682291249216998,-2.5145058122657646,-3.827223651377889,-6.38681614193348,1.892947743898443,4.2289391679699415,8.55,0.081,1.1136032,115.16904,2.234133,gaia_source_rvs,21.0
5587763210997781888,-11.444084233784587,-9.046520545330349,-0.7851091683846873,14.587892168748748,-2.4726728056955167,12.671686921194656,-6.127613998874921,2.8582706373457953,5.673825281918019,9.66,0.13,1.0488006,108.39307,3.272934,gaia_source_rvs,24.0
5645631676202629376,-9.531881372021223,-3.8000140736589567,0.4693876853093663,10.261426287329229,-2.762238882318114,7.588908040145896,2.115202966923448,1.4885162797165183,3.0357668723929203,4.07,0.108,1.0007741,54.203465,2.0235193,gaia_source_rvs,36.0
5547755143963427328,-9.453450375069771,-3.5907124243133586,0.019520258491938888,10.112415127358306,-2.778593427879357,12.137345173317275,-8.064195161731192,0.3714407251208236,0.6978714291159698,3.82,0.033,0.9769245,57.430138,0.36782408,gaia_vari_cepheid,29.0
5587628692622346624,-12.116265838529637,-11.015928837432531,-1.0970572208796603,16.37542628517798,-2.4037260040893527,6.637164406853681,-7.031405119198553,4.238711564399374,5.676822666986561,11.76,0.112,1.0769405,127.06471,4.9220986,gaia_source_rvs,22.0
5547622412293786880,-11.056396915329929,-8.11486662311283,-0.0731503153110658,13.714772074672906,-2.508441507901715,-18.18791738621777,-7.871543128498047,2.447388366771838,6.077464969501961,8.62,0.11,1.095734,128.0361,2.8679445,gaia_source_rvs,27.0
5547742052903182080,-9.605349408960986,-4.088538303548418,0.0430131509375568,10.439295126003946,-2.739169699338976,-2.3052476910569357,8.1335451902834,0.8825521757791224,3.483681521513679,4.34,0.105,1.0490304,60.699074,1.1817044,gaia_vari_cepheid,25.0
5547538196579026816,-10.153376380402314,-5.7192064259129864,0.03294996161341584,11.653341755235534,-2.6286099280655173,-11.277918006564999,5.370842170465579,0.5228269324065656,2.2433289204355744,6.06,0.053,1.0914484,89.3299,0.6072212,gaia_vari_cepheid,26.0
5547421437881152256,-9.670402068507432,-4.3944088037502,-0.001070569750546928,10.622029227086042,-2.7150704496974,-21.323253221667166,-11.346013754664654,0.5742162725469514,4.885228977075081,4.65,0.125,1.0476631,91.47058,0.84021676,gaia_vari_cepheid,20.0
5587468095205750528,-11.54322182822263,-9.892252633145867,-0.8127119969870823,15.202060134519161,-2.433063148854418,10.6301032942429,-1.734841037336082,1.3060739519316626,5.407517102504188,10.49,0.115,1.0761151,113.649445,1.1809124,gaia_vari_cepheid,28.0
5587355360904762624,-11.586650765655266,-10.092107197805182,-1.11574531983776,15.365581787138778,-2.425026041815877,-10.245832286300168,-4.967248344347524,2.534264475468721,6.533893926481375,10.72,0.115,0.9696548,134.2884,2.567399,gaia_source_rvs,23.0
5547358117187868288,-9.120225703510885,-2.8704598270907775,0.009843288668007152,9.561279020189852,-2.836672368510044,10.35724637310679,6.349727742763889,0.4131781223746553,0.7996297168536105,3.03,0.035,1.091589,37.208874,0.61462295,gaia_vari_cepheid,19.0
5545837900614099584,-9.568694427021237,-4.205803489360565,-0.10458117873202483,10.452210102596712,-2.727473025023512,14.926815711659161,-16.876372639609713,0.4532745939895156,0.831225254534376,4.44,0.039,0.954956,68.3068,0.39788038,gaia_vari_cepheid,23.0
5586922973654572416,-11.774857445117473,-10.84182211214874,-1.2456148376022842,16.00601057616531,-2.397425412445622,-5.1378406163683925,-6.697932786163108,0.6104524362016183,3.667909837157124,11.5,0.064,1.1108938,135.81422,0.38289005,gaia_vari_cepheid,24.0
5545671191471587200,-10.858386174758344,-8.285327334783451,-0.23195574590740048,13.658374697038187,-2.489801286071374,-14.218599012201244,-10.900514613237249,2.58253116738061,5.641520895339086,8.72,0.113,1.1960545,126.4349,2.9421794,gaia_source_rvs,9.0
5539107450645759232,-9.155075661076825,-3.1626250183378835,-0.2711264238912649,9.685948965726485,-2.8089766197203616,-5.135284149784357,-8.401812733140844,1.9117787799115675,2.742942926244458,3.33,0.04,1.0602854,61.604176,3.2048128,gaia_source_rvs,23.0
5546476927338700416,-8.657214330144354,-1.6015945905253948,0.0003513800865176343,8.80411637760752,-2.9586597772372945,11.207623343485148,-0.023574300035505757,0.8435755967523014,1.586075814194631,1.68,0.085,1.1569617,25.804901,1.5771053,gaia_vari_cepheid,25.0
5544426750467019520,-10.032013130874521,-6.159805730847472,-0.3370097780270361,11.7721915589163,-2.590931749184287,-11.509304152365168,1.0026681446515795,1.993137654347856,5.307004608801247,6.45,0.107,1.0596861,94.094,2.5325499,gaia_source_rvs,23.0
5538569613358406144,-12.072282916717786,-12.857323454392057,-1.4420205532882444,17.636631799528395,-2.3247146028580357,33.12077349761309,0.6839563865179628,1.2898426529991354,4.964321475243292,13.52,0.092,1.3362021,109.82707,0.9308608,gaia_vari_cepheid,17.0
5543722994310379136,-12.45229341596661,-14.41621976715745,0.4121485206032313,19.049593268421944,-2.283230276210046,10.246064931541142,-9.521042017898964,4.4127632877517415,6.849075457106546,15.05,0.117,1.0983776,141.674,4.8274927,gaia_source_rvs,23.0
5544259212380322560,-11.193577005552742,-10.323491861338413,-0.6032228461567622,15.227299510758943,-2.3966094451638855,-3.346761726473522,-5.006181561106445,2.8699654700026236,6.9185016400300405,10.78,0.111,1.2025306,129.64403,3.1519847,gaia_source_rvs,19.0
5544672456955225728,-9.430886355668372,-4.365581244141727,-0.05387836682236664,10.392300854610296,-2.7080609292436146,-26.91403283537077,3.9516541181007767,3.1132913791787704,5.744992636697847,4.55,0.106,1.0279417,79.84772,4.8102403,gaia_source_rvs,18.0
5544213926244557184,-8.986044515235292,-2.883890056338461,-0.2049865990587661,9.437468828390276,-2.83104644506471,2.216942649569848,-0.9794583572856368,1.9303601068929792,2.9695512271945783,3.01,0.04,1.0220942,46.307728,3.3685522,gaia_source_rvs,20.0
5544001136384668288,-10.930493572178502,-9.756398809830532,-0.5486907959989008,14.651382442209956,-2.4128891600547573,5.101176914383357,2.8146000297528246,1.2113323294908689,5.347010676324538,10.16,0.099,1.1379602,113.30251,1.1286986,gaia_source_rvs,26.0
5541507237862358912,-8.614582461841755,-1.6553739172592192,-0.042443777831914394,8.772188654937471,-2.9517472703034677,4.038295769213182,4.155582073010208,1.0484119563896082,2.080297765650701,1.72,0.049,1.0414649,24.997728,2.269764,gaia_vari_cepheid,27.0
5537860123428416640,-10.345391352439535,-7.982507651579184,-0.7127758895930335,13.067040622981583,-2.484410031723902,-17.78492886713686,10.48152837824955,1.503408149254489,7.3630365672969695,8.31,0.122,0.98610914,109.94603,1.729624,gaia_vari_cepheid,18.0
5541229748611783296,-10.525188391525049,-8.977554135109013,-0.2515856667804886,13.833873966677107,-2.4353832454338784,4.434525578716859,-2.472953065728973,1.714958160594184,5.882911079299318,9.29,0.113,1.0799811,109.78131,1.7756644,gaia_source_rvs,22.0
5541228064984653056,-10.933312914826107,-10.544282478629107,-0.3097235688071707,15.189444502108302,-2.374305823956653,-7.512382689082774,-5.101165934885785,4.610629915450231,6.808493988368662,10.91,0.121,1.0413795,132.92825,4.815545,gaia_source_rvs,28.0
5540796987700558464,-8.98133074861668,-3.1896146286165945,-0.1533855616521827,9.530894160315308,-2.800347628692789,23.855947497465348,-3.415954160059215,0.5310870835763636,0.7594195305023794,3.3,0.042,1.0668945,37.723675,0.5939901,gaia_vari_cepheid,26.0
5537743094157581568,-8.429191806046346,-1.0789051695192402,-0.1059205293184913,8.497959217831902,-3.0142885746798735,4.062332964810671,10.966932062818358,0.20363809693439036,0.5017112699356483,1.12,0.039,1.0484828,12.69965,0.43942747,gaia_vari_cepheid,27.0
5542528959037609984,-9.216753128352334,-4.163954719732923,0.1217535837701415,10.113706399583618,-2.7172585641181985,4.62067693446477,-1.3281457773422858,1.6565854161234475,2.17144415068366,4.3,0.035,1.0481652,57.560978,2.7163095,gaia_vari_cepheid,19.0
5540666145820286848,-11.166300669088379,-12.016651114636158,-0.7087234015306701,16.40384633686167,-2.3195309366872023,13.389996492797358,-19.912011072921473,4.176547007020199,6.156431766222216,12.41,0.113,0.9785175,130.96252,4.814927,gaia_source_rvs,16.0
5542410585431412608,-9.276783605111346,-4.547717080766942,0.2169802078572342,10.331526736294208,-2.6857950721538195,21.997719711954325,-10.586669243257234,1.4040823387250616,1.9094834101394182,4.69,0.049,1.1295016,57.19946,2.1634247,gaia_vari_cepheid,22.0
5540389068889999744,-10.70965600871148,-10.438058657107241,-0.23446476259548682,14.954925621819099,-2.3690366542281938,-8.031334433929437,-19.425867114231636,4.325556882288785,7.396511871099978,10.75,0.115,1.0129944,139.62242,4.961251,gaia_source_rvs,19.0
5540698714546399744,-9.435353071904082,-5.257855898681896,-0.27594992174405736,10.801432138508014,-2.633199832683616,3.860465824136309,-4.3491308928422825,0.47935228130008295,1.7985239072445214,5.42,0.047,1.3523276,73.15835,0.38220194,gaia_vari_cepheid,27.0
5540236752170562816,-10.048935244566692,-7.924902062262996,-0.10614762551298812,12.797858111651141,-2.4738225625737864,-0.7015857395203317,4.9612787418002995,2.595713155064864,6.394526834831483,8.15,0.111,1.057792,98.2282,3.239636,gaia_source_rvs,17.0
5540422122959807232,-9.326539396418811,-4.9206192551488925,-0.07730596366475623,10.544990799763374,-2.656114895184804,2.7825712132376825,-12.963070853708217,0.8782764182745083,1.796864018280542,5.06,0.051,1.0960549,75.91047,1.3862935,gaia_vari_cepheid,25.0
5540220908024647936,-9.372966113004939,-5.217500419292728,-0.10238290822828838,10.727292500014098,-2.6336550540771864,-7.318634229926499,-11.320080337525354,1.852229949501087,3.120594212335242,5.36,0.06,1.0778606,84.6337,2.7772286,gaia_vari_cepheid,19.0
5626365410677889792,-8.987075008642462,-3.5925142653298616,0.2938462785766797,9.678516206400879,-2.7613084292170695,8.270767962560605,-14.140901507136675,0.6160459073435554,1.2237136898725316,3.7,0.044,0.9586584,57.484,1.0,veloce_dr1_vgamma,66.0
5539854912393784448,-9.124262927790133,-4.274795844043421,-0.21592407987787282,10.076013769526929,-2.70345400789312,-14.780351834576752,-6.089279749025991,1.727431872815295,4.603878031900861,4.39,0.111,1.0048262,73.64378,2.5601087,gaia_source_rvs,24.0
5532574289995028736,-10.199172567087242,-9.062494639020082,-1.2815412200860126,13.643750589023998,-2.415138567291126,39.53999049113708,17.685683573726806,3.3737710387867708,5.5272561672655085,9.38,0.107,1.227207,68.78475,3.8228989,gaia_source_rvs,22.0
5534012004528220160,-10.623916058947453,-11.005402854019863,-1.252807661775274,15.29661676341635,-2.338558833413756,6.103302017545167,8.40338627020705,2.3494334361150706,6.803491101186181,11.35,0.113,1.0962256,116.29996,2.7364178,gaia_source_rvs,22.0
5636850254779527168,-8.88891629008233,-3.3074984533831593,0.9931000984770161,9.484322792441377,-2.7853735201959395,-27.82889705766054,17.765568656377553,1.5984302507971304,4.0746688293721345,3.53,0.108,1.1968626,49.874287,2.0195262,gaia_vari_cepheid,21.0
5529690885168872576,-9.406078424179173,-5.672437174039311,0.04814782237037012,10.984118299400823,-2.59892560427243,-19.49477506844615,-5.315610994827637,2.075487258530032,5.884045234032478,5.81,0.114,1.090943,92.82462,2.9584754,gaia_source_rvs,22.0
5530071831587999232,-9.61322018909766,-6.746580787182758,0.3067124321119436,11.744375450489413,-2.5296580636576214,-0.816402964486801,5.655381613314944,1.866463035625001,3.210614596936468,6.91,0.057,1.3469827,84.06564,2.4443932,gaia_vari_cepheid,28.0
5529523007785725824,-8.385667139216082,-1.1152006828606704,0.02518658735798168,8.459496789572139,-3.0093795495682096,4.775398777648635,3.1520129507631793,0.8929301764713896,2.5429718006302564,1.14,0.03,0.92710316,17.066435,2.6095765,gaia_source_rvs,22.0
5533064637825575552,-10.623912573709584,-11.902791441557913,-1.4997585472599972,15.954433944049812,-2.2994836830767795,0.9219814108880537,-6.214981184964472,2.2173040964755715,7.105007152561843,12.25,0.112,1.0159625,134.52502,2.4925444,gaia_source_rvs,21.0
5529464218273756416,-8.812168514675736,-3.252836427477619,0.060140429180371706,9.393362483954707,-2.787978123573849,2.6042991007952074,-10.017875624121785,1.0930395823020322,2.102627293086396,3.32,0.065,1.0343204,51.885696,2.2394886,gaia_source_rvs,21.0
5533407170051636608,-10.673095676790904,-12.447789463700829,-0.991553814128853,16.397025152708466,-2.279587528761637,22.777684866240506,-5.933032736182497,3.576100643522663,7.351128172944698,12.74,0.117,1.0921528,117.093056,3.5798647,gaia_source_rvs,19.0
5529329493739794176,-9.464506995974018,-6.518775387049873,0.017072887529843758,11.492228905814935,-2.5384501028630075,-4.723551093893658,-8.661059249356668,2.001422920235898,5.656489300418097,6.65,0.108,1.0609869,93.1884,2.7355967,gaia_source_rvs,23.0
5528719780180011136,-8.522368340877826,-1.8730429818683252,0.03941791088433038,8.725769430229224,-2.925252552449673,-11.970850462826888,19.76245958661454,0.5448091846654962,1.2422150792573514,1.91,0.054,1.0777488,15.365,1.0,veloce_dr1_vgamma,51.0
5521402358507492608,-9.42648068182565,-6.47765650351673,-0.4792252350678559,11.437594669439234,-2.539524975599635,-13.234488815813187,-25.892078977047078,0.9778687239779812,5.036483440314403,6.62,0.115,1.1671535,111.673904,1.324939,gaia_vari_cepheid,21.0
5529090109446895488,-9.343932414890789,-6.09169539067049,0.17832425896287257,11.154273876266572,-2.5638539374658174,3.6081988649523677,9.446490434970002,1.1164940467374536,3.1402960080538977,6.21,0.065,1.3634974,69.152824,1.4286336,gaia_vari_cepheid,27.0
5527800347943673088,-8.615997788930633,-2.4050636657124684,-0.026329152582704466,8.945375852080664,-2.869382247610231,13.489551557598297,-0.3645690891840445,0.8733827224515398,1.8156349568866041,2.45,0.039,1.0995845,28.651669,1.851651,gaia_vari_cepheid,17.0
5521354838988727168,-10.171189381548174,-10.607055186197702,-0.8276063911100949,14.695669877836869,-2.335220538907158,-6.790654493216589,-4.034465506113236,1.3490638786968376,6.737416332737429,10.83,0.103,0.82205576,128.65619,1.639426,gaia_vari_cepheid,30.0
5521352536886237952,-10.168960552891617,-10.65599227984318,-0.8593811040240699,14.729491851192396,-2.3328118219947584,-5.759554009789723,1.598599553627821,3.704260352301045,7.506122236560703,10.88,0.113,1.0807244,126.61916,4.416071,gaia_vari_cepheid,21.0
5528835572501220608,-9.276713991711347,-6.093463665736683,0.20602918303723067,11.098996437951776,-2.560412957219559,-3.246474305940751,-0.47530463364867614,1.1911036020087609,5.078485847432527,6.2,0.107,0.96502626,80.48356,1.7906523,gaia_source_rvs,20.0
5527242758108169088,-8.801447212756909,-3.557553599079104,-0.14885835163219002,9.49324289425205,-2.757469995372321,-18.515379206095595,22.369905973697996,0.512692380584222,1.7200935631190202,3.62,0.051,1.1096582,38.342655,0.36414027,gaia_vari_cepheid,26.0
5528444245140142208,-9.054762585906596,-5.007493934696571,0.125940022205897,10.347160044821809,-2.6364313182029004,14.95191431751047,-28.379907868473083,2.3831648449178147,3.922324200366281,5.09,0.108,1.2214309,76.84337,3.728259,gaia_source_rvs,24.0
5526978119406752000,-8.853273943228583,-3.896094536080584,-0.0808163737869832,9.672642459427887,-2.7270238913663047,-1.6712899471765574,-0.7845439655820314,0.2894414501540325,2.157997713093027,3.96,0.079,1.145482,52.77866,0.3012122,gaia_vari_cepheid,27.0
5528450228034393728,-9.19956111469373,-6.019060053870126,-0.03236342316364633,10.993680395348957,-2.5622167190866647,-2.8709350811345895,16.13403211228865,2.820226337859292,5.826912859663389,6.11,0.109,0.99693835,66.26145,4.269176,gaia_source_rvs,26.0
5528389583094696192,-8.472877101221012,-1.8620589066886304,0.029703452567890695,8.675074048351048,-2.9252645888463857,11.551666278080504,-1.9790709597866964,0.6339999547186981,1.4196128206222673,1.89,0.064,1.1066321,24.584494,1.4040669,gaia_vari_cepheid,27.0
5526454476992052224,-9.059504869423682,-5.318004243347827,-0.22171880304164177,10.50503677344239,-2.6107806719653643,-0.7255334665569665,-4.416928956144943,0.9853934573768279,4.0111210400504405,5.4,0.11,1.0238252,71.24218,1.4036059,gaia_vari_cepheid,26.0
5526731382124901760,-8.4396308276657,-1.7459926909563896,-0.01735676658789315,8.618344329635384,-2.9375903343923517,17.033328194755914,-8.978208438333581,0.42986717347881476,1.0037408550920504,1.77,0.025,1.2597116,28.047184,1.0590745,gaia_source_rvs,26.0
5520506531407532928,-10.27454856798872,-12.893156523604503,-1.5560378171831206,16.48635294472748,-2.243643791513286,2.026534137490686,-8.99348501658855,3.587157617780979,7.451106479785923,13.16,0.115,1.1269987,139.02104,4.154887,gaia_source_rvs,20.0
5520879231487490176,-9.856990884558048,-10.380032884339439,-1.0269694205155497,14.314515429389449,-2.3303544463457335,44.78294262454772,-8.895129962196194,1.9817015889728056,4.868509387326766,10.57,0.113,1.135278,86.808205,2.1092732,gaia_source_rvs,25.0
5520505328816739584,-9.8893979727293,-10.621311271974541,-1.2859469018275176,14.512492735543258,-2.3205251791112316,4.215317119972444,2.0647900083925492,3.1743683729648837,7.413460197604638,10.84,0.111,1.0085273,115.9118,3.475465,gaia_source_rvs,22.0
5525825109665030528,-9.036822172470377,-5.481072945878594,0.29701758915994286,10.569120853452972,-2.5963880042207736,-19.92329729539428,6.13940283213546,0.4526981558760286,2.1722546402168947,5.56,0.045,1.1386589,76.15371,0.48029473,gaia_vari_cepheid,28.0
5526625622848470272,-8.79918346238519,-4.199065693419957,-0.08887014866707893,9.749758063786478,-2.696342019882545,-11.837067672388217,-19.282838393022814,0.855087876758775,5.1136511318825635,4.25,0.153,1.2106779,75.39524,1.0802423,gaia_vari_cepheid,19.0
5526165580313475584,-9.174181323409968,-6.664536302716268,-0.3067574020613382,11.339384775420019,-2.5133380906483977,2.837130751119965,-3.4173998897685465,2.0809744930160647,5.5216516156773885,6.75,0.116,1.0278277,82.41471,2.8910809,gaia_source_rvs,24.0
5506374096132016512,-8.267913970780517,-0.7709932081190252,-0.17244755089481278,8.303784194883278,-3.048610312490611,5.434871869291132,2.778129916617331,0.2820647122144005,0.8407715398563758,0.8,0.045,1.0086893,13.807649,0.884224,gaia_source_rvs,17.0
5523517887592919040,-8.747389106198971,-4.044655632378213,-0.10397535777141204,9.637222388207986,-2.708487778546875,1.4368356051226114,-23.2018334987537,0.7544839547154981,4.4811085169411475,4.09,0.158,1.2681962,68.99312,1.2415395,gaia_source_rvs,24.0
5523578738688355072,-9.063311791986118,-6.353865346938244,-0.09771498773442772,11.068659606554773,-2.5301600739560723,-27.141742315103887,2.30656611383273,3.141147338767505,8.683473752560998,6.42,0.126,1.012629,94.269104,4.5596933,gaia_source_rvs,17.0
5525963476334997632,-8.52055559210981,-2.6192944671685203,-0.15097259197021035,8.914065913149475,-2.8433526559782987,0.5872310215949613,-26.633659774593525,0.8424632597203883,2.3833543300576965,2.65,0.116,1.0944034,56.793736,2.0284014,gaia_source_rvs,21.0
5523441059216890240,-8.867206976982548,-5.127210632772604,-0.16690248641322364,10.242834004584104,-2.6173406241638535,-1.880303729106749,-5.793297053214275,2.624906719500499,5.641728366305272,5.18,0.11,1.0292392,68.557816,4.192802,gaia_source_rvs,20.0
5524866266801248768,-8.674359099843569,-3.88460596327317,-0.030306399836720403,9.504455233359586,-2.7205478648517603,4.552564259753553,-0.018541115751588677,1.025042073393737,3.138710952012995,3.92,0.109,1.1495717,44.913677,1.8854061,gaia_vari_cepheid,20.0
5519380081746387328,-8.251915511638412,-0.7675240561495369,-0.08894402278805691,8.287532973568604,-3.04884786624243,-1.605218200323031,-10.056516282984916,0.24230405169520106,0.1871968658692302,0.78,0.042,0.82932216,26.3365,0.1041077,gaia_vari_cepheid,16.0
5523329321349889152,-8.518252360988669,-2.7852200705948893,-0.04961796578089834,8.96203515542835,-2.825579237385801,4.566871240031681,-38.75751495898021,1.0447331049844673,2.1694689946528163,2.81,0.044,1.2590792,67.385475,2.2699468,gaia_source_rvs,21.0
5522997921672799616,-8.92660046556226,-5.971880720673035,-0.3017938210643328,10.739997914977574,-2.5519775647180385,-0.7178672661890528,25.174385141374046,1.5484958748199404,2.9887855843398596,6.03,0.047,1.0231303,52.8789,2.299589,gaia_source_rvs,21.0
5524087125374526464,-8.549112955078522,-3.104416957656577,0.019738002984517607,9.095314011383946,-2.793271266973898,10.16298555774078,-6.841475986559743,1.3683019393422695,3.0353485538678457,3.13,0.109,1.1087875,39.033596,2.817881,gaia_source_rvs,21.0
5516839110374383744,-10.134671290402547,-15.457655240887235,-1.1856620194167538,18.483794732430844,-2.1511268284644167,1.7512280002419958,51.1580277794063,2.01123268708252,11.079970441578327,15.63,0.121,0.9921852,124.32264,2.102762,gaia_source_rvs,19.0
5523162573544337408,-8.348187165463223,-1.5867857449767389,-0.047717585233386435,8.497653673224525,-2.9537578507629325,-5.288436112690952,-2.950925731844933,0.5173499055549439,0.8821490245336223,1.6,0.094,1.2444108,26.492722,0.34113732,gaia_vari_cepheid,21.0
5522796264374512512,-8.895503807210845,-6.027569309932425,-0.2756218958692405,10.745305010568192,-2.546060819796587,2.274887371778546,1.114682042792822,1.4428644604096865,4.782174551854507,6.08,0.109,1.1240817,69.50262,2.1844273,gaia_source_rvs,20.0
5523256203825403392,-8.383423883337635,-1.8951402963439503,-0.03983962359944799,8.594960892903615,-2.9192713905493455,-14.446926738601535,0.925071316599059,1.1046759883039412,2.8519225449379983,1.91,0.058,1.0312144,28.98759,2.910871,gaia_source_rvs,14.0
5523153502573690880,-8.973196299962993,-6.747164005446555,-0.1897503006604369,11.226863941193157,-2.496861154196153,-12.043881650911429,-11.107346410071898,1.5072108475610937,5.647252514459828,6.8,0.1,1.1201805,96.93804,2.0920637,gaia_source_rvs,20.0
5522534374444924672,-8.518766464651891,-3.0374348146247536,-0.03449590873587333,9.044080513372943,-2.7990874559117915,9.190903028030815,-0.7851642440465696,1.7015411433938297,3.4093378153750997,3.06,0.061,1.0453753,33.027634,3.8623571,gaia_source_rvs,25.0
5516786539973500800,-9.164360500174913,-8.452737681631564,-0.7849395588843052,12.467328410354815,-2.396566414464047,4.50151107056414,29.538943836252855,3.30026120037428,7.460590197356987,8.55,0.107,1.058061,75.44543,4.3488865,gaia_source_rvs,25.0
5522522863932402432,-8.85070136336003,-5.867136864610627,-0.11205854093131601,10.618766859266481,-2.556201733654994,-5.176280335679563,-2.976194367397653,1.022275395425567,5.937668230242345,5.91,0.13,1.1732066,75.30517,1.374046,gaia_vari_cepheid,14.0
5519196703818908800,-8.284475260009101,-1.1316944179254205,-0.14839493088618094,8.36141510686238,-3.0058287393478427,-17.398262900368266,-2.216262232782668,0.572693249240112,1.8795465865968024,1.15,0.026,1.0433961,25.801472,1.875504,gaia_source_rvs,19.0
5522505340465901184,-9.036943239255013,-7.677294889966838,-0.15378455919046458,11.857790685327002,-2.4373624817383615,-8.101534628955608,-6.303338595501202,3.4229315360691848,6.800486569927507,7.73,0.114,1.0173763,99.38146,4.963001,gaia_source_rvs,23.0
5523893061573550592,-8.836611316101258,-6.232038235541433,0.0617297330802084,10.813140160059852,-2.5273505145580644,0.3866460136191377,13.866471016731168,1.4377889826761172,5.860170948834711,6.27,0.12,1.078911,62.38668,2.1090496,gaia_source_rvs,27.0
5516452460238707968,-9.648633352838404,-14.135546289837817,-1.4589192020034383,17.114607634697716,-2.1697347142600516,18.471217696672092,10.298740645867525,3.9651527120388503,8.227125895828367,14.29,0.115,1.0858145,119.247795,4.61966,gaia_source_rvs,16.0
5522403017163255552,-8.812255675215397,-6.262292253622936,-0.1818784747239635,10.810742544115636,-2.5237650903834443,2.9203603268263874,-11.237373004523619,1.757966200007795,4.96783217836117,6.3,0.109,1.0419261,79.89667,2.7315943,gaia_source_rvs,18.0
5523755412161096320,-8.36291720059033,-2.028715259997667,-0.01858047479480335,8.605467431236782,-2.90360523719501,-27.289840546650893,-16.18108633203184,0.8778988718273465,1.8865860573800486,2.04,0.047,1.1222217,49.30481,1.8083681,gaia_source_rvs,23.0
5522272209643267840,-8.825718435283868,-6.539336393098962,-0.2717753614560215,10.984362810878839,-2.5039145778901055,-12.520375566507026,-7.442494513262147,1.6264971907215824,5.53082454413929,6.58,0.11,1.1032473,90.434715,2.1817012,gaia_source_rvs,22.0
5521810655282614400,-8.775544197364308,-6.1349907665307155,-0.39820834759495055,10.70739406509873,-2.531470373048056,-24.502925751662808,-8.45969925832307,1.3972772707930763,6.0297335915495855,6.18,0.107,0.93112457,93.06508,1.7023778,gaia_source_rvs,16.0
5515778734493663232,-9.595867580185118,-14.221186524925706,-1.1359531953931943,17.15583926227966,-2.164380119593559,-0.4226001021808633,-5.681607691791783,3.663618408852258,9.899376101784682,14.34,0.124,1.3159885,143.03029,3.9353418,gaia_source_rvs,16.0
5436296928693979392,-8.44571550022495,-3.0963127276189484,0.6172995898279943,8.995402315514024,-2.790194787991159,-42.68260128269229,27.045198562071135,0.9661033789600382,1.7023277266078687,3.17,0.043,1.1837863,28.449,1.0,veloce_dr1_vgamma,78.0
5521648030642512512,-9.250407708976397,-11.80600755756008,-0.7304920791152006,14.998395155197628,-2.235416040167376,-3.0726439265254992,-7.402221759477385,4.025120472316636,7.965847633740302,11.88,0.11,1.0658425,131.82294,4.754755,gaia_source_rvs,18.0
5329974119937794048,-8.512134307507855,-4.102745492595936,-0.09811863822596073,9.449283096937487,-2.6924583019073247,15.784167590234645,-3.1380413245267675,0.547169653204667,1.8319065212258074,4.12,0.076,1.0928073,40.60861,0.8844863,gaia_vari_cepheid,18.0
5329979892374931968,-8.872041104969455,-8.587246602379281,-0.2000474463176785,12.347223071538885,-2.3725049635714424,-8.823765979139768,-8.297082464814963,2.5370795253454492,7.349444583249684,8.62,0.117,0.9722941,108.23666,3.1657596,gaia_source_rvs,28.0
5329861901039268736,-8.8930773101944,-8.953417969809337,-0.3173622166157975,12.619449963734521,-2.3528134101127054,1.3193022568827926,25.33468786995698,2.3491342977476566,7.659553407713966,8.99,0.11,1.0542082,81.70883,3.0559123,gaia_source_rvs,18.0
5329939274854213760,-8.536098461480115,-4.703450252624442,-0.07745942418621637,9.746149045802456,-2.637976620571426,1.7491682655653131,-5.872065991257529,2.26043548499288,3.914470504870692,4.72,0.061,1.0761666,56.212795,3.882033,gaia_source_rvs,18.0
5515323742829679872,-8.757238230604212,-7.561294963758218,-0.8160704160167144,11.56989208923365,-2.4293511257032705,-13.642278054951401,6.029679468224657,2.5732532492947686,7.070037669615624,7.63,0.106,1.1088351,90.93682,3.7250996,gaia_source_rvs,21.0
5329838158460391296,-8.321214383316644,-2.171688928946889,-0.0772779882730465,8.59993265190061,-2.886304797408174,-0.7528858084381288,-3.8895875726134648,0.3392251011109538,0.7194898798401527,2.18,0.05,1.022172,28.534386,0.52599883,gaia_vari_cepheid,19.0
5521459979795304320,-8.24306381927044,-1.193774588317417,-0.07350007851878182,8.329057503480078,-2.9977708560876337,3.380801927626721,10.680364280559786,0.23791382724974305,0.9334033310518977,1.2,0.036,0.9258762,6.640944,0.86217266,gaia_vari_cepheid,24.0
5329899043907713408,-8.541477377205808,-5.043134972480043,-0.12539560516545195,9.919175678249172,-2.608240462052442,-3.7978464215653283,-18.757683331214395,0.8522240463415153,2.6749141594800743,5.06,0.071,1.110868,73.46057,1.3334726,gaia_vari_cepheid,22.0
5329405672431387648,-8.889742844578802,-9.735142587784793,-0.5673669773325823,13.183342863145189,-2.310834755666734,3.4813191910962975,21.804827769912748,1.5963728091389022,8.152324177396272,9.78,0.11,1.0750142,89.57174,1.9047732,gaia_source_rvs,22.0
5329713123372088320,-8.737947382222659,-8.276565028716117,-0.2013502330395363,12.035499704169265,-2.383304835915703,-3.174176914181442,14.04332360577078,2.81579226965712,7.586663846509107,8.3,0.111,1.109356,84.4373,3.4913692,gaia_source_rvs,9.0
5329338700985814656,-8.753273183876505,-8.532286097275712,-0.5246444904029374,12.22373500519935,-2.3689782852997614,1.3075867000101846,-18.33057833431903,1.8741198269757418,6.446915398046714,8.57,0.11,1.1208577,105.08879,2.3078446,gaia_source_rvs,18.0
5329675052782690944,-8.431020088334332,-4.138892947593959,-0.10891955801338221,9.39215281825951,-2.68524145722716,8.856931747675203,-10.249070876810748,1.2475060941834766,2.410032259525091,4.15,0.04,1.0863042,49.13049,2.3172104,gaia_source_rvs,19.0
5329323277776517120,-8.83120335475725,-10.148771421644224,-0.606462492550326,13.453167436030007,-2.2868868258027546,5.194489867527317,15.514022492064015,2.791643178635091,7.964289916835405,10.19,0.111,1.1252426,95.09888,3.4059525,gaia_source_rvs,16.0
5329352998951582976,-8.32306848080535,-2.6006696412938908,-0.1311165269276558,8.71991694451978,-2.838739447429665,-0.2621310221970411,4.4197680527080365,0.6240696224111141,1.9544226964474227,2.61,0.121,1.048974,23.976,1.0,veloce_dr1_vgamma,385.0
5329553797268123392,-8.582233249346986,-7.010664259036268,-0.28546298892719074,11.08170297829379,-2.456642774084573,10.80767379602429,-28.305967340483676,1.5260652829307955,4.470668635554482,7.03,0.109,1.1496651,90.78008,2.2860804,gaia_source_rvs,9.0
5330406537236632448,-8.442714731125585,-5.391913748957622,-0.03428848481362385,10.017592820002378,-2.5732399566650264,-11.159601122053482,-25.472913631556793,2.993754466042936,6.5809556866931205,5.4,0.135,1.0308975,85.03027,4.3964543,gaia_source_rvs,22.0
5329078498999626496,-8.830225072555681,-12.940133418617869,-0.7499061386235947,15.665884198589684,-2.169605860705002,6.331571143070832,-10.599338231216336,4.426624439856921,8.618303075916492,12.98,0.112,0.9467331,129.78867,4.968603,gaia_source_rvs,19.0
5328807400664061568,-8.52453340205004,-8.069191549080806,-0.17962451174495137,11.7379522054924,-2.3836282108978737,-8.342217061127304,-14.059492543635912,3.0555111020608714,7.002357996906779,8.08,0.114,1.0799779,103.29887,3.9759293,gaia_source_rvs,27.0
5322878146768508800,-8.735838177698726,-13.933024028857648,-1.2304744602508095,16.445182493838832,-2.130823902385037,16.00224498456097,-0.19072704436979393,3.588753303350455,9.081461492864095,14.0,0.113,1.0878085,122.13352,3.9779913,gaia_source_rvs,15.0
5328248672646357120,-8.366253672963667,-5.267375314719233,-0.28842318750535406,9.886326073243366,-2.5796938502547753,-2.9620800192305294,-22.13826308623129,0.4486325440688984,2.762597177985406,5.28,0.087,0.94168276,75.276146,0.46884724,gaia_vari_cepheid,25.0
5328644020107636352,-8.443164837092255,-7.446870930079392,-0.32581049017567715,11.258015771687859,-2.4188118089113035,7.04732952801217,-37.45361071569175,1.990475362798614,5.965150624236033,7.46,0.124,1.0937965,102.40278,2.9827218,gaia_source_rvs,15.0
5330212537852847872,-8.273419618706221,-3.2776378583795385,0.02153773490496341,8.899010176299148,-2.7643968254614015,0.18472939100620675,5.482374098097409,0.5043353353245144,1.2441455740454128,3.28,0.048,1.0500028,26.908464,0.90085983,gaia_vari_cepheid,21.0
5423800601092727168,-8.276109653335311,-3.4836211851416823,0.17455420931909588,8.979399064280296,-2.7431786524209865,28.985852112612292,2.9922822645978613,1.649214057016707,3.3777554311892573,3.49,0.108,0.97510076,18.382761,3.5775614,gaia_source_rvs,28.0
5327602713866448256,-8.314212214580163,-4.886419606766129,0.09515024088860352,9.643817777336029,-2.6102523223988103,-11.991888067059708,-10.680644993486737,2.1436004972825593,5.162292788641321,4.89,0.113,1.0655277,65.147835,3.7193947,gaia_source_rvs,21.0
5328518985011342592,-8.25123949361983,-3.32718584808117,-0.0866114623175796,8.896803855809301,-2.758300880470402,6.677058531930243,-16.7410171220279,1.2316435246767883,3.4212656330943485,3.33,0.106,1.0837703,44.845116,3.0734208,gaia_source_rvs,16.0
5327836325732931840,-8.191604558789157,-2.002555007777045,-0.16225680936924375,8.432829406951633,-2.9018307934139016,8.749802102911065,16.45967348171112,1.0269440503891503,3.8714813717764303,2.01,0.039,1.1902179,1.871764,4.193739,gaia_source_rvs,15.0
5325437187054024832,-8.24494898076653,-6.394532701900307,-0.2413519049095481,10.434041986263784,-2.481926752808628,-11.96400800132845,1.8237365868172333,1.6357385431520817,5.904875441106482,6.4,0.109,1.1832869,71.99375,2.2904975,gaia_source_rvs,14.0
5321764135331264768,-8.195628445811781,-3.3145020803014775,-0.3121378995796969,8.840489220745765,-2.7572790196292543,23.410260379227218,5.970135377450248,0.25534908579706395,0.4956356933852014,3.33,0.03,0.7591149,17.614065,0.36820197,gaia_vari_cepheid,22.0
5327245711883215104,-8.16109161399291,-1.409744432342195,0.029945253271440816,8.281956030824194,-2.9705409709777477,3.2862493517104476,-20.107689063327882,0.3158550207923537,0.6023992069048077,1.41,0.052,0.97421634,33.775482,0.6157576,gaia_vari_cepheid,21.0
5324781367038315648,-8.225363924884324,-10.260048637757633,-0.7754109744044367,13.150103031761413,-2.246566049244665,-1.197527707523195,23.76287280561604,4.161238217847625,9.362868978982537,10.29,0.109,1.0064628,91.38793,4.963261,gaia_source_rvs,21.0
5326051543475917312,-8.14113271260879,-1.9799702879691063,0.011750030619071924,8.378444019360005,-2.9030187300925574,18.221491786264544,7.328376441926281,1.0084176623982515,3.726623107191098,1.98,0.098,1.1158655,6.035637,4.0261126,gaia_source_rvs,27.0
5324972578981214848,-8.049929669257942,-11.923185838599608,-0.6199804221925939,14.386233983283516,-2.1646485019829664,-6.277474873698362,-10.599484919409804,2.8567750412492585,10.942227481974506,11.94,0.12,1.0834479,129.47849,3.1616457,gaia_source_rvs,19.0
5324581084123092736,-8.036960968681775,-11.755185232436869,-0.7503060254162018,14.239983197357226,-2.1704952911986304,2.7055697514651706,-9.321619551283078,4.178366084925657,10.150125207632763,11.78,0.127,1.0839856,119.879036,4.831001,gaia_vari_cepheid,21.0
5325601877583914496,-8.020457030978234,-5.256603874470828,-0.1321038040568126,9.589557616432048,-2.5614309809166294,-8.956491204306085,-20.496616295832297,2.1012718082882027,5.774104753675886,5.26,0.131,1.0785022,70.26864,2.9300733,gaia_vari_cepheid,30.0
5326224166803072384,-7.996600976141451,-5.996675203587424,0.13338984134820814,9.995285922320916,-2.498153616339049,-6.532492898944095,-21.363506401577894,2.803521783389775,6.228754188080178,6.0,0.114,1.01131,77.915,4.2710776,gaia_source_rvs,20.0
5324034867356093056,-8.119172138955355,-0.9485510077533434,-0.03693516339695769,8.174393264108275,-3.025291332381775,-12.179387196830161,2.5288663939379603,0.44663721433233633,1.039533144910901,0.95,0.042,0.98555624,10.344,1.0,veloce_dr1_vgamma,87.0
5313672760547588480,-7.989709113698291,-4.527042518912652,-0.027567486552875945,9.183113071805037,-2.6260871620699606,17.129263380146764,-2.222444817731855,0.5110361884148585,1.4451969444715862,4.53,0.059,1.0164152,32.444626,1.0024493,gaia_vari_cepheid,32.0
5317494559886504704,-7.635627003659735,-12.510932458422953,-1.3060225314829945,14.656951617517155,-2.118766888661607,8.306208028650536,13.188154732895867,3.6466421271864267,9.418263448188325,12.59,0.11,1.0048913,106.38186,4.4187946,gaia_source_rvs,13.0
5323839566610513792,-8.019390591918867,-3.1518409851118614,-0.1800803649733665,8.6165379974319,-2.76711147151071,38.86388533294329,-8.485098747794694,1.601300341167422,4.297133433565613,3.16,0.042,0.99918884,20.021141,4.5326037,gaia_source_rvs,15.0
5311989580046078208,-7.9895201512091685,-3.604427780546101,-0.11469645835990888,8.764949051292305,-2.7177873985584604,10.436879148449282,-15.972409593253161,0.6390249825005863,2.1499218899888586,3.61,0.112,0.9330344,38.97157,1.3444196,gaia_source_rvs,24.0
5313567825903356800,-8.000651678127927,-3.2862062060865025,-0.04592377036770207,8.64925306044705,-2.7518600973681857,-2.7526950215492905,-4.940425405799516,1.5391432613952805,4.130377588320314,3.29,0.107,1.0201362,30.362658,4.0374665,gaia_source_rvs,26.0
5323414536645922688,-7.637990129602271,-11.154158609034244,-0.8677660061653968,13.51865923438395,-2.1712248881426324,3.5824700142148096,21.24877306058255,2.482732639123811,9.237971456001986,11.2,0.11,0.96997046,94.60821,3.1114733,gaia_source_rvs,21.0
5314002648388350720,-7.75950474128741,-8.370767140919035,0.05210874182078656,11.414011405178796,-2.3183172582899134,-8.487206361487338,10.33495095699277,2.491439187707888,8.452121180314728,8.38,0.109,1.018502,80.079346,3.0859132,gaia_source_rvs,24.0
5313451140229395200,-7.746610856321271,-7.678196001907083,-0.1311925466104809,10.90709281169719,-2.3606298394590186,3.901532421899785,12.323411347942482,1.3724115470016705,6.689937029754,7.69,0.111,1.1177275,61.540195,2.0835521,gaia_source_rvs,24.0
5311403849596434304,-7.428688084060362,-13.14835295428679,-0.911302261493837,15.10180757594145,-2.0850752963803743,-11.438690921299244,13.08914560711733,3.918467999738185,11.600079094320424,13.2,0.111,1.0523486,126.91487,4.7186913,gaia_source_rvs,18.0
5311897942621843072,-7.642274580633259,-9.1591800785537,-0.34668897150961625,11.928744295908443,-2.2661544299952503,3.802673603845024,-2.5450055028991017,2.3493320359129237,8.024716664345432,9.18,0.115,1.0542254,88.109985,2.802333,gaia_source_rvs,20.0
5311409896910828800,-7.544632783774037,-10.85024138903019,-0.7001164540364734,13.21549174424553,-2.1783895340139896,2.6337120701176895,-2.417608160035627,2.243037917742407,8.117696364867594,10.89,0.11,1.0885658,104.00049,2.750909,gaia_source_rvs,17.0
5313250548085699712,-7.8984202785471975,-4.491580344196823,-0.10592077522904769,9.08621686319124,-2.62452991843534,4.402735894835333,3.8415185206354465,0.9125072439955597,3.704348900078416,4.5,0.119,1.3859783,30.646517,1.6474179,gaia_vari_cepheid,18.0
5313887130948758016,-8.03985786847939,-1.9563721321278014,0.0510763129725425,8.274461098145077,-2.902897486556694,2.7874574143422803,-7.6316664716911475,0.34155833786973133,1.0130747569908736,1.96,0.051,1.0049819,20.6,1.0,melnik2015_hrv,
5311347637061714304,-7.8106852087168726,-5.496486062946056,-0.37385167282201853,9.550819989395087,-2.528378629837901,15.011884520367026,24.98412289034391,1.2731125628987678,2.585604625464566,5.52,0.054,1.1108892,19.103157,2.3921974,gaia_source_rvs,21.0
5313306107783348096,-7.69409235313559,-7.065023112890238,-0.05773230208200137,10.445745963034561,-2.3987911294783615,1.1219844272587396,-11.98312525603771,1.5102286232157736,5.477242868542615,7.08,0.109,1.0781554,73.56091,2.05216,gaia_source_rvs,26.0
5313185367659966720,-7.777959112924687,-5.69655113561039,-0.11694230725063731,9.640920225940686,-2.5094532108329983,11.415585058283154,-39.23898977875231,1.1908578200519875,2.5219960272924973,5.71,0.056,1.0128373,76.14309,1.9864733,gaia_source_rvs,21.0
5311298983669288832,-7.277260241739987,-13.361054879212256,-1.0363450308648177,15.214345339558031,-2.069532108717039,4.185527106284032,18.13989876826716,2.336625510815429,11.253631271355477,13.43,0.112,1.0985367,111.10628,2.6456811,gaia_source_rvs,20.0
5311139245252191616,-7.727727469977761,-6.239308304967281,-0.44795270236511137,9.932106522519913,-2.4623603863513206,-10.157563505496682,0.46798433318772936,0.7954528343270908,2.561550064418477,6.27,0.048,0.8975513,59.393,1.0,veloce_dr1_vgamma,23.0
5311598634949142400,-7.888804057993072,-3.7267333079949663,-0.17010324719741227,8.724779115503559,-2.7002613669645577,13.183165495305898,-10.395277177865438,0.4341077649924701,1.3030784266215278,3.74,0.05,0.9921338,31.555,1.0,veloce_dr1_vgamma,34.0
5409512756735301120,-7.841470148228376,-4.310434940433893,0.27727398699275224,8.948100550467126,-2.638981874348752,-39.15296964278358,0.3418898833951971,3.123971960722404,6.114274570266306,4.33,0.108,1.0323952,46.476425,4.915336,gaia_source_rvs,20.0
5409250351407633536,-7.987894271466137,-2.2623713495970446,0.09659451671944902,8.302094857058615,-2.865595920522883,15.683485404407323,15.636435990639086,0.199217583785301,0.32042561654994944,2.27,0.045,1.0812035,-4.281256,0.24646035,gaia_vari_cepheid,15.0
5311616398935271168,-7.78098013017059,-5.102775665458115,-0.1942653957803238,9.304943378554276,-2.561150104722672,4.715165211748552,6.1015360385333395,1.0985326795500356,4.378969890279716,5.12,0.118,0.9408507,33.5,2.0,melnik2015_hrv,
5310969267622303872,-6.908402256161845,-16.69630639823854,-1.5004522924103658,18.06910814281666,-1.9631152904719937,7.948619846589368,-12.528167759376998,4.201888197007358,10.73860567317612,16.81,0.117,0.99428445,143.29947,4.8247075,gaia_source_rvs,18.0
5312401690755432320,-7.6363334505354885,-6.798030182660472,-0.1824739826385025,10.22383504034225,-2.414206237705164,-15.545979215423419,-10.138186273628236,1.7886273047564514,6.299430440390749,6.82,0.11,1.094027,78.01754,2.2063186,gaia_source_rvs,24.0
5312525488893758208,-7.377417998740378,-10.190023974785786,-0.11669374851614261,12.580257745167529,-2.1974384779344622,-8.67012868840038,11.437600760415535,1.780226524315339,8.95018287728173,10.22,0.113,1.0966508,96.51956,2.189601,gaia_source_rvs,15.0
5312863897941667456,-7.875754220461717,-3.5794670929933172,-0.011981432612836743,8.651016657650278,-2.715009483158526,5.825216358320605,-7.146186393666312,0.47602438773793243,1.435569827226128,3.59,0.065,1.0891335,28.926924,1.0622797,gaia_vari_cepheid,20.0
5310863370918375552,-7.533077495771012,-7.810151485121093,-0.2886813947852938,10.851070121321255,-2.3381380643157605,-5.851142821956204,-2.5340944806485197,0.9430246993287782,6.9329768406575285,7.84,0.109,1.0514635,78.308014,0.9335159,gaia_vari_cepheid,24.0
5312442888077720448,-7.823032401867552,-4.046184147514801,-0.0658249448615496,8.807465135682893,-2.664268643225729,9.866046899834256,-13.500558594605081,0.35574733603725434,0.9817636484160145,4.06,0.046,0.85166866,37.158817,0.59736615,gaia_vari_cepheid,20.0
5312338670678094464,-7.869272504254402,-3.4675465889624917,-0.08232806196019699,8.599379576041505,-2.7265464825310746,9.82556542651976,-15.713265190277866,1.263100445821101,3.4434409314809584,3.48,0.047,1.2431383,34.577442,3.5857172,gaia_source_rvs,19.0
5312803115567175040,-7.512816466389002,-7.8132961661909714,0.11505605361483834,10.83928079893958,-2.33659126686138,2.620229167766372,26.821340295731062,2.896643408155456,7.174964655853291,7.84,0.111,1.0889723,49.870384,4.0679436,gaia_source_rvs,16.0
5312795693863645440,-7.521622623302764,-7.693884448597561,0.09317152560245073,10.759677727318385,-2.3448735092268045,9.171757867669578,9.857982723540403,3.105828267945129,7.538522179561894,7.72,0.11,0.9709235,56.55335,4.8714523,gaia_source_rvs,19.0
5310680130436798336,-7.60918351132175,-6.484118379852722,-0.41178691442652654,9.997172844005183,-2.4358553320099423,3.903960190793475,-35.260995237003385,0.711135411258601,2.127808849204688,6.52,0.046,0.8373019,81.216,1.0,veloce_dr1_vgamma,24.0
5415098722470316544,-6.165140939160149,-23.292481987078396,4.025328946278995,24.094577811575782,-1.829546513875978,-215.4329390299179,-152.3299346437112,3.6754782187597184,13.883936918501272,23.72,0.134,1.0976421,422.57977,2.4733155,gaia_source_rvs,31.0
5312297855621621504,-7.295347395589595,-9.907453203282822,-0.33279443198079633,12.303646719472034,-2.2055036687949747,-1.0104217251107044,2.48232856626322,1.736243249586617,11.339380278467353,9.95,0.142,1.1085641,92.2,2.0,melnik2015_hrv,
5310265099146146816,-7.08760686900725,-12.297841791495532,-0.9425569865787168,14.194051002383103,-2.093629056377718,1.4023440802111367,19.842855266462095,2.557630339863406,10.518715430625354,12.38,0.11,1.0910686,102.60934,2.8074427,gaia_source_rvs,12.0
5310669788148987520,-6.646176220292992,-16.941535307931815,-1.0358937926460707,18.1985515066746,-1.9446478090752735,10.241727359991314,11.581346138944014,2.0868146775965077,13.121155012775443,17.04,0.127,1.1486608,131.81021,2.1428258,gaia_source_rvs,21.0
5312279297048510208,-7.280302578246865,-9.694831347827263,-0.3430322937644768,12.12404884902903,-2.2149031123255107,-37.30379439606684,-23.66806438540084,2.6564377500591383,6.158399882620048,9.74,0.067,1.3673747,135.42947,3.5518477,gaia_source_rvs,18.0
5312133135038169984,-7.2306271641493165,-10.195503901219315,-0.24759524158835117,12.499210734550893,-2.1876685586887943,-19.334153556644605,0.8928514059304291,3.092270996004846,9.553893152719725,10.24,0.112,1.0752944,110.097855,3.616019,gaia_source_rvs,21.0
5312666569969989120,-7.680608494533632,-5.168722176603715,0.014687921295636727,9.25783105188344,-2.5492475754961146,29.383859959353167,-11.477963855621539,0.9931429623445154,2.5688006769474288,5.19,0.11,1.0624592,35.32788,1.7740309,gaia_source_rvs,19.0
5302258008774271488,-8.042000696608978,-1.1773322744126942,-0.2520369234618559,8.127723327515096,-2.996227358381633,20.271765188602494,-9.526739123723758,0.25183188590225036,2.7407971067188375,1.21,0.046,1.042181,20.129005,2.6469665,gaia_source_rvs,31.0
5312196047720402048,-7.821798123783655,-3.393865256024795,-0.03992433890687203,8.526361900909306,-2.7322092352000134,7.046321623519751,8.24782418047883,0.9313516941999633,2.780730143939741,3.41,0.049,0.8546045,10.634104,2.8219457,gaia_source_rvs,18.0
5312574309758193664,-7.786852620970045,-3.692170987688076,-0.004436128680179123,8.617841977144487,-2.698834418722828,5.570020284642417,1.1679529758981744,0.3061530973264168,1.0203557539955546,3.71,0.051,0.93573815,20.112738,0.5078795,gaia_vari_cepheid,24.0
5312597197656348160,-7.202356458745234,-9.573210792304145,0.008719029940701114,11.979995969645305,-2.2157964927151825,-0.00024040856907990877,10.62002257905732,3.698854060387282,11.566986515900874,9.62,0.143,0.98110235,81.77043,4.4883804,gaia_source_rvs,17.0
5310517162188587008,-7.752043628999315,-3.9267928496193267,-0.15080137565788926,8.689872410440232,-2.672719283051069,4.751252496891296,22.907471181643814,1.1829530700878508,3.0613950823316562,3.95,0.053,1.1626003,2.4114232,3.1532483,gaia_source_rvs,26.0
5310000975838086912,-6.7858498884756004,-12.82432298499965,-0.9222604825014292,14.508997854177064,-2.0574825105484327,-2.270525370700591,4.2180277865967355,3.2431722327738437,10.451232372318083,12.93,0.111,1.0466664,118.06438,3.4618084,gaia_source_rvs,22.0
5309174967720762496,-7.871766807091947,-2.6050317216522076,-0.022732113853232653,8.291616424802152,-2.8220034583086533,4.6039509364600635,-4.220785070384352,0.667050652453364,2.8889492853548115,2.62,0.045,0.9689342,16.917244,2.835735,gaia_vari_cepheid,12.0
5310495275034489088,-7.0957429946266215,-9.805134349633946,-0.4004389920744878,12.103314763326791,-2.1972363051568533,3.710922209100172,2.742611444532315,2.1827191629420377,8.023302028368178,9.87,0.11,1.0929871,86.68412,2.5176513,gaia_source_rvs,30.0
5309114391501007744,-7.730540317760843,-3.7355658563018106,-0.07936969479683015,8.585785105119612,-2.691457447238756,21.372719339181558,-0.6662797598041266,1.4816513283137418,4.075183376403952,3.76,0.061,1.2307695,15.749559,4.1859117,gaia_source_rvs,19.0
5309930194773990400,-8.026818142383915,-1.0700342526079158,-0.07357834978938788,8.097825806514841,-3.0090666022463317,-43.655053234130975,35.48341684817498,0.8277416402072657,0.7913239954255785,1.08,0.037,1.0308983,-28.037495,0.7535398,gaia_vari_cepheid,33.0
5309426652799793536,-7.6749913751109915,-4.10239935911437,0.045350566929922724,8.70259576848713,-2.650715659845456,9.429292656843778,0.07030353011148804,0.3291546661621757,0.936797928416917,4.13,0.042,1.0807166,21.497978,0.643613,gaia_source_rvs,32.0
5309476057793656960,-7.491372329950867,-5.671739970958534,-0.035460208415158574,9.396238273060245,-2.493561144100372,29.561497156062796,-6.110081701431454,1.3685141684183975,3.31215003251228,5.71,0.108,1.071553,32.6414,2.3874464,gaia_source_rvs,27.0
5309498980053456128,-7.523852180930399,-5.36354496729785,-0.012572534152646201,9.239911593555277,-2.522279777055931,-10.20744250414022,9.448758742817347,1.92482440045758,5.151333454339453,5.4,0.111,1.0423241,35.23875,3.1977706,gaia_vari_cepheid,29.0
5308955099751277824,-7.375004229776533,-6.470739500242395,-0.19277948117104554,9.81127703559628,-2.421411812377754,13.13403611831504,-6.221440906094898,0.9072334679301437,4.484228712541257,6.52,0.111,1.1569061,49.228428,1.379629,gaia_vari_cepheid,22.0
5306782361701536128,-6.300312215377863,-14.978759416451723,-1.3128050894544256,16.249835927392642,-1.968948194456789,9.25294142120704,13.244856666488971,2.4946177811370087,11.605393708621023,15.15,0.115,1.1534346,117.707596,2.6546295,gaia_source_rvs,14.0
5308893149150949248,-7.659582572189687,-3.939223140338571,-0.04847793418436181,8.613169226804432,-2.6665809426915423,14.44246431900264,-14.099523386431997,1.490713496998742,4.074474133122932,3.97,0.047,0.90529966,31.003887,4.6424274,gaia_source_rvs,10.0
5309347694118924928,-7.162791141893049,-7.837975222662286,0.04508211192389349,10.617882676572078,-2.3112148760497573,-20.52526264836975,-17.004558132584435,2.7711610579766677,7.968418503694962,7.9,0.11,1.0070304,93.133446,3.416288,gaia_source_rvs,19.0
5405496240766414464,-7.047257872430658,-8.747001711670245,0.26303630640859493,11.232714830551789,-2.248989265445573,-10.955068831724702,-4.258832997401697,1.8228634342992693,7.956354696358834,8.82,0.109,1.0700873,87.55365,2.0961604,gaia_source_rvs,21.0
5307352802074147712,-7.763390816257759,-3.0104395809569975,-0.16593017065499566,8.326642987215667,-2.7716703295408975,-14.945680211634517,-5.476904098677352,0.5846384138173685,1.1716897536310977,3.04,0.041,0.9860327,23.43631,0.91511863,gaia_source_rvs,30.0
5306715532007314688,-6.745443840524302,-10.816283217501216,-0.9628721221242774,12.747274031998593,-2.128415534117516,4.018849860297343,-34.630456248837305,2.781557447025329,8.258478440240182,10.95,0.116,1.0585699,117.87436,3.2174435,gaia_source_rvs,21.0
5404862853352596736,-7.195394306251865,-7.2205830040153085,0.3153589917272645,10.193650873966426,-2.3544472155131553,9.280478257149905,-8.133404426337421,1.68229006566128,4.0937905672120145,7.29,0.069,1.2961899,58.41903,2.8953164,gaia_source_rvs,30.0
5308685994283683840,-7.001366186364464,-8.61982931574209,-0.25753458513559485,11.104980229973146,-2.252955971988311,-7.83918663020076,11.315164774649332,2.425928007713137,8.804407555456157,8.7,0.11,0.9989466,72.587135,3.2161398,gaia_source_rvs,23.0
5307166778452154496,-7.168598633251117,-7.364238415754359,-0.3925547146974085,10.277198733542232,-2.3427333906850905,22.85334801884871,-5.9960591569626445,2.13884711028264,5.610972815790807,7.44,0.114,1.0138768,51.221992,3.4740696,gaia_source_rvs,23.0
5308596968207677312,-6.887740909824393,-9.14263379467846,0.11437594197796613,11.446778042072154,-2.21644760133148,-4.086272392503349,12.83862811382653,1.8806642737196124,7.959675950311853,9.23,0.112,1.090359,74.09389,2.2582142,gaia_source_rvs,20.0
5308026081150238976,-7.42708730510578,-4.996858227722047,-0.10083800265037862,8.951548356883125,-2.5493638888553245,0.9244586543420855,2.1572592333566263,1.4917647294502423,4.57326520506547,5.05,0.114,1.1279137,29.018534,2.946234,gaia_source_rvs,21.0
5308494438744151936,-7.294282457887546,-5.787002386354588,0.03472404102410114,9.311066168550177,-2.470912746534329,-18.167052898616465,-0.1710951733552406,2.031873381501688,5.863565894059507,5.85,0.11,1.2558333,49.09572,2.8706536,gaia_source_rvs,8.0
5308393455470209152,-6.975173246699834,-7.943492328780619,-0.03470053337933005,10.57128715903951,-2.2913788599674376,0.3084487787907583,4.458438151064371,1.4387424211936077,7.3801483912748305,8.03,0.109,1.1389678,62.13172,1.6934218,gaia_source_rvs,29.0
5406720409514852352,-7.221195903829017,-6.268296384869219,0.5489950135651148,9.562280577876885,-2.4267174742118374,9.535566107720905,5.91611000458704,1.9043270885194323,3.495844410918062,6.36,0.04,0.91923136,35.748657,3.4482746,gaia_source_rvs,25.0
5307968631664881920,-7.367089954483005,-5.179809600878112,-0.11377810012532358,9.005800458526354,-2.528788394841627,29.839990736744667,-2.1388024921639612,1.3175623048497065,3.685207250434685,5.24,0.135,1.1415075,21.194452,2.3812006,gaia_vari_cepheid,28.0
5308298210294066304,-7.406328819538792,-4.863461825098172,0.015247379800712831,8.860415763795631,-2.5605477036623867,8.567232731062761,8.092047238233704,0.30173010623242247,1.1050967847676012,4.92,0.04,0.9016349,17.782488,0.47297183,gaia_vari_cepheid,20.0
5308272543568041600,-6.879075155184587,-8.050282111820236,-0.009083421118487204,10.589084807978956,-2.2779049107578646,30.279382200292854,24.764060448307703,2.806696793665675,6.615242764070701,8.15,0.113,0.97294813,27.287426,4.1653795,gaia_source_rvs,14.0
5307731377673085952,-7.56684476261414,-3.6118865242210187,-0.09353468952211991,8.384680311457942,-2.6962444778893393,-6.640084208248591,-11.387093029966962,0.52083461015979,1.0972016475542399,3.66,0.043,0.920809,28.625378,0.8319559,gaia_vari_cepheid,18.0
5306263697137648000,-5.974479123098255,-13.336764277138204,-0.6718002325397455,14.613818192939402,-1.9919613728533634,-4.3834530005689665,2.0694001174127834,3.451850724388309,11.394722546589756,13.53,0.113,1.3352871,119.6151,3.8475358,gaia_source_rvs,23.0
5308216910823777408,-7.302418223881249,-5.13045456554808,-0.0011505313708915542,8.924509844558754,-2.529144434359998,26.45752242570377,-19.766667118433162,0.6327116399611432,1.5207169592899052,5.2,0.054,1.1306825,36.505985,1.3750798,gaia_source_rvs,19.0
5308216021795779328,-7.219618449956343,-5.623548599812304,-0.004234995688483127,9.151349049041947,-2.4798344451533496,22.716501568562673,-8.128880248894887,1.2263781457778038,3.1140326172901953,5.7,0.081,1.050856,32.04836,2.3818038,gaia_vari_cepheid,20.0
5308083461913826176,-6.924332654180173,-7.327515374294101,-0.09530945455532308,10.081610202059107,-2.3279121780965744,-4.246809894918412,-7.594516011540833,2.391784859713645,7.004503372501613,7.43,0.11,1.0812511,64.77973,3.469961,gaia_source_rvs,16.0
5307634792446532224,-6.954557045063254,-6.792072463659455,-0.21511783010827706,9.721013941181237,-2.3680138976297807,0.9801730992069394,-8.81879682995799,2.2637523853998363,8.296344668652726,6.9,0.152,1.0569568,55.063957,2.7931256,gaia_source_rvs,19.0
5257939993613539456,-7.117667479097341,-5.5968546049130214,-0.3099551147331599,9.054610527876724,-2.4752411747472545,10.263849600327449,9.17245485075577,0.8744961985138547,2.374127195879808,5.7,0.054,1.1464612,19.747494,1.7851954,gaia_vari_cepheid,20.0
5260109123897149696,-7.217081436273154,-5.013906880970063,0.02560485227592862,8.787805566171654,-2.5344138707626827,-5.988461128593795,-2.7341728569089128,1.227878294263244,3.545086942022261,5.1,0.094,1.1842464,31.291027,1.8714916,gaia_vari_cepheid,21.0
5259873381716781952,-7.492296163354255,-3.3968725401309365,-0.011383439619382655,8.226374952146815,-2.715929780298603,8.016246644289378,1.3838554124257598,0.31638494354730423,0.8812670349245432,3.46,0.048,1.072456,7.5557995,0.7839002,gaia_vari_cepheid,31.0
5257722221591844480,-5.65340547280419,-12.444116532646731,-0.8367521921508697,13.668102637821537,-1.9972232628596325,-5.231621484159729,-5.04349007504365,4.088543275005817,11.010577178518883,12.72,0.11,1.0163679,113.86333,4.5681043,gaia_source_rvs,16.0
5257664497238811776,-7.66327607455677,-2.3772094181473804,-0.1244115438338042,8.023523216929258,-2.840797246049523,12.748942684751665,-5.354798585990409,0.23179807067524408,1.4220465938976907,2.43,0.043,1.0175964,9.274982,1.3055499,gaia_vari_cepheid,13.0
5259794835353580928,-7.388117042178412,-3.681971594380865,-0.009411894518077727,8.254767607313646,-2.679254697326447,-30.7754971516831,-9.67867978271849,2.206182860980303,3.4064702941280505,3.76,0.111,1.0203712,28.640446,2.2036345,gaia_source_rvs,24.0
5259074689597694976,-7.537675914136647,-2.9266292416387554,0.0071639080574099024,8.08589617201277,-2.771241852549873,1.482845639683138,-25.656192621133954,1.6569719143531076,2.675867236327488,2.99,0.124,0.9544382,31.431955,2.4967437,gaia_source_rvs,29.0
5259062663689285248,-7.451180027136197,-3.30695675410782,-0.004000829637840046,8.15205782427558,-2.723892799438226,-1.3970531803866382,-6.567204029760461,1.0611688850751326,3.4183532187571717,3.38,0.11,1.0155973,15.066807,2.96739,gaia_source_rvs,25.0
5257089521376773248,-4.920131281215132,-15.247856294754389,-1.2908172690722615,16.022010279920327,-1.8829256453115408,13.136493150352509,37.696296391105165,2.4355930025102075,13.460700240725362,15.64,0.118,1.0111711,97.79533,2.7178786,gaia_source_rvs,19.0
5258996486831569024,-7.3361940162131765,-3.7322654912018005,-0.012308551374545177,8.231011380160876,-2.6709720860373647,-8.085518440543947,-3.2483805198586424,1.3626482512784008,2.414936669470875,3.82,0.122,1.0693828,15.755269,1.1669136,gaia_vari_cepheid,27.0
5258904608895410688,-7.618303597934591,-2.4321705389389283,-0.03862911759118765,7.9971246858346285,-2.832566960883773,15.111800233777595,-16.398023319489454,0.3071952317188446,2.2802862474311043,2.49,0.049,0.9995051,18.67018,2.3038285,gaia_source_rvs,16.0
5258355780806662016,-6.320441858952771,-8.221935772818398,-0.33713091930750144,10.370545460329135,-2.226176745256649,13.638859543383482,11.43064868152706,2.7037157389224196,7.657553670763947,8.43,0.115,1.2168859,43.497807,3.507014,gaia_source_rvs,17.0
5355057622307185280,-7.627860801198828,-2.3417088233337577,0.06691971828487359,7.9792142856138915,-2.8437316019773333,-4.765081114685809,9.616794593757191,0.5616056903330099,3.4517487320256075,2.4,0.068,1.075225,-6.4469004,3.6602867,gaia_vari_cepheid,20.0
5258316816862048384,-6.538780518179549,-7.151798395120915,-0.3569327209821905,9.690400969484106,-2.3114477571478727,0.008786970488890964,14.91437849540688,2.378183009259633,6.943255837381543,7.34,0.107,1.0242631,35.38812,3.6321368,gaia_source_rvs,20.0
5258849358433312000,-7.004681563171068,-5.082056807527663,-0.06555303897131931,8.654066396577214,-2.5139418085969845,-10.341951237783967,1.272237974840749,2.054860058778834,4.7168667259040955,5.21,0.113,1.0057337,25.254524,3.4054172,gaia_source_rvs,18.0
5354903999912306816,-6.708798177219865,-6.307259131048383,0.053717310845829695,9.20812091193756,-2.3870342236677584,-8.277171289236115,-12.115109815987324,3.067737468054816,6.366508342800371,6.47,0.117,1.0253704,50.55843,4.570015,gaia_source_rvs,19.0
5258806443119358848,-6.825864668202173,-5.7375754067579035,-0.13233682230840188,8.916961366791037,-2.442602305565567,3.977588809988623,-15.18188167255613,2.413833481664498,5.662160008632547,5.89,0.135,0.95749736,40.648746,3.3715386,gaia_source_rvs,19.0
5354898841641168768,-7.071526171326446,-4.666763897029332,0.053592963842436996,8.472612800215249,-2.5582633221217264,3.7933234577156094,-13.56040078767029,1.227070012296423,3.4437118109301785,4.79,0.053,0.9066308,28.427595,3.2874002,gaia_source_rvs,21.0
5258280842214814336,-7.241277690451489,-3.871049943045212,-0.16654498086381958,8.211037099647083,-2.650664412917033,-8.792419380223055,9.565625060328188,1.30920969139723,3.6681816252345705,3.98,0.111,1.1193956,3.7412386,3.086568,gaia_source_rvs,12.0
5256730565191453440,-4.740563673936994,-14.313849914253726,-0.8645903547303982,15.07843636835174,-1.890614106591543,6.645113763326298,33.241358757656826,3.5120258141660154,13.372589302135594,14.74,0.113,1.1085982,96.1711,4.0750113,gaia_source_rvs,16.0
5258574068224211200,-7.425905677429777,-3.003142171106341,-0.06469401491919352,8.010177153469273,-2.7572866793082724,9.945034300793743,0.4646340492234913,0.37722481148530274,2.0352737176057354,3.09,0.037,0.96516263,2.1606972,2.1581378,gaia_source_rvs,15.0
5258677353585072512,-7.199899593935158,-3.9262914765355985,-0.050606916887114,8.200873058489794,-2.642345111108694,6.678802796291494,-5.027840638518114,0.7884456144636577,2.0992027146555046,4.04,0.112,1.1397339,12.6547785,1.5758557,gaia_source_rvs,26.0
5351824267845915392,-7.099871685551799,-4.313807199652896,0.04911037869072248,8.307653730571424,-2.595611348505269,2.929783883592929,-4.521652529848382,0.8819807757895688,2.650682246942291,4.44,0.111,1.2735971,15.703963,1.6786165,gaia_source_rvs,16.0
5258701817720259072,-7.185728868878657,-3.943756719580798,-0.01832648709700752,8.196823557956755,-2.6396467531846706,16.491789284637477,-2.8262715077468954,2.279269134663703,4.4461801306061375,4.06,0.131,1.1589137,7.722844,4.040355,gaia_source_rvs,14.0
5258155016852594048,-6.889884288780043,-5.093473845596543,-0.17095751804404374,8.568195920294663,-2.504995211240383,-2.6621604197048634,-12.535023036901066,0.8853974594700617,2.649971628908029,5.25,0.085,1.2072475,32.995136,0.8534786,gaia_vari_cepheid,14.0
5258119798119216640,-4.671605578527527,-13.992150037905088,-0.5822265316666698,14.751412182044703,-1.8930327898871362,16.103626953332196,17.407726319880027,3.3699528760852,13.318435095371536,14.43,0.121,1.0666529,92.61943,3.7693958,gaia_vari_cepheid,15.0
5258108253247568768,-6.946211874271457,-4.817882293348633,-0.19402148715784656,8.453511057237227,-2.5351759157863407,-8.910670052296068,-15.13388858545025,1.7143344904136217,4.35729813180817,4.97,0.107,1.0477496,34.164646,2.7892957,gaia_source_rvs,14.0
5258109833795329536,-4.801195869540104,-13.397157748307457,-0.5367984348018938,14.231490347490789,-1.9149119035619344,-30.08607254870589,-26.32349928926152,4.478411154605074,13.383032476298117,13.82,0.119,1.085015,150.18707,4.442103,gaia_source_rvs,17.0
5258517237211885312,-6.709100960348477,-5.75978437781255,-0.17421985632419817,8.842349901188165,-2.432182733540317,7.081189215194847,-8.318886667746511,2.153019539631062,5.138961022219375,5.94,0.107,1.032455,30.96769,4.6291423,gaia_source_rvs,11.0
5255524297852581888,-6.695958764683126,-5.7779411687395426,-0.14538185272452392,8.84423359753416,-2.4296571254968855,1.6105456720181266,-7.449249624157858,1.594498017311911,4.870317592820757,5.96,0.11,1.0477833,32.586353,3.0255628,gaia_source_rvs,15.0
5255092670818771968,-7.1233877125339236,-4.017142633938683,-0.17095418738289264,8.17802466641469,-2.6281121767212885,-3.119240946221064,5.709884622572616,0.9080396752507571,2.1926969471222333,4.15,0.116,1.0403857,4.393589,0.9565747,gaia_vari_cepheid,11.0
5351749294895015168,-7.228778536910195,-3.583372745618089,0.03368157480838468,8.068196785511123,-2.6813834927080133,-24.69086460970842,-2.0869901382145315,0.7117958700689395,0.8680119769601877,3.7,0.044,0.8798177,12.382424,0.4149178,gaia_vari_cepheid,16.0
5255499936802087296,-7.287910940091479,-3.3287364779068715,-0.0940947449092065,8.012124088533135,-2.7131415360512503,-0.023076430931971665,7.014258315954436,0.27832726597913293,0.6038024783318138,3.44,0.043,0.8641007,-3.066847,0.44314575,gaia_vari_cepheid,13.0
5353763875087502848,-7.162063486696941,-3.787008005406045,0.2267588519156209,8.101640761011748,-2.655203151140788,20.418509291297646,-5.102418129025551,0.38737170789643877,1.1793532275109122,3.92,0.064,0.9846402,5.922674,1.0935187,gaia_vari_cepheid,27.0
5255066591776722432,-7.476237569894798,-2.561312820336395,-0.08518255030963834,7.9028128894164045,-2.8115309388662793,9.043477691536863,2.417642217601923,0.3102883017787341,3.669378125271719,2.65,0.034,0.84642965,-2.5163162,3.7008934,gaia_vari_cepheid,9.0
5351721738384434048,-7.711180528315668,-1.6630753837830183,0.009900894171556093,7.888480517337908,-2.929175554789457,3.6263597679564157,-10.231733236156686,0.29897224280682855,1.7953764988670133,1.72,0.043,1.0164715,10.051124,1.9727846,gaia_vari_cepheid,16.0
5352181712213705856,-7.230511603414346,-3.4783672201811635,0.13002302170876184,8.023673508159485,-2.6932050899306987,-26.307465857692524,0.29342859443721636,1.1031615324727857,3.6471613121935387,3.6,0.049,0.8758907,8.039286,3.6606321,gaia_vari_cepheid,12.0
5255023229784343552,-4.764497100972406,-12.786378400671692,-0.5814498115970356,13.64521547027888,-1.9274813166958777,-11.918502425880856,2.6049882998977694,3.498998745105603,12.18133020312082,13.24,0.112,1.0204915,112.629524,4.0643163,gaia_source_rvs,13.0
5255564838021757056,-6.636190227127436,-5.690929519452973,-0.1120023187569475,8.742179335040143,-2.4327261142755776,-12.221726293554859,23.143859229003965,0.8769943679545623,3.6072357108063695,5.89,0.075,0.96703935,8.628866,0.7763695,gaia_vari_cepheid,12.0
5255410326607415296,-6.2538515576513145,-7.090377698702287,-0.07679345157932099,9.454317279179524,-2.2935881826990423,3.190400755428912,2.361627209168489,1.703484433508797,6.260030704232119,7.34,0.112,1.0490491,37.283863,2.4428127,gaia_source_rvs,12.0
5255052091966305664,-6.297249041563346,-6.910511880060369,-0.27333026795692833,9.349359332912924,-2.3097958088523947,13.943951602561274,-3.231384605489154,2.413261146139876,6.8512768375519455,7.16,0.117,1.0333928,34.862144,4.1901636,gaia_source_rvs,9.0
5255239283837540480,-7.022845300536847,-4.126709697031983,-0.12938344415961717,8.145556398359187,-2.6103316153947405,-18.830887385537036,6.93724844905347,1.6192139664193788,3.2488036905002073,4.28,0.11,0.9291989,5.9,2.0,melnik2015_hrv,
5255270173244914048,-4.829829075493081,-12.098866248838556,-0.30500418371718624,13.027271909565837,-1.9506101258676933,11.174811740562852,40.86409220490563,3.570715629648569,12.952622669675307,12.55,0.111,1.0298321,64.066284,4.740249,gaia_source_rvs,13.0
5351481769983255808,-6.504386810658126,-5.98790057425667,-0.027817440308966882,8.840927613652696,-2.3975153656220423,-19.84071060748329,15.520448567141045,2.081903100621639,6.207416352411229,6.21,0.109,1.1467239,21.582647,2.8118277,gaia_source_rvs,13.0
5351473592368130688,-7.174518238765094,-3.5378764439206702,-0.02223484630220113,7.9993925826166175,-2.6834666428454628,-26.71058308177015,-2.825891394970597,0.9202413140029737,2.3509565671859733,3.67,0.037,1.017976,10.861496,2.3280768,gaia_source_rvs,14.0
5255256669866274816,-7.329834016636541,-2.957382740085472,-0.0727184923739384,7.90395972806021,-2.7580967670160033,19.35969155317295,8.94124977395515,0.5656348893270021,3.396611481943041,3.07,0.083,0.99304307,-11.300731,3.2093363,gaia_source_rvs,18.0
5255216468969556736,-5.940906738614517,-7.954443744075159,-0.2671534141314425,9.92811906428261,-2.2122889112310653,9.462026644571774,33.034449885596274,1.7954169960208688,8.07328853871074,8.26,0.11,1.1827091,18.860563,2.726554,gaia_source_rvs,13.0
5351433730743408768,-6.965310483754356,-4.258226536955297,-0.015040380349322483,8.16382529058092,-2.5928710120341925,16.399564673105992,-10.730686063315687,0.6421781091379434,2.445246654431534,4.42,0.081,1.0029892,13.712311,2.2958965,gaia_source_rvs,12.0
5255254711361371520,-7.309557533584776,-3.0140856715105144,-0.07096662586718222,7.90660127817199,-2.750486482645167,2.523551600540796,4.209796223448279,0.46587669097483464,2.684005471430424,3.13,0.064,1.1657516,-3.818984,2.8606765,gaia_source_rvs,22.0
5351454827627440512,-6.8716614399084515,-4.574732284762014,0.01890870201874478,8.25517452401635,-2.554232629482201,-12.318972447347228,1.4377539149411689,1.382048320657214,3.8138138243162234,4.75,0.096,1.0804751,12.924476,2.8117843,gaia_vari_cepheid,16.0
5255209665741407744,-7.023571579770384,-4.02256003413637,-0.1447463536334586,8.093920370524375,-2.6214713854929825,-9.479128443776355,1.7541465934679934,0.5323974636949386,1.3554142449100282,4.18,0.042,0.84746104,6.638,1.0,veloce_dr1_vgamma,30.0
5351423049186195328,-6.586452983223185,-5.574758568510513,-0.033144954308428405,8.628980009096729,-2.4391936389895097,-3.9390590061533173,-1.3240569844356571,1.1181271437988751,4.170451697278248,5.79,0.102,1.0035381,23.65,1.0,veloce_dr1_vgamma,75.0
5255219492627430272,-6.219302971313199,-6.880781683554738,-0.21756853825453432,9.274960163026446,-2.305743107278553,3.410494587441206,14.059607869096482,1.2548939450383216,5.9886019370880765,7.15,0.109,1.0371938,23.196934,1.9212828,gaia_source_rvs,19.0
5255309098485373824,-6.806871996567501,-4.77392905323747,-0.07943259843803424,8.314078721241437,-2.529968177768553,8.576553094440813,-12.775430179845642,1.1332620728384248,3.0597155604080037,4.96,0.049,1.022786,21.653305,3.137858,gaia_source_rvs,15.0
5254662177677566464,-7.341434145736756,-2.8630269792459826,-0.16683913236618825,7.879947893233809,-2.7697522261542935,-5.522441662022798,-4.968281364559317,0.6522275182960819,4.796020405701846,2.98,0.048,1.0672319,4.6384997,4.730331,gaia_vari_cepheid,10.0
5255171148472082176,-6.824944309367526,-4.683715114787968,-0.1492419089252484,8.277502769704245,-2.540144938835717,-5.945750238807131,15.480778442918705,0.5036303205663374,1.6482420585285769,4.87,0.054,0.87646896,-1.1361661,0.77124494,gaia_source_rvs,18.0
5255199834515762688,-6.913569471687971,-4.345960194368652,-0.11397437726823517,8.16607695597419,-2.5803993869114517,-2.361744084077102,-14.576946919264742,0.7461819272712694,1.717773192326149,4.52,0.068,0.9067584,22.841473,1.1163778,gaia_source_rvs,12.0
5350688609777998720,-7.439032025938145,-2.4801038449069943,0.0020218968331790444,7.841563145473984,-2.819790500271269,15.096281207822349,-6.013521996272004,0.26732868839038226,3.017863147420089,2.58,0.045,0.99552786,3.3794434,3.2033174,gaia_source_rvs,19.0
5351331755370445056,-7.46975588686235,-2.3723129731844805,0.10699693902512303,7.837418060308773,-2.8340782021059985,-6.675194721870999,-8.831928648790267,0.5834455718340247,1.0094667648366504,2.47,0.063,1.0193465,6.393,1.0,veloce_dr1_vgamma,73.0
5255147955647154048,-5.303031783438066,-9.809255690654789,-0.34333425320414795,11.150948089772353,-2.0664057017635096,41.75111679317386,37.49008337522508,2.768878014286554,9.140214462191013,10.22,0.11,1.1845938,15.9380045,3.8764713,gaia_source_rvs,16.0
5350654937233412864,-7.271200523626346,-3.0248173428439467,-0.020858766180143654,7.87526996441097,-2.747369958917913,14.664493805125597,-12.11161884210182,0.35708156832467586,0.4379392595187769,3.15,0.062,1.2134143,9.455335,0.42638603,gaia_vari_cepheid,19.0
5254431348962030976,-6.381170740528658,-6.085755614053645,-0.16893687149339792,8.817922738024217,-2.379885963553416,10.02511877201522,-32.66998266960704,2.376525613711294,5.184756608157897,6.34,0.108,1.1224496,49.813942,4.5773587,gaia_source_rvs,13.0
5254423063911249024,-6.735922811149493,-4.855961266350799,-0.1482242083708541,8.303795273130435,-2.5169737529253595,-3.3664738088710195,-14.465270441089928,1.293428949292206,3.4912451992828553,5.06,0.059,1.0767188,26.66398,3.374296,gaia_source_rvs,12.0
5253058471238877312,-4.495544629911327,-12.532083012176177,-0.9640178637014541,13.314016153798194,-1.9152208327636948,7.015695547742582,19.422357350860295,2.346585377496155,11.365003232287936,13.09,0.109,1.0561514,82.57663,2.7282116,gaia_source_rvs,21.0
5254420143333371264,-5.533976474370556,-8.888777304252692,-0.27551362695384013,10.47068563101216,-2.127653646019416,5.274033962283218,45.23763856086808,1.772604489420122,9.192179832522154,9.27,0.111,1.0665758,23.375187,2.3203914,gaia_vari_cepheid,17.0
5254518760118884864,-6.899955460587918,-4.22810883240478,-0.08717680702134684,8.092359955955763,-2.59183388580237,11.317914362255276,-14.991814937925113,0.6820987585503041,2.4060523457984444,4.41,0.067,0.9025713,17.373293,2.2407992,gaia_source_rvs,8.0
5254512193075687168,-7.037365898670203,-3.7575783680774184,-0.08965405418179412,7.977713581221729,-2.651157906643295,-18.907602186356606,-12.638072676379437,1.0559240679294706,3.3177175341028984,3.92,0.055,0.88828677,18.416754,3.1441727,gaia_source_rvs,11.0
5254517832405827712,-6.266584165107378,-6.344709060680181,-0.1422116068168467,8.917702067407934,-2.3499997332531817,-12.994208255156604,0.9845686029873377,2.422669981973475,6.375428086494353,6.62,0.108,1.2210305,33.702667,3.9859853,gaia_source_rvs,8.0
5351161399793209984,-7.623189513203223,-1.7729825588118011,0.04430093409205065,7.826652254192877,-2.9130776223999297,7.234625280628455,-3.837863750104276,0.2941898264534266,1.0403334937825797,1.85,0.132,0.9155577,1.581,1.0,veloce_dr1_vgamma,95.0
5253073791348232320,-3.886163876019947,-14.304749338049028,-0.9922292765684576,14.823229179085658,-1.8360635549238857,2.4625423367562376,4.581654931457621,3.5514266784881396,13.391518327998584,14.96,0.113,0.97698975,109.85784,3.5994854,gaia_source_rvs,11.0
5254404136047673728,-5.930220707439221,-7.431673594797209,-0.24029607760884059,9.507748948018506,-2.2442956176816033,-10.667556633652994,10.335867899054676,1.7982573009500604,7.29718859920833,7.76,0.109,1.0171274,38.92856,2.1358275,gaia_source_rvs,17.0
5350977643913585280,-7.548719599297108,-2.001066159573337,0.05344096874352227,7.809445138023691,-2.8824657910811924,2.7561217599337695,8.27676541904259,0.22055577003799476,2.12124141468971,2.09,0.038,1.2492386,-11.4,2.0,melnik2015_hrv,
5253950278254205824,-4.520884113565081,-12.070225461464648,-0.6297862837065079,12.889093678722125,-1.9291710498329864,18.844094596344036,31.495361674091384,2.9569374490487847,13.20889685395909,12.62,0.117,1.0332955,60.750008,3.3437076,gaia_source_rvs,10.0
5350606696159111040,-6.647874924083915,-4.967831001125441,-0.014018604727215115,8.299011137599873,-2.499833940441839,4.283006069371729,-24.759033110595198,2.2045688707197226,4.288985866146363,5.19,0.145,1.0454326,33.26591,3.1470761,gaia_source_rvs,16.0
5245796334347122944,-7.7748871677998475,-1.2385897440703038,-0.19769252271999088,7.872926712864465,-2.983613693967646,14.207435794899828,-8.722031531349074,0.18626954584692687,0.9737251721569565,1.31,0.03,0.9720787,10.812,1.0,veloce_dr1_vgamma,94.0
5350555981191990400,-6.63562113218059,-4.974327022374087,0.05777752894139925,8.293093339361535,-2.498321984916714,7.567536158515148,18.862176540853596,0.44907544142943917,3.203157927959273,5.2,0.121,1.1402667,-9.1664505,0.7741819,gaia_vari_cepheid,13.0
5254292673054318720,-5.290610993906258,-9.25708906592609,-0.15669479156011162,10.662282244591452,-2.0900113166956076,23.615225014765286,37.74343882469091,3.4005919453437907,11.903082395639084,9.69,0.143,1.04057,19.769144,4.672566,gaia_source_rvs,13.0
5350409780509559040,-6.535270293227972,-5.226153453458968,-0.0240643076354799,8.36794106842592,-2.4670442033349045,29.16409886674412,12.439827138564937,1.6644882214560766,4.199055479105133,5.47,0.129,0.8858139,-8.914397,3.8063655,gaia_source_rvs,16.0
5253795384552296448,-7.446051026059399,-2.2695143733459275,-0.12927004146995064,7.784238650857512,-2.8457431863254854,13.686891843494589,-10.752977356580857,0.17541072539584648,4.779283672276436,2.38,0.039,0.9414134,7.1650567,4.644623,gaia_source_rvs,14.0
5254295559276699392,-7.38114260120987,-2.4710134278264966,-0.09963702277607217,7.7837762981662095,-2.818546206911298,5.760462135555397,19.417761759681923,0.1826618328328575,1.5806635895294456,2.59,0.04,0.9463451,-23.3057,1.6722794,gaia_vari_cepheid,10.0
5253884788591163648,-4.522145803350081,-11.610128143977128,-0.6237947430467173,12.459730261379118,-1.9422184037522938,16.40205926504226,23.000128421703323,2.3520446867213787,10.967531062746296,12.18,0.111,1.0452076,62.658665,2.6077511,gaia_source_rvs,12.0
5254279856871310336,-5.262143393483646,-9.237206597852204,-0.18609647054390616,10.630904892105274,-2.0886144294688878,-0.21573337939365317,58.37382936402386,1.470107069878434,10.548878443515587,9.68,0.117,1.0521121,20.174269,1.733609,gaia_source_rvs,13.0
5254136233176046464,-3.689159206562141,-14.10138479663161,-0.5347432693097206,14.57597162572826,-1.8266782156871841,-2.319956249341583,23.049042971086777,4.252517640940499,14.19250888517191,14.8,0.114,1.0209761,100.74098,4.5951095,gaia_source_rvs,14.0
5253717937706836480,-4.95231648352621,-10.061622426691496,-0.5078090101207172,11.21435171600689,-2.0281833617464002,-64.35116650954107,7.632372808410963,4.275518916791994,16.36735202787232,10.57,0.123,0.8339016,111.37652,4.44708,gaia_vari_cepheid,19.0
5254097093074642944,-7.282431427986524,-2.722887184640469,-0.1076961690544081,7.774826179639333,-2.7837883932317196,7.5986159192629215,8.31036892446403,0.18591071582590885,0.3124775005216211,2.86,0.053,0.94339764,-12.725601,0.3072603,gaia_vari_cepheid,14.0
5350852677538959104,-6.608077545146545,-4.808469085857891,0.06554928518546416,8.172396453447485,-2.5125396160576647,-19.073343596679806,-2.5221542253818825,1.3414817424053966,3.0140100320146415,5.05,0.088,0.9953929,15.912619,0.8404539,gaia_vari_cepheid,12.0
5350844156323309952,-6.223169548852057,-6.008363507018622,0.060267981393471386,8.650333592771588,-2.3737543465097035,-1.0346827426327943,0.7972805202127802,1.2606891842807322,5.267068189193261,6.31,0.109,1.0755324,20.298243,1.9468346,gaia_source_rvs,16.0
5350459803962875520,-5.342869635240145,-8.74019384150316,0.04346244584682773,10.24388814494872,-2.1194823412451105,1.1435389062834014,33.9804504080206,2.9080015282258573,7.545695865448822,9.18,0.08,1.1518028,29.102455,4.2872443,gaia_source_rvs,15.0
5253571526514498176,-3.3062381647058947,-15.010968665568743,-0.9158082994524733,15.370764167094766,-1.787589672520353,-2.2722877180196726,5.257105123901795,3.4251559821492914,15.392712583773385,15.8,0.126,1.0660944,116.400345,3.2762566,gaia_vari_cepheid,15.0
5254070090673438592,-7.368636573403965,-2.4045263916199877,-0.08738125607754937,7.751035551389476,-2.8261681934899956,1.5677403866935873,-23.14328724439065,0.3777032910218701,4.927401731212056,2.53,0.051,0.87940085,18.0,5.0,melnik2015_hrv,
5350318692839268352,-6.649645885138556,-4.611849376282875,-0.04233753018062842,8.092400451489093,-2.5352099502038317,-25.078767527934122,11.736517361622504,1.014681852128851,2.4087026487416403,4.85,0.057,0.9925866,1.2287314,1.4819089,gaia_vari_cepheid,15.0
5254071873026676864,-6.461374390491114,-5.188672064694508,-0.1890045592395156,8.286837563813808,-2.465007388467375,18.96298672628935,0.5526540968661209,1.297002914888394,3.477456892853947,5.46,0.044,0.8779896,3.7228389,3.4807618,gaia_source_rvs,15.0
5251623535508264064,-5.783551462900883,-7.26963229744804,-0.8242447587079403,9.289619005326463,-2.242834426294101,1.806610606905841,-5.7472296757481445,1.8671566680111398,7.664386005037196,7.69,0.128,0.9935502,38.42796,2.6782315,gaia_source_rvs,18.0
5350281236399037696,-7.192547459271179,-2.9373651159554495,-0.05172203729160369,7.7692247218303745,-2.753874429107978,15.6664831139822,-1.9267272514919682,0.2967418249520732,0.9584165986106391,3.09,0.043,0.97493154,-3.7369106,0.99378264,gaia_vari_cepheid,17.0
5350425963937906432,-6.522142673417051,-4.991228758645885,-0.009401181189173494,8.212838094930488,-2.4883873898115905,10.31965067220514,19.590436355938664,1.0540714162080738,3.1237501270697674,5.25,0.059,1.082235,-13.232901,2.999888,gaia_source_rvs,16.0
5254169321583635712,-5.7695094619318645,-7.267315995562205,-0.19917499694486734,9.279068984045523,-2.241805600759992,-0.5205534512486766,-5.516129598684756,1.9109759774094792,7.052099151957212,7.65,0.113,1.1337804,40.81988,3.0364113,gaia_source_rvs,13.0
5338441081065599616,-4.344978900224515,-11.580882840704723,0.03838134826107214,12.369142614325591,-1.929729585582187,-16.232763822380537,37.71327158706595,3.2273333982475543,12.492159250066985,12.19,0.111,1.0734617,76.66123,3.2669356,gaia_source_rvs,19.0
5350288078310253184,-5.949495725540904,-6.697128154277163,-0.08811405230392527,8.958126193743942,-2.2971460590723254,11.564639573699221,-8.179662313893886,1.4114377457361322,6.396786155382729,7.05,0.132,0.8887271,29.501713,2.004431,gaia_vari_cepheid,10.0
5254027106636092928,-6.815006559849872,-4.052065621551208,-0.17187437366502883,7.9286537452554935,-2.605168084680721,3.9561813545227245,-6.407182468974213,0.36065613613070713,1.0731323179532757,4.27,0.034,0.89293075,6.327,1.0,veloce_dr1_vgamma,26.0
5338810654405875328,-6.647881350034847,-4.516702529211145,0.030865318646960235,8.037096999633853,-2.5448128155138243,-23.562526433610984,10.538552159805704,0.9338504851872262,2.3974143167547775,4.76,0.045,0.8568536,-0.27181044,2.195793,gaia_source_rvs,9.0
5242185808733501696,-6.091435957609461,-6.184694810442062,-0.14373748104162637,8.680785789545004,-2.348597873583881,-5.85017857932699,15.253596210176454,2.0017616807994227,4.63108717205455,6.52,0.053,0.9977379,10.556637,4.090161,gaia_source_rvs,13.0
5338423798114201472,-6.026494688419671,-6.365124737175309,0.001010722919192848,8.765469248668412,-2.3288739455236818,-5.33691611259507,-18.3539314673379,2.0063290433693908,6.208417910922309,6.71,0.11,0.9809099,42.070396,2.8140996,gaia_source_rvs,16.0
5338397272394514432,-6.174051855737935,-5.908278604806365,-0.022431938935745303,8.54556448629075,-2.3781877967336715,-16.478777152189206,-14.925936200014377,1.6161185122525419,4.05131463382575,6.23,0.086,1.1033723,38.23261,1.8578916,gaia_source_rvs,15.0
5338339479310471424,-5.601911476451942,-7.540969578683335,-0.04580445557617769,9.394021203756754,-2.2097144443614942,6.345419999658025,6.524776861802309,1.708636335864852,6.374195046751256,7.96,0.109,1.1873729,29.066362,2.4556575,gaia_source_rvs,13.0
5338339170072811520,-5.752771152782149,-7.074718435817664,-0.04511428311950733,9.118443775249194,-2.253501211199224,6.678564889600057,-1.884028179410933,1.121932139143959,6.890209306997166,7.47,0.129,0.96864974,29.9,1.0,melnik2015_hrv,
5338278761315921920,-5.377176629353869,-8.181928019209828,-0.12532329851070229,9.790708585940054,-2.152217573620771,-7.944317033003475,-3.6812032283428096,2.961814351408691,10.780103421807105,8.64,0.141,1.235318,54.39109,4.4049535,gaia_vari_cepheid,14.0
5338207327417387520,-6.62191000080821,-4.486214389458751,-0.07466905840517885,7.998488082568514,-2.5461409200580767,-19.280978949142305,16.36116673450607,0.8289087777730851,2.8065788889947196,4.74,0.039,0.86509275,-8.304583,2.5988505,gaia_vari_cepheid,17.0
5338206300970313984,-5.348564366715776,-8.203569079162897,-0.1439093502167404,9.793144868809984,-2.1485623235637656,-1.9412349953392651,-11.964514895997013,3.184788359628226,8.603898916577409,8.67,0.108,1.0335681,57.280025,4.6175427,gaia_source_rvs,13.0
5338331954527928320,-5.750858402208179,-6.989432336383135,-0.05825040120349551,9.051217417956915,-2.2592819510128446,14.918770592951313,-1.5885722827427742,1.0097031639962457,4.386581800460178,7.39,0.088,1.0423602,23.719732,1.5981666,gaia_vari_cepheid,10.0
5338359442320395904,-7.624319301141131,-1.5217624772730072,0.006346613312810996,7.7747029424274,-2.9445882541860255,10.510333777892852,-5.877974405857913,0.25460863661447986,1.160348414427528,1.61,0.098,1.2291929,2.614,1.0,veloce_dr1_vgamma,237.0
5338215200143652992,-6.549500061664817,-4.6200936703185835,-0.06689036796684139,8.015061857544538,-2.527243933097958,17.11812201998889,-8.063108894192169,0.6915977929239542,2.1769441830272944,4.89,0.046,0.8021692,5.9656086,2.2076309,gaia_vari_cepheid,9.0
5338215127079504128,-5.984009143693836,-6.244260028850572,-0.09353707340449852,8.648650110838823,-2.334914978085137,2.5502881216065685,2.2649145500950567,1.2594803163871022,5.784155175089346,6.61,0.11,0.9612179,17.067127,2.1033287,gaia_source_rvs,14.0
5338556834679254656,-5.346556896015924,-8.077168152384345,0.05621297908379346,9.686398505338678,-2.1555157103545306,29.918363375914964,16.62209708915171,0.4734647911656902,3.1920237538275646,8.55,0.059,0.97724265,12.592433,0.34673867,gaia_vari_cepheid,20.0
5242076514741190272,-5.854274637797437,-6.608988657159012,-0.2201601688929294,8.829001223536828,-2.295713255529879,-13.042744587812681,-0.5830848775386244,1.6151166765363407,6.703898892146885,7.0,0.112,0.9877749,32.1,2.0,melnik2015_hrv,
5338182833266967680,-6.673345118160979,-4.218023946303614,-0.08761191751355552,7.8946349553145065,-2.577925151390667,14.775660978340811,12.487607236794105,0.6264877062273542,1.633285903206068,4.47,0.126,1.3761303,-16.237,1.0,veloce_dr1_vgamma,90.0
5338021170706962176,-5.9789931432764805,-6.189391685624948,-0.10297971241330345,8.605633529579935,-2.3389056238524715,2.8807287874487457,-6.090962906150963,0.5724738818098843,2.4386645547730867,6.56,0.058,0.9290118,23.385542,0.717836,gaia_vari_cepheid,8.0
5241961409628951296,-3.559066160163507,-13.085178215184715,-0.5910354935518388,13.560561966805272,-1.8363640474986243,-1.9615512164231361,31.975225125114974,3.4280429433605435,13.170189545137132,13.88,0.112,1.1582348,83.5592,3.978577,gaia_source_rvs,15.0
5242088403212116864,-6.47851361247478,-4.752661788626275,-0.1357281247841911,8.034857354308745,-2.5086680014981586,32.87398663721337,-25.809939377583248,0.422737846039621,0.7781879482320222,5.04,0.04,0.83778,18.671614,0.69874346,gaia_vari_cepheid,19.0
5338132182671764736,-5.416045430968568,-7.75187047626561,-0.0435579368862214,9.456481586251513,-2.18063311083508,11.937979205339614,7.481338687280839,0.8470455257212133,6.957030176737618,8.22,0.124,1.0170112,26.163984,0.51014745,gaia_vari_cepheid,21.0
5338131529834231680,-6.3768182388075285,-5.026266830204837,-0.03157795565820149,8.119554735279868,-2.4740826853363265,12.727811343798635,5.7738597409783665,0.6862475461411828,2.3893186583653696,5.33,0.084,1.0704762,-3.8,2.0,melnik2015_hrv,
5338131431105558528,-5.861427039213596,-6.477405192139599,-0.04513866501401293,8.735737230433463,-2.3063139835059667,-8.12987004368204,-0.6674685187363423,2.0415341808462104,4.948091360526745,6.87,0.071,1.3857841,26.8659,3.9210486,gaia_source_rvs,16.0
5338024572321721216,-7.326054228338672,-2.328211298713578,-0.03256011172322821,7.687108585678785,-2.833887710456339,16.64388806164389,-15.246922007179165,0.16195253229464207,0.417444166981574,2.47,0.037,0.9245333,8.534211,0.40069476,gaia_vari_cepheid,19.0
5338148473537341312,-6.757290410355098,-3.9093174295715993,-0.004619437508885997,7.8066469405903876,-2.6171070694488727,-28.359253916413405,11.317259981807041,0.6390867799024827,1.1062254972147803,4.15,0.041,0.8555789,-9.695213,0.6594416,gaia_vari_cepheid,18.0
5338481178878046848,-5.9025136332875645,-6.216167696957441,0.018635320297393617,8.572071396567036,-2.3303184029060353,-10.677290139493321,-30.93661444766198,2.560166660188459,5.944718859840256,6.61,0.112,1.1313906,50.389034,3.5192437,gaia_source_rvs,11.0
5337958876494096256,-5.542414596368218,-7.211948448386279,-0.12567781460302824,9.095634116443819,-2.22603549127462,-16.89251259657065,-7.526276237533153,1.2984081230097047,3.937226375862664,7.67,0.054,1.33215,46.44193,1.7528212,gaia_vari_cepheid,15.0
5338065322962589184,-5.35961946289887,-7.699639334526198,-0.06826268240630601,9.381362729841939,-2.178891340130119,15.232130144685252,0.929203821052397,1.8526607613751858,6.765325875425816,8.19,0.111,1.1336204,27.710266,2.7448747,gaia_source_rvs,10.0
5241157421762533248,-3.294748575818378,-13.2886475057173,-1.087431424106533,13.691001450188509,-1.813832485948342,4.939987614749955,27.731197657543476,2.376705907921409,13.382381488099506,14.19,0.113,0.9949683,81.15496,2.5085728,gaia_source_rvs,18.0
5338461250227877248,-5.27680343953352,-7.861402574729196,0.004178152419292698,9.468173265283626,-2.1619510012649963,30.023570244605537,-7.925910519244212,3.1528569778819806,7.42269693754289,8.37,0.122,1.0023746,27.78654,4.8804097,gaia_source_rvs,11.0
5339394082770287232,-7.7483128681365,-1.0984812691466086,0.035296649990996735,7.825791551095366,-3.0007607870495887,-12.465178606734014,12.75846366922596,0.4155214322966239,0.5607696512778888,1.17,0.046,0.82428074,-18.496717,0.5094745,gaia_vari_cepheid,23.0
5338048963383139456,-5.497731779248659,-7.249662515254828,-0.0737246452037193,9.098497749719543,-2.2196156918187424,-10.410150446260788,6.343750207261564,1.4252632808273933,4.775003243427265,7.72,0.08,1.0252043,31.17997,2.088717,gaia_source_rvs,14.0
5339554336583678464,-7.39916605428497,-2.033708975449828,0.10130697245677195,7.673566999493013,-2.8733598469695067,-8.968107054094451,12.40509704492456,0.3065286123058438,0.17989914135790613,2.17,0.043,0.9021755,-21.747719,0.15496339,gaia_vari_cepheid,16.0
5338036117182452096,-7.262160274403775,-2.4008602727922974,-0.029340601801366276,7.648732045287024,-2.822305343718022,-6.048860086403203,-10.442734081991603,0.9112330332560757,0.9937374125140737,2.56,0.123,1.0491393,1.5,1.0,melnik2015_hrv,
5241804518715438336,-4.880380276902908,-8.742738837546252,-0.32573499286452595,10.012671672871457,-2.079929315929948,-27.618138955163175,17.144982257298665,1.1171184042785598,5.339303502791531,9.34,0.056,1.0791621,55.438038,0.8810139,gaia_vari_cepheid,25.0
5241780677399802624,-6.5097213527001765,-4.379753284899583,-0.16670107656929473,7.845935949674156,-2.5493545582302795,41.44897463341808,-1.0408757352861642,1.6305910679638618,1.9048991607413885,4.68,0.116,0.9022557,-10.8,2.0,melnik2015_hrv,
5241803217391469568,-3.7353860336973197,-11.749760864935258,-0.4504819414077797,12.329233114995642,-1.8786037708566428,30.159377334164375,48.18310360791759,3.4295260697525425,11.220429201579682,12.56,0.109,0.960452,31.597517,4.1943707,gaia_source_rvs,18.0
5337257834740652160,-6.67583058113388,-3.8578497081831657,-0.02143743043766039,7.7103643441105465,-2.617594342944052,26.41028754392734,-19.027223246964382,0.8009563128373954,3.802871891932389,4.13,0.074,0.8699064,7.70658,3.9032931,gaia_source_rvs,16.0
5337634589276921856,-7.131642591228093,-2.661819974073705,-0.007399357016879386,7.612201496505219,-2.7843651884376204,0.5227100847661967,-4.7182141261522474,0.24350223734016044,0.9803369295231895,2.85,0.047,0.8973376,-5.313,1.0,veloce_dr1_vgamma,55.0
5239561450603801856,-6.0913000419926036,-5.346426269062695,-0.4843859801638249,8.1048263431182,-2.4212269431621802,11.269650877095044,18.459090687185608,1.355589998182646,4.553952686710705,5.75,0.106,0.9677365,-14.622674,3.624841,gaia_source_rvs,17.0
5337764640889249536,-6.987761852480924,-3.0134917190314745,0.036716367596253345,7.609858608913763,-2.7344377892941867,32.593912491285565,-5.3320866307572885,0.6938870699168207,0.9476122680174386,3.23,0.062,1.0235187,-6.1387563,0.99432474,gaia_vari_cepheid,12.0
5337250443067178240,-5.295193694156793,-7.39784920219211,-0.07707562474112178,9.097650744945769,-2.192031104417447,-13.049689388413704,-9.519936673155911,2.3629534509933086,8.01774397722768,7.93,0.109,1.0573317,45.625626,3.1513646,gaia_source_rvs,14.0
5337080126165757568,-4.869708767319024,-8.452223639752344,-0.24850225928125852,9.75469876187328,-2.093490889996347,3.8590293191803062,2.0003713752392116,2.529552921905435,10.16571764039389,9.07,0.123,1.110403,40.759937,2.867009,gaia_source_rvs,13.0
5238994102591371776,-2.073427996479099,-15.639777964761702,-1.9296331874387964,15.776620628120238,-1.7026017196981236,-6.702066037052998,12.433384381585881,3.9246791227664626,14.357634235906879,16.89,0.113,0.9359841,118.695335,3.9657192,gaia_source_rvs,17.0
5339149677605627264,-4.7047747159841204,-8.849798734420716,0.2534876813751174,10.022666449998123,-2.0594227332856523,3.6415104577143187,1.0887739109522272,1.9365964833619265,5.706051525799842,9.5,0.068,1.0533009,45.654823,2.867845,gaia_source_rvs,20.0
5238808628736339584,-6.793689076028974,-3.481464880830024,-0.31438747274838336,7.633793878420364,-2.668030187467871,13.490368092767651,1.013401427226995,0.4521193350155481,1.0635742678448823,3.75,0.106,1.0729789,-11.722,1.0,veloce_dr1_vgamma,104.0
5337597240264469376,-3.4193448673327076,-12.11863587279536,0.14580023852850793,12.591793150268833,-1.8458030937705543,9.192669512911172,43.21090328563386,3.7031207505579635,14.260853795207497,13.01,0.119,0.9842951,54.439194,4.706534,gaia_source_rvs,15.0
5240438203718296192,-2.640046239957864,-14.095611001337407,-1.0352115413156553,14.340714544615263,-1.7559468333083845,-18.16444369527641,-12.487919782615592,3.3660474058754306,13.959789271698083,15.17,0.114,1.1881535,127.7882,3.2375035,gaia_source_rvs,15.0
5240441472232302848,-7.111653733167206,-2.6471268271366046,-0.18701089628822093,7.588339690565872,-2.7852581245885877,12.442206479528318,-5.894611860585229,0.23625813983738242,1.0595004529409842,2.85,0.054,1.0744047,-5.61,1.0,veloce_dr1_vgamma,78.0
5337191279937200256,-7.531501375203321,-1.5724053981767545,-0.027711602798412952,7.693891843592872,-2.935771946297454,1.8877883516199525,10.906682334285023,0.3028877757031753,1.5276652075220813,1.69,0.043,1.0755398,-17.855124,1.5909753,gaia_source_rvs,31.0
5337578033169240448,-4.545299679536168,-9.04781069986589,0.10976177845929586,10.125345803349102,-2.0363338151038226,-23.70079564850672,7.396456071632173,3.2798267844162687,10.090332619254637,9.74,0.107,0.9883403,61.487232,4.0717845,gaia_source_rvs,17.0
5337544051384358784,-5.935691313897724,-5.554915699593447,0.018023250889380223,8.12954610070394,-2.389320357756003,2.034869262628336,-7.997685987978514,1.4925834560135256,4.516351138697208,5.98,0.113,1.0642279,12.12224,3.1955235,gaia_source_rvs,14.0
5336975947431567360,-5.268819628033679,-7.10751840206672,-0.09886724787207474,8.847444721978771,-2.208707618650582,-3.8675301277423353,1.1485393331130922,2.666824057748977,7.740654873217139,7.67,0.115,0.96218574,25.333097,4.1424875,gaia_source_rvs,11.0
5342889189698300416,-7.295682424045229,-2.1071298511767758,0.1744628379992182,7.593877681543385,-2.8604251925018915,5.987332866390068,8.247092067303527,0.2987034370058601,1.8584268592123663,2.28,0.046,0.8998252,-18.380508,1.8232254,gaia_source_rvs,21.0
5337484471592090368,-4.836518961617653,-8.141496721464945,0.036914028034933315,9.469735188045732,-2.1068350452140137,-23.127155011909718,15.966305271445975,1.7176922214231505,6.986870955075555,8.79,0.08,1.051719,39.288593,2.1627676,gaia_source_rvs,18.0
5336579363014965376,-4.107224929378288,-9.930294422772507,0.42756327819797807,10.746164150219055,-1.9629763296295446,-71.0107422953005,-3.38256053480103,3.9312816705044944,15.415503052958565,10.73,0.11,0.8701574,114.86364,3.246372,gaia_source_rvs,14.0
5337485016995780992,-4.269540908839229,-9.497785276819991,0.04705093474636917,10.413304218010262,-1.9932594626000544,-17.43595062051027,14.365544565411028,2.256455083397493,11.242617314120732,10.26,0.115,1.0894954,57.698692,2.3325548,gaia_source_rvs,12.0
5337355446425575552,-6.118404603250617,-4.959797237728187,-0.04587163723419214,7.876196006223721,-2.4604000864969726,9.967401004943433,-15.44694149600923,1.0976825694199581,3.680113778531638,5.36,0.063,1.0720541,9.93196,3.7136405,gaia_source_rvs,14.0
5334506135119058304,-7.482148077473305,-1.6066883978030364,0.0168437549443276,7.652711118347037,-2.9300686069021746,2.8300074717184267,5.453791550357948,0.23904704088969675,1.1193467637000332,1.74,0.039,0.94871515,-13.858978,1.090636,gaia_vari_cepheid,11.0
5336171517280056448,-7.301822976670533,-2.039636707056111,0.07318299981452409,7.581341350935494,-2.8692029997265447,18.137464310386807,24.21646652683691,0.5874990102990474,4.3125534734321676,2.21,0.023,0.8194334,-33.188286,4.081626,gaia_source_rvs,9.0
5334361171349250816,-5.4796467203911,-6.4162515185152404,-0.05314916593182246,8.437701803758063,-2.277623152149713,0.30992743793676475,3.620852963555677,1.7812452829382726,7.055433671127822,6.95,0.145,1.0978682,10.340178,2.3223033,gaia_source_rvs,15.0
5240151510388000640,-2.448287604316901,-13.611560588736015,-1.1151762506980512,13.829992547152125,-1.7487616483565225,-5.702450283777152,20.80885826233248,4.560838056665885,14.44315639750166,14.8,0.112,1.2771518,93.93683,4.735774,gaia_source_rvs,16.0
5334449269746243328,-7.3248649611903485,-1.9636668412765255,-0.002732060152317144,7.583510675353666,-2.879669053997581,-3.536791850771601,-0.5507996857731996,0.25284344272853865,0.4143513060671018,2.13,0.036,0.9137133,-11.149433,0.4448105,gaia_vari_cepheid,17.0
5334442260359054464,-4.434483193623516,-8.743052361186319,0.06861942496760148,9.803346662491084,-2.0401879715733906,-8.798095048720512,-1.5131364672105008,2.1669578744033076,10.326797902075796,9.5,0.11,1.0727047,51.13851,2.3464284,gaia_source_rvs,11.0
5334346774618584192,-5.515564982786946,-6.1709454913562,-0.05189042522591298,8.276595032779783,-2.300173084009744,-10.705025091031816,-20.588074568063007,2.315747042923052,6.4485548647990525,6.71,0.111,1.0442896,32.480137,3.618202,gaia_source_rvs,13.0
5335963189825411072,-3.7520323306791283,-10.234043727431072,0.1533028700009384,10.900155853263417,-1.9222023285876693,-11.40732563671077,4.031754542341901,1.421962082409344,9.430288574244996,11.14,0.088,1.1016328,68.811134,0.72922397,gaia_vari_cepheid,16.0
5237085144258188160,-0.8645682822529492,-16.86911854403196,-1.4158554356534263,16.891259241610165,-1.6220030616229837,-174.42131764331094,-111.86131631975861,4.7825065875448685,18.29754552095057,18.43,0.12,0.97703135,328.99554,2.943697,gaia_source_rvs,16.0
5334242213610208384,-6.7711298592899505,-3.140021073741811,-0.05686913824119839,7.463774642559261,-2.707374229751629,-5.178737652970308,32.87003303635396,0.354888879651021,0.8954999088200892,3.43,0.159,1.0113866,-47.92135,0.7985862,gaia_vari_cepheid,18.0
5335753015664095104,-3.473016524943011,-10.603774524810678,0.12343540763606192,11.158040955093826,-1.8873116050944365,-25.071548461628357,50.86302256281837,3.134227142188225,14.276954378560918,11.59,0.108,1.0949445,51.784668,3.6330018,gaia_source_rvs,11.0
5335861351886953856,-6.932492361570143,-2.7522328638593834,0.06021683858250609,7.458836107606602,-2.7636709942791917,22.23567617052068,-0.4587509581750169,0.36661735044507543,2.0026333977628523,3.01,0.042,0.7521853,-14.10231,2.068289,gaia_source_rvs,10.0
5335750301244535168,-4.1011299580638205,-9.132305450461288,0.09361112869324767,10.010907539951287,-1.9928843907031393,-27.351759670933973,22.37339293375223,1.1389057322725218,6.703852512480524,9.99,0.056,1.0663009,49.43953,0.590598,gaia_vari_cepheid,19.0
5335749609693672448,-5.239513398598815,-6.563411110338513,0.061295541697061244,8.39826565770645,-2.244494455179052,1.3312741283315417,-10.364037382273494,1.3804474551693129,4.9343567304989415,7.18,0.085,1.1398621,20.644085,2.6816316,gaia_source_rvs,15.0
5334213012162363008,-5.0934528060306725,-6.881744772536862,0.009913790970886568,8.56163959774062,-2.2079569465027893,-8.473981959053436,-7.150852708015066,2.8954124187730508,8.303234726534276,7.53,0.117,1.0736498,26.790188,4.4763045,gaia_source_rvs,20.0
5336389564126521728,-5.608932468947847,-5.658803456679525,0.29709676416529257,7.9675705207136716,-2.3517685201114,1.617777261206846,3.105859421309958,0.6948519988789309,3.911232035929623,6.21,0.112,1.0265145,-3.174,1.0,veloce_dr1_vgamma,107.0
5333640230992516480,-6.453277038476534,-3.7633598686364254,-0.11762590558386182,7.470452599152988,-2.61363981337155,11.318449848838025,-2.8843022254615676,0.2972847647087898,1.3100837428036038,4.13,0.042,0.9343178,-13.182685,1.3040928,gaia_vari_cepheid,14.0
5333376489975555584,-6.690497720902052,-3.147983464633759,-0.025461603132555913,7.394089507640756,-2.701809549106258,21.85662712045285,10.043602685565844,0.5758022199900393,4.7503914878859685,3.47,0.045,1.1509216,-27.699217,4.6862783,gaia_source_rvs,13.0
5333340824575196800,-7.449864472793566,-1.5048855454661902,-0.021561730352747614,7.600339542937856,-2.9422730920236098,3.1955101932343,2.834467170799826,1.1490248218199741,4.68037219032424,1.66,0.049,1.0599991,-12.920547,4.9117417,gaia_source_rvs,12.0
5334864335384747520,-5.491373578881498,-5.623111489510766,0.03256653594736119,7.85967980303942,-2.344342232432431,0.25971358301359854,-6.759748868402852,0.5560155789382989,2.3303477590438253,6.22,0.064,0.9485452,3.0595396,0.6346017,gaia_vari_cepheid,21.0
5334823516011106944,-4.041861583064414,-8.61006505997183,-0.03442065063224626,9.51156482360288,-2.009693930042762,-18.311523719519467,24.119905007897245,2.0879444767143935,11.660582023997193,9.54,0.112,0.95991427,30.298851,2.1081865,gaia_source_rvs,18.0
5333140782173099520,-4.181714564861483,-8.273891651814186,-0.2549656756992796,9.270599752331838,-2.0387632358415533,20.06512101734591,11.215669305786804,2.8521984748301175,9.887590117802027,9.18,0.141,1.1098613,11.474693,3.971958,gaia_source_rvs,14.0
5334802487848516224,-5.39319724517267,-5.70904765010307,-0.043731414071450266,7.8536489351438075,-2.3277529239029144,2.492971285065639,-9.049909322884844,1.1466052981046755,3.5250627852267638,6.34,0.088,1.2615254,4.255195,2.5705163,gaia_vari_cepheid,19.0
5332618204907438336,-0.8535166478740868,-15.101461290178282,-0.9677546816919979,15.125561932270527,-1.62725507285052,-1.2345378315932631,53.50708577894258,3.004092971491837,17.38943709000096,16.8,0.118,1.0729134,83.545586,2.6729255,gaia_source_rvs,13.0
5333289559841206400,-6.480928481531734,-3.446758203485797,-0.04894582590713987,7.340475195518739,-2.652805750306554,-18.569849589961386,-6.9185025409182686,1.2199366690565137,2.994074550179755,3.83,0.106,1.2304231,-11.623411,2.8040836,gaia_vari_cepheid,12.0
5333066324630293760,-4.685734245340352,-7.020175311079976,-0.15234245613238878,8.440317933363183,-2.15935269332966,9.832655199628757,-7.675610395348542,2.4367524986112583,6.367257893872662,7.83,0.111,1.0472211,14.49848,4.219123,gaia_source_rvs,14.0
5334598494092788736,-4.232751674687252,-7.924121741320988,-0.08976135647095346,8.983757126661635,-2.061397306170996,-7.740662493215051,-6.678580883914378,1.3442365522593573,6.7640353010194,8.84,0.082,1.2883232,35.761433,1.1582841,gaia_vari_cepheid,17.0
5332925862022788096,-6.582221656688254,-3.1606099258343443,-0.11078319746160631,7.301718773073805,-2.6939314898632047,-34.140448010920196,10.807072808911016,1.1409829143469812,2.5735346274337036,3.53,0.076,0.88103706,-31.674147,2.4239569,gaia_source_rvs,26.0
5334591003669216000,-6.665861324571173,-2.991838653125962,-0.037387927996711375,7.30649065726853,-2.719712111976612,7.582586545297359,-7.881823643060187,0.17187300966072364,0.27649334331638703,3.34,0.046,0.8881876,-12.244779,0.23494975,gaia_vari_cepheid,18.0
5334631376367030272,-4.505819691685802,-7.3457096405412905,-0.017155756380499435,8.617532199947082,-2.121006730721253,-5.554963010752144,-2.5586380670981725,1.9904797206648899,7.383704697131764,8.2,0.112,1.3777723,22.104496,3.2120228,gaia_vari_cepheid,19.0
5235910694044165760,-7.460665188413753,-1.3809164567650924,-0.13729291138405625,7.587387911143958,-2.9585710241098453,8.638912625653825,-1.951330637777545,0.3035808447432464,0.9869649625237157,1.55,0.032,0.93878776,-5.5,1.0,melnik2015_hrv,
5332397512328481920,-6.480794529396596,-3.329833984327567,-0.1916419012776423,7.286185016552877,-2.6669658777312453,12.066923116573214,5.41362575903571,0.4923073614816807,1.499593088414055,3.73,0.059,1.0040318,-26.826845,1.4150637,gaia_vari_cepheid,12.0
5236267691745145088,-7.173884972031118,-1.9435678473180937,-0.14331901103426464,7.4325017032667136,-2.8770210703782864,13.999093915445869,-9.006593008827366,0.4400939164163288,2.0761865228455907,2.18,0.034,0.9356,-4.1532893,2.3109407,gaia_source_rvs,11.0
5334575782303770624,-3.241042214001636,-9.742880492989759,-0.0753169225414339,10.26781743768465,-1.8919385029660374,29.552871643637122,-2.152793339040443,3.0081563584306936,10.428111250588895,10.91,0.119,1.0468345,31.57241,3.6558294,gaia_source_rvs,20.0
5334694804437053568,-4.355463683289688,-7.505292496870175,0.019383861282708133,8.67752726069075,-2.096618773016956,-4.165990600799028,-2.9026170974351544,2.700969142158014,8.499406880804987,8.41,0.111,1.0262471,22.919748,4.1180778,gaia_source_rvs,14.0
5332375453374624640,-6.550709642555982,-3.162938711591658,-0.19598199749623318,7.2743369535897235,-2.6917677789276446,16.407091013370263,-1.9180673516001718,0.38477344978203676,1.020602867171798,3.55,0.052,1.0064119,-18.566,1.0,veloce_dr1_vgamma,108.0
5334563996911649408,-5.9929868479681,-4.265492360172122,-0.030237842182863798,7.355971481361613,-2.523026011500639,2.259543987639908,-4.039492458247395,0.44431743280818364,2.161418265553983,4.78,0.049,0.8870299,-15.268242,2.2389326,gaia_vari_cepheid,13.0
5333021343390563072,-5.894284054644126,-4.438557964639041,-0.10106988714791237,7.378575832929595,-2.4961567611533324,5.321325195671198,-7.5795015096845475,0.44717832755247056,1.5902368041338486,4.98,0.052,0.9938993,-11.746844,1.4750587,gaia_source_rvs,22.0
6130351583462729216,-2.7351765064752733,-10.629932157598468,3.0822919911476006,10.976185503020632,-1.8226420683592728,-70.76485671036205,-128.7404045368467,7.150290873935703,11.163406805439838,12.32,0.121,0.9937104,152.2296,4.3637724,gaia_source_rvs,23.0
5334549187863570944,-4.886550070626376,-6.372337426981691,-0.08842756763871412,8.030258767689263,-2.224986908682432,9.58210800662597,-17.667455091859097,1.7830415807032904,5.20475219891054,7.16,0.112,1.0413749,13.272508,3.2673624,gaia_source_rvs,8.0
5332968639886303104,-5.6332392462247345,-4.876382676210323,-0.15856292927191135,7.450670601365408,-2.4280859642741266,-3.3809747353451116,-5.015435715427202,0.6639948670682084,2.3189685537673492,5.49,0.054,0.95032805,-10.1031685,2.184099,gaia_source_rvs,17.0
6057443998268641152,-4.803200625780083,-6.465051771569104,-0.01575939368345797,8.054044366687025,-2.2097691904860417,19.210122428924123,-18.05544271865952,1.603396816572388,5.253320564024557,7.28,0.114,1.010693,9.843166,3.3072014,gaia_source_rvs,10.0
6053141609251524992,-0.9976463659775074,-13.647858830326474,-0.8097995697557835,13.68427378139112,-1.6437656537745333,-35.53146487856993,-5.969109711393884,4.29356724824931,18.886810919359565,15.43,0.133,0.9223203,127.095695,3.8670523,gaia_source_rvs,12.0
6053215207813595392,-1.1048948366703204,-13.418532647826266,-0.656618543657833,13.463944853603646,-1.6529519469496197,-25.98325280173827,24.833783909373864,2.9296937533857137,16.710621328492078,15.17,0.116,0.9654313,100.12121,2.6330779,gaia_source_rvs,18.0
6054279088395910400,-5.521892479527555,-5.0002186742708155,-0.11014525472089037,7.449394830856367,-2.4057327427297968,16.8654844683361,7.5402215409870905,1.1323515864212423,2.8761840287832987,5.65,0.107,1.1127822,-27.330482,2.5395288,gaia_source_rvs,19.0
6054351931048115584,-4.885462550187489,-6.202220999636154,-0.11844364559473869,7.895270081359607,-2.237989460980013,18.331628950887282,-12.906967700673704,1.4440417471048237,4.544669285459385,7.01,0.112,0.95277244,1.9506816,3.3339076,gaia_source_rvs,15.0
6057402526059795072,-5.766256982589571,-4.5199106698082785,-0.011400045354578895,7.3266166852313015,-2.4767739049743143,1.4534209192364531,-12.743667545592956,0.39545538618712556,1.8258699199816373,5.11,0.045,0.90766287,-7.530337,1.7310438,gaia_vari_cepheid,16.0
6054283795680793856,-3.578453701025725,-8.609232506753049,-0.20568013403015467,9.323315678754962,-1.9647234576100414,-13.511963221727427,-3.6146909519547137,3.280548155717523,10.358676435405902,9.75,0.11,1.103244,43.708805,4.048423,gaia_source_rvs,15.0
6057514092119497472,-6.592200124868011,-2.8749933268973664,0.02955621228547572,7.191848796798651,-2.7303407103898842,22.797311585354567,11.914164680413904,0.6180880240305884,0.9609313727039199,3.27,0.044,1.0172426,-34.3,1.0,melnik2015_hrv,
6054133536200367104,-5.82144020294864,-4.230604866039995,-0.08777583720532772,7.196331257597025,-2.5131525977937303,0.7537388749023548,-3.05757557340101,0.34616663868676634,0.9376471253797974,4.83,0.049,0.86482173,-21.10877,0.8171448,gaia_source_rvs,20.0
6053270419577278720,-5.629923907578437,-4.567425870204513,-0.18488582469837628,7.24964980429653,-2.460013421790182,21.15601113146668,-9.088862533222965,0.5401595624924903,1.6722358302369371,5.22,0.058,0.8730579,-17.01508,1.5765572,gaia_source_rvs,20.0
6054453287931249280,-5.773991353147487,-4.28538628996653,0.012988309177943188,7.190515405758828,-2.5031100906662114,14.465215578390596,-8.488382198761627,0.38040125911536493,1.3777469496231713,4.9,0.051,0.91124624,-17.864668,1.4372836,gaia_source_rvs,18.0
6054154603073275648,-4.994668344180228,-5.63623693709455,-0.08575262855203741,7.530861748792432,-2.2959182108937926,-1.1804982862209017,-11.624895605946705,0.8623826253154777,3.6375689079810365,6.46,0.109,1.0173669,-1.979243,1.7274178,gaia_source_rvs,10.0
6054174119406221440,-4.811781713856228,-5.9582675988906155,-0.05975553143573415,7.658602747354828,-2.250142563613761,29.528441675318966,-14.990859307914178,1.9646216016046927,5.167185764989142,6.83,0.117,0.9947502,-6.6363354,4.2845497,gaia_vari_cepheid,15.0
6054808258387455232,-5.067818550240238,-5.494555877663674,0.000534319293626624,7.47481967347223,-2.315814803724329,1.1942830745638817,-46.389153375632986,2.5590851599571725,5.408556427929634,6.3,0.144,1.0063837,28.503176,3.522207,gaia_source_rvs,11.0
6054829806275577216,-7.737118427474029,-0.7315062485813576,0.010880318409568709,7.771621642390459,-3.0473278076852544,-7.852684010861814,-4.032425497863073,0.36413415651509756,0.5439432942497934,0.84,0.043,0.81605566,-5.9365516,0.4385043,gaia_vari_cepheid,23.0
5860785795219397376,1.5284700366369712,-17.13631161580226,-1.0706867306361052,17.204342371819287,-1.4818369314958455,11.247472128820412,-5.797568541220613,2.874381750514217,17.713304643103452,19.71,0.121,1.178084,110.59,2.3663745,gaia_source_rvs,18.0
6054534484323979392,-4.831417130230111,-5.854574018707741,-0.05681463214667166,7.590693540567203,-2.2607379868688646,13.220031067553252,-8.562551384617962,0.9365851738894968,4.19733428779554,6.73,0.113,1.0661438,-8.365162,2.080006,gaia_source_rvs,16.0
6054836506424835840,-6.328538979842066,-3.208944906029255,0.03804385885182076,7.0956136471281726,-2.6723135206455635,-10.13156765239679,-2.5582831199923817,0.5466596029261094,1.795737730112088,3.69,0.121,0.91291666,-25.52676,1.7612141,gaia_vari_cepheid,8.0
6053047704117413248,-6.737450836590989,-2.4848051231436674,-0.09476766101710582,7.181051474225876,-2.7882643034264056,8.276069930415918,7.758043970421539,0.3684279427140799,1.4771157367089878,2.86,0.035,0.8255422,-30.60429,1.4573232,gaia_source_rvs,17.0
6054935874795049216,-7.670446315713044,-0.8429809802880768,0.02319493415185569,7.716629031861209,-3.0321320701624406,-9.527177959318314,0.7252893835340899,1.4800385598228372,3.3062411068977107,0.97,0.043,1.1609027,-12.59806,3.4758174,gaia_source_rvs,25.0
6057943520139661184,-6.962901696530887,-2.0735860672223225,0.061561090074447704,7.265105588615436,-2.85215095025957,3.2110456725487513,-0.13001913423846645,0.6674829380367652,2.682698658814838,2.39,0.031,1.0318077,-21.175219,2.7737992,gaia_source_rvs,8.0
6053428684887800320,-6.165256649274477,-3.4475927685176417,-0.118214594525137,7.063730278610466,-2.631715869513143,6.424791448700907,5.090949322968953,0.36690570569608955,0.9049931536402817,3.98,0.043,0.7942695,-33.35984,0.9818894,gaia_vari_cepheid,19.0
6153387928308811264,-3.0368739682651027,-8.82849288054667,4.602213458537259,9.336213902915327,-1.902103044953,56.93014882099528,-84.33085692332281,0.9816280865604416,4.8600066247974265,11.19,0.094,1.1993675,100.90791,1.3786415,gaia_vari_cepheid,23.0
6054877428876188672,-6.518129866835536,-2.8099157408095192,0.06778527093317116,7.098002777639817,-2.734573092124538,2.4052833837356165,-10.408023071801239,0.595315251828031,2.6011237538543934,3.25,0.148,1.0228183,-17.125246,2.5017967,gaia_vari_cepheid,19.0
6058439910929477120,-7.882109026893765,-0.456274835007498,0.03630090555486062,7.8953042649983605,-3.0837697785110216,-11.460302521070984,11.39608794776808,0.5040110087424948,0.9217743173904008,0.53,0.036,0.8373478,-19.149,1.0,veloce_dr1_vgamma,127.0
6054673950486186496,-6.280015297306549,-3.181019756498194,0.024928360681271296,7.039707296872228,-2.6727342440723123,-31.603975234057398,14.113645497640846,0.5730079388754431,0.36485208442152983,3.69,0.058,0.92841953,-45.325016,0.30078074,gaia_vari_cepheid,18.0
5861196531541297664,-0.47997694745426145,-13.02752981560878,-0.6037140390138293,13.036368779942643,-1.607622951105429,-2.119016878282536,31.226446808880638,3.7182883841918795,17.979692931616295,15.13,0.122,1.2960006,69.33399,3.7452111,gaia_source_rvs,16.0
6054778983886526720,-6.1018868038873535,-3.4351020144117452,0.0783977940925717,7.0023530628546755,-2.6288558393618437,2.462173669553522,11.976028262133184,1.3667597391246677,3.549001955261846,4.0,0.154,0.9212312,-42.518658,3.6752446,gaia_source_rvs,21.0
6054992602724692608,-5.533222841382515,-4.375333772236315,0.14312774517367494,7.054083968232081,-2.472524375198251,21.35010632483564,-4.300707308811781,0.82413700537124,1.4199093693351483,5.1,0.059,1.3865854,-27.439417,1.356062,gaia_vari_cepheid,14.0
6053622679932061056,-7.441132546904181,-1.183893628723817,-0.011976866936081302,7.534723465710574,-2.983813812136388,25.026064804379775,-1.4933422821055728,0.7705483754580722,1.7742907623677737,1.38,0.038,0.8536955,-2.7,2.0,melnik2015_hrv,
6053572995748594304,-6.3248454497511055,-3.044408922673121,-0.048276887210110093,7.019408497280164,-2.692983168128662,-0.08687554609237964,-3.687458586658977,0.5043394726191929,2.336047658815083,3.55,0.111,0.9568272,-26.201336,2.497736,gaia_source_rvs,26.0
5861392377669480320,-2.7250264779929676,-9.04502883877021,-0.2387042730473819,9.446603410747564,-1.86342095682868,-16.307616845135822,-25.37811128349628,4.319601871934969,11.7886719527088,10.55,0.113,0.9649986,63.017563,4.9992514,gaia_source_rvs,19.0
5861322837920614784,-5.41286719067008,-4.524216496872904,-0.14838057969446,7.054620197743429,-2.445384949284913,35.16329732186482,3.532770592627969,2.119993262096738,2.401441745431433,5.29,0.107,0.9333542,-37.569485,2.6142647,gaia_source_rvs,14.0
6053649721047932032,-6.750155157541651,-2.308658126180216,-0.017679068253180056,7.134037916528346,-2.812048549036154,41.82949455744545,-22.9595722721684,0.8763446487796447,2.828365077319624,2.7,0.04,1.0486116,5.352285,2.9000602,gaia_source_rvs,10.0
6060761362259462528,-1.803728345753516,-10.433216083231075,0.9726410477770576,10.587985350606898,-1.7419874106977657,-23.101250797903926,17.96366462187777,1.3455626849421478,9.329563823549346,12.25,0.072,0.9930994,59.06243,0.90753084,gaia_vari_cepheid,21.0
5861427532039514624,-4.293403568254769,-6.302755961210814,-0.11301400942784184,7.62614233452807,-2.168789433835817,11.34753960280042,-17.627092650612212,1.5106757674964535,4.963872385457085,7.39,0.114,0.9702606,0.796902,2.6937444,gaia_source_rvs,24.0
5861055725311709312,-1.1898312228242123,-11.30979317173389,-0.5129157015209757,11.372208225591276,-1.6756143832079171,11.226693874307891,-3.842691604370401,3.8199176563376676,13.618866019521912,13.29,0.109,0.9937547,57.57514,4.6736264,gaia_source_rvs,13.0
6059635702888301952,-7.39493777630246,-1.2237971843450006,0.08168590724414954,7.495517611465931,-2.9775878834119744,19.823451864443868,2.0136194720384424,0.31622338590156746,0.5546684197841674,1.44,0.036,1.016112,-9.845089,0.6129111,gaia_vari_cepheid,27.0
6055100659757768448,-4.950365933043624,-5.122818619077827,-0.020636364361648566,7.123860854551366,-2.3390761856636892,2.469271989994435,3.9169677045661047,1.1090626630123273,4.487131864166857,6.04,0.124,1.2050511,-30.793787,3.3722749,gaia_source_rvs,10.0
5855468247702904704,-7.637922555471468,-0.8163061328585776,-0.10550850829967562,7.681420224536756,-3.0351213965790573,20.132678618430273,-3.1328843991347526,0.26079139939837626,0.4266366926547129,0.97,0.047,1.0741858,3.4953852,0.4172467,gaia_vari_cepheid,26.0
6055125982885000576,-6.559855761897047,-2.5320873588373884,-0.003489511121861859,7.031584032753786,-2.7732154449571342,2.7398138848153537,3.7580091507185216,0.631620801136169,1.4399168451884121,2.99,0.079,1.0179889,-32.629654,1.4351515,gaia_vari_cepheid,18.0
6059764002146656128,-7.270596737088699,-1.3920104937817288,0.11255115796765186,7.402652911501612,-2.952424337331871,5.216868817227007,8.033858363292694,0.27377745694161765,0.6134202121944987,1.65,0.041,0.9466301,-23.36281,0.5328402,gaia_vari_cepheid,28.0
5861856101075703552,-6.741062156964153,-2.1841531262576446,-0.06064004090429715,7.086073939989284,-2.8282589093924546,29.2838196315017,-20.214685046406714,1.3167882344511936,3.2326874512044124,2.6,0.113,0.9276354,-0.5395348,3.033656,gaia_source_rvs,20.0
5861761268187132544,0.21062577258124904,-12.919511617323648,-0.5828768286226836,12.921228410884012,-1.5544948502848854,16.47647736144006,8.036846051487544,3.8220686121893337,14.857729303822966,15.4,0.11,1.0860707,62.539894,4.1235657,gaia_source_rvs,19.0
5862987292321202432,-5.8586842634845375,-3.5317564668882113,-0.020518431240834693,6.8408687343500505,-2.5990991462791793,-1.3466303892139428,13.655815139570024,1.2231367539206484,2.30364302653649,4.21,0.114,1.0090027,-49.53574,2.4088614,gaia_source_rvs,21.0
5862720214099407232,-3.6095443702159287,-6.994077704011009,-0.1453528979770527,7.870573898408007,-2.0472296281291658,-15.051650454838425,-28.97451459381918,2.2927181602039783,9.45859165710518,8.34,0.131,1.1125965,28.55085,1.050629,gaia_vari_cepheid,25.0
5857294605251013760,2.55321909835874,-16.421508640774565,-1.7488074474470312,16.618810842032516,-1.416551147703091,-15.978972937531312,5.56706080513203,4.582935693581204,18.6967539196812,19.68,0.114,1.0374652,121.96468,4.589744,gaia_source_rvs,20.0
5862711040048310528,-6.323905169755622,-2.783935296869366,-0.05765624777955886,6.909563830895334,-2.726898065027809,0.0829712785291646,-9.788501187423577,0.7906395679829902,4.3893968229816505,3.33,0.162,0.7452511,-23.647844,4.304744,gaia_vari_cepheid,16.0
6060173364074372352,-7.728296174811527,-0.641521418952742,0.06481035375651312,7.754876626780185,-3.0587731051492697,-1.8098583687845362,-5.304785293112275,0.47933133380615384,0.9035776683496185,0.77,0.039,0.9348765,-4.694,1.0,veloce_dr1_vgamma,57.0
5862736363140653696,-4.694074238172136,-5.255058891698286,-0.06553520763965276,7.046273973433657,-2.299868852075778,6.4562350169432365,-27.572195269067464,1.580945295914123,5.2608331128399035,6.29,0.117,0.9807792,-3.7542238,4.6616974,gaia_source_rvs,18.0
6055961925293088256,-3.674868056501781,-6.732846791514199,0.3056412674550825,7.6704550810691945,-2.0704184384211692,-11.47249316190471,-38.52971652268144,2.385306173899019,7.177331789275588,8.09,0.111,1.0627002,28.798656,2.9812627,gaia_source_rvs,23.0
5856994365517642112,0.3236294988459356,-12.74273092442574,-1.5323046544257628,12.746839901122133,-1.5454045998956212,5.421401038600832,21.99145284118208,2.250636450384543,16.415609808807112,15.38,0.117,1.2013611,56.713657,1.9319098,gaia_source_rvs,17.0
5861923171260938240,-4.700030984034466,-5.161745015531622,-0.12946291568427576,6.980967186303738,-2.3094101058091088,9.736349877735696,-8.14987520327574,0.7837157853772079,2.8866734391800732,6.21,0.062,1.1231344,-25.167763,2.5040963,gaia_source_rvs,16.0
5861614036717041536,0.21805444031374677,-12.422586082119484,-0.590445446848889,12.424499696430807,-1.5532450658826065,14.906039169002861,-20.52748849952505,3.015052341326848,14.968268353345836,14.99,0.12,1.0594528,72.82247,2.3934138,gaia_source_rvs,20.0
5863224924277003264,-5.9418271604817186,-3.2750919586251994,0.021423860673672687,6.784654548500586,-2.637834177071418,1.1208967510299543,-14.041330707677133,0.8700933474178812,2.4718024888560826,3.95,0.133,1.1361504,-23.557838,2.3330603,gaia_vari_cepheid,23.0
5862374417676272896,-6.8448455966289865,-1.930022111773476,-0.016669251420823265,7.111743569169643,-2.866760677555461,-2.8525563477861446,16.955044767385886,0.7047350056659403,1.617359035482842,2.33,0.07,1.0016345,-43.589252,1.4812708,gaia_vari_cepheid,22.0
6055722403534963840,-7.078222975925108,-1.5675335578606697,0.06981589003457417,7.249717370486481,-2.9236514844440182,28.826341637907266,2.9689222693482975,0.5650771106769595,0.9561399952360895,1.9,0.036,0.94127274,-14.451,1.0,veloce_dr1_vgamma,49.0
5858981084344257280,0.11261062582960513,-12.010644816545925,-0.5791429719736257,12.011172718026797,-1.5614206997615852,26.35830379030407,29.151571550298257,2.8851207157371683,16.89146780576636,14.59,0.121,0.9386947,30.826982,3.0615041,gaia_source_rvs,22.0
5862410151806488704,-6.644657762143369,-2.180919318141628,-0.0009235497858664553,6.99341732261528,-2.824449812574074,-3.8811412700325016,-12.038664546156639,1.033778442314878,3.2197525305660637,2.65,0.116,0.98561627,-19.958796,3.1726394,gaia_source_rvs,22.0
5863258115787416704,-6.541433111853902,-2.3281888706803793,0.036405003557396336,6.94340050511409,-2.7996588141809076,-5.993144871854537,-4.999134545873346,0.6370975706169356,1.8435429404806147,2.83,0.137,0.9240699,-28.838144,1.2106656,gaia_source_rvs,19.0
5862127920963616000,-5.299592311184897,-4.119211244397285,-0.08043783396463394,6.712196357433169,-2.4808662849671768,0.7070028470299716,-3.3184497302393083,0.7940734260671224,2.226013085347312,5.01,0.112,1.0246012,-36.524433,2.1302788,gaia_source_rvs,13.0
5858749121746467456,0.8196119972653761,-12.866711172696025,-0.6900842932749104,12.892789466505766,-1.507182082751818,9.90969542966523,7.618343901666975,3.2955319128787597,14.417488403714541,15.7,0.109,0.9501682,65.91164,3.5904622,gaia_source_rvs,23.0
5863389404349089792,-7.064813238938317,-1.534728234295881,0.04268828187675804,7.2295903655894,-2.9276807485823744,12.005194110734202,-5.102514184216659,0.6233426104381915,1.460296480450078,1.88,0.035,0.97495013,-13.371146,1.4316193,gaia_vari_cepheid,17.0
5859114571927308672,-0.557568481068234,-10.705173137120289,-0.383318614660841,10.719683507772167,-1.6228333291418429,16.63152736433556,-17.16817582022182,3.7473564331095353,15.698433000895186,13.13,0.129,1.3093634,49.083096,4.347714,gaia_vari_cepheid,18.0
5859119760248045312,-5.4763456985588626,-3.765593926405705,-0.12211262275206575,6.646055960395435,-2.5392301376781883,14.857623382625114,-12.989759829397343,0.6325821562165077,4.144255923221173,4.62,0.056,0.84163815,-28.920727,4.1479445,gaia_vari_cepheid,13.0
5862529345743227776,-6.179811382437972,-2.7586713990380556,0.019508426717581958,6.767594595598978,-2.721736034623879,-10.455026508851565,4.878287226249455,0.255705695920546,0.4714256636651976,3.39,0.045,0.9953589,-44.688763,0.27205005,gaia_vari_cepheid,31.0
5857892877040166656,-6.3742063696384745,-2.485539123993995,-0.17410745139267308,6.841667309921211,-2.769791234404939,-2.539603765530826,6.811956885693036,0.8226731316206808,2.851485694198512,3.06,0.058,0.8017078,-42.80583,3.088722,gaia_source_rvs,10.0
5859149618871813376,-2.6310578072886726,-7.6552353462777765,-0.22312491339806867,8.094757154615282,-1.9018422446235193,-5.910804187716006,-50.13362603805726,5.027552319386418,16.97764028794016,9.44,0.211,0.81418127,45.760998,3.9189677,gaia_vari_cepheid,25.0
5868480143187802240,-7.0006145191898455,-1.5752192403599308,0.015581042791040386,7.175647657284448,-2.9202672019810203,8.302542786101064,-5.456829539542298,0.47398628814201765,1.099721735160649,1.95,0.048,0.9888625,-16.235,1.0,veloce_dr1_vgamma,57.0
5868204509376644736,-5.619645237845164,-3.4269483667444725,-0.02514410404805917,6.582126381920089,-2.593986909276086,-3.7054357486879037,-35.13627524949317,1.1117940951872107,4.001771688453878,4.26,0.116,1.0362041,-9.309228,4.0806823,gaia_source_rvs,21.0
5868220486657020288,-4.662258016759216,-4.7214489128551005,-0.01661259679566746,6.635414806290274,-2.349886736602694,6.053387268869079,-17.740623142699008,0.8385758311261882,1.9633846691438537,5.87,0.116,1.0719903,-25.522228,1.2263929,gaia_source_rvs,23.0
5865126765841918464,0.918513858235789,-12.233155942618245,-0.24922680616227894,12.26759031041497,-1.4958529838131984,23.282133784451776,-12.21494739544164,4.388124675068078,15.353029423191114,15.23,0.115,1.016841,56.540066,4.711623,gaia_source_rvs,13.0
5864838698194655616,0.5203628917625167,-11.675432403147195,-0.45451924535452065,11.687022689273043,-1.5262567556449602,5.524265335601351,24.98877679820518,2.4891118541577195,15.670687438171933,14.55,0.116,1.0122794,44.722904,2.3536794,gaia_source_rvs,23.0
5864910097743013120,-5.015830956512187,-4.209590371889247,-0.1317768760448726,6.5482219940537,-2.443366374284158,18.384647769887792,-96.81413036576294,1.64682845683858,2.07282732853567,5.25,0.109,1.0667386,50.550896,2.2336442,gaia_source_rvs,11.0
5865201429542727040,-4.668163708172427,-4.663025433626206,-0.06813942996564087,6.598148119051513,-2.3567451460571864,-14.485309547808784,-3.1885652505040127,0.2787801574340332,0.9626938759866245,5.82,0.046,0.828345,-38.01504,0.52052176,gaia_vari_cepheid,16.0
5865206961464617088,-5.329689032147525,-3.7594639867116655,-0.04232306192804775,6.522204738182909,-2.5272640752650304,-2.971274636060271,-19.665598885754235,0.45023313530385534,4.584688517506727,4.7,0.133,0.94304806,-26.292082,4.881992,gaia_source_rvs,8.0
5865045749951803648,0.6763394747591356,-11.602022328638558,-0.2499253754444682,11.621719201535766,-1.5125672630570868,-4.606480091278891,-24.29039494020023,3.1532728307866127,17.61524282605222,14.58,0.131,1.0560603,78.9444,2.1429026,gaia_source_rvs,16.0
5864955727424819200,-5.4563620126407475,-3.5022375097289244,-0.11720621972586415,6.483637404076608,-2.5709588483360215,11.392793281103254,-12.697478957313308,1.479696453584723,1.4255728268975625,4.42,0.126,1.0633436,-33.357,1.0,veloce_dr1_vgamma,102.0
5864135319959353600,-5.843007110252542,-2.9784176888064926,-0.1349294855855117,6.558330886701064,-2.670182999524503,-10.749000982506667,-1.9260781573687211,0.44219243825879306,1.2414221869899402,3.77,0.071,1.0335958,-44.429703,1.2453103,gaia_vari_cepheid,15.0
5865284996769780736,-6.45730932976886,-2.1672919518109532,-0.0067545180003488236,6.811313983711549,-2.8177730148814746,1.440707144206999,12.036233521009564,0.619211152232929,0.8672268696304979,2.75,0.058,1.1641965,-46.582508,0.6418643,gaia_vari_cepheid,23.0
5850308411442294400,2.8713948869848753,-14.05725009675323,-1.8611053064607925,14.347515076823289,-1.3693038245174824,9.138340866438782,-23.968915986079452,3.0567253152266884,16.131195427193596,17.96,0.112,1.1845902,86.09458,2.4139647,gaia_source_rvs,23.0
5865015513377741312,-5.383831012311504,-3.5231446465885368,-0.07305697188407217,6.434142100537769,-2.562134972889817,-8.12568136425428,-11.588782650481022,0.5764107179038555,3.6281140619456886,4.48,0.107,1.0557415,-37.679897,3.5299942,gaia_source_rvs,16.0
5864243376958232576,-5.989211963598256,-2.7394325993630133,-0.07581491493324016,6.585981393183652,-2.7126065027893715,0.9851342861038899,15.862797669943433,0.7968037971670815,0.6088673164481753,3.49,0.045,1.0696291,-58.32004,0.36354676,gaia_vari_cepheid,21.0
5865376148813776640,-6.174648101492404,-2.491382126707437,-0.05287214755472742,6.658322917863103,-2.758084990970305,3.77986229401251,11.13882510617654,0.970101839490331,1.2460108838611623,3.18,0.064,0.91421163,-50.215,1.0,veloce_dr1_vgamma,9.0
5864639514713019392,-6.228810259614288,-2.3681550835690266,-0.05262583243700309,6.663800398429565,-2.778276302340493,45.837809842590275,-13.749400610429234,2.785192885720904,4.105781939363016,3.05,0.109,1.0928231,-12.603082,3.74711,gaia_source_rvs,23.0
5871922507947292032,-6.971606586298798,-1.431298769120376,0.15509000584491578,7.117015846589797,-2.939102327566166,24.756317459171353,-3.3118466566979805,1.1261488955800918,1.923572572719904,1.86,0.051,1.2384809,-11.881674,2.057185,gaia_source_rvs,61.0
5852389305960163328,-5.9547512342598665,-2.6326594603089823,-0.11654577243287206,6.510757106195391,-2.7253187763837676,4.961372731781708,14.11829315192901,0.6996573131823303,0.6354106396785673,3.43,0.038,0.9411643,-57.102825,0.41280174,gaia_vari_cepheid,26.0
5871738271033526016,-7.282725143172033,-1.0032689338453198,0.10644051772273583,7.35150556448196,-3.004694227700886,-4.31714747842956,10.996825978033485,0.5746914414148905,0.9444225002832546,1.33,0.038,1.0591781,-30.855,1.0,veloce_dr1_vgamma,41.0
5853901851624637824,-5.711380781526072,-2.7672585636073737,-0.10185641920993654,6.34646282502653,-2.6904083459091184,5.825543009494493,-16.09264590445713,0.6943500933053307,1.723803382481734,3.69,0.051,1.1208194,-32.870327,1.5267594,gaia_vari_cepheid,25.0
5866441717342423424,-6.248118309482944,-2.149262699789919,0.02606554634618979,6.607443723710725,-2.810285893303738,-21.455897020066974,-9.418245464282933,0.6421610532779458,2.1405299257049393,2.87,0.114,0.94734836,-40.91821,1.3968679,gaia_source_rvs,31.0
5870635357809169280,-4.614740201713579,-3.9796227502333013,0.27652406925073864,6.093703665545769,-2.429959710538707,-24.21174883743582,1.5664900468534029,0.4735047440652483,1.8377942401826188,5.33,0.05,1.0645121,-62.203354,1.8902934,gaia_source_rvs,20.0
5866179208943636352,-6.4592767943342295,-1.8955203926754756,-0.0024848704193949954,6.731660587468242,-2.856149310965207,-10.44137529783545,-3.966524724007911,0.8456345769628063,1.8248212368565495,2.54,0.058,0.9259472,-38.08925,1.8084743,gaia_source_rvs,47.0
5867251679452872192,-6.080240677564957,-2.307098975072055,0.06379535699908762,6.5032324560862875,-2.7789332837509804,-11.828333109699175,-14.067556308026866,0.3077111213684497,0.8438639012410369,3.1,0.047,1.1471949,-35.858967,0.5559532,gaia_vari_cepheid,32.0
5866191402324493952,-6.013110629455603,-2.3819191804387296,-0.007644097881314875,6.4676918931110094,-2.764434739249573,-0.14669024158150462,12.599921640598325,1.9730422214907553,1.8983715870282485,3.2,0.121,1.017363,-57.616856,1.1304398,gaia_vari_cepheid,18.0
5866193296441665536,-5.7353503902340695,-2.6835651550130954,-0.001867713629740979,6.332121764460831,-2.7039539558951065,-14.150735256112911,-10.191192104845527,0.7641032639691121,1.812401139906419,3.61,0.118,0.94337636,-44.721085,1.1605638,gaia_source_rvs,49.0
5852880955104044800,3.8886129967672325,-13.31871784884875,-0.9763333158036046,13.87478130191137,-1.28672635887686,14.00006690019109,-10.472669924255968,4.299606654104292,17.55009708944544,17.98,0.117,1.0263497,69.33881,4.53942,gaia_source_rvs,13.0
5854021702729341952,-5.95498780187211,-2.4089281341328013,-0.07570863120303445,6.423769491183674,-2.757193431577519,-5.338427756918938,-0.9836278195066086,1.214750824473732,1.7780972531454402,3.26,0.121,0.9174726,-47.872746,0.4408946,gaia_vari_cepheid,36.0
5866546239659250688,-6.817646447578078,-1.4238392301458427,0.0009389384856673356,6.964741290060693,-2.935705827439606,-17.948399209995785,25.853076090390005,0.7068744214380056,1.0339879417729254,1.95,0.071,1.0201926,-61.139698,0.65566564,gaia_vari_cepheid,41.0
5854610010144137216,-6.5843059183209345,-1.6573148292083246,-0.01225980847484837,6.789681647113501,-2.8950082001095723,-11.192671173924078,25.437138820411775,0.8382478532243408,1.0528731305024166,2.28,0.055,0.9343436,-62.53736,0.9458191,gaia_source_rvs,31.0
5854560115494081024,-6.849601463789208,-1.3713921088858665,-0.013265855592277501,6.985539100818038,-2.943990490578331,-3.97305892724947,-8.63513338410425,0.5223529390943057,1.1011275376238938,1.89,0.049,0.89115995,-23.352,1.0,veloce_dr1_vgamma,60.0
5848500161483878400,-7.537014093291369,-0.6354240635896343,-0.10669096566897479,7.563752057217468,-3.057484414282311,21.390399036205903,-6.355648599678261,0.6767599327488715,0.8563497655250546,0.89,0.036,0.95073384,5.333,1.0,veloce_dr1_vgamma,58.0
5853550729459342720,-5.326140210708244,-2.9013015171710164,-0.09830692692398452,6.065090274485789,-2.642805499963957,-9.133999887514314,-12.962659187497081,1.477520146224472,3.2255897268951483,4.05,0.119,0.8833971,-48.158546,3.3255577,gaia_source_rvs,38.0
5854322827138360704,-6.235561021585557,-1.959559918156288,-0.04603087249323174,6.536214219772925,-2.8371091853484542,-18.18817175230366,24.7831526916122,1.5968518403015695,2.704364294908723,2.74,0.063,0.981615,-72.62482,2.7183883,gaia_source_rvs,18.0
5853170268450896768,3.367269673694084,-11.76620960255032,-0.9049688904123437,12.238553569214266,-1.2920649128061377,23.591171424193366,-0.4806451230484754,2.7083540342297288,16.743813168521246,16.49,0.111,1.0228931,39.95496,2.62197,gaia_source_rvs,41.0
5891108161207885696,-6.644128676780449,-1.5182564639931233,0.08829164645230464,6.815390565776346,-2.916938917610358,30.096916400413935,-15.75495432758919,0.517558301416744,0.7176930773300374,2.14,0.03,0.999949,-4.637738,0.717513,gaia_vari_cepheid,15.0
5877533315817003648,-7.535099974576559,-0.6149450452457265,-0.019854138842361205,7.560151389723352,-3.060162382551935,24.224579132998684,-6.843652512319295,0.7188710033023931,0.8502099654787105,0.87,0.043,0.91727865,7.677,1.0,veloce_dr1_vgamma,69.0
5878388529664102016,-5.830785087039783,-2.304950466882226,-0.031298652812888746,6.269836631526066,-2.7651384561479304,-2.939920698046197,0.3602379864891532,1.8456473382575256,2.072475274765556,3.27,0.133,0.9413661,-52.0,1.0,melnik2015_hrv,
5877723874912947072,-6.051802743911803,-2.0447303316840957,-0.033919957125944374,6.387897821703739,-2.815763523492073,-25.45977981633335,7.675056540257913,1.9792907072764494,3.801633699522524,2.93,0.082,1.2157713,-64.8375,3.9645958,gaia_source_rvs,14.0
5878506555352293888,-6.779023598131454,-1.3297677174645197,-0.010203875295733359,6.9082156253575295,-2.947892901844296,5.9800710279953595,14.311532966021247,1.5106273137907889,1.7868381613339779,1.91,0.076,0.8954229,-38.905823,1.8429301,gaia_vari_cepheid,14.0
5877460679352962048,-7.485702587061049,-0.6359421254149019,-0.0207493033431756,7.5126670103771875,-3.056841917461317,-2.5470800076813958,2.5545896304886924,0.0777799874855223,0.29669623261844985,0.92,0.031,1.0495518,-18.1771,0.05126456,gaia_vari_cepheid,38.0
5891675303053080704,-7.585637856601218,-0.5365690520526007,0.0501219474349146,7.604591247340132,-3.070975410116299,-10.329246436676728,1.8581202162554291,0.6758634808912881,0.8802710554899618,0.78,0.04,1.0597419,-21.712,1.0,veloce_dr1_vgamma,48.0
5877884919005345024,-5.993144278411746,-2.026124906613374,-0.06082695197168315,6.326370245176811,-2.8155817867901702,14.441037944781359,-24.20625119573026,1.1756931740430172,2.0826164225982198,2.96,0.074,1.1059434,-19.520475,2.072805,gaia_source_rvs,17.0
5878175499273790464,-6.675520751726561,-1.3806691080770574,-0.002820647226745192,6.81680456612409,-2.9376426390060577,-26.42790828427558,8.304145115373387,1.2379687016346843,2.3402163843234436,2.02,0.121,1.0679065,-54.914703,2.0809364,gaia_source_rvs,36.0
5824464493705913472,-7.657477916145274,-0.4597139693004804,-0.08662432585872173,7.6712648872153135,-3.081629977683371,-4.988902136631143,-0.8687003241158209,0.1671898521562979,0.31887055123976715,0.68,0.031,0.88561726,-12.1183405,0.2120619,gaia_vari_cepheid,38.0
5877982466278766208,-5.672025582862586,-2.268198356728963,-0.061791900937825,6.1087312920209245,-2.7611792766379666,-12.378340836881007,-5.127360757704054,0.8042186105395357,1.078447739724129,3.36,0.067,0.87243026,-54.91481,0.478833,gaia_vari_cepheid,23.0
5877984734021669120,-5.179795168811692,-2.7078712306423856,-0.07018146023050603,5.844899023301057,-2.6598909141151985,6.426522752630395,-50.671576348486525,0.822909023474662,2.5102532899507617,4.02,0.119,0.9120183,-13.435757,1.2862101,gaia_source_rvs,22.0
5878242157154087936,-7.092738423233753,-0.9628314308272609,-0.0020840815937561196,7.157791747781245,-3.006668504321994,15.623986718433025,-24.759381514031958,1.0417766287982235,2.039287035412054,1.43,0.115,1.2189423,5.5803056,1.5736609,gaia_source_rvs,25.0
5878239339655855104,-6.803192941395856,-1.2240881047002465,-0.005638119573260052,6.9124399372383,-2.9635690002955655,-23.99901329643119,9.827242465310661,2.1051692710009555,3.2565222159718066,1.82,0.143,1.1416342,-52.377014,3.2931662,gaia_source_rvs,31.0
5878226626552505856,-6.520979285164277,-1.4785328475516843,-0.009932942340539822,6.686496109236204,-2.9186276309706574,-21.892950955540268,-2.369213861510559,1.2182748165732804,2.9296254098900145,2.2,0.136,1.1416099,-46.94783,1.8832095,gaia_source_rvs,34.0
5873477247406444416,-6.247219681600469,-1.713135189331381,-0.21699032664386703,6.47785349688473,-2.8739483811603033,-26.272168347381967,3.6217889378538928,0.7475561100907153,1.4756751895035713,2.57,0.061,1.0427705,-58.709747,1.2543235,gaia_source_rvs,26.0
5824226655600824704,-7.3123035752188645,-0.7432478428738176,-0.14533253366087656,7.349979655216412,-3.0402970782098517,-16.746176806942962,-3.746378485283884,0.1573197772499299,0.4137965429580776,1.13,0.031,0.9513159,-24.72393,0.06081308,gaia_vari_cepheid,49.0
5876386181589076864,-5.759571434206417,-2.1098002643433653,-0.09795525052815895,6.133834058820788,-2.7904605097093405,-0.6231965103917348,-43.744969637053345,1.3731378202574474,3.5580022426486533,3.19,0.109,0.9650013,-14.173023,2.8229725,gaia_source_rvs,15.0
5879668670420886016,-4.440154702887618,-3.2162690109361867,-0.02234403803369062,5.482641711463869,-2.51470430325043,-16.699265681785455,-56.99432146694542,2.3615972813231516,3.644810567276015,4.91,0.168,1.0930389,-23.447096,3.1026947,gaia_source_rvs,15.0
5876584609040034048,-2.0503029061833375,-5.265904526056547,-0.16053471360196753,5.650972702521812,-1.9420918786879053,-14.71739964931288,-72.18598687939468,2.2196502580098207,6.450229396121647,8.06,0.131,1.0304778,4.335242,2.6890547,gaia_vari_cepheid,20.0
5893788220810031872,-3.399313891088312,-3.9071990227574225,0.4889200286192374,5.1789515477152825,-2.2867948329417813,25.553407026333193,1.6344591193303586,7.119035043629212,2.342776715506246,6.17,0.132,0.8639301,-86.851,1.0,veloce_dr1_vgamma,122.0
5877120341746137216,-6.133315035297947,-1.608958228272738,-0.019850701317222833,6.34084378474493,-2.8850425021109376,-9.808470379457933,-14.324077562276415,0.9961942898053312,1.7239530769080182,2.58,0.066,0.984946,-38.606567,1.5228419,gaia_source_rvs,10.0
5877104712393104000,-6.49732433220359,-1.311471309359698,-0.023000455462783568,6.628361824245752,-2.9424208943692576,9.418616486969093,0.343724582868532,0.8161367067805724,0.9147824132488013,2.11,0.055,1.0184078,-30.3012,0.6425977,gaia_vari_cepheid,13.0
5823134325151372032,-7.423495769392847,-0.5650373131227329,-0.12801829170536944,7.444968542808925,-3.0656244122055645,22.972301199381086,-8.05912758576963,0.7329284099701636,0.7072061263269508,0.93,0.044,1.0388076,6.7749553,1.0664759,gaia_vari_cepheid,33.0
5881995546318024704,-6.532156420676895,-1.255711228500583,-0.0854805931907357,6.65175752666713,-2.9516741506902564,-6.892918374644232,-6.11652891059515,0.389487783429808,0.8284403155774903,2.05,0.049,0.83241874,-34.765247,0.29186076,gaia_vari_cepheid,15.0
5883288709372733312,-5.833120389523734,-1.7441493018582226,0.0009521603499837395,6.088296171003021,-2.851046255735815,-31.611386687310144,-14.579941696890842,2.369419259402701,3.639512888385214,2.9,0.119,1.0661352,-57.577984,3.2920225,gaia_source_rvs,20.0
5829232354047904256,-7.222082561430438,-0.6934490825202941,-0.15881993566804065,7.255297936967569,-3.0458682252725127,12.062958632217603,5.081974012548102,1.5663364517421903,1.4285781446893762,1.17,0.027,0.9920791,-14.092926,2.0710075,gaia_source_rvs,54.0
5883037264808188288,-5.506398433108362,-1.9748173569129583,-0.03293142596684679,5.849814295967258,-2.797241138444454,-16.90453416496442,-7.227816733792764,2.6483894754989454,3.5606417960747994,3.3,0.126,0.98354477,-60.906635,3.0742586,gaia_vari_cepheid,10.0
5883784554755786240,-6.085211044962104,-1.5129026369920666,0.04264627734534714,6.270459939330315,-2.8979136271583052,-34.268967150049406,-10.339763367321154,2.652020531778128,3.973218315847433,2.56,0.129,1.0350324,-58.699154,3.8669577,gaia_source_rvs,17.0
6119933947003545088,1.3040219677286817,-6.889889156169193,5.298564437496275,7.012206919124451,-1.383742872395378,44.073682661383046,-233.71177479838383,4.656014520858597,6.718328439639788,12.84,0.117,1.2839854,176.4245,2.9196558,gaia_source_rvs,14.0
5883507512182828544,-6.521954760192673,-1.1787833031273327,-0.001183124326221534,6.627625816967314,-2.962782259453396,-29.744474889503863,8.092168622487549,1.1964573052800425,1.961106397279635,2.01,0.119,1.0647454,-61.355835,1.467122,gaia_source_rvs,19.0
5883879421994717824,-6.649070899689149,-1.0638473500187375,0.037845364869172164,6.733640546779651,-2.9829379770851254,-37.577041232911554,3.920783817367152,1.0711231700979345,2.110528342211583,1.84,0.114,1.1343884,-61.7402,1.4143045,gaia_source_rvs,17.0
5882533104436575232,-5.514215725082706,-1.864697994814174,-0.08643708369346742,5.820968448171953,-2.8155026489774926,12.816373055616602,-45.864747561559454,2.129790749145069,3.634049019941591,3.23,0.11,0.98612523,-12.161677,3.5105872,gaia_source_rvs,30.0
5883933779102368640,-6.867698371805704,-0.9052012452586649,0.040399847744852106,6.9270968103903785,-3.010542448535877,-18.402978582092615,11.105058204992503,1.1150347691940956,1.5406798714587984,1.57,0.117,1.0948573,-48.49093,1.2736145,gaia_source_rvs,14.0
5883580934632791040,-6.016913156319058,-1.5039804417329774,-0.0040532969663255635,6.202032013767801,-2.8966527595702463,-12.858585017808942,-19.9617381204028,1.3192536475953496,3.144973195475109,2.61,0.147,1.1054507,-39.04597,1.520101,gaia_source_rvs,21.0
5888819699572539264,-7.201936930000278,-0.6650520531431786,0.07247537453497138,7.232578363010786,-3.0495103010223312,12.661092145301375,8.301839064862293,0.39515794873686627,0.2854650164158083,1.16,0.047,0.95002764,-16.483765,0.08898792,gaia_vari_cepheid,23.0
5816040928949504384,1.621070617070833,-6.759542920662533,-2.764841994554806,6.951207840498611,-1.3354219646425267,-37.07025662716563,-126.81404683918743,4.427883402137723,16.70175168479134,12.2,0.107,1.0612044,133.12411,4.6936803,gaia_source_rvs,22.0
5884368498528237952,-6.878618491175887,-0.8690028311352189,0.00022198640077369502,6.933293464701164,-3.0159244782427814,7.185790993718751,1.9649622362495904,2.4132574176461765,2.162242556248065,1.54,0.057,0.98420507,-22.747961,3.2951334,gaia_vari_cepheid,12.0
5885220791810497024,-6.4136539608426215,-1.1811441174533261,0.008229619961470144,6.521507383697947,-2.9594723665048153,-30.565632419838927,11.39008021676355,1.8105908919055655,2.36891507611196,2.1,0.128,1.2401389,-66.39407,2.1062613,gaia_source_rvs,12.0
5885220791810496256,-6.537649884971686,-1.0967346678415715,0.007981815775930542,6.629003918396478,-2.9753835765476273,-35.070990228881186,18.51819900147953,1.8399359011357936,2.2893465282472163,1.95,0.133,1.3318447,-72.1199,1.8869529,gaia_vari_cepheid,17.0
5884453229620600192,-6.593458045162306,-1.0542800494231572,-0.0032462886150015956,6.677214645039294,-2.9830369512345305,-27.391841544191344,15.15316443278806,1.629841152302295,1.9531383609255941,1.88,0.116,1.2190045,-63.062073,1.8637537,gaia_source_rvs,16.0
5903821951590649600,11.925689339761625,-13.094637994130284,3.880500367758421,17.711341293810147,-0.8320841736002189,-25.13334518102658,-135.88256532373774,5.295054496323715,17.560152963703946,24.28,0.119,1.0539939,124.595695,4.574579,gaia_source_rvs,21.0
5884600426769582336,-5.804032728757701,-1.5278994138092894,-0.03888074991781105,6.0017724494693505,-2.8841847667628477,-19.2928126035965,2.095923231726232,1.1181920520839583,1.1892205293405793,2.8,0.058,0.95140094,-63.75903,1.0261098,gaia_source_rvs,24.0
5835124087174043136,-7.392253545193092,-0.4780725365683093,-0.07976296088038304,7.407696391364909,-3.077010494489939,24.58642915643898,-3.9519941035061095,0.30013281164466765,0.3323792619414765,0.9,0.056,0.87837607,6.0062094,0.10440342,gaia_vari_cepheid,29.0
5886130461583417216,-7.303803848294134,-0.5311432024732116,0.04841983330574045,7.323091133933108,-3.0689989924829963,5.186820408545504,-4.06132525536114,1.8001358351183627,1.3228566545438878,1.0,0.021,0.9475202,-11.898025,2.221998,gaia_source_rvs,9.0
5932882731154933888,-5.637138418005956,-1.5063732898915612,-0.030214256483320382,5.834937020419108,-2.880470894016879,-40.042747691284184,0.9086794735116825,0.6959915838436782,0.9051208898425973,2.93,0.057,1.0619115,-80.17892,0.36571765,gaia_vari_cepheid,40.0
5932812431123862016,-6.280222781219473,-1.1199006238206657,-0.04100467571591821,6.379292718552894,-2.965125723497308,-2.0698988048629614,-0.16362971926565706,0.9028590089661596,0.851974836024674,2.18,0.04,0.9379303,-39.077,1.0,veloce_dr1_vgamma,34.0
5932879565692277120,-5.144417983651108,-1.792637525054791,-0.04870887797433927,5.447805584521854,-2.806288066701247,-12.921717079739082,-10.12607448434764,1.4767803320588881,1.3901634853522387,3.5,0.052,0.8392529,-63.09463,1.2737365,gaia_vari_cepheid,25.0
5932565900081831040,-6.291045119401665,-1.0969538098699725,-0.07565411702789943,6.385965577368528,-2.9689607582523796,-3.629943365094577,-1.6190981105325761,0.9140927742341248,0.870573085022847,2.16,0.044,1.0317485,-38.605,1.0,veloce_dr1_vgamma,411.0
5932569709575669504,-6.51007903478266,-0.956580738300228,-0.06945735970586492,6.579982959552686,-2.995698251055719,-3.3302972839230605,6.950428117315937,0.9646332729306745,0.8093531357598727,1.9,0.052,0.91940427,-39.621,1.0,veloce_dr1_vgamma,71.0
5981445136043557120,-6.192288154860121,-1.128797398142331,0.033571902273828384,6.294332066142829,-2.96128166050672,-5.672383611582089,17.28547007286224,1.5297671243455724,1.1515162730047812,2.26,0.048,0.9694368,-54.779694,1.5585178,gaia_source_rvs,14.0
5981379612024080896,-4.454504549336041,-2.119172290429547,-0.0004911605861215905,4.932899956068428,-2.697543225401955,2.662950865326599,-27.474249850903476,3.9424318015958226,2.954866719736302,4.26,0.129,1.000436,-53.07226,1.43808,gaia_source_rvs,22.0
5927687916632523264,4.104087428852042,-6.9832544033304815,-1.8055617624421552,8.099961461963627,-1.0394669718532517,34.525681432273565,59.95367654919329,4.2030551515214665,19.770804835602057,14.22,0.112,0.91373944,-79.54881,4.8985868,gaia_source_rvs,16.0
5981406000300438016,-6.194393983673245,-1.1126548214089311,0.01606483966296895,6.293529818517731,-2.96386503442462,-9.999805272722327,11.94047863614557,3.6913014530671284,3.033909785810694,2.25,0.058,0.8910975,-54.275032,4.7791114,gaia_vari_cepheid,9.0
5932997939411720960,-6.6096553197755075,-0.8701915948456637,-0.04936867586816713,6.66669159763497,-3.010690883046518,10.487390425840552,3.0048770739757913,0.9741569016969029,0.7396186551659519,1.77,0.04,0.8673038,-23.705,1.0,veloce_dr1_vgamma,26.0
5933434308006613760,-7.084328336803356,-0.5938865720287737,-0.001326509188947671,7.109177817727666,-3.0579571735202364,16.645152455582195,1.5187921738510965,1.1696740480408854,0.8005314091716043,1.22,0.035,1.1057535,-8.396928,1.3778054,gaia_source_rvs,29.0
5981597968165554944,-5.7077559105794915,-1.3480332610107877,0.05407159321869542,5.864782281342292,-2.909666813107001,-48.00810345867858,-11.980033423507194,2.348416369136943,3.3167409829769072,2.79,0.125,1.1967211,-76.39068,2.4630282,gaia_vari_cepheid,28.0
5934997568683831936,-6.250102053274066,-1.0275746699953123,0.01472720848432801,6.334010213029078,-2.9786411700659126,-17.588696647252853,0.7563636271104599,0.6071609359733403,0.7832605723824515,2.16,0.056,0.82924426,-51.367027,0.2026147,gaia_vari_cepheid,37.0
5935042378098601856,-5.682426396935251,-1.3019217119654147,-0.008266922464689911,5.829662931994739,-2.916366202898895,20.278565897333063,-11.687905060436549,2.248888027679752,1.6304858120230399,2.79,0.114,0.9358613,-25.208,1.0,veloce_dr1_vgamma,29.0
5934883670496071808,-6.863786787725806,-0.6693712287879525,-0.004624456570936857,6.896348810007251,-3.0443779173223957,2.0644120281395066,-6.792939714844721,2.0650842480554052,2.3902798632557802,1.45,0.168,1.096609,-19.445847,2.195147,gaia_source_rvs,19.0
5935480602196674432,-7.063795329457662,-0.5554623096343977,0.010506783718633169,7.0856010919252475,-3.063119026305869,-31.658543727938806,8.384866959181068,1.8724355459664295,2.3916338162121478,1.22,0.159,1.0421162,-52.66681,2.086486,gaia_source_rvs,23.0
5934398717159140736,-6.379022235145737,-0.8835154121301521,-0.053192811984200956,6.439916471504519,-3.0039649749518955,15.340497945628298,10.214340063856099,1.1271221707898262,0.6224971562410924,1.98,0.043,0.87020123,-25.922,1.0,veloce_dr1_vgamma,33.0
5935454454446498048,-5.934518563677786,-1.069137426352456,0.01947826840256078,6.030055175457668,-2.9633488927017364,-49.73789173348062,7.086402533126204,1.8580509633028441,1.641559559428075,2.46,0.065,1.1309707,-85.65913,2.4493783,gaia_source_rvs,17.0
5935461979229380096,-6.906133313903348,-0.597513884491734,0.01882073051327415,6.931933366065058,-3.0552882625215427,-65.13415364084668,24.83396058656197,2.813829314950864,2.1418601978370795,1.38,0.134,0.98397154,-92.21571,3.083742,gaia_source_rvs,20.0
5941658375763435648,-5.044044069606178,-1.478048993095307,0.05044953504315813,5.256140161955282,-2.856543879283356,0.7790588917421246,-18.015433533334317,3.5363894332057297,2.893840960612326,3.44,0.11,0.98443556,-46.913513,3.3317714,gaia_source_rvs,22.0
5940586493690170496,-6.411069837706921,-0.8133415097581339,-0.026184909347352906,6.462456257140244,-3.0154016006176394,-67.73415960377218,16.62175046295232,2.724728818042796,2.6175793080865137,1.92,0.15,1.1165847,-97.8132,2.9537668,gaia_source_rvs,12.0
5941493178470214784,-6.2646149567326574,-0.8782844283112798,0.02411986865204546,6.325882080242454,-3.0023028459853696,-50.61254413031866,11.892733018463701,2.0580074975506433,1.6988766622980134,2.08,0.088,1.0412488,-83.29317,2.3384385,gaia_source_rvs,18.0
5937099633141128448,-4.364405189612868,-1.7509046481184667,-0.27021524367121447,4.702520573684137,-2.7600709147724483,-51.44009337082205,-42.088171753844136,1.0713139906422808,1.4792296784066465,4.18,0.069,0.9316048,-75.54799,1.158562,gaia_vari_cepheid,8.0
5941190022494709248,-6.741545626268249,-0.6227808944297326,0.007837166040402906,6.770250621175205,-3.0494745629667985,-17.277317916642893,-7.855533074802651,2.631456279665429,2.3459465252611698,1.54,0.124,1.0782894,-36.651672,2.957049,gaia_source_rvs,22.0
5939422213961762432,-4.664460368063313,-1.4556902452958804,-0.1373016844184219,4.8863303833739,-2.8390893989842807,-5.533167128840395,-55.3295799831657,1.9809151390400375,2.0298147137943654,3.78,0.053,0.79005194,-32.224083,2.3103843,gaia_source_rvs,17.0
5941298977227277952,-6.553215732305022,-0.6657030768693557,0.010534143454815455,6.586941401036096,-3.040355748731361,0.1354667965912914,-14.921307961034302,2.6136460924879574,2.293357229695889,1.73,0.123,1.2016131,-20.526539,2.7963483,gaia_vari_cepheid,24.0
5924661476501498368,-5.9182030773411105,-0.907843231681698,-0.438810079067491,5.987429080829272,-2.989380698186137,-1.9801103554975075,-1.1144469209545775,2.5487348099410423,1.6699310743061235,2.45,0.126,1.1190852,-41.59598,1.7775688,gaia_source_rvs,18.0
5942637838797219328,-6.007997054830378,-0.8648300238901789,0.004897472603330451,6.069922535014132,-2.9986282124280463,-53.32121859816175,-1.9058228454873642,2.0837792861157256,2.262046363323839,2.31,0.113,1.0085747,-81.50958,2.0960097,gaia_vari_cepheid,14.0
5943144438769524992,-5.430439330391029,-1.0354177655372951,0.008647887917004712,5.528269283441972,-2.9531848596798147,-62.07741352332621,-17.070817106788837,2.3000731763038442,2.717573419609202,2.91,0.118,1.1345874,-89.33533,2.4892716,gaia_source_rvs,11.0
5943207351448365824,-7.240075995675953,-0.33605321023994444,0.0023498310281556646,7.247870872420101,-3.095210241449424,-12.475962419134554,-0.0030146195119868935,2.453142164800142,1.7490339661622432,0.97,0.128,1.0236177,-28.297081,2.5525324,gaia_source_rvs,8.0
5940121056650865408,-5.701454496766363,-0.9019536872334055,-0.051188207218750566,5.7723568698246055,-2.9846957614347196,20.690027902026735,-9.596327934852297,4.178652383672729,2.4127746900376437,2.61,0.111,0.99810266,-16.858152,4.4795303,gaia_source_rvs,10.0
5943301424097469568,-5.052444097876352,-1.1373466742995677,0.04551840501372489,5.1788752465864505,-2.920175212650313,17.53925987153381,-42.912564084790745,3.2337289860538356,2.4278374110550662,3.3,0.058,0.9395011,-13.629825,3.6117475,gaia_source_rvs,17.0
5939019827046790272,-5.545253962636945,-0.9559668300539216,-0.1672285980901143,5.627051989301688,-2.9708769583818153,22.223185660894256,-42.12973439491185,3.322570497118957,3.0146468849287897,2.78,0.11,1.0849719,-2.3047419,3.437035,gaia_source_rvs,21.0
5943319840913687168,-5.43961277020933,-0.9732225179149758,0.037889122167927995,5.525988523259996,-2.964551896396854,-47.717005705017215,-12.200183036851456,1.363134425939748,1.2358031784971224,2.88,0.062,1.1196103,-79.0438,1.3566015,gaia_source_rvs,17.0
5943255828719965824,-6.154052995325058,-0.7145133168559916,0.014083870428206632,6.195393252186165,-3.0260056688842325,-15.33537875202294,-6.143273865391478,3.435032338067977,2.4606868708995244,2.12,0.142,1.002269,-42.84599,4.1346254,gaia_source_rvs,15.0
5964193485048327808,-5.79524586880209,-0.8390352272867443,-0.02858238568739863,5.855668603370226,-2.9978117877262727,9.866901404115275,-11.920226197422778,3.3504019477873133,2.1703467055849504,2.5,0.13,0.90923536,-23.093971,3.2119505,gaia_vari_cepheid,10.0
5964452286916530560,-5.919495456645139,-0.739432870365996,0.029929309439160553,5.9654997637264335,-3.0173215026954225,-12.82285685860635,-21.366707295162115,1.4748660693195559,1.3540474088431258,2.35,0.07,0.9599036,-36.476994,1.6725372,gaia_source_rvs,19.0
5967847540145113600,-5.6480145544647264,-0.8090675093415398,0.05436596121572384,5.705668991636082,-2.999312454971039,-20.221827815707634,-17.32761608052985,1.61634056683879,1.5028451768446012,2.63,0.076,0.9235955,-48.42151,1.5827365,gaia_source_rvs,12.0
5964854811231411200,-6.452616178281969,-0.5356902374253588,0.02367777213845817,6.47481425020819,-3.058763519153528,-20.60895402641157,-9.172268848687196,1.4712929275905111,1.636110969357641,1.78,0.114,0.9980938,-41.276783,1.4596388,gaia_source_rvs,17.0
5964704143786910720,-6.161593492208844,-0.610272117124471,-0.009158891957090357,6.191741792110679,-3.0428701025275893,-20.019744055599748,3.347993344842081,1.2256366419104434,0.684887425940851,2.08,0.053,0.8416675,-48.878735,1.2165221,gaia_source_rvs,16.0
5952775576537356544,-7.328842946418489,-0.24309168035416334,-0.07330720871652127,7.332873413493885,-3.108435633910263,22.30760290020072,-7.697610240020055,0.9824483998625508,0.6376241393576285,0.86,0.074,1.1515167,8.3,1.0,melnik2015_hrv,
5966244490846826112,-6.970573947139379,-0.34905305811804044,0.010030570981535532,6.979307930584509,-3.091559220838071,-18.835218921425202,0.47652154653101775,3.8858019830303756,2.189568276332715,1.23,0.172,1.1030625,-36.678066,3.708437,gaia_source_rvs,14.0
5965206341417253248,-5.966369439351775,-0.6118491065771314,-0.0960201963541964,5.997659844977043,-3.0394002361582917,4.196581669336241,-10.317618761161356,0.647018926587162,0.7558701198551839,2.27,0.061,1.029786,-21.6247,0.2062492,gaia_vari_cepheid,25.0
5966081350839942784,-4.188445503122464,-1.016517205304865,-0.02439052552316451,4.310032826012768,-2.90350046693046,-65.58008605548848,-6.229172378558246,4.8830015880908375,1.5819357740246798,4.09,0.123,0.90684986,-110.357216,3.086348,gaia_vari_cepheid,24.0
5973058817250905600,-5.708718570419543,-0.5385828666805814,0.014585070129331242,5.734068295768269,-3.047527163234696,-18.765511830240776,-21.77087425444077,1.1096694846624489,1.1087075042612922,2.5,0.066,0.9751877,-40.59433,1.0026424,gaia_source_rvs,32.0
5973069606209523584,-6.086694794884232,-0.4414042223485737,0.011949907945542234,6.102679019379764,-3.0691998564954224,-4.947997608982402,-6.652699070022635,2.5845068365093575,1.264680910224555,2.11,0.118,1.0021949,-27.766851,2.5960512,gaia_source_rvs,24.0
5960623272099513856,-7.093617801047863,-0.20478525438335726,-0.08682318370260395,7.096573152427584,-3.1127317256224476,29.437443077319607,-2.790077021646738,0.9658471596101823,0.32095052888498,1.08,0.04,0.80724955,14.336,1.0,veloce_dr1_vgamma,98.0
5973527617215696384,-6.626454356646384,-0.2851160848244763,0.010310994468488096,6.632585357350743,-3.098592231670741,5.993858368004102,10.28958803156064,1.8844632088077977,0.49817664184659377,1.55,0.06,0.9478511,-15.131128,1.7747821,gaia_source_rvs,11.0
5972868631794514048,-6.300252545491529,-0.33563313568920694,-0.00834262949191739,6.309186297673025,-3.0883699989586106,-6.396672975979839,-16.172506413622813,1.321722053825348,2.1019567820402822,1.88,0.147,1.1243055,-23.449287,1.2595158,gaia_source_rvs,8.0
6026412893938675712,-7.335535551993851,-0.13756309424982385,0.08690688572575739,7.336825297052214,-3.12284187924069,-7.235213337470359,-1.6832650395055566,2.9400869715829407,0.6638290681462672,0.83,0.044,0.804823,-22.151382,2.9937592,gaia_source_rvs,21.0
4054440301294394624,-7.075231231802242,-0.10615852862463943,0.008039857546093095,7.07602760146324,-3.1265895307486877,31.084598375987937,-4.008665221071112,0.558092340808648,0.4742084849249387,1.08,0.078,1.0540593,18.174034,0.55760604,gaia_vari_cepheid,16.0
4054740090000104064,-5.472729200846356,-0.2546380322986296,0.06458026416139256,5.478649964479325,-3.095097658924897,-11.051634035343415,-22.075590292927785,4.128689781405468,1.200813347312797,2.69,0.087,0.90658325,-28.871645,4.0090117,gaia_source_rvs,10.0
4053752797328611840,-5.480296654170811,-0.2323926810440876,-0.02747872169863547,5.485221761781254,-3.099212915772727,-5.104802848029309,-17.726129688336897,4.423458125516453,1.2371040019315191,2.68,0.108,1.0092567,-22.14601,4.369201,gaia_source_rvs,12.0
4054155699611497472,-6.823910314493496,-0.09938363675916723,-0.017170701890725896,6.8246339892705015,-3.1270296528634507,-21.177009013284074,-2.106546140964639,1.0014306725082276,0.28717991499496026,1.33,0.041,0.8279009,-34.193,1.0,veloce_dr1_vgamma,20.0
4054962874233545088,-5.79498514954831,-0.15306342507157178,-0.003740295501157902,5.797006235599552,-3.1151857101609535,3.6959433525893983,-14.299484444667485,2.3103019171359276,0.676496504831973,2.36,0.06,0.93875706,-11.055881,2.3382475,gaia_source_rvs,8.0
4041690364529590144,-6.844837783852601,-0.08007714705115854,-0.07351951893176217,6.845306175529042,-3.1298942764127538,-5.1827221132166095,8.034537589182065,0.1814330034253655,0.1693820695402953,1.31,0.098,0.7325544,-17.807652,0.14450498,gaia_vari_cepheid,16.0
4111834567779557376,-7.270996048646703,-0.0448270145160915,0.13758275751387183,7.271134230686873,-3.1354275496234623,-17.428719124837723,11.30492698542298,0.44532082747396146,0.09110999316968207,0.89,0.036,0.83691496,-30.235579,0.442186,gaia_vari_cepheid,31.0
4058729015194551808,-5.793415999880428,-0.09934965697000231,0.08455847752208295,5.794267796884314,-3.1244456163628542,-22.308948917034062,4.391651180507608,3.317520206077387,0.2920990554944663,2.36,0.109,0.75352186,-36.971085,3.3850594,gaia_source_rvs,9.0
4056026175045038464,-6.680648048966373,-0.025106517106344928,-0.03027653587576357,6.680695225151303,-3.137834575222572,1.069130603611448,7.3852936930407225,3.161207332016833,0.17582674190861194,1.47,0.081,0.8843638,-10.003503,3.1473434,gaia_source_rvs,22.0
