CNAME,GaiaEDR3,Rbirth,rguidmean,b_Rbirth,B_Rbirth,s_Rbirth,migration_delta_r_kpc
 , ,kpc,kpc,kpc,kpc,kpc,
----------------,-------------------,-------------------,-------------------,-------------------,-------------------,-------------------,
00000302-6002570,4918001166129129344, 4.0466656171672204, 8.7033445473388049, 3.3726930382213065, 5.0967965675441516, 0.7616881671717771,4.6566789301715845
00001749-5449565,4923860601032588544, 5.0754304265988202, 8.1770794213125484, 4.0007756512882411, 6.7616831577747423, 1.4768316232198206,3.1016489947137265
00012216-5458205,4923656469826935936, 2.7237592635757899, 7.8770679110715971, 2.6855749214751823, 3.7741891381903065, 0.5731946442228412,5.153308647495807
00040666-3709129,2307728366713617152, 4.1372531007053004, 7.2061554204463576, 3.3990200645234534, 4.9285373414431000, 0.7369417596396235,3.0689023197410563
00042981-4701022,4990102289659200000, 3.1609624933632050, 9.6344907159380764, 2.9892209018474252, 3.4119913784518574, 0.2158489691405191,6.473528222574871
00091992-5000042,4976635097584220928, 2.6261574144541653, 6.6015861906549924, 2.5087088302443230, 3.0223272826391252, 0.3666997872750165,3.975428776200827
00100615-0326230,2445238131310754304, 5.2152037161739502, 7.8904780752740429, 4.5980545383109908, 5.9315546191663158, 0.7116715236986719,2.6752743591000927
00101980-0333160,2445223326559516800, 5.5993996123078205, 7.5126816555431812, 5.0195554662976694, 6.2672627020319638, 0.6435200631018666,1.9132820432353608
00102112-0326192,2445237551491198208, 3.6082549846813903, 6.7738830636170322, 3.3199940425362562, 3.9169570439213399, 0.3065631919862110,3.165628078935642
00182940-5953351,4906181244331533440, 2.6852227927559751, 7.0716420284994079, 2.6119395351875920, 2.7434899776708699, 0.2500031293103334,4.386419235743433
00190535-0049064,2542131120335481216, 2.7424065346384703, 8.3485577999095568, 2.5926365637278481, 3.8950951615229621, 0.6481317118271365,5.606151265271085
00191310-0052404,2542127409483739136, 6.6405849666832850, 7.1161534107195870, 5.7800665430663809, 7.2545942130719991, 1.0100401566162240,0.47556844403630194
00191514-5730080,4918855143066272768, 2.3314204811137649, 9.5763984232392687, 2.0567345229169391, 2.8578556938487711, 0.4284661450941408,7.244977942125502
00191775-5424490,4923333316487937920,20.0060347424152489, 7.5228759013338813,18.4473548328361119,22.0119229116023831, 2.0291319963064640,-12.483158841081368
00193471-4225599,4992199234427622656, 2.6759650589659998, 7.9896493315882573, 2.6410368788551879, 3.5819689768113609, 0.5093210172869739,5.3136842726222575
00194276-0056072,2542114520285931008,12.8648461117668997, 8.1640350257588423,11.3772029292713324,14.8633815866884849, 1.8764804912617377,-4.700811086008057
00194642-5738454,4918803912696371456, 4.0127105716546296, 8.1089385119903064, 3.8897208135394088, 4.2367299409235617, 0.3145648832754460,4.096227940335677
00195156-5730201,4918809444614240384, 3.0873579763946801, 7.4251014222182281, 2.8677953009356658, 3.2778953409275160, 0.1934809748125175,4.337743445823547
00195239-4704422,4978315013909473536, 2.7199363698060548, 7.3108475280032277, 2.6002641718655641, 3.8282621482700607, 0.6153643292049337,4.590911158197172
00202470-5421294,4923334484719035392, 2.6806801116897150, 6.9126102284999975, 2.6563941858089062, 3.8690462827531578, 0.5333389737041333,4.2319301168102825
00295076-0334166,2528575000959085056, 4.2067291581057500, 7.5150169982651072, 3.8685139299873890, 5.2654010528383761, 0.7648304871028601,3.308287840159357
00295819-5015539,4974326088804979840, 4.5047104967081246, 8.0881189139171230, 3.0040012856782297, 5.5338857824403087, 1.1187529643070542,3.5834084172089984
00300545-5003284,4974520049527254912,13.8354163269642001, 8.3151113998265629,12.1713049303557757,16.0951497145065439, 2.2339726597718688,-5.520304927137637
00393674-4228576,4992855436711058048, 6.4160372464915651, 5.8409616990838957, 5.8233808636344548, 7.0501124839097304, 0.6548044050298280,-0.5750755474076694
00395056-0057356,2542855217462324864, 2.8640580164592961, 6.8450715895440615, 2.7333611509275930, 3.0266931464799409, 0.1521562233344942,3.9810135730847653
00401070-5729577,4907937645437617664, 3.1281398465872803, 7.4264619126515754, 2.6680255548563263, 4.1262008708448876, 0.9448105281613888,4.298322066064294
00403195-5719104,4908130334850355584, 7.4287640775831800, 7.1873734353953971, 5.8757292541163908, 8.7443070947160617, 1.9991017772549680,-0.24139064218778383
00404231-5727224,4907937989034999936, 3.0252656744719100, 8.3870436611639541, 2.6892750460885297, 5.1558783914194253, 1.3068255038396708,5.361777986692044
00404967-5429124,4921482391740288640, 4.8536221907245096, 6.2514706794983859, 4.1310269768826746, 5.6499356362716844, 0.7007139875174511,1.3978484887738762
00493979-0341143,2528951205734935936, 4.3333032786188799, 7.0770398965406427, 2.8247272145170177, 6.0913852083816051, 1.6771664687242829,2.743736617921763
00495191-0336329,2528957940243654016, 3.4887164017445351, 7.8775576298475274, 2.7524244597882603, 4.4514496186744923, 0.9517207952966840,4.388841228102992
00495339-5003574,4926528359839472384, 5.9126910343405346, 6.0819846836506608, 4.7467461181231796, 6.5267257518376978, 0.8330346879916776,0.16929364931012536
00500588-0338569,2528956875091767424, 4.6558213061237996, 8.1444090104026774, 2.7592287562322309, 6.4718441775547557, 1.9128833745164608,3.4885877042788778
00503757-4955594,4926555607111946752, 7.3355400795695447, 6.3038042648703243, 6.5773000330762095, 7.7379594214882079, 0.6137426353693215,-1.0317358146992195
00581154-5736309,4907451077182892928, 6.2892001282708154, 7.3806829173144033, 5.8261591695467061, 6.6030455038733447, 0.4623798083208759,1.091482789043587
00590051-5725585,4907466229827493504, 2.6463265526470297, 7.4003193420457265, 2.6181824892185781, 2.6656315956653018, 0.0249375212005577,4.753992789398697
00593484-0051236,2535787900315708032, 5.7490066486862750,10.0429782680809456, 5.3383273943782230, 6.2989262486372084, 0.5109379174730216,4.293971619394669
00594724-5423317,4908923357612194176, 3.3431010457480799, 7.7094683455484097, 2.6279863707315858, 3.7328726283835292, 0.5300006635323627,4.36636729980033
00595442-4710232,4933100862393505408, 6.7918800630564444, 7.2671281016724887, 6.4441174843754458, 7.1865729913958214, 0.3808254365292792,0.47524803861604337
00595658-6005493,4903126663590581888, 2.9030911935010950, 7.3025787180543320, 2.7381254606190573, 3.0892640399772682, 0.1839867537765482,4.399487524553238
00595861-0102454,2535734608361505408,11.4607861669773499, 8.0987298998154422, 9.7273953651773208,13.1117103451934742, 1.9347285133516841,-3.362056267161906
01002634-4708587,4933100450076680448, 2.6651518538479499, 7.8013454676007497, 2.6247146765835030, 2.6902939183312204, 0.3263949385734297,5.136193613752799
01005623-5432459,4914909992266928512, 5.7465152937449950, 7.8882772786893431, 3.9101509235619871, 6.8968746239576060, 1.5696283553217023,2.141761984944347
01010241-5425490,4914923255125933824, 3.0350618565073750, 7.1453542811821489, 2.6551375801322226, 3.9146382060307761, 0.6260830513633309,4.110292424674774
01010442-5959133,4903134738129092608, 2.4510412630819047, 7.0460173224380949, 2.1814372945081217, 2.9210991037420699, 0.4061062467252919,4.59497605935619
01010803-5427124,4914912912844686080, 4.1100202033723550, 8.5031459283167141, 2.6958043988278764, 4.9277782603507383, 0.9668813195247840,4.393125724944359
01011772-5425173,4914913015923899008, 2.7384437589737898, 6.9453403012811012, 2.6593307037075657, 4.1290144834820230, 0.6700196254188726,4.206896542307311
01091795-5007289,4928921927933526400, 4.8210433858883102, 7.1991849995445616, 4.0993401115695454, 6.1677667549057960, 1.0897582814658486,2.3781416136562514
01093066-5014272,4928917255009110656, 5.6618249677074450, 9.2258805764538927, 4.2347112396239766, 7.6010289368047630, 1.5387576254082411,3.564055608746446
01095494-0334283,2531246367537026304, 4.7065403631508946, 7.5851264662608164, 4.0639066940197344, 5.2005141518103493, 0.5868122021755739,2.878586103109921
01102885-0336060,2531222075202019456, 2.6721077564659250, 7.0390597876064849, 2.6340268280676100, 4.0030418784170276, 0.6039107922303590,4.36695203114056
01185679-5736597,4910230402060260864, 4.5869674765172999, 7.8899486278549498, 3.9292549013035671, 5.1606912347902671, 0.5723778700370874,3.302981151337651
01190103-5429522,4914301275141990272, 2.6646838718781050, 7.6755112612730336, 2.6299355914701890, 2.6758621661152562, 0.1347413982065087,5.010827389394929
01190701-5431460,4914300931544608640, 2.6780143914440351, 7.3898201312999117, 2.6359835928850441, 3.8868922095010090, 0.6248399593113958,4.711805739855876
01194465-5737174,4910227859439545216, 4.9323220000366597, 6.8127297720139310, 4.0160600932558479, 5.6334631739785603, 0.7106343558362910,1.8804077719772714
01201985-4704083,4933809016601725824, 2.6474921128101201, 4.9277256228891710, 2.6253529391738599, 2.6654092831619147, 0.0226871280891875,2.280233510079051
01202905-4655144,4933813964404047488, 1.8819076803649750, 8.8248654394894395, 1.3654756309414111, 2.5240481657492069, 0.5165053930666630,6.942957759124463
01204131-6005158,4716839466513310208, 2.6312882037244800, 6.9825138628466403, 2.5960208620578600, 2.6839025536124232, 0.0505485382205954,4.351225659122161
01212780-5738262,4909480294610891904, 7.7159847309303906, 8.7103459000226131, 6.6465990672252033, 8.4109209887478791, 0.9489222680038842,0.9943611690922225
01240874-3654326,5013077104814351360, 5.5809790221633246, 6.7801312280701600, 4.9246105263953632, 6.0628348111273791, 0.5695858509689017,1.1991522059068354
01244918-3702405,5013071675975737728,11.0224421063453004, 8.2035656444329224, 9.0090671532643167,13.3505450437559592, 2.0129964124649047,-2.818876461912378
01293239-5007486,4929343934240166912, 4.0191759224079249, 8.8777285421271905, 3.8710692197876129, 4.2150134904521970, 0.4026825765088590,4.858552619719266
01294547-5008283,4929341322900070528, 2.6357890315728598, 6.5633821121341489, 2.4579826588741565, 3.4200870908597341, 0.4545999596556830,3.927593080561289
01294695-5006010,4929344380916784768, 2.6699520132511951, 6.3485858354293718, 2.6054085024241069, 3.5758750830795085, 0.4853312282388310,3.6786338221781767
01304895-0337486,2483965683915454336, 2.6641241272637601, 7.7858693077587624, 2.6302713590530780, 2.6771247394037361, 0.1087138090005461,5.121745180495001
01305448-0324064,2483979084213419904, 2.6674273123384551, 7.9441111906287025, 2.6135383843734150, 2.7439629373569541, 0.2420969864379096,5.276683878290248
01355487-4239569,4959637781687726464, 6.7824225683800243, 7.2195384044395086, 6.3562042608551925, 7.3745351105504904, 0.5514429910176671,0.43711583605948245
01365610-4241100,4958884925460221056, 2.7010521332016650, 6.6999855162588204, 2.6603080385137332, 3.9648717502092161, 0.7665111904146150,3.998933383057156
01381627-5957131,4716325204308972288, 6.1198315519090398, 6.5983093352198070, 5.3611669613670605, 6.8634714517831252, 0.6587916073514273,0.4784777833107672
01384653-4705014,4930284875676066944, 6.3620565386102594, 8.6387625308749225, 4.7617915281549159, 6.9989208147839648, 1.0689151439193758,2.2767059922646613
01391371-4654543,4930295527194984192, 2.6697973263748200, 8.8966630265016278, 2.6256579784121650, 2.6912548333365978, 0.2334471270654046,6.22686570012681
01392992-5356044,4912736085980680704, 3.0538963384919500, 6.8100422024851666, 2.8034038838046684, 3.2883982997251402, 0.2470709698395988,3.7561458639932175
01394920-5955115,4716284865976126976, 2.7832234544116350, 8.4865754888417761, 2.6218127473718331, 4.2472661050698637, 0.7776897721392693,5.703352034430141
01402870-0059453,2508945179349268736, 7.8602203013363443, 7.8563966477769727, 7.3934706963281567, 8.4587058297024722, 0.5658816038312851,-0.0038236535593716425
01402952-3657135,5010694463116535552, 2.6731600016746349, 6.3153760320574079, 2.6475148738161822, 3.5452034842585545, 0.4514458779274897,3.642216030382773
01403348-0059108,2508945248068745216, 2.9878707196840901, 9.4051737286776689, 2.8116024398127619, 3.2620219841370690, 0.2345191127921522,6.417303008993579
01493219-0326167,2504393579167475200, 5.7578065635997300, 7.6564850832651929, 4.4667306426398019, 6.9062889018768452, 1.1332601203852863,1.8986785196654639
01513561-2705084,5025096828489615360, 5.5015180579548799, 8.7709454101368234, 4.6883737079620484, 6.1677818291593081, 0.7439494579095569,3.2694273521819417
01513568-2712152,5025083806148776448, 4.3969073097564007, 5.5868144886341540, 4.2453979244412841, 4.6074054202768338, 0.2156270934272075,1.1899071788777533
01582304-6005503,4714578561369063424, 2.8514277103627350, 8.5108688864124264, 2.6491780696991580, 3.0744720854706640, 0.4270467532478125,5.659441176049691
01591575-4651446,4942349610608166400, 6.8499737054158345, 7.9899486968078506, 6.2199502513452893, 7.2604234494479911, 0.5391685991897771,1.1399749913920152
01594404-0048461,2507415243278865280, 7.7740339085112096, 8.9908974514231517, 6.7099110787616913, 8.8688780826858267, 1.0344336812025909,1.2168635429119403
01594507-6012196,4714387211986041216, 2.6946602728774449, 8.3706635346794549, 2.5808221474530844, 3.0078165690754530, 0.5026184872171179,5.676003261802012
01595643-4709576,4942283674270225920, 2.6643655022365902, 5.7704710362824310, 2.6151507557914435, 2.7449698762428540, 0.0829781100108359,3.1061055340458408
02000218-5353015,4935970037985437440, 3.9594413699940452, 8.4457207104695460, 2.6667680831790355, 5.3713379534145069, 1.1807489333317802,4.486279340475502
02001284-0045559,2506666544580074368, 3.6348054155800353, 8.7173398710486936, 3.4243741470670050, 3.8756609679932303, 0.2436878745529642,5.082534455468658
02001646-5347477,4935976360177295616, 3.5115239960339202, 7.7888912803427619, 3.0023740926161984, 5.0496686618742901, 0.9590538323794277,4.277367284308843
02004926-3653429,4967865324119367808, 2.8572030697162099, 7.4074416031630879, 2.6762142476361923, 3.0806907276003761, 0.3902635631386691,4.550238533446878
02030129-4224251,4956744279400280576, 2.6858329531136098, 7.0726680271548670, 2.6520216772388348, 3.8925802424249700, 0.5486327286356902,4.386835074041257
02031417-4230119,4956739950073248896, 2.6922352213838501, 8.1479963934113240, 2.6261056520231034, 2.7763323031425582, 0.1849920897595622,5.455761172027474
02093912-5004460,4937789454851593216, 1.5888223064059199, 8.1713460306946164, 1.3319310099775623, 1.9491826683382336, 0.3131409769524981,6.582523724288697
02095815-0340302,2493112967823491200, 2.9050935324673954, 6.4530293403560854, 2.3162356961129000, 3.4181938953542681, 0.5932463709372034,3.547935807888689
02100123-0320092,2493878812031986048, 5.1080923117106796, 6.6225704523445970, 4.3861937963396844, 5.6787338813658010, 0.5813436290021934,1.5144781406339174
02102957-0330275,2493122073154150784,23.2395687122259602, 7.0310562776588350,20.5535995770862208,27.2231089744994783, 3.2482968703913588,-16.208512434567126
02184192-4701361,4940185977883268352, 3.1271353629948400, 8.7650715582606686, 2.6609127917072848, 5.0423208830413717, 1.5901823125195689,5.637936195265828
02185019-4657175,4940188451784458752,19.3619207092447496, 8.8591727933572439,12.4584026785249407,28.3700157875379766,13.2341234076518806,-10.502747915887506
02190407-4703298,4940175223285181312, 5.0915315175242455, 5.5846173570147144, 4.1391583519401038, 6.9945118739251830, 1.6050689957035436,0.493085839490468
02190703-0057227,2494641495144409600,16.1419748675653025, 9.4201342886202966,14.4307042560992809,18.1270230795208107, 1.8237337330608070,-6.721840578945006
02191575-5356051,4743266812602819712, 4.9264189558969598, 7.1723600395230891, 4.5856619753481818, 5.2549701754119882, 0.3991498414399015,2.2459410836261293
02193508-0052549,2500647336893042176, 3.6649584695834738, 7.0243146140244059, 3.0255272749219762, 4.3015610392687691, 0.6182672676575506,3.359356144440932
02200774-0058360,2500641942414144640,18.0125437192266489,10.0320840470296915,15.7658486071555206,19.7983862778895592, 2.2452311103677665,-7.980459672196957
02203040-5357179,4743252656390630016, 3.8738683426302352, 9.2139314013538964, 2.6663316061229958, 4.5263302951813973, 0.9622940247650992,5.340063058723661
02204929-0450084,2489504233222129408, 2.7605455278697950, 8.2660320613943856, 2.3997608864115092, 3.1390873975683085, 0.4320130315977515,5.505486533524591
02293252-0324475,2490177168698035968, 3.3716417214946102, 8.9664315658899767, 2.6603744146336159, 4.2311239446637279, 0.7923735114215342,5.5947898443953665
02294307-0328342,2490129717899377792,12.7344153408292495,10.4099339962502295,11.1988613292129529,14.7428505010209765, 1.8592025079233627,-2.32448134457902
02294910-5008015,4746521023423892736, 3.0904928775151599, 8.0683245261295635, 2.8052326528633307, 4.9353380703986405, 1.0495776093387297,4.977831648614403
02302551-4955092,4746541742346163840, 2.6604523531182651, 8.4101312994272455, 2.5646208561832124, 2.7891623476806342, 0.4198378910958946,5.749678946308981
02390301-0103520,2496923905189480704, 3.9577531418423999, 8.0317811498273759, 2.6744340170006242, 5.0209739680672847, 1.1139393258258945,4.074028007984976
02391506-4225173,4947127916344096384,13.9229594018488498, 7.8534797836737660,11.4383492328877914,16.7290970261253555, 2.5954743430500482,-6.069479618175082
02391814-0057427,2496948373618710400, 9.0042535344359962, 8.4387370550609209, 8.4116226036626607, 9.6895442952615447, 0.6552246169531284,-0.5655164793750753
02393782-4230367,4947114756564345728, 3.5215399160641701, 7.9968051161533449, 2.4945127798267035, 4.6201301443087095, 0.9776966829408990,4.475265200089176
02394084-5555181,4740401794538706688, 3.7643984056498301, 7.9376281838993874, 3.1632036853445160, 3.9089478669709119, 0.4223183180553089,4.173229778249556
02394137-4234344,4947111320590464512, 2.9957773361736750, 6.9821069750207911, 2.6016948097931798, 3.8003109079647248, 0.6116714272038269,3.986329638847116
02401248-5554158,4740402000697157248, 2.7803764934270401, 9.8619560188378621, 2.6655381508263365, 4.4800630643005803, 0.9699150948908144,7.081579525410822
02402221-3649372,4953651421910428416, 4.6649233230312204, 7.5434001099530947, 4.2668767337995064, 5.4205700803369430, 0.6618506934365415,2.8784767869218744
02402667-5557576,4740353965782928512, 4.7530345008310242, 4.9382946931598699, 4.1481690100060344, 5.7456409468645013, 0.7462732341234539,0.18526019232884572
02503287-5004543,4751452504873024256, 9.8210279524383033, 8.5897648071734718, 8.0740079535872766,10.9800181581678640, 1.4144901189801713,-1.2312631452648315
02504184-5005028,4751452264354856192, 2.7465851372031898, 7.9803424253644719, 2.3569153143334147, 3.3144923692742765, 0.4683444150267304,5.233757288161282
02504682-5006544,4751449240697880448, 2.9673849883557502, 6.2234609884452183, 2.4182104433017582, 3.6520160994064801, 0.6265307535090744,3.256076000089467
02514404-5008560,4748447299076600832, 7.9340830777853100, 9.1060994183502704, 7.0378920684995885, 9.1821299432300183, 1.1648520510547600,1.1720163405649604
02553459-5356553,4740869155699580416, 5.1005052063517997, 6.9393080764837860, 4.4898090283025107, 5.5044880615139142, 0.5505195277469926,1.8388028701319863
02554577-0022152,2497878384361605632, 5.4810640043940797, 8.5050447196764321, 2.6524513482294947, 8.8185728445089566, 2.8808234123089189,3.0239807152823523
02555100-0025430,2497877151706573568, 8.9378264754092100, 7.9579781303401376, 7.3205470548399889,11.9220076164444553, 3.6445761130350327,-0.9798483450690725
02555980-0033140,2497859314706813440,11.8844540229487006, 8.7957394767582020, 8.2141601524602628,17.5639268443574998, 5.2393455815824161,-3.0887145461904986
02562607-5408009,4740851632233016448, 2.7843610136802299, 8.0101195104832303, 2.6729720215681105, 4.0750294308824015, 0.6204795716584648,5.225758496803001
02592229-3701360,5046054344749496704, 3.1160892034597798, 8.0712146523745325, 2.8717488920467540, 3.4448204835724474, 0.4880587098568315,4.955125448914751
02594339-4653494,4753676645097237376, 2.7781048079961401, 9.9384200631151636, 2.6427712881412688, 4.2161333622828403, 0.7080965384189293,7.160315255119025
03001901-3653054,5046149967901341696, 2.7650248532163348, 8.9621249394256051, 2.6292080840377960, 3.1205639016012361, 0.5426849561743202,6.19710008620927
03004376-4228319,4755721599286033408, 2.7656028752636299, 9.2542116549140303, 2.6264569110887472, 3.5031099032914490, 0.6059240116338306,6.4886087796504
03085599-5003056,4749351063274393344, 3.7302206560875151, 7.3403351677192390, 2.9703795735022607, 4.6597724712404389, 0.7436954867707681,3.610114511631723
03102908-5011104,4749334604959703424, 2.9380778520202502, 7.6745339406693258, 2.7591081911338451, 3.9721211390183941, 0.7375216754877117,4.736456088649074
03180896-0029275,3265736249608658432,18.4046548280095479,10.5324737477123200,13.6647234021613073,28.7038189759090834, 7.9255886171271257,-7.872181080297228
03192206-4703080,4750146834814848000, 2.6823606590957301, 6.1627687162465472, 2.6675115721989719, 3.1925394554910804, 0.4276340852977022,3.480408057150817
03192228-3656478,4854710631134919296, 2.3397864736159049, 8.8029126395751387, 1.8994868640527360, 2.8355933732573124, 0.4534728355677189,6.463126165959232
03193916-4656127,4750152057495122432, 2.9390169582820600, 7.3933123560272040, 2.6687153267296875, 4.8480116382605916, 1.1135552829541111,4.454295397745144
03194128-4705283,4750145769662955776, 3.1282264879059198, 8.3619997877192400, 2.5805292082503901, 3.5298482212393258, 0.4866509533971471,5.23377329981332
03194175-5554484,4733458825285837568, 2.8949827491772200, 6.7900414144581882, 2.6233173890510857, 3.2244191352479672, 0.5754580271391112,3.8950586652809682
03194231-4655364,4750149136917313280, 1.9137375878029399, 7.6270705256571318, 1.6606818051407559, 2.4028394178644903, 0.3733915526623253,5.713332937854193
03200828-4701313,4750100758405689216, 4.0529908356458302, 8.3602299217502480, 2.7864921713298063, 4.8399034567145343, 0.9796017073564668,4.307239086104418
03202006-4232127,4848078720593067392, 2.8638795623274049, 9.8425957246543518, 2.6723248649884082, 3.9904284508548713, 0.5790313165598676,6.978716162326947
03203080-3649533,4854715166620366720, 2.9023776800215302, 6.3094358899289205, 2.6853498633988644, 4.0746440320356072, 0.6067320407757898,3.4070582099073903
03203463-4653228,4846225631183603712, 4.3569438677978152, 8.5172710023870444, 4.1957488746223079, 4.5251391985059790, 0.2119309388975507,4.160327134589227
03295784-5011058,4737372640004163456, 2.6721302000122749, 6.0388786668606391, 2.6588740799571320, 2.6868092396523364, 0.1868052676417179,3.3667484668483643
03300685-5003183,4737391262982370944,23.9225868066416005, 6.5206545274532548,21.2645437461203315,27.1742791015619609, 2.8885314280634091,-17.401932279188344
03303323-5006437,4737378927836275584, 4.0622517626454044, 7.3026913519672858, 3.2024788918819080, 4.6809983715325911, 0.7343120646168960,3.2404395893218823
03304901-5004555,4737378721677841280, 3.9067908230432948, 7.1538620328794265, 2.6500662105309383, 5.6243018583081419, 1.1000440789829966,3.247071209836131
03305165-5006033,4737378652958364800, 2.7505888643817249, 6.4011850007769695, 2.4003104423132267, 3.4372242370361019, 0.4879237466890005,3.6505961363952446
03345704-5408074,4732506407697827584, 5.6207081990814647, 6.8272042110355926, 5.2918152726691101, 5.9156538297206138, 0.3279048326477833,1.206496011954128
03350317-5404231,4732508125684743168, 5.0427178856132100, 8.4150603875842052, 4.3968036427156880, 5.5364333411540203, 0.6024171917729459,3.372342501970995
03353375-3004203,5056218608193873152, 3.8273096051252153, 7.7910751009952310, 2.6641284346677581, 4.3153977589702626, 0.8120815121025556,3.963765495870015
03353528-2958030,5056220360540525824, 9.4880889752638993, 9.6420926688380675, 8.6429818975063917,10.3771255351115794, 0.9679572716414888,0.15400369357416643
03354036-3459046,4861121780357083392, 3.8308253261004550, 8.0420782082987259, 3.1706790979380401, 4.4412829529106919, 0.6866376906780178,4.211252882198271
03354644-2957248,5056221082095028992, 3.1951359332220650, 8.0002799630402759, 3.0041385911689269, 3.4201760594517001, 0.1992598084945362,4.805144029818212
03354659-3500142,4861118756700105984, 2.6816607877591148, 8.7193614233618817, 2.6456674447733644, 3.1980388481051016, 0.3706349856030293,6.037700635602767
03355385-3007063,5056214588104552960, 4.6630653734189451, 8.8435135519627739, 4.2923618154312893, 5.2253340707397289, 0.4747569107582243,4.180448178543829
03355904-3457581,4861120405967543936, 4.2976929717442047, 7.2500805476445329, 2.8335346307347304, 4.8955446283560375, 1.0146872332702130,2.952387575900328
03364938-3001159,5056193319426486528, 4.0533147393377096, 7.7001362262370101, 2.7162199835237630, 4.3318865974022511, 0.7324583243997652,3.6468214868992996
03390104-4707447,4834118255815179264, 7.8147017879352703, 7.5108554857223888, 6.7442774425217724, 8.8888014409323226, 1.2952310285568800,-0.3038463022128832
03390234-5607009,4729901252334835840, 2.7068040023339002, 6.8394012845744134, 2.6615075425980685, 2.8113682067802235, 0.3607037273467395,4.132597282240512
03391868-5600583,4729903520077583872, 4.0875974032431950, 6.9162750060567806, 3.7220723269308582, 4.7657630219634308, 0.6426543986290644,2.8286776028135856
03391869-4703239,4834120351759215232, 2.7250670290981449, 7.4129153944362454, 2.6348851742057167, 4.1598348692224203, 0.6689730834149696,4.6878483653381
03392335-4657541,4834215287716251264, 6.1271990652600197, 8.0414611332560142, 5.6604013174347436, 6.7306753541535906, 0.5760471525057412,1.9142620679959945
03393488-3653205,4859954305166921728, 3.9055356299553097, 7.8404010354679858, 3.7216465215106371, 4.1667234361238004, 0.2479192884386051,3.934865405512678
03393893-3657003,4859951075351515904, 3.1890581556444899, 8.1388555471117758, 2.5451332124539747, 3.7749398991291798, 0.5646177673191195,4.949797391467286
03394563+0008017,3263845742444522496, 3.7201957124960998, 7.9842529684908001, 3.1265758773685945, 4.4331145150227709, 0.6178444894177655,4.2640572559947
03395219-5610077,4729897404044158976,13.5075801478788513, 8.9735408601888373,12.4420905749131272,15.0640203787673315, 1.4171215668777952,-4.534039287690014
03395345+0010538,3263846360919810048, 4.0122941230244304, 9.0841776523228202, 2.8111876832638920, 4.2669776652491782, 0.6560686175066269,5.071883529298388
03400212-3647233,4859960867876922368, 9.8959472902275394, 7.7674643446292002, 7.1304799542010846,14.6756643087927596, 4.1352153838662655,-2.128482945598339
03401039+0006307,3263657966474343680, 8.7570556847936150, 9.7852888500193700, 8.3283052088547045, 9.8844653420534634, 0.8050408993100983,1.028233165225755
03402705-4228118,4848748941649886592, 2.7272319723459351, 8.0850042675877667, 2.6557312957929891, 3.9415348619749433, 0.5725701313027994,5.357772295241832
03404542-3649314,4856956143115971328, 4.0335619506492346, 8.3144311109095455, 2.6725683563521483, 5.4783652178348463, 1.1392457906456028,4.280869160260311
03410008-4233506,4848744887200810368,10.6013611798121499, 7.8547325736787696, 9.7828343286675263,11.4806768043953245, 0.8459433634757807,-2.7466286061333784
03410986-4231473,4848750693996590464, 5.0133315997348298, 8.9746773765961336, 4.6472414992907423, 5.5846526051540559, 0.5535707825878248,3.961345776861304
03475106-3502594,4858679009117426304, 6.9789695040878401, 8.3267583321700904, 6.5462229883649243, 7.8138097322753257, 0.6546548803363924,1.3477888280822503
03480878-3509232,4858674198754055552, 4.2139949126141003, 7.9536914376145376, 2.6697152189314166, 6.6468074268643482, 1.7256314275263969,3.7396965250004373
03482286-3502193,4858769581387725312, 8.1021718802502960, 9.9716831129803261, 7.2191301019801601, 9.2884808021934315, 1.0825493918724092,1.86951123273003
03491685-6040157,4680537750093243904, 8.0875310072782955, 8.5648804693047680, 7.2463907841510311, 9.0246570242760846, 0.9150669900823702,0.4773494620264742
03492864-3003035,4887861628267342464, 3.0327649540744801, 8.2020790979246740, 2.6088677065270680, 4.2647076276616680, 0.9212432577233248,5.169314143850194
03494562-3000172,4887862006224458624, 3.6952472733604398, 9.0660126936459520, 2.7645426924704721, 5.7138060926785679, 1.8366003686540870,5.370765420285512
03494871-5004534,4829850432712560640, 3.9401788432656897, 8.0165255382698550, 3.8241368296719118, 4.1236128667703662, 0.2041716760453444,4.076346695004165
03495205-3002059,4887858913848005632,21.9767119137050493,10.5711255013509806,14.9883289053458153,28.6983654680792810, 8.2605331615489153,-11.405586412354069
03500667-6030568,4680540430152883968, 3.1832606997265098, 7.0616524504986273, 2.7692546820019954, 5.2516957097590966, 1.1964299957643787,3.878391750772118
03585773-2950524,4887360560202371840, 3.3034061997403601, 6.7338187612899256, 3.0575647837350721, 3.5915366004735492, 0.2395928344873261,3.4304125615495655
03585952-4241561,4841834319181268352, 3.6122238764016799, 7.8754703982414336, 2.6307554752062923, 4.1033594111879612, 0.7473044483230096,4.263246521839754
03590061-3700190,4857380623324105984, 5.6578856419141248, 7.7809663157655340, 4.3578679141168593, 6.3446266292992775, 0.9282742268330250,2.123080673851409
03590904-4649376,4832109310632229504, 5.9209548470533804, 9.8102763497444183, 4.8079262071325388, 6.8790013038649578, 1.0484826458242871,3.889321502691038
03591175-2947177,4887362346908762368, 2.3383522654954052, 7.9089057923886283, 2.1002044941018574, 2.5301650468794623, 0.3391801419747915,5.570553526893223
03592298-5555565,4683519453828393728,10.0753124517781991, 7.8989498891625374, 8.9785253653376245,12.0184059217243480, 1.7337656272153710,-2.1763625626156617
03592684-5550421,4683520312821783552, 4.7076205193663903, 7.1321556517765430, 3.8060145569150290, 5.7009160680499731, 0.8605625026499206,2.4245351324101527
03593501-5600540,4683492550153257984,14.7713962482772008, 9.2886426185870672,12.8717511708482952,16.3724001420704575, 1.8456897456717312,-5.482753629690132
03594952-4700313,4832094501584991232, 2.9263073809735003, 7.4561708708200705, 2.7688655553331998, 3.1086216205415562, 0.1956929418381836,4.52986348984657
03594976-3709090,4857329392954196096, 7.0582230686424303, 8.7325586307837053, 6.1028012430867769, 8.0417298423324599, 1.0224437228600545,1.674335562141275
04000357-4652095,4832097593961434752, 6.1289282725585252, 8.2051804251435634, 5.6463221152493759, 6.8950808338670253, 0.6066576633363687,2.076252152585038
04001201-4701234,4832091718446177664, 3.1353724475221947, 9.4910508268928755, 2.9017989265558333, 3.4592795655715789, 0.3221329904844651,6.355678379370683
04002084-3705151,4857335749505784832, 7.3675931374972503, 7.7592244552465548, 7.0270999513761261, 8.0622209778429639, 0.6134428971884422,0.3916313177493045
04002730-4227550,4842029035818676224, 7.3320061287494100, 8.6998581752461970, 6.2991902556192958, 8.1826728103679240, 1.1940024203413035,1.3678520464967878
04002954-3654004,4857341625021036416, 3.6435851886642552, 9.0316432153665396, 2.6360567477566987, 3.8702271539990751, 0.6291317530957526,5.388058026702286
04003936-5556021,4683505847371986304, 4.4209301384038646, 6.0982253453260746, 3.7990337023755778, 5.0643203900084108, 0.6619116044442851,1.67729520692221
04005608-5602261,4683503991946117376, 3.9933337355486000, 8.4997604297916087, 2.6978411057533229, 4.3164170116079932, 0.7616700548481411,4.506426694243009
04090894-6028189,4679999058114823296,14.9562676608979501, 8.9659466198157354,13.6246070269507040,16.4667372977084199, 1.5130287907634494,-5.9903210410822165
04091517-6026301,4679999573510916992, 7.0657034978714854, 8.1439477581168251, 4.8971067592720994, 8.1461331947083089, 1.3930396438938797,1.0782442602453406
04092383-5000195,4830276901489248640, 4.2760371388132743, 8.6547224128641513, 2.7870062997199825, 4.9812226594685720, 1.1307051232043870,4.378685274050876
04093759-3505563,4881946083910492672, 5.5678647356726598, 9.8896751708374282, 5.0196767092622769, 6.3018235399347304, 0.6745840008040329,4.321810435164767
04095521-5012445,4830269415362535552, 6.6164110637267450, 8.5156469962156436, 5.2192498803351484, 7.5776912987301168, 1.1399661830082990,1.8992359324888985
04102156-3511483,4869932201389984896, 3.7584539388498208, 6.8807687192878930, 2.6706808983445671, 4.1463630477300919, 0.7380460738563398,3.122314780438072
04103665-3506548,4869934434772975232, 2.6713695683889300, 8.6697268343700564, 2.6329463171365748, 2.7010271136613482, 0.3467077190289800,5.998357265981126
04103771-5001535,4830277970937372672, 4.2162755046493956, 8.3616554116302328, 2.6746698969282945, 5.2202758798450022, 1.2910318228279769,4.145379906980837
04192464-0024380,3254387605984886016, 5.3177964848387944,10.2732995829143441, 4.2476075921872489, 7.2281436224501743, 1.3653594924991601,4.955503098075551
04193544-4703357,4837017736697021824, 3.4525658732393798, 6.8862447204424200, 2.5756939622523816, 3.8266408908332412, 0.5537197157910230,3.43367884720304
04193891-4233318,4839623270017537152, 2.8037536762409347, 7.3830791535463440, 2.6923363346991054, 2.9382787401350070, 0.1914338758968194,4.579325477305409
04195725-0018332,3254390148605509120, 2.6714000793420247, 7.4349551584914391, 2.6603654660980318, 2.6826157559236425, 0.1178707195794821,4.7635550791494135
04200643-0020274,3254343075763945216, 6.9948950843437201, 8.4307020899100831, 6.4562346132353534, 7.4617631155067690, 0.4685711604846398,1.435807005566363
04201200-4657542,4789003335222641408, 2.6423386301157104, 8.2309984411341848, 2.6064706640459776, 2.6772761025559650, 0.0379288489133749,5.588659811018474
04201306-5550051,4778556840886564864, 5.1306963961164644, 6.9355119274829198, 4.5783750445038969, 5.9408283163067086, 0.6773172460301001,1.8048155313664553
04201598-4654141,4789005362447203968, 4.6913316910214498, 9.3409703524358996, 4.2665127333367270, 5.5926621814013124, 0.8315887538523087,4.649638661414452
04202187-4659273,4789002304430490240,20.2430385601536500, 8.2675379075201096,17.4751435320482713,23.4736288859783002, 2.7639648859195933,-11.975500652633537
04204583-4239446,4839594751434761216, 2.8988480065660558, 9.7252904087601522, 2.6698149356599936, 4.1104026212884825, 0.6728807455169276,6.826442402194097
04204927-5550332,4778544540100231168, 6.7182464565861295, 7.7118235884936768, 6.4034633113430388, 7.1034833510522111, 0.3622839988186208,0.9935771319075473
04205189-5547155,4778546945281910656, 4.0743835130446993, 6.6276139670749181, 2.7686037526539242, 4.3672959193917960, 0.6948872257004176,2.553230454030219
04205439-4230277,4839605987069111040, 3.3597557699391349, 8.9003207496102306, 2.9009107618961663, 3.8526666968149099, 0.5135472809521779,5.540564979671096
04274149-3508479,4869229682179813248, 7.6874717660623944,10.9809280615495357, 6.7182437370177626, 8.5393424654319752, 0.9577314306593696,3.2934562954871422
04280707-3459142,4870733539208227584, 4.3842106137943855, 9.2600167367370556, 2.8621028019923886, 5.1300592429856442, 1.0813063326163310,4.87580612294267
04291176-3009091,4884895867449535232,17.5123656129396998, 9.7963184688821165,12.1626455980777965,25.0657156778390302, 6.7783987084361250,-7.716047144057585
04294432-2959260,4884904594823067392,24.6027104842051507,10.9172258869072820,15.8318606025522399,38.7531446960355694,10.4293378203641112,-13.685484597297869
04294902-2956454,4890910299133194880, 4.5706307362696457, 8.0769077518362149, 2.7217794855999533, 6.7930527676715622, 1.9104494528375791,3.506277015566571
04303830-5000501,4787634752483836160, 4.3122364412287801, 8.5233347748683457, 2.8340361094204960, 5.9471970630066906, 1.3089645088490969,4.2110983336395655
04304268-5008065,4787628224133591424, 2.4011717816014451, 7.2428681337239560, 2.1067599196985154, 3.0124086133774091, 0.4369321230421356,4.8416963521225105
04305198-5011331,4787615682829087616, 4.7126521005499100, 7.6392742475336401, 3.3256602753987883, 5.4043338145370274, 0.9668800607679356,2.92662214698373
04310889-6028427,4677922561686079744, 4.5702385385399200, 8.5798758602681033, 3.9609331079202308, 5.5770622630992586, 0.7433554254127588,4.0096373217281815
04312481-5004021,4787622108100151168, 6.7557095819229644, 7.8674551484460258, 5.0927984622393812, 7.4429311513444851, 1.1420945211112634,1.1117455665230613
04314284-6022395,4677924623270385152, 2.7143303841059652, 7.8575719169369664, 2.6609089199797338, 3.9136739244468735, 0.5664689710608753,5.143241532831002
04383997-4228390,4815537780616441600, 3.0422097065026401, 7.8268231683090850, 2.6577407626873657, 3.8766317157246202, 0.6926440977721040,4.784613461806445
04394032-4603107,4790037322829576064, 8.5308993732365455, 8.8338625926358976, 7.7246127319524867, 9.3255712904616672, 0.8197988810008052,0.3029632193993521
04394176-5009073,4784498739163012864, 8.4479176868488111, 7.6662823815690704, 6.9278378136818457,10.8237064835798957, 2.6459106814571145,-0.7816353052797407
04395255-5012421,4784472007286624768, 3.2792172659930801, 8.7477527478849400, 2.6805747948184115, 4.7206372124693097, 1.2259129356520575,5.46853548189186
04400678-5000458,4784501316143385600, 8.1856657639357095, 6.4419121748810824, 5.8101362522812909,10.2019129183153758, 2.4113505310424066,-1.743753589054628
04402913-4222202,4814873297635781760,10.1604576321414992, 9.3865338028482981, 9.5217578441421420,10.7823583746497889, 0.6208345480303612,-0.7739238292932011
04404366-5608470,4775681308742876416, 2.1420832165642647, 6.8384578156484714, 1.9229927502131980, 2.3915982410021006, 0.3025015970589934,4.696374599084208
04410699-5006545,4784490836423220352, 3.7673988829980050, 6.6297565469308033, 2.4170943676535259, 5.5284639627092487, 1.6501933728336100,2.8623576639327983
04413691-5558462,4774940753301495808, 5.2188145993450252, 9.3883258727896717, 4.2043779537743520, 6.6000795302912740, 1.0363161333828224,4.1695112734446464
04414171-5603163,4774938451199027456, 2.7223297744876849, 8.3176228137263646, 2.6483717674873071, 2.8186234503789129, 0.0976816493078250,5.59529303923868
04433135-0047308,3229352482133796992, 6.2387472727067150, 8.7910183463533098, 5.6041818683394720, 6.9091415958939377, 0.6821398684215646,2.552271073646593
04441948-0047309,3229356085609498240, 7.1084535355967553, 8.9328053140560879, 6.6326530220980615, 7.6755645339310696, 0.5545855546514791,1.8243517784593326
04494232-6020151,4761810248004165504, 6.5719050144638800, 6.8416130799258541, 3.1416766948231261,14.5018576829842196, 6.1808671973705822,0.2697080654619741
04500519-6029319,4761802482703320832, 3.6430488400375953, 8.4963600149782490, 2.3806196013259338, 6.0424395359953538, 2.0704504600271880,4.853311174940654
04582637-0503437,3212312903761286656, 7.6383422377193249, 9.2256967608012648, 7.2090018210665541, 8.0572561974546506, 0.4221598317135977,1.5873545230819381
04591551-5202392,4783468492471232896, 5.2633205251881003, 8.2025800071442969, 4.2594839565145479, 5.9959117541063511, 0.8010813991764500,2.9392594819561966
04591920-5003438,4785391336446526080,11.7293427466709002,10.4536894211659295, 9.9758815519206685,13.1536671374755514, 1.7041054678471943,-1.2756533255049725
04592214-4228186,4813332194650846592, 6.9545223820045949, 8.6984820830664678, 6.6340944421657531, 7.2923870314792696, 0.3600484886411224,1.7439597010618737
04592425-4221220,4813334664255748096, 5.1591834860659747, 8.1251736748983152, 4.6879203052454006, 6.0244305922758521, 0.6692135271084186,2.9659901888323397
04592651-5557085,4764605447080253824, 6.9137504585731495, 7.3726739532926686, 5.7500491423700986, 7.8718390563524396, 0.9962860084657120,0.4589234947195191
04593026-4955332,4785393707268470400, 6.5427656743273550, 7.5187784019195361, 5.7597620312861437, 7.1644081519482423, 0.6743254138541462,0.976012727592181
04594630-5207152,4783465644908985728, 5.3502977779772154, 8.4097387131080694, 4.9037646213230071, 5.8048400600400525, 0.4687712230263470,3.059440935130853
04594632-5550132,4764612353387653632, 6.4041169740848751, 7.9839929656634308, 5.9330601218883059, 6.9116435604581570, 0.4758358863277229,1.5798759915785556
04594815-5008479,4785179027622971648, 3.1847646846034401, 7.3073235142864492, 2.6420501720025360, 3.8828239571401815, 0.6717716278245154,4.122558829683009
04594970-5207156,4783467122378149632, 3.3309926622653800, 8.3599367517305154, 3.0084439460984318, 3.7275842450855650, 0.4573166594012645,5.028944089465135
04595177-4954315,4785212322209442048, 2.6396487130091799, 7.4686779277530606, 2.5961896278538728, 2.6893132928193624, 0.0565553174534896,4.829029214743879
04595846-4236312,4813304191464075776,13.5556157312313008, 8.2249295689190962,12.2217670752631555,15.0512624433333198, 1.5866680059774911,-5.330686162312205
05000570-4221275,4813336764496027776, 2.7614205763004001, 7.3448807471966928, 2.6621755258060054, 2.8840845685610801, 0.1804858609454294,4.583460170896291
05001171-4708203,4786174120005973632, 4.1443150685275203, 6.6797085588902299, 3.7907655107501648, 4.7207480578682777, 0.5064469496609099,2.5353934903627096
05002870-5554451,4764608161499586176, 2.9036868570816203, 6.7070047879340784, 2.6214416776770686, 4.4483271272139504, 0.8621485976307282,3.803317930852458
05003493-4230209,4813282338670455552, 5.9437926457400314, 7.3415976686390705, 5.2143916199562552, 6.6135057742429630, 0.7408874329971067,1.3978050228990382
05004600-5157309,4783445578821679616, 6.0075362242446451, 8.4764895263294164, 4.3089615456016848, 7.2327459332416799, 1.4315699128005439,2.4689533020847714
05004641-4707198,4786126806646229504, 4.5893323283308050, 8.8413692845251095, 4.2366743470952999, 5.2356151314191797, 0.6068782682963165,4.2520369561943046
05004822-5559169,4764606546591897728, 2.7083950730267947, 7.6753608140025200, 2.6062131510946323, 3.1539177060353540, 0.4555525998094374,4.966965740975725
05093799-6155146,4760642940317054720, 4.5941730834783598, 7.5648497344854011, 4.1219846398425863, 5.2986393640169824, 0.5574168291047593,2.970676651007042
05102002-6152039,4760648545250253184, 2.7697923389539003, 7.5393440410421055, 2.6437309327055964, 3.6486732979900038, 0.5941998944598597,4.769551702088205
05114293-6147535,4760729015757257728, 3.7948539692372698, 8.2629132715364619, 3.0086935712804825, 4.7504086891025512, 0.7965221014293681,4.468059302299192
05192039-4233577,4800744263982053376, 9.9411842895453848, 7.4323740983439510, 9.0909617454050036,11.0430880237546436, 1.0313074399613713,-2.5088101912014347
05193278-4637522,4798244696094735872, 7.1078167392738401, 7.7783474885134094, 5.1381573139537533, 7.8121204637412784, 1.2808779144934801,0.6705307492395693
05194332-5408339,4770223161223800448, 7.3646139439079494, 7.5502626079901018, 6.7731501613748160, 7.8867428273980646, 0.7088979954990365,0.1856486640821542
05201305-5415029,4770219278573387648, 3.0491277671770352, 9.0188771918081745, 2.8590006422548826, 4.1121123697801121, 0.6430146709481551,5.969749424631139
05202229-4653038,4798190751305617920, 4.6732813962275443, 8.8610599898559386, 3.5167450213718463, 6.7556352794664241, 1.7624539879260841,4.187778593628392
05202501-4649289,4798191335421165056, 2.6312687088118301, 8.9558140846439471, 2.0993420512446241, 2.8587623048130704, 0.6833574591079276,6.324545375832117
05203582-4655470,4798184051156635776, 2.6808070095868999, 5.2841426323944951, 2.5745930560540211, 3.1402263570102686, 0.5803514871505371,2.6033356228075952
05204109-5406031,4770314970444951552, 3.5363894673622052, 7.8968101858388238, 3.0777959817112079, 5.6450263993951779, 1.2236619189588256,4.360420718476617
05205189-4657448,4798189583074511232, 3.9769679494232451, 8.5005076768026306, 2.7707893853602359, 6.0245336936316356, 1.8076406285469857,4.5235397273793865
05302634-6029232,4759515464157770496, 5.2536035227761104, 6.9065066806713959, 4.5677208251535291, 5.7527819398481457, 0.5931399599501025,1.6529031578952855
05314587-6031371,4759508764008743168, 4.4981364442513705, 7.0861992131536864, 4.0980446183280614, 5.0564197616816884, 0.4998594127690737,2.588062768902316
05392909-4658258,4796072576513746432, 3.5042794595068250, 8.8368389638377511, 2.6444487665801022, 4.0952018821818941, 0.7448487352032532,5.332559504330926
05392955-4704413,4796070377490503040, 4.5327333891019901, 7.5325038012084216, 3.4493897075407047, 6.0162197687062804, 1.2777934132112614,2.9997704121064306
05400005-4658594,4796066563559539584,16.0244158330779491, 9.0573067950553767,14.7910990875940112,17.4534356374506601, 1.5951997467642589,-6.967109038022572
05401301-4735548,4795667097241099392, 4.0217342044415600, 7.2762680499335932, 2.6896704040980937, 4.8704051251892722, 0.9999146994343714,3.254533845492033
05401456-4703140,4796059519813182464, 2.6971784017602651, 6.2343480883596394, 2.6475973511134101, 2.7394478873881840, 0.2640921407788566,3.5371696865993756
05402734-4654417,4796068075388024960, 4.0789330426029693, 6.7601424830728787, 3.7939227517254790, 4.7346660127248272, 0.5418030001270278,2.681209440469911
05404688-4700316,4796064222800814592, 2.9864733584264247, 9.3971694046749086, 2.7301839810709998, 3.9579449192642606, 0.8185324979911817,6.410696046248484
05405034-4731128,4795674003548510848, 3.6000503802421302, 7.4202958354475461, 2.7723795147370347, 5.9299578806842250, 1.7861699749708990,3.820245455205415
05410621-4735396,4795480248983831040, 5.3056254313156703, 7.7337486262082509, 3.5115934155233370, 7.8572914893106915, 2.2181811914041387,2.4281231948925805
05551642-6028035,4758838302434380288, 5.3250882179160000,10.2163223441149018, 3.8596196615066449, 6.2573689313106984, 1.1703042021422094,4.8912341261989
05554756-6033293,4758789374166958208, 9.8918333863907399, 7.1869632864450965, 9.1130397836044477,10.7909642241520878, 0.8389779404906808,-2.7048700999456434
05561584-6022564,4758816380921390336, 5.2117759885968642, 7.4210900664357133, 4.4764574270605584, 5.8366964234951215, 0.7029554126678305,2.209314077838849
05571126-6024420,4758813357264187264, 4.4951379107295901, 7.4335973589931372, 4.1012110853608297, 5.0620208782785880, 0.5138240630842568,2.938459448263547
05582924-6159025,4758242538930919040, 4.1063226648433098, 8.0880254793611108, 3.9046929694044361, 4.4286129080663228, 0.6951331427131056,3.981702814517801
05592412-4230549,4803794068719566592, 4.1946032486679750, 7.8179397592695627, 2.9909099970772890, 4.7624141863794307, 0.8057099881096734,3.623336510601587
05592618-6201114,4758238656280500480, 5.9493150973033204, 8.3701865487689915, 4.9714017137496818, 6.3093044565021721, 0.7919320404734072,2.4208714514656693
05593103-4234091,4803699888676317952,15.8617357596851996,10.3483693423516403,13.4225105007904233,18.3155400251658342, 2.3740253917585195,-5.513366417333559
05595720-6155515,4758615960567808768, 5.5283439378975157, 8.9824379528031688, 4.4445706389009443, 7.7195380782798946, 1.6508779772598807,3.454094014905653
05595732-6204216,4758238278323387008, 4.5710891834807956, 6.8626562154903388, 3.9657090333846572, 4.9937868848299551, 0.6116147159858014,2.291567032009543
06000909-5557558,5499266062692004480,16.8604487498030977, 7.3818897158528207,14.9266028692539443,18.5366185001631010, 1.8761927233360589,-9.47855903395028
06001813-4228158,5572361733145624192, 6.5371593858782502, 8.7825027196795240, 4.8788384235219180, 7.6321090405711232, 1.2878343796125713,2.2453433338012747
06002809-6200103,5481251801621859968,10.6132494900411007, 8.6269170742913861, 9.4949184853013406,11.8179319030461514, 1.2626099249224665,-1.9863324157497146
06003566-5603195,5499252280140103936, 4.6543869000564655, 8.1343734661348126, 4.1976570659166370, 5.3023162097580609, 0.5812415917257414,3.479986566078347
06392737-5204560,5501623896658426496, 2.6575231235638999, 8.7079076079081705, 2.5893615394347478, 2.9653076581472795, 0.3605581901689345,6.050384484344269
06393398-5005140,5502813052843859968, 6.8545612117486598, 7.0442608798813531, 6.6094668813227244, 7.1920289353417033, 0.3591799870618635,0.18969966813269323
06400672-5201579,5501625408486926080, 5.1137969454350802, 7.8218554972349761, 4.5843819627297240, 5.6006407318507359, 0.5323325871576622,2.708058551799896
06401899-4955547,5503193140269656576, 8.4750497084228158, 7.4183251323106729, 7.8940113218040864, 9.5664712475634488, 0.9473952340504658,-1.056724576112142
06402535-5155395,5501629325497277952, 7.6260403882408596, 8.7833744224855579, 7.0166988005979452, 8.4841833345819655, 0.7751056118647692,1.1573340342446983
06403783-5207067,5501611733311095552, 6.6285448797268298, 8.2921423411101802, 6.2673005558860604, 7.1609792780811565, 0.4979112357588084,1.6635974613833486
07000540-6503478,5285157819819453184,10.5275147022558500, 7.2320050064739840, 9.4607428653061802,12.1594018873760241, 1.3897181934488387,-3.295509695781866
07000728-6457055,5285171151397821312, 5.8921088148560354, 7.4253109648553917, 5.4714461441851610, 6.3249424162314520, 0.4227253558861422,1.5332021499993553
07005143-6508103,5285153146895085824, 5.5321355921009800, 7.6560647289415877, 3.9380547633689007, 6.3436226331952907, 1.1683259924924909,2.123929136840607
07033827-4358249,5559198517377932928, 8.3485753573689188, 9.0018493377746100, 7.8781304161785606, 8.8369217425779034, 0.4911924157752751,0.6532739804056913
07034382-4403464,5559194321191718528, 2.6497838460162848, 8.9229586078831531, 2.5698283277617682, 3.0296484797024084, 0.3639432168982734,6.273174761866868
07035226-4228018,5559649523303889152, 4.0681186324609353, 8.7492050625576212, 2.6563538215952054, 6.7886021552964086, 1.9481562106657320,4.681086430096686
07040713-4235207,5559644197545810048,12.7652821653756998, 8.9072724006068533, 8.9976988897536483,18.5698983092893357, 7.0232988695580794,-3.8580097647688465
07041264-4405339,5559182776319629056,11.2873192478340005, 8.3610367408948978,10.4780513721082649,12.8276692544974438, 1.2770075077501988,-2.926282506939101
07042865-4232068,5559650210498733184, 6.4489279895709544, 9.5213155552739792, 4.7626914018490067, 8.4001173881937081, 2.1759236309007739,3.0723875657030275
07043067-4237204,5559637806633220608, 3.9009211938502251, 8.0206624266398237, 2.8775818928288110, 5.2004001096550256, 1.3588694161395731,4.119741232789597
07182171-6459106,5282381862197140224, 4.2033793495212546, 7.1680745455265207, 2.8900641403279530, 6.0933829655029292, 1.7844301643247216,2.964695196005265
07185560-4359167,5511802556835610112,18.3393939080258015,11.3505968581609107,16.1704642713108839,20.3111410505913099, 2.5857257979224819,-6.988797049864891
07192208-4405459,5511788778580511616, 6.7714705768447097, 8.0787560307363080, 6.3263502165745811, 7.3455501148332836, 0.4877651861425220,1.3072854538915983
07194816-4355523,5511814342225811584,16.4094218646677987, 8.3823549641906485,14.4037890542194482,17.7666097971014274, 1.6633062516803350,-8.02706690047715
07200149-6450174,5282406635568458752, 4.8968783083018295, 7.5996416877802861, 3.0436305133516761, 8.0846019791265000, 3.1895477317308361,2.7027633794784567
07200343-4408121,5511761462588476032, 6.2260869294735546, 8.3204051154082634, 5.7688712500596759, 6.7185894062884381, 0.5423321727260850,2.094318185934707
07203700-0031573,3110209711390157184, 6.9376149651104599, 8.9547058578199454, 6.1393003459618214, 7.6091007321938626, 0.7806125600691926,2.0170908927094855
07204364-6501517,5282353893370231680, 9.1819941783132801, 8.5524504628495848, 7.1445979751213198,14.4292413941937117, 4.0145880239446265,-0.6295437154636954
07204837-0035137,3110206928252228096, 4.0804114298401402, 8.9849804155477475, 3.8592013314567937, 4.8280293056138781, 0.7014950233928225,4.904568985707607
07391404-0014181,3086248604240305920, 3.3270232467699601,10.1184751889842488, 2.7374326698599800, 4.4894103127201426, 1.1349418647349490,6.791451942214289
07392590-6505465,5287399242992138752,10.4289623080054472, 9.0543918727659953, 9.5080815310002649,11.1520557105694422, 0.9142187601773640,-1.37457043523945
07401807-0015077,3085517394648020736,13.7825086534717993,10.6640983519796197, 9.5474199626505243,19.1709414651093191, 5.7554198896456938,-3.1184103014921796
07403671-6506050,5287397215767614464, 9.8615258629648217, 7.8870821735979213, 9.3140252349459018,10.8162276026364079, 0.7918431787062370,-1.9744436893668986
07410003-6454529,5287425493832181760, 4.8299527959344299, 8.1476840624627194, 3.8559023383503201, 5.6125302300663327, 0.8476167633407914,3.3177312665282876
07445438-4232321,5535573757713237248, 8.9396840501238941, 8.7539808956163867, 7.3208023617633016,13.5269207837496221, 4.7019718109832844,-0.18570315450750918
07451859-4230325,5535573517195137408, 7.0668985107151094, 8.1843265881980827, 4.6420015428406618,13.0705001420615847, 5.0137189423425843,1.1174280774829723
07512580-6503410,5275716210393006464, 2.6532777539632901, 6.1819264731268504, 2.2031478532807891, 3.2350293301659123, 0.6288103289280578,3.5286487191635594
07512971-6456549,5275744076140732672, 6.5261211611987600, 8.3955267434799623, 5.3021284767273400, 7.9533168631999311, 1.9510432451865209,1.8694055822812023
07520979-6455057,5275743698183615616, 9.7701538487009607, 8.5135246250018763, 7.6075174536026076,12.7693064026411882, 3.0196855652319678,-1.2566292236990861
07531062-6500510,5275740605807254912, 4.8104111851513895, 6.8668246404148263, 2.8271615920865019, 6.8530005515892176, 1.8980287024785387,2.056413455263436
07555511-0859165,3039319180223713536, 4.5378994260133947, 8.1682072533009524, 3.9925628862315312, 4.9187305392068970, 0.6003549118682386,3.6303078272875577
07593273-1355206,5725666703831482752, 2.6983970430521000, 8.6051367054349654, 2.6115876772859670, 3.4839754470107591, 0.5322159168742351,5.906739662382865
07593696-0453559,3068295091186983168,16.8920227404610515, 8.7675662383330781,15.2149997313960554,19.2082783192640889, 2.1245206447718514,-8.124456502127973
07594852-0504438,3068241249477406080,12.9863172995864495,12.2857116607354016,11.4413968919253879,14.6349552783710486, 1.7062667200657085,-0.700605638851048
08000931-0034325,3083890701553406336,18.7575162010353012,10.7894388856686056,12.6232554575745084,30.0063614381949684, 9.0170066599250092,-7.968077315366697
08001750-0455535,3068250217369031680,13.7670115169464502, 9.2992333577011088,11.4620185580324208,15.2771830805913673, 1.9201580225817707,-4.467778159245343
08001824-0500462,3068243001825090688, 4.5524880467158750, 8.1690423227116735, 4.0365399934932977, 5.1860996923317000, 0.5200492053720750,3.6165542759957985
08002185-1353457,5725669044592514944, 7.0867169467518298, 8.2042177795585687, 6.3392625617494165, 7.9485858692351457, 1.0779966988611618,1.1175008328067388
08002956-1357426,5725480134752087680, 2.6785590701229558, 9.2120314721053695, 2.6373622331443332, 2.9114375232694529, 0.4270604264232420,6.5334724019824115
08003075-0029292,3083985259553379072,10.0092805074181204, 7.5727020143697006, 7.9886962974627211,12.4540388910510593, 2.8975008897870675,-2.4365784930484216
08094646-0229376,3070465046101832704, 7.8455954251219753, 9.0647096624011567, 7.0157488005426849, 8.5853820376359842, 0.9523047342679608,1.2191142372791806
08095724-0226229,3070559294863242752, 4.4319666425235855, 7.8626622386714677, 2.9191778872976450, 5.1715934760805196, 1.0492180205187245,3.4306955961478813
08103538-0229359,3070547853070343424, 7.4937172299910300, 8.3843205702267554, 7.1064877211659034, 8.2001464462322353, 0.6381246397926621,0.8906033402357254
08184756-2252591,5699943324362863104, 6.5446285808177898, 8.4058777212069788, 5.9756498475059319, 7.0421390784012043, 0.4947549996703740,1.861249140389189
08190710-2304024,5699515579980219904, 2.9024279475917698, 7.1905797467851418, 2.7303831648328227, 3.1393840120698102, 0.2068303604199655,4.288151799193372
08191506-2249378,5699942293570633984, 5.2469135331298800, 9.1949442122501779, 3.3569064293208450, 7.6489985101372238, 1.8154206036439069,3.948030679120298
08193772-0009099,3077404201422839424,15.6380445651420992, 9.5585795417147121,13.5811058749745204,17.6597664592695409, 2.0138126011659585,-6.079465023427387
08194078-0023198,3077208763230596480, 6.2133430221313546, 9.0051929733494926, 5.1912755663258521, 9.1975986693571716, 1.8633049019701269,2.7918499512181363
08194879-0019114,3077212577161547008, 6.9017332810915599, 8.9182128405861221, 6.2998195750867909, 7.7456194889811281, 0.9198792822952528,2.016479559494562
08194921-1404148,5723397174391491328,12.0550675291313496, 7.5885584248319011,10.6820786173889761,14.1748944481144719, 1.7626734435481552,-4.466509104299447
08195015-0017553,3077212714600498432, 6.1085196766246757, 8.9171073998019796, 5.4552868731150550, 6.6811143842377270, 0.6944719368322618,2.808587723177304
08195062-1405598,5723396869450144512, 7.2961149102170451, 9.0863735981484446, 6.7992237252314318, 7.7301349469766940, 0.5683908784490562,1.7902586879313995
08200788-1405389,5723396388413780992,14.1863963666904507, 9.1833912673273019,12.7075567228132442,15.9701744921056559, 1.6536174792304268,-5.0030050993631505
08225387-0532138,3065118563436254592,11.0214103145777997, 9.2437803562745202,10.3270687466194282,12.2963968907168955, 1.1384346062251476,-1.7776299583032795
08230341-0531447,3065118632155735296, 7.1545157925176701, 9.0466813208831915, 6.8796779578556597, 7.5971225543811887, 0.3890152183188766,1.8921655283655214
08233699-0531175,3065116677945552128, 7.6064745690444493,10.6821373457701405, 7.2160401491419472, 8.1241371938791715, 0.5356639914141017,3.075662776725691
08393608-0030520,3073618239290181888, 6.5962277739879047, 8.0998616672953538, 6.0587553665677660, 7.1226241476477528, 0.5412624043037867,1.5036338933074491
08394114-0501502,5761535732360697344, 5.8980686378335498, 9.9097923169674598, 5.0361367228343568, 6.8592463756245454, 1.0060115273363104,4.01172367913391
08394163-0505325,5761532468185557504, 7.7973945944483454, 8.7983423989191145, 7.2843477268062742, 8.5807152526559829, 0.7112469294169054,1.0009478044707674
08394725-0454440,5761543600740770176, 7.5560722861374607, 8.3571112113695172, 6.7686852134364903, 8.0136606649944433, 0.6343867623883127,0.8010389252320582
08395014-0027020,3075119828576299520, 7.9856963177212457, 9.3490976702490691, 7.4678145590492093, 8.5320655244122037, 0.5208096988314243,1.3634013525278244
08395149-0506397,5761531471753140992, 3.9617626485917903, 8.1687631499132394, 3.2586178968961219, 4.5811612755614384, 0.6603560541317862,4.207000501321447
08400344-0022536,3075122096319025024, 7.2231224413795907, 8.9191703859446871, 6.7495630145576913, 7.8943090631884658, 0.6335346254794095,1.6960479445650964
08400463-0448378,5761592902670272640, 3.8327032932524050, 7.9928286262216339, 2.7813489026244889, 5.0024706656693603, 1.0634723821034813,4.16012533296923
08400832-0502486,5761532154651881856,15.4782392694763509, 9.7917955329121398,12.9170202772538403,17.7517641809321560, 2.3274001325258307,-5.686443736564209
08400849-1404455,5734623158046868864, 7.0021960738324003, 8.9698695625204277, 6.4203732661269228, 7.7243978128429855, 0.7449558266999126,1.9676734886880274
08400956-0754151,5753626670344316928, 2.9568448551315849, 8.4230070852747136, 2.7399177870588041, 4.0713047346328466, 0.7248092622916575,5.466162230143128
08401147-0804588,5753615365990677376, 6.9964343130463300, 8.2223749382217850, 6.6166396483014474, 7.2864096344147500, 0.3851125849152725,1.225940625175455
08401553-0759016,5753622925132840960, 6.1048008927435546, 8.0420974137266725, 5.5027116374815828, 6.7872637255882484, 0.6875766829056639,1.9372965209831179
08401945-0033298,3075114331018156288, 9.9991475237167364, 9.7291887726832904, 9.0469707906380563,11.2302898392756916, 1.1259301999374070,-0.269958751033446
08402376-0456494,5761541264278544896,15.8229105139402506,10.0087811089678045,13.9631857788008436,17.3680092424275010, 1.8767872162464090,-5.814129404972446
08402581-0023514,3075121340404776448, 4.6584899778609898, 8.3477953624194168, 4.0680147757982441, 5.2882800533093004, 0.6093174980590308,3.689305384558427
08403011-1353373,5734723900799627008, 7.4836968183622705, 8.2238091803356461, 6.8910766075735062, 8.2835779782343533, 0.6416943917403457,0.7401123619733756
08583414-1355260,5735412809257293440, 3.4377217894143399, 9.0228519410765315, 3.1499432987535561, 3.6234716158368370, 0.2271801651941394,5.585130151662192
08584674-1402062,5735407831391431680, 8.1128547637274195, 8.6729192478833586, 7.4035580328404667, 8.7727739850190858, 0.6725483596933552,0.560064484155939
08590137-0023547,5764567635673693824, 5.9232050681789499, 7.8253998873361859, 5.1560776805035964, 6.7406100805986799, 0.7798477809298681,1.9021948191572378
08590829-1406150,5735359517304163200, 3.5519569472176453, 8.5747956778937660, 3.2573310148277081, 3.8383151046882569, 0.4400915989165740,5.022838730676121
08591278-0457234,5757843155701592832, 7.7621860053945557, 9.5685391331612433, 7.3997164171666032, 8.1604819801348452, 0.4420678419248814,1.8063531277666902
08591904-1355169,5735414978216978560, 2.6952410127163202, 8.6933362985494664, 2.6604642340605071, 3.0392265994619478, 0.3596320527154680,5.998095285833147
09193984-1804178,5681680092620799360, 3.7420170775433399, 8.2564561188044028, 3.1294320511885698, 3.9501152098875010, 0.4799273385710351,4.514439041261063
09195987-0758025,5744757253639862144, 3.3837604307659248, 8.2417839489587017, 2.6239546431023131, 4.9393417511689037, 1.3474364607429250,4.858023518192775
09201051-0755093,5744757975194328320, 8.5762430226454605, 9.4099167425332713, 6.9061072249700173,11.5742509124996875, 2.8222708738669469,0.8336737198878126
09202572-0801154,5744744196939277568, 5.2851059795279047, 9.5637100160400408, 3.9699863858962559, 7.1876086553748246, 2.2903433790827772,4.278604036512136
09202790-1758277,5681687651763190656, 9.4251346455717169, 8.7351969432092833, 8.5267621331423484,10.3444045785313286, 0.8970015826874154,-0.6899377023624336
09235497-2400286,5674579167354603136, 7.7582308788749748, 9.0436835579615540, 7.2853526945543425, 8.3024011759686047, 0.5016507050404458,1.2854526790865783
09241076-2358151,5674585180308992640, 4.0511202689713102, 8.4904706700363786, 3.7225024945110952, 4.8983404809724203, 0.7574838048342439,4.439350401065067
09242565-2355112,5674587211829814784, 4.8904148979280802, 8.8132070033961227, 4.3316913573168794, 5.4208309284460521, 0.5950784945553134,3.922792105468041
09272162-0026042,3840544332856241024, 5.4337447331469848, 8.2093992490899339, 2.7706555346882555, 8.3075852536828432, 2.6511782980478289,2.775654515942949
09274070-0030553,3840531138716752512, 8.8969021523653744, 8.7947950467565938, 7.0808770411289244,11.1396879542794327, 2.3503299837497931,-0.10210710560877878
09282260-0027217,3840553571330824576, 2.7551937341009101, 7.8913716490835846, 2.6558377915233020, 3.4201082512962921, 0.4408453424706747,5.136177914982674
09383433-1807038,5678668839509944320, 4.0698473440527394, 8.5194056421999740, 2.7252449726213710, 4.2298117606257764, 0.7067659132629424,4.449558298147235
09393097-1805429,5684670455010827648, 5.0063265731789599, 8.8586893895709338, 4.3052577557431677, 5.9399329442187216, 0.8168839597963653,3.852362816391974
09395375-0509049,3824234898924474496, 8.3115328101339347, 8.6938633483347125, 7.8158644169819240, 9.0432167561721020, 0.5807369005021374,0.3823305382007778
09401013-0457499,3824241873951349120, 4.4032180781664856, 8.2163681420949342, 3.9279382084334649, 5.5841836981926685, 0.8445503547796522,3.8131500639284486
09402260-0512205,3824186726571278208, 2.7988889423948402, 6.7904681470720076, 2.7008056771426530, 3.0015589183153284, 0.1525694993371180,3.9915792046771674
09474471-1019532,5692266323716268416,13.5603316835391503,10.3882605522463471,12.1173961384649633,15.4719037685146592, 1.7451016391089342,-3.172071131292803
09474686-1022410,5692261723806595200, 3.4845489931451699, 7.3981189505700762, 2.5772418460299544, 4.2964767891512219, 0.8209993837910090,3.9135699574249077
09480514-1028501,5692248392228109440, 2.6604171270399002, 8.1920225413975665, 2.5470746243043112, 3.5124653445838656, 0.4719768326295043,5.531605414357666
09481905-1015365,3770728329495147904, 4.3811567870139854, 8.3577231632736400, 2.6759310598345536, 6.5798448422351727, 1.7852654391571909,3.9765663762596546
09560686-0022037,3833098955508879232, 3.7654915708926753, 8.3405421146668246, 2.6355336327690604, 4.7097843530990540, 1.1501759216761034,4.575050543774149
09560808-0027107,3833096206729811712, 4.0954962927969643, 8.3635052712743025, 3.8438174612169460, 4.5178861128663996, 0.3970752689329848,4.268008978477338
09562701-0035440,3833043979927550592, 6.9763509992998944, 8.5759559665363643, 6.6558272691201914, 7.3973391021689476, 0.3576985443258134,1.5996049672364698
09583807-0949195,3770382223849662592, 3.5846351352937749, 9.1737849854889397, 3.0652820030189085, 4.9396970038247581, 0.9929857840446146,5.589149850195167
09584646-0955429,3770377349062419328, 3.2967394865147002, 8.3409539298943667, 2.7265970703355342, 4.2181981224725815, 0.6625356015821785,5.0442144433796665
09584814-2452581,5659645123687018112, 7.4338704896158845, 6.9213690332439644, 6.9869407327714050, 8.0145927796037935, 0.5147246843084522,-0.5125014563719192
09591850-2502357,5659624645282957568, 7.7143836885341948, 8.2417658576585140, 7.1977967008799437, 8.2316331519092820, 0.6501279936171572,0.5273821691243192
09592026-0956292,3770370782056788864, 4.2748187856281152, 7.9335104015312892, 3.1947048170722070, 6.8977262239207615, 2.0983186388004795,3.658691615903174
09592043-1948329,5670890035261423616,10.0979153707072999, 8.9552406592389158, 9.1138239752924886,11.2848887340402886, 1.0802024679908455,-1.1426747114683842
09592710-2801019,5466336445354254336, 6.6570983440934199, 8.3290063139950004, 6.0929582770320510, 7.0828870413350158, 0.6041130300799896,1.6719079699015804
09593419-0559037,3821502848751903616,21.5121020199266511, 9.6516072655655183,19.7964444694077599,23.6855797407694197, 2.1737663939291303,-11.86049475436113
09593612-2503098,5659627359702280960, 7.0883625132420551, 6.8556715387779139, 6.7034691460079641, 7.4867863899879277, 0.4341651856878101,-0.23269097446414122
09594063-0606020,3821498077043942912, 6.2029548289141907, 8.7350476411119384, 5.1410230997747632, 6.6506050476473488, 0.8019902686758130,2.532092812197747
09594627-1507473,5686447506319114752, 6.2130623436739150, 8.3144377262088991, 4.5281719776031926, 7.3323512571298579, 1.3256306075099005,2.101375382534984
09594893-1956179,5670697483287693952, 2.7479525928838848, 8.4973001282296039, 2.5828767388762173, 4.3721523908382416, 0.9802459321257782,5.749347535345721
09594916-4109483,5418903685534273536, 3.3166589011820200, 8.6654002681626618, 2.5878347824395243, 5.4049396499557876, 1.5689143436045081,5.348741366980642
10000069-2801014,5466333009380758656, 8.6613636441590494, 7.5024940579589394, 7.8957303899897360, 9.7560039602982247, 1.0311781656630712,-1.15886958620011
10000449-0604154,3821486738330277376,24.2417879820839488, 8.7072471877883029,22.4715488230835909,26.5626223158297456, 2.1782758686300294,-15.534540794295644
10001025-2759314,5466334418130031488, 5.0549952821227251, 8.0738108812369411, 3.9975703506925728, 6.7357455268759532, 1.3339157232370449,3.018815599114216
10001729-1455067,5686459704026228352, 5.8464125413022101, 8.0054616897295610, 4.7394313034962670, 6.2392993888430306, 0.7792714686407736,2.1590491484273517
10001850-1754448,5671978654852138752, 4.3921875506400649, 7.2044463589854884, 3.8600803930011969, 5.5475840866946724, 0.8181751039513619,2.8122588083454234
10002087-0559149,3821500684088390528, 5.9591312845873050, 7.4664183564145787, 5.4334470504531023, 6.3620020889583913, 0.6057493665361270,1.5072870718272728
10003307-1501006,5686455134181026176, 6.5884386309217646, 7.6135519631442676, 5.7860287400946495, 7.5979525011425428, 1.1897300191927795,1.025113332222503
10004192-2800550,5466322014264497152, 2.6819008353607101, 8.6416419984915347, 2.6488519620268938, 3.9765355514851031, 0.7012564276455341,5.959741163130825
10005199-1758162,5673428670171182208, 5.7294791852937550, 7.9573001944112010, 4.9484253100057725, 6.5054396647164561, 0.6989146412340123,2.227821009117447
10005459-1750596,5673433514894274944, 3.9678183015907900, 8.2083619045849314, 2.6794076368027802, 4.2808225128326880, 0.7791444879810662,4.240543602994141
10010886-1756368,5673428979408814592, 6.2937474512119200, 7.0108312132751633, 5.7079845481738074, 7.2815644334790797, 0.8615599006992649,0.7170837620632433
10081277-0751406,3772240192342432384,11.6567769822912499, 8.3653155968165276,10.6371363729172632,13.4590738558891196, 1.4291369949510069,-3.2914613854747223
10083397-4133003,5417089147751031040, 6.6601063546858601, 7.2129716648321436, 6.0450505840327118, 7.2898692814842976, 0.6577910527270594,0.5528653101462826
10093074-4126541,5417111103623876864, 4.7745848202007251, 7.8955711011678602, 4.1208750967198400, 5.6633673620499430, 0.8095873047717328,3.1209862809671343
10094475-4134206,5417097497167641856, 5.5839495229486102, 9.1858233492283343, 4.7655165226592491, 6.1738461880170510, 0.7211072500902100,3.601873826279725
10140017-4054309,5417187004285887488, 5.2918402855312205, 7.7475129605181632, 3.1910993259734481, 6.3148369941426763, 1.4500909411643801,2.4556726749869426
10141228-4059481,5417183327794092672, 2.6677559888235249, 6.2148237169923632, 2.6468124981563679, 2.6904232461333422, 0.0230745196035379,3.5470677281688383
10144572-4050005,5417191574131338880, 7.2574366646365549, 7.6806258457300336, 6.9085777980762542, 7.6507424547717937, 0.4136807390672230,0.4231891810934787
10193043-2802474,5462779216001096576, 2.6832828075597899, 6.0050670192070044, 2.6399015640190115, 3.9287200433921821, 0.5528510713842831,3.321784211647215
10193253-2755013,5462785125876106112,11.1121307123768993, 7.3652480000762406, 9.8733397670054686,12.2168091688846996, 1.2914530346659094,-3.7468827123006596
10195770-1801525,5669711908552132864, 2.9805242641027649, 7.6923620912165429, 2.8168491944294494, 3.3646400630915214, 0.3571143512681581,4.711837827113779
10195934-1755159,5669902742539197696, 2.6698166190614252, 9.2933812316811117, 2.5883051817986571, 2.7530008882363561, 0.3563422798905238,6.6235646126196865
10201665-1748481,5669927241032640512, 4.6324278481074348, 8.8216772405512760, 3.5300335227128343, 5.9875730675887118, 1.2753902207199579,4.189249392443841
10201768-1753158,5669738777867528448, 4.3523319428049900, 7.3343860109732271, 3.6546005908324433, 5.2979832699224589, 0.7904690113845393,2.982054068168237
10201780-1755288,5669738365550669184, 3.6303032914224849, 8.3146444611070258, 3.1522958347925498, 5.2728141062656206, 1.1523329602215673,4.684341169684543
10201895-2807130,5462764406953959808,26.8760530036756009, 8.8034310304692980,24.1057241807427545,30.1849631815149912, 3.3811105218159674,-18.072621973206303
10230126-3535321,5445758844724162176, 3.6612811576621200, 8.9802934436135775, 2.6574774041160043, 5.4392176897993405, 1.7231105138717386,5.319012285951457
10231974-3536457,5445746921894950400, 3.8643240634306251, 7.1359909586544203, 2.2536708876965705, 5.4293873988068944, 1.4720647463190506,3.2716668952237957
10240017-3546298,5445741080739481472, 5.0904281736716852, 8.9194659011309572, 4.5341689399552996, 5.8435131194101517, 0.6427576390378238,3.829037727459272
10242175-3547379,5445553957604079872, 7.0644463325857298, 6.4501060310158094, 6.1421836584748188, 8.1786312164128994, 1.0329137468222602,-0.6143403015699205
10244249-3534234,5445839383950433536, 6.5146971498593151, 8.5447342880539523, 5.3323054322510517, 7.0726365645784703, 0.8779893444580568,2.030037138194637
10245690-3542565,5445648584323149184, 5.1484016482960548, 7.4897149275443429, 4.4753065519985853, 5.8284847400559334, 0.5956390990332207,2.341313279248289
10281957-4059441,5440439437531197440, 2.9848029262854499, 8.6528581994657223, 2.7729683946182737, 4.4779600078668613, 0.7576243263701415,5.668055273180273
10284532-4103123,5440433016558418304, 7.1046544107757246, 8.5317128092059082, 6.6044388554321785, 7.4736169955055702, 0.4961292371865656,1.427058398430182
10380899-3204331,5448136023222703360, 6.0426694198968303, 8.5717558995541516, 5.2657396014811830, 6.6621329511481369, 0.6335356525585398,2.5290864796573196
10381081-1008091,3761773700639691904, 6.8806194765747151, 8.3982438820554819, 6.2000840102712722, 7.4248756977728911, 0.6566267996844222,1.5176244054807686
10381118-2001305,3554608156435794304, 2.9314752642440549, 8.6475554063336872, 2.7592110307917750, 3.2522181001185482, 0.3601228055278777,5.716080142089632
10381659-2001483,3554607950277364352, 6.7586171014515148, 8.3613800705011059, 5.6276139609087652, 7.6302969399788854, 1.0033274001191350,1.6027629690495928
10382773-3149109,5454148874357529472, 7.4435265374010857, 7.3883849719884971, 7.0764677289217364, 7.8800105002699734, 0.4541787712807320,-0.05514156541258686
10384208-1005238,3761774804446419584, 5.0237858150469457, 8.4409713557684398, 4.2934530207796779, 5.6243457614408392, 0.6524183831138486,3.4171855407214924
10385127-3203393,5453953298726335104, 7.2739981571265702, 8.2079197566544764, 7.0564894747250717, 7.5685666789564996, 0.2687514373162002,0.9339215995279071
10385508-2002154,3553858048987335936, 3.0169901392739802, 8.1535311230441589, 2.7800018302822012, 4.2391727876655816, 0.8140379519616839,5.13654098377018
10390871-1954171,3554615956096411136, 4.2087554684262303, 6.0995226013632156, 3.4155227205597778, 4.4420293399922244, 0.5496694138393925,1.8907671329369853
10391466-2801188,5456059104011225472, 4.0993665619419097, 7.5063358537806026, 2.6655227137909390, 5.9034175097867312, 1.5343980078786768,3.406969291838692
10391594-2501101,5470898216018716288, 4.5258106823422146, 8.9328535355022805, 3.7919117563999931, 5.0540215571336420, 0.7022348653204596,4.407042853160065
10393700-2803475,5456048349413173376, 8.2510891675699511, 8.5771946864603983, 7.6783307479331775, 8.9821963377128071, 0.6305864749804997,0.32610551889044714
10393886-0755342,3762692484338767360, 2.7432643472079699, 8.0094514785418589, 2.6657456913289739, 3.7451244220059041, 0.6030919379517682,5.26618713133389
10393946-2504361,5470146940338966400, 7.5358403927857003, 7.0535667334925645, 7.1159936718550076, 7.9897801243324018, 0.4665670118591494,-0.4822736592931349
10394520-0759204,3762689048364933504, 3.0668606717970950, 8.7405958599713180, 2.8066607363194844, 3.7539740159833910, 0.6188744664545426,5.6737351881742235
10394642-1807148,3555373347809400960, 4.4942407864057801, 8.1620087070078942, 4.0516994142251077, 5.9689541404958364, 0.9994818390174716,3.667767920602114
10394698-4105593,5392575913965661184, 5.2497445557868803, 8.3638512731064765, 4.0807201064423166, 5.8378539188427023, 0.7839203853669214,3.114106717319596
10394941-4059150,5392594433864467968, 3.2497134696039351, 8.4233517515479530, 2.7709519472917128, 3.8723213497366342, 0.5702342143309738,5.173638281944018
10395230-4100495,5392582609815476992, 8.8501485486009166, 8.4336523555973066, 8.3102635060245564, 9.4042720251771819, 0.5863258708043837,-0.41649619300360996
10395924-2801215,5456048211974224896, 2.9354723924800599, 7.6652508708896576, 2.7027988060438499, 3.3725132828471893, 0.5758611908547651,4.729778478409598
10400136-1508280,3749746937512625664, 6.4574944347513901, 8.1612951455102447, 5.8332564753671674, 6.7983849708885149, 0.6528515650550877,1.7038007107588529
10400246-2806187,5456044325026676224,11.5036594771073997, 8.9530724741837773,10.5031952586745838,12.9248359007320648, 1.3320131853500403,-2.5505870029236224
10400647-1755339,3555473540806268800, 7.9002866997916747, 8.2922792230365356, 7.0677600864932186, 8.7463761731926546, 1.0056083839519236,0.39199252324486
10401950-1807323,3555362421412602112, 2.3137539816558199, 8.8843407292382537, 1.7721051902443450, 2.9392745549979891, 0.5633865902317218,6.570586747582434
10403509-1455296,3749792081913863936,14.8523921477106473, 8.7471889648212127,13.1647293735009914,16.5073239330302890, 1.7477536489845471,-6.105203182889435
10403651-4100397,5392580415091415296, 4.6918377739901000, 8.4726250221702397, 4.0343131232335496, 5.3535027430912931, 0.6565288611781337,3.780787248180138
10403923-1807097,3555361940376266368, 7.2234508505335704, 7.7721673317972293, 6.9430259114566439, 7.6151281575623138, 0.3566126239253113,0.5487164812636589
10410247-1802322,3555456532735827712, 5.9211786932706101, 7.1596317283063460, 4.7134663196076652, 6.7840541341410452, 1.1510344280408435,1.2384530350357368
10411376-1749474,3555478076291744768,14.9326071443209507, 8.0446634083060715,13.1723681683928326,16.3818994105711084, 1.8260167232290601,-6.887943736014881
10430176-3459027,5444337794664199040, 1.5178888439181151, 6.5118754561260861, 1.1015238369242557, 1.9104835374157088, 0.3802757038340654,4.993986612207971
10430357-3506461,5444328070858264064, 7.3380170747241156, 8.1676827895544708, 6.8993205796312251, 7.8673258320183930, 0.5902561634724540,0.8296657148303552
10434782-3503259,5443584491759967744, 4.7239974519622949, 7.2249039475043721, 4.1633543178496311, 5.2800760451523940, 0.5413627307580837,2.5009064955420763
10562469-3504088,5401440932621479680,13.1286270727366485, 8.5373627007448576,11.6031802555631405,14.9051165439689797, 1.6212084294258251,-4.591264371991791
10564594-3456387,5401449075879489536, 4.3855522783522849, 9.2372642235095093, 3.7773950841720159, 5.0264158912728503, 0.6112534618529287,4.851711945157223
10565723-1244551,3756639604108798080, 2.7518975435001254, 7.1353134610050803, 2.6838451672343941, 3.6798310885408818, 0.5358592101402873,4.383415917504955
10570351-3435124,5401493262502979712,17.6923062656881527, 8.6112679704476722,15.2519720204797604,20.8423286516781303, 2.5763149793330795,-9.08103829524048
10571435-1540444,3557470941117116800,17.5720744490742007, 8.4305509630131112,15.7031407834579237,19.6230587713306477, 2.0483464066076098,-9.14152348606109
10573163-3500038,5401445055790203392, 4.4275958851684702, 8.4933196783993417, 3.9145419756342159, 5.4552674768022733, 0.7139802594865593,4.065723793230871
10573194-1254203,3756589404531087616,25.1638899642581499, 8.2516580815374745,22.1518491905903367,29.6094911709001316, 3.4326055979555181,-16.912231882720672
10574920-1246054,3756597513429346560,12.4138153152948512, 8.7930227665392415,10.3480650498066513,14.8096681018801437, 2.1386863410540125,-3.6207925487556096
10575981-1533214,3563478363413442560, 3.6195670867495600, 8.7941504020077783, 3.3559123252696885, 4.2758685870104918, 0.8557080779547107,5.174583315258218
10581806-0755069,3763350542048191232, 3.4024071434539849, 8.7518779878831019, 2.9566078281887851, 4.0065248792121775, 0.7467443669932070,5.349470844429117
10582668-0802367,3763335595561998848, 3.7243485503819849, 8.0417954616630904, 2.8965660388206578, 4.5915568270881959, 0.7423179824183658,4.317446911281106
10583301-0757325,3763349270737871488, 7.1477112753201553, 8.6457399228669249, 5.8134797563424954, 8.3884156172041102, 1.1972896021220194,1.4980286475467715
10592101-4106265,5390148359791866752, 5.1964569839748602, 8.8008970597574709, 4.5764141407093826, 5.6421546122008257, 0.5393668014561679,3.6044400757826125
10595260-2811579,5456711286205561344, 3.1743985163739099, 8.6460050690482664, 2.9235049327655829, 3.5624758080682546, 0.4013950066880678,5.471606552674357
10595761-2803146,5456719257664889984, 2.7289314227584951, 7.1921373895187832, 2.5656013147812411, 4.2707704035182843, 0.9821157240589524,4.463205966760288
11000100-4103542,5390153621129918464, 2.9671693610377101, 8.0108417266028624, 2.6266277177766257, 3.8584297921325166, 0.5665459493843865,5.043672365565152
11000349-2806027,5456712351357455744, 2.8925617859115054, 8.6161787421226865, 2.7638339391584474, 3.0995693648665519, 0.1872762690045464,5.723616956211181
11003187-4105473,5390151319027550592, 2.6583229559479702, 6.8062922442715728, 1.9073891383934884, 3.1640534690104469, 0.6168007159020137,4.147969288323603
11003453-2754224,5456722143882908800, 2.9954127880461447, 8.7551828432408225, 2.6803707747837038, 3.5235466652532779, 0.6694214268064411,5.759770055194678
11004237-4053156,5390528863832511104, 6.3952717678882900, 7.2897876099587577, 5.8310106103706367, 6.8335378222485552, 0.5355278867434492,0.8945158420704669
11004534-4059191,5390152281100234624, 7.0470480546428549, 7.2304833306602170, 6.5651463733429916, 7.4152654228418964, 0.4276943510379627,0.18343527601736298
11012733-1328554,3564334230136871296, 2.6815051282169300, 8.5172895348137541, 2.6503000920904718, 3.9823866065945808, 0.6101954123512963,5.835784406596824
11035621-1753180,3553214074475159424, 2.8651278073358348, 6.7711681093078502, 2.4262547152248914, 3.4753579998021435, 0.5368986719835581,3.9060403019720145
11040663-1752292,3553214250570013696, 2.8934830748112148, 7.6316928999135616, 2.7399384515449894, 3.1941848009512555, 0.2928555618377593,4.738209825102347
11041207-1751267,3553214388008969728,14.2901171808836001, 8.2802661857429030,11.7442191797810995,16.3198100841106601, 2.2979413224610470,-6.009850995140697
11045203-1753538,3553211261272838784, 2.7962738077210698, 9.2847295878726968, 2.6686028239235107, 2.9503028071414179, 0.1570784178952144,6.488455780151627
11105176-1501556,3562972656784240768, 3.1128591456641548, 7.4705356102970706, 2.9057282846012762, 3.3739092205014631, 0.2308601032676112,4.357676464632916
11124780-0952197,3758973248819164544, 2.8686167148531099, 6.5808992270087137, 2.3393520811063371, 3.3684711658824771, 0.5736780859987002,3.7122825121556042
11131066-1006573,3566805519958873984, 2.4559879960601099, 8.6156495008025828, 2.2882177788914269, 2.7881742216459706, 0.3300180262379373,6.159661504742473
11132008-1002399,3566812254467595648,13.0603077313515996, 6.1753672422998260,11.5908995084853448,15.3905998166361808, 1.9416703707763512,-6.884940489051774
11180437-0605002,3784883893162791040, 2.7708338728246198, 7.2780268492535560, 2.6609988291583950, 2.9415850487931272, 0.3378708964220649,4.507192976428936
11181004-3158264,5403899646779792768,12.4561362471369499, 8.0196705553686325,11.4881794635241476,13.5450345015126743, 1.1473525091173979,-4.436465691768316
11183016-1812318,3558042343567003648, 3.2662467954132950, 6.1216851097772631, 2.5994940263410165, 3.7670355334857728, 0.5118118104969445,2.855438314363968
11183251-0610209,3784870424145369472, 4.6498368125284548, 8.3296725093796820, 3.4809559016643488, 6.4603151990393632, 1.4079466128521827,3.679835696851227
11185322-1808532,3558041518933287296,16.1529502512745999, 6.7499251241545526,14.2296775771733106,18.0859988684696518, 1.7698393266143948,-9.403025127120047
11185782-3200205,5403151051159165824, 3.5730496600982948, 7.9551015838990624, 2.6491618191013280, 4.5134776335708269, 0.9307157055331050,4.382051923800768
11190316-1809229,3558047119570641536, 2.9514182885458302, 6.8244689153163005, 2.1996847576958367, 3.7459248167105281, 0.7470167072180051,3.8730506267704703
11192257-2008207,3545543473340275200, 2.7824760807392002, 8.8137204463902101, 2.5029788554190802, 4.5408578879482526, 1.1233242788272573,6.03124436565101
11192361-2459403,3534304231120856192, 3.3687677548546202, 8.7870851315130931, 3.1156774644552998, 3.5980788289784376, 0.2448001464155731,5.418317376658473
11193795-2000303,3545557801351181440, 6.3452553954264648, 7.9685491975892626, 5.2600725513882924, 6.7853921847079883, 0.8018181104905907,1.6232938021627978
11194244-2503590,3534324056689892992, 3.7197286119779598, 9.2234390810331792, 3.3931481502258030, 4.1506813422895901, 0.6813782636470493,5.503710469055221
11195000-2503226,3534323335135388288, 4.3030669417625305, 9.0311122359202312, 3.8565402469030419, 4.5178544124950735, 0.5077557042878695,4.728045294157701
11195512-2609519,3531938769292633216, 3.4605365768445000, 8.8613146897081361, 3.2423950070010576, 3.7600145400768321, 0.2758180759343622,5.400778112863636
11195941-1949440,3545583811673137792, 3.9757362444953199, 8.2936265325377239, 2.6712111413352182, 4.6375946656661942, 0.9699280108293749,4.317890288042406
11201026-2454176,3534327183426094720, 6.5664217041825550, 8.3072255246205700, 5.5987557508620895, 7.2411695191648562, 1.1044474194579386,1.740803820438015
11202969-1532007,3561226804118901888, 2.6400399185892400, 7.5574746370512260, 2.5320136036759138, 2.9472048267992967, 0.3181098650740271,4.917434718461986
11203741-2609370,3531940968315894528,18.8016962845719995, 7.3181159939564226,16.9759875401420679,20.8802455296017264, 2.0626560494649748,-11.483580290615578
11205932-1529463,3561225773326754560, 2.8131726607046552, 8.0621500129134720, 2.6699498203831489, 3.0555141962190571, 0.1966567056334330,5.248977352208817
11212148-0953303,3590612798558750336,21.5370487364821486, 6.6011848814560237,18.5851769134355997,24.5726665636390535, 2.7134213801262930,-14.935863855026124
11212323-1008505,3590554627521687040, 3.0794445853883499, 7.0597229688150538, 2.5114524531668949, 3.8161318149974819, 0.6764532425691037,3.9802783834267044
11215476-1009024,3590556757825539584, 5.0728152537135056, 8.0967707632920245, 4.5139952145982205, 5.7637765258490345, 0.6141591770145842,3.023955509578519
11223355-3445535,5399177003820390784, 4.6916150566301695, 7.8239041900081689, 3.7702173931169618, 5.6474648689208227, 0.8710652128870635,3.1322891333780003
11230116-3454465,5399160408066839296, 2.3419240294508001, 7.5569737191639295, 2.1276501363791618, 2.5278670056315145, 0.2473659092498329,5.21504968971313
11231582-3456558,5399159411634425856, 6.7455675339093002, 7.8535052340220499, 5.5308487040295216, 7.4509813300716550, 0.9313760783973388,1.1079377001127506
11232341-3436559,5399543209911706880, 2.7250072760450950, 7.6267347569056883, 2.2608435502506721, 3.0483171412037571, 0.3943729883590045,4.901727480860593
11235157-3454123,5399347256323345152, 2.3375727494663501, 6.5210575964264930, 1.8911245615643235, 2.7385860233195798, 0.4300060139175008,4.183484846960143
11280921-4056341,5383542154632490624, 4.1749280532186850, 7.3087400285206749, 3.9540573027687680, 4.5226988134562287, 0.3257250712237076,3.13381197530199
11320001-4359016,5381924773029430400, 6.4441286282256094, 7.2203046229365979, 5.9545651305732763, 6.8991219510260535, 0.5138748917869139,0.7761759947109894
11320891-4359262,5381912987639176576, 2.6397922403391401, 8.4153665419106503, 2.5501744207819987, 2.7165614864554795, 0.3206507531170668,5.77557430157151
11323332-4400567,5381912334804158336, 5.1870114755299301, 7.9563579703575851, 3.0842744819365526, 7.1954123209627179, 2.0797176563790702,2.7693464948276567
11324951-0712035,3592978638343798656, 4.6783465603167294, 7.4931816424816819, 3.0114072237516769, 5.6545132380452703, 1.2577944164417980,2.8148350821649535
11383370-2755269,3484013256461814528, 4.2281366408313152, 6.9921873598678257, 3.9791910264490400, 4.8317455595508472, 0.4251742446984282,2.7640507190365105
11384470-2754532,3484012569267048832, 7.1433914119277899, 7.5835750305946963, 6.7066434466293252, 7.5243538967447314, 0.4439122348028512,0.44018361866690636
11390043-2801404,3483999237688556928, 5.8300590088675399, 7.6972089968637247, 4.4636621908888419, 6.2434478584786577, 0.8705074162119811,1.8671499879961848
11394840-1003108,3588530083018492288, 4.6140867877469347, 6.5910164674841720, 4.3406794054300430, 4.8781962615793582, 0.3661855119182298,1.9769296797372364
11404285-1809048,3546784718888306176,18.3664205138534484, 7.8183277166938403,16.3161970634743625,19.8274517036837707, 1.8648691694093369,-10.548092797159608
11583931-1812534,3567182205771456512,10.1320250687541495, 8.5917829671596344, 9.1024555101165099,11.1722630385890689, 1.0589330900744274,-1.5402421015945134
11592441-2801185,3486288523975667456,11.4414547387959509, 8.0236304784422519, 9.5862231947970944,13.7312303368304232, 1.9521176717494670,-3.4178242603536972
11594829-1059063,3575432047673416320, 2.6832650471336099, 5.4384129918735873, 2.1653551596456162, 3.0277946032236382, 0.4197891542599871,2.755147944739978
11595342-2109377,3494343649240387328, 2.6695948743113851, 7.4143529367037226, 2.6351258550838739, 3.5122192161029551, 0.4261546514666560,4.7447580623923375
11595378-1109129,3575409232807175040, 2.6756195197991453, 7.8399038377519483, 2.6068994767956108, 2.7317282410293733, 0.3085144724525240,5.164284317952804
11595502-3056169,3467658708192798336, 2.6543021582320150, 7.4102402364925002, 2.6326689476622303, 2.6679356459885044, 0.0201291740712258,4.755938078260485
11595987-3106264,3467639226221131136, 4.6067871328692647, 9.0643452391975288, 4.3050811307786141, 5.2741126410869272, 0.7435767173841538,4.457558106328264
12000774-3709263,3460687941911493248, 9.0810056617605728, 8.4850008460738326, 8.3994861576821833, 9.8232948642856641, 0.7187185696411141,-0.5960048156867401
12001058-2459316,3488017024974142976, 5.3000742553650548, 8.7462148621438480, 4.1509614544019495, 6.4213859895764527, 1.0980116919794141,3.446140606778793
12001205-0854262,3593979022127690752, 3.1071669390598200, 8.9345326073083253, 2.7920093711278007, 3.4829918909042843, 0.4940167512806684,5.827365668248506
12001485-0606471,3595697043406236544, 5.2345213684834349, 8.3503229307977396, 4.5047549097965991, 5.7561921634490245, 0.6275590582371918,3.1158015623143056
12001588-2111293,3494340041467915008, 6.8622902382437401, 6.2420055579993061, 6.2745053740905243, 7.4000676851258111, 0.5214152762984915,-0.6202846802444348
12001717-2100133,3494351242742575744, 3.0043096922439547, 8.2156861937384864, 2.7919404134899728, 3.3050198285767909, 0.2471257351183458,5.211376501494532
12001869-1609451,3568649229160641536, 3.4015801731722850, 8.2315990824994643, 3.1127452287444362, 3.7565417405407029, 0.3382620944745647,4.83001890932718
12002212-2500400,3488015959822253696, 6.6520407750140453, 7.4879340016505589, 5.7550069411307225, 7.2382455872475955, 0.7260192897886505,0.8358932266365153
12002905-1101454,3575417513504129536, 3.4301995327948558, 7.9352620668097584, 2.6470127815781699, 4.7928170743987826, 1.1040213729843933,4.505062534014902
12002911-0856502,3593931502609526784, 2.8009570443679248, 9.2776592149852206, 2.5946451309478840, 3.3260242633671071, 0.6309768187009043,6.476702170617294
12004086-0614054,3595682715395333760, 5.2953219258573503, 7.6935474749526023, 4.5327566171758464, 5.8767743854324728, 0.6121049576467029,2.398225549095251
12004263-0554583,3595797167683373568, 3.0212119123322649, 6.3371239632940775, 2.8519256359997955, 3.2508685156443287, 0.2152457719856504,3.3159120509618125
12010086-3705182,3460686395723398272,10.4583558153227507, 8.0765685289894265, 8.6392820190242894,12.1123380383624557, 1.7801629751983918,-2.3817872863333243
12011885-2459243,3487967375152280576, 2.6434455552457097, 6.0233632185652413, 2.6185982001219066, 2.7009249473669619, 0.0459310870652339,3.3799176633195307
12120522-4102019,6149158489331342080, 5.5810155581795300, 7.4656688004243836, 4.9832651235812664, 5.8867433688416497, 0.5975373948815054,1.8846532422448528
12121130-4053255,6149162715579209728, 3.0967481167278850, 7.3394642031312571, 2.8463739324923805, 3.5213241386561505, 0.6169447053418283,4.242716086403373
12122430-4104057,6149157458539186432, 4.5204760852103956, 6.3262078421284684, 3.9175850320188159, 5.2139149054142644, 0.6964613394031900,1.8057317569180729
12124603-4101172,6149152098420025472, 3.0585768461608001, 8.6943061628540015, 2.6146550853381174, 4.8987543112466083, 1.1502598514335003,5.635729316693201
12180616-2756391,3475708954373404160, 3.3374608611667052, 8.8356760447666733, 2.9304154036431136, 4.9276156176100079, 0.9828503283570720,5.498215183599969
12181380-2805223,3475695073039089792, 2.6681376437165101, 7.0175866940535911, 2.6535476827434645, 2.6732785242761739, 0.0155069822915180,4.349449050337081
12182534-2807006,3475691808863943936, 1.4192340243414650, 7.3400623524404276, 1.0175489395439747, 1.8485220015149260, 0.4184445603169062,5.920828328098962
12191303-0959564,3581071820768470528, 4.4017496621520849, 7.6383720604550094, 3.0224254877113461, 5.0046718649603434, 0.8687000258781440,3.2366223983029245
12193127-3706547,6151742272935980928, 2.8264499249040949, 7.5487912807867019, 2.6437999600663811, 4.2854024629517671, 0.7462820942829637,4.722341355882608
12194808-1003539,3581068762751794688, 5.6796054806282896, 5.9649346117303796, 5.0268967270096176, 6.2838415139476611, 0.6170670799652245,0.28532913110209
12195579-3702363,6151743647325543168, 3.9513784446622950, 8.0374613061110836, 2.6506979767667489, 4.6311089903791558, 1.0218584320724344,4.086082861448789
12200041-3712136,6151693207229577472, 3.2329006378495349, 7.6304548288007830, 2.8431322387594822, 4.9535369884685974, 0.9196683487582924,4.397554190951247
12200100-3653291,6151748492048693504, 3.8467700713415800, 6.7690304601453724, 2.7068736697949567, 4.1198272619847627, 0.5951007893876537,2.9222603888037932
12200204-1814371,3519902170688648704, 3.0084571307127002, 8.1185581330335648, 2.7232932598424879, 4.3807681581688058, 0.7807956851978645,5.110101002320865
12200234-0955377,3581079001953831168,15.7871270585091494, 8.5828027722920233,14.1635171573810918,17.1365494725051946, 1.4793846489952860,-7.204324286217124
12282943-4104196,6146767085900036224, 2.9586662666103098, 8.3193538943442924, 2.5987144624727723, 3.4785383470493514, 0.5088453274066748,5.360687627733981
12392537-3655409,6156990448093764224,11.4899696473020008, 7.7070072181553861,10.6294279040403197,12.5127394153241873, 1.0821902190601871,-3.7829624291466155
12394044-3703253,6156985912608363392, 9.5537507513467954, 8.7300883865846437, 8.2493580355491307,10.6511415036079207, 1.1207057236627496,-0.8236623647621535
12395111-2817559,3495933268175521408, 3.3759809007087749, 7.5542631025779539, 2.6431761147611854, 4.3391332276575971, 0.9231704757323960,4.17828220186918
12402778-3703180,6153988609551271424, 5.2574055723166353, 7.7234302018733505, 4.6970289890806862, 5.7512266327140047, 0.6276309227416283,2.466024629556715
12404803-2818240,3495180308868905984, 2.6069892332208950, 7.2707080144313316, 1.9659577865723208, 3.7019623493369358, 0.7703542476935705,4.663718781210436
12405717-2825517,3495175361066571008, 6.4951167859936296, 7.7185757687332011, 5.7976256976051923, 7.1810216087946204, 0.6921305333191238,1.2234589827395723
12425131-4059588,6152011722004504448, 7.9196180081598957, 6.6718949149264493, 7.5815141153517382, 8.4548460424284606, 0.4851707558416369,-1.2477230932334464
12425449-0557274,3676967033054981632, 2.8661717908351001, 7.2831558212258152, 2.7199316227353125, 3.0654581798699234, 0.3228975378415867,4.416984030390714
12425928-1310011,3528912088658252672, 3.6161626844233399, 7.6790422207320956, 3.2233282330198305, 4.2170712717172627, 0.6712984287730225,4.062879536308754
12430728-1306202,3528918994965668608, 4.4721815998793506, 7.9668277769108942, 4.0149214106830735, 5.9470153557014900, 1.1639194081494586,3.4946461770315427
12432111-0559412,3676963219124023168,10.6518390589090508, 6.0946282801645744, 9.3049157758480767,11.9284145714529686, 1.3390372589240531,-4.557210778744476
12433569-0554433,3676969713114579200, 3.8001278391575601, 7.6807944312604874, 3.0691870249183260, 6.0966905306325012, 1.5120088512702266,3.8806665921029264
12434862-0559378,3676957137451069952, 2.6770479087075398, 6.1566398098471486, 2.6309055829896670, 3.8934917979985202, 0.6398628922860099,3.479591901139609
12440663-4059118,6152001723320820096, 4.5504650788710848, 6.5118502286899513, 4.1714112059271597, 4.8349508651443642, 0.3147601813220707,1.9613851498188666
12552621-4515306,6135195447575278336, 3.9818542609754450, 6.2213969733965646, 3.8340832124837529, 4.1027407893654226, 0.3628282999001668,2.23954271242112
12554972-3654292,6154597635914703488, 3.9513827376940100, 8.5142048624647551, 3.5057615700605091, 4.2972388466809335, 0.4041068647746577,4.5628221247707454
12555717-3656309,6154597361035784704, 4.2199117375496655, 8.0297277564133349, 2.7244697194734671, 4.6048589544045804, 0.8398496990443968,3.809816018863671
12555808-4514252,6135200429737359488, 7.2091049284459947, 7.4641942341007521, 6.1706785527120100, 7.9299363156330172, 0.8593129332341926,0.2550893056547583
12560941-3702476,6154593027413841792, 3.1639444014066900, 7.9184834286272716, 2.7749114941648512, 3.6699719988227471, 0.4575239013500212,4.754539027220581
12562440-4518045,6135196375288206848, 7.3997042575819645, 8.1868368370953082, 6.8490774186414409, 7.8828642210630626, 0.7152227391205551,0.7871325795133437
12574289-3508142,6155896571463121024, 7.6924600655188948, 7.7591730678352073, 7.2079997776102136, 8.3410801370855729, 0.5590173107920856,0.06671300231631072
12581771-3457598,6155906810665161600, 9.6903152837296602, 7.9024539116403956, 8.9528409898452246,10.7110022067563566, 0.8861318064291650,-1.7878613720892647
12582111-3511428,6155144814747483264,14.8436528286093008, 7.0507748029779496,13.2981940266122045,16.5145647763756180, 1.5364593604750156,-7.792878025631351
12583133-3450002,6155909387645573504, 5.1074769029530653, 6.7497732803350354, 4.4924832882868300, 5.6402580121888670, 0.5944493001795967,1.642296377381971
12594077-1159206,3622361128091293184, 5.0764444255320402, 7.9373431040895364, 4.5109346475237198, 6.3225023397688425, 0.8182955618455893,2.860898678557496
12594523-1202462,3622356382151831936, 3.6720547296473400, 7.2101448133272816, 3.1884933944134950, 4.4277592495282301, 0.6112940172443621,3.5380900836799416
12595675-1204507,3622355321295502976, 6.4392962032884000, 8.3400309573981914, 4.1859648365699798, 7.5202840338091743, 1.5197575776729200,1.9007347541097896
13000918-0554256,3677392853292472192, 2.8617178763546098, 7.8011065965190918, 2.6757459404294619, 3.1178067286678104, 0.3282354736934134,4.939388720164482
13002196-1500385,3524727759719928320, 4.5528366516856300, 5.5286287125099030, 4.0459934170074510, 5.3606043116713140, 0.8342927560492222,0.9757920608242729
13002511-1456053,3524731539291156096, 2.6908893985158100, 6.4744746574504930, 2.6660523320704712, 2.9284831924889367, 0.2670359656771804,3.783585258934683
13003863-0550165,3677394811797563264, 2.6745101146580201, 6.8150701892237517, 2.5857535685361697, 3.4635677877350570, 0.4595916191301030,4.140560074565732
13004020-4108286,6139469004455652608,10.1693953164112507, 7.2917855690729780, 7.8158373424225589,15.6668108740959795, 4.5604258025210598,-2.8776097473382727
13004529-2754441,6186905513785053568, 4.1450897259493598, 7.6392549463203299, 2.8533896019858034, 6.4695029885989150, 1.7652894851622429,3.494165220370972
13005275-4103058,6139475262223600640, 6.9953421629877752, 7.3521985057278574, 5.7330070440516163, 8.3496610821320694, 1.3972727846715889,0.35685634274008216
13011065-0554123,3677381308420397696, 4.5360488899558948, 8.0481098177521240, 3.8916390743274936, 5.4393039163881411, 0.7196717673811882,3.512060927796229
13011106-2803567,6186899565254824832, 4.7127586978635154, 7.4328600894916370, 2.6162393680841718,11.4910918102857913, 4.9194592559152710,2.7201013916281216
13011600-4101507,6139474192774485120, 4.0149751739184847, 7.8307611826348822, 2.7032957643039972, 5.4210695055652867, 1.4190178249835963,3.8157860087163966
13013051-4102446,6139473234999042560,10.3684057548117501, 8.1799098895285116, 7.0217945602905978,14.3415167425733312, 3.9292507904872922,-2.1884958652832402
13133606-4605171,6086314321702644224, 4.1022914166039248, 6.6413666711174244, 3.6951453421081930, 4.4453455597433429, 0.3973159368138133,2.5390752545134996
13140845-4601011,6087813196569276544,10.0358554168584000, 7.9193598924728823, 8.9703074593077670,11.4128968761923808, 1.2783375017183185,-2.1164955243855186
13142040-4604163,6087811925258946560, 4.4188779793703699, 8.5050714257838091, 3.7701574694340985, 5.4750799880355805, 0.8022148438692148,4.086193446413439
13143509-4101121,6137752430582444032, 9.5751059599041497, 7.6610267907950389, 8.7964421444392116,10.7584800391810518, 1.0429430703641127,-1.9140791691091081
13190941-3401095,6167542834847219968, 3.7774075245402301, 6.7243438699340690, 3.3642348764258969, 4.5669519741658000, 0.6393430217927887,2.9469363453938384
13191857-3105268,6181623489990473088,14.9705105190727004, 6.3384876931657006,12.5796076589915486,16.7055838097246117, 2.0024317971366088,-8.632022825907
13193097-3058344,6181628545166754432, 2.6918290468090200, 8.9089185175167671, 2.5780926174723038, 2.8544578999290962, 0.3287130229594452,6.217089470707747
13193188-2459141,6192987943390613376, 4.1867180341116246, 7.6864164934927466, 3.8992612402055999, 4.8745028336605518, 0.6221655019205822,3.499698459381121
13193852-0904185,3624888183768872576, 3.6848363488554550, 7.2274650395969733, 2.6406233673397259, 4.2605235233145233, 0.8794260536549372,3.542628690741517
13194837-3655533,6165671848309797760, 2.7007721847009902, 6.5922466234943320, 2.6530882913913407, 2.7474750464464170, 0.1888161470983945,3.8914744387933418
13194945-3057029,6181649332808473088, 5.5078555691681004, 6.0473931652910506, 4.7905777499002538, 6.0097049609367446, 0.6237694503793658,0.5395375961229503
13195206-3407377,6167355716007626112, 4.3919414380620658, 6.1181541794738266, 3.9783003495229838, 4.6133712797601065, 0.4643690154046513,1.7262127414117607
13195736-0857465,3624890795108995968, 2.6676970948548702, 6.8623144686042803, 2.6241456869841979, 2.7231505917594769, 0.2959221893531587,4.194617373749409
13195905-0503378,3634944660713820416, 3.4067870525598951, 7.2843107476469751, 2.7967903748912417, 5.4227375986678181, 1.6302300561901684,3.877523695087079
13200081-1307156,3609314632353578880, 3.9502554030984749, 8.4806846625232559, 2.7035157964734946, 4.1558416539992535, 0.6258293349699198,4.530429259424782
13200176-3110221,6181434928041082752, 2.9693979983587000, 5.0849689238754090, 2.3487231546048539, 3.8280054422809351, 0.7206474113075585,2.115570925516709
13200280-0500444,3635320934208647552, 3.0119157222988147, 6.5903390294155937, 2.6849128581483961, 4.1481949350654146, 1.0554179903014151,3.578423307116779
13200331-3705052,6165666625629523712, 5.0492839699266101, 6.5332865628104999, 4.4318411563101856, 5.5717424397099409, 0.5806342352681875,1.4840025928838907
13201402-0457203,3635321587043678464,16.5566745025091500, 6.0750955005495699,10.2888401290771565,26.6380035115439391,10.4360873481731833,-10.481579001959581
13201888-3656433,6165669202609941760, 2.7453279531378101, 6.9132204353845861, 2.5470352501914522, 3.8078304947318049, 0.5703357601744983,4.167892482246775
13201917-3103550,6181459873211141888, 4.6696387095569101, 5.8833307070601304, 4.4221636386182004, 5.1497915119257991, 0.4304195778917714,1.2136919975032194
13202367-1311157,3609310234307063680, 3.2037405769669101, 7.9520292251695777, 2.7119809292433699, 4.9369929709162976, 1.1223893244226812,4.748288648202667
13203768-3659326,6165668412335947392, 5.8880140651093704, 7.6489053720746059, 4.8461640340408723, 6.4246855686118147, 0.8037803450721144,1.7608913069652372
13274933-4107002,6161013526780887296, 4.8961624953281149, 6.2754007604321043, 3.5623578578515063, 6.8371266466583531, 1.7068101602452159,1.3792382651039903
13283218-4104593,6161002978341221632, 3.5964837693600651, 7.6544758065235090, 2.6673838573764503, 5.7366730644695121, 1.9718616888926364,4.057992037163444
13292839-4348325,6088458987852540160, 5.5909448957578798, 7.2112109130961990, 4.3374050313787027, 6.8515775248777535, 1.4862743057804932,1.6202660173383183
13300754-4356420,6087703279766438272, 4.2664625535930654, 9.6093161569169183, 2.7454725900204839, 8.3659204091515740, 2.6913278301717978,5.342853603323853
13390203-1003424,3617660028687563904, 2.6765875460686051, 6.4513394669815511, 2.6124165980500842, 2.7220300350531565, 0.0866384084560756,3.7747519209129465
13392818-1009161,3616904939077240576, 3.9554235778902047, 8.1200749629589204, 3.7365279421780833, 4.2810251060069593, 0.2980568773018097,4.164651385068716
13400081-3709392,6163507455373351424, 4.7500298121959998, 8.0429753227487346, 4.0688817186417134, 6.0679428671017410, 0.9310650177482896,3.2929455105527348
13401596-3702288,6163521478443716224, 9.9792896075818938, 7.7007416570448344, 8.6083353189482690,11.3856999273534765, 1.3819111736988721,-2.2785479505370585
13403621-3352383,6165308317981321472, 9.2776689684843099, 7.9476602362817683, 8.3568391466251910, 9.9041968632937305, 0.8300688023316278,-1.3300087322025398
13432852-4107000,6113118387961557248,13.4126255708046003, 6.2289702414236015,10.9745548035369715,16.1486404664534327, 2.5930161924880211,-7.183655329380999
13434779-4055331,6113215660378158848, 3.6790663807164350, 7.0823473046135792, 3.0974581844226106, 4.3689522610311426, 0.6351077234063502,3.403280923897144
13442295-4053534,6113216553731359360, 6.2192555578853455, 6.8400960529492547, 5.8696240012824061, 6.7174689340155647, 0.4914675005699201,0.6208404950639101
13444998-4100139,6112461498486113664, 4.7689420803912954, 7.3391561897764088, 4.0613945839789398, 5.3717681862011517, 0.6976544094531775,2.5702141093851134
13491503-2019437,6289125941588437504, 4.3222234561565847, 8.5516309054271353, 3.8722580349807210, 5.3936586763999710, 0.7708723110436639,4.229407449270549
13491984-2013099,6289133809968532864, 4.1271844085295601, 8.6997871366445416, 3.7574907449751271, 4.5656052860809080, 0.4025653256784424,4.5726027281149815
13495111-3408100,6170319380881038080, 4.2504168246349048, 6.4074527056366462, 4.0107736243965109, 4.8600129263074576, 0.5418771510900515,2.1570358810017414
13500887-1504438,6295984931344762880, 3.8225666270100298, 7.8048401649623340, 2.6545891104596082, 4.9252809585821957, 0.9569808893218136,3.982273537952304
13502782-1503316,6295986310029952000, 2.3442263304251401, 6.0973276270154360, 1.8753278519149803, 2.8295328961572901, 0.4748285576454676,3.753101296590296
13520211-0459429,3620883899859241216, 2.6926325674273102, 7.3318904821405138, 2.6260227416382973, 3.2267130112934632, 0.5184489339450570,4.639257914713205
13520238-0451102,3632901527591062272, 2.6738472623186551, 7.5565212921095393, 2.6253866297838782, 3.9381066655462633, 0.6016072494821287,4.882674029790884
13520663-0454391,3620891424641948288, 4.4251184238057100, 6.8840453958642724, 3.9441126370466120, 5.3000216246673029, 0.7663999273215965,2.4589269720585625
13593676-3701134,6120772015384075392, 7.1917156931784749, 7.8874729053258816, 5.8871210961005689, 8.0743571914243208, 1.1135923255246234,0.6957572121474076
13593795-4234437,6110306696213030784, 3.9746737755056749, 7.5984014214998652, 3.6301051571905041, 4.4817318376598516, 0.4857305387236204,3.6237276459941907
13594225-1000509,3615329991749590016, 5.3418959239582753, 6.6280177118784316, 3.9689153570588882, 6.6952558088427523, 1.4016686355900645,1.2861217879201563
13594285-2002007,6290465009312043392, 4.2720665289765050, 5.6516497325187709, 3.6504158250348171, 5.7272776453064118, 1.0689362603253734,1.379583203542265
13594578-1012095,3615314285054271872, 4.5813497713154447, 5.6123105281685000, 3.6591475753620260, 6.1604254889992394, 1.4619764945072895,1.0309607568530552
13595058-1454444,6301727272555459584, 5.6779205349269954, 6.5190116040593011, 5.2346365349143147, 6.0620020678414468, 0.4052641111527177,0.8410910691323057
13595236-4226041,6110404380948382848, 6.4928679906451396, 7.9662708016458748, 5.1592933640975653, 7.2164655966374784, 1.1069631994123730,1.473402811000736
13595344-3700148,6120772775594126464,11.1755642953599512, 7.9058035823178754, 9.5107943329422895,12.7922330512024924, 1.4247405595822551,-3.269760713042076
13595639-4054523,6110733031846719744, 5.0467512167030044, 8.7086110002195998, 4.3065233622590764, 5.6945920417664109, 0.6821910544682347,3.6618597835165954
13595733-2006085,6290452055690670592, 2.8548608928021850, 6.2442666541731731, 2.4288793777202642, 3.3300218799588701, 0.4926120774686076,3.3894057613709885
13595828-1959381,6290466692939433984, 6.9353856758595249, 8.5139519360585787, 5.0725850046584542, 8.6466122226010818, 1.6569724200183031,1.578566260199052
13595968-2802513,6177295198043328896, 7.7111395750369454, 5.6901592886944279, 6.9830896122636954, 8.7893432937506706, 0.8667620761878462,-2.0209802863425175
14000145-4221253,6110405819757118080, 4.0707239730935942, 6.5357031880924117, 3.9501353645379549, 4.3588897491699976, 0.2182494373570870,2.4649792149988183
14000592-4501373,6097122997738657024,10.8248360188169492, 8.2914198821223000, 9.9010127487609445,12.1439201528568486, 1.1291138306298147,-2.5334161366946475
14001148-2808318,6174285491120832128, 2.7241822091497001, 6.0601692093399482, 2.6822379730742263, 3.7578560445492188, 0.5538081290175310,3.335987000190248
14001434-3704144,6120760784045455232, 3.9876140778016351, 6.1553512478229964, 3.4455921947163737, 4.3478547165390040, 0.6541024518495491,2.1677371700213612
14001790-1507585,6301707618785086720, 3.0939586527442500, 8.0299444427856699, 2.7803095869824594, 4.6104244113181467, 0.8874961376679149,4.9359857900414195
14002072-4224182,6110403212717283840, 3.1570037412461400, 6.9598249977362947, 2.5599751326399161, 3.5982707345360905, 0.5320744914308302,3.8028212564901556
14002595-1003372,3615410943293083520, 4.2910668980783804, 7.1843490470370055, 3.4782755517776853, 5.4772918034937677, 1.1606736467434200,2.893282148958625
14002654-1951523,6290561869414236800, 5.0587950308263157, 5.9306525987640848, 4.0898804125464983, 6.7949869605112152, 1.4242219039171999,0.8718575679377691
14002672-0955306,3615426233376660224, 3.9703972829078849, 6.6160860618391020, 2.6854675467532685, 5.2775297931244092, 1.4220505930614582,2.645688778931217
14003132-1503544,6301709886527826176, 2.7133063193314451, 7.7365008075572366, 2.6450824814992084, 4.1460411899682494, 0.6877912907034208,5.023194488225791
14003318-4054310,6110732310292210048, 6.4287064556829847, 9.0640451257662740, 5.5853415608024592, 7.1639185780423640, 0.8632386536790961,2.6353386700832893
14003683-4454349,6097125196761902592, 7.6148034214568447, 7.4669178232745796, 7.2379090884860577, 8.0810407719611685, 0.3940508636283979,-0.147885598182266
14004265-2807521,6174290782520490368, 5.0225208383531053, 7.1861306209827731, 4.1363608292689751, 6.0843003976448680, 0.9748666228883244,2.1636097826296687
14004496-2759418,6177296194475747584, 4.6272062141325154, 7.3970877167985956, 4.0299678961773164, 5.7293337790817667, 0.8634914305020689,2.76988150266608
14091166-1458541,6301206000964604032, 6.5199948602837452, 6.6804029454404246, 6.0341645557462389, 6.9764430084693911, 0.5004178296528058,0.16040808515667937
14093609-3357485,6123776950598043264, 2.6682048933747602, 8.6936294573106334, 2.6058766758584402, 2.7617655446209586, 0.0901113311408780,6.025424563935873
14094810-1457096,6301207409713876864,14.2795476514210993, 5.4227834701045978,12.4452471788509431,16.5633826336516101, 1.9213080593624343,-8.856764181316501
14094913-2002540,6289898898262691840, 3.6137071135697751, 6.0104191708135781, 3.2374112891923659, 4.1962526740253248, 0.4652735249248646,2.396712057243802
14095086-1459039,6301206756878840576, 5.8947675950385445, 8.7767867331381861, 5.1692377123970958, 6.3351032165329748, 0.6662679986917288,2.8820191380996416
14095158-1957243,6289948238847004416, 3.7308445927483951, 6.0370885357768165, 3.1468652856816610, 4.4865477217512719, 0.7018131082563438,2.3062439430284214
14095201-3402401,6123772655630734464, 4.7240799153269357, 6.1548087287945350, 4.0445848836096667, 5.3664012969874149, 0.6592577303109393,1.4307288134675993
14095759-2005507,6289897798751053952, 5.4074164182101452, 6.6660508571545112, 4.6690417032839884, 5.9082859925537026, 0.7193745647933750,1.258634438944366
14103316-2000336,6289902982776674048, 2.6739691448478751, 7.6255382296281571, 2.6498119205180362, 3.0985856231937574, 0.4254781753345191,4.951569084780282
14104651-1500245,6301162054859212928, 4.0310681252184350, 8.5481885853583073, 2.7821189091433447, 4.3551503498657036, 0.7056442251531091,4.517120460139872
14181141-1002214,6328968703925717376, 4.6019646194431392, 7.0846369976980377, 4.0695491895463523, 5.3553443448426732, 0.6338450539258511,2.4826723782548985
14192778-1453491,6299510966351536256, 3.5588402096355347, 6.3718090026472725, 2.9828049234330707, 4.6980116693768590, 1.1480389639760136,2.8129687930117377
14193640-1958153,6283746787107723904, 3.9212489667899000, 5.9085683616636517, 3.7449430044111112, 4.2453618535470206, 0.3807055787486161,1.9873193948737518
14193742-1956038,6283748024058310656, 6.3417107287966052, 7.7338831493897331, 4.1137460588424979, 6.8253964208538234, 1.2055218503299077,1.3921724205931287
14193779-3403063,6122849100223545984, 4.0077171090024049, 6.1005943959420605, 3.4434673118117067, 4.9718265562397725, 0.6961575776234701,2.0928772869396557
14194727-3357576,6123225545516646912, 7.2572020909250092, 7.2982041840544012, 6.8485328328311601, 7.7734517832389827, 0.4559111697420683,0.04100209312939196
14195323-2754548,6269659706694608768, 4.7235526370029053, 5.6209129486158842, 4.1410458564472652, 5.5494473144305312, 0.6641089807769360,0.8973603116129798
14195459-0501014,3642416460700022528, 2.6566781778010347, 6.1216181244283199, 2.5768317394568911, 3.6797455184768251, 0.5230935255131133,3.464939946627285
14200272-4057197,6104011545464571136, 4.4271185303861547, 6.0338331955536564, 3.3728539104759951, 5.2195144839672079, 0.8607116932448304,1.6067146651675017
14200628-3351479,6123227950698916352, 2.9318927230204048, 6.8964867100073892, 2.7769870239560506, 3.0982066735426228, 0.1823413614402222,3.9645939869869844
14201577-3405323,6123211350648919552, 2.6699889488716599, 6.7856246477196809, 2.6382043655449867, 2.7135347945575159, 0.1687684105413252,4.1156356988480205
14201729-4103543,6104007181777706112, 6.4413418471018247, 7.7119227599221043, 5.6173720859816578, 7.1981705404327192, 0.9730518310266362,1.2705809128202796
14202044-3354255,6123226679388113792, 2.8702755344075950, 5.8320006012393408, 2.7435156389285691, 3.0750936084055072, 0.1790394110843647,2.9617250668317454
14202862-2803007,6269607823490093824, 2.5742368512048399, 7.2936372000660894, 2.1876111442121444, 3.2980375849885588, 0.5471065480851902,4.7194003488612495
14203613-3706092,6119266479031840896, 4.4008957554099002, 7.6280307380832575, 2.6591086741775181, 7.1182106908649256, 2.2715866726391210,3.2271349826733573
14204009-4052363,6104033020301098752, 6.9244396370338244, 7.1882126107921600, 6.3569723189907084, 7.5706020153582640, 0.5881741951263841,0.26377297375833564
14205733-2800422,6269630878874054912, 3.1335675148248550, 8.2827557744525659, 2.6733524209366784, 4.7227583146292833, 0.9411978231388618,5.14918825962771
14212296-4407366,6096655537798222208,20.6854152850252504, 7.4225551636486538,18.0938257091250385,22.8032950493865840, 2.7019844143807319,-13.262860121376594
14222634-4409588,6102472160467725824, 6.5902920004134851, 5.7590333426238818, 5.9160426486338569, 6.9252692169671173, 0.5557324843653216,-0.8312586577896033
14280308-0857396,6329296392750842240, 5.4910742403386994, 6.0101753335930539, 4.7669173649131524, 6.0064219965919676, 0.5618660454617587,0.5191010932543545
14281848-0906432,6329290585954847232, 3.0669696633587100, 7.3837096399030226, 2.5513909952916936, 3.7369159008389099, 0.5675870529875409,4.316739976544312
14295025-1959563,6283180779137712512, 4.1659284009859796, 7.4988060458686849, 3.7137830443128510, 4.4324289121467606, 0.4719081993123589,3.332877644882707
14302404-3407020,6120032976072048128, 3.9839967315928848, 6.7132378252178180, 3.3185737521350891, 4.6743972141715977, 0.6851090977461729,2.729241093624933
14303163-3354291,6120039710580676096, 4.3431674037082502, 5.5817443654761290, 3.0355526488955911, 4.8113142270901701, 0.8069583396849451,1.2385769617678797
14303380-1503375,6298943927589369728, 6.9339048551779747, 7.6912673610025193, 6.3286499875669335, 7.3875669661637362, 0.6272879120089923,0.7573625058245428
14390858-0958263,6325233869084708096, 2.7547618355407453, 6.8963732716916066, 2.6363196417211672, 2.9236705285831728, 0.2804696711629486,4.141611436150862
14391631-0458432,6338044725736298112,12.5437923455372005, 5.7157442609296956,10.9030688209419360,14.1823339145454757, 1.5501510038693382,-6.828048084607505
14391988-4107062,6104674654056774400, 9.1007992561580835, 5.3936528473506726, 8.4603572774160085,10.0062673898471441, 0.8576663349439968,-3.707146408807411
14392424-3652028,6106583612399431680, 4.8338038644299450, 7.7699351108632051, 3.9491978794814719, 5.4447271848604393, 0.7199201234056970,2.93613124643326
14392867-3353040,6215236355024945152, 3.5056503342838750, 6.8375949535212932, 2.7106190277509064, 4.2037239611708097, 0.7186094507700758,3.331944619237418
14393451-1512233,6286928636319873664, 4.0760117872537753, 7.6310121885043563, 2.8238998678869254, 5.6061640965322779, 1.3118044937666580,3.55500040125058
14393600-3703583,6106546297723440384, 3.2847205408091100, 8.0159694066308926, 2.9976675644228474, 3.5628950307041620, 0.4452910072653588,4.731248865821783
14393745-1002406,6326730648007396480, 6.1815235813099196, 8.0246939094742249, 4.5734910827937680, 7.2353485404922990, 1.2434561860657809,1.8431703281643053
14394012-3700202,6106546744400074624, 2.6675536413844649, 7.2666560163418561, 2.5839407432094728, 3.6415705999172649, 0.5102788375621318,4.599102374957392
14395149-3705536,6106545232571523200, 6.0757290123784253, 5.9991525341625547, 5.2212918077038575, 6.6446852301561936, 0.6849825631876312,-0.07657647821586977
14395236-0502311,6337993873323506432, 3.6948846145309799, 6.9978361957825719, 2.6856102143867631, 4.0924702288814547, 0.6368532684371185,3.302951581251592
14395670-3351442,6215235221153645824, 6.9951810796415046, 7.7822162537746831, 5.8564211588742277, 7.3952983398751728, 0.7820872173156236,0.7870351741331785
14395969-4056193,6104677574634724224, 3.9150888623227149, 7.7466161559029967, 3.3394981848644512, 4.5093270787136959, 0.6518609995954361,3.8315272935802804
14400001-4059303,6104677158016259712, 3.3086666650712750, 6.8126760274742537, 2.6830023026926439, 4.1240667595790361, 0.6426640488223816,3.5040093624029787
14400082-1508153,6286930732263929984, 4.5941609026414154, 8.2492017899354959, 4.3184133617546259, 4.8993308295754296, 0.4993420267740032,3.6550408872940796
14400146-1503280,6286932381531361792, 4.2158378110133246, 7.0722282508051286, 2.6963243900651586, 5.3138199590070094, 1.2616885268251543,2.856390439791804
14400215-1512141,6286741100867960064,14.3154310033924528, 7.2318534297160229,12.3355217780569717,16.8120593477686953, 2.1955793207601384,-7.083577573676429
14400304-1957418,6281682282228075904, 3.9989838335878498, 6.1347992412312564, 3.3195927633440121, 4.8564105883813893, 0.7573932351479231,2.1358154076434066
14400340-1954156,6281683347379969536, 5.4523235791023801, 8.2281386491004653, 4.8031178692584584, 5.8762323706258961, 0.5924980596550783,2.7758150699980852
14401778-3703594,6106566088932717184, 5.7771930563444247, 6.1928880931762045, 5.0758077806217008, 6.3971194756754066, 0.6444605289462386,0.4156950368317798
14402430-3402485,6215217457168672000, 4.4002317314081605, 8.2616711831933891, 3.7534565241508120, 5.6490112359388638, 0.8890546654790306,3.8614394517852286
14402515-1952081,6281684511314958720,10.0384534932424003, 6.5817569217133416, 9.2424149478269300,10.9295411723587694, 0.8959106490961185,-3.4566965715290587
14402595-0453388,6338005212037173888, 3.6968843354305050, 5.9461031913539344, 3.5051861713288042, 3.9358620402894351, 0.2207363308234214,2.2492188559234294
14403102-3353383,6215228108687618432, 3.1784410836013448, 6.9054717928023317, 2.7936554491842189, 4.6938423364461519, 0.8493313816081324,3.727030709200987
14404720-3401039,6215217010492774400, 8.7670870740646407, 6.8592721131591539, 7.9625012043551466, 9.4240488222573404, 0.7944837655554142,-1.9078149609054869
14405230-4006148,6104830956506863104,12.9793144533132008, 8.1853773307868014,11.3854101025337755,14.8038547697525598, 1.7541925306703581,-4.793937122526399
14405722-4004144,6104831437543224704, 7.4605475155273346, 5.3304904228752044, 6.8286307420204375, 8.1024208169387606, 0.5661728495112093,-2.1300570926521303
14412221-4009546,6104827073856351488, 7.6496467589301353, 5.9877279856465684, 7.0194693962051096, 8.2387853888302871, 0.6208058707980189,-1.661918773283566
14485342-1502318,6310071466299075200, 3.0499804894491152, 7.0488167497239678, 2.7616004206283389, 4.7200996392874632, 1.0587796467147608,3.9988362602748526
14490964-1508096,6310022675470576000, 9.7385665595412405, 8.7128743422685915, 8.3281257398753699,11.1257588122688311, 1.3310237223909092,-1.0256922172726508
14491281-1459233,6310073184285997056, 6.9060466509503300, 7.3475869577693516, 5.8449611329974420, 7.9495186052327371, 1.0801220791968702,0.4415403068190207
14494690-3404304,6203387914643405568, 7.4106780030782202, 8.2209950949173898, 7.1668101513326921, 7.7654776756711268, 0.3651308907759245,0.8103170918391669
14501335-1949005,6280761956636299520,20.7730860059066984, 8.0283090442027163,18.4669331426062158,22.6194863084637099, 2.3900779002876860,-12.744776961703979
14501834-3405480,6203384856626484480, 6.4339928841146952, 7.5793369733380089, 6.1001456016297819, 7.0017209384504824, 0.4784194491187551,1.1453440892233147
14502145-3358198,6203390285465209216, 3.3470416888535297, 6.4829921008156326, 2.8493208657055402, 4.0552269283648554, 0.6402997604991710,3.135950411962103
14503512-3353493,6203414062404189824, 9.0290059417141499, 7.1602977172239832, 8.1879070622075947, 9.9267936009107007, 1.0234845525636245,-1.868708224490165
14582064-4104055,6197043388957284096, 4.9063779819439750, 6.6888668272626850, 4.2892977296425574, 5.7341926581836891, 0.7608888473479506,1.78248884531871
14591141-1501347,6307237543797878656, 3.9611130506114351, 6.3531693742114008, 3.6666842564149009, 4.3956207095487114, 0.4180865739862759,2.3920563235999657
14592469-0459472,6334302812789369472, 2.9305471570149297, 6.7947978494294512, 2.7788354455132631, 3.0960030106897638, 0.1785098402029314,3.8642506924145215
14593328-3353124,6204151731628830592, 2.7871423085161000, 6.3824811124259826, 2.7076054660437125, 3.6085441487757399, 0.4914776146674983,3.5953388039098835
14593812-0729268,6332609152565788928, 4.5436314981316457, 6.3558696221091404, 3.4341634784652761, 5.0987479367293398, 0.7528020616191384,1.8122381239774947
14593850-3803131,6198674789332401536, 5.2497072015972650, 6.4399806039397092, 4.6508794558227899, 5.7195416113186308, 0.5803714976447297,1.1902734023424442
14594022-3656572,6199070304281058048, 4.0042125330150400, 6.8836738480211048, 2.7213877317973427, 4.5674595755420242, 0.9965228588305158,2.879461315006065
14594060-3703071,6199068586294118784, 6.0762553253421903, 6.7114069086395967, 5.4060258074690903, 6.5634595257460990, 0.8498730623171662,0.6351515832974064
14594070-4304237,5908601803493595520, 6.8757916196585551, 8.4700256486686332, 6.2069120789818024, 7.6327995128124666, 0.6608495250572138,1.594234029010078
14594076-0455148,6334310131413645056, 2.6942903072790703, 8.3491584850675125, 2.6634896480251200, 4.0615812569339100, 0.6668399217527172,5.654868177788442
14594118-1501184,6307257541165603456, 4.4457183613534550, 5.6882691057617683, 4.0233384399325463, 5.5482905266639957, 0.8551843085810524,1.2425507444083133
14594246-3954346,6197395129597762816, 5.9103345498175095, 7.4111711041785542, 4.2028208654261512, 8.4824598601920709, 2.2985727340599800,1.5008365543610438
14594946-1508115,6307185145196846720, 3.4180296775269552, 5.8857323139818156, 2.6978046447071069, 4.1279309203337453, 0.6632991664454621,2.4677026364548604
14595044-0736012,6332594309158800000, 4.0448461572131302, 6.2176707205905624, 3.8107898339202269, 4.8775281295483834, 0.6485535066701309,2.172824563377432
14595743-3609223,6199177575383883904,12.8546505111759508, 6.4540453539527816,11.2397751402443316,14.8254006261457167, 1.7622076153646702,-6.400605157223169
14595965-1502226,6307256510373445248, 2.7130883162460551, 5.7864179522720898, 2.6488785058547646, 2.7988563169297382, 0.0877781591286131,3.0733296360260347
14595971-1955054,6232953404354398592, 5.5849108979682605, 6.8676388067204313, 4.9402143768654074, 6.1478674319969553, 0.5793892771715482,1.2827279087521708
15000010-3657436,6199070750957659648, 6.7144953104034801, 7.6628358466073028, 6.4519415243163420, 7.0702677259522417, 0.3212564123081583,0.9483405362038226
15000375-4256118,5908608808578704896, 2.7744430840457346, 9.0773185882367180, 2.6299869154495235, 4.1912460079224285, 0.6679101694231961,6.302875504190983
15000418-3603304,6199184275533075840, 4.6472523782371944, 7.3285651367285025, 4.0563953444906478, 5.2422842858537102, 0.5623492489594843,2.681312758491309
15000619-0502359,6334304255898369408, 5.3797945176720443, 6.7947885361316489, 4.9264800888072369, 5.7480878516215084, 0.4041125537657545,1.4149940184596046
15000911-3354223,6204144997119303168, 3.4065455527295700, 6.3046186144190877, 2.7956027187919714, 4.4043097421509119, 0.7859626427463622,2.8980730616895176
15001254-3600418,6199184894008237184, 7.5328597016664149, 6.5390967789468162, 7.1165012074693683, 8.0781110774712417, 0.5770537533356754,-0.9937629227195997
15001687-3603376,6199184138093956608, 9.5214039874182461, 7.0392442083358961, 8.5937411217536006,10.4471765267443200, 0.9984114137441916,-2.48215977908235
15001916-3405441,6204133211728979584, 2.9491609032419497, 8.1380999569049273, 2.7721791350253691, 3.2404732295015739, 0.2194186474805406,5.188939053662978
15002395-4006037,6197377537411652992, 5.2321474411195252, 6.7008139861914193, 4.2666188493419224, 6.9128603442924126, 1.4233531421194876,1.468666545071894
15013785-0955557,6319979990210286976, 4.5632307492214350, 8.8201549080322295, 3.4141281931632386, 5.5762661184655062, 1.3487803619605592,4.2569241588107944
15020363-0959258,6319975729602722048, 3.4880605668817650, 8.1878419461667900, 2.5625592646475384, 4.2366105197384378, 1.0317862236304529,4.699781379285025
15050539-3955053,6197534595776214528, 5.0880629591343114, 7.7014860580084088, 4.2518379329961569, 5.6717870144637583, 0.6872174186429231,2.6134230988740974
15050864-4003413,6197521573434170752, 1.6417383810779400, 6.5549351410442611, 1.3213072866991555, 1.9103570158213039, 0.2975662378338342,4.913196759966321
15061513-4000422,6197524906328921728, 2.3968376136964853, 5.9182759220169885, 1.9114679139120940, 3.1734379909840795, 0.6195824945953554,3.521438308320503
15090533-3811192,6197779443272023552, 2.4777787240634699, 6.6091674535872968, 1.8083246165142512, 3.1232811096121780, 0.6828285796340728,4.131388729523827
15091334-4000170,6005383119074590720, 5.0522161853769800, 6.9772682621100603, 4.1674825672130869, 5.5012884753168594, 0.6447742332900537,1.9250520767330803
15092341-4251132,6003702584275128320, 6.2894830430229600, 7.3994805674541713, 5.4997823601152840, 7.0133975467906726, 0.8049078644844548,1.1099975244312112
15094184-4300153,6003697602113049728, 5.4422609333837855, 6.1591183916511989, 4.8432265198589048, 5.9402172868315901, 0.5437911362220386,0.7168574582674134
15094928-1500490,6307811523227384960, 4.2719677848136346, 6.4806425263220273, 3.7872779840324649, 4.7570452308638407, 0.5290209577346749,2.2086747415083927
15095834-3608176,6199731316928232704, 3.8135506196111399, 6.5720417346921183, 2.9967734972690998, 4.3484037189781768, 0.6724828891845813,2.7584911150809783
15100053-4000455,6005333915929232384, 2.6367184097341703, 6.9197225380711158, 2.6201668005924632, 2.6561999464162640, 0.0223719519385420,4.2830041283369455
15100279-4303589,6003649910794337408, 2.6326637463259401, 8.7743520617070576, 2.5823600123860104, 2.6880355032305605, 0.0579320181223869,6.141688315381117
15100401-1958450,6256021398823200768, 3.1477489303603603, 6.5962202683510851, 2.8611373656994363, 3.4096201696188984, 0.2397987220731551,3.448471337990725
15100740-3807111,6199278696095494784, 2.4313318743915451, 4.6790744562379878, 2.1145980154983981, 3.1509422308357555, 0.5664943363265444,2.247742581846443
15101216-0733567,6320762464532428800, 2.9573343555151599, 6.8202600677656422, 2.7203574226266016, 4.4796163209484874, 0.8318192340775928,3.8629257122504814
15101613-4003235,6005332850777623296, 6.9415247208424802, 5.3129278683142811, 6.6159239363431963, 7.3978889720558492, 0.3727129565539359,-1.628596852528199
15102064-0724145,6320792494943843584, 4.3558515380367764, 6.3889171203216639, 3.5798860784949040, 4.8308653526237109, 0.6462677523600173,2.0330655822848875
15102466-2002263,6256008994957702784, 4.7401604827503903, 7.9454649782934617, 3.8367154046895862, 5.2348203253531924, 0.6322020459990311,3.2053044955430705
15103077-3814143,6199229561669561472, 4.2877385546011393, 5.7399299749445118, 4.0796748721906617, 4.6386060410368870, 0.4763760250836557,1.4521914203433726
15103430-3807575,6199231176577309184, 4.0254534510248643, 7.4680255591917106, 3.4463957452881742, 4.9627471168624169, 1.2007917662539678,3.4425721081668463
15110104-0450438,6334875108591986304, 2.6712445378536951, 7.7260327491995318, 2.6103540169015278, 2.7274604586649680, 0.3708934457343376,5.054788211345837
15112342-4053448,6005093737054327680, 6.8670814188811251, 7.2498665802885549, 6.3902221322565689, 7.4959926129411176, 0.5744447822377168,0.3827851614074298
15165087-4130096,6004291716344425728, 4.1616449638350899, 5.2489960279287642, 3.1905170089389392, 5.1022619915736049, 0.9771113613836336,1.0873510640936743
15174505-4126151,6004295564635116160, 7.5391525101807204, 7.4399782772915026, 6.7851987360366124, 8.1644063482049241, 0.6748827261440647,-0.09917423288921778
15175238-4131283,6004292953294924672, 4.1352354861293446, 8.4792262412674528, 3.7914013866755840, 5.0890125126278418, 0.8130054151352205,4.343990755138108
15185811-0717177,6322148295860107648, 4.6616156324923654, 6.5887602195500277, 3.9648852377513601, 5.3246290391946038, 0.7182269027554816,1.9271445870576631
15192151-3956425,6005943698208291584, 7.3151325348816094, 7.1213641704753057, 6.8040540624610752, 7.7379377092874702, 0.4804314447371383,-0.19376836440630374
15192864-2004504,6256110046948541440, 5.2538726869218451, 7.5264706128037746, 4.6154652052520539, 5.9657750773309512, 0.6709180191391089,2.2725979258819295
15193281-4304212,6000889964814949504, 7.7756223688884054, 7.5339329972251541, 7.0617027561935872, 8.4676641333767915, 0.8622352299750977,-0.24168937166325133
15193892-4301506,6000891511003225344, 6.8737543877704148, 7.9823700552688877, 6.3676888359453194, 7.4075324822927771, 0.5191065208266015,1.108615667498472
15195184-0445220,6335075357147009408, 2.6835900009208098, 8.2921956593913038, 2.6440603271285990, 3.4329428456503570, 0.5024420983050891,5.608605658470492
15195563-4254557,6000898176792592512,13.5643605641040494, 7.1713382515801882,12.0601327483792993,15.7164247651102809, 1.7323526753577934,-6.393022312523859
15195707-0453341,6335047079082318976, 6.5073634216934702, 7.1494250545526787, 6.0085445892381220, 6.8944820858012843, 0.4847961338804792,0.6420616328592095
15200783-2004012,6253201495102562048, 2.7595186936068803, 5.5109426108686019, 2.6524995889496177, 2.8877407840249742, 0.1999712800969565,2.7514239172617216
15201347-1958132,6256206322935642880,10.6103495161561501, 7.1484419855054009, 9.2309901190583119,12.0049184914586409, 1.2629279170784236,-3.461907530650749
15230726-4221416,6001015377858328192, 5.5113111594826254, 8.4152867008427954, 5.0312314897902217, 6.1541732244080052, 0.6435315028086105,2.90397554136017
15231484-4208158,6001027850443574272, 3.2149430139259549, 8.3436332661940682, 2.6411248529453859, 3.8926743820915179, 0.6516281288830281,5.128690252268111
15234823-4219531,6000973905652750208, 7.2859957479416000, 7.3397293961343406, 6.6623348876416628, 7.7886811586504487, 0.5158753112872584,0.05373364819273885
15280213-3753068,6006641093514539648, 9.7119987177517437, 7.7306736515827916, 8.7941245627602278,10.9076342356954115, 1.1215941063082078,-1.981325066168953
15281592-3801504,6006568873643321472, 2.7373694376199800, 6.4989556058783533, 2.6758718985535341, 2.8512909366959254, 0.1034691065659479,3.7615861682583724
15283900-3753375,6006593509576496128, 4.5610624350414852, 7.4658305001545191, 3.8586273062198528, 5.3726177531267094, 0.7152166096827218,2.904768065113033
15284564-3801227,6006589283328281728, 5.1931946091056549, 6.6432347887882557, 4.3030627178727503, 5.6236168260377370, 0.6661669660125479,1.4500401796826008
15290709-4250228,6002201441671357696,10.6341840911033998, 7.1670768129899054, 9.3218040795905459,12.2201112234285638, 1.4138722891825686,-3.4671072781134944
15290971-4255270,6002187697775271296, 3.1469674373055052, 6.8985262912765366, 2.4953569988117201, 3.9172122602128407, 0.7042678207827342,3.751558853971032
15292303-0956069,6317494544176318464, 6.6537201098573853, 8.1997619233874417, 4.8033535472406763, 7.1542138714411623, 1.1874462569685551,1.5460418135300573
15292535-0457112,4401355873601381760, 7.3797914246150853, 7.1885167436514772, 6.7599516660811956, 7.8365030135531368, 0.5956764945832029,-0.19127468096360722
15293127-0956306,6317494299361583872, 2.6868986984836951, 7.6887478393657371, 2.6532321575957507, 3.9714276405796598, 0.6449457281104680,5.001849140882043
15293494-4033479,6003087407519309184, 2.6761040168588650, 7.3549978682112389, 2.6415119735500801, 3.7146159616966248, 0.5095945079732357,4.678893851352375
15293893-1008247,6317486572717004672, 3.9740598969795848, 7.6495174728053321, 3.7254096383458482, 4.3684777319521872, 0.5069335158840496,3.6754575758257464
15294192-0954540,6317588277542544000, 4.0058891836910604, 8.3106572865429449, 2.6950828703179401, 4.5084372972202669, 0.7582016486595432,4.3047681028518845
15294304-4257578,6002185395672889984, 2.6877607104543149, 7.3526703948261414, 2.6268996746089952, 2.7466773394503790, 0.0704240686793014,4.664909684371826
15294968-0505008,4401306739175479808, 5.1964074738098205, 7.5441744753510127, 4.1616771713406298, 6.4976661469858099, 0.9976198645764492,2.3477670015411904
15295087-4131505,6002414231533440256, 2.9242578682467650, 8.3468003346276856, 2.6425470736045660, 3.3729809897255505, 0.6920907184383380,5.422542466380921
15295225-4140472,6002412204311003392, 4.7409753289338301, 8.5397357350246850, 3.9041022886615178, 5.6410651154558895, 0.7607456792469511,3.798760406090855
15295538-4253508,6002209069534265728, 5.8473670146072543, 6.1260918325837785, 5.5387289259238486, 6.1955555067048866, 0.3581519658619733,0.27872481797652426
15295745-1000533,6317489935674812032, 7.2294603757019704, 7.9173576315949630, 6.7098851183379677, 7.9218974024998330, 0.5909032896885785,0.6878972558929934
15300744-1519526,6264919608992929664, 6.4123789455980447, 7.2509582669261867, 6.0484810244829772, 6.7252200998198131, 0.4102248759665750,0.8385793213281412
15301219-4133103,6002436599723820160, 7.8394698960070652, 6.7231025989003319, 7.3659444174272259, 8.2348714970199453, 0.4503697425293362,-1.1163672971067333
15301469-1531153,6264911912411475968, 4.5337565611748847, 7.5285940351624241, 4.0920461189916812, 5.1112265300702546, 0.5429360759554849,2.9948374739875394
15301492-0456075,4401309831551949312, 2.6746411100505401, 8.7128357545056989, 2.6371341858369850, 3.4311091696291363, 0.4695133027121295,6.038194644455158
15302090-4255385,6002208244899694208, 5.4560370651742556, 6.9531882431110281, 4.8258494190805941, 5.8933709151998608, 0.5528663184015365,1.4971511779367725
15302260-1535445,6264876143923803776, 3.8446532499370498, 7.3020087865121521, 3.0994170938657351, 4.6317876656373302, 0.7354236457142969,3.4573555365751023
15304714-1530530,6264901810648373248, 3.8254774953646749, 7.3279729118797237, 3.1493095806119635, 4.5580119212210830, 0.6874944408554320,3.5024954165150484
15384243-6831094,5820260098664209408, 4.2431823067180048, 6.4355875098113460, 3.5178477856776849, 4.9356943280686485, 0.6928907026341959,2.192405203093341
15391762-0503120,4400712006464291328, 2.6631253159298551, 7.2925687686796206, 2.5758008476144925, 2.8562065835628649, 0.3394196215615181,4.629443452749763
15392797-0500507,4400712556220105984, 3.0226547863852100, 6.3896506084154874, 2.3901008380986091, 3.4809257827978173, 0.5619096728631403,3.3669958220302783
15393624-0509406,4400692696291312000, 3.5368640348604949, 7.4923934156792926, 2.8197359668334787, 4.3956177391150870, 0.7554496230259288,3.9555293808187977
15394735-0735518,4396748748082868864, 2.6698979506511851, 6.5818415836550841, 2.6365628214278449, 2.7041669015001850, 0.0364708432570820,3.9119436330038995
15394951-0504082,4400699465159776896, 5.5273400776085406, 7.0474414147192430, 5.0652549659068624, 5.9089550730468172, 0.4364805902474343,1.5201013371107024
15395687-0742592,4396699819815281920, 6.1669714018222850, 8.5117752707217207, 3.1435386342317826, 7.3148364694485526, 1.7508681967026964,2.3448038688994357
15400245-2001093,6253871677496305792, 3.7656968588831501, 8.5885204578969940, 3.5478181286167718, 4.0441412346719048, 0.2619555244205523,4.8228235990138435
15403351-1522455,6265082061834908544, 4.7381303377882844, 7.9658686950689130, 4.0227090726154584, 5.1894677428934566, 0.5456842183391556,3.2277383572806295
15493537-0738330,4396175662010035072, 5.2720646897594303, 6.1741439820969548, 4.4791163081252998, 5.9491492408644540, 0.7157606704296371,0.9020792923375245
15494163-1353569,6263887133215009280, 2.7704075080546651, 7.7978269152993063, 2.6849534638731707, 2.8829018120476162, 0.4249506956804484,5.027419407244641
15500759-1408016,6263825182606667392, 3.9798308190905751, 6.5028051715118513, 2.8507732749387253, 4.1724076135314281, 0.5752049843244768,2.522974352421276
15501298-1952192,6247742454227877120, 5.2133713834908253, 6.6875922545321904, 4.4611868082995807, 5.9505351874594963, 0.7726824620754608,1.474220871041366
15503936-1954204,6247730943715478144, 4.3285097103152204, 5.6416097672735450, 3.9281063784533310, 4.5737525430530166, 0.4844002291268060,1.3131000569583247
15504495-1941312,6247751555257397120, 2.6789553510519450, 8.1205617720928203, 2.5996135403628990, 2.7510667271542752, 0.0961434983869910,5.441606421040873
15532925-4059522,5996261467540688256, 4.4490362388885458, 6.8905415868974602, 2.3953564438071688, 6.2384143021026457, 1.7514065191109898,2.4415053480089144
15534012-4055304,5996262120375860480,10.3069573430855996, 6.1750951130453462, 7.7523116558014431,14.7471527170014873, 3.5979768782841810,-4.131862230040254
15535027-4105272,5996072351546660736, 5.9215430610166200, 7.6959917110404330, 3.8671346935250006, 7.2939823670924655, 1.8887299718380923,1.774448650023814
15540366-4052141,5996076440355884800, 6.2272945577829653, 7.3623833584954532, 4.8857218125132453, 7.8221480837950423, 1.6988071353209169,1.1350888007124889
15543510-6628525,5822358825851903744, 2.1527482561635050, 6.6982620185616426, 1.6151339150543336, 2.6107854317950152, 0.4761655419947916,4.545513762398137
15595894-0037030,4409678283273049472, 5.1064133349931158, 6.3137961311144970, 4.4326511309818502, 5.7134428382937203, 0.6400050865696402,1.2073827961213812
16000440-0733541,4349642337057651072, 5.4424636437740501, 8.6705959065444134, 4.6469311582413706, 6.1134796553445003, 0.6802039272788754,3.228132262770364
16002794-0025237,4409690446620437888, 2.7663699207065848, 6.2759570419359090, 2.2699996690635320, 3.5711982826099620, 0.6034408125922361,3.509587121229324
16004631-0729512,4349479368818595840, 5.8788133800795492, 6.2384555118226910, 4.8324432504310586, 7.1157953130964229, 1.0895265279683344,0.35964213174314175
16201770-6458390,5827996807916988416,11.4183862680351496, 7.4607994350842839,10.1643516786670265,13.0543132338498005, 1.4092555035346324,-3.957586832950863
16402872-6506382,5816149952400394752,12.2936712176134506, 8.2356178911423861,11.5214672914205671,13.5169676712533846, 1.0850365326655469,-4.0580533264710645
16404474-6501320,5816151773466448896, 3.2981387849798049, 6.7879939940777287, 2.7789151973932067, 4.3023772951991415, 0.6655525640493806,3.489855209097924
16411870-6507290,5816150433436606464, 3.8043098361427301, 7.2648064668048562, 3.1243088077364218, 4.5065123653316412, 0.7337912917317250,3.4604966306621265
16584511-6500496,5816770661072927872, 9.1965591436434000, 5.7041412230537354, 8.7347813396607972, 9.7540995880916341, 0.5408072851039404,-3.4924179205896637
16595936-0507280,4365276808287384576,15.6568174539102003, 7.7160311170205524,10.6923483044828682,22.5340360583322585, 5.5450305025510600,-7.940786336889648
17001366-0511474,4365272375881036800, 4.3378979522890297, 7.9526070851001762, 2.6647965609440414, 6.2481364116910871, 2.7850290835878204,3.6147091328111465
17001603-6510489,5816752622209823104, 4.3558780769138314, 6.5649081510681127, 3.5431624908428119, 4.6613716915359822, 0.6321329164508678,2.2090300741542803
17015892-6501540,5816714723417047424, 5.1569540051776297, 8.2867953393400100, 4.7068512838045287, 5.6504720379307889, 0.4895135414803608,3.1298413341623803
17182255-6453292,5813961305775769984, 3.3465228918586902, 7.8667910438595197, 3.0315064289738203, 3.6996125820496539, 0.3205302721711104,4.5202681520008285
17190342-6504507,5813579637803497216, 4.2184307697230050, 8.0131069193094344, 3.4527048848379760, 5.0164179316497854, 0.7819452952186369,3.7946761495864294
17193238-6457274,5813957045168082304, 7.4800776795337747, 5.3899837413532001, 6.9477665725849107, 8.0290517242650772, 0.5518837154720736,-2.0900939381805745
17194293-6001351,5915548754174283904, 5.2216063575738900, 7.4140407827362598, 4.7663560977101902, 5.6887504134293438, 0.5118368668411949,2.192434425162369
17194741-6458595,5813956220534329984, 8.5546086369742262, 7.2336282673685535, 8.2207935599374817, 9.0480780440814907, 0.4936268106913334,-1.3209803696056728
17194744-6504160,5813953849712329728, 5.3967615248852354, 7.0944083773109750, 4.7219554733360267, 5.9859432040513498, 0.7087242177293122,1.6976468524257395
17200935-5951268,5915557279698048000, 5.5844370762398654, 6.9086042144153224, 4.9756059728640549, 6.1085636314329266, 0.5652966325736091,1.324167138175456
17345383-4300502,5958846422565813376, 6.7889788499734696, 6.8363767476810358, 6.4686028183221156, 7.3087046192585916, 0.4377950532334476,0.047397897707566194
17390151-6835022,5810715719247698944, 6.3936531411434405, 6.9495713650294615, 5.9206656377858220, 6.8203241427803860, 0.4646614771371120,0.555918223886021
17390751-5951521,5912693395504463744, 6.3618228621261856, 7.1227279766504488, 5.6873458478210921, 6.9673133633667153, 0.6358604630390406,0.7609051145242631
17392549-6002314,5912684805569587072, 7.2205729054379351, 6.8299526274878328, 6.8914949316859211, 7.8391003826175334, 0.4827809252415793,-0.39062027795010135
17394494-5458354,5921217668637794816, 3.9572443027562150, 5.6824492000679632, 3.7453163447393578, 4.0737715381884660, 0.4267515153887826,1.7252048973117478
17395359-5955026,5912692158553840000, 4.3076538398855151, 7.8590256459268755, 3.8871080564670337, 5.1365553576106038, 0.8232409759544645,3.5513718060413604
17395755-6456005,5909098817107986688, 5.4148492502642895, 7.1892456315908815, 4.5440103186923562, 5.8110118939513731, 0.6810330178761850,1.774396381326592
17395992-6449508,5909105414178056448, 7.6462727165314401, 7.7859111496170588, 7.2890823537659593, 8.1127574633619481, 0.4093179029217219,0.13963843308561863
17401017-5454078,5921216878363812736, 5.8017983364110650, 7.4334098127728296, 5.0277553164172266, 6.3418409636945539, 0.7476664499782346,1.6316114763617637
17401097-6835222,5810735647896420480, 2.0613254906764600, 5.8119438899984823, 1.5448888657223421, 2.8126424212396093, 0.5692761497592520,3.7506183993220215
17404294-6827557,5810738121797594240, 4.1901630125970097, 6.8556499010213336, 3.8710457934064961, 4.6196924600479070, 0.6512076382850978,2.665486888424324
17405509-6453139,5909101325369159296, 9.0879817287580558, 7.3872879764279897, 8.6621208209107046,10.1079208352464480, 0.7010027303814756,-1.7006937523300687
17541607-4108081,5957029793200936448,10.1422601416728995, 7.1782219840905261, 9.4171210597818096,11.1909689536369434, 1.0551412924496260,-2.9640381575823733
17550136-4136119,5956998594556601984, 5.2816495362066203, 7.2275411299595671, 4.5409350568762044, 5.8237770314459247, 0.6532454876786671,1.945891593752946
17583518-4218175,5956722239163348608, 4.3154796128315596, 6.5068624742632553, 3.6737975740577271, 5.1938792376966054, 0.7388727219000466,2.1913828614316957
17592371-4455019,5954510674583229056, 2.6704749154606047, 8.0737089060319143, 2.6400521236461638, 3.8095239890938566, 0.5051398795462805,5.40323399057131
17593198-6501381,5908908395437707392,13.0172362879844492, 7.7610077840116887,11.3760491835429001,14.5713649624545951, 1.5896152606402238,-5.25622850397276
18000322-5451474,6653241964594450176, 7.4562196548472350, 6.8379245242412789, 6.9611208088930994, 7.7770204075012082, 0.4520416057870797,-0.6182951306059561
18001418-4501434,6720870794537656960, 3.9211595835308199, 6.0586315750483788, 3.0166777616870211, 4.0433927960040696, 0.4813266444116713,2.137471991517559
18002704-5955164,6647387988588272768, 6.4126973378901209, 5.5997563934397832, 5.8592533261666304, 7.0151346604935627, 0.5988605929384270,-0.8129409444503377
18003772-5450187,6653242273832344576, 4.7711778785056751, 5.8166125437355563, 4.1522076984323402, 5.3350512492734898, 0.6060224746183890,1.0454346652298812
18010063-6453437,6629674551328244480, 4.3020272551890546, 7.0683223782002722, 2.8175637438098020, 4.8468702509714898, 0.9195921550095012,2.7662951230112167
18010557-5449112,6653232034630354304, 8.6558856954680206, 7.7854193740621973, 8.1189021305975544, 9.1433906929836457, 0.5139674754593930,-0.8704663214058224
18011787-6500528,6629669088131528832, 4.5405944276897792, 7.0568079211832666, 3.1734777809788404, 6.2135746038376256, 1.2710195987186523,2.5162134934934874
18050404-2734549,4062936777475256576, 7.2571169946114953, 6.5148658763736513, 6.8103271248571566, 7.6280974520195288, 0.4411622724659927,-0.7422511182378431
18065440-3116597,4049115843198554752, 6.6306045917869447, 6.7382001751498759, 6.1006036990706152, 7.1172073503434792, 0.5708015902266776,0.10759558336293118
18081971-3115067,4049125120323618688, 8.0340385507279493, 6.4910109524190345, 7.5413860089044071, 8.6903811952033045, 0.5712390432507670,-1.5430275983089148
18112883-4503493,6720683602676166144, 8.4715884341234151, 7.2703059480327044, 7.9549228690488274, 9.1619421218067458, 0.7297784978012978,-1.2012824860907108
18124216-4230514,6724532511852023424, 5.9619003942764452, 7.0549757692932387, 5.4944250610245708, 6.4632448901248587, 0.4957809317065092,1.0930753750167952
18130320-4238002,6724521241857484928, 4.7895159332489250, 6.3013628799002728, 4.0810843430636679, 5.3571463570111453, 0.6591347133341261,1.5118469466513478
18160963-4230566,6724499629580923776, 6.3393773537250304, 7.0736601471459517, 5.7697662569081816, 6.9689178625515673, 0.5644280898971469,0.7342827934209213
18164618-4237510,6724483819785464192, 6.7430469929796351, 7.3712984815682958, 5.8423764346762681, 7.4332594081793824, 1.1492152896419994,0.628251488588659
18170175-4231308,6724485542088371968, 3.9631253830093134, 7.6250617799959102, 3.0019206658809452, 5.0315464223230144, 0.8448706133967613,3.661936396986597
18174287-4230245,6724578691339345024, 4.8932401123971250, 5.8913110913123488, 4.0756032106828481, 5.4660360155554883, 0.7348132958071949,0.9980709789152238
18174703-4459170,6720262111761965568, 2.8864899858223700, 5.5876613875754160, 2.7215892586392982, 3.1780654819873915, 0.3656849324890933,2.701171401753046
18190495-4503583,6720152843483772288, 8.1598312142342095, 7.3291102094285074, 7.6275826695629192, 8.6905570258720477, 0.5220297990933950,-0.8307210048057021
18193806-4704542,6707697408268960896, 5.1542748336574657, 8.7989695346107766, 3.9202268837685810, 5.8512453005584604, 0.9275043983652380,3.644694700953311
18195755-4703269,6707697305189712384, 7.6330630229404548, 6.1876948667601432, 7.0728325237384171, 8.0757533865906908, 0.5214353644995917,-1.4453681561803116
18200505-6513540,6437314373572645120, 7.1331399047960451, 6.9450534725260296, 6.6768967582679757, 7.6249547583774628, 0.4822262022403368,-0.18808643227001554
18203141-4656232,6707715859448425088, 5.2385440159927752, 6.4645439886700267, 4.6179938436588888, 5.7634167538918142, 0.5711039341388130,1.2259999726772515
18211719-6504407,6437703257092065280, 7.3670717555214651, 6.2409651551675234, 6.7818235281579291, 7.7801157469957172, 0.4917505647007626,-1.1261066003539426
18212877-6455517,6437708033095707648, 6.8512612248810445, 8.0606041762021761, 5.6880775529204524, 7.4875769805316992, 0.9902329741803508,1.2093429513211316
18221453-2934327,4051015631917762560,15.2493446126243004, 6.7868002335243141,13.6273985962218358,17.4319901025135842, 2.1405948038629932,-8.462544379099988
18250786-2440060,4077199637911441792, 7.9166743765861245, 6.9491660532077990, 7.4475418124209813, 8.3384062514983430, 0.4573114379625619,-0.9675083233783255
18295014-4500586,6709565890841630336, 5.8191238974167945, 4.8793826266788152, 5.4072545731994808, 6.1304499983570215, 0.4105992778377753,-0.9397412707379793
18295271-4216198,6722902554571183360, 9.9465494003936143, 7.2868909164114735, 8.9923704063592123,11.2862595627372961, 1.2021393258813502,-2.659658483982141
18301967-4222504,6722147568040935296, 5.6754788396432954, 6.7004451424025318, 5.1522251225423403, 6.2177826851253490, 0.5346570485778750,1.0249663027592355
18303203-4234446,6722130010214539776, 3.6038060915606351, 6.4042964867037950, 2.6034006671349950, 4.4138074330197403, 0.8639750357721304,2.80049039514316
18303899-4505302,6709467003512720384, 2.7815962661624702, 6.2945993082283813, 2.0032864873904082, 3.5792539719578409, 0.7539298577325128,3.51300304206591
18304459-4501217,6709468137375915008, 2.9182911370483646, 6.7437608399714977, 2.7482604531759507, 3.1725585030074410, 0.1991553078337140,3.825469702923133
18351350-2713216,4072758435568985088, 6.3301083606880750, 7.9042409525172692, 5.8863072632880824, 6.9738015124612778, 0.6011498045567688,1.5741325918291942
18355860-2703060,4072785201805159424,13.2516873107890500, 7.5465472703829413,11.9641869156545759,15.1045202809600223, 1.8573931381022744,-5.70514004040611
18384234-3503196,6733946289891869056, 4.0527687994367643, 5.9188033215623879, 3.1816663964155070, 4.5495985195733200, 0.6932869774723621,1.8660345221256236
18393770-4659564,6705592118374757248, 3.9721438704824497, 6.8006913328240364, 2.9298019311225123, 4.3510786615204697, 0.6586684716484066,2.8285474623415867
18394615-4704029,6705588029565875072, 3.4902262944102702, 5.7077552919813979, 3.1120345226635164, 4.1048805321227499, 0.4831691868712031,2.2175289975711276
18394828-4237354,6722232161711590656,12.8741361120366502, 5.9656522917023196,11.1635106320310644,14.5671813191298281, 1.9400464001998217,-6.908483820334331
18394930-4226474,6722237861126778880, 7.4580755129729202, 6.3567757564382141, 7.0624024954517219, 7.9697444167117393, 0.4967850409696833,-1.101299756534706
18401681-4456473,6709012905208702464, 4.6097594926870347, 6.5680911051435764, 3.7554272032123599, 5.1730277702381464, 0.6905336698675031,1.9583316124565417
18402197-4225077,6722331186477117952, 3.2854764096263400, 5.8002873860267208, 2.5113297841723545, 3.7549205086890369, 0.6546085047251087,2.5148109764003808
18402671-4239313,6710312665390978048, 4.8184625777756649, 7.7487581526261797, 4.4904833692074169, 5.6152087651395446, 0.7621046425900448,2.930295574850514
18404095-4700085,6705402143382136960, 7.1827378520542853, 8.4892726836809853, 6.1300428217477316, 7.7355503375386077, 1.0516516525172452,1.306534831626701
18410219-4456360,6709006308138816000,10.7328393940347002, 6.5493701670423903, 9.9325256951007663,12.1065406259769599, 1.1022328072086531,-4.18346922699231
18410627-4225459,6722329017517274240, 4.3873660977476314, 6.4057070047347588, 3.5827768188792848, 5.0615615053195935, 0.7137159437915993,2.0183409069871265
18411816-4233590,6710314658256738176, 5.3854651099740654, 8.1837010723214885, 4.4771106896818660, 6.3059867111701138, 0.8538345347764863,2.798235962347423
18494153-4233016,6716049947126023808, 7.5294629697374686, 7.0636539807068894, 7.2781290788618112, 7.8629710177375864, 0.3514651536116925,-0.4658089890305792
18500156-4237406,6716042701519004032, 4.6858717103247152, 5.6652399757469141, 3.8466652035059932, 5.4600527082394796, 0.7304905105127603,0.979368265422198
18591556-4501360,6711675952431103872, 2.6744680907243952, 7.5036370954588678, 2.6525962185443963, 2.8189195001555563, 0.3259023061648586,4.829169004734472
18592041-4700124,6662477381229575936, 7.2064266507434507, 6.3706301281119044, 6.7405442124333481, 7.5524872767068167, 0.4989761672902004,-0.8357965226315454
18595128-6459005,6438091762652330368, 4.6273125452575048, 5.9989761544028344, 3.8283301392776479, 5.7547012907477972, 1.0195751118268790,1.3716636091453287
19000496-6505517,6438078499793282560, 4.7436431977383098, 8.3667599293808959, 4.0538141807628412, 5.2251105063344081, 0.6116449323768631,3.623116731642586
19000591-4459398,6711301641737385856, 8.9885161999730094, 6.7259058146903499, 8.6006687104556434, 9.6845422029983119, 0.6195788940500692,-2.2626103852826596
19000611-4508155,6710921691750707968, 7.2532634458483649, 6.9224071472686219, 6.8052218355174441, 7.6367695086582499, 0.4363066922637865,-0.33085629857974475
19001347-6503116,6438079427506219904, 3.2646314840104962, 5.6522422958740961, 2.5853259928323595, 3.8383551376272775, 0.6349446452125984,2.3876108118636
19002549-6454516,6438093137041846912, 3.3908929328240700, 8.7628482567487733, 3.0433092434252158, 4.1556098070488972, 0.9332653616897912,5.371955323924704
19004208-4508180,6711284595012499968, 5.2552467253997897, 6.8536079036968349, 4.5944813757890550, 5.7116570411069754, 0.6027192207077936,1.5983611782970444
19011312-6509021,6435072091405212672, 5.1952529143036452, 7.1656346933567523, 4.4630194741991538, 5.8897234270555447, 0.7254557172746628,1.970381779053107
19191967-4705272,6663188971411924736, 4.1786305390662157, 5.4380378236777540, 3.1270038872946166, 4.8677975883814097, 0.8041089370772366,1.2594072846115383
19192192-4705166,6663188937052185344, 7.3927483197291801, 7.5016013822382464, 7.0098189508349007, 7.8240688841703276, 0.3983342695344931,0.10885306250906535
19195390-4655126,6663207903627767424, 4.9746594244167301, 5.5437263128944529, 3.9399249605752495, 6.0811552740878110, 0.9976036589798636,0.5690668884777237
19200495-4706144,6663191101715645184, 4.0179746919526345, 5.8465489389522611, 3.8012521196609810, 4.3903370469160734, 0.4263496393359062,1.8285742469996267
19204189-4705207,6663143753996138880, 2.3524889312084296, 5.1614519702060679, 1.8346703061630063, 2.8859958804402361, 0.4943841372027820,2.8089630389976383
19395820-4658589,6659674416851218560, 3.4079065516620402, 7.3351314755375094, 2.5353633927855204, 3.8689722152257513, 0.7085117286560376,3.9272249238754684
19401605-2005532,6868496139102225408, 8.9901670964772205, 7.4517846276501629, 8.4935636940620398, 9.5452816398060421, 0.5755150859333296,-1.5383824688270558
19404042-2005207,6868494592913953152, 6.5382771668583652, 7.4502096804103326, 6.1906650528268887, 7.0418195745614929, 0.4629358673387160,0.9119325135519674
20024226-4535361,6673493315210065024, 7.2936596598383154, 8.0581446545523860, 6.2140285237573369, 7.9990228145021316, 0.9165684083313516,0.7644849947140706
20024435-4542464,6673304444024735616, 2.6719374927864203, 8.7973155264091911, 2.6169781685075235, 2.7374557325478523, 0.0687020733672083,6.125378033622771
20025919-6001270,6443786442608059776, 4.0906456512129949, 7.1991079163457892, 3.2817843117483889, 4.3098191791233864, 0.5343466874607778,3.108462265132795
20030737-6006355,6443782182000498944, 8.2630827361025538, 5.3283056673068234, 6.5812879479453548, 9.7502339984124564, 1.4010902089413853,-2.9347770687957295
20031913-4540048,6673309907223083136, 4.1542684698586347, 8.2163712844427987, 2.6691750050073222, 6.1453385800743252, 1.4185223753569891,4.062102814584164
20032866-5958269,6443787370321032064, 6.8588962779750551, 8.5262715132008413, 6.4288658505991041, 7.1328364802970370, 0.4352427040217939,1.6673752352257862
20034327-6012211,6443733666049680512, 7.2690620240464101, 8.2706707313599175, 6.9190303264121722, 7.5973989403193931, 0.3759532935492396,1.0016087073135083
20035849-6000222,6443784514165729664, 3.4057316230842098, 5.3864896294996614, 3.2364412851817841, 3.6646118678985991, 0.2111678785105793,1.980758006415451
20042853-6008292,6443735006079712000, 2.8279612174628448, 6.3657828639564968, 2.7432016427664663, 3.7760049618408629, 0.5895065417002704,3.537821646493652
20183458-1455214,6876161040817854080, 3.1890210188255699, 5.9205921777699757, 2.8869418945688921, 3.5466837898723766, 0.3786753021754974,2.7315711589444063
20184620-1501141,6875965980584164736, 3.4904090633954499, 5.8829420448714691, 2.8871162077693029, 3.7605708266516471, 0.5007008765227154,2.3925329814760197
20184998-1455298,6875973608446125696, 5.3642581472810047, 7.2501121519672189, 4.9088915948188827, 6.0369935467223010, 0.5777833181141973,1.8858540046862142
20191949-1453166,6875974330000601344, 4.4769016105228605, 5.2856950419955631, 4.1918945443444038, 4.8456104740148787, 0.4401030892147698,0.8087934314727026
20192901-4701081,6669563115192569600, 7.5041882611820299, 7.0163431596636086, 4.5320979304024469, 8.7346246280820541, 1.8943020709240064,-0.4878451015184222
20194704-1457221,6875970275551633920, 3.1148288713163050, 6.7263725520546096, 2.7432965960323639, 3.4659542574206879, 0.4245086740624507,3.611543680738305
20194752-5406190,6472631786565017984, 3.1473933191863250, 8.2219502125439803, 2.9024224247204256, 3.7087621662722769, 0.6168041125905533,5.074556893357656
20195351-4706084,6669558751505765504, 8.3150298576744053, 6.1068318604281124, 7.5685382490897801, 9.1302393150773273, 0.8173402959401519,-2.208197997246293
20200639-5401326,6472633126594808192, 4.2520075204547894, 7.0670617129242350, 3.8933394777333268, 4.9916186833653056, 0.6846835314156712,2.8150541924694465
20203483-4658502,6669561392909051264, 7.4695906672084202, 7.9633305855269532, 6.9507824061689245, 8.0077125732935439, 0.5418872034757461,0.4937399183185338
20204353-5954245,6443237511427426816, 5.3153539121465601, 7.3890880230167557, 4.8140001859514889, 5.8934328245584560, 0.5753018071892980,2.0737341108701948
20204565-5353402,6472635531776609024, 7.2484172927902204, 7.1636814381724330, 6.6492136961372239, 7.6733514648722094, 0.5076405625576924,-0.08473585461778743
20371228-1453156,6863457146028336512, 7.5490369810061306, 5.7305129320969570, 6.9636104646189212, 7.9652011620541074, 0.4741527771513049,-1.8185240489091727
20383716-5958586,6455047022225545344, 2.6663848389731699, 6.7452988231554976, 2.5734520915294290, 2.7597812931342460, 0.2218515347343417,4.0789139841823285
20392032-5953087,6455423020842094976, 2.6735503407778149, 5.8124684435003129, 2.6451617391902658, 3.0775077105865369, 0.4416644775457261,3.138918102722498
20393425-5503226,6470597037218341632,13.1796436639037999, 6.1194777410956203,10.8767427942136159,15.4679990350362200, 2.5306831178999407,-7.06016592280818
20394076-4714301,6482325768269832320, 6.5415366213951449, 8.5002234654050106, 4.6148262796110346, 9.2350190273686312, 3.3514750653779446,1.958686844009864
20394336-4711228,6482328104732148096, 5.1042552884179804, 5.2290872370741370, 4.2506286925522510, 6.9532114689706415, 1.8083331144730423,0.12483194865615665
20395232-4717250,6482313673641873792, 5.2396391303627201, 5.8557252329831986, 3.3874265586931736, 6.4882781135790042, 1.5859355113331606,0.6160861026204794
20395686-5500497,6470597861852055040, 3.1154335036638496, 8.0062193705407090, 2.6872502716592663, 3.7748818286756229, 0.5426390901461893,4.890785866876859
20401793-5956088,6455418519716339456, 5.5815712100941095, 8.4371738697385652, 5.0293965234890710, 6.1064179338741065, 0.5936603728983235,2.8556026596444557
20401833-5502392,6470594971337739008, 5.4678973693746800, 7.2876014612844582, 4.7950831228070712, 5.9338264224879671, 0.6639651314003027,1.8197040919097773
20403066-4707128,6482351297555528960, 2.8638163662264899, 8.3304742778185066, 2.1691949367149523, 4.1203106547871791, 1.0516469899677003,5.466657911592016
20410509-5506130,6469936952287664000, 5.5922050851456504, 7.8010893649469404, 4.5128976482305569, 6.7021384455878064, 1.0624401598380131,2.208884279801291
20413060-6000479,6455368904254096000, 7.3314830518720200, 6.9540896541945516, 6.5716117272667818, 8.1051537361536621, 0.8136996429183587,-0.3773933976774675
20585412-5453069,6458144552638054016, 2.6432212405189950, 7.5428489341108529, 2.5642803060775892, 2.8342124540898204, 0.3536562118395160,4.899627693591858
20590947-5459144,6458108577991975168, 2.6934501348761453, 6.8105487246393857, 2.6339569801899798, 3.8975660762743809, 0.6344947470497209,4.11709858976324
20591817-1508429,6883692214427429888, 5.4558454473128100, 5.6075447007515775, 4.8300119592551987, 6.0183860708410366, 0.5958269924344146,0.15169925343876756
20591877-4658220,6483058382315881728, 4.2538687240223600, 7.6879002670583603, 3.9179888220416270, 4.8602420840986928, 0.4745042194360437,3.4340315430360002
20591981-4703240,6483055740912384896, 6.0142600713294350, 8.0899589031983403, 5.6048149557624702, 6.4013703483519979, 0.4436396422769581,2.0756988318689036
20592779-5500289,6458107615919293312, 9.0855090562840903, 7.0978595830027063, 8.6458973937738133, 9.5801185185735100, 0.5447071003938215,-1.987649473281385
20593426-0057232,6917406676908534784, 6.2635706853001896, 6.9760584039305753, 5.5784242503543142, 6.8203451265867479, 0.7092939289070124,0.7124877186303857
20594235-1505293,6883693554457217280, 6.7084964917067644, 6.6315633914864680, 6.1060796162477766, 7.3680260727611593, 0.6385510759797012,-0.07693310022029642
20595129-4649186,6483065602157295488, 7.1459844979475351, 7.7519392199389436, 6.0090092988906632, 7.8645652576115070, 0.9674340668423590,0.6059547219914077
20595203-0101330,6917393684632259328, 3.8432215109781400, 7.6144572058677298, 2.6665012321137809, 4.8774708539740237, 1.0377635642493399,3.7712356948895915
20595392-1457566,6883718873288899584, 5.8929539293004503, 6.8669437478037674, 4.8636390530495150, 6.3746401582733165, 0.7787317997689859,0.9739898185033189
21001213-1501212,6883717606274059904, 4.1676595137190100, 5.3635725325020802, 3.3489996180184800, 4.3815339571292764, 0.5843076667131202,1.1959130187830702
21003634-5957024,6455938657434935296, 3.1634660482563453, 8.2362426218771585, 2.9950016057364897, 3.3852176949980430, 0.2043047399922805,5.072776573620813
21011423-6001085,6455925600734339712, 6.0436989947727007, 7.6260208975043362, 4.2664908744505468, 7.8766198904470466, 1.8404225255307167,1.5823219027316355
21035156-4643032,6483125491181259904,14.8662386880097994, 7.5610688367192687,12.8149636362490842,17.1054270395347210, 2.1145931762975070,-7.3051698512905325
21035399-4639191,6483126831211058688, 4.4289960481253399, 6.9163454713734520, 2.9071802741428461, 5.8277673505236978, 1.2839110311942017,2.487349423248112
21040597-4646438,6483113190394915072, 2.9861738626063552, 7.0599944440008677, 2.7400952950411939, 3.3302939203503081, 0.4741038119872745,4.0738205813945125
21094323-0156596,2688724435821357952, 3.0143381531470848, 8.2613256039184986, 2.1023376655439483, 4.0854371578892419, 1.1183497172005716,5.246987450771412
21094370-0158568,2688721339149680896, 5.8452220673799946, 7.8342213914463983, 3.4616285284101425, 7.6078031965927888, 2.0992940339167210,1.9889993240664037
21101291-0157358,2688721991984709120, 5.3601936977882048, 8.0998130532981172, 3.0093981685158857, 7.0584740421746313, 1.8607420706329281,2.7396193555099124
21183478-0003269,2689436296585155328, 4.0370200520022053, 8.5340216980715873, 2.9107486645532035, 4.3618658408803839, 0.6536881219302292,4.497001646069383
21184809-0009539,2689425889880358784, 2.6643288641185352, 7.8357561285934141, 2.6298492455502358, 2.9816775668269835, 0.4649598667548409,5.171427264474879
21190550-0003313,2689432864907247360, 4.6342700142899353, 8.9467577253988892, 4.3020836700482556, 5.1880119193514158, 0.6058392214688603,4.312487711108954
21190625-0008547,2689384864352739328, 5.5000210475180307, 7.7908899366830697, 4.7722053970691967, 6.1407795238404157, 0.7018009900887963,2.2908688891650373
21191815-0002005,2689434342375992832, 5.0092736679773999, 6.1890988456136222, 4.0626630519564966, 5.5287253838748116, 0.6882476633484419,1.1798251776362223
21193968-0011036,2689381011766127872, 6.1613583298722503, 7.3189530450162428, 5.4685086895594619, 6.7871039721246511, 0.8171588374392429,1.1575947151439934
21194489-4758046,6479416048186174848, 2.6586995512278300, 7.8315282501562002, 2.6134662038134322, 2.7326775639644119, 0.0707506768708917,5.17282869892837
21200837-4804424,6479226554229206656, 2.6837824631580149, 6.7258797380000628, 2.6536374702811600, 2.7627657050932184, 0.3142739530635435,4.042097274842048
21201413-6002028,6452380019332163840, 5.6719202896122347, 7.6516169089221124, 4.9637580400939649, 6.1112182422736501, 0.6189463290413122,1.9796966193098777
21201693-5458045,6463324042678453632, 4.3124552625245114, 6.3860431786578644, 3.7195994362582812, 4.9805906045887269, 0.5857647982637783,2.073587916133352
21241403-4322468,6577176925546335232, 2.8552471309881646, 7.8994003084267836, 2.7266355874557453, 3.0268393806103906, 0.2140496770676463,5.044153177438618
21244587-4322462,6577170191037609216, 4.2498774240491546, 5.5228157883377405, 4.0985716749035443, 4.5761753080141112, 0.2943286702370762,1.2729383642885859
21264979-5656038,6459559624102640128, 5.9560876854418350, 7.3959021496876129, 5.6507827718047183, 6.2614281688862805, 0.3151885480539972,1.4398144642457797
21271019-5428579,6463422311530010368,12.0139370478659515, 7.2772637820040460,10.2824381374409928,14.0452096260803607, 1.9484701015821413,-4.7366732658619055
21274692-0200306,2685161330952728064, 5.5387232866281400, 7.4856324977778232, 4.0952414190314776, 8.0324009364148807, 2.2940019362748942,1.9469092111496824
21274966-5427076,6463412312846134272, 4.7835134438898006, 7.2991060221826061, 4.3882500227781813, 5.1681345134793384, 0.5804611211295414,2.5155925782928055
21280640-5424039,6463412862602016384, 2.7497555412488852, 8.0951089474205631, 2.6574255561939801, 2.9072007614772191, 0.1443572448195532,5.345353406171679
21281376-0200093,2685157860619136896, 3.0827077599927151, 7.4680145164741552, 2.6960157473878668, 4.2143077531475504, 1.0075962757778067,4.38530675648144
21283475-5430323,6463408086598303488, 4.0997620495668849, 7.1963063270169414, 3.8808974533470142, 4.9473177699813444, 0.6499534240719037,3.0965442774500556
21314929-4241044,6578021900233178752, 4.7865636386439752, 6.5215110979116364, 3.9455221407923320, 5.4641960884802749, 0.7596346214955277,1.7349474592676613
21385364-5453196,6461654193753419520, 4.7871517312597751, 6.9353343829266905, 4.3295682820870258, 5.1309576699033501, 0.4234226808665221,2.1481826516669154
21390194-6008255,6410154443498010368, 2.9450310060224298, 8.3803836008962449, 2.7699776969017802, 4.2436309899245899, 0.6852248234944568,5.435352594873816
21392567-4656212,6563597956943531648, 3.5681400615858401, 7.9307040416218912, 2.9401375540583210, 5.6486007544727617, 1.2863398920842952,4.362563980036051
21393428-1505590,6841589165420362752,11.1311508741375000, 7.2770719367480217, 9.1543816327730383,13.2000884264476959, 2.0049049351907451,-3.8540789373894793
21394808-4710567,6563498107543782912, 5.5629461192816745, 5.8497563797839529, 5.0234436378342080, 6.0083458798067957, 0.4943179388445312,0.2868102605022784
21395138-1507556,6841588134628201856, 3.2741955454221450, 6.9562695935200978, 3.0226899244533949, 3.4824464265096005, 0.2483037956326617,3.682074048097953
21395397-0056397,2686970542976312576, 6.1657615701914796, 7.9635709598831488, 5.5940917925609677, 6.6537276821152389, 0.6790451358932076,1.7978093896916691
21395411-5458483,6461602688505654016, 4.9964147760660600, 7.4756576421016039, 2.7015283302699764, 6.1720783091397520, 1.3133614708169803,2.479242866035545
21401292-1504188,6841587344354213888, 4.2399497873838801, 7.3363857103688384, 2.7832778366748885, 5.0818410816279531, 1.1621800393633297,3.0964359229849583
21401369-6002226,6410149908012607104, 3.6447977585517153, 5.4850495226911189, 3.2128444256487194, 4.1823999071301641, 0.5184880976957478,1.8402517641394036
21401581-1459286,6841591227004653184, 2.7526549623393750, 6.2788959762809053, 2.0473601245570081, 3.4148426743864482, 0.6496375560339135,3.5262410139415294
21401918-0056231,2686971401969770112, 6.0375137072819101, 7.2000044181504848, 4.5948919078838442, 7.5269452376519137, 1.3936234632237852,1.1624907108685747
21403953-0101249,2674958859479190400, 2.6963931119214699, 7.7629891040291836, 2.6636624489780272, 2.7947795304964238, 0.3962892482064056,5.066595992107713
21404311-6007075,6410148430543769216, 6.0352808947489551, 7.6876423318016842, 4.6686598942926905, 7.0654857102494830, 1.0858713109353912,1.6523614370527282
21513534-0322143,2673458816381121280, 4.2382811640520544, 7.5665210097569799, 3.7006149964229529, 4.9095496439640813, 0.6283832267659507,3.3282398457049265
21515129-0328392,2670451480280652800, 5.1137438308140899, 8.4898256708598652, 4.4580067244916037, 5.6236563668585351, 0.5480996856497916,3.3760818400457753
21515596-0334355,2670444058577150720, 2.7668276758293162, 4.8332317495274859, 2.6898931325534758, 3.2182055946741368, 0.4355073842615579,2.0664040736981697
21520633-0334375,2670438148702144256, 5.1777564061486450, 7.5341594547612543, 4.3263703235441504, 6.2007550110299938, 0.8205126608280640,2.3564030486126093
21522796-0330312,2670440313365655040, 4.6893858316731496, 6.0088132386208750, 3.8335581192332975, 5.5716683227503774, 0.8217300289539677,1.3194274069477254
21592008-1459356,6839562932993434240, 2.9282791065201303, 6.0743650211321620, 2.3561312894908184, 3.6226845778573131, 0.7347416107600960,3.1460859146120317
21592334-4753292,6560860447869208832, 7.9131464481202203, 7.0061622029410833, 7.2126815534012882, 8.6923904114794457, 0.8393187956614352,-0.9069842451791379
21592729-6001011,6409585102633841792, 5.8462284479753492, 7.6013632192751528, 5.3195594624733387, 6.4258691954287732, 0.5320217654083519,1.7551347712998027
21593720-5952277,6409679969870749440, 4.2454024979957703, 5.7148705693142361, 3.9002420405551499, 4.9510676009994627, 0.4957847194372712,1.4694680713184667
21594756-5503390,6413070554493000576, 4.2884367305125002, 7.3856811193699698, 4.0065507898905599, 4.9281797215973278, 0.4535469422921453,3.0972443888574714
21594799-5504495,6413070451413785600, 3.3914281303990750, 8.0468278956776302, 3.2086268360930550, 3.5999756634988929, 0.2142628371815899,4.655399765278555
22000523-5954387,6409680347827866624, 5.3688054387906954, 6.8213913230152130, 4.6572840358268168, 6.1353232996891789, 0.6950313854207492,1.4525858842245167
22001211-5959403,6409678354963041920, 3.0897197300541599, 6.0131597031537822, 2.7182871497110610, 3.9651543180117375, 0.5204855718929577,2.9234399730996223
22001467-5514024,6413065469251717248, 4.2291432211481252, 7.8097626149985224, 3.4484854416017812, 4.7450966964265735, 0.6332929518170626,3.5806193938503963
22001843-4749511,6560884877643243648, 2.7841010577694800, 7.5122471471282788, 2.1713401761598647, 3.3578816384688071, 0.5803370241938541,4.728146089358798
22003659-4753323,6560872027101088000, 2.6829961137928562, 6.8517711996390949, 2.6273731009700461, 2.7499132381036504, 0.1323559463279699,4.168775085846239
22003942-5505454,6413067840073659008, 3.9650600191674550, 8.2652294678178855, 2.8300477711623171, 4.9423480502949646, 0.9495947004027928,4.300169448650431
22123471-4552547,6566750909615411328, 2.8030462348652252, 7.8085087402960927, 2.3193053253341733, 3.3973198067831927, 0.5725592671405159,5.005462505430868
22163642-5828016,6411452313895120256, 6.1346580927624101, 6.1715589074458244, 5.3670177897992808, 6.6042071458088989, 0.6306077331861041,0.036900814683415106
22173892-5828345,6411450080512113280, 3.7497332465938849, 7.1204665771705660, 3.1914972603965035, 4.3188021154368927, 0.5789332065719656,3.370733330576681
22180202-5500386,6508186659712159744, 3.3143177442560852, 6.8923773536207946, 2.9921152100333543, 3.6152877520455728, 0.3278728663841613,3.57805960936471
22183506-1006370,2614868861098631680, 2.8464800728962101, 7.2800443798508256, 2.7232053309092463, 3.0596443405191733, 0.2206947690530973,4.433564306954615
22190076-5459046,6508175802034826368, 5.6585298599372997, 6.4008953049187349, 4.9647457859975361, 6.4902848501408172, 0.7875680075525957,0.7423654449814352
22190411-5508475,6508172469140140800, 5.0178515537829007, 7.8085378093681017, 4.5842789349269824, 5.4349500573791545, 0.4264013965552766,2.7906862555852
22192167-0101153,2677821266203259520, 2.6970062146728848, 6.3239047009327010, 2.6729746739078903, 3.1412197210693358, 0.3774930858517013,3.626898486259816
22192191-5456415,6508551388334987776, 5.5561974651424144, 8.5709260461044501, 4.8695063179462084, 5.9103156807970230, 0.5437169524538792,3.0147285809620357
22195507-5942248,6407976310963943168, 8.5408379390559652, 8.9903422549325214, 7.6755858384786686, 9.3807216701308391, 1.1513166776302028,0.44950431587655615
22200577-1449227,2599069329979453440, 4.9235773502131250, 7.0707938372781118, 4.5854770318449392, 5.3835371867370228, 0.4334883415579335,2.147216487064987
22200807-1454466,2599067470257981568, 3.0007906633338148, 7.6869823007623861, 2.6472834524330651, 4.2199447839152668, 0.8110429127821456,4.68619163742857
22202497-5944571,6407973046788791552, 5.3117440764413351, 8.4633291318566020, 4.5747365624229488, 5.9185782741033321, 0.8045121421947227,3.151585055415267
22202773-4003021,6570429085247813376, 3.0877552934025250, 6.5781811070802858, 2.9287311034998509, 3.3576282355028515, 0.2594122337631114,3.490425813677761
22204416-4653539,6518387103960765056, 2.7269483775578003, 8.3916451427444247, 2.6540293040378771, 3.0568928045100927, 0.3846637006343375,5.6646967651866245
22295283-0500432,2623339228096395136, 4.8887442699003101, 8.3576224053632977, 4.3650560945891250, 5.4873083396412552, 0.5757071090229298,3.4688781354629876
22295629-5011183,6517009141013755904, 3.3179751517945548, 8.3261503601399269, 2.8767932357863182, 4.1438967682192018, 0.6357637335706734,5.008175208345374
22301526-0505100,2623326033956855424, 4.1724329674440348, 7.3528172485525056, 2.6779509175831810, 4.8251294458062803, 1.0834881973150048,3.180384281108471
22394293-0159479,2652692099749243264, 3.6225356831428250, 6.0947292649592750, 3.0306815259094928, 4.2621693935692608, 0.5817260563298722,2.4721935818164504
22395874-5500571,6506636348317047168, 2.6336406266348247, 8.4475111520238926, 2.5742940996838866, 2.6910735519633784, 0.0577616701117475,5.813870525389066
22400017-5506394,6506634011854839040, 6.4135472124530803, 7.2635235491069707, 5.8768880874655753, 6.7497429330754652, 0.5170023036122839,0.8499763366538895
22403543-4756522,6517479182234191232, 4.8517205849235499, 5.4584495742975738, 4.1692810569409744, 5.5948302471649827, 0.6986551306806902,0.606728989374024
22403669-5953108,6407205999988957312, 2.6681540530846162, 8.0971797792222358, 2.6164947172298261, 2.9114989176896264, 0.4216522785684734,5.429025726137621
22420085-4801284,6517463926510309120, 5.7795043176180148, 7.0896635649851314, 4.1851174281586996, 6.7995010110374041, 1.1610620798186673,1.3101592473671158
22493961-0458554,2624078576651086080, 2.7608035770553201, 6.6829814611597342, 2.6644743851384147, 2.9093943194802350, 0.3857444564045807,3.922177884104414
22500815-0504290,2624064592237582080, 2.5851150331921549, 6.5240096803981533, 2.4681571482070264, 2.6543945727611447, 0.1882328565065691,3.9388946472059976
22501812-4959215,6514059563632708480, 4.3707048624576803, 8.0560552490129922, 3.9826904016546858, 5.3819566143891908, 0.9448391471181218,3.685350386555312
22502307-0502156,2624066275864761856, 2.7014433110598803, 8.4696255081628138, 2.6358386350393639, 4.0818845931050332, 0.7070364857154537,5.768182197102932
22502818-5000113,6514062415490991744, 3.9951030499855449, 8.1512128564443955, 2.7123315801469361, 4.3988135303766809, 0.8729888406953020,4.156109806458851
22503320-5246592,6512570893608663168, 5.0129596321647449, 6.6348172248653077, 4.4981890827799207, 5.5797032226655716, 0.5299075295813619,1.6218575927005627
22504769-5242498,6512572989552701312, 5.7525839217845647, 7.7143166187885583, 4.9036640253767629, 6.3784152447301876, 0.7318372555466163,1.9617326970039937
22583217-6001428,6491082244515019520, 5.0632512360232997, 6.5793612646265762, 4.4417251197319079, 5.7210082682056891, 0.6169563284111108,1.5161100286032765
22584057-5958252,6491084271739579904,10.2770619360478506, 7.9676914171900561, 7.6173135493552611,11.5822648752545607, 1.8485351257655189,-2.3093705188577944
22592713-4650297,6515564657613894272, 4.3168855198004854, 7.9156809832342709, 2.8064455216374422, 5.1224173861047131, 1.2550978334668970,3.5987954634337873
22593099-3959116,6543552446924075136, 7.0298797829635600, 7.7486540878118975, 4.2762946245759297, 8.4462892786284947, 2.2269691436492374,0.7187743048483375
22593135-3955371,6543553791248485248, 2.7074582261226401, 8.0475363377183626, 2.6010554235196373, 4.1745434118809799, 0.9876018210371310,5.340078111595721
22595612-1501439,2410603656770106880, 4.7186870825919600, 8.8116444619638585, 4.2122953984138158, 5.5383525525935164, 0.7782926590584415,4.092957379371897
22595854-1458156,2410615717038274176, 6.0638723186603798, 7.3324370851348029, 5.4646227086625636, 6.4288090042499242, 0.5684203333403702,1.268564766474423
22595921-3949102,6543577258949784192, 3.5731822907756099, 8.0120310163375361, 2.4428195639160326, 5.2291338794288356, 1.4027965244714180,4.438848725561927
23002599-0104278,2650760910654326912, 2.6677577339505403, 9.7479190133052196, 2.6295633182512312, 2.7057978820048567, 0.2288551558645404,7.080161279354679
23003848-0057537,2650763448979530240, 2.6687074507613051, 6.0970818109239282, 2.6335493812546891, 2.6873765142996020, 0.2990383434529973,3.4283743601626235
23003916-3956251,6543562381183060992, 4.5917372072952496, 7.8398045268405490, 3.5046104354360801, 6.1300412139417126, 1.5815605567715620,3.2480673195452994
23093948-5002165,6502940374340154624, 2.9419503306696200, 6.6737468063714944, 2.7536702312186940, 3.8473328314025088, 0.6764349599225176,3.7317964757018744
23095071-5007467,6502939480986955904, 1.9226866833344800, 5.6807445303151392, 1.4780410147008121, 2.3898310592054908, 0.4598270657428441,3.758057846980659
23101602-0503550,2635286796321736576, 1.7538665850246251, 7.9693014658037535, 1.4441702035820556, 2.1426129429113043, 0.3839534688027515,6.215434880779128
23101750-4959170,6502941336412833152, 3.9226898861514599, 6.7768747029301366, 3.1605247824386127, 4.3849901693697593, 0.6640153846622832,2.8541848167786767
23185494-0955344,2437866013220951808, 8.2682639529254836, 5.8344361699523146, 5.6933358795083171,11.3947513894447443, 2.9876081477758620,-2.433827782973169
23185652-1000373,2437676313105473280, 4.9863561689152851, 8.5874307506066607, 3.8141821530021782, 6.2570931414850239, 1.2187340136557945,3.601074581691374
23190794-1005148,2437671983778422656, 6.7497541222651307, 8.4191538941957020, 4.8177164287045304, 9.7662623302593303, 2.5522523452103263,1.6693997719305713
23190815-6502004,6390415873317066240, 2.6692185652808949, 7.6869462112129137, 2.5242812057126560, 3.4482959510438804, 0.7374967622494228,5.017727645932019
23190906-0153425,2637920092310541312, 4.1846512638008004, 6.2221003622451692, 3.3187149310261086, 5.0220343168846124, 0.8076654089056220,2.0374490984443687
23192208-6457422,6390417763102685568, 5.8004617209850853, 7.9528630670678204, 4.5631634313621241, 7.4640677655611389, 1.7312503782155382,2.152401346082736
23193541-0200372,2637915316306912640, 5.6915884463564392, 8.0825716317899872, 4.5088508185887157, 7.9006843507440312, 1.7510207728343117,2.390983185433548
23194565-0156095,2637916278379595392, 3.9322410705254702, 7.8704419567656396, 2.6626825339818425, 4.7557207057087698, 1.0529777693189732,3.9382008862401685
23195682-6504439,6390414533287267712, 2.9118501029843551, 8.6348595533415917, 2.5594999607242093, 4.7994469416212802, 1.4056579810726992,5.723009450357235
23200093-5954172,6492011675436406784, 2.5974442397658151, 8.4436319084362577, 2.4478722777419328, 2.6684375388199970, 0.1696657930507853,5.846187668670442
23201080-6457386,6390417247706586880, 3.4252499589617846, 9.9245671824037434, 2.7379822216128327, 5.3249100540663754, 1.3951551459426801,6.499317223441959
23204214-5958558,6491963537442951680, 2.6626867899933799, 7.7638467667474540, 2.5892351973872891, 2.7465266056670354, 0.0807998678042387,5.101159976754074
23204369-3953388,6548805196221833344, 3.9775042277635002, 8.3970019183088382, 2.6067762474912808, 7.5494649760310226, 2.7208644506275323,4.419497690545338
23205536-6002515,6491961647657342720, 3.9941189403943351, 4.7265622508238971, 3.8264450949690025, 4.4563427319336082, 0.3610847948405546,0.732443310429562
23234023-6954378,6387353905232286848, 3.3968342905211801, 7.5144516795875687, 2.6599975235621462, 4.2340103969961600, 0.8018842842771222,4.117617389066387
23234561-7002226,6387317552629106560, 7.4256873752035197, 8.8189637854520395, 6.7125574496303528, 8.0152810847543421, 0.8157166983805260,1.3932764102485198
23241664-6946538,6387350434898773888, 5.9408140079131098, 7.9079332137087830, 5.1864697783747928, 6.6157064076410661, 0.6651760000961678,1.9671192057956723
23242385-7000197,6387341260848571264, 2.6766696662971503, 6.3932692040658585, 2.6380491598024949, 3.0442482258786887, 0.4319560778081306,3.716599537768708
23290966-6357576,6486599844844692480, 2.9719153832814000, 7.0935779074185135, 2.7563622860902122, 3.2090929845487408, 0.3863973068276298,4.121662524137113
23293553-6402319,6486406021560822016, 2.6667181992446798, 5.8923987925509174, 2.6035884241590481, 2.7227348449145978, 0.0717615593623514,3.2256805933062367
23293778-5017437,6525777402648710784, 8.4534596182911752, 8.6265629927224801, 7.5895706390364381, 9.5953113740688902, 1.1888330944494403,0.17310337443130486
23294563-5009398,6525785648986404224,13.1295676966825994, 8.1948702379278160,11.8275229098889962,15.0086985101919446, 1.5597433122779911,-4.934697458754783
23300275-0458109,2633238303079998592, 4.7168556523220797, 8.7929771340128227, 2.8526191587685128, 6.8114476872768090, 1.7315229411423698,4.076121481690743
23300565-0452423,2633240124146142336, 4.6225485759820142, 7.6994967235747431, 4.2763893492158944, 5.2453987063781868, 0.6588743655694258,3.076948147592728
23350248-7005441,6386621630488308992, 3.6094908893945901, 7.4463885286693072, 3.4005205366551920, 3.8604977375983900, 0.2239507405556470,3.8368976392747167
23352508-4306476,6535304327304720640, 2.6616988052575952, 7.8555268092782384, 2.6262130772659686, 2.6786114771180838, 0.2604952265360026,5.193828004020643
23361980-1005003,2434154165044730240, 4.2676104470431895, 8.4024921943130213, 3.8086207610347920, 4.6856983403515526, 0.4845299013998850,4.134881747269832
23370205-6957177,6386638020083535872, 4.7153048418403145, 8.4324411163795538, 4.0519292680462540, 5.8258701031197084, 1.1442400741609440,3.717136274539241
23381075-6008035,6488771723907078656, 4.9686531278163750, 7.3710738188552991, 4.4003120286095978, 5.4409114317599050, 0.4715977548784168,2.402420691038924
23382970-5954461,6489155247306635392, 2.9283844470341651, 7.2770112512148621, 2.2285761628297598, 3.5381007344026814, 0.6584669548087033,4.3486268041806975
23392914-6508397,6389478470934665088, 2.7731779261027150, 7.2619267254440594, 2.6726439730559668, 4.1848266549047919, 0.7165839722153927,4.488748799341344
23393724-4700001,6525454730344720000, 4.0382896784980149, 7.1109726271227736, 2.6502886428269372, 5.9864453246700826, 1.4930273259279350,3.0726829486247587
23393741-0100549,2641062221664930304, 5.3677486087197703, 7.7115410336752870, 3.9480390278555402, 6.1820456606162377, 1.3404933917022170,2.3437924249555167
23395861-0057365,2641064317608986112, 3.6603717863801002, 8.6181845376348480, 2.7514449679142743, 4.3991916163340123, 0.7117170380839306,4.957812751254748
23401467-0059163,2641051604505801856, 5.0754197127639245, 8.7892072993341976, 4.0275880216435684, 6.7338707558050164, 1.6735018713974577,3.713787586570273
23403356-0054489,2641058854410596864, 3.0319398734999599, 7.4867376541381168, 1.8370436896061224, 4.0562657242602871, 1.1130871277822121,4.454797780638155
23405892-1509560,2419648136341065472, 7.8830904768221401, 6.8241730196473593, 7.3132049602234854, 8.4465313976004115, 0.6315338303183721,-1.0589174571747817
23481366-5605597,6496750158235561600, 2.6668794031729299, 7.0784551467397137, 2.6060361036004767, 2.7271705133358162, 0.3489071689095748,4.411575743566784
23490071-5613334,6496748165370736512, 5.5539560806680850, 8.5922810778450529, 4.2848345417962763, 6.1661624403453512, 0.8686192091117279,3.0383249971769697
23492171-5012479,6522312910229127936, 4.7074287399560095, 6.9370156580484199, 4.3304959802099754, 5.3859124463391348, 0.6035115421536785,2.2295869180924104
23494328-5607149,6496751395186128640, 2.6928133686436748, 6.7582714279504206, 2.6240904592697070, 2.7945421172713494, 0.1271019724735881,4.065458059306746
23501540-5010066,6522267280496571392, 2.6925722299720700, 7.0558068305558210, 2.5820253482686928, 2.8010756146832447, 0.2814448795401322,4.363234600583751
23505795-4313035,6532861006308801664, 4.2800171910771949, 8.4955471602905082, 3.9312377902206959, 4.7276268900499128, 0.3976778424821573,4.215529969213314
23510005-3655084,2310611114402996736,15.0643872843516498, 6.0934281127234549,13.6445299812368397,17.6511968081869810, 1.8278866908516564,-8.970959171628193
23512313-3659228,2310597954623192832, 2.6249486709766399, 7.1930794061477323, 2.5838228672598720, 2.6650101908974801, 0.0414359752072520,4.568130735171092
23514293-4312021,6532819602824060288, 2.7953550832483600, 6.9537798595187574, 2.6407590911073009, 3.8529383787590308, 0.6084112868043874,4.1584247762703965
23514977-1008212,2435040715014353408, 5.4026763233541750, 7.1272193040717386, 4.3313953476948877, 6.5295252738925047, 1.1074551405305415,1.7245429807175636
23520084-4303292,6532915638292931200, 4.8730675783824102, 8.0266535777410191, 4.1065436726393267, 6.0838509297270127, 0.9221273707921300,3.1535859993586097
23521894-3657228,2310601734194395904, 4.4360869182052944, 8.4864121190533677, 3.8771469652801489, 5.4767117906545231, 0.7245957535995770,4.0503252008480715
23552478-1454088,2419063883349804544, 4.4290134560272651, 7.8108828834073956, 2.6676602302671708, 6.0018981220465486, 1.6074835127921021,3.3818694273801304
23554957-0154180,2449296501745202688, 3.6324374196781899, 7.7132542461987796, 2.6819967971969758, 3.9236230289443910, 0.5616526449314491,4.08081682652059
23555583-4807139,6524253548253467904, 3.0944701799932699, 7.4605549141415839, 2.7003296540116519, 4.3861563661797556, 0.8497734461213826,4.366084734148314
