galaxy,stationary_role,galaxy_point_index,radius_kpc,sigma_neutral_gas_1p33_msun_pc2,sigma_disk_per_unit_upsilon_msun_pc2,sigma_bulge_per_unit_upsilon_msun_pc2,sigma_baryon_rule,sigma_baryon_status,source_current_rule,source_current_velocity_status,vobs_used_as_source_current,hi_profile_kind,hi_profile_evaluation_method,hi_source_artifact,hi_freeze_row_key
CamB,calibration,0,0.16,7.6217895644,30.32,0,Sigma_b = Sigma_gas + Upsilon_d*Sigma_disk_ml1 + Upsilon_b*Sigma_bulge_ml1,basis_only; stellar_mass_to_light_nuisance_not_applied,J = Sigma_b * V_model,self_consistent_model_velocity_required; not_evaluated,0,analytic,analytic_offcentered_gaussian_sum,data/stationary/source_reconstruction/begum_chengalur_analytic_profile_parameters_v1.csv,CamB:0
CamB,calibration,1,0.41,6.48127264024,23.77,0,Sigma_b = Sigma_gas + Upsilon_d*Sigma_disk_ml1 + Upsilon_b*Sigma_bulge_ml1,basis_only; stellar_mass_to_light_nuisance_not_applied,J = Sigma_b * V_model,self_consistent_model_velocity_required; not_evaluated,0,analytic,analytic_offcentered_gaussian_sum,data/stationary/source_reconstruction/begum_chengalur_analytic_profile_parameters_v1.csv,CamB:1
CamB,calibration,2,0.57,5.42249625663,15.87,0,Sigma_b = Sigma_gas + Upsilon_d*Sigma_disk_ml1 + Upsilon_b*Sigma_bulge_ml1,basis_only; stellar_mass_to_light_nuisance_not_applied,J = Sigma_b * V_model,self_consistent_model_velocity_required; not_evaluated,0,analytic,analytic_offcentered_gaussian_sum,data/stationary/source_reconstruction/begum_chengalur_analytic_profile_parameters_v1.csv,CamB:2
CamB,calibration,3,0.73,4.28001048979,12.4,0,Sigma_b = Sigma_gas + Upsilon_d*Sigma_disk_ml1 + Upsilon_b*Sigma_bulge_ml1,basis_only; stellar_mass_to_light_nuisance_not_applied,J = Sigma_b * V_model,self_consistent_model_velocity_required; not_evaluated,0,analytic,analytic_offcentered_gaussian_sum,data/stationary/source_reconstruction/begum_chengalur_analytic_profile_parameters_v1.csv,CamB:3
CamB,calibration,4,0.9,3.12287211333,9.63,0,Sigma_b = Sigma_gas + Upsilon_d*Sigma_disk_ml1 + Upsilon_b*Sigma_bulge_ml1,basis_only; stellar_mass_to_light_nuisance_not_applied,J = Sigma_b * V_model,self_consistent_model_velocity_required; not_evaluated,0,analytic,analytic_offcentered_gaussian_sum,data/stationary/source_reconstruction/begum_chengalur_analytic_profile_parameters_v1.csv,CamB:4
CamB,calibration,5,1.06,2.18590930947,5.86,0,Sigma_b = Sigma_gas + Upsilon_d*Sigma_disk_ml1 + Upsilon_b*Sigma_bulge_ml1,basis_only; stellar_mass_to_light_nuisance_not_applied,J = Sigma_b * V_model,self_consistent_model_velocity_required; not_evaluated,0,analytic,analytic_offcentered_gaussian_sum,data/stationary/source_reconstruction/begum_chengalur_analytic_profile_parameters_v1.csv,CamB:5
CamB,calibration,6,1.22,1.44349964792,5.19,0,Sigma_b = Sigma_gas + Upsilon_d*Sigma_disk_ml1 + Upsilon_b*Sigma_bulge_ml1,basis_only; stellar_mass_to_light_nuisance_not_applied,J = Sigma_b * V_model,self_consistent_model_velocity_required; not_evaluated,0,analytic,analytic_offcentered_gaussian_sum,data/stationary/source_reconstruction/begum_chengalur_analytic_profile_parameters_v1.csv,CamB:6
CamB,calibration,7,1.47,0.671728591299,3.02,0,Sigma_b = Sigma_gas + Upsilon_d*Sigma_disk_ml1 + Upsilon_b*Sigma_bulge_ml1,basis_only; stellar_mass_to_light_nuisance_not_applied,J = Sigma_b * V_model,self_consistent_model_velocity_required; not_evaluated,0,analytic,analytic_offcentered_gaussian_sum,data/stationary/source_reconstruction/begum_chengalur_analytic_profile_parameters_v1.csv,CamB:7
CamB,calibration,8,1.79,0.205041069876,0.88,0,Sigma_b = Sigma_gas + Upsilon_d*Sigma_disk_ml1 + Upsilon_b*Sigma_bulge_ml1,basis_only; stellar_mass_to_light_nuisance_not_applied,J = Sigma_b * V_model,self_consistent_model_velocity_required; not_evaluated,0,analytic,analytic_offcentered_gaussian_sum,data/stationary/source_reconstruction/begum_chengalur_analytic_profile_parameters_v1.csv,CamB:8
DDO154,calibration,0,0.49,6.91179291642,15.93,0,Sigma_b = Sigma_gas + Upsilon_d*Sigma_disk_ml1 + Upsilon_b*Sigma_bulge_ml1,basis_only; stellar_mass_to_light_nuisance_not_applied,J = Sigma_b * V_model,self_consistent_model_velocity_required; not_evaluated,0,tabulated,piecewise_linear,data/stationary/source_reconstruction/leroy2008_things_hi_profiles_v1.csv,DDO154:0
DDO154,calibration,1,0.99,6.67989498399,5.52,0,Sigma_b = Sigma_gas + Upsilon_d*Sigma_disk_ml1 + Upsilon_b*Sigma_bulge_ml1,basis_only; stellar_mass_to_light_nuisance_not_applied,J = Sigma_b * V_model,self_consistent_model_velocity_required; not_evaluated,0,tabulated,piecewise_linear,data/stationary/source_reconstruction/leroy2008_things_hi_profiles_v1.csv,DDO154:1
DDO154,calibration,2,1.48,0,1.26,0,Sigma_b = Sigma_gas + Upsilon_d*Sigma_disk_ml1 + Upsilon_b*Sigma_bulge_ml1,basis_only; stellar_mass_to_light_nuisance_not_applied,J = Sigma_b * V_model,self_consistent_model_velocity_required; not_evaluated,0,tabulated,outer_zero,data/stationary/source_reconstruction/leroy2008_things_hi_profiles_v1.csv,DDO154:2
DDO154,calibration,3,1.97,0,0.29,0,Sigma_b = Sigma_gas + Upsilon_d*Sigma_disk_ml1 + Upsilon_b*Sigma_bulge_ml1,basis_only; stellar_mass_to_light_nuisance_not_applied,J = Sigma_b * V_model,self_consistent_model_velocity_required; not_evaluated,0,tabulated,outer_zero,data/stationary/source_reconstruction/leroy2008_things_hi_profiles_v1.csv,DDO154:3
DDO154,calibration,4,2.47,0,0.08,0,Sigma_b = Sigma_gas + Upsilon_d*Sigma_disk_ml1 + Upsilon_b*Sigma_bulge_ml1,basis_only; stellar_mass_to_light_nuisance_not_applied,J = Sigma_b * V_model,self_consistent_model_velocity_required; not_evaluated,0,tabulated,outer_zero,data/stationary/source_reconstruction/leroy2008_things_hi_profiles_v1.csv,DDO154:4
DDO154,calibration,5,2.96,0,0.02,0,Sigma_b = Sigma_gas + Upsilon_d*Sigma_disk_ml1 + Upsilon_b*Sigma_bulge_ml1,basis_only; stellar_mass_to_light_nuisance_not_applied,J = Sigma_b * V_model,self_consistent_model_velocity_required; not_evaluated,0,tabulated,outer_zero,data/stationary/source_reconstruction/leroy2008_things_hi_profiles_v1.csv,DDO154:5
DDO154,calibration,6,3.46,0,0.01,0,Sigma_b = Sigma_gas + Upsilon_d*Sigma_disk_ml1 + Upsilon_b*Sigma_bulge_ml1,basis_only; stellar_mass_to_light_nuisance_not_applied,J = Sigma_b * V_model,self_consistent_model_velocity_required; not_evaluated,0,tabulated,outer_zero,data/stationary/source_reconstruction/leroy2008_things_hi_profiles_v1.csv,DDO154:6
DDO154,calibration,7,3.95,0,0,0,Sigma_b = Sigma_gas + Upsilon_d*Sigma_disk_ml1 + Upsilon_b*Sigma_bulge_ml1,basis_only; stellar_mass_to_light_nuisance_not_applied,J = Sigma_b * V_model,self_consistent_model_velocity_required; not_evaluated,0,tabulated,outer_zero,data/stationary/source_reconstruction/leroy2008_things_hi_profiles_v1.csv,DDO154:7
DDO154,calibration,8,4.44,0,0,0,Sigma_b = Sigma_gas + Upsilon_d*Sigma_disk_ml1 + Upsilon_b*Sigma_bulge_ml1,basis_only; stellar_mass_to_light_nuisance_not_applied,J = Sigma_b * V_model,self_consistent_model_velocity_required; not_evaluated,0,tabulated,outer_zero,data/stationary/source_reconstruction/leroy2008_things_hi_profiles_v1.csv,DDO154:8
DDO154,calibration,9,4.94,0,0,0,Sigma_b = Sigma_gas + Upsilon_d*Sigma_disk_ml1 + Upsilon_b*Sigma_bulge_ml1,basis_only; stellar_mass_to_light_nuisance_not_applied,J = Sigma_b * V_model,self_consistent_model_velocity_required; not_evaluated,0,tabulated,outer_zero,data/stationary/source_reconstruction/leroy2008_things_hi_profiles_v1.csv,DDO154:9
DDO154,calibration,10,5.43,0,0,0,Sigma_b = Sigma_gas + Upsilon_d*Sigma_disk_ml1 + Upsilon_b*Sigma_bulge_ml1,basis_only; stellar_mass_to_light_nuisance_not_applied,J = Sigma_b * V_model,self_consistent_model_velocity_required; not_evaluated,0,tabulated,outer_zero,data/stationary/source_reconstruction/leroy2008_things_hi_profiles_v1.csv,DDO154:10
DDO154,calibration,11,5.92,0,0,0,Sigma_b = Sigma_gas + Upsilon_d*Sigma_disk_ml1 + Upsilon_b*Sigma_bulge_ml1,basis_only; stellar_mass_to_light_nuisance_not_applied,J = Sigma_b * V_model,self_consistent_model_velocity_required; not_evaluated,0,tabulated,outer_zero,data/stationary/source_reconstruction/leroy2008_things_hi_profiles_v1.csv,DDO154:11
DDO168,calibration,0,0.41,19.9799267917,20.43,0,Sigma_b = Sigma_gas + Upsilon_d*Sigma_disk_ml1 + Upsilon_b*Sigma_bulge_ml1,basis_only; stellar_mass_to_light_nuisance_not_applied,J = Sigma_b * V_model,self_consistent_model_velocity_required; not_evaluated,0,tabulated,piecewise_linear,data/stationary/source_reconstruction/iorio2017_ddo168_hi_profile_v1.csv,DDO168:0
DDO168,calibration,1,0.82,13.6352179231,14.59,0,Sigma_b = Sigma_gas + Upsilon_d*Sigma_disk_ml1 + Upsilon_b*Sigma_bulge_ml1,basis_only; stellar_mass_to_light_nuisance_not_applied,J = Sigma_b * V_model,self_consistent_model_velocity_required; not_evaluated,0,tabulated,piecewise_linear,data/stationary/source_reconstruction/iorio2017_ddo168_hi_profile_v1.csv,DDO168:1
DDO168,calibration,2,1.24,9.20278854006,8.79,0,Sigma_b = Sigma_gas + Upsilon_d*Sigma_disk_ml1 + Upsilon_b*Sigma_bulge_ml1,basis_only; stellar_mass_to_light_nuisance_not_applied,J = Sigma_b * V_model,self_consistent_model_velocity_required; not_evaluated,0,tabulated,piecewise_linear,data/stationary/source_reconstruction/iorio2017_ddo168_hi_profile_v1.csv,DDO168:2
DDO168,calibration,3,1.64,6.57300968372,5.9,0,Sigma_b = Sigma_gas + Upsilon_d*Sigma_disk_ml1 + Upsilon_b*Sigma_bulge_ml1,basis_only; stellar_mass_to_light_nuisance_not_applied,J = Sigma_b * V_model,self_consistent_model_velocity_required; not_evaluated,0,tabulated,piecewise_linear,data/stationary/source_reconstruction/iorio2017_ddo168_hi_profile_v1.csv,DDO168:3
DDO168,calibration,4,2.06,5.13949510055,4.09,0,Sigma_b = Sigma_gas + Upsilon_d*Sigma_disk_ml1 + Upsilon_b*Sigma_bulge_ml1,basis_only; stellar_mass_to_light_nuisance_not_applied,J = Sigma_b * V_model,self_consistent_model_velocity_required; not_evaluated,0,tabulated,piecewise_linear,data/stationary/source_reconstruction/iorio2017_ddo168_hi_profile_v1.csv,DDO168:4
DDO168,calibration,5,2.47,4.39284030979,2.87,0,Sigma_b = Sigma_gas + Upsilon_d*Sigma_disk_ml1 + Upsilon_b*Sigma_bulge_ml1,basis_only; stellar_mass_to_light_nuisance_not_applied,J = Sigma_b * V_model,self_consistent_model_velocity_required; not_evaluated,0,tabulated,piecewise_linear,data/stationary/source_reconstruction/iorio2017_ddo168_hi_profile_v1.csv,DDO168:5
DDO168,calibration,6,2.89,3.53208720409,2.09,0,Sigma_b = Sigma_gas + Upsilon_d*Sigma_disk_ml1 + Upsilon_b*Sigma_bulge_ml1,basis_only; stellar_mass_to_light_nuisance_not_applied,J = Sigma_b * V_model,self_consistent_model_velocity_required; not_evaluated,0,tabulated,piecewise_linear,data/stationary/source_reconstruction/iorio2017_ddo168_hi_profile_v1.csv,DDO168:6
DDO168,calibration,7,3.3,2.80081715292,1.56,0,Sigma_b = Sigma_gas + Upsilon_d*Sigma_disk_ml1 + Upsilon_b*Sigma_bulge_ml1,basis_only; stellar_mass_to_light_nuisance_not_applied,J = Sigma_b * V_model,self_consistent_model_velocity_required; not_evaluated,0,tabulated,piecewise_linear,data/stationary/source_reconstruction/iorio2017_ddo168_hi_profile_v1.csv,DDO168:7
DDO168,calibration,8,3.71,2.15333555504,0.82,0,Sigma_b = Sigma_gas + Upsilon_d*Sigma_disk_ml1 + Upsilon_b*Sigma_bulge_ml1,basis_only; stellar_mass_to_light_nuisance_not_applied,J = Sigma_b * V_model,self_consistent_model_velocity_required; not_evaluated,0,tabulated,piecewise_linear,data/stationary/source_reconstruction/iorio2017_ddo168_hi_profile_v1.csv,DDO168:8
DDO168,calibration,9,4.12,1.70346461609,0,0,Sigma_b = Sigma_gas + Upsilon_d*Sigma_disk_ml1 + Upsilon_b*Sigma_bulge_ml1,basis_only; stellar_mass_to_light_nuisance_not_applied,J = Sigma_b * V_model,self_consistent_model_velocity_required; not_evaluated,0,tabulated,piecewise_linear,data/stationary/source_reconstruction/iorio2017_ddo168_hi_profile_v1.csv,DDO168:9
ESO079-G014,calibration,0,0.41,6.52965239678,455.28,0,Sigma_b = Sigma_gas + Upsilon_d*Sigma_disk_ml1 + Upsilon_b*Sigma_bulge_ml1,basis_only; stellar_mass_to_light_nuisance_not_applied,J = Sigma_b * V_model,self_consistent_model_velocity_required; not_evaluated,0,tabulated,piecewise_linear,data/stationary/source_reconstruction/ge04_vector_hi_profiles_v1.csv,ESO079-G014:0
ESO079-G014,calibration,1,0.98,6.43930434134,284.5,0,Sigma_b = Sigma_gas + Upsilon_d*Sigma_disk_ml1 + Upsilon_b*Sigma_bulge_ml1,basis_only; stellar_mass_to_light_nuisance_not_applied,J = Sigma_b * V_model,self_consistent_model_velocity_required; not_evaluated,0,tabulated,piecewise_linear,data/stationary/source_reconstruction/ge04_vector_hi_profiles_v1.csv,ESO079-G014:1
ESO079-G014,calibration,2,1.78,6.312500053,213.32,0,Sigma_b = Sigma_gas + Upsilon_d*Sigma_disk_ml1 + Upsilon_b*Sigma_bulge_ml1,basis_only; stellar_mass_to_light_nuisance_not_applied,J = Sigma_b * V_model,self_consistent_model_velocity_required; not_evaluated,0,tabulated,piecewise_linear,data/stationary/source_reconstruction/ge04_vector_hi_profiles_v1.csv,ESO079-G014:2
ESO079-G014,calibration,3,2.69,6.16826017502,152.2,0,Sigma_b = Sigma_gas + Upsilon_d*Sigma_disk_ml1 + Upsilon_b*Sigma_bulge_ml1,basis_only; stellar_mass_to_light_nuisance_not_applied,J = Sigma_b * V_model,self_consistent_model_velocity_required; not_evaluated,0,tabulated,piecewise_linear,data/stationary/source_reconstruction/ge04_vector_hi_profiles_v1.csv,ESO079-G014:3
ESO079-G014,calibration,4,3.36,6.06206158354,142.61,0,Sigma_b = Sigma_gas + Upsilon_d*Sigma_disk_ml1 + Upsilon_b*Sigma_bulge_ml1,basis_only; stellar_mass_to_light_nuisance_not_applied,J = Sigma_b * V_model,self_consistent_model_velocity_required; not_evaluated,0,tabulated,piecewise_linear,data/stationary/source_reconstruction/ge04_vector_hi_profiles_v1.csv,ESO079-G014:4
ESO079-G014,calibration,5,4.39,5.89880106231,105.73,0,Sigma_b = Sigma_gas + Upsilon_d*Sigma_disk_ml1 + Upsilon_b*Sigma_bulge_ml1,basis_only; stellar_mass_to_light_nuisance_not_applied,J = Sigma_b * V_model,self_consistent_model_velocity_required; not_evaluated,0,tabulated,piecewise_linear,data/stationary/source_reconstruction/ge04_vector_hi_profiles_v1.csv,ESO079-G014:5
ESO079-G014,calibration,6,5.65,5.69908430818,92.69,0,Sigma_b = Sigma_gas + Upsilon_d*Sigma_disk_ml1 + Upsilon_b*Sigma_bulge_ml1,basis_only; stellar_mass_to_light_nuisance_not_applied,J = Sigma_b * V_model,self_consistent_model_velocity_required; not_evaluated,0,tabulated,piecewise_linear,data/stationary/source_reconstruction/ge04_vector_hi_profiles_v1.csv,ESO079-G014:6
ESO079-G014,calibration,7,6.34,5.58971560949,89.82,0,Sigma_b = Sigma_gas + Upsilon_d*Sigma_disk_ml1 + Upsilon_b*Sigma_bulge_ml1,basis_only; stellar_mass_to_light_nuisance_not_applied,J = Sigma_b * V_model,self_consistent_model_velocity_required; not_evaluated,0,tabulated,piecewise_linear,data/stationary/source_reconstruction/ge04_vector_hi_profiles_v1.csv,ESO079-G014:7
ESO079-G014,calibration,8,6.89,5.50253766126,87.61,0,Sigma_b = Sigma_gas + Upsilon_d*Sigma_disk_ml1 + Upsilon_b*Sigma_bulge_ml1,basis_only; stellar_mass_to_light_nuisance_not_applied,J = Sigma_b * V_model,self_consistent_model_velocity_required; not_evaluated,0,tabulated,piecewise_linear,data/stationary/source_reconstruction/ge04_vector_hi_profiles_v1.csv,ESO079-G014:8
ESO079-G014,calibration,9,8.34,5.27270488865,78.45,0,Sigma_b = Sigma_gas + Upsilon_d*Sigma_disk_ml1 + Upsilon_b*Sigma_bulge_ml1,basis_only; stellar_mass_to_light_nuisance_not_applied,J = Sigma_b * V_model,self_consistent_model_velocity_required; not_evaluated,0,tabulated,piecewise_linear,data/stationary/source_reconstruction/ge04_vector_hi_profiles_v1.csv,ESO079-G014:9
ESO079-G014,calibration,10,10.04,5.20880569453,58.05,0,Sigma_b = Sigma_gas + Upsilon_d*Sigma_disk_ml1 + Upsilon_b*Sigma_bulge_ml1,basis_only; stellar_mass_to_light_nuisance_not_applied,J = Sigma_b * V_model,self_consistent_model_velocity_required; not_evaluated,0,tabulated,piecewise_linear,data/stationary/source_reconstruction/ge04_vector_hi_profiles_v1.csv,ESO079-G014:10
ESO079-G014,calibration,11,11.65,4.83072805051,39.79,0,Sigma_b = Sigma_gas + Upsilon_d*Sigma_disk_ml1 + Upsilon_b*Sigma_bulge_ml1,basis_only; stellar_mass_to_light_nuisance_not_applied,J = Sigma_b * V_model,self_consistent_model_velocity_required; not_evaluated,0,tabulated,piecewise_linear,data/stationary/source_reconstruction/ge04_vector_hi_profiles_v1.csv,ESO079-G014:11
ESO079-G014,calibration,12,13.36,3.9238380571,23.18,0,Sigma_b = Sigma_gas + Upsilon_d*Sigma_disk_ml1 + Upsilon_b*Sigma_bulge_ml1,basis_only; stellar_mass_to_light_nuisance_not_applied,J = Sigma_b * V_model,self_consistent_model_velocity_required; not_evaluated,0,tabulated,piecewise_linear,data/stationary/source_reconstruction/ge04_vector_hi_profiles_v1.csv,ESO079-G014:12
ESO079-G014,calibration,13,15.06,2.84241685509,15.89,0,Sigma_b = Sigma_gas + Upsilon_d*Sigma_disk_ml1 + Upsilon_b*Sigma_bulge_ml1,basis_only; stellar_mass_to_light_nuisance_not_applied,J = Sigma_b * V_model,self_consistent_model_velocity_required; not_evaluated,0,tabulated,piecewise_linear,data/stationary/source_reconstruction/ge04_vector_hi_profiles_v1.csv,ESO079-G014:13
ESO079-G014,calibration,14,16.67,1.87188764152,10.92,0,Sigma_b = Sigma_gas + Upsilon_d*Sigma_disk_ml1 + Upsilon_b*Sigma_bulge_ml1,basis_only; stellar_mass_to_light_nuisance_not_applied,J = Sigma_b * V_model,self_consistent_model_velocity_required; not_evaluated,0,tabulated,piecewise_linear,data/stationary/source_reconstruction/ge04_vector_hi_profiles_v1.csv,ESO079-G014:14
ESO116-G012,blind,0,0.25,7.77264397202,276.94,0,Sigma_b = Sigma_gas + Upsilon_d*Sigma_disk_ml1 + Upsilon_b*Sigma_bulge_ml1,basis_only; stellar_mass_to_light_nuisance_not_applied,J = Sigma_b * V_model,self_consistent_model_velocity_required; not_evaluated,0,tabulated,piecewise_linear,data/stationary/source_reconstruction/ge04_vector_hi_profiles_v1.csv,ESO116-G012:0
ESO116-G012,blind,1,0.83,7.85544397771,168.99,0,Sigma_b = Sigma_gas + Upsilon_d*Sigma_disk_ml1 + Upsilon_b*Sigma_bulge_ml1,basis_only; stellar_mass_to_light_nuisance_not_applied,J = Sigma_b * V_model,self_consistent_model_velocity_required; not_evaluated,0,tabulated,piecewise_linear,data/stationary/source_reconstruction/ge04_vector_hi_profiles_v1.csv,ESO116-G012:1
ESO116-G012,blind,2,1.38,7.93396122449,141.01,0,Sigma_b = Sigma_gas + Upsilon_d*Sigma_disk_ml1 + Upsilon_b*Sigma_bulge_ml1,basis_only; stellar_mass_to_light_nuisance_not_applied,J = Sigma_b * V_model,self_consistent_model_velocity_required; not_evaluated,0,tabulated,piecewise_linear,data/stationary/source_reconstruction/ge04_vector_hi_profiles_v1.csv,ESO116-G012:2
ESO116-G012,blind,3,1.85,8.00105778082,81.24,0,Sigma_b = Sigma_gas + Upsilon_d*Sigma_disk_ml1 + Upsilon_b*Sigma_bulge_ml1,basis_only; stellar_mass_to_light_nuisance_not_applied,J = Sigma_b * V_model,self_consistent_model_velocity_required; not_evaluated,0,tabulated,piecewise_linear,data/stationary/source_reconstruction/ge04_vector_hi_profiles_v1.csv,ESO116-G012:3
ESO116-G012,blind,4,2.68,8.11954744414,46.01,0,Sigma_b = Sigma_gas + Upsilon_d*Sigma_disk_ml1 + Upsilon_b*Sigma_bulge_ml1,basis_only; stellar_mass_to_light_nuisance_not_applied,J = Sigma_b * V_model,self_consistent_model_velocity_required; not_evaluated,0,tabulated,piecewise_linear,data/stationary/source_reconstruction/ge04_vector_hi_profiles_v1.csv,ESO116-G012:4
ESO116-G012,blind,5,3.19,8.1923543457,41.4,0,Sigma_b = Sigma_gas + Upsilon_d*Sigma_disk_ml1 + Upsilon_b*Sigma_bulge_ml1,basis_only; stellar_mass_to_light_nuisance_not_applied,J = Sigma_b * V_model,self_consistent_model_velocity_required; not_evaluated,0,tabulated,piecewise_linear,data/stationary/source_reconstruction/ge04_vector_hi_profiles_v1.csv,ESO116-G012:5
ESO116-G012,blind,6,3.68,8.26230607465,30.23,0,Sigma_b = Sigma_gas + Upsilon_d*Sigma_disk_ml1 + Upsilon_b*Sigma_bulge_ml1,basis_only; stellar_mass_to_light_nuisance_not_applied,J = Sigma_b * V_model,self_consistent_model_velocity_required; not_evaluated,0,tabulated,piecewise_linear,data/stationary/source_reconstruction/ge04_vector_hi_profiles_v1.csv,ESO116-G012:6
ESO116-G012,blind,7,4.13,7.72265389761,24.2,0,Sigma_b = Sigma_gas + Upsilon_d*Sigma_disk_ml1 + Upsilon_b*Sigma_bulge_ml1,basis_only; stellar_mass_to_light_nuisance_not_applied,J = Sigma_b * V_model,self_consistent_model_velocity_required; not_evaluated,0,tabulated,piecewise_linear,data/stationary/source_reconstruction/ge04_vector_hi_profiles_v1.csv,ESO116-G012:7
ESO116-G012,blind,8,5.23,6.17305903772,9.48,0,Sigma_b = Sigma_gas + Upsilon_d*Sigma_disk_ml1 + Upsilon_b*Sigma_bulge_ml1,basis_only; stellar_mass_to_light_nuisance_not_applied,J = Sigma_b * V_model,self_consistent_model_velocity_required; not_evaluated,0,tabulated,piecewise_linear,data/stationary/source_reconstruction/ge04_vector_hi_profiles_v1.csv,ESO116-G012:8
ESO116-G012,blind,9,6.05,5.22592314623,3.57,0,Sigma_b = Sigma_gas + Upsilon_d*Sigma_disk_ml1 + Upsilon_b*Sigma_bulge_ml1,basis_only; stellar_mass_to_light_nuisance_not_applied,J = Sigma_b * V_model,self_consistent_model_velocity_required; not_evaluated,0,tabulated,piecewise_linear,data/stationary/source_reconstruction/ge04_vector_hi_profiles_v1.csv,ESO116-G012:9
ESO116-G012,blind,10,6.81,4.62537008295,2.78,0,Sigma_b = Sigma_gas + Upsilon_d*Sigma_disk_ml1 + Upsilon_b*Sigma_bulge_ml1,basis_only; stellar_mass_to_light_nuisance_not_applied,J = Sigma_b * V_model,self_consistent_model_velocity_required; not_evaluated,0,tabulated,piecewise_linear,data/stationary/source_reconstruction/ge04_vector_hi_profiles_v1.csv,ESO116-G012:10
ESO116-G012,blind,11,7.56,4.19633416395,2.04,0,Sigma_b = Sigma_gas + Upsilon_d*Sigma_disk_ml1 + Upsilon_b*Sigma_bulge_ml1,basis_only; stellar_mass_to_light_nuisance_not_applied,J = Sigma_b * V_model,self_consistent_model_velocity_required; not_evaluated,0,tabulated,piecewise_linear,data/stationary/source_reconstruction/ge04_vector_hi_profiles_v1.csv,ESO116-G012:11
ESO116-G012,blind,12,8.32,3.43199487957,1.21,0,Sigma_b = Sigma_gas + Upsilon_d*Sigma_disk_ml1 + Upsilon_b*Sigma_bulge_ml1,basis_only; stellar_mass_to_light_nuisance_not_applied,J = Sigma_b * V_model,self_consistent_model_velocity_required; not_evaluated,0,tabulated,piecewise_linear,data/stationary/source_reconstruction/ge04_vector_hi_profiles_v1.csv,ESO116-G012:12
ESO116-G012,blind,13,9.09,1.9856426034,0.72,0,Sigma_b = Sigma_gas + Upsilon_d*Sigma_disk_ml1 + Upsilon_b*Sigma_bulge_ml1,basis_only; stellar_mass_to_light_nuisance_not_applied,J = Sigma_b * V_model,self_consistent_model_velocity_required; not_evaluated,0,tabulated,piecewise_linear,data/stationary/source_reconstruction/ge04_vector_hi_profiles_v1.csv,ESO116-G012:13
ESO116-G012,blind,14,9.86,0.758890514883,0,0,Sigma_b = Sigma_gas + Upsilon_d*Sigma_disk_ml1 + Upsilon_b*Sigma_bulge_ml1,basis_only; stellar_mass_to_light_nuisance_not_applied,J = Sigma_b * V_model,self_consistent_model_velocity_required; not_evaluated,0,tabulated,piecewise_linear,data/stationary/source_reconstruction/ge04_vector_hi_profiles_v1.csv,ESO116-G012:14
F568-3,calibration,0,0.64,4.90972049579,67.54,0,Sigma_b = Sigma_gas + Upsilon_d*Sigma_disk_ml1 + Upsilon_b*Sigma_bulge_ml1,basis_only; stellar_mass_to_light_nuisance_not_applied,J = Sigma_b * V_model,self_consistent_model_velocity_required; not_evaluated,0,analytic,analytic_offcentered_gaussian_sum,data/stationary/source_reconstruction/jadhav_banerjee2019_lsb_hi_analytic_profiles_v1.csv,F568-3:0
F568-3,calibration,1,1.18,5.22933984682,56.11,0,Sigma_b = Sigma_gas + Upsilon_d*Sigma_disk_ml1 + Upsilon_b*Sigma_bulge_ml1,basis_only; stellar_mass_to_light_nuisance_not_applied,J = Sigma_b * V_model,self_consistent_model_velocity_required; not_evaluated,0,analytic,analytic_offcentered_gaussian_sum,data/stationary/source_reconstruction/jadhav_banerjee2019_lsb_hi_analytic_profiles_v1.csv,F568-3:1
F568-3,calibration,2,1.8,5.55131538167,46.3,0,Sigma_b = Sigma_gas + Upsilon_d*Sigma_disk_ml1 + Upsilon_b*Sigma_bulge_ml1,basis_only; stellar_mass_to_light_nuisance_not_applied,J = Sigma_b * V_model,self_consistent_model_velocity_required; not_evaluated,0,analytic,analytic_offcentered_gaussian_sum,data/stationary/source_reconstruction/jadhav_banerjee2019_lsb_hi_analytic_profiles_v1.csv,F568-3:2
F568-3,calibration,3,2.03,5.65623445412,44.1,0,Sigma_b = Sigma_gas + Upsilon_d*Sigma_disk_ml1 + Upsilon_b*Sigma_bulge_ml1,basis_only; stellar_mass_to_light_nuisance_not_applied,J = Sigma_b * V_model,self_consistent_model_velocity_required; not_evaluated,0,analytic,analytic_offcentered_gaussian_sum,data/stationary/source_reconstruction/jadhav_banerjee2019_lsb_hi_analytic_profiles_v1.csv,F568-3:3
F568-3,calibration,4,2.78,5.93503808228,37.67,0,Sigma_b = Sigma_gas + Upsilon_d*Sigma_disk_ml1 + Upsilon_b*Sigma_bulge_ml1,basis_only; stellar_mass_to_light_nuisance_not_applied,J = Sigma_b * V_model,self_consistent_model_velocity_required; not_evaluated,0,analytic,analytic_offcentered_gaussian_sum,data/stationary/source_reconstruction/jadhav_banerjee2019_lsb_hi_analytic_profiles_v1.csv,F568-3:4
F568-3,calibration,5,3,5.99682564368,35.56,0,Sigma_b = Sigma_gas + Upsilon_d*Sigma_disk_ml1 + Upsilon_b*Sigma_bulge_ml1,basis_only; stellar_mass_to_light_nuisance_not_applied,J = Sigma_b * V_model,self_consistent_model_velocity_required; not_evaluated,0,analytic,analytic_offcentered_gaussian_sum,data/stationary/source_reconstruction/jadhav_banerjee2019_lsb_hi_analytic_profiles_v1.csv,F568-3:5
F568-3,calibration,6,3.64,6.12065656302,30.26,0,Sigma_b = Sigma_gas + Upsilon_d*Sigma_disk_ml1 + Upsilon_b*Sigma_bulge_ml1,basis_only; stellar_mass_to_light_nuisance_not_applied,J = Sigma_b * V_model,self_consistent_model_velocity_required; not_evaluated,0,analytic,analytic_offcentered_gaussian_sum,data/stationary/source_reconstruction/jadhav_banerjee2019_lsb_hi_analytic_profiles_v1.csv,F568-3:6
F568-3,calibration,7,4.19,6.15775148374,25.29,0,Sigma_b = Sigma_gas + Upsilon_d*Sigma_disk_ml1 + Upsilon_b*Sigma_bulge_ml1,basis_only; stellar_mass_to_light_nuisance_not_applied,J = Sigma_b * V_model,self_consistent_model_velocity_required; not_evaluated,0,analytic,analytic_offcentered_gaussian_sum,data/stationary/source_reconstruction/jadhav_banerjee2019_lsb_hi_analytic_profiles_v1.csv,F568-3:7
F568-3,calibration,8,4.6,6.14283647307,21.07,0,Sigma_b = Sigma_gas + Upsilon_d*Sigma_disk_ml1 + Upsilon_b*Sigma_bulge_ml1,basis_only; stellar_mass_to_light_nuisance_not_applied,J = Sigma_b * V_model,self_consistent_model_velocity_required; not_evaluated,0,analytic,analytic_offcentered_gaussian_sum,data/stationary/source_reconstruction/jadhav_banerjee2019_lsb_hi_analytic_profiles_v1.csv,F568-3:8
F568-3,calibration,9,5.14,6.06819482124,19.58,0,Sigma_b = Sigma_gas + Upsilon_d*Sigma_disk_ml1 + Upsilon_b*Sigma_bulge_ml1,basis_only; stellar_mass_to_light_nuisance_not_applied,J = Sigma_b * V_model,self_consistent_model_velocity_required; not_evaluated,0,analytic,analytic_offcentered_gaussian_sum,data/stationary/source_reconstruction/jadhav_banerjee2019_lsb_hi_analytic_profiles_v1.csv,F568-3:9
F568-3,calibration,10,5.39,6.01300268079,19.11,0,Sigma_b = Sigma_gas + Upsilon_d*Sigma_disk_ml1 + Upsilon_b*Sigma_bulge_ml1,basis_only; stellar_mass_to_light_nuisance_not_applied,J = Sigma_b * V_model,self_consistent_model_velocity_required; not_evaluated,0,analytic,analytic_offcentered_gaussian_sum,data/stationary/source_reconstruction/jadhav_banerjee2019_lsb_hi_analytic_profiles_v1.csv,F568-3:10
F568-3,calibration,11,6.31,5.70504125448,14.95,0,Sigma_b = Sigma_gas + Upsilon_d*Sigma_disk_ml1 + Upsilon_b*Sigma_bulge_ml1,basis_only; stellar_mass_to_light_nuisance_not_applied,J = Sigma_b * V_model,self_consistent_model_velocity_required; not_evaluated,0,analytic,analytic_offcentered_gaussian_sum,data/stationary/source_reconstruction/jadhav_banerjee2019_lsb_hi_analytic_profiles_v1.csv,F568-3:11
F568-3,calibration,12,9.1,4.05392362266,7.98,0,Sigma_b = Sigma_gas + Upsilon_d*Sigma_disk_ml1 + Upsilon_b*Sigma_bulge_ml1,basis_only; stellar_mass_to_light_nuisance_not_applied,J = Sigma_b * V_model,self_consistent_model_velocity_required; not_evaluated,0,analytic,analytic_offcentered_gaussian_sum,data/stationary/source_reconstruction/jadhav_banerjee2019_lsb_hi_analytic_profiles_v1.csv,F568-3:12
F568-3,calibration,13,10.17,3.30666402204,6.77,0,Sigma_b = Sigma_gas + Upsilon_d*Sigma_disk_ml1 + Upsilon_b*Sigma_bulge_ml1,basis_only; stellar_mass_to_light_nuisance_not_applied,J = Sigma_b * V_model,self_consistent_model_velocity_required; not_evaluated,0,analytic,analytic_offcentered_gaussian_sum,data/stationary/source_reconstruction/jadhav_banerjee2019_lsb_hi_analytic_profiles_v1.csv,F568-3:13
F568-3,calibration,14,11.99,2.13140845184,4.47,0,Sigma_b = Sigma_gas + Upsilon_d*Sigma_disk_ml1 + Upsilon_b*Sigma_bulge_ml1,basis_only; stellar_mass_to_light_nuisance_not_applied,J = Sigma_b * V_model,self_consistent_model_velocity_required; not_evaluated,0,analytic,analytic_offcentered_gaussian_sum,data/stationary/source_reconstruction/jadhav_banerjee2019_lsb_hi_analytic_profiles_v1.csv,F568-3:14
F568-3,calibration,15,14.02,1.13810161762,3.11,0,Sigma_b = Sigma_gas + Upsilon_d*Sigma_disk_ml1 + Upsilon_b*Sigma_bulge_ml1,basis_only; stellar_mass_to_light_nuisance_not_applied,J = Sigma_b * V_model,self_consistent_model_velocity_required; not_evaluated,0,analytic,analytic_offcentered_gaussian_sum,data/stationary/source_reconstruction/jadhav_banerjee2019_lsb_hi_analytic_profiles_v1.csv,F568-3:15
F568-3,calibration,16,15.94,0.550142148566,2.41,0,Sigma_b = Sigma_gas + Upsilon_d*Sigma_disk_ml1 + Upsilon_b*Sigma_bulge_ml1,basis_only; stellar_mass_to_light_nuisance_not_applied,J = Sigma_b * V_model,self_consistent_model_velocity_required; not_evaluated,0,analytic,analytic_offcentered_gaussian_sum,data/stationary/source_reconstruction/jadhav_banerjee2019_lsb_hi_analytic_profiles_v1.csv,F568-3:16
F568-3,calibration,17,17.98,0.220430341701,1.66,0,Sigma_b = Sigma_gas + Upsilon_d*Sigma_disk_ml1 + Upsilon_b*Sigma_bulge_ml1,basis_only; stellar_mass_to_light_nuisance_not_applied,J = Sigma_b * V_model,self_consistent_model_velocity_required; not_evaluated,0,analytic,analytic_offcentered_gaussian_sum,data/stationary/source_reconstruction/jadhav_banerjee2019_lsb_hi_analytic_profiles_v1.csv,F568-3:17
F568-V1,calibration,0,0.39,3.9830474477,99.83,0,Sigma_b = Sigma_gas + Upsilon_d*Sigma_disk_ml1 + Upsilon_b*Sigma_bulge_ml1,basis_only; stellar_mass_to_light_nuisance_not_applied,J = Sigma_b * V_model,self_consistent_model_velocity_required; not_evaluated,0,analytic,analytic_offcentered_gaussian_sum,data/stationary/source_reconstruction/jadhav_banerjee2019_lsb_hi_analytic_profiles_v1.csv,F568-V1:0
F568-V1,calibration,1,1.18,4.37858131461,60.79,0,Sigma_b = Sigma_gas + Upsilon_d*Sigma_disk_ml1 + Upsilon_b*Sigma_bulge_ml1,basis_only; stellar_mass_to_light_nuisance_not_applied,J = Sigma_b * V_model,self_consistent_model_velocity_required; not_evaluated,0,analytic,analytic_offcentered_gaussian_sum,data/stationary/source_reconstruction/jadhav_banerjee2019_lsb_hi_analytic_profiles_v1.csv,F568-V1:1
F568-V1,calibration,2,1.95,4.6798138172,34.2,0,Sigma_b = Sigma_gas + Upsilon_d*Sigma_disk_ml1 + Upsilon_b*Sigma_bulge_ml1,basis_only; stellar_mass_to_light_nuisance_not_applied,J = Sigma_b * V_model,self_consistent_model_velocity_required; not_evaluated,0,analytic,analytic_offcentered_gaussian_sum,data/stationary/source_reconstruction/jadhav_banerjee2019_lsb_hi_analytic_profiles_v1.csv,F568-V1:2
F568-V1,calibration,3,2.74,4.90415220105,27.14,0,Sigma_b = Sigma_gas + Upsilon_d*Sigma_disk_ml1 + Upsilon_b*Sigma_bulge_ml1,basis_only; stellar_mass_to_light_nuisance_not_applied,J = Sigma_b * V_model,self_consistent_model_velocity_required; not_evaluated,0,analytic,analytic_offcentered_gaussian_sum,data/stationary/source_reconstruction/jadhav_banerjee2019_lsb_hi_analytic_profiles_v1.csv,F568-V1:3
F568-V1,calibration,4,3.53,5.06423384565,22.68,0,Sigma_b = Sigma_gas + Upsilon_d*Sigma_disk_ml1 + Upsilon_b*Sigma_bulge_ml1,basis_only; stellar_mass_to_light_nuisance_not_applied,J = Sigma_b * V_model,self_consistent_model_velocity_required; not_evaluated,0,analytic,analytic_offcentered_gaussian_sum,data/stationary/source_reconstruction/jadhav_banerjee2019_lsb_hi_analytic_profiles_v1.csv,F568-V1:4
F568-V1,calibration,5,4.3,5.18772132239,16.78,0,Sigma_b = Sigma_gas + Upsilon_d*Sigma_disk_ml1 + Upsilon_b*Sigma_bulge_ml1,basis_only; stellar_mass_to_light_nuisance_not_applied,J = Sigma_b * V_model,self_consistent_model_velocity_required; not_evaluated,0,analytic,analytic_offcentered_gaussian_sum,data/stationary/source_reconstruction/jadhav_banerjee2019_lsb_hi_analytic_profiles_v1.csv,F568-V1:5
F568-V1,calibration,6,5.09,5.29748882671,11.52,0,Sigma_b = Sigma_gas + Upsilon_d*Sigma_disk_ml1 + Upsilon_b*Sigma_bulge_ml1,basis_only; stellar_mass_to_light_nuisance_not_applied,J = Sigma_b * V_model,self_consistent_model_velocity_required; not_evaluated,0,analytic,analytic_offcentered_gaussian_sum,data/stationary/source_reconstruction/jadhav_banerjee2019_lsb_hi_analytic_profiles_v1.csv,F568-V1:6
F568-V1,calibration,7,5.87,5.36826055772,9.36,0,Sigma_b = Sigma_gas + Upsilon_d*Sigma_disk_ml1 + Upsilon_b*Sigma_bulge_ml1,basis_only; stellar_mass_to_light_nuisance_not_applied,J = Sigma_b * V_model,self_consistent_model_velocity_required; not_evaluated,0,analytic,analytic_offcentered_gaussian_sum,data/stationary/source_reconstruction/jadhav_banerjee2019_lsb_hi_analytic_profiles_v1.csv,F568-V1:7
F568-V1,calibration,8,6.4,5.36357781364,8.08,0,Sigma_b = Sigma_gas + Upsilon_d*Sigma_disk_ml1 + Upsilon_b*Sigma_bulge_ml1,basis_only; stellar_mass_to_light_nuisance_not_applied,J = Sigma_b * V_model,self_consistent_model_velocity_required; not_evaluated,0,analytic,analytic_offcentered_gaussian_sum,data/stationary/source_reconstruction/jadhav_banerjee2019_lsb_hi_analytic_profiles_v1.csv,F568-V1:8
F568-V1,calibration,9,7.44,5.11758357745,6.21,0,Sigma_b = Sigma_gas + Upsilon_d*Sigma_disk_ml1 + Upsilon_b*Sigma_bulge_ml1,basis_only; stellar_mass_to_light_nuisance_not_applied,J = Sigma_b * V_model,self_consistent_model_velocity_required; not_evaluated,0,analytic,analytic_offcentered_gaussian_sum,data/stationary/source_reconstruction/jadhav_banerjee2019_lsb_hi_analytic_profiles_v1.csv,F568-V1:9
F568-V1,calibration,10,8.21,4.66533639727,4.32,0,Sigma_b = Sigma_gas + Upsilon_d*Sigma_disk_ml1 + Upsilon_b*Sigma_bulge_ml1,basis_only; stellar_mass_to_light_nuisance_not_applied,J = Sigma_b * V_model,self_consistent_model_velocity_required; not_evaluated,0,analytic,analytic_offcentered_gaussian_sum,data/stationary/source_reconstruction/jadhav_banerjee2019_lsb_hi_analytic_profiles_v1.csv,F568-V1:10
F568-V1,calibration,11,9,3.9708197149,3.01,0,Sigma_b = Sigma_gas + Upsilon_d*Sigma_disk_ml1 + Upsilon_b*Sigma_bulge_ml1,basis_only; stellar_mass_to_light_nuisance_not_applied,J = Sigma_b * V_model,self_consistent_model_velocity_required; not_evaluated,0,analytic,analytic_offcentered_gaussian_sum,data/stationary/source_reconstruction/jadhav_banerjee2019_lsb_hi_analytic_profiles_v1.csv,F568-V1:11
F568-V1,calibration,12,9.72,3.21028630661,2.45,0,Sigma_b = Sigma_gas + Upsilon_d*Sigma_disk_ml1 + Upsilon_b*Sigma_bulge_ml1,basis_only; stellar_mass_to_light_nuisance_not_applied,J = Sigma_b * V_model,self_consistent_model_velocity_required; not_evaluated,0,analytic,analytic_offcentered_gaussian_sum,data/stationary/source_reconstruction/jadhav_banerjee2019_lsb_hi_analytic_profiles_v1.csv,F568-V1:12
F568-V1,calibration,13,11.79,1.21992852882,1.17,0,Sigma_b = Sigma_gas + Upsilon_d*Sigma_disk_ml1 + Upsilon_b*Sigma_bulge_ml1,basis_only; stellar_mass_to_light_nuisance_not_applied,J = Sigma_b * V_model,self_consistent_model_velocity_required; not_evaluated,0,analytic,analytic_offcentered_gaussian_sum,data/stationary/source_reconstruction/jadhav_banerjee2019_lsb_hi_analytic_profiles_v1.csv,F568-V1:13
F568-V1,calibration,14,17.63,0.0187001031304,0,0,Sigma_b = Sigma_gas + Upsilon_d*Sigma_disk_ml1 + Upsilon_b*Sigma_bulge_ml1,basis_only; stellar_mass_to_light_nuisance_not_applied,J = Sigma_b * V_model,self_consistent_model_velocity_required; not_evaluated,0,analytic,analytic_offcentered_gaussian_sum,data/stationary/source_reconstruction/jadhav_banerjee2019_lsb_hi_analytic_profiles_v1.csv,F568-V1:14
F574-1,blind,0,0.47,3.21596405265,104.59,0,Sigma_b = Sigma_gas + Upsilon_d*Sigma_disk_ml1 + Upsilon_b*Sigma_bulge_ml1,basis_only; stellar_mass_to_light_nuisance_not_applied,J = Sigma_b * V_model,self_consistent_model_velocity_required; not_evaluated,0,analytic,analytic_offcentered_gaussian_sum,data/stationary/source_reconstruction/jadhav_banerjee2019_lsb_hi_analytic_profiles_v1.csv,F574-1:0
F574-1,blind,1,1.41,3.29615711689,69.17,0,Sigma_b = Sigma_gas + Upsilon_d*Sigma_disk_ml1 + Upsilon_b*Sigma_bulge_ml1,basis_only; stellar_mass_to_light_nuisance_not_applied,J = Sigma_b * V_model,self_consistent_model_velocity_required; not_evaluated,0,analytic,analytic_offcentered_gaussian_sum,data/stationary/source_reconstruction/jadhav_banerjee2019_lsb_hi_analytic_profiles_v1.csv,F574-1:1
F574-1,blind,2,2.35,3.37638737321,36.87,0,Sigma_b = Sigma_gas + Upsilon_d*Sigma_disk_ml1 + Upsilon_b*Sigma_bulge_ml1,basis_only; stellar_mass_to_light_nuisance_not_applied,J = Sigma_b * V_model,self_consistent_model_velocity_required; not_evaluated,0,analytic,analytic_offcentered_gaussian_sum,data/stationary/source_reconstruction/jadhav_banerjee2019_lsb_hi_analytic_profiles_v1.csv,F574-1:2
F574-1,blind,3,3.29,3.46417848123,24.85,0,Sigma_b = Sigma_gas + Upsilon_d*Sigma_disk_ml1 + Upsilon_b*Sigma_bulge_ml1,basis_only; stellar_mass_to_light_nuisance_not_applied,J = Sigma_b * V_model,self_consistent_model_velocity_required; not_evaluated,0,analytic,analytic_offcentered_gaussian_sum,data/stationary/source_reconstruction/jadhav_banerjee2019_lsb_hi_analytic_profiles_v1.csv,F574-1:3
F574-1,blind,4,4.22,3.56235253824,21.2,0,Sigma_b = Sigma_gas + Upsilon_d*Sigma_disk_ml1 + Upsilon_b*Sigma_bulge_ml1,basis_only; stellar_mass_to_light_nuisance_not_applied,J = Sigma_b * V_model,self_consistent_model_velocity_required; not_evaluated,0,analytic,analytic_offcentered_gaussian_sum,data/stationary/source_reconstruction/jadhav_banerjee2019_lsb_hi_analytic_profiles_v1.csv,F574-1:4
F574-1,blind,5,5.17,3.6719366298,16.81,0,Sigma_b = Sigma_gas + Upsilon_d*Sigma_disk_ml1 + Upsilon_b*Sigma_bulge_ml1,basis_only; stellar_mass_to_light_nuisance_not_applied,J = Sigma_b * V_model,self_consistent_model_velocity_required; not_evaluated,0,analytic,analytic_offcentered_gaussian_sum,data/stationary/source_reconstruction/jadhav_banerjee2019_lsb_hi_analytic_profiles_v1.csv,F574-1:5
F574-1,blind,6,6.11,3.77928275238,13.72,0,Sigma_b = Sigma_gas + Upsilon_d*Sigma_disk_ml1 + Upsilon_b*Sigma_bulge_ml1,basis_only; stellar_mass_to_light_nuisance_not_applied,J = Sigma_b * V_model,self_consistent_model_velocity_required; not_evaluated,0,analytic,analytic_offcentered_gaussian_sum,data/stationary/source_reconstruction/jadhav_banerjee2019_lsb_hi_analytic_profiles_v1.csv,F574-1:6
F574-1,blind,7,7.05,3.86734100265,10.54,0,Sigma_b = Sigma_gas + Upsilon_d*Sigma_disk_ml1 + Upsilon_b*Sigma_bulge_ml1,basis_only; stellar_mass_to_light_nuisance_not_applied,J = Sigma_b * V_model,self_consistent_model_velocity_required; not_evaluated,0,analytic,analytic_offcentered_gaussian_sum,data/stationary/source_reconstruction/jadhav_banerjee2019_lsb_hi_analytic_profiles_v1.csv,F574-1:7
F574-1,blind,8,7.99,3.91255983876,8.66,0,Sigma_b = Sigma_gas + Upsilon_d*Sigma_disk_ml1 + Upsilon_b*Sigma_bulge_ml1,basis_only; stellar_mass_to_light_nuisance_not_applied,J = Sigma_b * V_model,self_consistent_model_velocity_required; not_evaluated,0,analytic,analytic_offcentered_gaussian_sum,data/stationary/source_reconstruction/jadhav_banerjee2019_lsb_hi_analytic_profiles_v1.csv,F574-1:8
F574-1,blind,9,8.92,3.89128494403,6.85,0,Sigma_b = Sigma_gas + Upsilon_d*Sigma_disk_ml1 + Upsilon_b*Sigma_bulge_ml1,basis_only; stellar_mass_to_light_nuisance_not_applied,J = Sigma_b * V_model,self_consistent_model_velocity_required; not_evaluated,0,analytic,analytic_offcentered_gaussian_sum,data/stationary/source_reconstruction/jadhav_banerjee2019_lsb_hi_analytic_profiles_v1.csv,F574-1:9
F574-1,blind,10,9.87,3.78218073001,6.33,0,Sigma_b = Sigma_gas + Upsilon_d*Sigma_disk_ml1 + Upsilon_b*Sigma_bulge_ml1,basis_only; stellar_mass_to_light_nuisance_not_applied,J = Sigma_b * V_model,self_consistent_model_velocity_required; not_evaluated,0,analytic,analytic_offcentered_gaussian_sum,data/stationary/source_reconstruction/jadhav_banerjee2019_lsb_hi_analytic_profiles_v1.csv,F574-1:10
F574-1,blind,11,10.79,3.58341198237,5.29,0,Sigma_b = Sigma_gas + Upsilon_d*Sigma_disk_ml1 + Upsilon_b*Sigma_bulge_ml1,basis_only; stellar_mass_to_light_nuisance_not_applied,J = Sigma_b * V_model,self_consistent_model_velocity_required; not_evaluated,0,analytic,analytic_offcentered_gaussian_sum,data/stationary/source_reconstruction/jadhav_banerjee2019_lsb_hi_analytic_profiles_v1.csv,F574-1:11
F574-1,blind,12,11.8,3.26444152013,4.09,0,Sigma_b = Sigma_gas + Upsilon_d*Sigma_disk_ml1 + Upsilon_b*Sigma_bulge_ml1,basis_only; stellar_mass_to_light_nuisance_not_applied,J = Sigma_b * V_model,self_consistent_model_velocity_required; not_evaluated,0,analytic,analytic_offcentered_gaussian_sum,data/stationary/source_reconstruction/jadhav_banerjee2019_lsb_hi_analytic_profiles_v1.csv,F574-1:12
F574-1,blind,13,12.6,2.95058108318,3.23,0,Sigma_b = Sigma_gas + Upsilon_d*Sigma_disk_ml1 + Upsilon_b*Sigma_bulge_ml1,basis_only; stellar_mass_to_light_nuisance_not_applied,J = Sigma_b * V_model,self_consistent_model_velocity_required; not_evaluated,0,analytic,analytic_offcentered_gaussian_sum,data/stationary/source_reconstruction/jadhav_banerjee2019_lsb_hi_analytic_profiles_v1.csv,F574-1:13
F583-1,calibration,0,0.26,3.84471980975,34.28,0,Sigma_b = Sigma_gas + Upsilon_d*Sigma_disk_ml1 + Upsilon_b*Sigma_bulge_ml1,basis_only; stellar_mass_to_light_nuisance_not_applied,J = Sigma_b * V_model,self_consistent_model_velocity_required; not_evaluated,0,analytic,analytic_offcentered_gaussian_sum,data/stationary/source_reconstruction/jadhav_banerjee2019_lsb_hi_analytic_profiles_v1.csv,F583-1:0
F583-1,calibration,1,0.44,3.94743376845,31.74,0,Sigma_b = Sigma_gas + Upsilon_d*Sigma_disk_ml1 + Upsilon_b*Sigma_bulge_ml1,basis_only; stellar_mass_to_light_nuisance_not_applied,J = Sigma_b * V_model,self_consistent_model_velocity_required; not_evaluated,0,analytic,analytic_offcentered_gaussian_sum,data/stationary/source_reconstruction/jadhav_banerjee2019_lsb_hi_analytic_profiles_v1.csv,F583-1:1
F583-1,calibration,2,0.77,4.13359811907,26.03,0,Sigma_b = Sigma_gas + Upsilon_d*Sigma_disk_ml1 + Upsilon_b*Sigma_bulge_ml1,basis_only; stellar_mass_to_light_nuisance_not_applied,J = Sigma_b * V_model,self_consistent_model_velocity_required; not_evaluated,0,analytic,analytic_offcentered_gaussian_sum,data/stationary/source_reconstruction/jadhav_banerjee2019_lsb_hi_analytic_profiles_v1.csv,F583-1:2
F583-1,calibration,3,0.89,4.20041526203,23.16,0,Sigma_b = Sigma_gas + Upsilon_d*Sigma_disk_ml1 + Upsilon_b*Sigma_bulge_ml1,basis_only; stellar_mass_to_light_nuisance_not_applied,J = Sigma_b * V_model,self_consistent_model_velocity_required; not_evaluated,0,analytic,analytic_offcentered_gaussian_sum,data/stationary/source_reconstruction/jadhav_banerjee2019_lsb_hi_analytic_profiles_v1.csv,F583-1:3
F583-1,calibration,4,1.22,4.38109666722,17.48,0,Sigma_b = Sigma_gas + Upsilon_d*Sigma_disk_ml1 + Upsilon_b*Sigma_bulge_ml1,basis_only; stellar_mass_to_light_nuisance_not_applied,J = Sigma_b * V_model,self_consistent_model_velocity_required; not_evaluated,0,analytic,analytic_offcentered_gaussian_sum,data/stationary/source_reconstruction/jadhav_banerjee2019_lsb_hi_analytic_profiles_v1.csv,F583-1:4
F583-1,calibration,5,1.55,4.55635398711,11.3,0,Sigma_b = Sigma_gas + Upsilon_d*Sigma_disk_ml1 + Upsilon_b*Sigma_bulge_ml1,basis_only; stellar_mass_to_light_nuisance_not_applied,J = Sigma_b * V_model,self_consistent_model_velocity_required; not_evaluated,0,analytic,analytic_offcentered_gaussian_sum,data/stationary/source_reconstruction/jadhav_banerjee2019_lsb_hi_analytic_profiles_v1.csv,F583-1:5
F583-1,calibration,6,1.8,4.68483217662,10.51,0,Sigma_b = Sigma_gas + Upsilon_d*Sigma_disk_ml1 + Upsilon_b*Sigma_bulge_ml1,basis_only; stellar_mass_to_light_nuisance_not_applied,J = Sigma_b * V_model,self_consistent_model_velocity_required; not_evaluated,0,analytic,analytic_offcentered_gaussian_sum,data/stationary/source_reconstruction/jadhav_banerjee2019_lsb_hi_analytic_profiles_v1.csv,F583-1:6
F583-1,calibration,7,2.21,4.88632920284,10.14,0,Sigma_b = Sigma_gas + Upsilon_d*Sigma_disk_ml1 + Upsilon_b*Sigma_bulge_ml1,basis_only; stellar_mass_to_light_nuisance_not_applied,J = Sigma_b * V_model,self_consistent_model_velocity_required; not_evaluated,0,analytic,analytic_offcentered_gaussian_sum,data/stationary/source_reconstruction/jadhav_banerjee2019_lsb_hi_analytic_profiles_v1.csv,F583-1:7
F583-1,calibration,8,2.31,4.93360148938,9.91,0,Sigma_b = Sigma_gas + Upsilon_d*Sigma_disk_ml1 + Upsilon_b*Sigma_bulge_ml1,basis_only; stellar_mass_to_light_nuisance_not_applied,J = Sigma_b * V_model,self_consistent_model_velocity_required; not_evaluated,0,analytic,analytic_offcentered_gaussian_sum,data/stationary/source_reconstruction/jadhav_banerjee2019_lsb_hi_analytic_profiles_v1.csv,F583-1:8
F583-1,calibration,9,2.54,5.03940440336,9.2,0,Sigma_b = Sigma_gas + Upsilon_d*Sigma_disk_ml1 + Upsilon_b*Sigma_bulge_ml1,basis_only; stellar_mass_to_light_nuisance_not_applied,J = Sigma_b * V_model,self_consistent_model_velocity_required; not_evaluated,0,analytic,analytic_offcentered_gaussian_sum,data/stationary/source_reconstruction/jadhav_banerjee2019_lsb_hi_analytic_profiles_v1.csv,F583-1:9
F583-1,calibration,10,3.1,5.27981987113,8.56,0,Sigma_b = Sigma_gas + Upsilon_d*Sigma_disk_ml1 + Upsilon_b*Sigma_bulge_ml1,basis_only; stellar_mass_to_light_nuisance_not_applied,J = Sigma_b * V_model,self_consistent_model_velocity_required; not_evaluated,0,analytic,analytic_offcentered_gaussian_sum,data/stationary/source_reconstruction/jadhav_banerjee2019_lsb_hi_analytic_profiles_v1.csv,F583-1:10
F583-1,calibration,11,3.43,5.41068662421,7.6,0,Sigma_b = Sigma_gas + Upsilon_d*Sigma_disk_ml1 + Upsilon_b*Sigma_bulge_ml1,basis_only; stellar_mass_to_light_nuisance_not_applied,J = Sigma_b * V_model,self_consistent_model_velocity_required; not_evaluated,0,analytic,analytic_offcentered_gaussian_sum,data/stationary/source_reconstruction/jadhav_banerjee2019_lsb_hi_analytic_profiles_v1.csv,F583-1:11
F583-1,calibration,12,3.86,5.57110991643,6.05,0,Sigma_b = Sigma_gas + Upsilon_d*Sigma_disk_ml1 + Upsilon_b*Sigma_bulge_ml1,basis_only; stellar_mass_to_light_nuisance_not_applied,J = Sigma_b * V_model,self_consistent_model_velocity_required; not_evaluated,0,analytic,analytic_offcentered_gaussian_sum,data/stationary/source_reconstruction/jadhav_banerjee2019_lsb_hi_analytic_profiles_v1.csv,F583-1:12
F583-1,calibration,13,4.09,5.65309680237,5.43,0,Sigma_b = Sigma_gas + Upsilon_d*Sigma_disk_ml1 + Upsilon_b*Sigma_bulge_ml1,basis_only; stellar_mass_to_light_nuisance_not_applied,J = Sigma_b * V_model,self_consistent_model_velocity_required; not_evaluated,0,analytic,analytic_offcentered_gaussian_sum,data/stationary/source_reconstruction/jadhav_banerjee2019_lsb_hi_analytic_profiles_v1.csv,F583-1:13
F583-1,calibration,14,4.37,5.74993002163,4.75,0,Sigma_b = Sigma_gas + Upsilon_d*Sigma_disk_ml1 + Upsilon_b*Sigma_bulge_ml1,basis_only; stellar_mass_to_light_nuisance_not_applied,J = Sigma_b * V_model,self_consistent_model_velocity_required; not_evaluated,0,analytic,analytic_offcentered_gaussian_sum,data/stationary/source_reconstruction/jadhav_banerjee2019_lsb_hi_analytic_profiles_v1.csv,F583-1:14
F583-1,calibration,15,4.76,5.87938124001,3.9,0,Sigma_b = Sigma_gas + Upsilon_d*Sigma_disk_ml1 + Upsilon_b*Sigma_bulge_ml1,basis_only; stellar_mass_to_light_nuisance_not_applied,J = Sigma_b * V_model,self_consistent_model_velocity_required; not_evaluated,0,analytic,analytic_offcentered_gaussian_sum,data/stationary/source_reconstruction/jadhav_banerjee2019_lsb_hi_analytic_profiles_v1.csv,F583-1:15
F583-1,calibration,16,5.4,6.06979967189,2.77,0,Sigma_b = Sigma_gas + Upsilon_d*Sigma_disk_ml1 + Upsilon_b*Sigma_bulge_ml1,basis_only; stellar_mass_to_light_nuisance_not_applied,J = Sigma_b * V_model,self_consistent_model_velocity_required; not_evaluated,0,analytic,analytic_offcentered_gaussian_sum,data/stationary/source_reconstruction/jadhav_banerjee2019_lsb_hi_analytic_profiles_v1.csv,F583-1:16
F583-1,calibration,17,5.86,6.17222643564,2.15,0,Sigma_b = Sigma_gas + Upsilon_d*Sigma_disk_ml1 + Upsilon_b*Sigma_bulge_ml1,basis_only; stellar_mass_to_light_nuisance_not_applied,J = Sigma_b * V_model,self_consistent_model_velocity_required; not_evaluated,0,analytic,analytic_offcentered_gaussian_sum,data/stationary/source_reconstruction/jadhav_banerjee2019_lsb_hi_analytic_profiles_v1.csv,F583-1:17
F583-1,calibration,18,6.08,6.20434370429,1.92,0,Sigma_b = Sigma_gas + Upsilon_d*Sigma_disk_ml1 + Upsilon_b*Sigma_bulge_ml1,basis_only; stellar_mass_to_light_nuisance_not_applied,J = Sigma_b * V_model,self_consistent_model_velocity_required; not_evaluated,0,analytic,analytic_offcentered_gaussian_sum,data/stationary/source_reconstruction/jadhav_banerjee2019_lsb_hi_analytic_profiles_v1.csv,F583-1:18
F583-1,calibration,19,6.43,6.22558244047,1.61,0,Sigma_b = Sigma_gas + Upsilon_d*Sigma_disk_ml1 + Upsilon_b*Sigma_bulge_ml1,basis_only; stellar_mass_to_light_nuisance_not_applied,J = Sigma_b * V_model,self_consistent_model_velocity_required; not_evaluated,0,analytic,analytic_offcentered_gaussian_sum,data/stationary/source_reconstruction/jadhav_banerjee2019_lsb_hi_analytic_profiles_v1.csv,F583-1:19
F583-1,calibration,20,6.97,6.17286091884,1.25,0,Sigma_b = Sigma_gas + Upsilon_d*Sigma_disk_ml1 + Upsilon_b*Sigma_bulge_ml1,basis_only; stellar_mass_to_light_nuisance_not_applied,J = Sigma_b * V_model,self_consistent_model_velocity_required; not_evaluated,0,analytic,analytic_offcentered_gaussian_sum,data/stationary/source_reconstruction/jadhav_banerjee2019_lsb_hi_analytic_profiles_v1.csv,F583-1:20
F583-1,calibration,21,7.96,5.81006225984,0.92,0,Sigma_b = Sigma_gas + Upsilon_d*Sigma_disk_ml1 + Upsilon_b*Sigma_bulge_ml1,basis_only; stellar_mass_to_light_nuisance_not_applied,J = Sigma_b * V_model,self_consistent_model_velocity_required; not_evaluated,0,analytic,analytic_offcentered_gaussian_sum,data/stationary/source_reconstruction/jadhav_banerjee2019_lsb_hi_analytic_profiles_v1.csv,F583-1:21
F583-1,calibration,22,10.29,4.46689634412,0.37,0,Sigma_b = Sigma_gas + Upsilon_d*Sigma_disk_ml1 + Upsilon_b*Sigma_bulge_ml1,basis_only; stellar_mass_to_light_nuisance_not_applied,J = Sigma_b * V_model,self_consistent_model_velocity_required; not_evaluated,0,analytic,analytic_offcentered_gaussian_sum,data/stationary/source_reconstruction/jadhav_banerjee2019_lsb_hi_analytic_profiles_v1.csv,F583-1:22
F583-1,calibration,23,15.49,1.65517702925,0,0,Sigma_b = Sigma_gas + Upsilon_d*Sigma_disk_ml1 + Upsilon_b*Sigma_bulge_ml1,basis_only; stellar_mass_to_light_nuisance_not_applied,J = Sigma_b * V_model,self_consistent_model_velocity_required; not_evaluated,0,analytic,analytic_offcentered_gaussian_sum,data/stationary/source_reconstruction/jadhav_banerjee2019_lsb_hi_analytic_profiles_v1.csv,F583-1:23
F583-1,calibration,24,16.26,1.34460920453,0,0,Sigma_b = Sigma_gas + Upsilon_d*Sigma_disk_ml1 + Upsilon_b*Sigma_bulge_ml1,basis_only; stellar_mass_to_light_nuisance_not_applied,J = Sigma_b * V_model,self_consistent_model_velocity_required; not_evaluated,0,analytic,analytic_offcentered_gaussian_sum,data/stationary/source_reconstruction/jadhav_banerjee2019_lsb_hi_analytic_profiles_v1.csv,F583-1:24
F583-4,calibration,0,0.22,2.43512845222,69.18,0,Sigma_b = Sigma_gas + Upsilon_d*Sigma_disk_ml1 + Upsilon_b*Sigma_bulge_ml1,basis_only; stellar_mass_to_light_nuisance_not_applied,J = Sigma_b * V_model,self_consistent_model_velocity_required; not_evaluated,0,analytic,analytic_offcentered_gaussian_sum,data/stationary/source_reconstruction/jadhav_banerjee2019_lsb_hi_analytic_profiles_v1.csv,F583-4:0
F583-4,calibration,1,0.76,2.44868247858,60.07,0,Sigma_b = Sigma_gas + Upsilon_d*Sigma_disk_ml1 + Upsilon_b*Sigma_bulge_ml1,basis_only; stellar_mass_to_light_nuisance_not_applied,J = Sigma_b * V_model,self_consistent_model_velocity_required; not_evaluated,0,analytic,analytic_offcentered_gaussian_sum,data/stationary/source_reconstruction/jadhav_banerjee2019_lsb_hi_analytic_profiles_v1.csv,F583-4:1
F583-4,calibration,2,1.31,2.40284463956,42.04,0,Sigma_b = Sigma_gas + Upsilon_d*Sigma_disk_ml1 + Upsilon_b*Sigma_bulge_ml1,basis_only; stellar_mass_to_light_nuisance_not_applied,J = Sigma_b * V_model,self_consistent_model_velocity_required; not_evaluated,0,analytic,analytic_offcentered_gaussian_sum,data/stationary/source_reconstruction/jadhav_banerjee2019_lsb_hi_analytic_profiles_v1.csv,F583-4:2
F583-4,calibration,3,1.94,2.30984514217,31.07,0,Sigma_b = Sigma_gas + Upsilon_d*Sigma_disk_ml1 + Upsilon_b*Sigma_bulge_ml1,basis_only; stellar_mass_to_light_nuisance_not_applied,J = Sigma_b * V_model,self_consistent_model_velocity_required; not_evaluated,0,analytic,analytic_offcentered_gaussian_sum,data/stationary/source_reconstruction/jadhav_banerjee2019_lsb_hi_analytic_profiles_v1.csv,F583-4:3
F583-4,calibration,4,3.92,2.03870746394,9.64,0,Sigma_b = Sigma_gas + Upsilon_d*Sigma_disk_ml1 + Upsilon_b*Sigma_bulge_ml1,basis_only; stellar_mass_to_light_nuisance_not_applied,J = Sigma_b * V_model,self_consistent_model_velocity_required; not_evaluated,0,analytic,analytic_offcentered_gaussian_sum,data/stationary/source_reconstruction/jadhav_banerjee2019_lsb_hi_analytic_profiles_v1.csv,F583-4:4
F583-4,calibration,5,4.35,1.99686360467,8.68,0,Sigma_b = Sigma_gas + Upsilon_d*Sigma_disk_ml1 + Upsilon_b*Sigma_bulge_ml1,basis_only; stellar_mass_to_light_nuisance_not_applied,J = Sigma_b * V_model,self_consistent_model_velocity_required; not_evaluated,0,analytic,analytic_offcentered_gaussian_sum,data/stationary/source_reconstruction/jadhav_banerjee2019_lsb_hi_analytic_profiles_v1.csv,F583-4:5
F583-4,calibration,6,5,1.93057758809,6.38,0,Sigma_b = Sigma_gas + Upsilon_d*Sigma_disk_ml1 + Upsilon_b*Sigma_bulge_ml1,basis_only; stellar_mass_to_light_nuisance_not_applied,J = Sigma_b * V_model,self_consistent_model_velocity_required; not_evaluated,0,analytic,analytic_offcentered_gaussian_sum,data/stationary/source_reconstruction/jadhav_banerjee2019_lsb_hi_analytic_profiles_v1.csv,F583-4:6
F583-4,calibration,7,5.05,1.92496320727,6.2,0,Sigma_b = Sigma_gas + Upsilon_d*Sigma_disk_ml1 + Upsilon_b*Sigma_bulge_ml1,basis_only; stellar_mass_to_light_nuisance_not_applied,J = Sigma_b * V_model,self_consistent_model_velocity_required; not_evaluated,0,analytic,analytic_offcentered_gaussian_sum,data/stationary/source_reconstruction/jadhav_banerjee2019_lsb_hi_analytic_profiles_v1.csv,F583-4:7
F583-4,calibration,8,5.83,1.82106493582,3.7,0,Sigma_b = Sigma_gas + Upsilon_d*Sigma_disk_ml1 + Upsilon_b*Sigma_bulge_ml1,basis_only; stellar_mass_to_light_nuisance_not_applied,J = Sigma_b * V_model,self_consistent_model_velocity_required; not_evaluated,0,analytic,analytic_offcentered_gaussian_sum,data/stationary/source_reconstruction/jadhav_banerjee2019_lsb_hi_analytic_profiles_v1.csv,F583-4:8
F583-4,calibration,9,6.09,1.77833759212,3.52,0,Sigma_b = Sigma_gas + Upsilon_d*Sigma_disk_ml1 + Upsilon_b*Sigma_bulge_ml1,basis_only; stellar_mass_to_light_nuisance_not_applied,J = Sigma_b * V_model,self_consistent_model_velocity_required; not_evaluated,0,analytic,analytic_offcentered_gaussian_sum,data/stationary/source_reconstruction/jadhav_banerjee2019_lsb_hi_analytic_profiles_v1.csv,F583-4:9
F583-4,calibration,10,6.74,1.65232452305,2.89,0,Sigma_b = Sigma_gas + Upsilon_d*Sigma_disk_ml1 + Upsilon_b*Sigma_bulge_ml1,basis_only; stellar_mass_to_light_nuisance_not_applied,J = Sigma_b * V_model,self_consistent_model_velocity_required; not_evaluated,0,analytic,analytic_offcentered_gaussian_sum,data/stationary/source_reconstruction/jadhav_banerjee2019_lsb_hi_analytic_profiles_v1.csv,F583-4:10
F583-4,calibration,11,7.29,1.52593754336,0,0,Sigma_b = Sigma_gas + Upsilon_d*Sigma_disk_ml1 + Upsilon_b*Sigma_bulge_ml1,basis_only; stellar_mass_to_light_nuisance_not_applied,J = Sigma_b * V_model,self_consistent_model_velocity_required; not_evaluated,0,analytic,analytic_offcentered_gaussian_sum,data/stationary/source_reconstruction/jadhav_banerjee2019_lsb_hi_analytic_profiles_v1.csv,F583-4:11
IC2574,calibration,0,0.85,8.22746163683,16.75,0,Sigma_b = Sigma_gas + Upsilon_d*Sigma_disk_ml1 + Upsilon_b*Sigma_bulge_ml1,basis_only; stellar_mass_to_light_nuisance_not_applied,J = Sigma_b * V_model,self_consistent_model_velocity_required; not_evaluated,0,tabulated,piecewise_linear,data/stationary/source_reconstruction/leroy2008_things_hi_profiles_v1.csv,IC2574:0
IC2574,calibration,1,1.14,7.62731589439,14.92,0,Sigma_b = Sigma_gas + Upsilon_d*Sigma_disk_ml1 + Upsilon_b*Sigma_bulge_ml1,basis_only; stellar_mass_to_light_nuisance_not_applied,J = Sigma_b * V_model,self_consistent_model_velocity_required; not_evaluated,0,tabulated,piecewise_linear,data/stationary/source_reconstruction/leroy2008_things_hi_profiles_v1.csv,IC2574:1
IC2574,calibration,2,1.42,8.1968228148,13.07,0,Sigma_b = Sigma_gas + Upsilon_d*Sigma_disk_ml1 + Upsilon_b*Sigma_bulge_ml1,basis_only; stellar_mass_to_light_nuisance_not_applied,J = Sigma_b * V_model,self_consistent_model_velocity_required; not_evaluated,0,tabulated,piecewise_linear,data/stationary/source_reconstruction/leroy2008_things_hi_profiles_v1.csv,IC2574:2
IC2574,calibration,3,1.71,9.02056942982,11.58,0,Sigma_b = Sigma_gas + Upsilon_d*Sigma_disk_ml1 + Upsilon_b*Sigma_bulge_ml1,basis_only; stellar_mass_to_light_nuisance_not_applied,J = Sigma_b * V_model,self_consistent_model_velocity_required; not_evaluated,0,tabulated,piecewise_linear,data/stationary/source_reconstruction/leroy2008_things_hi_profiles_v1.csv,IC2574:3
IC2574,calibration,4,1.99,8.92702723033,10.8,0,Sigma_b = Sigma_gas + Upsilon_d*Sigma_disk_ml1 + Upsilon_b*Sigma_bulge_ml1,basis_only; stellar_mass_to_light_nuisance_not_applied,J = Sigma_b * V_model,self_consistent_model_velocity_required; not_evaluated,0,tabulated,piecewise_linear,data/stationary/source_reconstruction/leroy2008_things_hi_profiles_v1.csv,IC2574:4
IC2574,calibration,5,2.28,8.02286933955,9.24,0,Sigma_b = Sigma_gas + Upsilon_d*Sigma_disk_ml1 + Upsilon_b*Sigma_bulge_ml1,basis_only; stellar_mass_to_light_nuisance_not_applied,J = Sigma_b * V_model,self_consistent_model_velocity_required; not_evaluated,0,tabulated,piecewise_linear,data/stationary/source_reconstruction/leroy2008_things_hi_profiles_v1.csv,IC2574:5
IC2574,calibration,6,2.55,7.04117647059,8.42,0,Sigma_b = Sigma_gas + Upsilon_d*Sigma_disk_ml1 + Upsilon_b*Sigma_bulge_ml1,basis_only; stellar_mass_to_light_nuisance_not_applied,J = Sigma_b * V_model,self_consistent_model_velocity_required; not_evaluated,0,tabulated,piecewise_linear,data/stationary/source_reconstruction/leroy2008_things_hi_profiles_v1.csv,IC2574:6
IC2574,calibration,7,2.84,7.19574620129,7.37,0,Sigma_b = Sigma_gas + Upsilon_d*Sigma_disk_ml1 + Upsilon_b*Sigma_bulge_ml1,basis_only; stellar_mass_to_light_nuisance_not_applied,J = Sigma_b * V_model,self_consistent_model_velocity_required; not_evaluated,0,tabulated,piecewise_linear,data/stationary/source_reconstruction/leroy2008_things_hi_profiles_v1.csv,IC2574:7
IC2574,calibration,8,3.13,7.72973709945,6.93,0,Sigma_b = Sigma_gas + Upsilon_d*Sigma_disk_ml1 + Upsilon_b*Sigma_bulge_ml1,basis_only; stellar_mass_to_light_nuisance_not_applied,J = Sigma_b * V_model,self_consistent_model_velocity_required; not_evaluated,0,tabulated,piecewise_linear,data/stationary/source_reconstruction/leroy2008_things_hi_profiles_v1.csv,IC2574:8
IC2574,calibration,9,3.41,8.20345080488,5.88,0,Sigma_b = Sigma_gas + Upsilon_d*Sigma_disk_ml1 + Upsilon_b*Sigma_bulge_ml1,basis_only; stellar_mass_to_light_nuisance_not_applied,J = Sigma_b * V_model,self_consistent_model_velocity_required; not_evaluated,0,tabulated,piecewise_linear,data/stationary/source_reconstruction/leroy2008_things_hi_profiles_v1.csv,IC2574:9
IC2574,calibration,10,3.7,8.49358169099,5.69,0,Sigma_b = Sigma_gas + Upsilon_d*Sigma_disk_ml1 + Upsilon_b*Sigma_bulge_ml1,basis_only; stellar_mass_to_light_nuisance_not_applied,J = Sigma_b * V_model,self_consistent_model_velocity_required; not_evaluated,0,tabulated,piecewise_linear,data/stationary/source_reconstruction/leroy2008_things_hi_profiles_v1.csv,IC2574:10
IC2574,calibration,11,3.98,8.87150218144,5.87,0,Sigma_b = Sigma_gas + Upsilon_d*Sigma_disk_ml1 + Upsilon_b*Sigma_bulge_ml1,basis_only; stellar_mass_to_light_nuisance_not_applied,J = Sigma_b * V_model,self_consistent_model_velocity_required; not_evaluated,0,tabulated,piecewise_linear,data/stationary/source_reconstruction/leroy2008_things_hi_profiles_v1.csv,IC2574:11
IC2574,calibration,12,4.26,9.07434368889,6.08,0,Sigma_b = Sigma_gas + Upsilon_d*Sigma_disk_ml1 + Upsilon_b*Sigma_bulge_ml1,basis_only; stellar_mass_to_light_nuisance_not_applied,J = Sigma_b * V_model,self_consistent_model_velocity_required; not_evaluated,0,tabulated,piecewise_linear,data/stationary/source_reconstruction/leroy2008_things_hi_profiles_v1.csv,IC2574:12
IC2574,calibration,13,4.55,9.21940913194,6.5,0,Sigma_b = Sigma_gas + Upsilon_d*Sigma_disk_ml1 + Upsilon_b*Sigma_bulge_ml1,basis_only; stellar_mass_to_light_nuisance_not_applied,J = Sigma_b * V_model,self_consistent_model_velocity_required; not_evaluated,0,tabulated,piecewise_linear,data/stationary/source_reconstruction/leroy2008_things_hi_profiles_v1.csv,IC2574:13
IC2574,calibration,14,4.84,9.58657477058,5.76,0,Sigma_b = Sigma_gas + Upsilon_d*Sigma_disk_ml1 + Upsilon_b*Sigma_bulge_ml1,basis_only; stellar_mass_to_light_nuisance_not_applied,J = Sigma_b * V_model,self_consistent_model_velocity_required; not_evaluated,0,tabulated,piecewise_linear,data/stationary/source_reconstruction/leroy2008_things_hi_profiles_v1.csv,IC2574:14
IC2574,calibration,15,5.12,10.0794221077,4.6,0,Sigma_b = Sigma_gas + Upsilon_d*Sigma_disk_ml1 + Upsilon_b*Sigma_bulge_ml1,basis_only; stellar_mass_to_light_nuisance_not_applied,J = Sigma_b * V_model,self_consistent_model_velocity_required; not_evaluated,0,tabulated,piecewise_linear,data/stationary/source_reconstruction/leroy2008_things_hi_profiles_v1.csv,IC2574:15
IC2574,calibration,16,5.41,10.1368230029,4.3,0,Sigma_b = Sigma_gas + Upsilon_d*Sigma_disk_ml1 + Upsilon_b*Sigma_bulge_ml1,basis_only; stellar_mass_to_light_nuisance_not_applied,J = Sigma_b * V_model,self_consistent_model_velocity_required; not_evaluated,0,tabulated,piecewise_linear,data/stationary/source_reconstruction/leroy2008_things_hi_profiles_v1.csv,IC2574:16
IC2574,calibration,17,5.68,9.65010343012,4.03,0,Sigma_b = Sigma_gas + Upsilon_d*Sigma_disk_ml1 + Upsilon_b*Sigma_bulge_ml1,basis_only; stellar_mass_to_light_nuisance_not_applied,J = Sigma_b * V_model,self_consistent_model_velocity_required; not_evaluated,0,tabulated,piecewise_linear,data/stationary/source_reconstruction/leroy2008_things_hi_profiles_v1.csv,IC2574:17
IC2574,calibration,18,5.97,8.38853430119,3.42,0,Sigma_b = Sigma_gas + Upsilon_d*Sigma_disk_ml1 + Upsilon_b*Sigma_bulge_ml1,basis_only; stellar_mass_to_light_nuisance_not_applied,J = Sigma_b * V_model,self_consistent_model_velocity_required; not_evaluated,0,tabulated,piecewise_linear,data/stationary/source_reconstruction/leroy2008_things_hi_profiles_v1.csv,IC2574:18
IC2574,calibration,19,6.26,7.67083552731,2.76,0,Sigma_b = Sigma_gas + Upsilon_d*Sigma_disk_ml1 + Upsilon_b*Sigma_bulge_ml1,basis_only; stellar_mass_to_light_nuisance_not_applied,J = Sigma_b * V_model,self_consistent_model_velocity_required; not_evaluated,0,tabulated,piecewise_linear,data/stationary/source_reconstruction/leroy2008_things_hi_profiles_v1.csv,IC2574:19
IC2574,calibration,20,6.54,7.34381299835,2.14,0,Sigma_b = Sigma_gas + Upsilon_d*Sigma_disk_ml1 + Upsilon_b*Sigma_bulge_ml1,basis_only; stellar_mass_to_light_nuisance_not_applied,J = Sigma_b * V_model,self_consistent_model_velocity_required; not_evaluated,0,tabulated,piecewise_linear,data/stationary/source_reconstruction/leroy2008_things_hi_profiles_v1.csv,IC2574:20
IC2574,calibration,21,6.83,6.96839363623,1.67,0,Sigma_b = Sigma_gas + Upsilon_d*Sigma_disk_ml1 + Upsilon_b*Sigma_bulge_ml1,basis_only; stellar_mass_to_light_nuisance_not_applied,J = Sigma_b * V_model,self_consistent_model_velocity_required; not_evaluated,0,tabulated,piecewise_linear,data/stationary/source_reconstruction/leroy2008_things_hi_profiles_v1.csv,IC2574:21
IC2574,calibration,22,7.1,6.42814991726,1.55,0,Sigma_b = Sigma_gas + Upsilon_d*Sigma_disk_ml1 + Upsilon_b*Sigma_bulge_ml1,basis_only; stellar_mass_to_light_nuisance_not_applied,J = Sigma_b * V_model,self_consistent_model_velocity_required; not_evaluated,0,tabulated,piecewise_linear,data/stationary/source_reconstruction/leroy2008_things_hi_profiles_v1.csv,IC2574:22
IC2574,calibration,23,7.39,5.77948228525,1.54,0,Sigma_b = Sigma_gas + Upsilon_d*Sigma_disk_ml1 + Upsilon_b*Sigma_bulge_ml1,basis_only; stellar_mass_to_light_nuisance_not_applied,J = Sigma_b * V_model,self_consistent_model_velocity_required; not_evaluated,0,tabulated,piecewise_linear,data/stationary/source_reconstruction/leroy2008_things_hi_profiles_v1.csv,IC2574:23
IC2574,calibration,24,7.68,5.49760512261,1.4,0,Sigma_b = Sigma_gas + Upsilon_d*Sigma_disk_ml1 + Upsilon_b*Sigma_bulge_ml1,basis_only; stellar_mass_to_light_nuisance_not_applied,J = Sigma_b * V_model,self_consistent_model_velocity_required; not_evaluated,0,tabulated,piecewise_linear,data/stationary/source_reconstruction/leroy2008_things_hi_profiles_v1.csv,IC2574:24
IC2574,calibration,25,7.96,5.14081916654,1.25,0,Sigma_b = Sigma_gas + Upsilon_d*Sigma_disk_ml1 + Upsilon_b*Sigma_bulge_ml1,basis_only; stellar_mass_to_light_nuisance_not_applied,J = Sigma_b * V_model,self_consistent_model_velocity_required; not_evaluated,0,tabulated,piecewise_linear,data/stationary/source_reconstruction/leroy2008_things_hi_profiles_v1.csv,IC2574:25
IC2574,calibration,26,8.25,4.71387656086,1.12,0,Sigma_b = Sigma_gas + Upsilon_d*Sigma_disk_ml1 + Upsilon_b*Sigma_bulge_ml1,basis_only; stellar_mass_to_light_nuisance_not_applied,J = Sigma_b * V_model,self_consistent_model_velocity_required; not_evaluated,0,tabulated,piecewise_linear,data/stationary/source_reconstruction/leroy2008_things_hi_profiles_v1.csv,IC2574:26
IC2574,calibration,27,8.52,4.11685722882,1.02,0,Sigma_b = Sigma_gas + Upsilon_d*Sigma_disk_ml1 + Upsilon_b*Sigma_bulge_ml1,basis_only; stellar_mass_to_light_nuisance_not_applied,J = Sigma_b * V_model,self_consistent_model_velocity_required; not_evaluated,0,tabulated,piecewise_linear,data/stationary/source_reconstruction/leroy2008_things_hi_profiles_v1.csv,IC2574:27
IC2574,calibration,28,8.81,0,0.92,0,Sigma_b = Sigma_gas + Upsilon_d*Sigma_disk_ml1 + Upsilon_b*Sigma_bulge_ml1,basis_only; stellar_mass_to_light_nuisance_not_applied,J = Sigma_b * V_model,self_consistent_model_velocity_required; not_evaluated,0,tabulated,outer_zero,data/stationary/source_reconstruction/leroy2008_things_hi_profiles_v1.csv,IC2574:28
IC2574,calibration,29,9.1,0,0.83,0,Sigma_b = Sigma_gas + Upsilon_d*Sigma_disk_ml1 + Upsilon_b*Sigma_bulge_ml1,basis_only; stellar_mass_to_light_nuisance_not_applied,J = Sigma_b * V_model,self_consistent_model_velocity_required; not_evaluated,0,tabulated,outer_zero,data/stationary/source_reconstruction/leroy2008_things_hi_profiles_v1.csv,IC2574:29
IC2574,calibration,30,9.38,0,0.75,0,Sigma_b = Sigma_gas + Upsilon_d*Sigma_disk_ml1 + Upsilon_b*Sigma_bulge_ml1,basis_only; stellar_mass_to_light_nuisance_not_applied,J = Sigma_b * V_model,self_consistent_model_velocity_required; not_evaluated,0,tabulated,outer_zero,data/stationary/source_reconstruction/leroy2008_things_hi_profiles_v1.csv,IC2574:30
IC2574,calibration,31,9.67,0,0.67,0,Sigma_b = Sigma_gas + Upsilon_d*Sigma_disk_ml1 + Upsilon_b*Sigma_bulge_ml1,basis_only; stellar_mass_to_light_nuisance_not_applied,J = Sigma_b * V_model,self_consistent_model_velocity_required; not_evaluated,0,tabulated,outer_zero,data/stationary/source_reconstruction/leroy2008_things_hi_profiles_v1.csv,IC2574:31
IC2574,calibration,32,9.96,0,0,0,Sigma_b = Sigma_gas + Upsilon_d*Sigma_disk_ml1 + Upsilon_b*Sigma_bulge_ml1,basis_only; stellar_mass_to_light_nuisance_not_applied,J = Sigma_b * V_model,self_consistent_model_velocity_required; not_evaluated,0,tabulated,outer_zero,data/stationary/source_reconstruction/leroy2008_things_hi_profiles_v1.csv,IC2574:32
IC2574,calibration,33,10.23,0,0,0,Sigma_b = Sigma_gas + Upsilon_d*Sigma_disk_ml1 + Upsilon_b*Sigma_bulge_ml1,basis_only; stellar_mass_to_light_nuisance_not_applied,J = Sigma_b * V_model,self_consistent_model_velocity_required; not_evaluated,0,tabulated,outer_zero,data/stationary/source_reconstruction/leroy2008_things_hi_profiles_v1.csv,IC2574:33
KK98-251,calibration,0,0.25,9.79247870831,8.69,0,Sigma_b = Sigma_gas + Upsilon_d*Sigma_disk_ml1 + Upsilon_b*Sigma_bulge_ml1,basis_only; stellar_mass_to_light_nuisance_not_applied,J = Sigma_b * V_model,self_consistent_model_velocity_required; not_evaluated,0,analytic,analytic_offcentered_gaussian_sum,data/stationary/source_reconstruction/begum_chengalur_analytic_profile_parameters_v1.csv,KK98-251:0
KK98-251,calibration,1,0.41,10.1731089119,6.61,0,Sigma_b = Sigma_gas + Upsilon_d*Sigma_disk_ml1 + Upsilon_b*Sigma_bulge_ml1,basis_only; stellar_mass_to_light_nuisance_not_applied,J = Sigma_b * V_model,self_consistent_model_velocity_required; not_evaluated,0,analytic,analytic_offcentered_gaussian_sum,data/stationary/source_reconstruction/begum_chengalur_analytic_profile_parameters_v1.csv,KK98-251:1
KK98-251,calibration,2,0.57,10.3578317493,6.95,0,Sigma_b = Sigma_gas + Upsilon_d*Sigma_disk_ml1 + Upsilon_b*Sigma_bulge_ml1,basis_only; stellar_mass_to_light_nuisance_not_applied,J = Sigma_b * V_model,self_consistent_model_velocity_required; not_evaluated,0,analytic,analytic_offcentered_gaussian_sum,data/stationary/source_reconstruction/begum_chengalur_analytic_profile_parameters_v1.csv,KK98-251:2
KK98-251,calibration,3,0.74,10.3273655033,6.78,0,Sigma_b = Sigma_gas + Upsilon_d*Sigma_disk_ml1 + Upsilon_b*Sigma_bulge_ml1,basis_only; stellar_mass_to_light_nuisance_not_applied,J = Sigma_b * V_model,self_consistent_model_velocity_required; not_evaluated,0,analytic,analytic_offcentered_gaussian_sum,data/stationary/source_reconstruction/begum_chengalur_analytic_profile_parameters_v1.csv,KK98-251:3
KK98-251,calibration,4,0.9,10.0870990914,5.71,0,Sigma_b = Sigma_gas + Upsilon_d*Sigma_disk_ml1 + Upsilon_b*Sigma_bulge_ml1,basis_only; stellar_mass_to_light_nuisance_not_applied,J = Sigma_b * V_model,self_consistent_model_velocity_required; not_evaluated,0,analytic,analytic_offcentered_gaussian_sum,data/stationary/source_reconstruction/begum_chengalur_analytic_profile_parameters_v1.csv,KK98-251:4
KK98-251,calibration,5,1.07,9.6232365843,5.63,0,Sigma_b = Sigma_gas + Upsilon_d*Sigma_disk_ml1 + Upsilon_b*Sigma_bulge_ml1,basis_only; stellar_mass_to_light_nuisance_not_applied,J = Sigma_b * V_model,self_consistent_model_velocity_required; not_evaluated,0,analytic,analytic_offcentered_gaussian_sum,data/stationary/source_reconstruction/begum_chengalur_analytic_profile_parameters_v1.csv,KK98-251:5
KK98-251,calibration,6,1.24,8.97434451386,4.46,0,Sigma_b = Sigma_gas + Upsilon_d*Sigma_disk_ml1 + Upsilon_b*Sigma_bulge_ml1,basis_only; stellar_mass_to_light_nuisance_not_applied,J = Sigma_b * V_model,self_consistent_model_velocity_required; not_evaluated,0,analytic,analytic_offcentered_gaussian_sum,data/stationary/source_reconstruction/begum_chengalur_analytic_profile_parameters_v1.csv,KK98-251:6
KK98-251,calibration,7,1.4,8.23092301347,3.87,0,Sigma_b = Sigma_gas + Upsilon_d*Sigma_disk_ml1 + Upsilon_b*Sigma_bulge_ml1,basis_only; stellar_mass_to_light_nuisance_not_applied,J = Sigma_b * V_model,self_consistent_model_velocity_required; not_evaluated,0,analytic,analytic_offcentered_gaussian_sum,data/stationary/source_reconstruction/begum_chengalur_analytic_profile_parameters_v1.csv,KK98-251:7
KK98-251,calibration,8,1.57,7.34453482428,3.42,0,Sigma_b = Sigma_gas + Upsilon_d*Sigma_disk_ml1 + Upsilon_b*Sigma_bulge_ml1,basis_only; stellar_mass_to_light_nuisance_not_applied,J = Sigma_b * V_model,self_consistent_model_velocity_required; not_evaluated,0,analytic,analytic_offcentered_gaussian_sum,data/stationary/source_reconstruction/begum_chengalur_analytic_profile_parameters_v1.csv,KK98-251:8
KK98-251,calibration,9,1.72,6.51782122018,3.02,0,Sigma_b = Sigma_gas + Upsilon_d*Sigma_disk_ml1 + Upsilon_b*Sigma_bulge_ml1,basis_only; stellar_mass_to_light_nuisance_not_applied,J = Sigma_b * V_model,self_consistent_model_velocity_required; not_evaluated,0,analytic,analytic_offcentered_gaussian_sum,data/stationary/source_reconstruction/begum_chengalur_analytic_profile_parameters_v1.csv,KK98-251:9
KK98-251,calibration,10,1.89,5.57228295332,2.62,0,Sigma_b = Sigma_gas + Upsilon_d*Sigma_disk_ml1 + Upsilon_b*Sigma_bulge_ml1,basis_only; stellar_mass_to_light_nuisance_not_applied,J = Sigma_b * V_model,self_consistent_model_velocity_required; not_evaluated,0,analytic,analytic_offcentered_gaussian_sum,data/stationary/source_reconstruction/begum_chengalur_analytic_profile_parameters_v1.csv,KK98-251:10
KK98-251,calibration,11,2.06,4.65683207357,2.28,0,Sigma_b = Sigma_gas + Upsilon_d*Sigma_disk_ml1 + Upsilon_b*Sigma_bulge_ml1,basis_only; stellar_mass_to_light_nuisance_not_applied,J = Sigma_b * V_model,self_consistent_model_velocity_required; not_evaluated,0,analytic,analytic_offcentered_gaussian_sum,data/stationary/source_reconstruction/begum_chengalur_analytic_profile_parameters_v1.csv,KK98-251:11
KK98-251,calibration,12,2.46,2.7909347103,1.69,0,Sigma_b = Sigma_gas + Upsilon_d*Sigma_disk_ml1 + Upsilon_b*Sigma_bulge_ml1,basis_only; stellar_mass_to_light_nuisance_not_applied,J = Sigma_b * V_model,self_consistent_model_velocity_required; not_evaluated,0,analytic,analytic_offcentered_gaussian_sum,data/stationary/source_reconstruction/begum_chengalur_analytic_profile_parameters_v1.csv,KK98-251:12
KK98-251,calibration,13,2.79,1.66405735655,1.34,0,Sigma_b = Sigma_gas + Upsilon_d*Sigma_disk_ml1 + Upsilon_b*Sigma_bulge_ml1,basis_only; stellar_mass_to_light_nuisance_not_applied,J = Sigma_b * V_model,self_consistent_model_velocity_required; not_evaluated,0,analytic,analytic_offcentered_gaussian_sum,data/stationary/source_reconstruction/begum_chengalur_analytic_profile_parameters_v1.csv,KK98-251:13
KK98-251,calibration,14,3.13,0.893036042769,0,0,Sigma_b = Sigma_gas + Upsilon_d*Sigma_disk_ml1 + Upsilon_b*Sigma_bulge_ml1,basis_only; stellar_mass_to_light_nuisance_not_applied,J = Sigma_b * V_model,self_consistent_model_velocity_required; not_evaluated,0,analytic,analytic_offcentered_gaussian_sum,data/stationary/source_reconstruction/begum_chengalur_analytic_profile_parameters_v1.csv,KK98-251:14
NGC0024,blind,0,0.21,10.9056608585,410.75,0,Sigma_b = Sigma_gas + Upsilon_d*Sigma_disk_ml1 + Upsilon_b*Sigma_bulge_ml1,basis_only; stellar_mass_to_light_nuisance_not_applied,J = Sigma_b * V_model,self_consistent_model_velocity_required; not_evaluated,0,tabulated,inner_constant,data/stationary/source_reconstruction/ch06_ngc0024_hi_profile_v1.csv,NGC0024:0
NGC0024,blind,1,0.32,10.9056608585,307.43,0,Sigma_b = Sigma_gas + Upsilon_d*Sigma_disk_ml1 + Upsilon_b*Sigma_bulge_ml1,basis_only; stellar_mass_to_light_nuisance_not_applied,J = Sigma_b * V_model,self_consistent_model_velocity_required; not_evaluated,0,tabulated,inner_constant,data/stationary/source_reconstruction/ch06_ngc0024_hi_profile_v1.csv,NGC0024:1
NGC0024,blind,2,0.43,10.9056608585,268.58,0,Sigma_b = Sigma_gas + Upsilon_d*Sigma_disk_ml1 + Upsilon_b*Sigma_bulge_ml1,basis_only; stellar_mass_to_light_nuisance_not_applied,J = Sigma_b * V_model,self_consistent_model_velocity_required; not_evaluated,0,tabulated,inner_constant,data/stationary/source_reconstruction/ch06_ngc0024_hi_profile_v1.csv,NGC0024:2
NGC0024,blind,3,0.54,10.9056608585,241.26,0,Sigma_b = Sigma_gas + Upsilon_d*Sigma_disk_ml1 + Upsilon_b*Sigma_bulge_ml1,basis_only; stellar_mass_to_light_nuisance_not_applied,J = Sigma_b * V_model,self_consistent_model_velocity_required; not_evaluated,0,tabulated,inner_constant,data/stationary/source_reconstruction/ch06_ngc0024_hi_profile_v1.csv,NGC0024:3
NGC0024,blind,4,0.64,10.8213092464,222.69,0,Sigma_b = Sigma_gas + Upsilon_d*Sigma_disk_ml1 + Upsilon_b*Sigma_bulge_ml1,basis_only; stellar_mass_to_light_nuisance_not_applied,J = Sigma_b * V_model,self_consistent_model_velocity_required; not_evaluated,0,tabulated,piecewise_linear,data/stationary/source_reconstruction/ch06_ngc0024_hi_profile_v1.csv,NGC0024:4
NGC0024,blind,5,0.74,10.7274375212,212.03,0,Sigma_b = Sigma_gas + Upsilon_d*Sigma_disk_ml1 + Upsilon_b*Sigma_bulge_ml1,basis_only; stellar_mass_to_light_nuisance_not_applied,J = Sigma_b * V_model,self_consistent_model_velocity_required; not_evaluated,0,tabulated,piecewise_linear,data/stationary/source_reconstruction/ch06_ngc0024_hi_profile_v1.csv,NGC0024:5
NGC0024,blind,6,0.85,10.6241786234,206.1,0,Sigma_b = Sigma_gas + Upsilon_d*Sigma_disk_ml1 + Upsilon_b*Sigma_bulge_ml1,basis_only; stellar_mass_to_light_nuisance_not_applied,J = Sigma_b * V_model,self_consistent_model_velocity_required; not_evaluated,0,tabulated,piecewise_linear,data/stationary/source_reconstruction/ch06_ngc0024_hi_profile_v1.csv,NGC0024:6
NGC0024,blind,7,0.96,10.5209197257,191.46,0,Sigma_b = Sigma_gas + Upsilon_d*Sigma_disk_ml1 + Upsilon_b*Sigma_bulge_ml1,basis_only; stellar_mass_to_light_nuisance_not_applied,J = Sigma_b * V_model,self_consistent_model_velocity_required; not_evaluated,0,tabulated,piecewise_linear,data/stationary/source_reconstruction/ch06_ngc0024_hi_profile_v1.csv,NGC0024:7
NGC0024,blind,8,1.07,10.417660828,179.91,0,Sigma_b = Sigma_gas + Upsilon_d*Sigma_disk_ml1 + Upsilon_b*Sigma_bulge_ml1,basis_only; stellar_mass_to_light_nuisance_not_applied,J = Sigma_b * V_model,self_consistent_model_velocity_required; not_evaluated,0,tabulated,piecewise_linear,data/stationary/source_reconstruction/ch06_ngc0024_hi_profile_v1.csv,NGC0024:8
NGC0024,blind,9,1.17,10.3237891028,167.35,0,Sigma_b = Sigma_gas + Upsilon_d*Sigma_disk_ml1 + Upsilon_b*Sigma_bulge_ml1,basis_only; stellar_mass_to_light_nuisance_not_applied,J = Sigma_b * V_model,self_consistent_model_velocity_required; not_evaluated,0,tabulated,piecewise_linear,data/stationary/source_reconstruction/ch06_ngc0024_hi_profile_v1.csv,NGC0024:9
NGC0024,blind,10,1.28,10.220530205,159.14,0,Sigma_b = Sigma_gas + Upsilon_d*Sigma_disk_ml1 + Upsilon_b*Sigma_bulge_ml1,basis_only; stellar_mass_to_light_nuisance_not_applied,J = Sigma_b * V_model,self_consistent_model_velocity_required; not_evaluated,0,tabulated,piecewise_linear,data/stationary/source_reconstruction/ch06_ngc0024_hi_profile_v1.csv,NGC0024:10
NGC0024,blind,11,1.38,10.1266584798,150.35,0,Sigma_b = Sigma_gas + Upsilon_d*Sigma_disk_ml1 + Upsilon_b*Sigma_bulge_ml1,basis_only; stellar_mass_to_light_nuisance_not_applied,J = Sigma_b * V_model,self_consistent_model_velocity_required; not_evaluated,0,tabulated,piecewise_linear,data/stationary/source_reconstruction/ch06_ngc0024_hi_profile_v1.csv,NGC0024:11
NGC0024,blind,12,1.48,10.0327867546,139.46,0,Sigma_b = Sigma_gas + Upsilon_d*Sigma_disk_ml1 + Upsilon_b*Sigma_bulge_ml1,basis_only; stellar_mass_to_light_nuisance_not_applied,J = Sigma_b * V_model,self_consistent_model_velocity_required; not_evaluated,0,tabulated,piecewise_linear,data/stationary/source_reconstruction/ch06_ngc0024_hi_profile_v1.csv,NGC0024:12
NGC0024,blind,13,1.59,9.92952785689,125.67,0,Sigma_b = Sigma_gas + Upsilon_d*Sigma_disk_ml1 + Upsilon_b*Sigma_bulge_ml1,basis_only; stellar_mass_to_light_nuisance_not_applied,J = Sigma_b * V_model,self_consistent_model_velocity_required; not_evaluated,0,tabulated,piecewise_linear,data/stationary/source_reconstruction/ch06_ngc0024_hi_profile_v1.csv,NGC0024:13
NGC0024,blind,14,1.7,9.82626895916,111.41,0,Sigma_b = Sigma_gas + Upsilon_d*Sigma_disk_ml1 + Upsilon_b*Sigma_bulge_ml1,basis_only; stellar_mass_to_light_nuisance_not_applied,J = Sigma_b * V_model,self_consistent_model_velocity_required; not_evaluated,0,tabulated,piecewise_linear,data/stationary/source_reconstruction/ch06_ngc0024_hi_profile_v1.csv,NGC0024:14
NGC0024,blind,15,1.8,9.73239723395,99.69,0,Sigma_b = Sigma_gas + Upsilon_d*Sigma_disk_ml1 + Upsilon_b*Sigma_bulge_ml1,basis_only; stellar_mass_to_light_nuisance_not_applied,J = Sigma_b * V_model,self_consistent_model_velocity_required; not_evaluated,0,tabulated,piecewise_linear,data/stationary/source_reconstruction/ch06_ngc0024_hi_profile_v1.csv,NGC0024:15
NGC0024,blind,16,1.91,9.62913833622,87.79,0,Sigma_b = Sigma_gas + Upsilon_d*Sigma_disk_ml1 + Upsilon_b*Sigma_bulge_ml1,basis_only; stellar_mass_to_light_nuisance_not_applied,J = Sigma_b * V_model,self_consistent_model_velocity_required; not_evaluated,0,tabulated,piecewise_linear,data/stationary/source_reconstruction/ch06_ngc0024_hi_profile_v1.csv,NGC0024:16
NGC0024,blind,17,2.02,9.46163212651,77.06,0,Sigma_b = Sigma_gas + Upsilon_d*Sigma_disk_ml1 + Upsilon_b*Sigma_bulge_ml1,basis_only; stellar_mass_to_light_nuisance_not_applied,J = Sigma_b * V_model,self_consistent_model_velocity_required; not_evaluated,0,tabulated,piecewise_linear,data/stationary/source_reconstruction/ch06_ngc0024_hi_profile_v1.csv,NGC0024:17
NGC0024,blind,18,2.13,9.22660467815,68.97,0,Sigma_b = Sigma_gas + Upsilon_d*Sigma_disk_ml1 + Upsilon_b*Sigma_bulge_ml1,basis_only; stellar_mass_to_light_nuisance_not_applied,J = Sigma_b * V_model,self_consistent_model_velocity_required; not_evaluated,0,tabulated,piecewise_linear,data/stationary/source_reconstruction/ch06_ngc0024_hi_profile_v1.csv,NGC0024:18
NGC0024,blind,19,2.23,9.01294336146,63.99,0,Sigma_b = Sigma_gas + Upsilon_d*Sigma_disk_ml1 + Upsilon_b*Sigma_bulge_ml1,basis_only; stellar_mass_to_light_nuisance_not_applied,J = Sigma_b * V_model,self_consistent_model_velocity_required; not_evaluated,0,tabulated,piecewise_linear,data/stationary/source_reconstruction/ch06_ngc0024_hi_profile_v1.csv,NGC0024:19
NGC0024,blind,20,2.34,8.7779159131,57.94,0,Sigma_b = Sigma_gas + Upsilon_d*Sigma_disk_ml1 + Upsilon_b*Sigma_bulge_ml1,basis_only; stellar_mass_to_light_nuisance_not_applied,J = Sigma_b * V_model,self_consistent_model_velocity_required; not_evaluated,0,tabulated,piecewise_linear,data/stationary/source_reconstruction/ch06_ngc0024_hi_profile_v1.csv,NGC0024:20
NGC0024,blind,21,2.44,8.56425459641,52.31,0,Sigma_b = Sigma_gas + Upsilon_d*Sigma_disk_ml1 + Upsilon_b*Sigma_bulge_ml1,basis_only; stellar_mass_to_light_nuisance_not_applied,J = Sigma_b * V_model,self_consistent_model_velocity_required; not_evaluated,0,tabulated,piecewise_linear,data/stationary/source_reconstruction/ch06_ngc0024_hi_profile_v1.csv,NGC0024:21
NGC0024,blind,22,2.54,8.35059327971,47.47,0,Sigma_b = Sigma_gas + Upsilon_d*Sigma_disk_ml1 + Upsilon_b*Sigma_bulge_ml1,basis_only; stellar_mass_to_light_nuisance_not_applied,J = Sigma_b * V_model,self_consistent_model_velocity_required; not_evaluated,0,tabulated,piecewise_linear,data/stationary/source_reconstruction/ch06_ngc0024_hi_profile_v1.csv,NGC0024:22
NGC0024,blind,23,2.65,8.11556583135,43.16,0,Sigma_b = Sigma_gas + Upsilon_d*Sigma_disk_ml1 + Upsilon_b*Sigma_bulge_ml1,basis_only; stellar_mass_to_light_nuisance_not_applied,J = Sigma_b * V_model,self_consistent_model_velocity_required; not_evaluated,0,tabulated,piecewise_linear,data/stationary/source_reconstruction/ch06_ngc0024_hi_profile_v1.csv,NGC0024:23
NGC0024,blind,24,2.76,7.88053838299,39.28,0,Sigma_b = Sigma_gas + Upsilon_d*Sigma_disk_ml1 + Upsilon_b*Sigma_bulge_ml1,basis_only; stellar_mass_to_light_nuisance_not_applied,J = Sigma_b * V_model,self_consistent_model_velocity_required; not_evaluated,0,tabulated,piecewise_linear,data/stationary/source_reconstruction/ch06_ngc0024_hi_profile_v1.csv,NGC0024:24
NGC0024,blind,25,7.07,1.47337580077,1.7,0,Sigma_b = Sigma_gas + Upsilon_d*Sigma_disk_ml1 + Upsilon_b*Sigma_bulge_ml1,basis_only; stellar_mass_to_light_nuisance_not_applied,J = Sigma_b * V_model,self_consistent_model_velocity_required; not_evaluated,0,tabulated,piecewise_linear,data/stationary/source_reconstruction/ch06_ngc0024_hi_profile_v1.csv,NGC0024:25
NGC0024,blind,26,8.49,0.633556245065,0.49,0,Sigma_b = Sigma_gas + Upsilon_d*Sigma_disk_ml1 + Upsilon_b*Sigma_bulge_ml1,basis_only; stellar_mass_to_light_nuisance_not_applied,J = Sigma_b * V_model,self_consistent_model_velocity_required; not_evaluated,0,tabulated,piecewise_linear,data/stationary/source_reconstruction/ch06_ngc0024_hi_profile_v1.csv,NGC0024:26
NGC0024,blind,27,9.91,0.232818509976,0.19,0,Sigma_b = Sigma_gas + Upsilon_d*Sigma_disk_ml1 + Upsilon_b*Sigma_bulge_ml1,basis_only; stellar_mass_to_light_nuisance_not_applied,J = Sigma_b * V_model,self_consistent_model_velocity_required; not_evaluated,0,tabulated,piecewise_linear,data/stationary/source_reconstruction/ch06_ngc0024_hi_profile_v1.csv,NGC0024:27
NGC0024,blind,28,11.27,0.102654406621,0,0,Sigma_b = Sigma_gas + Upsilon_d*Sigma_disk_ml1 + Upsilon_b*Sigma_bulge_ml1,basis_only; stellar_mass_to_light_nuisance_not_applied,J = Sigma_b * V_model,self_consistent_model_velocity_required; not_evaluated,0,tabulated,piecewise_linear,data/stationary/source_reconstruction/ch06_ngc0024_hi_profile_v1.csv,NGC0024:28
NGC0289,calibration,0,1.5,5.69843871995,1392.39,0,Sigma_b = Sigma_gas + Upsilon_d*Sigma_disk_ml1 + Upsilon_b*Sigma_bulge_ml1,basis_only; stellar_mass_to_light_nuisance_not_applied,J = Sigma_b * V_model,self_consistent_model_velocity_required; not_evaluated,0,tabulated,piecewise_linear,data/stationary/source_reconstruction/hix2018_ngc0289_hi_profile_v1.csv,NGC0289:0
NGC0289,calibration,1,2.52,5.89330350695,684.62,0,Sigma_b = Sigma_gas + Upsilon_d*Sigma_disk_ml1 + Upsilon_b*Sigma_bulge_ml1,basis_only; stellar_mass_to_light_nuisance_not_applied,J = Sigma_b * V_model,self_consistent_model_velocity_required; not_evaluated,0,tabulated,piecewise_linear,data/stationary/source_reconstruction/hix2018_ngc0289_hi_profile_v1.csv,NGC0289:1
NGC0289,calibration,2,3.46,6.12643139712,390.61,0,Sigma_b = Sigma_gas + Upsilon_d*Sigma_disk_ml1 + Upsilon_b*Sigma_bulge_ml1,basis_only; stellar_mass_to_light_nuisance_not_applied,J = Sigma_b * V_model,self_consistent_model_velocity_required; not_evaluated,0,tabulated,piecewise_linear,data/stationary/source_reconstruction/hix2018_ngc0289_hi_profile_v1.csv,NGC0289:2
NGC0289,calibration,3,4.32,6.26681464603,299.95,0,Sigma_b = Sigma_gas + Upsilon_d*Sigma_disk_ml1 + Upsilon_b*Sigma_bulge_ml1,basis_only; stellar_mass_to_light_nuisance_not_applied,J = Sigma_b * V_model,self_consistent_model_velocity_required; not_evaluated,0,tabulated,piecewise_linear,data/stationary/source_reconstruction/hix2018_ngc0289_hi_profile_v1.csv,NGC0289:3
NGC0289,calibration,4,5.43,6.40448909435,148.1,0,Sigma_b = Sigma_gas + Upsilon_d*Sigma_disk_ml1 + Upsilon_b*Sigma_bulge_ml1,basis_only; stellar_mass_to_light_nuisance_not_applied,J = Sigma_b * V_model,self_consistent_model_velocity_required; not_evaluated,0,tabulated,piecewise_linear,data/stationary/source_reconstruction/hix2018_ngc0289_hi_profile_v1.csv,NGC0289:4
NGC0289,calibration,5,6.38,6.53207827946,68.44,0,Sigma_b = Sigma_gas + Upsilon_d*Sigma_disk_ml1 + Upsilon_b*Sigma_bulge_ml1,basis_only; stellar_mass_to_light_nuisance_not_applied,J = Sigma_b * V_model,self_consistent_model_velocity_required; not_evaluated,0,tabulated,piecewise_linear,data/stationary/source_reconstruction/hix2018_ngc0289_hi_profile_v1.csv,NGC0289:5
NGC0289,calibration,6,7.57,6.82521961873,40.47,0,Sigma_b = Sigma_gas + Upsilon_d*Sigma_disk_ml1 + Upsilon_b*Sigma_bulge_ml1,basis_only; stellar_mass_to_light_nuisance_not_applied,J = Sigma_b * V_model,self_consistent_model_velocity_required; not_evaluated,0,tabulated,piecewise_linear,data/stationary/source_reconstruction/hix2018_ngc0289_hi_profile_v1.csv,NGC0289:6
NGC0289,calibration,7,10.6,8.0991592017,14.69,0,Sigma_b = Sigma_gas + Upsilon_d*Sigma_disk_ml1 + Upsilon_b*Sigma_bulge_ml1,basis_only; stellar_mass_to_light_nuisance_not_applied,J = Sigma_b * V_model,self_consistent_model_velocity_required; not_evaluated,0,tabulated,piecewise_linear,data/stationary/source_reconstruction/hix2018_ngc0289_hi_profile_v1.csv,NGC0289:7
NGC0289,calibration,8,13.57,8.25736984858,5.42,0,Sigma_b = Sigma_gas + Upsilon_d*Sigma_disk_ml1 + Upsilon_b*Sigma_bulge_ml1,basis_only; stellar_mass_to_light_nuisance_not_applied,J = Sigma_b * V_model,self_consistent_model_velocity_required; not_evaluated,0,tabulated,piecewise_linear,data/stationary/source_reconstruction/hix2018_ngc0289_hi_profile_v1.csv,NGC0289:8
NGC0289,calibration,9,16.64,7.6090521382,3.34,0,Sigma_b = Sigma_gas + Upsilon_d*Sigma_disk_ml1 + Upsilon_b*Sigma_bulge_ml1,basis_only; stellar_mass_to_light_nuisance_not_applied,J = Sigma_b * V_model,self_consistent_model_velocity_required; not_evaluated,0,tabulated,piecewise_linear,data/stationary/source_reconstruction/hix2018_ngc0289_hi_profile_v1.csv,NGC0289:9
NGC0289,calibration,10,19.71,6.80155750495,3.06,0,Sigma_b = Sigma_gas + Upsilon_d*Sigma_disk_ml1 + Upsilon_b*Sigma_bulge_ml1,basis_only; stellar_mass_to_light_nuisance_not_applied,J = Sigma_b * V_model,self_consistent_model_velocity_required; not_evaluated,0,tabulated,piecewise_linear,data/stationary/source_reconstruction/hix2018_ngc0289_hi_profile_v1.csv,NGC0289:10
NGC0289,calibration,11,22.68,6.06006264276,1.47,0,Sigma_b = Sigma_gas + Upsilon_d*Sigma_disk_ml1 + Upsilon_b*Sigma_bulge_ml1,basis_only; stellar_mass_to_light_nuisance_not_applied,J = Sigma_b * V_model,self_consistent_model_velocity_required; not_evaluated,0,tabulated,piecewise_linear,data/stationary/source_reconstruction/hix2018_ngc0289_hi_profile_v1.csv,NGC0289:11
NGC0289,calibration,12,25.75,5.72183566014,0.76,0,Sigma_b = Sigma_gas + Upsilon_d*Sigma_disk_ml1 + Upsilon_b*Sigma_bulge_ml1,basis_only; stellar_mass_to_light_nuisance_not_applied,J = Sigma_b * V_model,self_consistent_model_velocity_required; not_evaluated,0,tabulated,piecewise_linear,data/stationary/source_reconstruction/hix2018_ngc0289_hi_profile_v1.csv,NGC0289:12
NGC0289,calibration,13,28.72,5.40199101749,0.64,0,Sigma_b = Sigma_gas + Upsilon_d*Sigma_disk_ml1 + Upsilon_b*Sigma_bulge_ml1,basis_only; stellar_mass_to_light_nuisance_not_applied,J = Sigma_b * V_model,self_consistent_model_velocity_required; not_evaluated,0,tabulated,piecewise_linear,data/stationary/source_reconstruction/hix2018_ngc0289_hi_profile_v1.csv,NGC0289:13
NGC0289,calibration,14,31.79,4.8801029835,0.4,0,Sigma_b = Sigma_gas + Upsilon_d*Sigma_disk_ml1 + Upsilon_b*Sigma_bulge_ml1,basis_only; stellar_mass_to_light_nuisance_not_applied,J = Sigma_b * V_model,self_consistent_model_velocity_required; not_evaluated,0,tabulated,piecewise_linear,data/stationary/source_reconstruction/hix2018_ngc0289_hi_profile_v1.csv,NGC0289:14
NGC0289,calibration,15,34.77,4.49402469157,0.25,0,Sigma_b = Sigma_gas + Upsilon_d*Sigma_disk_ml1 + Upsilon_b*Sigma_bulge_ml1,basis_only; stellar_mass_to_light_nuisance_not_applied,J = Sigma_b * V_model,self_consistent_model_velocity_required; not_evaluated,0,tabulated,piecewise_linear,data/stationary/source_reconstruction/hix2018_ngc0289_hi_profile_v1.csv,NGC0289:15
NGC0289,calibration,16,37.84,3.87540160367,0.16,0,Sigma_b = Sigma_gas + Upsilon_d*Sigma_disk_ml1 + Upsilon_b*Sigma_bulge_ml1,basis_only; stellar_mass_to_light_nuisance_not_applied,J = Sigma_b * V_model,self_consistent_model_velocity_required; not_evaluated,0,tabulated,piecewise_linear,data/stationary/source_reconstruction/hix2018_ngc0289_hi_profile_v1.csv,NGC0289:16
NGC0289,calibration,17,40.81,3.28793738118,0.1,0,Sigma_b = Sigma_gas + Upsilon_d*Sigma_disk_ml1 + Upsilon_b*Sigma_bulge_ml1,basis_only; stellar_mass_to_light_nuisance_not_applied,J = Sigma_b * V_model,self_consistent_model_velocity_required; not_evaluated,0,tabulated,piecewise_linear,data/stationary/source_reconstruction/hix2018_ngc0289_hi_profile_v1.csv,NGC0289:17
NGC0289,calibration,18,43.88,2.98136767509,0.06,0,Sigma_b = Sigma_gas + Upsilon_d*Sigma_disk_ml1 + Upsilon_b*Sigma_bulge_ml1,basis_only; stellar_mass_to_light_nuisance_not_applied,J = Sigma_b * V_model,self_consistent_model_velocity_required; not_evaluated,0,tabulated,piecewise_linear,data/stationary/source_reconstruction/hix2018_ngc0289_hi_profile_v1.csv,NGC0289:18
NGC0289,calibration,19,46.85,2.83602250555,0.04,0,Sigma_b = Sigma_gas + Upsilon_d*Sigma_disk_ml1 + Upsilon_b*Sigma_bulge_ml1,basis_only; stellar_mass_to_light_nuisance_not_applied,J = Sigma_b * V_model,self_consistent_model_velocity_required; not_evaluated,0,tabulated,piecewise_linear,data/stationary/source_reconstruction/hix2018_ngc0289_hi_profile_v1.csv,NGC0289:19
NGC0289,calibration,20,49.92,2.50500452123,0.03,0,Sigma_b = Sigma_gas + Upsilon_d*Sigma_disk_ml1 + Upsilon_b*Sigma_bulge_ml1,basis_only; stellar_mass_to_light_nuisance_not_applied,J = Sigma_b * V_model,self_consistent_model_velocity_required; not_evaluated,0,tabulated,piecewise_linear,data/stationary/source_reconstruction/hix2018_ngc0289_hi_profile_v1.csv,NGC0289:20
NGC0289,calibration,21,52.99,2.36149850877,0.02,0,Sigma_b = Sigma_gas + Upsilon_d*Sigma_disk_ml1 + Upsilon_b*Sigma_bulge_ml1,basis_only; stellar_mass_to_light_nuisance_not_applied,J = Sigma_b * V_model,self_consistent_model_velocity_required; not_evaluated,0,tabulated,piecewise_linear,data/stationary/source_reconstruction/hix2018_ngc0289_hi_profile_v1.csv,NGC0289:21
NGC0289,calibration,22,55.96,2.32807281661,0.01,0,Sigma_b = Sigma_gas + Upsilon_d*Sigma_disk_ml1 + Upsilon_b*Sigma_bulge_ml1,basis_only; stellar_mass_to_light_nuisance_not_applied,J = Sigma_b * V_model,self_consistent_model_velocity_required; not_evaluated,0,tabulated,piecewise_linear,data/stationary/source_reconstruction/hix2018_ngc0289_hi_profile_v1.csv,NGC0289:22
NGC0289,calibration,23,59.03,2.56014372522,0.01,0,Sigma_b = Sigma_gas + Upsilon_d*Sigma_disk_ml1 + Upsilon_b*Sigma_bulge_ml1,basis_only; stellar_mass_to_light_nuisance_not_applied,J = Sigma_b * V_model,self_consistent_model_velocity_required; not_evaluated,0,tabulated,piecewise_linear,data/stationary/source_reconstruction/hix2018_ngc0289_hi_profile_v1.csv,NGC0289:23
NGC0289,calibration,24,62,2.57530819034,0,0,Sigma_b = Sigma_gas + Upsilon_d*Sigma_disk_ml1 + Upsilon_b*Sigma_bulge_ml1,basis_only; stellar_mass_to_light_nuisance_not_applied,J = Sigma_b * V_model,self_consistent_model_velocity_required; not_evaluated,0,tabulated,piecewise_linear,data/stationary/source_reconstruction/hix2018_ngc0289_hi_profile_v1.csv,NGC0289:24
NGC0289,calibration,25,65.07,2.83990121566,0,0,Sigma_b = Sigma_gas + Upsilon_d*Sigma_disk_ml1 + Upsilon_b*Sigma_bulge_ml1,basis_only; stellar_mass_to_light_nuisance_not_applied,J = Sigma_b * V_model,self_consistent_model_velocity_required; not_evaluated,0,tabulated,piecewise_linear,data/stationary/source_reconstruction/hix2018_ngc0289_hi_profile_v1.csv,NGC0289:25
NGC0289,calibration,26,68.05,2.83187109634,0,0,Sigma_b = Sigma_gas + Upsilon_d*Sigma_disk_ml1 + Upsilon_b*Sigma_bulge_ml1,basis_only; stellar_mass_to_light_nuisance_not_applied,J = Sigma_b * V_model,self_consistent_model_velocity_required; not_evaluated,0,tabulated,piecewise_linear,data/stationary/source_reconstruction/hix2018_ngc0289_hi_profile_v1.csv,NGC0289:26
NGC0289,calibration,27,71.12,2.56701416532,0,0,Sigma_b = Sigma_gas + Upsilon_d*Sigma_disk_ml1 + Upsilon_b*Sigma_bulge_ml1,basis_only; stellar_mass_to_light_nuisance_not_applied,J = Sigma_b * V_model,self_consistent_model_velocity_required; not_evaluated,0,tabulated,piecewise_linear,data/stationary/source_reconstruction/hix2018_ngc0289_hi_profile_v1.csv,NGC0289:27
NGC0300,calibration,0,0.91,5.985,90.5,0,Sigma_b = Sigma_gas + Upsilon_d*Sigma_disk_ml1 + Upsilon_b*Sigma_bulge_ml1,basis_only; stellar_mass_to_light_nuisance_not_applied,J = Sigma_b * V_model,self_consistent_model_velocity_required; not_evaluated,0,tabulated,inner_constant,data/stationary/source_reconstruction/westmeier2011_ngc300_gas_profile_v1.csv,NGC0300:0
NGC0300,calibration,1,1.36,6.34934395499,67.25,0,Sigma_b = Sigma_gas + Upsilon_d*Sigma_disk_ml1 + Upsilon_b*Sigma_bulge_ml1,basis_only; stellar_mass_to_light_nuisance_not_applied,J = Sigma_b * V_model,self_consistent_model_velocity_required; not_evaluated,0,tabulated,piecewise_linear,data/stationary/source_reconstruction/westmeier2011_ngc300_gas_profile_v1.csv,NGC0300:1
NGC0300,calibration,2,1.82,6.82603382212,53.8,0,Sigma_b = Sigma_gas + Upsilon_d*Sigma_disk_ml1 + Upsilon_b*Sigma_bulge_ml1,basis_only; stellar_mass_to_light_nuisance_not_applied,J = Sigma_b * V_model,self_consistent_model_velocity_required; not_evaluated,0,tabulated,piecewise_linear,data/stationary/source_reconstruction/westmeier2011_ngc300_gas_profile_v1.csv,NGC0300:2
NGC0300,calibration,3,2.27,6.93459604871,41.88,0,Sigma_b = Sigma_gas + Upsilon_d*Sigma_disk_ml1 + Upsilon_b*Sigma_bulge_ml1,basis_only; stellar_mass_to_light_nuisance_not_applied,J = Sigma_b * V_model,self_consistent_model_velocity_required; not_evaluated,0,tabulated,piecewise_linear,data/stationary/source_reconstruction/westmeier2011_ngc300_gas_profile_v1.csv,NGC0300:3
NGC0300,calibration,4,2.72,6.76502257819,31.96,0,Sigma_b = Sigma_gas + Upsilon_d*Sigma_disk_ml1 + Upsilon_b*Sigma_bulge_ml1,basis_only; stellar_mass_to_light_nuisance_not_applied,J = Sigma_b * V_model,self_consistent_model_velocity_required; not_evaluated,0,tabulated,piecewise_linear,data/stationary/source_reconstruction/westmeier2011_ngc300_gas_profile_v1.csv,NGC0300:4
NGC0300,calibration,5,3.17,6.66363772308,24.71,0,Sigma_b = Sigma_gas + Upsilon_d*Sigma_disk_ml1 + Upsilon_b*Sigma_bulge_ml1,basis_only; stellar_mass_to_light_nuisance_not_applied,J = Sigma_b * V_model,self_consistent_model_velocity_required; not_evaluated,0,tabulated,piecewise_linear,data/stationary/source_reconstruction/westmeier2011_ngc300_gas_profile_v1.csv,NGC0300:5
NGC0300,calibration,6,3.63,6.70697316555,18.99,0,Sigma_b = Sigma_gas + Upsilon_d*Sigma_disk_ml1 + Upsilon_b*Sigma_bulge_ml1,basis_only; stellar_mass_to_light_nuisance_not_applied,J = Sigma_b * V_model,self_consistent_model_velocity_required; not_evaluated,0,tabulated,piecewise_linear,data/stationary/source_reconstruction/westmeier2011_ngc300_gas_profile_v1.csv,NGC0300:6
NGC0300,calibration,7,4.08,6.74936653318,14.68,0,Sigma_b = Sigma_gas + Upsilon_d*Sigma_disk_ml1 + Upsilon_b*Sigma_bulge_ml1,basis_only; stellar_mass_to_light_nuisance_not_applied,J = Sigma_b * V_model,self_consistent_model_velocity_required; not_evaluated,0,tabulated,piecewise_linear,data/stationary/source_reconstruction/westmeier2011_ngc300_gas_profile_v1.csv,NGC0300:7
NGC0300,calibration,8,4.54,6.79270197565,11.28,0,Sigma_b = Sigma_gas + Upsilon_d*Sigma_disk_ml1 + Upsilon_b*Sigma_bulge_ml1,basis_only; stellar_mass_to_light_nuisance_not_applied,J = Sigma_b * V_model,self_consistent_model_velocity_required; not_evaluated,0,tabulated,piecewise_linear,data/stationary/source_reconstruction/westmeier2011_ngc300_gas_profile_v1.csv,NGC0300:8
NGC0300,calibration,9,4.99,6.83509534328,8.72,0,Sigma_b = Sigma_gas + Upsilon_d*Sigma_disk_ml1 + Upsilon_b*Sigma_bulge_ml1,basis_only; stellar_mass_to_light_nuisance_not_applied,J = Sigma_b * V_model,self_consistent_model_velocity_required; not_evaluated,0,tabulated,piecewise_linear,data/stationary/source_reconstruction/westmeier2011_ngc300_gas_profile_v1.csv,NGC0300:9
NGC0300,calibration,10,5.45,6.68627685703,6.7,0,Sigma_b = Sigma_gas + Upsilon_d*Sigma_disk_ml1 + Upsilon_b*Sigma_bulge_ml1,basis_only; stellar_mass_to_light_nuisance_not_applied,J = Sigma_b * V_model,self_consistent_model_velocity_required; not_evaluated,0,tabulated,piecewise_linear,data/stationary/source_reconstruction/westmeier2011_ngc300_gas_profile_v1.csv,NGC0300:10
NGC0300,calibration,11,5.9,6.51670338651,5.18,0,Sigma_b = Sigma_gas + Upsilon_d*Sigma_disk_ml1 + Upsilon_b*Sigma_bulge_ml1,basis_only; stellar_mass_to_light_nuisance_not_applied,J = Sigma_b * V_model,self_consistent_model_velocity_required; not_evaluated,0,tabulated,piecewise_linear,data/stationary/source_reconstruction/westmeier2011_ngc300_gas_profile_v1.csv,NGC0300:11
NGC0300,calibration,12,6.36,5.87680808322,3.98,0,Sigma_b = Sigma_gas + Upsilon_d*Sigma_disk_ml1 + Upsilon_b*Sigma_bulge_ml1,basis_only; stellar_mass_to_light_nuisance_not_applied,J = Sigma_b * V_model,self_consistent_model_velocity_required; not_evaluated,0,tabulated,piecewise_linear,data/stationary/source_reconstruction/westmeier2011_ngc300_gas_profile_v1.csv,NGC0300:12
NGC0300,calibration,13,6.81,5.02894073061,3.08,0,Sigma_b = Sigma_gas + Upsilon_d*Sigma_disk_ml1 + Upsilon_b*Sigma_bulge_ml1,basis_only; stellar_mass_to_light_nuisance_not_applied,J = Sigma_b * V_model,self_consistent_model_velocity_required; not_evaluated,0,tabulated,piecewise_linear,data/stationary/source_reconstruction/westmeier2011_ngc300_gas_profile_v1.csv,NGC0300:13
NGC0300,calibration,14,7.26,4.31369769571,2.38,0,Sigma_b = Sigma_gas + Upsilon_d*Sigma_disk_ml1 + Upsilon_b*Sigma_bulge_ml1,basis_only; stellar_mass_to_light_nuisance_not_applied,J = Sigma_b * V_model,self_consistent_model_velocity_required; not_evaluated,0,tabulated,piecewise_linear,data/stationary/source_reconstruction/westmeier2011_ngc300_gas_profile_v1.csv,NGC0300:14
NGC0300,calibration,15,7.71,3.76258391652,1.84,0,Sigma_b = Sigma_gas + Upsilon_d*Sigma_disk_ml1 + Upsilon_b*Sigma_bulge_ml1,basis_only; stellar_mass_to_light_nuisance_not_applied,J = Sigma_b * V_model,self_consistent_model_velocity_required; not_evaluated,0,tabulated,piecewise_linear,data/stationary/source_reconstruction/westmeier2011_ngc300_gas_profile_v1.csv,NGC0300:15
NGC0300,calibration,16,8.17,3.24759887043,1.41,0,Sigma_b = Sigma_gas + Upsilon_d*Sigma_disk_ml1 + Upsilon_b*Sigma_bulge_ml1,basis_only; stellar_mass_to_light_nuisance_not_applied,J = Sigma_b * V_model,self_consistent_model_velocity_required; not_evaluated,0,tabulated,piecewise_linear,data/stationary/source_reconstruction/westmeier2011_ngc300_gas_profile_v1.csv,NGC0300:16
NGC0300,calibration,17,8.62,2.90845192939,1.09,0,Sigma_b = Sigma_gas + Upsilon_d*Sigma_disk_ml1 + Upsilon_b*Sigma_bulge_ml1,basis_only; stellar_mass_to_light_nuisance_not_applied,J = Sigma_b * V_model,self_consistent_model_velocity_required; not_evaluated,0,tabulated,piecewise_linear,data/stationary/source_reconstruction/westmeier2011_ngc300_gas_profile_v1.csv,NGC0300:17
NGC0300,calibration,18,9.07,2.56930498835,0.84,0,Sigma_b = Sigma_gas + Upsilon_d*Sigma_disk_ml1 + Upsilon_b*Sigma_bulge_ml1,basis_only; stellar_mass_to_light_nuisance_not_applied,J = Sigma_b * V_model,self_consistent_model_velocity_required; not_evaluated,0,tabulated,piecewise_linear,data/stationary/source_reconstruction/westmeier2011_ngc300_gas_profile_v1.csv,NGC0300:18
NGC0300,calibration,19,9.53,2.30821608647,0.65,0,Sigma_b = Sigma_gas + Upsilon_d*Sigma_disk_ml1 + Upsilon_b*Sigma_bulge_ml1,basis_only; stellar_mass_to_light_nuisance_not_applied,J = Sigma_b * V_model,self_consistent_model_velocity_required; not_evaluated,0,tabulated,piecewise_linear,data/stationary/source_reconstruction/westmeier2011_ngc300_gas_profile_v1.csv,NGC0300:19
NGC0300,calibration,20,9.96,2.06516077873,0.51,0,Sigma_b = Sigma_gas + Upsilon_d*Sigma_disk_ml1 + Upsilon_b*Sigma_bulge_ml1,basis_only; stellar_mass_to_light_nuisance_not_applied,J = Sigma_b * V_model,self_consistent_model_velocity_required; not_evaluated,0,tabulated,piecewise_linear,data/stationary/source_reconstruction/westmeier2011_ngc300_gas_profile_v1.csv,NGC0300:20
NGC0300,calibration,21,10.45,1.82265898073,0.38,0,Sigma_b = Sigma_gas + Upsilon_d*Sigma_disk_ml1 + Upsilon_b*Sigma_bulge_ml1,basis_only; stellar_mass_to_light_nuisance_not_applied,J = Sigma_b * V_model,self_consistent_model_velocity_required; not_evaluated,0,tabulated,piecewise_linear,data/stationary/source_reconstruction/westmeier2011_ngc300_gas_profile_v1.csv,NGC0300:21
NGC0300,calibration,22,10.93,1.59656102004,0.29,0,Sigma_b = Sigma_gas + Upsilon_d*Sigma_disk_ml1 + Upsilon_b*Sigma_bulge_ml1,basis_only; stellar_mass_to_light_nuisance_not_applied,J = Sigma_b * V_model,self_consistent_model_velocity_required; not_evaluated,0,tabulated,piecewise_linear,data/stationary/source_reconstruction/westmeier2011_ngc300_gas_profile_v1.csv,NGC0300:22
NGC0300,calibration,23,11.32,1.49857128539,0.23,0,Sigma_b = Sigma_gas + Upsilon_d*Sigma_disk_ml1 + Upsilon_b*Sigma_bulge_ml1,basis_only; stellar_mass_to_light_nuisance_not_applied,J = Sigma_b * V_model,self_consistent_model_velocity_required; not_evaluated,0,tabulated,piecewise_linear,data/stationary/source_reconstruction/westmeier2011_ngc300_gas_profile_v1.csv,NGC0300:23
NGC0300,calibration,24,11.8,1.45335169326,0,0,Sigma_b = Sigma_gas + Upsilon_d*Sigma_disk_ml1 + Upsilon_b*Sigma_bulge_ml1,basis_only; stellar_mass_to_light_nuisance_not_applied,J = Sigma_b * V_model,self_consistent_model_velocity_required; not_evaluated,0,tabulated,piecewise_linear,data/stationary/source_reconstruction/westmeier2011_ngc300_gas_profile_v1.csv,NGC0300:24
NGC2403,blind,0,0.16,6.6128629933,1105.79,0,Sigma_b = Sigma_gas + Upsilon_d*Sigma_disk_ml1 + Upsilon_b*Sigma_bulge_ml1,basis_only; stellar_mass_to_light_nuisance_not_applied,J = Sigma_b * V_model,self_consistent_model_velocity_required; not_evaluated,0,tabulated,piecewise_linear,data/stationary/source_reconstruction/leroy2008_things_hi_profiles_v1.csv,NGC2403:0
NGC2403,blind,1,0.26,6.68094750559,1006.36,0,Sigma_b = Sigma_gas + Upsilon_d*Sigma_disk_ml1 + Upsilon_b*Sigma_bulge_ml1,basis_only; stellar_mass_to_light_nuisance_not_applied,J = Sigma_b * V_model,self_consistent_model_velocity_required; not_evaluated,0,tabulated,piecewise_linear,data/stationary/source_reconstruction/leroy2008_things_hi_profiles_v1.csv,NGC2403:1
NGC2403,blind,2,0.36,6.73046351452,938.26,0,Sigma_b = Sigma_gas + Upsilon_d*Sigma_disk_ml1 + Upsilon_b*Sigma_bulge_ml1,basis_only; stellar_mass_to_light_nuisance_not_applied,J = Sigma_b * V_model,self_consistent_model_velocity_required; not_evaluated,0,tabulated,piecewise_linear,data/stationary/source_reconstruction/leroy2008_things_hi_profiles_v1.csv,NGC2403:2
NGC2403,blind,3,0.46,6.87653574088,789.78,0,Sigma_b = Sigma_gas + Upsilon_d*Sigma_disk_ml1 + Upsilon_b*Sigma_bulge_ml1,basis_only; stellar_mass_to_light_nuisance_not_applied,J = Sigma_b * V_model,self_consistent_model_velocity_required; not_evaluated,0,tabulated,piecewise_linear,data/stationary/source_reconstruction/leroy2008_things_hi_profiles_v1.csv,NGC2403:3
NGC2403,blind,4,0.56,6.97618670886,624.65,0,Sigma_b = Sigma_gas + Upsilon_d*Sigma_disk_ml1 + Upsilon_b*Sigma_bulge_ml1,basis_only; stellar_mass_to_light_nuisance_not_applied,J = Sigma_b * V_model,self_consistent_model_velocity_required; not_evaluated,0,tabulated,piecewise_linear,data/stationary/source_reconstruction/leroy2008_things_hi_profiles_v1.csv,NGC2403:4
NGC2403,blind,5,0.66,7.0257027178,511.64,0,Sigma_b = Sigma_gas + Upsilon_d*Sigma_disk_ml1 + Upsilon_b*Sigma_bulge_ml1,basis_only; stellar_mass_to_light_nuisance_not_applied,J = Sigma_b * V_model,self_consistent_model_velocity_required; not_evaluated,0,tabulated,piecewise_linear,data/stationary/source_reconstruction/leroy2008_things_hi_profiles_v1.csv,NGC2403:5
NGC2403,blind,6,0.76,7.04117647059,469.31,0,Sigma_b = Sigma_gas + Upsilon_d*Sigma_disk_ml1 + Upsilon_b*Sigma_bulge_ml1,basis_only; stellar_mass_to_light_nuisance_not_applied,J = Sigma_b * V_model,self_consistent_model_velocity_required; not_evaluated,0,tabulated,piecewise_linear,data/stationary/source_reconstruction/leroy2008_things_hi_profiles_v1.csv,NGC2403:6
NGC2403,blind,7,0.86,7.04117647059,402.53,0,Sigma_b = Sigma_gas + Upsilon_d*Sigma_disk_ml1 + Upsilon_b*Sigma_bulge_ml1,basis_only; stellar_mass_to_light_nuisance_not_applied,J = Sigma_b * V_model,self_consistent_model_velocity_required; not_evaluated,0,tabulated,piecewise_linear,data/stationary/source_reconstruction/leroy2008_things_hi_profiles_v1.csv,NGC2403:7
NGC2403,blind,8,0.96,7.11173678332,381.19,0,Sigma_b = Sigma_gas + Upsilon_d*Sigma_disk_ml1 + Upsilon_b*Sigma_bulge_ml1,basis_only; stellar_mass_to_light_nuisance_not_applied,J = Sigma_b * V_model,self_consistent_model_velocity_required; not_evaluated,0,tabulated,piecewise_linear,data/stationary/source_reconstruction/leroy2008_things_hi_profiles_v1.csv,NGC2403:8
NGC2403,blind,9,1.06,7.13897058824,359.63,0,Sigma_b = Sigma_gas + Upsilon_d*Sigma_disk_ml1 + Upsilon_b*Sigma_bulge_ml1,basis_only; stellar_mass_to_light_nuisance_not_applied,J = Sigma_b * V_model,self_consistent_model_velocity_required; not_evaluated,0,tabulated,piecewise_linear,data/stationary/source_reconstruction/leroy2008_things_hi_profiles_v1.csv,NGC2403:9
NGC2403,blind,10,1.16,7.13897058824,345.41,0,Sigma_b = Sigma_gas + Upsilon_d*Sigma_disk_ml1 + Upsilon_b*Sigma_bulge_ml1,basis_only; stellar_mass_to_light_nuisance_not_applied,J = Sigma_b * V_model,self_consistent_model_velocity_required; not_evaluated,0,tabulated,piecewise_linear,data/stationary/source_reconstruction/leroy2008_things_hi_profiles_v1.csv,NGC2403:10
NGC2403,blind,11,1.27,7.13897058824,332.26,0,Sigma_b = Sigma_gas + Upsilon_d*Sigma_disk_ml1 + Upsilon_b*Sigma_bulge_ml1,basis_only; stellar_mass_to_light_nuisance_not_applied,J = Sigma_b * V_model,self_consistent_model_velocity_required; not_evaluated,0,tabulated,piecewise_linear,data/stationary/source_reconstruction/leroy2008_things_hi_profiles_v1.csv,NGC2403:11
NGC2403,blind,12,1.36,7.17672654505,317.57,0,Sigma_b = Sigma_gas + Upsilon_d*Sigma_disk_ml1 + Upsilon_b*Sigma_bulge_ml1,basis_only; stellar_mass_to_light_nuisance_not_applied,J = Sigma_b * V_model,self_consistent_model_velocity_required; not_evaluated,0,tabulated,piecewise_linear,data/stationary/source_reconstruction/leroy2008_things_hi_profiles_v1.csv,NGC2403:12
NGC2403,blind,13,1.47,7.23119415488,297.25,0,Sigma_b = Sigma_gas + Upsilon_d*Sigma_disk_ml1 + Upsilon_b*Sigma_bulge_ml1,basis_only; stellar_mass_to_light_nuisance_not_applied,J = Sigma_b * V_model,self_consistent_model_velocity_required; not_evaluated,0,tabulated,piecewise_linear,data/stationary/source_reconstruction/leroy2008_things_hi_profiles_v1.csv,NGC2403:13
NGC2403,blind,14,1.57,7.23676470589,286.72,0,Sigma_b = Sigma_gas + Upsilon_d*Sigma_disk_ml1 + Upsilon_b*Sigma_bulge_ml1,basis_only; stellar_mass_to_light_nuisance_not_applied,J = Sigma_b * V_model,self_consistent_model_velocity_required; not_evaluated,0,tabulated,piecewise_linear,data/stationary/source_reconstruction/leroy2008_things_hi_profiles_v1.csv,NGC2403:14
NGC2403,blind,15,1.67,7.28132911393,271.01,0,Sigma_b = Sigma_gas + Upsilon_d*Sigma_disk_ml1 + Upsilon_b*Sigma_bulge_ml1,basis_only; stellar_mass_to_light_nuisance_not_applied,J = Sigma_b * V_model,self_consistent_model_velocity_required; not_evaluated,0,tabulated,piecewise_linear,data/stationary/source_reconstruction/leroy2008_things_hi_profiles_v1.csv,NGC2403:15
NGC2403,blind,16,1.77,7.33084512286,252.38,0,Sigma_b = Sigma_gas + Upsilon_d*Sigma_disk_ml1 + Upsilon_b*Sigma_bulge_ml1,basis_only; stellar_mass_to_light_nuisance_not_applied,J = Sigma_b * V_model,self_consistent_model_velocity_required; not_evaluated,0,tabulated,piecewise_linear,data/stationary/source_reconstruction/leroy2008_things_hi_profiles_v1.csv,NGC2403:16
NGC2403,blind,17,1.87,7.42616344006,231.06,0,Sigma_b = Sigma_gas + Upsilon_d*Sigma_disk_ml1 + Upsilon_b*Sigma_bulge_ml1,basis_only; stellar_mass_to_light_nuisance_not_applied,J = Sigma_b * V_model,self_consistent_model_velocity_required; not_evaluated,0,tabulated,piecewise_linear,data/stationary/source_reconstruction/leroy2008_things_hi_profiles_v1.csv,NGC2403:17
NGC2403,blind,18,1.97,7.47877419956,214.5,0,Sigma_b = Sigma_gas + Upsilon_d*Sigma_disk_ml1 + Upsilon_b*Sigma_bulge_ml1,basis_only; stellar_mass_to_light_nuisance_not_applied,J = Sigma_b * V_model,self_consistent_model_velocity_required; not_evaluated,0,tabulated,piecewise_linear,data/stationary/source_reconstruction/leroy2008_things_hi_profiles_v1.csv,NGC2403:18
NGC2403,blind,19,2.08,7.54252606106,203.15,0,Sigma_b = Sigma_gas + Upsilon_d*Sigma_disk_ml1 + Upsilon_b*Sigma_bulge_ml1,basis_only; stellar_mass_to_light_nuisance_not_applied,J = Sigma_b * V_model,self_consistent_model_velocity_required; not_evaluated,0,tabulated,piecewise_linear,data/stationary/source_reconstruction/leroy2008_things_hi_profiles_v1.csv,NGC2403:19
NGC2403,blind,20,2.18,7.72944899479,177.77,0,Sigma_b = Sigma_gas + Upsilon_d*Sigma_disk_ml1 + Upsilon_b*Sigma_bulge_ml1,basis_only; stellar_mass_to_light_nuisance_not_applied,J = Sigma_b * V_model,self_consistent_model_velocity_required; not_evaluated,0,tabulated,piecewise_linear,data/stationary/source_reconstruction/leroy2008_things_hi_profiles_v1.csv,NGC2403:20
NGC2403,blind,21,2.28,7.77896500373,143.26,0,Sigma_b = Sigma_gas + Upsilon_d*Sigma_disk_ml1 + Upsilon_b*Sigma_bulge_ml1,basis_only; stellar_mass_to_light_nuisance_not_applied,J = Sigma_b * V_model,self_consistent_model_velocity_required; not_evaluated,0,tabulated,piecewise_linear,data/stationary/source_reconstruction/leroy2008_things_hi_profiles_v1.csv,NGC2403:21
NGC2403,blind,22,2.37,7.82352941177,125.45,0,Sigma_b = Sigma_gas + Upsilon_d*Sigma_disk_ml1 + Upsilon_b*Sigma_bulge_ml1,basis_only; stellar_mass_to_light_nuisance_not_applied,J = Sigma_b * V_model,self_consistent_model_velocity_required; not_evaluated,0,tabulated,measured_node,data/stationary/source_reconstruction/leroy2008_things_hi_profiles_v1.csv,NGC2403:22
NGC2403,blind,23,2.47,7.92256142964,115.5,0,Sigma_b = Sigma_gas + Upsilon_d*Sigma_disk_ml1 + Upsilon_b*Sigma_bulge_ml1,basis_only; stellar_mass_to_light_nuisance_not_applied,J = Sigma_b * V_model,self_consistent_model_velocity_required; not_evaluated,0,tabulated,piecewise_linear,data/stationary/source_reconstruction/leroy2008_things_hi_profiles_v1.csv,NGC2403:23
NGC2403,blind,24,2.57,8.02406924795,108.64,0,Sigma_b = Sigma_gas + Upsilon_d*Sigma_disk_ml1 + Upsilon_b*Sigma_bulge_ml1,basis_only; stellar_mass_to_light_nuisance_not_applied,J = Sigma_b * V_model,self_consistent_model_velocity_required; not_evaluated,0,tabulated,piecewise_linear,data/stationary/source_reconstruction/leroy2008_things_hi_profiles_v1.csv,NGC2403:24
NGC2403,blind,25,2.68,8.23513123605,99.02,0,Sigma_b = Sigma_gas + Upsilon_d*Sigma_disk_ml1 + Upsilon_b*Sigma_bulge_ml1,basis_only; stellar_mass_to_light_nuisance_not_applied,J = Sigma_b * V_model,self_consistent_model_velocity_required; not_evaluated,0,tabulated,piecewise_linear,data/stationary/source_reconstruction/leroy2008_things_hi_profiles_v1.csv,NGC2403:25
NGC2403,blind,26,2.78,8.38367926285,91.66,0,Sigma_b = Sigma_gas + Upsilon_d*Sigma_disk_ml1 + Upsilon_b*Sigma_bulge_ml1,basis_only; stellar_mass_to_light_nuisance_not_applied,J = Sigma_b * V_model,self_consistent_model_velocity_required; not_evaluated,0,tabulated,piecewise_linear,data/stationary/source_reconstruction/leroy2008_things_hi_profiles_v1.csv,NGC2403:26
NGC2403,blind,27,2.88,8.54027364111,86.76,0,Sigma_b = Sigma_gas + Upsilon_d*Sigma_disk_ml1 + Upsilon_b*Sigma_bulge_ml1,basis_only; stellar_mass_to_light_nuisance_not_applied,J = Sigma_b * V_model,self_consistent_model_velocity_required; not_evaluated,0,tabulated,piecewise_linear,data/stationary/source_reconstruction/leroy2008_things_hi_profiles_v1.csv,NGC2403:27
NGC2403,blind,28,2.98,8.72967237528,83.79,0,Sigma_b = Sigma_gas + Upsilon_d*Sigma_disk_ml1 + Upsilon_b*Sigma_bulge_ml1,basis_only; stellar_mass_to_light_nuisance_not_applied,J = Sigma_b * V_model,self_consistent_model_velocity_required; not_evaluated,0,tabulated,piecewise_linear,data/stationary/source_reconstruction/leroy2008_things_hi_profiles_v1.csv,NGC2403:28
NGC2403,blind,29,3.08,8.87822040209,81.8,0,Sigma_b = Sigma_gas + Upsilon_d*Sigma_disk_ml1 + Upsilon_b*Sigma_bulge_ml1,basis_only; stellar_mass_to_light_nuisance_not_applied,J = Sigma_b * V_model,self_consistent_model_velocity_required; not_evaluated,0,tabulated,piecewise_linear,data/stationary/source_reconstruction/leroy2008_things_hi_profiles_v1.csv,NGC2403:29
NGC2403,blind,30,3.19,9.08618763961,78.36,0,Sigma_b = Sigma_gas + Upsilon_d*Sigma_disk_ml1 + Upsilon_b*Sigma_bulge_ml1,basis_only; stellar_mass_to_light_nuisance_not_applied,J = Sigma_b * V_model,self_consistent_model_velocity_required; not_evaluated,0,tabulated,piecewise_linear,data/stationary/source_reconstruction/leroy2008_things_hi_profiles_v1.csv,NGC2403:30
NGC2403,blind,31,3.29,9.32138868206,75.36,0,Sigma_b = Sigma_gas + Upsilon_d*Sigma_disk_ml1 + Upsilon_b*Sigma_bulge_ml1,basis_only; stellar_mass_to_light_nuisance_not_applied,J = Sigma_b * V_model,self_consistent_model_velocity_required; not_evaluated,0,tabulated,piecewise_linear,data/stationary/source_reconstruction/leroy2008_things_hi_profiles_v1.csv,NGC2403:31
NGC2403,blind,32,3.39,9.42042069993,71.99,0,Sigma_b = Sigma_gas + Upsilon_d*Sigma_disk_ml1 + Upsilon_b*Sigma_bulge_ml1,basis_only; stellar_mass_to_light_nuisance_not_applied,J = Sigma_b * V_model,self_consistent_model_velocity_required; not_evaluated,0,tabulated,piecewise_linear,data/stationary/source_reconstruction/leroy2008_things_hi_profiles_v1.csv,NGC2403:32
NGC2403,blind,33,3.49,9.48602941177,67.49,0,Sigma_b = Sigma_gas + Upsilon_d*Sigma_disk_ml1 + Upsilon_b*Sigma_bulge_ml1,basis_only; stellar_mass_to_light_nuisance_not_applied,J = Sigma_b * V_model,self_consistent_model_velocity_required; not_evaluated,0,tabulated,piecewise_linear,data/stationary/source_reconstruction/leroy2008_things_hi_profiles_v1.csv,NGC2403:33
NGC2403,blind,34,3.59,9.46869880864,62.39,0,Sigma_b = Sigma_gas + Upsilon_d*Sigma_disk_ml1 + Upsilon_b*Sigma_bulge_ml1,basis_only; stellar_mass_to_light_nuisance_not_applied,J = Sigma_b * V_model,self_consistent_model_velocity_required; not_evaluated,0,tabulated,piecewise_linear,data/stationary/source_reconstruction/leroy2008_things_hi_profiles_v1.csv,NGC2403:34
NGC2403,blind,35,3.69,9.41918279971,56.77,0,Sigma_b = Sigma_gas + Upsilon_d*Sigma_disk_ml1 + Upsilon_b*Sigma_bulge_ml1,basis_only; stellar_mass_to_light_nuisance_not_applied,J = Sigma_b * V_model,self_consistent_model_velocity_required; not_evaluated,0,tabulated,piecewise_linear,data/stationary/source_reconstruction/leroy2008_things_hi_profiles_v1.csv,NGC2403:35
NGC2403,blind,36,3.79,9.35109828742,52.43,0,Sigma_b = Sigma_gas + Upsilon_d*Sigma_disk_ml1 + Upsilon_b*Sigma_bulge_ml1,basis_only; stellar_mass_to_light_nuisance_not_applied,J = Sigma_b * V_model,self_consistent_model_velocity_required; not_evaluated,0,tabulated,piecewise_linear,data/stationary/source_reconstruction/leroy2008_things_hi_profiles_v1.csv,NGC2403:36
NGC2403,blind,37,3.9,9.24216306776,47.97,0,Sigma_b = Sigma_gas + Upsilon_d*Sigma_disk_ml1 + Upsilon_b*Sigma_bulge_ml1,basis_only; stellar_mass_to_light_nuisance_not_applied,J = Sigma_b * V_model,self_consistent_model_velocity_required; not_evaluated,0,tabulated,piecewise_linear,data/stationary/source_reconstruction/leroy2008_things_hi_profiles_v1.csv,NGC2403:37
NGC2403,blind,38,3.99,9.11342144453,44.58,0,Sigma_b = Sigma_gas + Upsilon_d*Sigma_disk_ml1 + Upsilon_b*Sigma_bulge_ml1,basis_only; stellar_mass_to_light_nuisance_not_applied,J = Sigma_b * V_model,self_consistent_model_velocity_required; not_evaluated,0,tabulated,piecewise_linear,data/stationary/source_reconstruction/leroy2008_things_hi_profiles_v1.csv,NGC2403:38
NGC2403,blind,39,4.47,8.12681496649,31.94,0,Sigma_b = Sigma_gas + Upsilon_d*Sigma_disk_ml1 + Upsilon_b*Sigma_bulge_ml1,basis_only; stellar_mass_to_light_nuisance_not_applied,J = Sigma_b * V_model,self_consistent_model_velocity_required; not_evaluated,0,tabulated,piecewise_linear,data/stationary/source_reconstruction/leroy2008_things_hi_profiles_v1.csv,NGC2403:39
NGC2403,blind,40,4.97,6.87901154133,24.17,0,Sigma_b = Sigma_gas + Upsilon_d*Sigma_disk_ml1 + Upsilon_b*Sigma_bulge_ml1,basis_only; stellar_mass_to_light_nuisance_not_applied,J = Sigma_b * V_model,self_consistent_model_velocity_required; not_evaluated,0,tabulated,piecewise_linear,data/stationary/source_reconstruction/leroy2008_things_hi_profiles_v1.csv,NGC2403:40
NGC2403,blind,41,5.47,6.0248603872,15.97,0,Sigma_b = Sigma_gas + Upsilon_d*Sigma_disk_ml1 + Upsilon_b*Sigma_bulge_ml1,basis_only; stellar_mass_to_light_nuisance_not_applied,J = Sigma_b * V_model,self_consistent_model_velocity_required; not_evaluated,0,tabulated,piecewise_linear,data/stationary/source_reconstruction/leroy2008_things_hi_profiles_v1.csv,NGC2403:41
NGC2403,blind,42,5.96,5.57426470588,11.31,0,Sigma_b = Sigma_gas + Upsilon_d*Sigma_disk_ml1 + Upsilon_b*Sigma_bulge_ml1,basis_only; stellar_mass_to_light_nuisance_not_applied,J = Sigma_b * V_model,self_consistent_model_velocity_required; not_evaluated,0,tabulated,piecewise_linear,data/stationary/source_reconstruction/leroy2008_things_hi_profiles_v1.csv,NGC2403:42
NGC2403,blind,43,6.46,5.47647058824,7.9,0,Sigma_b = Sigma_gas + Upsilon_d*Sigma_disk_ml1 + Upsilon_b*Sigma_bulge_ml1,basis_only; stellar_mass_to_light_nuisance_not_applied,J = Sigma_b * V_model,self_consistent_model_velocity_required; not_evaluated,0,tabulated,piecewise_linear,data/stationary/source_reconstruction/leroy2008_things_hi_profiles_v1.csv,NGC2403:43
NGC2403,blind,44,6.96,5.67205882353,5.51,0,Sigma_b = Sigma_gas + Upsilon_d*Sigma_disk_ml1 + Upsilon_b*Sigma_bulge_ml1,basis_only; stellar_mass_to_light_nuisance_not_applied,J = Sigma_b * V_model,self_consistent_model_velocity_required; not_evaluated,0,tabulated,piecewise_linear,data/stationary/source_reconstruction/leroy2008_things_hi_profiles_v1.csv,NGC2403:44
NGC2403,blind,45,7.45,5.43314408042,3.88,0,Sigma_b = Sigma_gas + Upsilon_d*Sigma_disk_ml1 + Upsilon_b*Sigma_bulge_ml1,basis_only; stellar_mass_to_light_nuisance_not_applied,J = Sigma_b * V_model,self_consistent_model_velocity_required; not_evaluated,0,tabulated,piecewise_linear,data/stationary/source_reconstruction/leroy2008_things_hi_profiles_v1.csv,NGC2403:45
NGC2403,blind,46,7.95,5.03577810871,2.71,0,Sigma_b = Sigma_gas + Upsilon_d*Sigma_disk_ml1 + Upsilon_b*Sigma_bulge_ml1,basis_only; stellar_mass_to_light_nuisance_not_applied,J = Sigma_b * V_model,self_consistent_model_velocity_required; not_evaluated,0,tabulated,piecewise_linear,data/stationary/source_reconstruction/leroy2008_things_hi_profiles_v1.csv,NGC2403:46
NGC2403,blind,47,8.45,4.8340003723,1.9,0,Sigma_b = Sigma_gas + Upsilon_d*Sigma_disk_ml1 + Upsilon_b*Sigma_bulge_ml1,basis_only; stellar_mass_to_light_nuisance_not_applied,J = Sigma_b * V_model,self_consistent_model_velocity_required; not_evaluated,0,tabulated,piecewise_linear,data/stationary/source_reconstruction/leroy2008_things_hi_profiles_v1.csv,NGC2403:47
NGC2403,blind,48,8.94,0,1.34,0,Sigma_b = Sigma_gas + Upsilon_d*Sigma_disk_ml1 + Upsilon_b*Sigma_bulge_ml1,basis_only; stellar_mass_to_light_nuisance_not_applied,J = Sigma_b * V_model,self_consistent_model_velocity_required; not_evaluated,0,tabulated,outer_zero,data/stationary/source_reconstruction/leroy2008_things_hi_profiles_v1.csv,NGC2403:48
NGC2403,blind,49,9.44,0,0.93,0,Sigma_b = Sigma_gas + Upsilon_d*Sigma_disk_ml1 + Upsilon_b*Sigma_bulge_ml1,basis_only; stellar_mass_to_light_nuisance_not_applied,J = Sigma_b * V_model,self_consistent_model_velocity_required; not_evaluated,0,tabulated,outer_zero,data/stationary/source_reconstruction/leroy2008_things_hi_profiles_v1.csv,NGC2403:49
NGC2403,blind,50,9.94,0,0.65,0,Sigma_b = Sigma_gas + Upsilon_d*Sigma_disk_ml1 + Upsilon_b*Sigma_bulge_ml1,basis_only; stellar_mass_to_light_nuisance_not_applied,J = Sigma_b * V_model,self_consistent_model_velocity_required; not_evaluated,0,tabulated,outer_zero,data/stationary/source_reconstruction/leroy2008_things_hi_profiles_v1.csv,NGC2403:50
NGC2403,blind,51,10.43,0,0.46,0,Sigma_b = Sigma_gas + Upsilon_d*Sigma_disk_ml1 + Upsilon_b*Sigma_bulge_ml1,basis_only; stellar_mass_to_light_nuisance_not_applied,J = Sigma_b * V_model,self_consistent_model_velocity_required; not_evaluated,0,tabulated,outer_zero,data/stationary/source_reconstruction/leroy2008_things_hi_profiles_v1.csv,NGC2403:51
NGC2403,blind,52,10.93,0,0.32,0,Sigma_b = Sigma_gas + Upsilon_d*Sigma_disk_ml1 + Upsilon_b*Sigma_bulge_ml1,basis_only; stellar_mass_to_light_nuisance_not_applied,J = Sigma_b * V_model,self_consistent_model_velocity_required; not_evaluated,0,tabulated,outer_zero,data/stationary/source_reconstruction/leroy2008_things_hi_profiles_v1.csv,NGC2403:52
NGC2403,blind,53,11.43,0,0.22,0,Sigma_b = Sigma_gas + Upsilon_d*Sigma_disk_ml1 + Upsilon_b*Sigma_bulge_ml1,basis_only; stellar_mass_to_light_nuisance_not_applied,J = Sigma_b * V_model,self_consistent_model_velocity_required; not_evaluated,0,tabulated,outer_zero,data/stationary/source_reconstruction/leroy2008_things_hi_profiles_v1.csv,NGC2403:53
NGC2403,blind,54,11.92,0,0.16,0,Sigma_b = Sigma_gas + Upsilon_d*Sigma_disk_ml1 + Upsilon_b*Sigma_bulge_ml1,basis_only; stellar_mass_to_light_nuisance_not_applied,J = Sigma_b * V_model,self_consistent_model_velocity_required; not_evaluated,0,tabulated,outer_zero,data/stationary/source_reconstruction/leroy2008_things_hi_profiles_v1.csv,NGC2403:54
NGC2403,blind,55,12.42,0,0.11,0,Sigma_b = Sigma_gas + Upsilon_d*Sigma_disk_ml1 + Upsilon_b*Sigma_bulge_ml1,basis_only; stellar_mass_to_light_nuisance_not_applied,J = Sigma_b * V_model,self_consistent_model_velocity_required; not_evaluated,0,tabulated,outer_zero,data/stationary/source_reconstruction/leroy2008_things_hi_profiles_v1.csv,NGC2403:55
NGC2403,blind,56,12.92,0,0.08,0,Sigma_b = Sigma_gas + Upsilon_d*Sigma_disk_ml1 + Upsilon_b*Sigma_bulge_ml1,basis_only; stellar_mass_to_light_nuisance_not_applied,J = Sigma_b * V_model,self_consistent_model_velocity_required; not_evaluated,0,tabulated,outer_zero,data/stationary/source_reconstruction/leroy2008_things_hi_profiles_v1.csv,NGC2403:56
NGC2403,blind,57,13.42,0,0.05,0,Sigma_b = Sigma_gas + Upsilon_d*Sigma_disk_ml1 + Upsilon_b*Sigma_bulge_ml1,basis_only; stellar_mass_to_light_nuisance_not_applied,J = Sigma_b * V_model,self_consistent_model_velocity_required; not_evaluated,0,tabulated,outer_zero,data/stationary/source_reconstruction/leroy2008_things_hi_profiles_v1.csv,NGC2403:57
NGC2403,blind,58,13.91,0,0.04,0,Sigma_b = Sigma_gas + Upsilon_d*Sigma_disk_ml1 + Upsilon_b*Sigma_bulge_ml1,basis_only; stellar_mass_to_light_nuisance_not_applied,J = Sigma_b * V_model,self_consistent_model_velocity_required; not_evaluated,0,tabulated,outer_zero,data/stationary/source_reconstruction/leroy2008_things_hi_profiles_v1.csv,NGC2403:58
NGC2403,blind,59,14.41,0,0.03,0,Sigma_b = Sigma_gas + Upsilon_d*Sigma_disk_ml1 + Upsilon_b*Sigma_bulge_ml1,basis_only; stellar_mass_to_light_nuisance_not_applied,J = Sigma_b * V_model,self_consistent_model_velocity_required; not_evaluated,0,tabulated,outer_zero,data/stationary/source_reconstruction/leroy2008_things_hi_profiles_v1.csv,NGC2403:59
NGC2403,blind,60,14.91,0,0.02,0,Sigma_b = Sigma_gas + Upsilon_d*Sigma_disk_ml1 + Upsilon_b*Sigma_bulge_ml1,basis_only; stellar_mass_to_light_nuisance_not_applied,J = Sigma_b * V_model,self_consistent_model_velocity_required; not_evaluated,0,tabulated,outer_zero,data/stationary/source_reconstruction/leroy2008_things_hi_profiles_v1.csv,NGC2403:60
NGC2403,blind,61,15.4,0,0.01,0,Sigma_b = Sigma_gas + Upsilon_d*Sigma_disk_ml1 + Upsilon_b*Sigma_bulge_ml1,basis_only; stellar_mass_to_light_nuisance_not_applied,J = Sigma_b * V_model,self_consistent_model_velocity_required; not_evaluated,0,tabulated,outer_zero,data/stationary/source_reconstruction/leroy2008_things_hi_profiles_v1.csv,NGC2403:61
NGC2403,blind,62,15.9,0,0.01,0,Sigma_b = Sigma_gas + Upsilon_d*Sigma_disk_ml1 + Upsilon_b*Sigma_bulge_ml1,basis_only; stellar_mass_to_light_nuisance_not_applied,J = Sigma_b * V_model,self_consistent_model_velocity_required; not_evaluated,0,tabulated,outer_zero,data/stationary/source_reconstruction/leroy2008_things_hi_profiles_v1.csv,NGC2403:62
NGC2403,blind,63,16.4,0,0.01,0,Sigma_b = Sigma_gas + Upsilon_d*Sigma_disk_ml1 + Upsilon_b*Sigma_bulge_ml1,basis_only; stellar_mass_to_light_nuisance_not_applied,J = Sigma_b * V_model,self_consistent_model_velocity_required; not_evaluated,0,tabulated,outer_zero,data/stationary/source_reconstruction/leroy2008_things_hi_profiles_v1.csv,NGC2403:63
NGC2403,blind,64,16.89,0,0,0,Sigma_b = Sigma_gas + Upsilon_d*Sigma_disk_ml1 + Upsilon_b*Sigma_bulge_ml1,basis_only; stellar_mass_to_light_nuisance_not_applied,J = Sigma_b * V_model,self_consistent_model_velocity_required; not_evaluated,0,tabulated,outer_zero,data/stationary/source_reconstruction/leroy2008_things_hi_profiles_v1.csv,NGC2403:64
NGC2403,blind,65,17.39,0,0,0,Sigma_b = Sigma_gas + Upsilon_d*Sigma_disk_ml1 + Upsilon_b*Sigma_bulge_ml1,basis_only; stellar_mass_to_light_nuisance_not_applied,J = Sigma_b * V_model,self_consistent_model_velocity_required; not_evaluated,0,tabulated,outer_zero,data/stationary/source_reconstruction/leroy2008_things_hi_profiles_v1.csv,NGC2403:65
NGC2403,blind,66,17.89,0,0,0,Sigma_b = Sigma_gas + Upsilon_d*Sigma_disk_ml1 + Upsilon_b*Sigma_bulge_ml1,basis_only; stellar_mass_to_light_nuisance_not_applied,J = Sigma_b * V_model,self_consistent_model_velocity_required; not_evaluated,0,tabulated,outer_zero,data/stationary/source_reconstruction/leroy2008_things_hi_profiles_v1.csv,NGC2403:66
NGC2403,blind,67,18.38,0,0,0,Sigma_b = Sigma_gas + Upsilon_d*Sigma_disk_ml1 + Upsilon_b*Sigma_bulge_ml1,basis_only; stellar_mass_to_light_nuisance_not_applied,J = Sigma_b * V_model,self_consistent_model_velocity_required; not_evaluated,0,tabulated,outer_zero,data/stationary/source_reconstruction/leroy2008_things_hi_profiles_v1.csv,NGC2403:67
NGC2403,blind,68,18.88,0,0,0,Sigma_b = Sigma_gas + Upsilon_d*Sigma_disk_ml1 + Upsilon_b*Sigma_bulge_ml1,basis_only; stellar_mass_to_light_nuisance_not_applied,J = Sigma_b * V_model,self_consistent_model_velocity_required; not_evaluated,0,tabulated,outer_zero,data/stationary/source_reconstruction/leroy2008_things_hi_profiles_v1.csv,NGC2403:68
NGC2403,blind,69,19.38,0,0,0,Sigma_b = Sigma_gas + Upsilon_d*Sigma_disk_ml1 + Upsilon_b*Sigma_bulge_ml1,basis_only; stellar_mass_to_light_nuisance_not_applied,J = Sigma_b * V_model,self_consistent_model_velocity_required; not_evaluated,0,tabulated,outer_zero,data/stationary/source_reconstruction/leroy2008_things_hi_profiles_v1.csv,NGC2403:69
NGC2403,blind,70,19.87,0,0,0,Sigma_b = Sigma_gas + Upsilon_d*Sigma_disk_ml1 + Upsilon_b*Sigma_bulge_ml1,basis_only; stellar_mass_to_light_nuisance_not_applied,J = Sigma_b * V_model,self_consistent_model_velocity_required; not_evaluated,0,tabulated,outer_zero,data/stationary/source_reconstruction/leroy2008_things_hi_profiles_v1.csv,NGC2403:70
NGC2403,blind,71,20.37,0,0,0,Sigma_b = Sigma_gas + Upsilon_d*Sigma_disk_ml1 + Upsilon_b*Sigma_bulge_ml1,basis_only; stellar_mass_to_light_nuisance_not_applied,J = Sigma_b * V_model,self_consistent_model_velocity_required; not_evaluated,0,tabulated,outer_zero,data/stationary/source_reconstruction/leroy2008_things_hi_profiles_v1.csv,NGC2403:71
NGC2403,blind,72,20.87,0,0,0,Sigma_b = Sigma_gas + Upsilon_d*Sigma_disk_ml1 + Upsilon_b*Sigma_bulge_ml1,basis_only; stellar_mass_to_light_nuisance_not_applied,J = Sigma_b * V_model,self_consistent_model_velocity_required; not_evaluated,0,tabulated,outer_zero,data/stationary/source_reconstruction/leroy2008_things_hi_profiles_v1.csv,NGC2403:72
NGC2841,calibration,0,3.44,1.27132352941,560.42,13.23,Sigma_b = Sigma_gas + Upsilon_d*Sigma_disk_ml1 + Upsilon_b*Sigma_bulge_ml1,basis_only; stellar_mass_to_light_nuisance_not_applied,J = Sigma_b * V_model,self_consistent_model_velocity_required; not_evaluated,0,tabulated,inner_constant,data/stationary/source_reconstruction/leroy2008_things_hi_profiles_v1.csv,NGC2841:0
NGC2841,calibration,1,3.77,1.27132352941,537.66,5.28,Sigma_b = Sigma_gas + Upsilon_d*Sigma_disk_ml1 + Upsilon_b*Sigma_bulge_ml1,basis_only; stellar_mass_to_light_nuisance_not_applied,J = Sigma_b * V_model,self_consistent_model_velocity_required; not_evaluated,0,tabulated,inner_constant,data/stationary/source_reconstruction/leroy2008_things_hi_profiles_v1.csv,NGC2841:1
NGC2841,calibration,2,4.13,1.48647058823,507.23,1.94,Sigma_b = Sigma_gas + Upsilon_d*Sigma_disk_ml1 + Upsilon_b*Sigma_bulge_ml1,basis_only; stellar_mass_to_light_nuisance_not_applied,J = Sigma_b * V_model,self_consistent_model_velocity_required; not_evaluated,0,tabulated,piecewise_linear,data/stationary/source_reconstruction/leroy2008_things_hi_profiles_v1.csv,NGC2841:2
NGC2841,calibration,3,4.47,1.70161764706,465.98,0.76,Sigma_b = Sigma_gas + Upsilon_d*Sigma_disk_ml1 + Upsilon_b*Sigma_bulge_ml1,basis_only; stellar_mass_to_light_nuisance_not_applied,J = Sigma_b * V_model,self_consistent_model_velocity_required; not_evaluated,0,tabulated,piecewise_linear,data/stationary/source_reconstruction/leroy2008_things_hi_profiles_v1.csv,NGC2841:3
NGC2841,calibration,4,4.8,1.88602941177,438.69,0.3,Sigma_b = Sigma_gas + Upsilon_d*Sigma_disk_ml1 + Upsilon_b*Sigma_bulge_ml1,basis_only; stellar_mass_to_light_nuisance_not_applied,J = Sigma_b * V_model,self_consistent_model_velocity_required; not_evaluated,0,tabulated,piecewise_linear,data/stationary/source_reconstruction/leroy2008_things_hi_profiles_v1.csv,NGC2841:4
NGC2841,calibration,5,5.13,2.06625,413.05,0.12,Sigma_b = Sigma_gas + Upsilon_d*Sigma_disk_ml1 + Upsilon_b*Sigma_bulge_ml1,basis_only; stellar_mass_to_light_nuisance_not_applied,J = Sigma_b * V_model,self_consistent_model_velocity_required; not_evaluated,0,tabulated,piecewise_linear,data/stationary/source_reconstruction/leroy2008_things_hi_profiles_v1.csv,NGC2841:5
NGC2841,calibration,6,5.48,2.21294117647,383.91,0.05,Sigma_b = Sigma_gas + Upsilon_d*Sigma_disk_ml1 + Upsilon_b*Sigma_bulge_ml1,basis_only; stellar_mass_to_light_nuisance_not_applied,J = Sigma_b * V_model,self_consistent_model_velocity_required; not_evaluated,0,tabulated,piecewise_linear,data/stationary/source_reconstruction/leroy2008_things_hi_profiles_v1.csv,NGC2841:6
NGC2841,calibration,7,5.83,2.35125,352.6,0.02,Sigma_b = Sigma_gas + Upsilon_d*Sigma_disk_ml1 + Upsilon_b*Sigma_bulge_ml1,basis_only; stellar_mass_to_light_nuisance_not_applied,J = Sigma_b * V_model,self_consistent_model_velocity_required; not_evaluated,0,tabulated,piecewise_linear,data/stationary/source_reconstruction/leroy2008_things_hi_profiles_v1.csv,NGC2841:7
NGC2841,calibration,8,6.16,2.39735294118,340.73,0.01,Sigma_b = Sigma_gas + Upsilon_d*Sigma_disk_ml1 + Upsilon_b*Sigma_bulge_ml1,basis_only; stellar_mass_to_light_nuisance_not_applied,J = Sigma_b * V_model,self_consistent_model_velocity_required; not_evaluated,0,tabulated,piecewise_linear,data/stationary/source_reconstruction/leroy2008_things_hi_profiles_v1.csv,NGC2841:8
NGC2841,calibration,9,6.51,2.44625,329.32,0,Sigma_b = Sigma_gas + Upsilon_d*Sigma_disk_ml1 + Upsilon_b*Sigma_bulge_ml1,basis_only; stellar_mass_to_light_nuisance_not_applied,J = Sigma_b * V_model,self_consistent_model_velocity_required; not_evaluated,0,tabulated,piecewise_linear,data/stationary/source_reconstruction/leroy2008_things_hi_profiles_v1.csv,NGC2841:9
NGC2841,calibration,10,6.86,2.49514705882,300.88,0,Sigma_b = Sigma_gas + Upsilon_d*Sigma_disk_ml1 + Upsilon_b*Sigma_bulge_ml1,basis_only; stellar_mass_to_light_nuisance_not_applied,J = Sigma_b * V_model,self_consistent_model_velocity_required; not_evaluated,0,tabulated,piecewise_linear,data/stationary/source_reconstruction/leroy2008_things_hi_profiles_v1.csv,NGC2841:10
NGC2841,calibration,11,7.18,2.53985294117,276.7,0,Sigma_b = Sigma_gas + Upsilon_d*Sigma_disk_ml1 + Upsilon_b*Sigma_bulge_ml1,basis_only; stellar_mass_to_light_nuisance_not_applied,J = Sigma_b * V_model,self_consistent_model_velocity_required; not_evaluated,0,tabulated,piecewise_linear,data/stationary/source_reconstruction/leroy2008_things_hi_profiles_v1.csv,NGC2841:11
NGC2841,calibration,12,7.51,2.54264705882,259.76,0,Sigma_b = Sigma_gas + Upsilon_d*Sigma_disk_ml1 + Upsilon_b*Sigma_bulge_ml1,basis_only; stellar_mass_to_light_nuisance_not_applied,J = Sigma_b * V_model,self_consistent_model_velocity_required; not_evaluated,0,tabulated,piecewise_linear,data/stationary/source_reconstruction/leroy2008_things_hi_profiles_v1.csv,NGC2841:12
NGC2841,calibration,13,7.85,2.54264705882,241.28,0,Sigma_b = Sigma_gas + Upsilon_d*Sigma_disk_ml1 + Upsilon_b*Sigma_bulge_ml1,basis_only; stellar_mass_to_light_nuisance_not_applied,J = Sigma_b * V_model,self_consistent_model_velocity_required; not_evaluated,0,tabulated,piecewise_linear,data/stationary/source_reconstruction/leroy2008_things_hi_profiles_v1.csv,NGC2841:13
NGC2841,calibration,14,8.21,2.59317401961,214.54,0,Sigma_b = Sigma_gas + Upsilon_d*Sigma_disk_ml1 + Upsilon_b*Sigma_bulge_ml1,basis_only; stellar_mass_to_light_nuisance_not_applied,J = Sigma_b * V_model,self_consistent_model_velocity_required; not_evaluated,0,tabulated,piecewise_linear,data/stationary/source_reconstruction/leroy2008_things_hi_profiles_v1.csv,NGC2841:14
NGC2841,calibration,15,8.57,2.65022058823,187.05,0,Sigma_b = Sigma_gas + Upsilon_d*Sigma_disk_ml1 + Upsilon_b*Sigma_bulge_ml1,basis_only; stellar_mass_to_light_nuisance_not_applied,J = Sigma_b * V_model,self_consistent_model_velocity_required; not_evaluated,0,tabulated,piecewise_linear,data/stationary/source_reconstruction/leroy2008_things_hi_profiles_v1.csv,NGC2841:15
NGC2841,calibration,16,8.9,2.69632352941,167.67,0,Sigma_b = Sigma_gas + Upsilon_d*Sigma_disk_ml1 + Upsilon_b*Sigma_bulge_ml1,basis_only; stellar_mass_to_light_nuisance_not_applied,J = Sigma_b * V_model,self_consistent_model_velocity_required; not_evaluated,0,tabulated,piecewise_linear,data/stationary/source_reconstruction/leroy2008_things_hi_profiles_v1.csv,NGC2841:16
NGC2841,calibration,17,9.24,2.74382352941,150.42,0,Sigma_b = Sigma_gas + Upsilon_d*Sigma_disk_ml1 + Upsilon_b*Sigma_bulge_ml1,basis_only; stellar_mass_to_light_nuisance_not_applied,J = Sigma_b * V_model,self_consistent_model_velocity_required; not_evaluated,0,tabulated,piecewise_linear,data/stationary/source_reconstruction/leroy2008_things_hi_profiles_v1.csv,NGC2841:17
NGC2841,calibration,18,9.6,2.79411764706,136.11,0,Sigma_b = Sigma_gas + Upsilon_d*Sigma_disk_ml1 + Upsilon_b*Sigma_bulge_ml1,basis_only; stellar_mass_to_light_nuisance_not_applied,J = Sigma_b * V_model,self_consistent_model_velocity_required; not_evaluated,0,tabulated,piecewise_linear,data/stationary/source_reconstruction/leroy2008_things_hi_profiles_v1.csv,NGC2841:18
NGC2841,calibration,19,9.93,2.84022058824,126.37,0,Sigma_b = Sigma_gas + Upsilon_d*Sigma_disk_ml1 + Upsilon_b*Sigma_bulge_ml1,basis_only; stellar_mass_to_light_nuisance_not_applied,J = Sigma_b * V_model,self_consistent_model_velocity_required; not_evaluated,0,tabulated,piecewise_linear,data/stationary/source_reconstruction/leroy2008_things_hi_profiles_v1.csv,NGC2841:19
NGC2841,calibration,20,10.27,2.88772058824,118.7,0,Sigma_b = Sigma_gas + Upsilon_d*Sigma_disk_ml1 + Upsilon_b*Sigma_bulge_ml1,basis_only; stellar_mass_to_light_nuisance_not_applied,J = Sigma_b * V_model,self_consistent_model_velocity_required; not_evaluated,0,tabulated,piecewise_linear,data/stationary/source_reconstruction/leroy2008_things_hi_profiles_v1.csv,NGC2841:20
NGC2841,calibration,21,10.6,2.93382352941,108.16,0,Sigma_b = Sigma_gas + Upsilon_d*Sigma_disk_ml1 + Upsilon_b*Sigma_bulge_ml1,basis_only; stellar_mass_to_light_nuisance_not_applied,J = Sigma_b * V_model,self_consistent_model_velocity_required; not_evaluated,0,tabulated,measured_node,data/stationary/source_reconstruction/leroy2008_things_hi_profiles_v1.csv,NGC2841:21
NGC2841,calibration,22,10.93,2.93382352941,97.33,0,Sigma_b = Sigma_gas + Upsilon_d*Sigma_disk_ml1 + Upsilon_b*Sigma_bulge_ml1,basis_only; stellar_mass_to_light_nuisance_not_applied,J = Sigma_b * V_model,self_consistent_model_velocity_required; not_evaluated,0,tabulated,piecewise_linear,data/stationary/source_reconstruction/leroy2008_things_hi_profiles_v1.csv,NGC2841:22
NGC2841,calibration,23,11.27,2.93382352941,86.07,0,Sigma_b = Sigma_gas + Upsilon_d*Sigma_disk_ml1 + Upsilon_b*Sigma_bulge_ml1,basis_only; stellar_mass_to_light_nuisance_not_applied,J = Sigma_b * V_model,self_consistent_model_velocity_required; not_evaluated,0,tabulated,piecewise_linear,data/stationary/source_reconstruction/leroy2008_things_hi_profiles_v1.csv,NGC2841:23
NGC2841,calibration,24,12.31,2.58665441177,60.76,0,Sigma_b = Sigma_gas + Upsilon_d*Sigma_disk_ml1 + Upsilon_b*Sigma_bulge_ml1,basis_only; stellar_mass_to_light_nuisance_not_applied,J = Sigma_b * V_model,self_consistent_model_velocity_required; not_evaluated,0,tabulated,piecewise_linear,data/stationary/source_reconstruction/leroy2008_things_hi_profiles_v1.csv,NGC2841:24
NGC2841,calibration,25,14.35,2.10257352942,30.36,0,Sigma_b = Sigma_gas + Upsilon_d*Sigma_disk_ml1 + Upsilon_b*Sigma_bulge_ml1,basis_only; stellar_mass_to_light_nuisance_not_applied,J = Sigma_b * V_model,self_consistent_model_velocity_required; not_evaluated,0,tabulated,piecewise_linear,data/stationary/source_reconstruction/leroy2008_things_hi_profiles_v1.csv,NGC2841:25
NGC2841,calibration,26,16.4,2.00477941177,19.68,0,Sigma_b = Sigma_gas + Upsilon_d*Sigma_disk_ml1 + Upsilon_b*Sigma_bulge_ml1,basis_only; stellar_mass_to_light_nuisance_not_applied,J = Sigma_b * V_model,self_consistent_model_velocity_required; not_evaluated,0,tabulated,piecewise_linear,data/stationary/source_reconstruction/leroy2008_things_hi_profiles_v1.csv,NGC2841:26
NGC2841,calibration,27,18.48,0,11.59,0,Sigma_b = Sigma_gas + Upsilon_d*Sigma_disk_ml1 + Upsilon_b*Sigma_bulge_ml1,basis_only; stellar_mass_to_light_nuisance_not_applied,J = Sigma_b * V_model,self_consistent_model_velocity_required; not_evaluated,0,tabulated,outer_zero,data/stationary/source_reconstruction/leroy2008_things_hi_profiles_v1.csv,NGC2841:27
NGC2841,calibration,28,20.57,0,7,0,Sigma_b = Sigma_gas + Upsilon_d*Sigma_disk_ml1 + Upsilon_b*Sigma_bulge_ml1,basis_only; stellar_mass_to_light_nuisance_not_applied,J = Sigma_b * V_model,self_consistent_model_velocity_required; not_evaluated,0,tabulated,outer_zero,data/stationary/source_reconstruction/leroy2008_things_hi_profiles_v1.csv,NGC2841:28
NGC2841,calibration,29,22.51,0,4.66,0,Sigma_b = Sigma_gas + Upsilon_d*Sigma_disk_ml1 + Upsilon_b*Sigma_bulge_ml1,basis_only; stellar_mass_to_light_nuisance_not_applied,J = Sigma_b * V_model,self_consistent_model_velocity_required; not_evaluated,0,tabulated,outer_zero,data/stationary/source_reconstruction/leroy2008_things_hi_profiles_v1.csv,NGC2841:29
NGC2841,calibration,30,24.59,0,3.04,0,Sigma_b = Sigma_gas + Upsilon_d*Sigma_disk_ml1 + Upsilon_b*Sigma_bulge_ml1,basis_only; stellar_mass_to_light_nuisance_not_applied,J = Sigma_b * V_model,self_consistent_model_velocity_required; not_evaluated,0,tabulated,outer_zero,data/stationary/source_reconstruction/leroy2008_things_hi_profiles_v1.csv,NGC2841:30
NGC2841,calibration,31,26.68,0,1.15,0,Sigma_b = Sigma_gas + Upsilon_d*Sigma_disk_ml1 + Upsilon_b*Sigma_bulge_ml1,basis_only; stellar_mass_to_light_nuisance_not_applied,J = Sigma_b * V_model,self_consistent_model_velocity_required; not_evaluated,0,tabulated,outer_zero,data/stationary/source_reconstruction/leroy2008_things_hi_profiles_v1.csv,NGC2841:31
NGC2841,calibration,32,28.77,0,0.69,0,Sigma_b = Sigma_gas + Upsilon_d*Sigma_disk_ml1 + Upsilon_b*Sigma_bulge_ml1,basis_only; stellar_mass_to_light_nuisance_not_applied,J = Sigma_b * V_model,self_consistent_model_velocity_required; not_evaluated,0,tabulated,outer_zero,data/stationary/source_reconstruction/leroy2008_things_hi_profiles_v1.csv,NGC2841:32
NGC2841,calibration,33,30.7,0,0.41,0,Sigma_b = Sigma_gas + Upsilon_d*Sigma_disk_ml1 + Upsilon_b*Sigma_bulge_ml1,basis_only; stellar_mass_to_light_nuisance_not_applied,J = Sigma_b * V_model,self_consistent_model_velocity_required; not_evaluated,0,tabulated,outer_zero,data/stationary/source_reconstruction/leroy2008_things_hi_profiles_v1.csv,NGC2841:33
NGC2841,calibration,34,32.79,0,0.23,0,Sigma_b = Sigma_gas + Upsilon_d*Sigma_disk_ml1 + Upsilon_b*Sigma_bulge_ml1,basis_only; stellar_mass_to_light_nuisance_not_applied,J = Sigma_b * V_model,self_consistent_model_velocity_required; not_evaluated,0,tabulated,outer_zero,data/stationary/source_reconstruction/leroy2008_things_hi_profiles_v1.csv,NGC2841:34
NGC2841,calibration,35,34.88,0,0.13,0,Sigma_b = Sigma_gas + Upsilon_d*Sigma_disk_ml1 + Upsilon_b*Sigma_bulge_ml1,basis_only; stellar_mass_to_light_nuisance_not_applied,J = Sigma_b * V_model,self_consistent_model_velocity_required; not_evaluated,0,tabulated,outer_zero,data/stationary/source_reconstruction/leroy2008_things_hi_profiles_v1.csv,NGC2841:35
NGC2841,calibration,36,36.96,0,0.07,0,Sigma_b = Sigma_gas + Upsilon_d*Sigma_disk_ml1 + Upsilon_b*Sigma_bulge_ml1,basis_only; stellar_mass_to_light_nuisance_not_applied,J = Sigma_b * V_model,self_consistent_model_velocity_required; not_evaluated,0,tabulated,outer_zero,data/stationary/source_reconstruction/leroy2008_things_hi_profiles_v1.csv,NGC2841:36
NGC2841,calibration,37,38.9,0,0.04,0,Sigma_b = Sigma_gas + Upsilon_d*Sigma_disk_ml1 + Upsilon_b*Sigma_bulge_ml1,basis_only; stellar_mass_to_light_nuisance_not_applied,J = Sigma_b * V_model,self_consistent_model_velocity_required; not_evaluated,0,tabulated,outer_zero,data/stationary/source_reconstruction/leroy2008_things_hi_profiles_v1.csv,NGC2841:37
NGC2841,calibration,38,40.99,0,0.02,0,Sigma_b = Sigma_gas + Upsilon_d*Sigma_disk_ml1 + Upsilon_b*Sigma_bulge_ml1,basis_only; stellar_mass_to_light_nuisance_not_applied,J = Sigma_b * V_model,self_consistent_model_velocity_required; not_evaluated,0,tabulated,outer_zero,data/stationary/source_reconstruction/leroy2008_things_hi_profiles_v1.csv,NGC2841:38
NGC2841,calibration,39,43.08,0,0.01,0,Sigma_b = Sigma_gas + Upsilon_d*Sigma_disk_ml1 + Upsilon_b*Sigma_bulge_ml1,basis_only; stellar_mass_to_light_nuisance_not_applied,J = Sigma_b * V_model,self_consistent_model_velocity_required; not_evaluated,0,tabulated,outer_zero,data/stationary/source_reconstruction/leroy2008_things_hi_profiles_v1.csv,NGC2841:39
NGC2841,calibration,40,45.16,0,0.01,0,Sigma_b = Sigma_gas + Upsilon_d*Sigma_disk_ml1 + Upsilon_b*Sigma_bulge_ml1,basis_only; stellar_mass_to_light_nuisance_not_applied,J = Sigma_b * V_model,self_consistent_model_velocity_required; not_evaluated,0,tabulated,outer_zero,data/stationary/source_reconstruction/leroy2008_things_hi_profiles_v1.csv,NGC2841:40
NGC2841,calibration,41,47.1,0,0,0,Sigma_b = Sigma_gas + Upsilon_d*Sigma_disk_ml1 + Upsilon_b*Sigma_bulge_ml1,basis_only; stellar_mass_to_light_nuisance_not_applied,J = Sigma_b * V_model,self_consistent_model_velocity_required; not_evaluated,0,tabulated,outer_zero,data/stationary/source_reconstruction/leroy2008_things_hi_profiles_v1.csv,NGC2841:41
NGC2841,calibration,42,49.19,0,0,0,Sigma_b = Sigma_gas + Upsilon_d*Sigma_disk_ml1 + Upsilon_b*Sigma_bulge_ml1,basis_only; stellar_mass_to_light_nuisance_not_applied,J = Sigma_b * V_model,self_consistent_model_velocity_required; not_evaluated,0,tabulated,outer_zero,data/stationary/source_reconstruction/leroy2008_things_hi_profiles_v1.csv,NGC2841:42
NGC2841,calibration,43,51.27,0,0,0,Sigma_b = Sigma_gas + Upsilon_d*Sigma_disk_ml1 + Upsilon_b*Sigma_bulge_ml1,basis_only; stellar_mass_to_light_nuisance_not_applied,J = Sigma_b * V_model,self_consistent_model_velocity_required; not_evaluated,0,tabulated,outer_zero,data/stationary/source_reconstruction/leroy2008_things_hi_profiles_v1.csv,NGC2841:43
NGC2841,calibration,44,53.36,0,0,0,Sigma_b = Sigma_gas + Upsilon_d*Sigma_disk_ml1 + Upsilon_b*Sigma_bulge_ml1,basis_only; stellar_mass_to_light_nuisance_not_applied,J = Sigma_b * V_model,self_consistent_model_velocity_required; not_evaluated,0,tabulated,outer_zero,data/stationary/source_reconstruction/leroy2008_things_hi_profiles_v1.csv,NGC2841:44
NGC2841,calibration,45,55.3,0,0,0,Sigma_b = Sigma_gas + Upsilon_d*Sigma_disk_ml1 + Upsilon_b*Sigma_bulge_ml1,basis_only; stellar_mass_to_light_nuisance_not_applied,J = Sigma_b * V_model,self_consistent_model_velocity_required; not_evaluated,0,tabulated,outer_zero,data/stationary/source_reconstruction/leroy2008_things_hi_profiles_v1.csv,NGC2841:45
NGC2841,calibration,46,57.38,0,0,0,Sigma_b = Sigma_gas + Upsilon_d*Sigma_disk_ml1 + Upsilon_b*Sigma_bulge_ml1,basis_only; stellar_mass_to_light_nuisance_not_applied,J = Sigma_b * V_model,self_consistent_model_velocity_required; not_evaluated,0,tabulated,outer_zero,data/stationary/source_reconstruction/leroy2008_things_hi_profiles_v1.csv,NGC2841:46
NGC2841,calibration,47,59.47,0,0,0,Sigma_b = Sigma_gas + Upsilon_d*Sigma_disk_ml1 + Upsilon_b*Sigma_bulge_ml1,basis_only; stellar_mass_to_light_nuisance_not_applied,J = Sigma_b * V_model,self_consistent_model_velocity_required; not_evaluated,0,tabulated,outer_zero,data/stationary/source_reconstruction/leroy2008_things_hi_profiles_v1.csv,NGC2841:47
NGC2841,calibration,48,61.56,0,0,0,Sigma_b = Sigma_gas + Upsilon_d*Sigma_disk_ml1 + Upsilon_b*Sigma_bulge_ml1,basis_only; stellar_mass_to_light_nuisance_not_applied,J = Sigma_b * V_model,self_consistent_model_velocity_required; not_evaluated,0,tabulated,outer_zero,data/stationary/source_reconstruction/leroy2008_things_hi_profiles_v1.csv,NGC2841:48
NGC2841,calibration,49,63.64,0,0,0,Sigma_b = Sigma_gas + Upsilon_d*Sigma_disk_ml1 + Upsilon_b*Sigma_bulge_ml1,basis_only; stellar_mass_to_light_nuisance_not_applied,J = Sigma_b * V_model,self_consistent_model_velocity_required; not_evaluated,0,tabulated,outer_zero,data/stationary/source_reconstruction/leroy2008_things_hi_profiles_v1.csv,NGC2841:49
NGC2903,calibration,0,0.32,7.23103748532,7393.57,0,Sigma_b = Sigma_gas + Upsilon_d*Sigma_disk_ml1 + Upsilon_b*Sigma_bulge_ml1,basis_only; stellar_mass_to_light_nuisance_not_applied,J = Sigma_b * V_model,self_consistent_model_velocity_required; not_evaluated,0,tabulated,inner_constant,data/stationary/source_reconstruction/feasts2025_ngc2903_hi_profile_raw_v1.csv,NGC2903:0
NGC2903,calibration,1,0.64,7.23103748532,3002.08,0,Sigma_b = Sigma_gas + Upsilon_d*Sigma_disk_ml1 + Upsilon_b*Sigma_bulge_ml1,basis_only; stellar_mass_to_light_nuisance_not_applied,J = Sigma_b * V_model,self_consistent_model_velocity_required; not_evaluated,0,tabulated,inner_constant,data/stationary/source_reconstruction/feasts2025_ngc2903_hi_profile_raw_v1.csv,NGC2903:1
NGC2903,calibration,2,0.96,7.23103748532,2411.81,0,Sigma_b = Sigma_gas + Upsilon_d*Sigma_disk_ml1 + Upsilon_b*Sigma_bulge_ml1,basis_only; stellar_mass_to_light_nuisance_not_applied,J = Sigma_b * V_model,self_consistent_model_velocity_required; not_evaluated,0,tabulated,inner_constant,data/stationary/source_reconstruction/feasts2025_ngc2903_hi_profile_raw_v1.csv,NGC2903:2
NGC2903,calibration,3,1.28,7.23103748532,1895.47,0,Sigma_b = Sigma_gas + Upsilon_d*Sigma_disk_ml1 + Upsilon_b*Sigma_bulge_ml1,basis_only; stellar_mass_to_light_nuisance_not_applied,J = Sigma_b * V_model,self_consistent_model_velocity_required; not_evaluated,0,tabulated,inner_constant,data/stationary/source_reconstruction/feasts2025_ngc2903_hi_profile_raw_v1.csv,NGC2903:3
NGC2903,calibration,4,1.6,7.18676178634,1625.63,0,Sigma_b = Sigma_gas + Upsilon_d*Sigma_disk_ml1 + Upsilon_b*Sigma_bulge_ml1,basis_only; stellar_mass_to_light_nuisance_not_applied,J = Sigma_b * V_model,self_consistent_model_velocity_required; not_evaluated,0,tabulated,piecewise_linear,data/stationary/source_reconstruction/feasts2025_ngc2903_hi_profile_raw_v1.csv,NGC2903:4
NGC2903,calibration,5,1.92,7.09826755956,1474.21,0,Sigma_b = Sigma_gas + Upsilon_d*Sigma_disk_ml1 + Upsilon_b*Sigma_bulge_ml1,basis_only; stellar_mass_to_light_nuisance_not_applied,J = Sigma_b * V_model,self_consistent_model_velocity_required; not_evaluated,0,tabulated,piecewise_linear,data/stationary/source_reconstruction/feasts2025_ngc2903_hi_profile_raw_v1.csv,NGC2903:5
NGC2903,calibration,6,2.24,7.00977333279,1493.06,0,Sigma_b = Sigma_gas + Upsilon_d*Sigma_disk_ml1 + Upsilon_b*Sigma_bulge_ml1,basis_only; stellar_mass_to_light_nuisance_not_applied,J = Sigma_b * V_model,self_consistent_model_velocity_required; not_evaluated,0,tabulated,piecewise_linear,data/stationary/source_reconstruction/feasts2025_ngc2903_hi_profile_raw_v1.csv,NGC2903:6
NGC2903,calibration,7,2.56,6.92127910602,1371.3,0,Sigma_b = Sigma_gas + Upsilon_d*Sigma_disk_ml1 + Upsilon_b*Sigma_bulge_ml1,basis_only; stellar_mass_to_light_nuisance_not_applied,J = Sigma_b * V_model,self_consistent_model_velocity_required; not_evaluated,0,tabulated,piecewise_linear,data/stationary/source_reconstruction/feasts2025_ngc2903_hi_profile_raw_v1.csv,NGC2903:7
NGC2903,calibration,8,2.88,6.83278487925,1009.96,0,Sigma_b = Sigma_gas + Upsilon_d*Sigma_disk_ml1 + Upsilon_b*Sigma_bulge_ml1,basis_only; stellar_mass_to_light_nuisance_not_applied,J = Sigma_b * V_model,self_consistent_model_velocity_required; not_evaluated,0,tabulated,piecewise_linear,data/stationary/source_reconstruction/feasts2025_ngc2903_hi_profile_raw_v1.csv,NGC2903:8
NGC2903,calibration,9,3.2,6.74429065248,706.79,0,Sigma_b = Sigma_gas + Upsilon_d*Sigma_disk_ml1 + Upsilon_b*Sigma_bulge_ml1,basis_only; stellar_mass_to_light_nuisance_not_applied,J = Sigma_b * V_model,self_consistent_model_velocity_required; not_evaluated,0,tabulated,piecewise_linear,data/stationary/source_reconstruction/feasts2025_ngc2903_hi_profile_raw_v1.csv,NGC2903:9
NGC2903,calibration,10,3.52,6.64080112255,476.79,0,Sigma_b = Sigma_gas + Upsilon_d*Sigma_disk_ml1 + Upsilon_b*Sigma_bulge_ml1,basis_only; stellar_mass_to_light_nuisance_not_applied,J = Sigma_b * V_model,self_consistent_model_velocity_required; not_evaluated,0,tabulated,piecewise_linear,data/stationary/source_reconstruction/feasts2025_ngc2903_hi_profile_raw_v1.csv,NGC2903:10
NGC2903,calibration,11,3.84,6.47448462947,365.53,0,Sigma_b = Sigma_gas + Upsilon_d*Sigma_disk_ml1 + Upsilon_b*Sigma_bulge_ml1,basis_only; stellar_mass_to_light_nuisance_not_applied,J = Sigma_b * V_model,self_consistent_model_velocity_required; not_evaluated,0,tabulated,piecewise_linear,data/stationary/source_reconstruction/feasts2025_ngc2903_hi_profile_raw_v1.csv,NGC2903:11
NGC2903,calibration,12,4.8,5.98786920771,195.17,0,Sigma_b = Sigma_gas + Upsilon_d*Sigma_disk_ml1 + Upsilon_b*Sigma_bulge_ml1,basis_only; stellar_mass_to_light_nuisance_not_applied,J = Sigma_b * V_model,self_consistent_model_velocity_required; not_evaluated,0,tabulated,piecewise_linear,data/stationary/source_reconstruction/feasts2025_ngc2903_hi_profile_raw_v1.csv,NGC2903:12
NGC2903,calibration,13,5.76,5.55307412453,83.13,0,Sigma_b = Sigma_gas + Upsilon_d*Sigma_disk_ml1 + Upsilon_b*Sigma_bulge_ml1,basis_only; stellar_mass_to_light_nuisance_not_applied,J = Sigma_b * V_model,self_consistent_model_velocity_required; not_evaluated,0,tabulated,piecewise_linear,data/stationary/source_reconstruction/feasts2025_ngc2903_hi_profile_raw_v1.csv,NGC2903:13
NGC2903,calibration,14,6.72,5.05213563188,50.66,0,Sigma_b = Sigma_gas + Upsilon_d*Sigma_disk_ml1 + Upsilon_b*Sigma_bulge_ml1,basis_only; stellar_mass_to_light_nuisance_not_applied,J = Sigma_b * V_model,self_consistent_model_velocity_required; not_evaluated,0,tabulated,piecewise_linear,data/stationary/source_reconstruction/feasts2025_ngc2903_hi_profile_raw_v1.csv,NGC2903:14
NGC2903,calibration,15,7.68,4.67419620065,32.24,0,Sigma_b = Sigma_gas + Upsilon_d*Sigma_disk_ml1 + Upsilon_b*Sigma_bulge_ml1,basis_only; stellar_mass_to_light_nuisance_not_applied,J = Sigma_b * V_model,self_consistent_model_velocity_required; not_evaluated,0,tabulated,piecewise_linear,data/stationary/source_reconstruction/feasts2025_ngc2903_hi_profile_raw_v1.csv,NGC2903:15
NGC2903,calibration,16,8.64,4.28607595075,23.57,0,Sigma_b = Sigma_gas + Upsilon_d*Sigma_disk_ml1 + Upsilon_b*Sigma_bulge_ml1,basis_only; stellar_mass_to_light_nuisance_not_applied,J = Sigma_b * V_model,self_consistent_model_velocity_required; not_evaluated,0,tabulated,piecewise_linear,data/stationary/source_reconstruction/feasts2025_ngc2903_hi_profile_raw_v1.csv,NGC2903:16
NGC2903,calibration,17,9.6,3.85842489834,14.07,0,Sigma_b = Sigma_gas + Upsilon_d*Sigma_disk_ml1 + Upsilon_b*Sigma_bulge_ml1,basis_only; stellar_mass_to_light_nuisance_not_applied,J = Sigma_b * V_model,self_consistent_model_velocity_required; not_evaluated,0,tabulated,piecewise_linear,data/stationary/source_reconstruction/feasts2025_ngc2903_hi_profile_raw_v1.csv,NGC2903:17
NGC2903,calibration,18,10.56,3.44040028717,10.06,0,Sigma_b = Sigma_gas + Upsilon_d*Sigma_disk_ml1 + Upsilon_b*Sigma_bulge_ml1,basis_only; stellar_mass_to_light_nuisance_not_applied,J = Sigma_b * V_model,self_consistent_model_velocity_required; not_evaluated,0,tabulated,piecewise_linear,data/stationary/source_reconstruction/feasts2025_ngc2903_hi_profile_raw_v1.csv,NGC2903:18
NGC2903,calibration,19,11.52,3.12723640774,6.57,0,Sigma_b = Sigma_gas + Upsilon_d*Sigma_disk_ml1 + Upsilon_b*Sigma_bulge_ml1,basis_only; stellar_mass_to_light_nuisance_not_applied,J = Sigma_b * V_model,self_consistent_model_velocity_required; not_evaluated,0,tabulated,piecewise_linear,data/stationary/source_reconstruction/feasts2025_ngc2903_hi_profile_raw_v1.csv,NGC2903:19
NGC2903,calibration,20,12.48,2.72766358515,4.46,0,Sigma_b = Sigma_gas + Upsilon_d*Sigma_disk_ml1 + Upsilon_b*Sigma_bulge_ml1,basis_only; stellar_mass_to_light_nuisance_not_applied,J = Sigma_b * V_model,self_consistent_model_velocity_required; not_evaluated,0,tabulated,piecewise_linear,data/stationary/source_reconstruction/feasts2025_ngc2903_hi_profile_raw_v1.csv,NGC2903:20
NGC2903,calibration,21,13.44,2.36677835832,2.89,0,Sigma_b = Sigma_gas + Upsilon_d*Sigma_disk_ml1 + Upsilon_b*Sigma_bulge_ml1,basis_only; stellar_mass_to_light_nuisance_not_applied,J = Sigma_b * V_model,self_consistent_model_velocity_required; not_evaluated,0,tabulated,piecewise_linear,data/stationary/source_reconstruction/feasts2025_ngc2903_hi_profile_raw_v1.csv,NGC2903:21
NGC2903,calibration,22,14.4,2.02422346002,1.89,0,Sigma_b = Sigma_gas + Upsilon_d*Sigma_disk_ml1 + Upsilon_b*Sigma_bulge_ml1,basis_only; stellar_mass_to_light_nuisance_not_applied,J = Sigma_b * V_model,self_consistent_model_velocity_required; not_evaluated,0,tabulated,piecewise_linear,data/stationary/source_reconstruction/feasts2025_ngc2903_hi_profile_raw_v1.csv,NGC2903:22
NGC2903,calibration,23,15.36,1.70317896184,1.25,0,Sigma_b = Sigma_gas + Upsilon_d*Sigma_disk_ml1 + Upsilon_b*Sigma_bulge_ml1,basis_only; stellar_mass_to_light_nuisance_not_applied,J = Sigma_b * V_model,self_consistent_model_velocity_required; not_evaluated,0,tabulated,piecewise_linear,data/stationary/source_reconstruction/feasts2025_ngc2903_hi_profile_raw_v1.csv,NGC2903:23
NGC2903,calibration,24,16.32,1.42110526304,0.83,0,Sigma_b = Sigma_gas + Upsilon_d*Sigma_disk_ml1 + Upsilon_b*Sigma_bulge_ml1,basis_only; stellar_mass_to_light_nuisance_not_applied,J = Sigma_b * V_model,self_consistent_model_velocity_required; not_evaluated,0,tabulated,piecewise_linear,data/stationary/source_reconstruction/feasts2025_ngc2903_hi_profile_raw_v1.csv,NGC2903:24
NGC2903,calibration,25,17.28,1.17151894033,0.55,0,Sigma_b = Sigma_gas + Upsilon_d*Sigma_disk_ml1 + Upsilon_b*Sigma_bulge_ml1,basis_only; stellar_mass_to_light_nuisance_not_applied,J = Sigma_b * V_model,self_consistent_model_velocity_required; not_evaluated,0,tabulated,piecewise_linear,data/stationary/source_reconstruction/feasts2025_ngc2903_hi_profile_raw_v1.csv,NGC2903:25
NGC2903,calibration,26,18.24,0.957270594203,0.37,0,Sigma_b = Sigma_gas + Upsilon_d*Sigma_disk_ml1 + Upsilon_b*Sigma_bulge_ml1,basis_only; stellar_mass_to_light_nuisance_not_applied,J = Sigma_b * V_model,self_consistent_model_velocity_required; not_evaluated,0,tabulated,piecewise_linear,data/stationary/source_reconstruction/feasts2025_ngc2903_hi_profile_raw_v1.csv,NGC2903:26
NGC2903,calibration,27,19.2,0.781641793731,0.24,0,Sigma_b = Sigma_gas + Upsilon_d*Sigma_disk_ml1 + Upsilon_b*Sigma_bulge_ml1,basis_only; stellar_mass_to_light_nuisance_not_applied,J = Sigma_b * V_model,self_consistent_model_velocity_required; not_evaluated,0,tabulated,piecewise_linear,data/stationary/source_reconstruction/feasts2025_ngc2903_hi_profile_raw_v1.csv,NGC2903:27
NGC2903,calibration,28,20.16,0.628990238503,0.16,0,Sigma_b = Sigma_gas + Upsilon_d*Sigma_disk_ml1 + Upsilon_b*Sigma_bulge_ml1,basis_only; stellar_mass_to_light_nuisance_not_applied,J = Sigma_b * V_model,self_consistent_model_velocity_required; not_evaluated,0,tabulated,piecewise_linear,data/stationary/source_reconstruction/feasts2025_ngc2903_hi_profile_raw_v1.csv,NGC2903:28
NGC2903,calibration,29,21.12,0.493425150167,0.11,0,Sigma_b = Sigma_gas + Upsilon_d*Sigma_disk_ml1 + Upsilon_b*Sigma_bulge_ml1,basis_only; stellar_mass_to_light_nuisance_not_applied,J = Sigma_b * V_model,self_consistent_model_velocity_required; not_evaluated,0,tabulated,piecewise_linear,data/stationary/source_reconstruction/feasts2025_ngc2903_hi_profile_raw_v1.csv,NGC2903:29
NGC2903,calibration,30,22.08,0.379233414643,0.07,0,Sigma_b = Sigma_gas + Upsilon_d*Sigma_disk_ml1 + Upsilon_b*Sigma_bulge_ml1,basis_only; stellar_mass_to_light_nuisance_not_applied,J = Sigma_b * V_model,self_consistent_model_velocity_required; not_evaluated,0,tabulated,piecewise_linear,data/stationary/source_reconstruction/feasts2025_ngc2903_hi_profile_raw_v1.csv,NGC2903:30
NGC2903,calibration,31,23.04,0.291278963204,0.05,0,Sigma_b = Sigma_gas + Upsilon_d*Sigma_disk_ml1 + Upsilon_b*Sigma_bulge_ml1,basis_only; stellar_mass_to_light_nuisance_not_applied,J = Sigma_b * V_model,self_consistent_model_velocity_required; not_evaluated,0,tabulated,piecewise_linear,data/stationary/source_reconstruction/feasts2025_ngc2903_hi_profile_raw_v1.csv,NGC2903:31
NGC2903,calibration,32,24,0.223953621343,0.03,0,Sigma_b = Sigma_gas + Upsilon_d*Sigma_disk_ml1 + Upsilon_b*Sigma_bulge_ml1,basis_only; stellar_mass_to_light_nuisance_not_applied,J = Sigma_b * V_model,self_consistent_model_velocity_required; not_evaluated,0,tabulated,piecewise_linear,data/stationary/source_reconstruction/feasts2025_ngc2903_hi_profile_raw_v1.csv,NGC2903:32
NGC2903,calibration,33,24.96,0.169514622751,0,0,Sigma_b = Sigma_gas + Upsilon_d*Sigma_disk_ml1 + Upsilon_b*Sigma_bulge_ml1,basis_only; stellar_mass_to_light_nuisance_not_applied,J = Sigma_b * V_model,self_consistent_model_velocity_required; not_evaluated,0,tabulated,piecewise_linear,data/stationary/source_reconstruction/feasts2025_ngc2903_hi_profile_raw_v1.csv,NGC2903:33
NGC2976,calibration,0,0.11,6.55739607296,401.24,0,Sigma_b = Sigma_gas + Upsilon_d*Sigma_disk_ml1 + Upsilon_b*Sigma_bulge_ml1,basis_only; stellar_mass_to_light_nuisance_not_applied,J = Sigma_b * V_model,self_consistent_model_velocity_required; not_evaluated,0,tabulated,piecewise_linear,data/stationary/source_reconstruction/leroy2008_things_hi_profiles_v1.csv,NGC2976:0
NGC2976,calibration,1,0.17,6.58689820901,385.05,0,Sigma_b = Sigma_gas + Upsilon_d*Sigma_disk_ml1 + Upsilon_b*Sigma_bulge_ml1,basis_only; stellar_mass_to_light_nuisance_not_applied,J = Sigma_b * V_model,self_consistent_model_velocity_required; not_evaluated,0,tabulated,piecewise_linear,data/stationary/source_reconstruction/leroy2008_things_hi_profiles_v1.csv,NGC2976:1
NGC2976,calibration,2,0.24,6.62131736773,353.55,0,Sigma_b = Sigma_gas + Upsilon_d*Sigma_disk_ml1 + Upsilon_b*Sigma_bulge_ml1,basis_only; stellar_mass_to_light_nuisance_not_applied,J = Sigma_b * V_model,self_consistent_model_velocity_required; not_evaluated,0,tabulated,piecewise_linear,data/stationary/source_reconstruction/leroy2008_things_hi_profiles_v1.csv,NGC2976:2
NGC2976,calibration,3,0.31,6.67294610582,326.8,0,Sigma_b = Sigma_gas + Upsilon_d*Sigma_disk_ml1 + Upsilon_b*Sigma_bulge_ml1,basis_only; stellar_mass_to_light_nuisance_not_applied,J = Sigma_b * V_model,self_consistent_model_velocity_required; not_evaluated,0,tabulated,piecewise_linear,data/stationary/source_reconstruction/leroy2008_things_hi_profiles_v1.csv,NGC2976:3
NGC2976,calibration,4,0.38,6.81062274072,306.5,0,Sigma_b = Sigma_gas + Upsilon_d*Sigma_disk_ml1 + Upsilon_b*Sigma_bulge_ml1,basis_only; stellar_mass_to_light_nuisance_not_applied,J = Sigma_b * V_model,self_consistent_model_velocity_required; not_evaluated,0,tabulated,piecewise_linear,data/stationary/source_reconstruction/leroy2008_things_hi_profiles_v1.csv,NGC2976:4
NGC2976,calibration,5,0.45,6.92262159054,294.93,0,Sigma_b = Sigma_gas + Upsilon_d*Sigma_disk_ml1 + Upsilon_b*Sigma_bulge_ml1,basis_only; stellar_mass_to_light_nuisance_not_applied,J = Sigma_b * V_model,self_consistent_model_velocity_required; not_evaluated,0,tabulated,piecewise_linear,data/stationary/source_reconstruction/leroy2008_things_hi_profiles_v1.csv,NGC2976:5
NGC2976,calibration,6,0.52,7.02587906672,286.81,0,Sigma_b = Sigma_gas + Upsilon_d*Sigma_disk_ml1 + Upsilon_b*Sigma_bulge_ml1,basis_only; stellar_mass_to_light_nuisance_not_applied,J = Sigma_b * V_model,self_consistent_model_velocity_required; not_evaluated,0,tabulated,piecewise_linear,data/stationary/source_reconstruction/leroy2008_things_hi_profiles_v1.csv,NGC2976:6
NGC2976,calibration,7,0.59,7.12913654289,277.28,0,Sigma_b = Sigma_gas + Upsilon_d*Sigma_disk_ml1 + Upsilon_b*Sigma_bulge_ml1,basis_only; stellar_mass_to_light_nuisance_not_applied,J = Sigma_b * V_model,self_consistent_model_velocity_required; not_evaluated,0,tabulated,piecewise_linear,data/stationary/source_reconstruction/leroy2008_things_hi_profiles_v1.csv,NGC2976:7
NGC2976,calibration,8,0.66,7.20125287546,266.34,0,Sigma_b = Sigma_gas + Upsilon_d*Sigma_disk_ml1 + Upsilon_b*Sigma_bulge_ml1,basis_only; stellar_mass_to_light_nuisance_not_applied,J = Sigma_b * V_model,self_consistent_model_velocity_required; not_evaluated,0,tabulated,piecewise_linear,data/stationary/source_reconstruction/leroy2008_things_hi_profiles_v1.csv,NGC2976:8
NGC2976,calibration,9,0.73,7.2700911929,258.37,0,Sigma_b = Sigma_gas + Upsilon_d*Sigma_disk_ml1 + Upsilon_b*Sigma_bulge_ml1,basis_only; stellar_mass_to_light_nuisance_not_applied,J = Sigma_b * V_model,self_consistent_model_velocity_required; not_evaluated,0,tabulated,piecewise_linear,data/stationary/source_reconstruction/leroy2008_things_hi_profiles_v1.csv,NGC2976:9
NGC2976,calibration,10,0.8,7.34111485376,250.06,0,Sigma_b = Sigma_gas + Upsilon_d*Sigma_disk_ml1 + Upsilon_b*Sigma_bulge_ml1,basis_only; stellar_mass_to_light_nuisance_not_applied,J = Sigma_b * V_model,self_consistent_model_velocity_required; not_evaluated,0,tabulated,piecewise_linear,data/stationary/source_reconstruction/leroy2008_things_hi_profiles_v1.csv,NGC2976:10
NGC2976,calibration,11,0.87,7.44437232994,244.56,0,Sigma_b = Sigma_gas + Upsilon_d*Sigma_disk_ml1 + Upsilon_b*Sigma_bulge_ml1,basis_only; stellar_mass_to_light_nuisance_not_applied,J = Sigma_b * V_model,self_consistent_model_velocity_required; not_evaluated,0,tabulated,piecewise_linear,data/stationary/source_reconstruction/leroy2008_things_hi_profiles_v1.csv,NGC2976:11
NGC2976,calibration,12,0.94,7.54762980611,245.53,0,Sigma_b = Sigma_gas + Upsilon_d*Sigma_disk_ml1 + Upsilon_b*Sigma_bulge_ml1,basis_only; stellar_mass_to_light_nuisance_not_applied,J = Sigma_b * V_model,self_consistent_model_velocity_required; not_evaluated,0,tabulated,piecewise_linear,data/stationary/source_reconstruction/leroy2008_things_hi_profiles_v1.csv,NGC2976:12
NGC2976,calibration,13,1.01,7.64323858035,248.27,0,Sigma_b = Sigma_gas + Upsilon_d*Sigma_disk_ml1 + Upsilon_b*Sigma_bulge_ml1,basis_only; stellar_mass_to_light_nuisance_not_applied,J = Sigma_b * V_model,self_consistent_model_velocity_required; not_evaluated,0,tabulated,piecewise_linear,data/stationary/source_reconstruction/leroy2008_things_hi_profiles_v1.csv,NGC2976:13
NGC2976,calibration,14,1.08,7.7120768978,237.88,0,Sigma_b = Sigma_gas + Upsilon_d*Sigma_disk_ml1 + Upsilon_b*Sigma_bulge_ml1,basis_only; stellar_mass_to_light_nuisance_not_applied,J = Sigma_b * V_model,self_consistent_model_velocity_required; not_evaluated,0,tabulated,piecewise_linear,data/stationary/source_reconstruction/leroy2008_things_hi_profiles_v1.csv,NGC2976:14
NGC2976,calibration,15,1.14,7.70306235623,230,0,Sigma_b = Sigma_gas + Upsilon_d*Sigma_disk_ml1 + Upsilon_b*Sigma_bulge_ml1,basis_only; stellar_mass_to_light_nuisance_not_applied,J = Sigma_b * V_model,self_consistent_model_velocity_required; not_evaluated,0,tabulated,piecewise_linear,data/stationary/source_reconstruction/leroy2008_things_hi_profiles_v1.csv,NGC2976:15
NGC2976,calibration,16,1.21,7.6686431975,228.85,0,Sigma_b = Sigma_gas + Upsilon_d*Sigma_disk_ml1 + Upsilon_b*Sigma_bulge_ml1,basis_only; stellar_mass_to_light_nuisance_not_applied,J = Sigma_b * V_model,self_consistent_model_velocity_required; not_evaluated,0,tabulated,piecewise_linear,data/stationary/source_reconstruction/leroy2008_things_hi_profiles_v1.csv,NGC2976:16
NGC2976,calibration,17,1.29,7.6293070161,216.32,0,Sigma_b = Sigma_gas + Upsilon_d*Sigma_disk_ml1 + Upsilon_b*Sigma_bulge_ml1,basis_only; stellar_mass_to_light_nuisance_not_applied,J = Sigma_b * V_model,self_consistent_model_velocity_required; not_evaluated,0,tabulated,piecewise_linear,data/stationary/source_reconstruction/leroy2008_things_hi_profiles_v1.csv,NGC2976:17
NGC2976,calibration,18,1.35,7.51539599081,203.26,0,Sigma_b = Sigma_gas + Upsilon_d*Sigma_disk_ml1 + Upsilon_b*Sigma_bulge_ml1,basis_only; stellar_mass_to_light_nuisance_not_applied,J = Sigma_b * V_model,self_consistent_model_velocity_required; not_evaluated,0,tabulated,piecewise_linear,data/stationary/source_reconstruction/leroy2008_things_hi_profiles_v1.csv,NGC2976:18
NGC2976,calibration,19,1.42,7.37771935591,189.42,0,Sigma_b = Sigma_gas + Upsilon_d*Sigma_disk_ml1 + Upsilon_b*Sigma_bulge_ml1,basis_only; stellar_mass_to_light_nuisance_not_applied,J = Sigma_b * V_model,self_consistent_model_velocity_required; not_evaluated,0,tabulated,piecewise_linear,data/stationary/source_reconstruction/leroy2008_things_hi_profiles_v1.csv,NGC2976:19
NGC2976,calibration,20,1.49,7.24004272101,174.06,0,Sigma_b = Sigma_gas + Upsilon_d*Sigma_disk_ml1 + Upsilon_b*Sigma_bulge_ml1,basis_only; stellar_mass_to_light_nuisance_not_applied,J = Sigma_b * V_model,self_consistent_model_velocity_required; not_evaluated,0,tabulated,piecewise_linear,data/stationary/source_reconstruction/leroy2008_things_hi_profiles_v1.csv,NGC2976:20
NGC2976,calibration,21,1.56,7.00156712127,155.41,0,Sigma_b = Sigma_gas + Upsilon_d*Sigma_disk_ml1 + Upsilon_b*Sigma_bulge_ml1,basis_only; stellar_mass_to_light_nuisance_not_applied,J = Sigma_b * V_model,self_consistent_model_velocity_required; not_evaluated,0,tabulated,piecewise_linear,data/stationary/source_reconstruction/leroy2008_things_hi_profiles_v1.csv,NGC2976:21
NGC2976,calibration,22,1.63,6.76063301018,134.59,0,Sigma_b = Sigma_gas + Upsilon_d*Sigma_disk_ml1 + Upsilon_b*Sigma_bulge_ml1,basis_only; stellar_mass_to_light_nuisance_not_applied,J = Sigma_b * V_model,self_consistent_model_velocity_required; not_evaluated,0,tabulated,piecewise_linear,data/stationary/source_reconstruction/leroy2008_things_hi_profiles_v1.csv,NGC2976:22
NGC2976,calibration,23,1.74,6.11459086426,99.94,0,Sigma_b = Sigma_gas + Upsilon_d*Sigma_disk_ml1 + Upsilon_b*Sigma_bulge_ml1,basis_only; stellar_mass_to_light_nuisance_not_applied,J = Sigma_b * V_model,self_consistent_model_velocity_required; not_evaluated,0,tabulated,piecewise_linear,data/stationary/source_reconstruction/leroy2008_things_hi_profiles_v1.csv,NGC2976:23
NGC2976,calibration,24,1.93,4.98367564904,58.42,0,Sigma_b = Sigma_gas + Upsilon_d*Sigma_disk_ml1 + Upsilon_b*Sigma_bulge_ml1,basis_only; stellar_mass_to_light_nuisance_not_applied,J = Sigma_b * V_model,self_consistent_model_velocity_required; not_evaluated,0,tabulated,piecewise_linear,data/stationary/source_reconstruction/leroy2008_things_hi_profiles_v1.csv,NGC2976:24
NGC2976,calibration,25,2.1,4.14778179429,46.09,0,Sigma_b = Sigma_gas + Upsilon_d*Sigma_disk_ml1 + Upsilon_b*Sigma_bulge_ml1,basis_only; stellar_mass_to_light_nuisance_not_applied,J = Sigma_b * V_model,self_consistent_model_velocity_required; not_evaluated,0,tabulated,piecewise_linear,data/stationary/source_reconstruction/leroy2008_things_hi_profiles_v1.csv,NGC2976:25
NGC2976,calibration,26,2.27,3.39274564576,41.53,0,Sigma_b = Sigma_gas + Upsilon_d*Sigma_disk_ml1 + Upsilon_b*Sigma_bulge_ml1,basis_only; stellar_mass_to_light_nuisance_not_applied,J = Sigma_b * V_model,self_consistent_model_velocity_required; not_evaluated,0,tabulated,piecewise_linear,data/stationary/source_reconstruction/leroy2008_things_hi_profiles_v1.csv,NGC2976:26
NGC3198,calibration,0,0.32,3.89220588235,1084.92,0,Sigma_b = Sigma_gas + Upsilon_d*Sigma_disk_ml1 + Upsilon_b*Sigma_bulge_ml1,basis_only; stellar_mass_to_light_nuisance_not_applied,J = Sigma_b * V_model,self_consistent_model_velocity_required; not_evaluated,0,tabulated,piecewise_linear,data/stationary/source_reconstruction/leroy2008_things_hi_profiles_v1.csv,NGC3198:0
NGC3198,calibration,1,0.64,3.57926470588,590.57,0,Sigma_b = Sigma_gas + Upsilon_d*Sigma_disk_ml1 + Upsilon_b*Sigma_bulge_ml1,basis_only; stellar_mass_to_light_nuisance_not_applied,J = Sigma_b * V_model,self_consistent_model_velocity_required; not_evaluated,0,tabulated,piecewise_linear,data/stationary/source_reconstruction/leroy2008_things_hi_profiles_v1.csv,NGC3198:1
NGC3198,calibration,2,0.96,3.26632352941,410.97,0,Sigma_b = Sigma_gas + Upsilon_d*Sigma_disk_ml1 + Upsilon_b*Sigma_bulge_ml1,basis_only; stellar_mass_to_light_nuisance_not_applied,J = Sigma_b * V_model,self_consistent_model_velocity_required; not_evaluated,0,tabulated,piecewise_linear,data/stationary/source_reconstruction/leroy2008_things_hi_profiles_v1.csv,NGC3198:2
NGC3198,calibration,3,1.28,3.34455882353,329.34,0,Sigma_b = Sigma_gas + Upsilon_d*Sigma_disk_ml1 + Upsilon_b*Sigma_bulge_ml1,basis_only; stellar_mass_to_light_nuisance_not_applied,J = Sigma_b * V_model,self_consistent_model_velocity_required; not_evaluated,0,tabulated,piecewise_linear,data/stationary/source_reconstruction/leroy2008_things_hi_profiles_v1.csv,NGC3198:3
NGC3198,calibration,4,1.61,3.48286764706,268.62,0,Sigma_b = Sigma_gas + Upsilon_d*Sigma_disk_ml1 + Upsilon_b*Sigma_bulge_ml1,basis_only; stellar_mass_to_light_nuisance_not_applied,J = Sigma_b * V_model,self_consistent_model_velocity_required; not_evaluated,0,tabulated,piecewise_linear,data/stationary/source_reconstruction/leroy2008_things_hi_profiles_v1.csv,NGC3198:4
NGC3198,calibration,5,1.93,3.70802696079,247.67,0,Sigma_b = Sigma_gas + Upsilon_d*Sigma_disk_ml1 + Upsilon_b*Sigma_bulge_ml1,basis_only; stellar_mass_to_light_nuisance_not_applied,J = Sigma_b * V_model,self_consistent_model_velocity_required; not_evaluated,0,tabulated,piecewise_linear,data/stationary/source_reconstruction/leroy2008_things_hi_profiles_v1.csv,NGC3198:5
NGC3198,calibration,6,2.24,3.96066176471,227.56,0,Sigma_b = Sigma_gas + Upsilon_d*Sigma_disk_ml1 + Upsilon_b*Sigma_bulge_ml1,basis_only; stellar_mass_to_light_nuisance_not_applied,J = Sigma_b * V_model,self_consistent_model_velocity_required; not_evaluated,0,tabulated,piecewise_linear,data/stationary/source_reconstruction/leroy2008_things_hi_profiles_v1.csv,NGC3198:6
NGC3198,calibration,7,2.57,4.31132352941,205.02,0,Sigma_b = Sigma_gas + Upsilon_d*Sigma_disk_ml1 + Upsilon_b*Sigma_bulge_ml1,basis_only; stellar_mass_to_light_nuisance_not_applied,J = Sigma_b * V_model,self_consistent_model_velocity_required; not_evaluated,0,tabulated,piecewise_linear,data/stationary/source_reconstruction/leroy2008_things_hi_profiles_v1.csv,NGC3198:7
NGC3198,calibration,8,2.89,4.66897058824,200.2,0,Sigma_b = Sigma_gas + Upsilon_d*Sigma_disk_ml1 + Upsilon_b*Sigma_bulge_ml1,basis_only; stellar_mass_to_light_nuisance_not_applied,J = Sigma_b * V_model,self_consistent_model_velocity_required; not_evaluated,0,tabulated,piecewise_linear,data/stationary/source_reconstruction/leroy2008_things_hi_profiles_v1.csv,NGC3198:8
NGC3198,calibration,9,3.21,5.08529411765,208.58,0,Sigma_b = Sigma_gas + Upsilon_d*Sigma_disk_ml1 + Upsilon_b*Sigma_bulge_ml1,basis_only; stellar_mass_to_light_nuisance_not_applied,J = Sigma_b * V_model,self_consistent_model_velocity_required; not_evaluated,0,tabulated,piecewise_linear,data/stationary/source_reconstruction/leroy2008_things_hi_profiles_v1.csv,NGC3198:9
NGC3198,calibration,10,3.54,5.54632352942,208.47,0,Sigma_b = Sigma_gas + Upsilon_d*Sigma_disk_ml1 + Upsilon_b*Sigma_bulge_ml1,basis_only; stellar_mass_to_light_nuisance_not_applied,J = Sigma_b * V_model,self_consistent_model_velocity_required; not_evaluated,0,tabulated,piecewise_linear,data/stationary/source_reconstruction/leroy2008_things_hi_profiles_v1.csv,NGC3198:10
NGC3198,calibration,11,3.85,5.84319852941,196.07,0,Sigma_b = Sigma_gas + Upsilon_d*Sigma_disk_ml1 + Upsilon_b*Sigma_bulge_ml1,basis_only; stellar_mass_to_light_nuisance_not_applied,J = Sigma_b * V_model,self_consistent_model_velocity_required; not_evaluated,0,tabulated,piecewise_linear,data/stationary/source_reconstruction/leroy2008_things_hi_profiles_v1.csv,NGC3198:11
NGC3198,calibration,12,4.17,5.99966911765,179.96,0,Sigma_b = Sigma_gas + Upsilon_d*Sigma_disk_ml1 + Upsilon_b*Sigma_bulge_ml1,basis_only; stellar_mass_to_light_nuisance_not_applied,J = Sigma_b * V_model,self_consistent_model_velocity_required; not_evaluated,0,tabulated,piecewise_linear,data/stationary/source_reconstruction/leroy2008_things_hi_profiles_v1.csv,NGC3198:12
NGC3198,calibration,13,4.5,6.09117647059,164.19,0,Sigma_b = Sigma_gas + Upsilon_d*Sigma_disk_ml1 + Upsilon_b*Sigma_bulge_ml1,basis_only; stellar_mass_to_light_nuisance_not_applied,J = Sigma_b * V_model,self_consistent_model_velocity_required; not_evaluated,0,tabulated,piecewise_linear,data/stationary/source_reconstruction/leroy2008_things_hi_profiles_v1.csv,NGC3198:13
NGC3198,calibration,14,4.82,6.13588235295,150.99,0,Sigma_b = Sigma_gas + Upsilon_d*Sigma_disk_ml1 + Upsilon_b*Sigma_bulge_ml1,basis_only; stellar_mass_to_light_nuisance_not_applied,J = Sigma_b * V_model,self_consistent_model_velocity_required; not_evaluated,0,tabulated,piecewise_linear,data/stationary/source_reconstruction/leroy2008_things_hi_profiles_v1.csv,NGC3198:14
NGC3198,calibration,15,5.15,6.20294117648,138.08,0,Sigma_b = Sigma_gas + Upsilon_d*Sigma_disk_ml1 + Upsilon_b*Sigma_bulge_ml1,basis_only; stellar_mass_to_light_nuisance_not_applied,J = Sigma_b * V_model,self_consistent_model_velocity_required; not_evaluated,0,tabulated,piecewise_linear,data/stationary/source_reconstruction/leroy2008_things_hi_profiles_v1.csv,NGC3198:15
NGC3198,calibration,16,5.46,6.28955882353,126,0,Sigma_b = Sigma_gas + Upsilon_d*Sigma_disk_ml1 + Upsilon_b*Sigma_bulge_ml1,basis_only; stellar_mass_to_light_nuisance_not_applied,J = Sigma_b * V_model,self_consistent_model_velocity_required; not_evaluated,0,tabulated,piecewise_linear,data/stationary/source_reconstruction/leroy2008_things_hi_profiles_v1.csv,NGC3198:16
NGC3198,calibration,17,5.78,6.36779411765,113.63,0,Sigma_b = Sigma_gas + Upsilon_d*Sigma_disk_ml1 + Upsilon_b*Sigma_bulge_ml1,basis_only; stellar_mass_to_light_nuisance_not_applied,J = Sigma_b * V_model,self_consistent_model_velocity_required; not_evaluated,0,tabulated,piecewise_linear,data/stationary/source_reconstruction/leroy2008_things_hi_profiles_v1.csv,NGC3198:17
NGC3198,calibration,18,6.1,6.4125,101.19,0,Sigma_b = Sigma_gas + Upsilon_d*Sigma_disk_ml1 + Upsilon_b*Sigma_bulge_ml1,basis_only; stellar_mass_to_light_nuisance_not_applied,J = Sigma_b * V_model,self_consistent_model_velocity_required; not_evaluated,0,tabulated,piecewise_linear,data/stationary/source_reconstruction/leroy2008_things_hi_profiles_v1.csv,NGC3198:18
NGC3198,calibration,19,6.43,6.45441176471,86.52,0,Sigma_b = Sigma_gas + Upsilon_d*Sigma_disk_ml1 + Upsilon_b*Sigma_bulge_ml1,basis_only; stellar_mass_to_light_nuisance_not_applied,J = Sigma_b * V_model,self_consistent_model_velocity_required; not_evaluated,0,tabulated,piecewise_linear,data/stationary/source_reconstruction/leroy2008_things_hi_profiles_v1.csv,NGC3198:19
NGC3198,calibration,20,6.74,6.45441176471,70.23,0,Sigma_b = Sigma_gas + Upsilon_d*Sigma_disk_ml1 + Upsilon_b*Sigma_bulge_ml1,basis_only; stellar_mass_to_light_nuisance_not_applied,J = Sigma_b * V_model,self_consistent_model_velocity_required; not_evaluated,0,tabulated,piecewise_linear,data/stationary/source_reconstruction/leroy2008_things_hi_profiles_v1.csv,NGC3198:20
NGC3198,calibration,21,7.06,6.46279411765,57.67,0,Sigma_b = Sigma_gas + Upsilon_d*Sigma_disk_ml1 + Upsilon_b*Sigma_bulge_ml1,basis_only; stellar_mass_to_light_nuisance_not_applied,J = Sigma_b * V_model,self_consistent_model_velocity_required; not_evaluated,0,tabulated,piecewise_linear,data/stationary/source_reconstruction/leroy2008_things_hi_profiles_v1.csv,NGC3198:21
NGC3198,calibration,22,8.04,6.59970588236,40.74,0,Sigma_b = Sigma_gas + Upsilon_d*Sigma_disk_ml1 + Upsilon_b*Sigma_bulge_ml1,basis_only; stellar_mass_to_light_nuisance_not_applied,J = Sigma_b * V_model,self_consistent_model_velocity_required; not_evaluated,0,tabulated,piecewise_linear,data/stationary/source_reconstruction/leroy2008_things_hi_profiles_v1.csv,NGC3198:22
NGC3198,calibration,23,9.04,6.84000000001,31.83,0,Sigma_b = Sigma_gas + Upsilon_d*Sigma_disk_ml1 + Upsilon_b*Sigma_bulge_ml1,basis_only; stellar_mass_to_light_nuisance_not_applied,J = Sigma_b * V_model,self_consistent_model_velocity_required; not_evaluated,0,tabulated,piecewise_linear,data/stationary/source_reconstruction/leroy2008_things_hi_profiles_v1.csv,NGC3198:23
NGC3198,calibration,24,10.04,6.51029411765,26.64,0,Sigma_b = Sigma_gas + Upsilon_d*Sigma_disk_ml1 + Upsilon_b*Sigma_bulge_ml1,basis_only; stellar_mass_to_light_nuisance_not_applied,J = Sigma_b * V_model,self_consistent_model_velocity_required; not_evaluated,0,tabulated,piecewise_linear,data/stationary/source_reconstruction/leroy2008_things_hi_profiles_v1.csv,NGC3198:24
NGC3198,calibration,25,11.04,5.88441176471,21.02,0,Sigma_b = Sigma_gas + Upsilon_d*Sigma_disk_ml1 + Upsilon_b*Sigma_bulge_ml1,basis_only; stellar_mass_to_light_nuisance_not_applied,J = Sigma_b * V_model,self_consistent_model_velocity_required; not_evaluated,0,tabulated,piecewise_linear,data/stationary/source_reconstruction/leroy2008_things_hi_profiles_v1.csv,NGC3198:25
NGC3198,calibration,26,12.05,6.20992647059,15.42,0,Sigma_b = Sigma_gas + Upsilon_d*Sigma_disk_ml1 + Upsilon_b*Sigma_bulge_ml1,basis_only; stellar_mass_to_light_nuisance_not_applied,J = Sigma_b * V_model,self_consistent_model_velocity_required; not_evaluated,0,tabulated,piecewise_linear,data/stationary/source_reconstruction/leroy2008_things_hi_profiles_v1.csv,NGC3198:26
NGC3198,calibration,27,14.05,4.74301470588,6.42,0,Sigma_b = Sigma_gas + Upsilon_d*Sigma_disk_ml1 + Upsilon_b*Sigma_bulge_ml1,basis_only; stellar_mass_to_light_nuisance_not_applied,J = Sigma_b * V_model,self_consistent_model_velocity_required; not_evaluated,0,tabulated,piecewise_linear,data/stationary/source_reconstruction/leroy2008_things_hi_profiles_v1.csv,NGC3198:27
NGC3198,calibration,28,16.07,0,2.95,0,Sigma_b = Sigma_gas + Upsilon_d*Sigma_disk_ml1 + Upsilon_b*Sigma_bulge_ml1,basis_only; stellar_mass_to_light_nuisance_not_applied,J = Sigma_b * V_model,self_consistent_model_velocity_required; not_evaluated,0,tabulated,outer_zero,data/stationary/source_reconstruction/leroy2008_things_hi_profiles_v1.csv,NGC3198:28
NGC3198,calibration,29,18.13,0,2.39,0,Sigma_b = Sigma_gas + Upsilon_d*Sigma_disk_ml1 + Upsilon_b*Sigma_bulge_ml1,basis_only; stellar_mass_to_light_nuisance_not_applied,J = Sigma_b * V_model,self_consistent_model_velocity_required; not_evaluated,0,tabulated,outer_zero,data/stationary/source_reconstruction/leroy2008_things_hi_profiles_v1.csv,NGC3198:29
NGC3198,calibration,30,20.05,0,1.44,0,Sigma_b = Sigma_gas + Upsilon_d*Sigma_disk_ml1 + Upsilon_b*Sigma_bulge_ml1,basis_only; stellar_mass_to_light_nuisance_not_applied,J = Sigma_b * V_model,self_consistent_model_velocity_required; not_evaluated,0,tabulated,outer_zero,data/stationary/source_reconstruction/leroy2008_things_hi_profiles_v1.csv,NGC3198:30
NGC3198,calibration,31,22.12,0,0.72,0,Sigma_b = Sigma_gas + Upsilon_d*Sigma_disk_ml1 + Upsilon_b*Sigma_bulge_ml1,basis_only; stellar_mass_to_light_nuisance_not_applied,J = Sigma_b * V_model,self_consistent_model_velocity_required; not_evaluated,0,tabulated,outer_zero,data/stationary/source_reconstruction/leroy2008_things_hi_profiles_v1.csv,NGC3198:31
NGC3198,calibration,32,24.03,0,0.28,0,Sigma_b = Sigma_gas + Upsilon_d*Sigma_disk_ml1 + Upsilon_b*Sigma_bulge_ml1,basis_only; stellar_mass_to_light_nuisance_not_applied,J = Sigma_b * V_model,self_consistent_model_velocity_required; not_evaluated,0,tabulated,outer_zero,data/stationary/source_reconstruction/leroy2008_things_hi_profiles_v1.csv,NGC3198:32
NGC3198,calibration,33,26.1,0,0.16,0,Sigma_b = Sigma_gas + Upsilon_d*Sigma_disk_ml1 + Upsilon_b*Sigma_bulge_ml1,basis_only; stellar_mass_to_light_nuisance_not_applied,J = Sigma_b * V_model,self_consistent_model_velocity_required; not_evaluated,0,tabulated,outer_zero,data/stationary/source_reconstruction/leroy2008_things_hi_profiles_v1.csv,NGC3198:33
NGC3198,calibration,34,28.16,0,0.08,0,Sigma_b = Sigma_gas + Upsilon_d*Sigma_disk_ml1 + Upsilon_b*Sigma_bulge_ml1,basis_only; stellar_mass_to_light_nuisance_not_applied,J = Sigma_b * V_model,self_consistent_model_velocity_required; not_evaluated,0,tabulated,outer_zero,data/stationary/source_reconstruction/leroy2008_things_hi_profiles_v1.csv,NGC3198:34
NGC3198,calibration,35,30.08,0,0.04,0,Sigma_b = Sigma_gas + Upsilon_d*Sigma_disk_ml1 + Upsilon_b*Sigma_bulge_ml1,basis_only; stellar_mass_to_light_nuisance_not_applied,J = Sigma_b * V_model,self_consistent_model_velocity_required; not_evaluated,0,tabulated,outer_zero,data/stationary/source_reconstruction/leroy2008_things_hi_profiles_v1.csv,NGC3198:35
NGC3198,calibration,36,32.14,0,0.02,0,Sigma_b = Sigma_gas + Upsilon_d*Sigma_disk_ml1 + Upsilon_b*Sigma_bulge_ml1,basis_only; stellar_mass_to_light_nuisance_not_applied,J = Sigma_b * V_model,self_consistent_model_velocity_required; not_evaluated,0,tabulated,outer_zero,data/stationary/source_reconstruction/leroy2008_things_hi_profiles_v1.csv,NGC3198:36
NGC3198,calibration,37,34.06,0,0.01,0,Sigma_b = Sigma_gas + Upsilon_d*Sigma_disk_ml1 + Upsilon_b*Sigma_bulge_ml1,basis_only; stellar_mass_to_light_nuisance_not_applied,J = Sigma_b * V_model,self_consistent_model_velocity_required; not_evaluated,0,tabulated,outer_zero,data/stationary/source_reconstruction/leroy2008_things_hi_profiles_v1.csv,NGC3198:37
NGC3198,calibration,38,36.12,0,0.01,0,Sigma_b = Sigma_gas + Upsilon_d*Sigma_disk_ml1 + Upsilon_b*Sigma_bulge_ml1,basis_only; stellar_mass_to_light_nuisance_not_applied,J = Sigma_b * V_model,self_consistent_model_velocity_required; not_evaluated,0,tabulated,outer_zero,data/stationary/source_reconstruction/leroy2008_things_hi_profiles_v1.csv,NGC3198:38
NGC3198,calibration,39,38.19,0,0,0,Sigma_b = Sigma_gas + Upsilon_d*Sigma_disk_ml1 + Upsilon_b*Sigma_bulge_ml1,basis_only; stellar_mass_to_light_nuisance_not_applied,J = Sigma_b * V_model,self_consistent_model_velocity_required; not_evaluated,0,tabulated,outer_zero,data/stationary/source_reconstruction/leroy2008_things_hi_profiles_v1.csv,NGC3198:39
NGC3198,calibration,40,40.1,0,0,0,Sigma_b = Sigma_gas + Upsilon_d*Sigma_disk_ml1 + Upsilon_b*Sigma_bulge_ml1,basis_only; stellar_mass_to_light_nuisance_not_applied,J = Sigma_b * V_model,self_consistent_model_velocity_required; not_evaluated,0,tabulated,outer_zero,data/stationary/source_reconstruction/leroy2008_things_hi_profiles_v1.csv,NGC3198:40
NGC3198,calibration,41,42.17,0,0,0,Sigma_b = Sigma_gas + Upsilon_d*Sigma_disk_ml1 + Upsilon_b*Sigma_bulge_ml1,basis_only; stellar_mass_to_light_nuisance_not_applied,J = Sigma_b * V_model,self_consistent_model_velocity_required; not_evaluated,0,tabulated,outer_zero,data/stationary/source_reconstruction/leroy2008_things_hi_profiles_v1.csv,NGC3198:41
NGC3198,calibration,42,44.08,0,0,0,Sigma_b = Sigma_gas + Upsilon_d*Sigma_disk_ml1 + Upsilon_b*Sigma_bulge_ml1,basis_only; stellar_mass_to_light_nuisance_not_applied,J = Sigma_b * V_model,self_consistent_model_velocity_required; not_evaluated,0,tabulated,outer_zero,data/stationary/source_reconstruction/leroy2008_things_hi_profiles_v1.csv,NGC3198:42
NGC3521,blind,0,0.51,4.64054679145,5592.84,0,Sigma_b = Sigma_gas + Upsilon_d*Sigma_disk_ml1 + Upsilon_b*Sigma_bulge_ml1,basis_only; stellar_mass_to_light_nuisance_not_applied,J = Sigma_b * V_model,self_consistent_model_velocity_required; not_evaluated,0,tabulated,piecewise_linear,data/stationary/source_reconstruction/leroy2008_things_hi_profiles_v1.csv,NGC3521:0
NGC3521,blind,1,0.69,4.97370721925,4363.43,0,Sigma_b = Sigma_gas + Upsilon_d*Sigma_disk_ml1 + Upsilon_b*Sigma_bulge_ml1,basis_only; stellar_mass_to_light_nuisance_not_applied,J = Sigma_b * V_model,self_consistent_model_velocity_required; not_evaluated,0,tabulated,piecewise_linear,data/stationary/source_reconstruction/leroy2008_things_hi_profiles_v1.csv,NGC3521:1
NGC3521,blind,2,0.86,5.38954812834,3675.14,0,Sigma_b = Sigma_gas + Upsilon_d*Sigma_disk_ml1 + Upsilon_b*Sigma_bulge_ml1,basis_only; stellar_mass_to_light_nuisance_not_applied,J = Sigma_b * V_model,self_consistent_model_velocity_required; not_evaluated,0,tabulated,piecewise_linear,data/stationary/source_reconstruction/leroy2008_things_hi_profiles_v1.csv,NGC3521:2
NGC3521,blind,3,1.03,5.93379144385,2808.28,0,Sigma_b = Sigma_gas + Upsilon_d*Sigma_disk_ml1 + Upsilon_b*Sigma_bulge_ml1,basis_only; stellar_mass_to_light_nuisance_not_applied,J = Sigma_b * V_model,self_consistent_model_velocity_required; not_evaluated,0,tabulated,piecewise_linear,data/stationary/source_reconstruction/leroy2008_things_hi_profiles_v1.csv,NGC3521:3
NGC3521,blind,4,1.2,6.58065508022,2150.5,0,Sigma_b = Sigma_gas + Upsilon_d*Sigma_disk_ml1 + Upsilon_b*Sigma_bulge_ml1,basis_only; stellar_mass_to_light_nuisance_not_applied,J = Sigma_b * V_model,self_consistent_model_velocity_required; not_evaluated,0,tabulated,piecewise_linear,data/stationary/source_reconstruction/leroy2008_things_hi_profiles_v1.csv,NGC3521:4
NGC3521,blind,5,1.38,7.21954278075,2033.53,0,Sigma_b = Sigma_gas + Upsilon_d*Sigma_disk_ml1 + Upsilon_b*Sigma_bulge_ml1,basis_only; stellar_mass_to_light_nuisance_not_applied,J = Sigma_b * V_model,self_consistent_model_velocity_required; not_evaluated,0,tabulated,piecewise_linear,data/stationary/source_reconstruction/leroy2008_things_hi_profiles_v1.csv,NGC3521:5
NGC3521,blind,6,1.55,7.7739973262,1846.64,0,Sigma_b = Sigma_gas + Upsilon_d*Sigma_disk_ml1 + Upsilon_b*Sigma_bulge_ml1,basis_only; stellar_mass_to_light_nuisance_not_applied,J = Sigma_b * V_model,self_consistent_model_velocity_required; not_evaluated,0,tabulated,piecewise_linear,data/stationary/source_reconstruction/leroy2008_things_hi_profiles_v1.csv,NGC3521:6
NGC3521,blind,7,1.71,8.16661319073,1668.78,0,Sigma_b = Sigma_gas + Upsilon_d*Sigma_disk_ml1 + Upsilon_b*Sigma_bulge_ml1,basis_only; stellar_mass_to_light_nuisance_not_applied,J = Sigma_b * V_model,self_consistent_model_velocity_required; not_evaluated,0,tabulated,piecewise_linear,data/stationary/source_reconstruction/leroy2008_things_hi_profiles_v1.csv,NGC3521:7
NGC3521,blind,8,1.89,8.32968805704,1505.22,0,Sigma_b = Sigma_gas + Upsilon_d*Sigma_disk_ml1 + Upsilon_b*Sigma_bulge_ml1,basis_only; stellar_mass_to_light_nuisance_not_applied,J = Sigma_b * V_model,self_consistent_model_velocity_required; not_evaluated,0,tabulated,piecewise_linear,data/stationary/source_reconstruction/leroy2008_things_hi_profiles_v1.csv,NGC3521:8
NGC3521,blind,9,2.06,8.48370320856,1378.94,0,Sigma_b = Sigma_gas + Upsilon_d*Sigma_disk_ml1 + Upsilon_b*Sigma_bulge_ml1,basis_only; stellar_mass_to_light_nuisance_not_applied,J = Sigma_b * V_model,self_consistent_model_velocity_required; not_evaluated,0,tabulated,piecewise_linear,data/stationary/source_reconstruction/leroy2008_things_hi_profiles_v1.csv,NGC3521:9
NGC3521,blind,10,2.23,8.5080882353,1175.03,0,Sigma_b = Sigma_gas + Upsilon_d*Sigma_disk_ml1 + Upsilon_b*Sigma_bulge_ml1,basis_only; stellar_mass_to_light_nuisance_not_applied,J = Sigma_b * V_model,self_consistent_model_velocity_required; not_evaluated,0,tabulated,piecewise_linear,data/stationary/source_reconstruction/leroy2008_things_hi_profiles_v1.csv,NGC3521:10
NGC3521,blind,11,2.41,8.5080882353,926.08,0,Sigma_b = Sigma_gas + Upsilon_d*Sigma_disk_ml1 + Upsilon_b*Sigma_bulge_ml1,basis_only; stellar_mass_to_light_nuisance_not_applied,J = Sigma_b * V_model,self_consistent_model_velocity_required; not_evaluated,0,tabulated,piecewise_linear,data/stationary/source_reconstruction/leroy2008_things_hi_profiles_v1.csv,NGC3521:11
NGC3521,blind,12,2.58,8.58053208557,830.56,0,Sigma_b = Sigma_gas + Upsilon_d*Sigma_disk_ml1 + Upsilon_b*Sigma_bulge_ml1,basis_only; stellar_mass_to_light_nuisance_not_applied,J = Sigma_b * V_model,self_consistent_model_velocity_required; not_evaluated,0,tabulated,piecewise_linear,data/stationary/source_reconstruction/leroy2008_things_hi_profiles_v1.csv,NGC3521:12
NGC3521,blind,13,2.75,8.67294117648,769.64,0,Sigma_b = Sigma_gas + Upsilon_d*Sigma_disk_ml1 + Upsilon_b*Sigma_bulge_ml1,basis_only; stellar_mass_to_light_nuisance_not_applied,J = Sigma_b * V_model,self_consistent_model_velocity_required; not_evaluated,0,tabulated,piecewise_linear,data/stationary/source_reconstruction/leroy2008_things_hi_profiles_v1.csv,NGC3521:13
NGC3521,blind,14,2.92,9.01204545455,727.61,0,Sigma_b = Sigma_gas + Upsilon_d*Sigma_disk_ml1 + Upsilon_b*Sigma_bulge_ml1,basis_only; stellar_mass_to_light_nuisance_not_applied,J = Sigma_b * V_model,self_consistent_model_velocity_required; not_evaluated,0,tabulated,piecewise_linear,data/stationary/source_reconstruction/leroy2008_things_hi_profiles_v1.csv,NGC3521:14
NGC3521,blind,15,3.09,9.47409090909,682.48,0,Sigma_b = Sigma_gas + Upsilon_d*Sigma_disk_ml1 + Upsilon_b*Sigma_bulge_ml1,basis_only; stellar_mass_to_light_nuisance_not_applied,J = Sigma_b * V_model,self_consistent_model_velocity_required; not_evaluated,0,tabulated,piecewise_linear,data/stationary/source_reconstruction/leroy2008_things_hi_profiles_v1.csv,NGC3521:15
NGC3521,blind,16,3.26,9.85978074866,633.6,0,Sigma_b = Sigma_gas + Upsilon_d*Sigma_disk_ml1 + Upsilon_b*Sigma_bulge_ml1,basis_only; stellar_mass_to_light_nuisance_not_applied,J = Sigma_b * V_model,self_consistent_model_velocity_required; not_evaluated,0,tabulated,piecewise_linear,data/stationary/source_reconstruction/leroy2008_things_hi_profiles_v1.csv,NGC3521:16
NGC3521,blind,17,3.43,10.1832125669,575.82,0,Sigma_b = Sigma_gas + Upsilon_d*Sigma_disk_ml1 + Upsilon_b*Sigma_bulge_ml1,basis_only; stellar_mass_to_light_nuisance_not_applied,J = Sigma_b * V_model,self_consistent_model_velocity_required; not_evaluated,0,tabulated,piecewise_linear,data/stationary/source_reconstruction/leroy2008_things_hi_profiles_v1.csv,NGC3521:17
NGC3521,blind,18,3.61,10.3433917112,523.07,0,Sigma_b = Sigma_gas + Upsilon_d*Sigma_disk_ml1 + Upsilon_b*Sigma_bulge_ml1,basis_only; stellar_mass_to_light_nuisance_not_applied,J = Sigma_b * V_model,self_consistent_model_velocity_required; not_evaluated,0,tabulated,piecewise_linear,data/stationary/source_reconstruction/leroy2008_things_hi_profiles_v1.csv,NGC3521:18
NGC3521,blind,19,3.78,10.2971871657,481.98,0,Sigma_b = Sigma_gas + Upsilon_d*Sigma_disk_ml1 + Upsilon_b*Sigma_bulge_ml1,basis_only; stellar_mass_to_light_nuisance_not_applied,J = Sigma_b * V_model,self_consistent_model_velocity_required; not_evaluated,0,tabulated,piecewise_linear,data/stationary/source_reconstruction/leroy2008_things_hi_profiles_v1.csv,NGC3521:19
NGC3521,blind,20,3.95,10.2248830214,430.64,0,Sigma_b = Sigma_gas + Upsilon_d*Sigma_disk_ml1 + Upsilon_b*Sigma_bulge_ml1,basis_only; stellar_mass_to_light_nuisance_not_applied,J = Sigma_b * V_model,self_consistent_model_velocity_required; not_evaluated,0,tabulated,piecewise_linear,data/stationary/source_reconstruction/leroy2008_things_hi_profiles_v1.csv,NGC3521:20
NGC3521,blind,21,4.12,10.1093716577,369.64,0,Sigma_b = Sigma_gas + Upsilon_d*Sigma_disk_ml1 + Upsilon_b*Sigma_bulge_ml1,basis_only; stellar_mass_to_light_nuisance_not_applied,J = Sigma_b * V_model,self_consistent_model_velocity_required; not_evaluated,0,tabulated,piecewise_linear,data/stationary/source_reconstruction/leroy2008_things_hi_profiles_v1.csv,NGC3521:21
NGC3521,blind,22,4.29,9.99386029411,310.22,0,Sigma_b = Sigma_gas + Upsilon_d*Sigma_disk_ml1 + Upsilon_b*Sigma_bulge_ml1,basis_only; stellar_mass_to_light_nuisance_not_applied,J = Sigma_b * V_model,self_consistent_model_velocity_required; not_evaluated,0,tabulated,piecewise_linear,data/stationary/source_reconstruction/leroy2008_things_hi_profiles_v1.csv,NGC3521:22
NGC3521,blind,23,4.46,9.975,258.02,0,Sigma_b = Sigma_gas + Upsilon_d*Sigma_disk_ml1 + Upsilon_b*Sigma_bulge_ml1,basis_only; stellar_mass_to_light_nuisance_not_applied,J = Sigma_b * V_model,self_consistent_model_velocity_required; not_evaluated,0,tabulated,piecewise_linear,data/stationary/source_reconstruction/leroy2008_things_hi_profiles_v1.csv,NGC3521:23
NGC3521,blind,24,4.64,9.975,208.23,0,Sigma_b = Sigma_gas + Upsilon_d*Sigma_disk_ml1 + Upsilon_b*Sigma_bulge_ml1,basis_only; stellar_mass_to_light_nuisance_not_applied,J = Sigma_b * V_model,self_consistent_model_velocity_required; not_evaluated,0,tabulated,piecewise_linear,data/stationary/source_reconstruction/leroy2008_things_hi_profiles_v1.csv,NGC3521:24
NGC3521,blind,25,4.81,9.68705347594,177.5,0,Sigma_b = Sigma_gas + Upsilon_d*Sigma_disk_ml1 + Upsilon_b*Sigma_bulge_ml1,basis_only; stellar_mass_to_light_nuisance_not_applied,J = Sigma_b * V_model,self_consistent_model_velocity_required; not_evaluated,0,tabulated,piecewise_linear,data/stationary/source_reconstruction/leroy2008_things_hi_profiles_v1.csv,NGC3521:25
NGC3521,blind,26,4.98,9.31741711231,157.71,0,Sigma_b = Sigma_gas + Upsilon_d*Sigma_disk_ml1 + Upsilon_b*Sigma_bulge_ml1,basis_only; stellar_mass_to_light_nuisance_not_applied,J = Sigma_b * V_model,self_consistent_model_velocity_required; not_evaluated,0,tabulated,piecewise_linear,data/stationary/source_reconstruction/leroy2008_things_hi_profiles_v1.csv,NGC3521:26
NGC3521,blind,27,5.15,8.94778074867,143.45,0,Sigma_b = Sigma_gas + Upsilon_d*Sigma_disk_ml1 + Upsilon_b*Sigma_bulge_ml1,basis_only; stellar_mass_to_light_nuisance_not_applied,J = Sigma_b * V_model,self_consistent_model_velocity_required; not_evaluated,0,tabulated,piecewise_linear,data/stationary/source_reconstruction/leroy2008_things_hi_profiles_v1.csv,NGC3521:27
NGC3521,blind,28,5.32,8.57814438503,128.98,0,Sigma_b = Sigma_gas + Upsilon_d*Sigma_disk_ml1 + Upsilon_b*Sigma_bulge_ml1,basis_only; stellar_mass_to_light_nuisance_not_applied,J = Sigma_b * V_model,self_consistent_model_velocity_required; not_evaluated,0,tabulated,piecewise_linear,data/stationary/source_reconstruction/leroy2008_things_hi_profiles_v1.csv,NGC3521:28
NGC3521,blind,29,5.49,8.35984759359,118.36,0,Sigma_b = Sigma_gas + Upsilon_d*Sigma_disk_ml1 + Upsilon_b*Sigma_bulge_ml1,basis_only; stellar_mass_to_light_nuisance_not_applied,J = Sigma_b * V_model,self_consistent_model_velocity_required; not_evaluated,0,tabulated,piecewise_linear,data/stationary/source_reconstruction/leroy2008_things_hi_profiles_v1.csv,NGC3521:29
NGC3521,blind,30,5.67,8.2620026738,108.99,0,Sigma_b = Sigma_gas + Upsilon_d*Sigma_disk_ml1 + Upsilon_b*Sigma_bulge_ml1,basis_only; stellar_mass_to_light_nuisance_not_applied,J = Sigma_b * V_model,self_consistent_model_velocity_required; not_evaluated,0,tabulated,piecewise_linear,data/stationary/source_reconstruction/leroy2008_things_hi_profiles_v1.csv,NGC3521:30
NGC3521,blind,31,5.84,8.2335026738,100.28,0,Sigma_b = Sigma_gas + Upsilon_d*Sigma_disk_ml1 + Upsilon_b*Sigma_bulge_ml1,basis_only; stellar_mass_to_light_nuisance_not_applied,J = Sigma_b * V_model,self_consistent_model_velocity_required; not_evaluated,0,tabulated,piecewise_linear,data/stationary/source_reconstruction/leroy2008_things_hi_profiles_v1.csv,NGC3521:31
NGC3521,blind,32,6.01,8.27200646168,93.06,0,Sigma_b = Sigma_gas + Upsilon_d*Sigma_disk_ml1 + Upsilon_b*Sigma_bulge_ml1,basis_only; stellar_mass_to_light_nuisance_not_applied,J = Sigma_b * V_model,self_consistent_model_velocity_required; not_evaluated,0,tabulated,piecewise_linear,data/stationary/source_reconstruction/leroy2008_things_hi_profiles_v1.csv,NGC3521:32
NGC3521,blind,33,6.19,8.3128302139,85.94,0,Sigma_b = Sigma_gas + Upsilon_d*Sigma_disk_ml1 + Upsilon_b*Sigma_bulge_ml1,basis_only; stellar_mass_to_light_nuisance_not_applied,J = Sigma_b * V_model,self_consistent_model_velocity_required; not_evaluated,0,tabulated,piecewise_linear,data/stationary/source_reconstruction/leroy2008_things_hi_profiles_v1.csv,NGC3521:33
NGC3521,blind,34,6.35,8.35631684492,77.79,0,Sigma_b = Sigma_gas + Upsilon_d*Sigma_disk_ml1 + Upsilon_b*Sigma_bulge_ml1,basis_only; stellar_mass_to_light_nuisance_not_applied,J = Sigma_b * V_model,self_consistent_model_velocity_required; not_evaluated,0,tabulated,piecewise_linear,data/stationary/source_reconstruction/leroy2008_things_hi_profiles_v1.csv,NGC3521:34
NGC3521,blind,35,6.64,8.38545187166,62.26,0,Sigma_b = Sigma_gas + Upsilon_d*Sigma_disk_ml1 + Upsilon_b*Sigma_bulge_ml1,basis_only; stellar_mass_to_light_nuisance_not_applied,J = Sigma_b * V_model,self_consistent_model_velocity_required; not_evaluated,0,tabulated,piecewise_linear,data/stationary/source_reconstruction/leroy2008_things_hi_profiles_v1.csv,NGC3521:35
NGC3521,blind,36,8.82,8.10588770054,27.97,0,Sigma_b = Sigma_gas + Upsilon_d*Sigma_disk_ml1 + Upsilon_b*Sigma_bulge_ml1,basis_only; stellar_mass_to_light_nuisance_not_applied,J = Sigma_b * V_model,self_consistent_model_velocity_required; not_evaluated,0,tabulated,piecewise_linear,data/stationary/source_reconstruction/leroy2008_things_hi_profiles_v1.csv,NGC3521:36
NGC3521,blind,37,11.07,0,11.92,0,Sigma_b = Sigma_gas + Upsilon_d*Sigma_disk_ml1 + Upsilon_b*Sigma_bulge_ml1,basis_only; stellar_mass_to_light_nuisance_not_applied,J = Sigma_b * V_model,self_consistent_model_velocity_required; not_evaluated,0,tabulated,outer_zero,data/stationary/source_reconstruction/leroy2008_things_hi_profiles_v1.csv,NGC3521:37
NGC3521,blind,38,13.32,0,6.19,0,Sigma_b = Sigma_gas + Upsilon_d*Sigma_disk_ml1 + Upsilon_b*Sigma_bulge_ml1,basis_only; stellar_mass_to_light_nuisance_not_applied,J = Sigma_b * V_model,self_consistent_model_velocity_required; not_evaluated,0,tabulated,outer_zero,data/stationary/source_reconstruction/leroy2008_things_hi_profiles_v1.csv,NGC3521:38
NGC3521,blind,39,15.49,0,1.91,0,Sigma_b = Sigma_gas + Upsilon_d*Sigma_disk_ml1 + Upsilon_b*Sigma_bulge_ml1,basis_only; stellar_mass_to_light_nuisance_not_applied,J = Sigma_b * V_model,self_consistent_model_velocity_required; not_evaluated,0,tabulated,outer_zero,data/stationary/source_reconstruction/leroy2008_things_hi_profiles_v1.csv,NGC3521:39
NGC3521,blind,40,17.74,0,0,0,Sigma_b = Sigma_gas + Upsilon_d*Sigma_disk_ml1 + Upsilon_b*Sigma_bulge_ml1,basis_only; stellar_mass_to_light_nuisance_not_applied,J = Sigma_b * V_model,self_consistent_model_velocity_required; not_evaluated,0,tabulated,outer_zero,data/stationary/source_reconstruction/leroy2008_things_hi_profiles_v1.csv,NGC3521:40
NGC4559,calibration,0,0.67,13.755454877,523.98,0,Sigma_b = Sigma_gas + Upsilon_d*Sigma_disk_ml1 + Upsilon_b*Sigma_bulge_ml1,basis_only; stellar_mass_to_light_nuisance_not_applied,J = Sigma_b * V_model,self_consistent_model_velocity_required; not_evaluated,0,tabulated,inner_constant,data/stationary/source_reconstruction/feasts2025_ngc4559_hi_profile_raw_v1.csv,NGC4559:0
NGC4559,calibration,1,1.32,13.755454877,311.22,0,Sigma_b = Sigma_gas + Upsilon_d*Sigma_disk_ml1 + Upsilon_b*Sigma_bulge_ml1,basis_only; stellar_mass_to_light_nuisance_not_applied,J = Sigma_b * V_model,self_consistent_model_velocity_required; not_evaluated,0,tabulated,inner_constant,data/stationary/source_reconstruction/feasts2025_ngc4559_hi_profile_raw_v1.csv,NGC4559:1
NGC4559,calibration,2,1.97,13.7529982644,232.08,0,Sigma_b = Sigma_gas + Upsilon_d*Sigma_disk_ml1 + Upsilon_b*Sigma_bulge_ml1,basis_only; stellar_mass_to_light_nuisance_not_applied,J = Sigma_b * V_model,self_consistent_model_velocity_required; not_evaluated,0,tabulated,piecewise_linear,data/stationary/source_reconstruction/feasts2025_ngc4559_hi_profile_raw_v1.csv,NGC4559:2
NGC4559,calibration,3,2.62,13.5075104144,182.74,0,Sigma_b = Sigma_gas + Upsilon_d*Sigma_disk_ml1 + Upsilon_b*Sigma_bulge_ml1,basis_only; stellar_mass_to_light_nuisance_not_applied,J = Sigma_b * V_model,self_consistent_model_velocity_required; not_evaluated,0,tabulated,piecewise_linear,data/stationary/source_reconstruction/feasts2025_ngc4559_hi_profile_raw_v1.csv,NGC4559:3
NGC4559,calibration,4,3.28,13.2582458283,154.57,0,Sigma_b = Sigma_gas + Upsilon_d*Sigma_disk_ml1 + Upsilon_b*Sigma_bulge_ml1,basis_only; stellar_mass_to_light_nuisance_not_applied,J = Sigma_b * V_model,self_consistent_model_velocity_required; not_evaluated,0,tabulated,piecewise_linear,data/stationary/source_reconstruction/feasts2025_ngc4559_hi_profile_raw_v1.csv,NGC4559:4
NGC4559,calibration,5,3.93,13.0127579783,115.04,0,Sigma_b = Sigma_gas + Upsilon_d*Sigma_disk_ml1 + Upsilon_b*Sigma_bulge_ml1,basis_only; stellar_mass_to_light_nuisance_not_applied,J = Sigma_b * V_model,self_consistent_model_velocity_required; not_evaluated,0,tabulated,piecewise_linear,data/stationary/source_reconstruction/feasts2025_ngc4559_hi_profile_raw_v1.csv,NGC4559:5
NGC4559,calibration,6,4.58,12.7672701283,74.83,0,Sigma_b = Sigma_gas + Upsilon_d*Sigma_disk_ml1 + Upsilon_b*Sigma_bulge_ml1,basis_only; stellar_mass_to_light_nuisance_not_applied,J = Sigma_b * V_model,self_consistent_model_velocity_required; not_evaluated,0,tabulated,piecewise_linear,data/stationary/source_reconstruction/feasts2025_ngc4559_hi_profile_raw_v1.csv,NGC4559:6
NGC4559,calibration,7,5.22,12.4422868463,58.17,0,Sigma_b = Sigma_gas + Upsilon_d*Sigma_disk_ml1 + Upsilon_b*Sigma_bulge_ml1,basis_only; stellar_mass_to_light_nuisance_not_applied,J = Sigma_b * V_model,self_consistent_model_velocity_required; not_evaluated,0,tabulated,piecewise_linear,data/stationary/source_reconstruction/feasts2025_ngc4559_hi_profile_raw_v1.csv,NGC4559:7
NGC4559,calibration,8,5.9,12.0348258234,42.87,0,Sigma_b = Sigma_gas + Upsilon_d*Sigma_disk_ml1 + Upsilon_b*Sigma_bulge_ml1,basis_only; stellar_mass_to_light_nuisance_not_applied,J = Sigma_b * V_model,self_consistent_model_velocity_required; not_evaluated,0,tabulated,piecewise_linear,data/stationary/source_reconstruction/feasts2025_ngc4559_hi_profile_raw_v1.csv,NGC4559:8
NGC4559,calibration,9,6.54,11.6513330959,31.37,0,Sigma_b = Sigma_gas + Upsilon_d*Sigma_disk_ml1 + Upsilon_b*Sigma_bulge_ml1,basis_only; stellar_mass_to_light_nuisance_not_applied,J = Sigma_b * V_model,self_consistent_model_velocity_required; not_evaluated,0,tabulated,piecewise_linear,data/stationary/source_reconstruction/feasts2025_ngc4559_hi_profile_raw_v1.csv,NGC4559:9
NGC4559,calibration,10,7.19,11.2250087065,28.23,0,Sigma_b = Sigma_gas + Upsilon_d*Sigma_disk_ml1 + Upsilon_b*Sigma_bulge_ml1,basis_only; stellar_mass_to_light_nuisance_not_applied,J = Sigma_b * V_model,self_consistent_model_velocity_required; not_evaluated,0,tabulated,piecewise_linear,data/stationary/source_reconstruction/feasts2025_ngc4559_hi_profile_raw_v1.csv,NGC4559:10
NGC4559,calibration,11,7.87,10.7685865836,23.82,0,Sigma_b = Sigma_gas + Upsilon_d*Sigma_disk_ml1 + Upsilon_b*Sigma_bulge_ml1,basis_only; stellar_mass_to_light_nuisance_not_applied,J = Sigma_b * V_model,self_consistent_model_velocity_required; not_evaluated,0,tabulated,piecewise_linear,data/stationary/source_reconstruction/feasts2025_ngc4559_hi_profile_raw_v1.csv,NGC4559:11
NGC4559,calibration,12,8.51,10.3390128209,17.55,0,Sigma_b = Sigma_gas + Upsilon_d*Sigma_disk_ml1 + Upsilon_b*Sigma_bulge_ml1,basis_only; stellar_mass_to_light_nuisance_not_applied,J = Sigma_b * V_model,self_consistent_model_velocity_required; not_evaluated,0,tabulated,piecewise_linear,data/stationary/source_reconstruction/feasts2025_ngc4559_hi_profile_raw_v1.csv,NGC4559:12
NGC4559,calibration,13,9.16,9.75291692666,10.87,0,Sigma_b = Sigma_gas + Upsilon_d*Sigma_disk_ml1 + Upsilon_b*Sigma_bulge_ml1,basis_only; stellar_mass_to_light_nuisance_not_applied,J = Sigma_b * V_model,self_consistent_model_velocity_required; not_evaluated,0,tabulated,piecewise_linear,data/stationary/source_reconstruction/feasts2025_ngc4559_hi_profile_raw_v1.csv,NGC4559:13
NGC4559,calibration,14,9.84,9.13914337789,5.62,0,Sigma_b = Sigma_gas + Upsilon_d*Sigma_disk_ml1 + Upsilon_b*Sigma_bulge_ml1,basis_only; stellar_mass_to_light_nuisance_not_applied,J = Sigma_b * V_model,self_consistent_model_velocity_required; not_evaluated,0,tabulated,piecewise_linear,data/stationary/source_reconstruction/feasts2025_ngc4559_hi_profile_raw_v1.csv,NGC4559:14
NGC4559,calibration,15,10.48,8.56211057951,4.16,0,Sigma_b = Sigma_gas + Upsilon_d*Sigma_disk_ml1 + Upsilon_b*Sigma_bulge_ml1,basis_only; stellar_mass_to_light_nuisance_not_applied,J = Sigma_b * V_model,self_consistent_model_velocity_required; not_evaluated,0,tabulated,piecewise_linear,data/stationary/source_reconstruction/feasts2025_ngc4559_hi_profile_raw_v1.csv,NGC4559:15
NGC4559,calibration,16,11.13,7.97852165235,2.94,0,Sigma_b = Sigma_gas + Upsilon_d*Sigma_disk_ml1 + Upsilon_b*Sigma_bulge_ml1,basis_only; stellar_mass_to_light_nuisance_not_applied,J = Sigma_b * V_model,self_consistent_model_velocity_required; not_evaluated,0,tabulated,piecewise_linear,data/stationary/source_reconstruction/feasts2025_ngc4559_hi_profile_raw_v1.csv,NGC4559:16
NGC4559,calibration,17,11.78,7.3949327252,2.24,0,Sigma_b = Sigma_gas + Upsilon_d*Sigma_disk_ml1 + Upsilon_b*Sigma_bulge_ml1,basis_only; stellar_mass_to_light_nuisance_not_applied,J = Sigma_b * V_model,self_consistent_model_velocity_required; not_evaluated,0,tabulated,piecewise_linear,data/stationary/source_reconstruction/feasts2025_ngc4559_hi_profile_raw_v1.csv,NGC4559:17
NGC4559,calibration,18,12.43,6.82775740955,1.71,0,Sigma_b = Sigma_gas + Upsilon_d*Sigma_disk_ml1 + Upsilon_b*Sigma_bulge_ml1,basis_only; stellar_mass_to_light_nuisance_not_applied,J = Sigma_b * V_model,self_consistent_model_velocity_required; not_evaluated,0,tabulated,piecewise_linear,data/stationary/source_reconstruction/feasts2025_ngc4559_hi_profile_raw_v1.csv,NGC4559:18
NGC4559,calibration,19,13.08,6.28702731068,1.3,0,Sigma_b = Sigma_gas + Upsilon_d*Sigma_disk_ml1 + Upsilon_b*Sigma_bulge_ml1,basis_only; stellar_mass_to_light_nuisance_not_applied,J = Sigma_b * V_model,self_consistent_model_velocity_required; not_evaluated,0,tabulated,piecewise_linear,data/stationary/source_reconstruction/feasts2025_ngc4559_hi_profile_raw_v1.csv,NGC4559:19
NGC4559,calibration,20,13.73,5.7462972118,0.82,0,Sigma_b = Sigma_gas + Upsilon_d*Sigma_disk_ml1 + Upsilon_b*Sigma_bulge_ml1,basis_only; stellar_mass_to_light_nuisance_not_applied,J = Sigma_b * V_model,self_consistent_model_velocity_required; not_evaluated,0,tabulated,piecewise_linear,data/stationary/source_reconstruction/feasts2025_ngc4559_hi_profile_raw_v1.csv,NGC4559:20
NGC4559,calibration,21,14.38,5.24260733894,0.52,0,Sigma_b = Sigma_gas + Upsilon_d*Sigma_disk_ml1 + Upsilon_b*Sigma_bulge_ml1,basis_only; stellar_mass_to_light_nuisance_not_applied,J = Sigma_b * V_model,self_consistent_model_velocity_required; not_evaluated,0,tabulated,piecewise_linear,data/stationary/source_reconstruction/feasts2025_ngc4559_hi_profile_raw_v1.csv,NGC4559:21
NGC4559,calibration,22,15.03,4.76789532699,0.5,0,Sigma_b = Sigma_gas + Upsilon_d*Sigma_disk_ml1 + Upsilon_b*Sigma_bulge_ml1,basis_only; stellar_mass_to_light_nuisance_not_applied,J = Sigma_b * V_model,self_consistent_model_velocity_required; not_evaluated,0,tabulated,piecewise_linear,data/stationary/source_reconstruction/feasts2025_ngc4559_hi_profile_raw_v1.csv,NGC4559:22
NGC4559,calibration,23,15.68,4.29318331504,0.52,0,Sigma_b = Sigma_gas + Upsilon_d*Sigma_disk_ml1 + Upsilon_b*Sigma_bulge_ml1,basis_only; stellar_mass_to_light_nuisance_not_applied,J = Sigma_b * V_model,self_consistent_model_velocity_required; not_evaluated,0,tabulated,piecewise_linear,data/stationary/source_reconstruction/feasts2025_ngc4559_hi_profile_raw_v1.csv,NGC4559:23
NGC4559,calibration,24,16.33,3.86838080381,0.37,0,Sigma_b = Sigma_gas + Upsilon_d*Sigma_disk_ml1 + Upsilon_b*Sigma_bulge_ml1,basis_only; stellar_mass_to_light_nuisance_not_applied,J = Sigma_b * V_model,self_consistent_model_velocity_required; not_evaluated,0,tabulated,piecewise_linear,data/stationary/source_reconstruction/feasts2025_ngc4559_hi_profile_raw_v1.csv,NGC4559:24
NGC4559,calibration,25,16.98,3.46119122374,0.21,0,Sigma_b = Sigma_gas + Upsilon_d*Sigma_disk_ml1 + Upsilon_b*Sigma_bulge_ml1,basis_only; stellar_mass_to_light_nuisance_not_applied,J = Sigma_b * V_model,self_consistent_model_velocity_required; not_evaluated,0,tabulated,piecewise_linear,data/stationary/source_reconstruction/feasts2025_ngc4559_hi_profile_raw_v1.csv,NGC4559:25
NGC4559,calibration,26,17.72,3.00196710787,0.14,0,Sigma_b = Sigma_gas + Upsilon_d*Sigma_disk_ml1 + Upsilon_b*Sigma_bulge_ml1,basis_only; stellar_mass_to_light_nuisance_not_applied,J = Sigma_b * V_model,self_consistent_model_velocity_required; not_evaluated,0,tabulated,piecewise_linear,data/stationary/source_reconstruction/feasts2025_ngc4559_hi_profile_raw_v1.csv,NGC4559:26
NGC4559,calibration,27,18.28,2.71836222445,0.12,0,Sigma_b = Sigma_gas + Upsilon_d*Sigma_disk_ml1 + Upsilon_b*Sigma_bulge_ml1,basis_only; stellar_mass_to_light_nuisance_not_applied,J = Sigma_b * V_model,self_consistent_model_velocity_required; not_evaluated,0,tabulated,piecewise_linear,data/stationary/source_reconstruction/feasts2025_ngc4559_hi_profile_raw_v1.csv,NGC4559:27
NGC4559,calibration,28,19.02,2.34359862852,0.08,0,Sigma_b = Sigma_gas + Upsilon_d*Sigma_disk_ml1 + Upsilon_b*Sigma_bulge_ml1,basis_only; stellar_mass_to_light_nuisance_not_applied,J = Sigma_b * V_model,self_consistent_model_velocity_required; not_evaluated,0,tabulated,piecewise_linear,data/stationary/source_reconstruction/feasts2025_ngc4559_hi_profile_raw_v1.csv,NGC4559:28
NGC4559,calibration,29,19.67,2.03149222082,0.06,0,Sigma_b = Sigma_gas + Upsilon_d*Sigma_disk_ml1 + Upsilon_b*Sigma_bulge_ml1,basis_only; stellar_mass_to_light_nuisance_not_applied,J = Sigma_b * V_model,self_consistent_model_velocity_required; not_evaluated,0,tabulated,piecewise_linear,data/stationary/source_reconstruction/feasts2025_ngc4559_hi_profile_raw_v1.csv,NGC4559:29
NGC4559,calibration,30,20.32,1.77535226484,0.04,0,Sigma_b = Sigma_gas + Upsilon_d*Sigma_disk_ml1 + Upsilon_b*Sigma_bulge_ml1,basis_only; stellar_mass_to_light_nuisance_not_applied,J = Sigma_b * V_model,self_consistent_model_velocity_required; not_evaluated,0,tabulated,piecewise_linear,data/stationary/source_reconstruction/feasts2025_ngc4559_hi_profile_raw_v1.csv,NGC4559:30
NGC4559,calibration,31,20.97,1.51921230887,0,0,Sigma_b = Sigma_gas + Upsilon_d*Sigma_disk_ml1 + Upsilon_b*Sigma_bulge_ml1,basis_only; stellar_mass_to_light_nuisance_not_applied,J = Sigma_b * V_model,self_consistent_model_velocity_required; not_evaluated,0,tabulated,piecewise_linear,data/stationary/source_reconstruction/feasts2025_ngc4559_hi_profile_raw_v1.csv,NGC4559:31
NGC5033,blind,0,0.76,9.24654071007,2166.2,3616.11,Sigma_b = Sigma_gas + Upsilon_d*Sigma_disk_ml1 + Upsilon_b*Sigma_bulge_ml1,basis_only; stellar_mass_to_light_nuisance_not_applied,J = Sigma_b * V_model,self_consistent_model_velocity_required; not_evaluated,0,tabulated,inner_constant,data/stationary/source_reconstruction/feasts2025_ngc5033_hi_profile_raw_v1.csv,NGC5033:0
NGC5033,blind,1,2.28,9.24654071007,1233.88,0,Sigma_b = Sigma_gas + Upsilon_d*Sigma_disk_ml1 + Upsilon_b*Sigma_bulge_ml1,basis_only; stellar_mass_to_light_nuisance_not_applied,J = Sigma_b * V_model,self_consistent_model_velocity_required; not_evaluated,0,tabulated,inner_constant,data/stationary/source_reconstruction/feasts2025_ngc5033_hi_profile_raw_v1.csv,NGC5033:1
NGC5033,blind,2,3.8,9.18554862504,307.23,0,Sigma_b = Sigma_gas + Upsilon_d*Sigma_disk_ml1 + Upsilon_b*Sigma_bulge_ml1,basis_only; stellar_mass_to_light_nuisance_not_applied,J = Sigma_b * V_model,self_consistent_model_velocity_required; not_evaluated,0,tabulated,piecewise_linear,data/stationary/source_reconstruction/feasts2025_ngc5033_hi_profile_raw_v1.csv,NGC5033:2
NGC5033,blind,3,5.33,8.93656237749,137.83,0,Sigma_b = Sigma_gas + Upsilon_d*Sigma_disk_ml1 + Upsilon_b*Sigma_bulge_ml1,basis_only; stellar_mass_to_light_nuisance_not_applied,J = Sigma_b * V_model,self_consistent_model_velocity_required; not_evaluated,0,tabulated,piecewise_linear,data/stationary/source_reconstruction/feasts2025_ngc5033_hi_profile_raw_v1.csv,NGC5033:3
NGC5033,blind,4,6.85,8.68920349103,63.77,0,Sigma_b = Sigma_gas + Upsilon_d*Sigma_disk_ml1 + Upsilon_b*Sigma_bulge_ml1,basis_only; stellar_mass_to_light_nuisance_not_applied,J = Sigma_b * V_model,self_consistent_model_velocity_required; not_evaluated,0,tabulated,piecewise_linear,data/stationary/source_reconstruction/feasts2025_ngc5033_hi_profile_raw_v1.csv,NGC5033:4
NGC5033,blind,5,8,8.50205696509,46.48,0,Sigma_b = Sigma_gas + Upsilon_d*Sigma_disk_ml1 + Upsilon_b*Sigma_bulge_ml1,basis_only; stellar_mass_to_light_nuisance_not_applied,J = Sigma_b * V_model,self_consistent_model_velocity_required; not_evaluated,0,tabulated,piecewise_linear,data/stationary/source_reconstruction/feasts2025_ngc5033_hi_profile_raw_v1.csv,NGC5033:5
NGC5033,blind,6,10.28,8.10909517543,37.35,0,Sigma_b = Sigma_gas + Upsilon_d*Sigma_disk_ml1 + Upsilon_b*Sigma_bulge_ml1,basis_only; stellar_mass_to_light_nuisance_not_applied,J = Sigma_b * V_model,self_consistent_model_velocity_required; not_evaluated,0,tabulated,piecewise_linear,data/stationary/source_reconstruction/feasts2025_ngc5033_hi_profile_raw_v1.csv,NGC5033:6
NGC5033,blind,7,12.56,7.37239161911,20.51,0,Sigma_b = Sigma_gas + Upsilon_d*Sigma_disk_ml1 + Upsilon_b*Sigma_bulge_ml1,basis_only; stellar_mass_to_light_nuisance_not_applied,J = Sigma_b * V_model,self_consistent_model_velocity_required; not_evaluated,0,tabulated,piecewise_linear,data/stationary/source_reconstruction/feasts2025_ngc5033_hi_profile_raw_v1.csv,NGC5033:7
NGC5033,blind,8,14.91,6.67190949974,11.48,0,Sigma_b = Sigma_gas + Upsilon_d*Sigma_disk_ml1 + Upsilon_b*Sigma_bulge_ml1,basis_only; stellar_mass_to_light_nuisance_not_applied,J = Sigma_b * V_model,self_consistent_model_velocity_required; not_evaluated,0,tabulated,piecewise_linear,data/stationary/source_reconstruction/feasts2025_ngc5033_hi_profile_raw_v1.csv,NGC5033:8
NGC5033,blind,9,17.15,5.83113657762,8.58,0,Sigma_b = Sigma_gas + Upsilon_d*Sigma_disk_ml1 + Upsilon_b*Sigma_bulge_ml1,basis_only; stellar_mass_to_light_nuisance_not_applied,J = Sigma_b * V_model,self_consistent_model_velocity_required; not_evaluated,0,tabulated,piecewise_linear,data/stationary/source_reconstruction/feasts2025_ngc5033_hi_profile_raw_v1.csv,NGC5033:9
NGC5033,blind,10,19.39,4.95847445859,7.31,0,Sigma_b = Sigma_gas + Upsilon_d*Sigma_disk_ml1 + Upsilon_b*Sigma_bulge_ml1,basis_only; stellar_mass_to_light_nuisance_not_applied,J = Sigma_b * V_model,self_consistent_model_velocity_required; not_evaluated,0,tabulated,piecewise_linear,data/stationary/source_reconstruction/feasts2025_ngc5033_hi_profile_raw_v1.csv,NGC5033:10
NGC5033,blind,11,21.64,4.13030898995,5.24,0,Sigma_b = Sigma_gas + Upsilon_d*Sigma_disk_ml1 + Upsilon_b*Sigma_bulge_ml1,basis_only; stellar_mass_to_light_nuisance_not_applied,J = Sigma_b * V_model,self_consistent_model_velocity_required; not_evaluated,0,tabulated,piecewise_linear,data/stationary/source_reconstruction/feasts2025_ngc5033_hi_profile_raw_v1.csv,NGC5033:11
NGC5033,blind,12,24.01,3.32369981621,2.49,0,Sigma_b = Sigma_gas + Upsilon_d*Sigma_disk_ml1 + Upsilon_b*Sigma_bulge_ml1,basis_only; stellar_mass_to_light_nuisance_not_applied,J = Sigma_b * V_model,self_consistent_model_velocity_required; not_evaluated,0,tabulated,piecewise_linear,data/stationary/source_reconstruction/feasts2025_ngc5033_hi_profile_raw_v1.csv,NGC5033:12
NGC5033,blind,13,26.25,2.62182699264,1.28,0,Sigma_b = Sigma_gas + Upsilon_d*Sigma_disk_ml1 + Upsilon_b*Sigma_bulge_ml1,basis_only; stellar_mass_to_light_nuisance_not_applied,J = Sigma_b * V_model,self_consistent_model_velocity_required; not_evaluated,0,tabulated,piecewise_linear,data/stationary/source_reconstruction/feasts2025_ngc5033_hi_profile_raw_v1.csv,NGC5033:13
NGC5033,blind,14,28.5,1.99896737648,0.89,0,Sigma_b = Sigma_gas + Upsilon_d*Sigma_disk_ml1 + Upsilon_b*Sigma_bulge_ml1,basis_only; stellar_mass_to_light_nuisance_not_applied,J = Sigma_b * V_model,self_consistent_model_velocity_required; not_evaluated,0,tabulated,piecewise_linear,data/stationary/source_reconstruction/feasts2025_ngc5033_hi_profile_raw_v1.csv,NGC5033:14
NGC5033,blind,15,30.87,1.44992054,0.64,0,Sigma_b = Sigma_gas + Upsilon_d*Sigma_disk_ml1 + Upsilon_b*Sigma_bulge_ml1,basis_only; stellar_mass_to_light_nuisance_not_applied,J = Sigma_b * V_model,self_consistent_model_velocity_required; not_evaluated,0,tabulated,piecewise_linear,data/stationary/source_reconstruction/feasts2025_ngc5033_hi_profile_raw_v1.csv,NGC5033:15
NGC5033,blind,16,33.12,1.02603620237,0.4,0,Sigma_b = Sigma_gas + Upsilon_d*Sigma_disk_ml1 + Upsilon_b*Sigma_bulge_ml1,basis_only; stellar_mass_to_light_nuisance_not_applied,J = Sigma_b * V_model,self_consistent_model_velocity_required; not_evaluated,0,tabulated,piecewise_linear,data/stationary/source_reconstruction/feasts2025_ngc5033_hi_profile_raw_v1.csv,NGC5033:16
NGC5033,blind,17,35.36,0.714120967007,0.26,0,Sigma_b = Sigma_gas + Upsilon_d*Sigma_disk_ml1 + Upsilon_b*Sigma_bulge_ml1,basis_only; stellar_mass_to_light_nuisance_not_applied,J = Sigma_b * V_model,self_consistent_model_velocity_required; not_evaluated,0,tabulated,piecewise_linear,data/stationary/source_reconstruction/feasts2025_ngc5033_hi_profile_raw_v1.csv,NGC5033:17
NGC5033,blind,18,37.73,0.491159439234,0.16,0,Sigma_b = Sigma_gas + Upsilon_d*Sigma_disk_ml1 + Upsilon_b*Sigma_bulge_ml1,basis_only; stellar_mass_to_light_nuisance_not_applied,J = Sigma_b * V_model,self_consistent_model_velocity_required; not_evaluated,0,tabulated,piecewise_linear,data/stationary/source_reconstruction/feasts2025_ngc5033_hi_profile_raw_v1.csv,NGC5033:18
NGC5033,blind,19,39.98,0.351438366196,0.11,0,Sigma_b = Sigma_gas + Upsilon_d*Sigma_disk_ml1 + Upsilon_b*Sigma_bulge_ml1,basis_only; stellar_mass_to_light_nuisance_not_applied,J = Sigma_b * V_model,self_consistent_model_velocity_required; not_evaluated,0,tabulated,piecewise_linear,data/stationary/source_reconstruction/feasts2025_ngc5033_hi_profile_raw_v1.csv,NGC5033:19
NGC5033,blind,20,42.22,0.255110988979,0.07,0,Sigma_b = Sigma_gas + Upsilon_d*Sigma_disk_ml1 + Upsilon_b*Sigma_bulge_ml1,basis_only; stellar_mass_to_light_nuisance_not_applied,J = Sigma_b * V_model,self_consistent_model_velocity_required; not_evaluated,0,tabulated,piecewise_linear,data/stationary/source_reconstruction/feasts2025_ngc5033_hi_profile_raw_v1.csv,NGC5033:20
NGC5033,blind,21,44.59,0.181824201078,0,0,Sigma_b = Sigma_gas + Upsilon_d*Sigma_disk_ml1 + Upsilon_b*Sigma_bulge_ml1,basis_only; stellar_mass_to_light_nuisance_not_applied,J = Sigma_b * V_model,self_consistent_model_velocity_required; not_evaluated,0,tabulated,piecewise_linear,data/stationary/source_reconstruction/feasts2025_ngc5033_hi_profile_raw_v1.csv,NGC5033:21
NGC5055,blind,0,0.72,5.67881550802,4079.93,0,Sigma_b = Sigma_gas + Upsilon_d*Sigma_disk_ml1 + Upsilon_b*Sigma_bulge_ml1,basis_only; stellar_mass_to_light_nuisance_not_applied,J = Sigma_b * V_model,self_consistent_model_velocity_required; not_evaluated,0,tabulated,piecewise_linear,data/stationary/source_reconstruction/leroy2008_things_hi_profiles_v1.csv,NGC5055:0
NGC5055,blind,1,1.43,5.76985294118,2087.92,0,Sigma_b = Sigma_gas + Upsilon_d*Sigma_disk_ml1 + Upsilon_b*Sigma_bulge_ml1,basis_only; stellar_mass_to_light_nuisance_not_applied,J = Sigma_b * V_model,self_consistent_model_velocity_required; not_evaluated,0,tabulated,piecewise_linear,data/stationary/source_reconstruction/leroy2008_things_hi_profiles_v1.csv,NGC5055:1
NGC5055,blind,2,2.16,6.06608021391,1497.11,0,Sigma_b = Sigma_gas + Upsilon_d*Sigma_disk_ml1 + Upsilon_b*Sigma_bulge_ml1,basis_only; stellar_mass_to_light_nuisance_not_applied,J = Sigma_b * V_model,self_consistent_model_velocity_required; not_evaluated,0,tabulated,piecewise_linear,data/stationary/source_reconstruction/leroy2008_things_hi_profiles_v1.csv,NGC5055:2
NGC5055,blind,3,2.87,6.36523143197,897.98,0,Sigma_b = Sigma_gas + Upsilon_d*Sigma_disk_ml1 + Upsilon_b*Sigma_bulge_ml1,basis_only; stellar_mass_to_light_nuisance_not_applied,J = Sigma_b * V_model,self_consistent_model_velocity_required; not_evaluated,0,tabulated,piecewise_linear,data/stationary/source_reconstruction/leroy2008_things_hi_profiles_v1.csv,NGC5055:3
NGC5055,blind,4,3.59,6.07789453357,618.08,0,Sigma_b = Sigma_gas + Upsilon_d*Sigma_disk_ml1 + Upsilon_b*Sigma_bulge_ml1,basis_only; stellar_mass_to_light_nuisance_not_applied,J = Sigma_b * V_model,self_consistent_model_velocity_required; not_evaluated,0,tabulated,piecewise_linear,data/stationary/source_reconstruction/leroy2008_things_hi_profiles_v1.csv,NGC5055:4
NGC5055,blind,5,4.3,6.61246286393,518.18,0,Sigma_b = Sigma_gas + Upsilon_d*Sigma_disk_ml1 + Upsilon_b*Sigma_bulge_ml1,basis_only; stellar_mass_to_light_nuisance_not_applied,J = Sigma_b * V_model,self_consistent_model_velocity_required; not_evaluated,0,tabulated,piecewise_linear,data/stationary/source_reconstruction/leroy2008_things_hi_profiles_v1.csv,NGC5055:5
NGC5055,blind,6,5.03,8.05003639335,418.28,0,Sigma_b = Sigma_gas + Upsilon_d*Sigma_disk_ml1 + Upsilon_b*Sigma_bulge_ml1,basis_only; stellar_mass_to_light_nuisance_not_applied,J = Sigma_b * V_model,self_consistent_model_velocity_required; not_evaluated,0,tabulated,piecewise_linear,data/stationary/source_reconstruction/leroy2008_things_hi_profiles_v1.csv,NGC5055:6
NGC5055,blind,7,5.75,8.5080882353,347.11,0,Sigma_b = Sigma_gas + Upsilon_d*Sigma_disk_ml1 + Upsilon_b*Sigma_bulge_ml1,basis_only; stellar_mass_to_light_nuisance_not_applied,J = Sigma_b * V_model,self_consistent_model_velocity_required; not_evaluated,0,tabulated,piecewise_linear,data/stationary/source_reconstruction/leroy2008_things_hi_profiles_v1.csv,NGC5055:7
NGC5055,blind,8,6.46,8.31621420083,262.38,0,Sigma_b = Sigma_gas + Upsilon_d*Sigma_disk_ml1 + Upsilon_b*Sigma_bulge_ml1,basis_only; stellar_mass_to_light_nuisance_not_applied,J = Sigma_b * V_model,self_consistent_model_velocity_required; not_evaluated,0,tabulated,piecewise_linear,data/stationary/source_reconstruction/leroy2008_things_hi_profiles_v1.csv,NGC5055:8
NGC5055,blind,9,7.18,8.35651723114,205.49,0,Sigma_b = Sigma_gas + Upsilon_d*Sigma_disk_ml1 + Upsilon_b*Sigma_bulge_ml1,basis_only; stellar_mass_to_light_nuisance_not_applied,J = Sigma_b * V_model,self_consistent_model_velocity_required; not_evaluated,0,tabulated,piecewise_linear,data/stationary/source_reconstruction/leroy2008_things_hi_profiles_v1.csv,NGC5055:9
NGC5055,blind,10,7.91,8.31840715983,160.87,0,Sigma_b = Sigma_gas + Upsilon_d*Sigma_disk_ml1 + Upsilon_b*Sigma_bulge_ml1,basis_only; stellar_mass_to_light_nuisance_not_applied,J = Sigma_b * V_model,self_consistent_model_velocity_required; not_evaluated,0,tabulated,piecewise_linear,data/stationary/source_reconstruction/leroy2008_things_hi_profiles_v1.csv,NGC5055:10
NGC5055,blind,11,8.62,7.57384818776,129.11,0,Sigma_b = Sigma_gas + Upsilon_d*Sigma_disk_ml1 + Upsilon_b*Sigma_bulge_ml1,basis_only; stellar_mass_to_light_nuisance_not_applied,J = Sigma_b * V_model,self_consistent_model_velocity_required; not_evaluated,0,tabulated,piecewise_linear,data/stationary/source_reconstruction/leroy2008_things_hi_profiles_v1.csv,NGC5055:11
NGC5055,blind,12,11.49,6.87830481281,52.63,0,Sigma_b = Sigma_gas + Upsilon_d*Sigma_disk_ml1 + Upsilon_b*Sigma_bulge_ml1,basis_only; stellar_mass_to_light_nuisance_not_applied,J = Sigma_b * V_model,self_consistent_model_velocity_required; not_evaluated,0,tabulated,piecewise_linear,data/stationary/source_reconstruction/leroy2008_things_hi_profiles_v1.csv,NGC5055:12
NGC5055,blind,13,14.3,4.28990196076,25.15,0,Sigma_b = Sigma_gas + Upsilon_d*Sigma_disk_ml1 + Upsilon_b*Sigma_bulge_ml1,basis_only; stellar_mass_to_light_nuisance_not_applied,J = Sigma_b * V_model,self_consistent_model_velocity_required; not_evaluated,0,tabulated,piecewise_linear,data/stationary/source_reconstruction/leroy2008_things_hi_profiles_v1.csv,NGC5055:13
NGC5055,blind,14,17.19,2.51579812835,9.46,0,Sigma_b = Sigma_gas + Upsilon_d*Sigma_disk_ml1 + Upsilon_b*Sigma_bulge_ml1,basis_only; stellar_mass_to_light_nuisance_not_applied,J = Sigma_b * V_model,self_consistent_model_velocity_required; not_evaluated,0,tabulated,piecewise_linear,data/stationary/source_reconstruction/leroy2008_things_hi_profiles_v1.csv,NGC5055:14
NGC5055,blind,15,20.07,1.2370066845,3.58,0,Sigma_b = Sigma_gas + Upsilon_d*Sigma_disk_ml1 + Upsilon_b*Sigma_bulge_ml1,basis_only; stellar_mass_to_light_nuisance_not_applied,J = Sigma_b * V_model,self_consistent_model_velocity_required; not_evaluated,0,tabulated,piecewise_linear,data/stationary/source_reconstruction/leroy2008_things_hi_profiles_v1.csv,NGC5055:15
NGC5055,blind,16,22.96,0,1.78,0,Sigma_b = Sigma_gas + Upsilon_d*Sigma_disk_ml1 + Upsilon_b*Sigma_bulge_ml1,basis_only; stellar_mass_to_light_nuisance_not_applied,J = Sigma_b * V_model,self_consistent_model_velocity_required; not_evaluated,0,tabulated,outer_zero,data/stationary/source_reconstruction/leroy2008_things_hi_profiles_v1.csv,NGC5055:16
NGC5055,blind,17,25.85,0,0.59,0,Sigma_b = Sigma_gas + Upsilon_d*Sigma_disk_ml1 + Upsilon_b*Sigma_bulge_ml1,basis_only; stellar_mass_to_light_nuisance_not_applied,J = Sigma_b * V_model,self_consistent_model_velocity_required; not_evaluated,0,tabulated,outer_zero,data/stationary/source_reconstruction/leroy2008_things_hi_profiles_v1.csv,NGC5055:17
NGC5055,blind,18,28.74,0,0.15,0,Sigma_b = Sigma_gas + Upsilon_d*Sigma_disk_ml1 + Upsilon_b*Sigma_bulge_ml1,basis_only; stellar_mass_to_light_nuisance_not_applied,J = Sigma_b * V_model,self_consistent_model_velocity_required; not_evaluated,0,tabulated,outer_zero,data/stationary/source_reconstruction/leroy2008_things_hi_profiles_v1.csv,NGC5055:18
NGC5055,blind,19,31.62,0,0.09,0,Sigma_b = Sigma_gas + Upsilon_d*Sigma_disk_ml1 + Upsilon_b*Sigma_bulge_ml1,basis_only; stellar_mass_to_light_nuisance_not_applied,J = Sigma_b * V_model,self_consistent_model_velocity_required; not_evaluated,0,tabulated,outer_zero,data/stationary/source_reconstruction/leroy2008_things_hi_profiles_v1.csv,NGC5055:19
NGC5055,blind,20,34.51,0,0.04,0,Sigma_b = Sigma_gas + Upsilon_d*Sigma_disk_ml1 + Upsilon_b*Sigma_bulge_ml1,basis_only; stellar_mass_to_light_nuisance_not_applied,J = Sigma_b * V_model,self_consistent_model_velocity_required; not_evaluated,0,tabulated,outer_zero,data/stationary/source_reconstruction/leroy2008_things_hi_profiles_v1.csv,NGC5055:20
NGC5055,blind,21,37.4,0,0.01,0,Sigma_b = Sigma_gas + Upsilon_d*Sigma_disk_ml1 + Upsilon_b*Sigma_bulge_ml1,basis_only; stellar_mass_to_light_nuisance_not_applied,J = Sigma_b * V_model,self_consistent_model_velocity_required; not_evaluated,0,tabulated,outer_zero,data/stationary/source_reconstruction/leroy2008_things_hi_profiles_v1.csv,NGC5055:21
NGC5055,blind,22,40.29,0,0.01,0,Sigma_b = Sigma_gas + Upsilon_d*Sigma_disk_ml1 + Upsilon_b*Sigma_bulge_ml1,basis_only; stellar_mass_to_light_nuisance_not_applied,J = Sigma_b * V_model,self_consistent_model_velocity_required; not_evaluated,0,tabulated,outer_zero,data/stationary/source_reconstruction/leroy2008_things_hi_profiles_v1.csv,NGC5055:22
NGC5055,blind,23,43.17,0,0,0,Sigma_b = Sigma_gas + Upsilon_d*Sigma_disk_ml1 + Upsilon_b*Sigma_bulge_ml1,basis_only; stellar_mass_to_light_nuisance_not_applied,J = Sigma_b * V_model,self_consistent_model_velocity_required; not_evaluated,0,tabulated,outer_zero,data/stationary/source_reconstruction/leroy2008_things_hi_profiles_v1.csv,NGC5055:23
NGC5055,blind,24,45.92,0,0,0,Sigma_b = Sigma_gas + Upsilon_d*Sigma_disk_ml1 + Upsilon_b*Sigma_bulge_ml1,basis_only; stellar_mass_to_light_nuisance_not_applied,J = Sigma_b * V_model,self_consistent_model_velocity_required; not_evaluated,0,tabulated,outer_zero,data/stationary/source_reconstruction/leroy2008_things_hi_profiles_v1.csv,NGC5055:24
NGC5055,blind,25,48.81,0,0,0,Sigma_b = Sigma_gas + Upsilon_d*Sigma_disk_ml1 + Upsilon_b*Sigma_bulge_ml1,basis_only; stellar_mass_to_light_nuisance_not_applied,J = Sigma_b * V_model,self_consistent_model_velocity_required; not_evaluated,0,tabulated,outer_zero,data/stationary/source_reconstruction/leroy2008_things_hi_profiles_v1.csv,NGC5055:25
NGC5055,blind,26,51.7,0,0,0,Sigma_b = Sigma_gas + Upsilon_d*Sigma_disk_ml1 + Upsilon_b*Sigma_bulge_ml1,basis_only; stellar_mass_to_light_nuisance_not_applied,J = Sigma_b * V_model,self_consistent_model_velocity_required; not_evaluated,0,tabulated,outer_zero,data/stationary/source_reconstruction/leroy2008_things_hi_profiles_v1.csv,NGC5055:26
NGC5055,blind,27,54.59,0,0,0,Sigma_b = Sigma_gas + Upsilon_d*Sigma_disk_ml1 + Upsilon_b*Sigma_bulge_ml1,basis_only; stellar_mass_to_light_nuisance_not_applied,J = Sigma_b * V_model,self_consistent_model_velocity_required; not_evaluated,0,tabulated,outer_zero,data/stationary/source_reconstruction/leroy2008_things_hi_profiles_v1.csv,NGC5055:27
NGC5907,calibration,0,5.03,3.67988066322,374.65,0,Sigma_b = Sigma_gas + Upsilon_d*Sigma_disk_ml1 + Upsilon_b*Sigma_bulge_ml1,basis_only; stellar_mass_to_light_nuisance_not_applied,J = Sigma_b * V_model,self_consistent_model_velocity_required; not_evaluated,0,tabulated,piecewise_linear,data/stationary/source_reconstruction/sa87_ngc5907_heroes2015_hi_side_profiles_v1.csv,NGC5907:0
NGC5907,calibration,1,7.55,4.57963303534,244.19,0,Sigma_b = Sigma_gas + Upsilon_d*Sigma_disk_ml1 + Upsilon_b*Sigma_bulge_ml1,basis_only; stellar_mass_to_light_nuisance_not_applied,J = Sigma_b * V_model,self_consistent_model_velocity_required; not_evaluated,0,tabulated,piecewise_linear,data/stationary/source_reconstruction/sa87_ngc5907_heroes2015_hi_side_profiles_v1.csv,NGC5907:1
NGC5907,calibration,2,10.07,7.14066019288,167.7,0,Sigma_b = Sigma_gas + Upsilon_d*Sigma_disk_ml1 + Upsilon_b*Sigma_bulge_ml1,basis_only; stellar_mass_to_light_nuisance_not_applied,J = Sigma_b * V_model,self_consistent_model_velocity_required; not_evaluated,0,tabulated,piecewise_linear,data/stationary/source_reconstruction/sa87_ngc5907_heroes2015_hi_side_profiles_v1.csv,NGC5907:2
NGC5907,calibration,3,12.58,6.51218298802,90.71,0,Sigma_b = Sigma_gas + Upsilon_d*Sigma_disk_ml1 + Upsilon_b*Sigma_bulge_ml1,basis_only; stellar_mass_to_light_nuisance_not_applied,J = Sigma_b * V_model,self_consistent_model_velocity_required; not_evaluated,0,tabulated,piecewise_linear,data/stationary/source_reconstruction/sa87_ngc5907_heroes2015_hi_side_profiles_v1.csv,NGC5907:3
NGC5907,calibration,4,15.1,5.86308909296,54.89,0,Sigma_b = Sigma_gas + Upsilon_d*Sigma_disk_ml1 + Upsilon_b*Sigma_bulge_ml1,basis_only; stellar_mass_to_light_nuisance_not_applied,J = Sigma_b * V_model,self_consistent_model_velocity_required; not_evaluated,0,tabulated,piecewise_linear,data/stationary/source_reconstruction/sa87_ngc5907_heroes2015_hi_side_profiles_v1.csv,NGC5907:4
NGC5907,calibration,5,17.61,7.76371412565,36.13,0,Sigma_b = Sigma_gas + Upsilon_d*Sigma_disk_ml1 + Upsilon_b*Sigma_bulge_ml1,basis_only; stellar_mass_to_light_nuisance_not_applied,J = Sigma_b * V_model,self_consistent_model_velocity_required; not_evaluated,0,tabulated,piecewise_linear,data/stationary/source_reconstruction/sa87_ngc5907_heroes2015_hi_side_profiles_v1.csv,NGC5907:5
NGC5907,calibration,6,20.13,7.44448185338,21.37,0,Sigma_b = Sigma_gas + Upsilon_d*Sigma_disk_ml1 + Upsilon_b*Sigma_bulge_ml1,basis_only; stellar_mass_to_light_nuisance_not_applied,J = Sigma_b * V_model,self_consistent_model_velocity_required; not_evaluated,0,tabulated,piecewise_linear,data/stationary/source_reconstruction/sa87_ngc5907_heroes2015_hi_side_profiles_v1.csv,NGC5907:6
NGC5907,calibration,7,22.65,5.53051817636,12.2,0,Sigma_b = Sigma_gas + Upsilon_d*Sigma_disk_ml1 + Upsilon_b*Sigma_bulge_ml1,basis_only; stellar_mass_to_light_nuisance_not_applied,J = Sigma_b * V_model,self_consistent_model_velocity_required; not_evaluated,0,tabulated,piecewise_linear,data/stationary/source_reconstruction/sa87_ngc5907_heroes2015_hi_side_profiles_v1.csv,NGC5907:7
NGC5907,calibration,8,25.16,3.03750151602,7.37,0,Sigma_b = Sigma_gas + Upsilon_d*Sigma_disk_ml1 + Upsilon_b*Sigma_bulge_ml1,basis_only; stellar_mass_to_light_nuisance_not_applied,J = Sigma_b * V_model,self_consistent_model_velocity_required; not_evaluated,0,tabulated,piecewise_linear,data/stationary/source_reconstruction/sa87_ngc5907_heroes2015_hi_side_profiles_v1.csv,NGC5907:8
NGC5907,calibration,9,27.68,5.77283554066,4.72,0,Sigma_b = Sigma_gas + Upsilon_d*Sigma_disk_ml1 + Upsilon_b*Sigma_bulge_ml1,basis_only; stellar_mass_to_light_nuisance_not_applied,J = Sigma_b * V_model,self_consistent_model_velocity_required; not_evaluated,0,tabulated,piecewise_linear,data/stationary/source_reconstruction/sa87_ngc5907_heroes2015_hi_side_profiles_v1.csv,NGC5907:9
NGC5907,calibration,10,30.2,2.00466610965,3.15,0,Sigma_b = Sigma_gas + Upsilon_d*Sigma_disk_ml1 + Upsilon_b*Sigma_bulge_ml1,basis_only; stellar_mass_to_light_nuisance_not_applied,J = Sigma_b * V_model,self_consistent_model_velocity_required; not_evaluated,0,tabulated,piecewise_linear,data/stationary/source_reconstruction/sa87_ngc5907_heroes2015_hi_side_profiles_v1.csv,NGC5907:10
NGC5907,calibration,11,32.71,1.7431509704,2.08,0,Sigma_b = Sigma_gas + Upsilon_d*Sigma_disk_ml1 + Upsilon_b*Sigma_bulge_ml1,basis_only; stellar_mass_to_light_nuisance_not_applied,J = Sigma_b * V_model,self_consistent_model_velocity_required; not_evaluated,0,tabulated,piecewise_linear,data/stationary/source_reconstruction/sa87_ngc5907_heroes2015_hi_side_profiles_v1.csv,NGC5907:11
NGC5907,calibration,12,35.23,1.51309181667,1.3,0,Sigma_b = Sigma_gas + Upsilon_d*Sigma_disk_ml1 + Upsilon_b*Sigma_bulge_ml1,basis_only; stellar_mass_to_light_nuisance_not_applied,J = Sigma_b * V_model,self_consistent_model_velocity_required; not_evaluated,0,tabulated,piecewise_linear,data/stationary/source_reconstruction/sa87_ngc5907_heroes2015_hi_side_profiles_v1.csv,NGC5907:12
NGC5907,calibration,13,37.75,1.25422326876,0.8,0,Sigma_b = Sigma_gas + Upsilon_d*Sigma_disk_ml1 + Upsilon_b*Sigma_bulge_ml1,basis_only; stellar_mass_to_light_nuisance_not_applied,J = Sigma_b * V_model,self_consistent_model_velocity_required; not_evaluated,0,tabulated,piecewise_linear,data/stationary/source_reconstruction/sa87_ngc5907_heroes2015_hi_side_profiles_v1.csv,NGC5907:13
NGC5907,calibration,14,40.26,0.969623242127,0.5,0,Sigma_b = Sigma_gas + Upsilon_d*Sigma_disk_ml1 + Upsilon_b*Sigma_bulge_ml1,basis_only; stellar_mass_to_light_nuisance_not_applied,J = Sigma_b * V_model,self_consistent_model_velocity_required; not_evaluated,0,tabulated,piecewise_linear,data/stationary/source_reconstruction/sa87_ngc5907_heroes2015_hi_side_profiles_v1.csv,NGC5907:14
NGC5907,calibration,15,42.78,1.29820565469,0.31,0,Sigma_b = Sigma_gas + Upsilon_d*Sigma_disk_ml1 + Upsilon_b*Sigma_bulge_ml1,basis_only; stellar_mass_to_light_nuisance_not_applied,J = Sigma_b * V_model,self_consistent_model_velocity_required; not_evaluated,0,tabulated,piecewise_linear,data/stationary/source_reconstruction/sa87_ngc5907_heroes2015_hi_side_profiles_v1.csv,NGC5907:15
NGC5907,calibration,16,45.29,1.04461731717,0.2,0,Sigma_b = Sigma_gas + Upsilon_d*Sigma_disk_ml1 + Upsilon_b*Sigma_bulge_ml1,basis_only; stellar_mass_to_light_nuisance_not_applied,J = Sigma_b * V_model,self_consistent_model_velocity_required; not_evaluated,0,tabulated,piecewise_linear,data/stationary/source_reconstruction/sa87_ngc5907_heroes2015_hi_side_profiles_v1.csv,NGC5907:16
NGC5907,calibration,17,47.81,0.800499673074,0.12,0,Sigma_b = Sigma_gas + Upsilon_d*Sigma_disk_ml1 + Upsilon_b*Sigma_bulge_ml1,basis_only; stellar_mass_to_light_nuisance_not_applied,J = Sigma_b * V_model,self_consistent_model_velocity_required; not_evaluated,0,tabulated,piecewise_linear,data/stationary/source_reconstruction/sa87_ngc5907_heroes2015_hi_side_profiles_v1.csv,NGC5907:17
NGC5907,calibration,18,50.33,0.57670728367,0,0,Sigma_b = Sigma_gas + Upsilon_d*Sigma_disk_ml1 + Upsilon_b*Sigma_bulge_ml1,basis_only; stellar_mass_to_light_nuisance_not_applied,J = Sigma_b * V_model,self_consistent_model_velocity_required; not_evaluated,0,tabulated,piecewise_linear,data/stationary/source_reconstruction/sa87_ngc5907_heroes2015_hi_side_profiles_v1.csv,NGC5907:18
NGC6015,calibration,0,0.34,5.45825982814,934.63,0,Sigma_b = Sigma_gas + Upsilon_d*Sigma_disk_ml1 + Upsilon_b*Sigma_bulge_ml1,basis_only; stellar_mass_to_light_nuisance_not_applied,J = Sigma_b * V_model,self_consistent_model_velocity_required; not_evaluated,0,tabulated,inner_constant,data/stationary/source_reconstruction/vm97_ngc6015_hi_profile_v1.csv,NGC6015:0
NGC6015,calibration,1,0.67,5.45825982814,735.05,0,Sigma_b = Sigma_gas + Upsilon_d*Sigma_disk_ml1 + Upsilon_b*Sigma_bulge_ml1,basis_only; stellar_mass_to_light_nuisance_not_applied,J = Sigma_b * V_model,self_consistent_model_velocity_required; not_evaluated,0,tabulated,inner_constant,data/stationary/source_reconstruction/vm97_ngc6015_hi_profile_v1.csv,NGC6015:1
NGC6015,calibration,2,1,5.45825982814,565.71,0,Sigma_b = Sigma_gas + Upsilon_d*Sigma_disk_ml1 + Upsilon_b*Sigma_bulge_ml1,basis_only; stellar_mass_to_light_nuisance_not_applied,J = Sigma_b * V_model,self_consistent_model_velocity_required; not_evaluated,0,tabulated,inner_constant,data/stationary/source_reconstruction/vm97_ngc6015_hi_profile_v1.csv,NGC6015:2
NGC6015,calibration,3,1.32,5.54976700276,426.63,0,Sigma_b = Sigma_gas + Upsilon_d*Sigma_disk_ml1 + Upsilon_b*Sigma_bulge_ml1,basis_only; stellar_mass_to_light_nuisance_not_applied,J = Sigma_b * V_model,self_consistent_model_velocity_required; not_evaluated,0,tabulated,piecewise_linear,data/stationary/source_reconstruction/vm97_ngc6015_hi_profile_v1.csv,NGC6015:3
NGC6015,calibration,4,1.65,5.89175217568,379.56,0,Sigma_b = Sigma_gas + Upsilon_d*Sigma_disk_ml1 + Upsilon_b*Sigma_bulge_ml1,basis_only; stellar_mass_to_light_nuisance_not_applied,J = Sigma_b * V_model,self_consistent_model_velocity_required; not_evaluated,0,tabulated,piecewise_linear,data/stationary/source_reconstruction/vm97_ngc6015_hi_profile_v1.csv,NGC6015:4
NGC6015,calibration,5,1.98,6.23373734859,356.73,0,Sigma_b = Sigma_gas + Upsilon_d*Sigma_disk_ml1 + Upsilon_b*Sigma_bulge_ml1,basis_only; stellar_mass_to_light_nuisance_not_applied,J = Sigma_b * V_model,self_consistent_model_velocity_required; not_evaluated,0,tabulated,piecewise_linear,data/stationary/source_reconstruction/vm97_ngc6015_hi_profile_v1.csv,NGC6015:5
NGC6015,calibration,6,2.31,6.60675443317,324.56,0,Sigma_b = Sigma_gas + Upsilon_d*Sigma_disk_ml1 + Upsilon_b*Sigma_bulge_ml1,basis_only; stellar_mass_to_light_nuisance_not_applied,J = Sigma_b * V_model,self_consistent_model_velocity_required; not_evaluated,0,tabulated,piecewise_linear,data/stationary/source_reconstruction/vm97_ngc6015_hi_profile_v1.csv,NGC6015:6
NGC6015,calibration,7,2.63,6.97708391567,313.54,0,Sigma_b = Sigma_gas + Upsilon_d*Sigma_disk_ml1 + Upsilon_b*Sigma_bulge_ml1,basis_only; stellar_mass_to_light_nuisance_not_applied,J = Sigma_b * V_model,self_consistent_model_velocity_required; not_evaluated,0,tabulated,piecewise_linear,data/stationary/source_reconstruction/vm97_ngc6015_hi_profile_v1.csv,NGC6015:7
NGC6015,calibration,8,2.96,7.35445902923,291.35,0,Sigma_b = Sigma_gas + Upsilon_d*Sigma_disk_ml1 + Upsilon_b*Sigma_bulge_ml1,basis_only; stellar_mass_to_light_nuisance_not_applied,J = Sigma_b * V_model,self_consistent_model_velocity_required; not_evaluated,0,tabulated,piecewise_linear,data/stationary/source_reconstruction/vm97_ngc6015_hi_profile_v1.csv,NGC6015:8
NGC6015,calibration,9,3.28,7.70558819048,267.64,0,Sigma_b = Sigma_gas + Upsilon_d*Sigma_disk_ml1 + Upsilon_b*Sigma_bulge_ml1,basis_only; stellar_mass_to_light_nuisance_not_applied,J = Sigma_b * V_model,self_consistent_model_velocity_required; not_evaluated,0,tabulated,piecewise_linear,data/stationary/source_reconstruction/vm97_ngc6015_hi_profile_v1.csv,NGC6015:9
NGC6015,calibration,10,3.61,8.06769013802,237.08,0,Sigma_b = Sigma_gas + Upsilon_d*Sigma_disk_ml1 + Upsilon_b*Sigma_bulge_ml1,basis_only; stellar_mass_to_light_nuisance_not_applied,J = Sigma_b * V_model,self_consistent_model_velocity_required; not_evaluated,0,tabulated,piecewise_linear,data/stationary/source_reconstruction/vm97_ngc6015_hi_profile_v1.csv,NGC6015:10
NGC6015,calibration,11,3.94,8.37565689825,203.58,0,Sigma_b = Sigma_gas + Upsilon_d*Sigma_disk_ml1 + Upsilon_b*Sigma_bulge_ml1,basis_only; stellar_mass_to_light_nuisance_not_applied,J = Sigma_b * V_model,self_consistent_model_velocity_required; not_evaluated,0,tabulated,piecewise_linear,data/stationary/source_reconstruction/vm97_ngc6015_hi_profile_v1.csv,NGC6015:11
NGC6015,calibration,12,4.27,8.66131510136,167.76,0,Sigma_b = Sigma_gas + Upsilon_d*Sigma_disk_ml1 + Upsilon_b*Sigma_bulge_ml1,basis_only; stellar_mass_to_light_nuisance_not_applied,J = Sigma_b * V_model,self_consistent_model_velocity_required; not_evaluated,0,tabulated,piecewise_linear,data/stationary/source_reconstruction/vm97_ngc6015_hi_profile_v1.csv,NGC6015:12
NGC6015,calibration,13,4.6,8.92459241559,135.4,0,Sigma_b = Sigma_gas + Upsilon_d*Sigma_disk_ml1 + Upsilon_b*Sigma_bulge_ml1,basis_only; stellar_mass_to_light_nuisance_not_applied,J = Sigma_b * V_model,self_consistent_model_velocity_required; not_evaluated,0,tabulated,piecewise_linear,data/stationary/source_reconstruction/vm97_ngc6015_hi_profile_v1.csv,NGC6015:13
NGC6015,calibration,14,4.94,9.11313255576,108.33,0,Sigma_b = Sigma_gas + Upsilon_d*Sigma_disk_ml1 + Upsilon_b*Sigma_bulge_ml1,basis_only; stellar_mass_to_light_nuisance_not_applied,J = Sigma_b * V_model,self_consistent_model_velocity_required; not_evaluated,0,tabulated,piecewise_linear,data/stationary/source_reconstruction/vm97_ngc6015_hi_profile_v1.csv,NGC6015:14
NGC6015,calibration,15,5.3,9.31276329242,88.44,0,Sigma_b = Sigma_gas + Upsilon_d*Sigma_disk_ml1 + Upsilon_b*Sigma_bulge_ml1,basis_only; stellar_mass_to_light_nuisance_not_applied,J = Sigma_b * V_model,self_consistent_model_velocity_required; not_evaluated,0,tabulated,piecewise_linear,data/stationary/source_reconstruction/vm97_ngc6015_hi_profile_v1.csv,NGC6015:15
NGC6015,calibration,16,5.63,9.39179549476,80.36,0,Sigma_b = Sigma_gas + Upsilon_d*Sigma_disk_ml1 + Upsilon_b*Sigma_bulge_ml1,basis_only; stellar_mass_to_light_nuisance_not_applied,J = Sigma_b * V_model,self_consistent_model_velocity_required; not_evaluated,0,tabulated,piecewise_linear,data/stationary/source_reconstruction/vm97_ngc6015_hi_profile_v1.csv,NGC6015:16
NGC6015,calibration,17,5.96,9.44812246454,73.42,0,Sigma_b = Sigma_gas + Upsilon_d*Sigma_disk_ml1 + Upsilon_b*Sigma_bulge_ml1,basis_only; stellar_mass_to_light_nuisance_not_applied,J = Sigma_b * V_model,self_consistent_model_velocity_required; not_evaluated,0,tabulated,piecewise_linear,data/stationary/source_reconstruction/vm97_ngc6015_hi_profile_v1.csv,NGC6015:17
NGC6015,calibration,18,6.27,9.47496663383,63.15,0,Sigma_b = Sigma_gas + Upsilon_d*Sigma_disk_ml1 + Upsilon_b*Sigma_bulge_ml1,basis_only; stellar_mass_to_light_nuisance_not_applied,J = Sigma_b * V_model,self_consistent_model_velocity_required; not_evaluated,0,tabulated,piecewise_linear,data/stationary/source_reconstruction/vm97_ngc6015_hi_profile_v1.csv,NGC6015:18
NGC6015,calibration,19,8.24,8.92977411628,23.82,0,Sigma_b = Sigma_gas + Upsilon_d*Sigma_disk_ml1 + Upsilon_b*Sigma_bulge_ml1,basis_only; stellar_mass_to_light_nuisance_not_applied,J = Sigma_b * V_model,self_consistent_model_velocity_required; not_evaluated,0,tabulated,piecewise_linear,data/stationary/source_reconstruction/vm97_ngc6015_hi_profile_v1.csv,NGC6015:19
NGC6015,calibration,20,10.3,8.08258003293,11.23,0,Sigma_b = Sigma_gas + Upsilon_d*Sigma_disk_ml1 + Upsilon_b*Sigma_bulge_ml1,basis_only; stellar_mass_to_light_nuisance_not_applied,J = Sigma_b * V_model,self_consistent_model_velocity_required; not_evaluated,0,tabulated,piecewise_linear,data/stationary/source_reconstruction/vm97_ngc6015_hi_profile_v1.csv,NGC6015:20
NGC6015,calibration,21,11.13,7.56228639782,8.66,0,Sigma_b = Sigma_gas + Upsilon_d*Sigma_disk_ml1 + Upsilon_b*Sigma_bulge_ml1,basis_only; stellar_mass_to_light_nuisance_not_applied,J = Sigma_b * V_model,self_consistent_model_velocity_required; not_evaluated,0,tabulated,piecewise_linear,data/stationary/source_reconstruction/vm97_ngc6015_hi_profile_v1.csv,NGC6015:21
NGC6015,calibration,22,11.95,6.89248077904,5.98,0,Sigma_b = Sigma_gas + Upsilon_d*Sigma_disk_ml1 + Upsilon_b*Sigma_bulge_ml1,basis_only; stellar_mass_to_light_nuisance_not_applied,J = Sigma_b * V_model,self_consistent_model_velocity_required; not_evaluated,0,tabulated,piecewise_linear,data/stationary/source_reconstruction/vm97_ngc6015_hi_profile_v1.csv,NGC6015:22
NGC6015,calibration,23,12.72,6.1042910388,3.85,0,Sigma_b = Sigma_gas + Upsilon_d*Sigma_disk_ml1 + Upsilon_b*Sigma_bulge_ml1,basis_only; stellar_mass_to_light_nuisance_not_applied,J = Sigma_b * V_model,self_consistent_model_velocity_required; not_evaluated,0,tabulated,piecewise_linear,data/stationary/source_reconstruction/vm97_ngc6015_hi_profile_v1.csv,NGC6015:23
NGC6015,calibration,24,13.58,5.19404818043,2.84,0,Sigma_b = Sigma_gas + Upsilon_d*Sigma_disk_ml1 + Upsilon_b*Sigma_bulge_ml1,basis_only; stellar_mass_to_light_nuisance_not_applied,J = Sigma_b * V_model,self_consistent_model_velocity_required; not_evaluated,0,tabulated,piecewise_linear,data/stationary/source_reconstruction/vm97_ngc6015_hi_profile_v1.csv,NGC6015:24
NGC6015,calibration,25,14.43,4.39329886295,2.01,0,Sigma_b = Sigma_gas + Upsilon_d*Sigma_disk_ml1 + Upsilon_b*Sigma_bulge_ml1,basis_only; stellar_mass_to_light_nuisance_not_applied,J = Sigma_b * V_model,self_consistent_model_velocity_required; not_evaluated,0,tabulated,piecewise_linear,data/stationary/source_reconstruction/vm97_ngc6015_hi_profile_v1.csv,NGC6015:25
NGC6015,calibration,26,15.29,3.6754282638,1.41,0,Sigma_b = Sigma_gas + Upsilon_d*Sigma_disk_ml1 + Upsilon_b*Sigma_bulge_ml1,basis_only; stellar_mass_to_light_nuisance_not_applied,J = Sigma_b * V_model,self_consistent_model_velocity_required; not_evaluated,0,tabulated,piecewise_linear,data/stationary/source_reconstruction/vm97_ngc6015_hi_profile_v1.csv,NGC6015:26
NGC6015,calibration,27,16.02,3.15921962849,0.96,0,Sigma_b = Sigma_gas + Upsilon_d*Sigma_disk_ml1 + Upsilon_b*Sigma_bulge_ml1,basis_only; stellar_mass_to_light_nuisance_not_applied,J = Sigma_b * V_model,self_consistent_model_velocity_required; not_evaluated,0,tabulated,piecewise_linear,data/stationary/source_reconstruction/vm97_ngc6015_hi_profile_v1.csv,NGC6015:27
NGC6015,calibration,28,16.88,2.67469587358,0.61,0,Sigma_b = Sigma_gas + Upsilon_d*Sigma_disk_ml1 + Upsilon_b*Sigma_bulge_ml1,basis_only; stellar_mass_to_light_nuisance_not_applied,J = Sigma_b * V_model,self_consistent_model_velocity_required; not_evaluated,0,tabulated,piecewise_linear,data/stationary/source_reconstruction/vm97_ngc6015_hi_profile_v1.csv,NGC6015:28
NGC6015,calibration,29,17.73,2.26982638797,0.44,0,Sigma_b = Sigma_gas + Upsilon_d*Sigma_disk_ml1 + Upsilon_b*Sigma_bulge_ml1,basis_only; stellar_mass_to_light_nuisance_not_applied,J = Sigma_b * V_model,self_consistent_model_velocity_required; not_evaluated,0,tabulated,piecewise_linear,data/stationary/source_reconstruction/vm97_ngc6015_hi_profile_v1.csv,NGC6015:29
NGC6015,calibration,30,18.59,1.98067250884,0.3,0,Sigma_b = Sigma_gas + Upsilon_d*Sigma_disk_ml1 + Upsilon_b*Sigma_bulge_ml1,basis_only; stellar_mass_to_light_nuisance_not_applied,J = Sigma_b * V_model,self_consistent_model_velocity_required; not_evaluated,0,tabulated,piecewise_linear,data/stationary/source_reconstruction/vm97_ngc6015_hi_profile_v1.csv,NGC6015:30
NGC6015,calibration,31,19.32,1.80266953192,0.22,0,Sigma_b = Sigma_gas + Upsilon_d*Sigma_disk_ml1 + Upsilon_b*Sigma_bulge_ml1,basis_only; stellar_mass_to_light_nuisance_not_applied,J = Sigma_b * V_model,self_consistent_model_velocity_required; not_evaluated,0,tabulated,piecewise_linear,data/stationary/source_reconstruction/vm97_ngc6015_hi_profile_v1.csv,NGC6015:31
NGC6015,calibration,32,20.18,1.57557941071,0.15,0,Sigma_b = Sigma_gas + Upsilon_d*Sigma_disk_ml1 + Upsilon_b*Sigma_bulge_ml1,basis_only; stellar_mass_to_light_nuisance_not_applied,J = Sigma_b * V_model,self_consistent_model_velocity_required; not_evaluated,0,tabulated,piecewise_linear,data/stationary/source_reconstruction/vm97_ngc6015_hi_profile_v1.csv,NGC6015:32
NGC6015,calibration,33,21.04,1.32542929229,0.1,0,Sigma_b = Sigma_gas + Upsilon_d*Sigma_disk_ml1 + Upsilon_b*Sigma_bulge_ml1,basis_only; stellar_mass_to_light_nuisance_not_applied,J = Sigma_b * V_model,self_consistent_model_velocity_required; not_evaluated,0,tabulated,piecewise_linear,data/stationary/source_reconstruction/vm97_ngc6015_hi_profile_v1.csv,NGC6015:33
NGC6015,calibration,34,21.89,1.12362170169,0.07,0,Sigma_b = Sigma_gas + Upsilon_d*Sigma_disk_ml1 + Upsilon_b*Sigma_bulge_ml1,basis_only; stellar_mass_to_light_nuisance_not_applied,J = Sigma_b * V_model,self_consistent_model_velocity_required; not_evaluated,0,tabulated,piecewise_linear,data/stationary/source_reconstruction/vm97_ngc6015_hi_profile_v1.csv,NGC6015:34
NGC6015,calibration,35,22.63,1.02549403315,0.05,0,Sigma_b = Sigma_gas + Upsilon_d*Sigma_disk_ml1 + Upsilon_b*Sigma_bulge_ml1,basis_only; stellar_mass_to_light_nuisance_not_applied,J = Sigma_b * V_model,self_consistent_model_velocity_required; not_evaluated,0,tabulated,piecewise_linear,data/stationary/source_reconstruction/vm97_ngc6015_hi_profile_v1.csv,NGC6015:35
NGC6015,calibration,36,23.48,0.852458705907,0.04,0,Sigma_b = Sigma_gas + Upsilon_d*Sigma_disk_ml1 + Upsilon_b*Sigma_bulge_ml1,basis_only; stellar_mass_to_light_nuisance_not_applied,J = Sigma_b * V_model,self_consistent_model_velocity_required; not_evaluated,0,tabulated,piecewise_linear,data/stationary/source_reconstruction/vm97_ngc6015_hi_profile_v1.csv,NGC6015:36
NGC6015,calibration,37,24.34,0.696932033231,0.03,0,Sigma_b = Sigma_gas + Upsilon_d*Sigma_disk_ml1 + Upsilon_b*Sigma_bulge_ml1,basis_only; stellar_mass_to_light_nuisance_not_applied,J = Sigma_b * V_model,self_consistent_model_velocity_required; not_evaluated,0,tabulated,piecewise_linear,data/stationary/source_reconstruction/vm97_ngc6015_hi_profile_v1.csv,NGC6015:37
NGC6015,calibration,38,25.19,0.612813891587,0.02,0,Sigma_b = Sigma_gas + Upsilon_d*Sigma_disk_ml1 + Upsilon_b*Sigma_bulge_ml1,basis_only; stellar_mass_to_light_nuisance_not_applied,J = Sigma_b * V_model,self_consistent_model_velocity_required; not_evaluated,0,tabulated,piecewise_linear,data/stationary/source_reconstruction/vm97_ngc6015_hi_profile_v1.csv,NGC6015:38
NGC6015,calibration,39,25.93,0.523606920827,0.01,0,Sigma_b = Sigma_gas + Upsilon_d*Sigma_disk_ml1 + Upsilon_b*Sigma_bulge_ml1,basis_only; stellar_mass_to_light_nuisance_not_applied,J = Sigma_b * V_model,self_consistent_model_velocity_required; not_evaluated,0,tabulated,piecewise_linear,data/stationary/source_reconstruction/vm97_ngc6015_hi_profile_v1.csv,NGC6015:39
NGC6015,calibration,40,26.78,0,0.01,0,Sigma_b = Sigma_gas + Upsilon_d*Sigma_disk_ml1 + Upsilon_b*Sigma_bulge_ml1,basis_only; stellar_mass_to_light_nuisance_not_applied,J = Sigma_b * V_model,self_consistent_model_velocity_required; not_evaluated,0,tabulated,outer_zero,data/stationary/source_reconstruction/vm97_ngc6015_hi_profile_v1.csv,NGC6015:40
NGC6015,calibration,41,27.64,0,0.01,0,Sigma_b = Sigma_gas + Upsilon_d*Sigma_disk_ml1 + Upsilon_b*Sigma_bulge_ml1,basis_only; stellar_mass_to_light_nuisance_not_applied,J = Sigma_b * V_model,self_consistent_model_velocity_required; not_evaluated,0,tabulated,outer_zero,data/stationary/source_reconstruction/vm97_ngc6015_hi_profile_v1.csv,NGC6015:41
NGC6015,calibration,42,28.37,0,0,0,Sigma_b = Sigma_gas + Upsilon_d*Sigma_disk_ml1 + Upsilon_b*Sigma_bulge_ml1,basis_only; stellar_mass_to_light_nuisance_not_applied,J = Sigma_b * V_model,self_consistent_model_velocity_required; not_evaluated,0,tabulated,outer_zero,data/stationary/source_reconstruction/vm97_ngc6015_hi_profile_v1.csv,NGC6015:42
NGC6015,calibration,43,29.23,0,0,0,Sigma_b = Sigma_gas + Upsilon_d*Sigma_disk_ml1 + Upsilon_b*Sigma_bulge_ml1,basis_only; stellar_mass_to_light_nuisance_not_applied,J = Sigma_b * V_model,self_consistent_model_velocity_required; not_evaluated,0,tabulated,outer_zero,data/stationary/source_reconstruction/vm97_ngc6015_hi_profile_v1.csv,NGC6015:43
NGC6946,blind,0,0.19,6.06624706948,1609.94,5052.7,Sigma_b = Sigma_gas + Upsilon_d*Sigma_disk_ml1 + Upsilon_b*Sigma_bulge_ml1,basis_only; stellar_mass_to_light_nuisance_not_applied,J = Sigma_b * V_model,self_consistent_model_velocity_required; not_evaluated,0,tabulated,piecewise_linear,data/stationary/source_reconstruction/leroy2008_things_hi_profiles_v1.csv,NGC6946:0
NGC6946,blind,1,0.56,6.25882352941,1346.02,485.78,Sigma_b = Sigma_gas + Upsilon_d*Sigma_disk_ml1 + Upsilon_b*Sigma_bulge_ml1,basis_only; stellar_mass_to_light_nuisance_not_applied,J = Sigma_b * V_model,self_consistent_model_velocity_required; not_evaluated,0,tabulated,piecewise_linear,data/stationary/source_reconstruction/leroy2008_things_hi_profiles_v1.csv,NGC6946:1
NGC6946,blind,2,0.94,5.76371128162,1105.63,4.79,Sigma_b = Sigma_gas + Upsilon_d*Sigma_disk_ml1 + Upsilon_b*Sigma_bulge_ml1,basis_only; stellar_mass_to_light_nuisance_not_applied,J = Sigma_b * V_model,self_consistent_model_velocity_required; not_evaluated,0,tabulated,piecewise_linear,data/stationary/source_reconstruction/leroy2008_things_hi_profiles_v1.csv,NGC6946:2
NGC6946,blind,3,1.22,5.37867647059,984.97,0.11,Sigma_b = Sigma_gas + Upsilon_d*Sigma_disk_ml1 + Upsilon_b*Sigma_bulge_ml1,basis_only; stellar_mass_to_light_nuisance_not_applied,J = Sigma_b * V_model,self_consistent_model_velocity_required; not_evaluated,0,tabulated,piecewise_linear,data/stationary/source_reconstruction/leroy2008_things_hi_profiles_v1.csv,NGC6946:3
NGC6946,blind,4,1.59,5.47593909847,802.43,0,Sigma_b = Sigma_gas + Upsilon_d*Sigma_disk_ml1 + Upsilon_b*Sigma_bulge_ml1,basis_only; stellar_mass_to_light_nuisance_not_applied,J = Sigma_b * V_model,self_consistent_model_velocity_required; not_evaluated,0,tabulated,piecewise_linear,data/stationary/source_reconstruction/leroy2008_things_hi_profiles_v1.csv,NGC6946:4
NGC6946,blind,5,1.96,6.24394181586,679.4,0,Sigma_b = Sigma_gas + Upsilon_d*Sigma_disk_ml1 + Upsilon_b*Sigma_bulge_ml1,basis_only; stellar_mass_to_light_nuisance_not_applied,J = Sigma_b * V_model,self_consistent_model_velocity_required; not_evaluated,0,tabulated,piecewise_linear,data/stationary/source_reconstruction/leroy2008_things_hi_profiles_v1.csv,NGC6946:5
NGC6946,blind,6,2.34,6.9125559463,641.26,0,Sigma_b = Sigma_gas + Upsilon_d*Sigma_disk_ml1 + Upsilon_b*Sigma_bulge_ml1,basis_only; stellar_mass_to_light_nuisance_not_applied,J = Sigma_b * V_model,self_consistent_model_velocity_required; not_evaluated,0,tabulated,piecewise_linear,data/stationary/source_reconstruction/leroy2008_things_hi_profiles_v1.csv,NGC6946:6
NGC6946,blind,7,2.71,7.49306088377,529.81,0,Sigma_b = Sigma_gas + Upsilon_d*Sigma_disk_ml1 + Upsilon_b*Sigma_bulge_ml1,basis_only; stellar_mass_to_light_nuisance_not_applied,J = Sigma_b * V_model,self_consistent_model_velocity_required; not_evaluated,0,tabulated,piecewise_linear,data/stationary/source_reconstruction/leroy2008_things_hi_profiles_v1.csv,NGC6946:7
NGC6946,blind,8,2.99,7.88329248366,471.62,0,Sigma_b = Sigma_gas + Upsilon_d*Sigma_disk_ml1 + Upsilon_b*Sigma_bulge_ml1,basis_only; stellar_mass_to_light_nuisance_not_applied,J = Sigma_b * V_model,self_consistent_model_velocity_required; not_evaluated,0,tabulated,piecewise_linear,data/stationary/source_reconstruction/leroy2008_things_hi_profiles_v1.csv,NGC6946:8
NGC6946,blind,9,3.37,8.51198582695,404.45,0,Sigma_b = Sigma_gas + Upsilon_d*Sigma_disk_ml1 + Upsilon_b*Sigma_bulge_ml1,basis_only; stellar_mass_to_light_nuisance_not_applied,J = Sigma_b * V_model,self_consistent_model_velocity_required; not_evaluated,0,tabulated,piecewise_linear,data/stationary/source_reconstruction/leroy2008_things_hi_profiles_v1.csv,NGC6946:9
NGC6946,blind,10,3.74,9.19016677323,348.88,0,Sigma_b = Sigma_gas + Upsilon_d*Sigma_disk_ml1 + Upsilon_b*Sigma_bulge_ml1,basis_only; stellar_mass_to_light_nuisance_not_applied,J = Sigma_b * V_model,self_consistent_model_velocity_required; not_evaluated,0,tabulated,piecewise_linear,data/stationary/source_reconstruction/leroy2008_things_hi_profiles_v1.csv,NGC6946:10
NGC6946,blind,11,4.12,9.29162226485,319.37,0,Sigma_b = Sigma_gas + Upsilon_d*Sigma_disk_ml1 + Upsilon_b*Sigma_bulge_ml1,basis_only; stellar_mass_to_light_nuisance_not_applied,J = Sigma_b * V_model,self_consistent_model_velocity_required; not_evaluated,0,tabulated,piecewise_linear,data/stationary/source_reconstruction/leroy2008_things_hi_profiles_v1.csv,NGC6946:11
NGC6946,blind,12,4.4,9.38823529412,300.02,0,Sigma_b = Sigma_gas + Upsilon_d*Sigma_disk_ml1 + Upsilon_b*Sigma_bulge_ml1,basis_only; stellar_mass_to_light_nuisance_not_applied,J = Sigma_b * V_model,self_consistent_model_velocity_required; not_evaluated,0,tabulated,piecewise_linear,data/stationary/source_reconstruction/leroy2008_things_hi_profiles_v1.csv,NGC6946:12
NGC6946,blind,13,4.77,9.35616874467,267.87,0,Sigma_b = Sigma_gas + Upsilon_d*Sigma_disk_ml1 + Upsilon_b*Sigma_bulge_ml1,basis_only; stellar_mass_to_light_nuisance_not_applied,J = Sigma_b * V_model,self_consistent_model_velocity_required; not_evaluated,0,tabulated,piecewise_linear,data/stationary/source_reconstruction/leroy2008_things_hi_profiles_v1.csv,NGC6946:13
NGC6946,blind,14,5.15,9.15709629867,241.97,0,Sigma_b = Sigma_gas + Upsilon_d*Sigma_disk_ml1 + Upsilon_b*Sigma_bulge_ml1,basis_only; stellar_mass_to_light_nuisance_not_applied,J = Sigma_b * V_model,self_consistent_model_velocity_required; not_evaluated,0,tabulated,piecewise_linear,data/stationary/source_reconstruction/leroy2008_things_hi_profiles_v1.csv,NGC6946:14
NGC6946,blind,15,5.52,9.09485294118,207.99,0,Sigma_b = Sigma_gas + Upsilon_d*Sigma_disk_ml1 + Upsilon_b*Sigma_bulge_ml1,basis_only; stellar_mass_to_light_nuisance_not_applied,J = Sigma_b * V_model,self_consistent_model_velocity_required; not_evaluated,0,tabulated,measured_node,data/stationary/source_reconstruction/leroy2008_things_hi_profiles_v1.csv,NGC6946:15
NGC6946,blind,16,5.89,8.96741350526,141.7,0,Sigma_b = Sigma_gas + Upsilon_d*Sigma_disk_ml1 + Upsilon_b*Sigma_bulge_ml1,basis_only; stellar_mass_to_light_nuisance_not_applied,J = Sigma_b * V_model,self_consistent_model_velocity_required; not_evaluated,0,tabulated,piecewise_linear,data/stationary/source_reconstruction/leroy2008_things_hi_profiles_v1.csv,NGC6946:16
NGC6946,blind,17,6.17,8.70881420503,126.19,0,Sigma_b = Sigma_gas + Upsilon_d*Sigma_disk_ml1 + Upsilon_b*Sigma_bulge_ml1,basis_only; stellar_mass_to_light_nuisance_not_applied,J = Sigma_b * V_model,self_consistent_model_velocity_required; not_evaluated,0,tabulated,piecewise_linear,data/stationary/source_reconstruction/leroy2008_things_hi_profiles_v1.csv,NGC6946:17
NGC6946,blind,18,6.55,8.21382006607,123.94,0,Sigma_b = Sigma_gas + Upsilon_d*Sigma_disk_ml1 + Upsilon_b*Sigma_bulge_ml1,basis_only; stellar_mass_to_light_nuisance_not_applied,J = Sigma_b * V_model,self_consistent_model_velocity_required; not_evaluated,0,tabulated,piecewise_linear,data/stationary/source_reconstruction/leroy2008_things_hi_profiles_v1.csv,NGC6946:18
NGC6946,blind,19,6.92,7.88990657858,98.46,0,Sigma_b = Sigma_gas + Upsilon_d*Sigma_disk_ml1 + Upsilon_b*Sigma_bulge_ml1,basis_only; stellar_mass_to_light_nuisance_not_applied,J = Sigma_b * V_model,self_consistent_model_velocity_required; not_evaluated,0,tabulated,piecewise_linear,data/stationary/source_reconstruction/leroy2008_things_hi_profiles_v1.csv,NGC6946:19
NGC6946,blind,20,7.3,7.82352941177,72.51,0,Sigma_b = Sigma_gas + Upsilon_d*Sigma_disk_ml1 + Upsilon_b*Sigma_bulge_ml1,basis_only; stellar_mass_to_light_nuisance_not_applied,J = Sigma_b * V_model,self_consistent_model_velocity_required; not_evaluated,0,tabulated,piecewise_linear,data/stationary/source_reconstruction/leroy2008_things_hi_profiles_v1.csv,NGC6946:20
NGC6946,blind,21,7.58,7.75774278915,60.13,0,Sigma_b = Sigma_gas + Upsilon_d*Sigma_disk_ml1 + Upsilon_b*Sigma_bulge_ml1,basis_only; stellar_mass_to_light_nuisance_not_applied,J = Sigma_b * V_model,self_consistent_model_velocity_required; not_evaluated,0,tabulated,piecewise_linear,data/stationary/source_reconstruction/leroy2008_things_hi_profiles_v1.csv,NGC6946:21
NGC6946,blind,22,7.95,7.07820359123,49.35,0,Sigma_b = Sigma_gas + Upsilon_d*Sigma_disk_ml1 + Upsilon_b*Sigma_bulge_ml1,basis_only; stellar_mass_to_light_nuisance_not_applied,J = Sigma_b * V_model,self_consistent_model_velocity_required; not_evaluated,0,tabulated,piecewise_linear,data/stationary/source_reconstruction/leroy2008_things_hi_profiles_v1.csv,NGC6946:22
NGC6946,blind,23,8.33,6.34988544331,46.41,0,Sigma_b = Sigma_gas + Upsilon_d*Sigma_disk_ml1 + Upsilon_b*Sigma_bulge_ml1,basis_only; stellar_mass_to_light_nuisance_not_applied,J = Sigma_b * V_model,self_consistent_model_velocity_required; not_evaluated,0,tabulated,piecewise_linear,data/stationary/source_reconstruction/leroy2008_things_hi_profiles_v1.csv,NGC6946:23
NGC6946,blind,24,8.7,5.67383045609,46.83,0,Sigma_b = Sigma_gas + Upsilon_d*Sigma_disk_ml1 + Upsilon_b*Sigma_bulge_ml1,basis_only; stellar_mass_to_light_nuisance_not_applied,J = Sigma_b * V_model,self_consistent_model_velocity_required; not_evaluated,0,tabulated,piecewise_linear,data/stationary/source_reconstruction/leroy2008_things_hi_profiles_v1.csv,NGC6946:24
NGC6946,blind,25,9.08,5.01183042058,41.04,0,Sigma_b = Sigma_gas + Upsilon_d*Sigma_disk_ml1 + Upsilon_b*Sigma_bulge_ml1,basis_only; stellar_mass_to_light_nuisance_not_applied,J = Sigma_b * V_model,self_consistent_model_velocity_required; not_evaluated,0,tabulated,piecewise_linear,data/stationary/source_reconstruction/leroy2008_things_hi_profiles_v1.csv,NGC6946:25
NGC6946,blind,26,9.36,4.59207161126,35.55,0,Sigma_b = Sigma_gas + Upsilon_d*Sigma_disk_ml1 + Upsilon_b*Sigma_bulge_ml1,basis_only; stellar_mass_to_light_nuisance_not_applied,J = Sigma_b * V_model,self_consistent_model_velocity_required; not_evaluated,0,tabulated,piecewise_linear,data/stationary/source_reconstruction/leroy2008_things_hi_profiles_v1.csv,NGC6946:26
NGC6946,blind,27,9.73,4.00991315005,30.1,0,Sigma_b = Sigma_gas + Upsilon_d*Sigma_disk_ml1 + Upsilon_b*Sigma_bulge_ml1,basis_only; stellar_mass_to_light_nuisance_not_applied,J = Sigma_b * V_model,self_consistent_model_velocity_required; not_evaluated,0,tabulated,piecewise_linear,data/stationary/source_reconstruction/leroy2008_things_hi_profiles_v1.csv,NGC6946:27
NGC6946,blind,28,10.1,3.75184533957,25.97,0,Sigma_b = Sigma_gas + Upsilon_d*Sigma_disk_ml1 + Upsilon_b*Sigma_bulge_ml1,basis_only; stellar_mass_to_light_nuisance_not_applied,J = Sigma_b * V_model,self_consistent_model_velocity_required; not_evaluated,0,tabulated,piecewise_linear,data/stationary/source_reconstruction/leroy2008_things_hi_profiles_v1.csv,NGC6946:28
NGC6946,blind,29,10.48,3.55271383915,22.33,0,Sigma_b = Sigma_gas + Upsilon_d*Sigma_disk_ml1 + Upsilon_b*Sigma_bulge_ml1,basis_only; stellar_mass_to_light_nuisance_not_applied,J = Sigma_b * V_model,self_consistent_model_velocity_required; not_evaluated,0,tabulated,piecewise_linear,data/stationary/source_reconstruction/leroy2008_things_hi_profiles_v1.csv,NGC6946:29
NGC6946,blind,30,10.76,3.5205882353,19.9,0,Sigma_b = Sigma_gas + Upsilon_d*Sigma_disk_ml1 + Upsilon_b*Sigma_bulge_ml1,basis_only; stellar_mass_to_light_nuisance_not_applied,J = Sigma_b * V_model,self_consistent_model_velocity_required; not_evaluated,0,tabulated,piecewise_linear,data/stationary/source_reconstruction/leroy2008_things_hi_profiles_v1.csv,NGC6946:30
NGC6946,blind,31,11.13,0,17.13,0,Sigma_b = Sigma_gas + Upsilon_d*Sigma_disk_ml1 + Upsilon_b*Sigma_bulge_ml1,basis_only; stellar_mass_to_light_nuisance_not_applied,J = Sigma_b * V_model,self_consistent_model_velocity_required; not_evaluated,0,tabulated,outer_zero,data/stationary/source_reconstruction/leroy2008_things_hi_profiles_v1.csv,NGC6946:31
NGC6946,blind,32,11.51,0,14.62,0,Sigma_b = Sigma_gas + Upsilon_d*Sigma_disk_ml1 + Upsilon_b*Sigma_bulge_ml1,basis_only; stellar_mass_to_light_nuisance_not_applied,J = Sigma_b * V_model,self_consistent_model_velocity_required; not_evaluated,0,tabulated,outer_zero,data/stationary/source_reconstruction/leroy2008_things_hi_profiles_v1.csv,NGC6946:32
NGC6946,blind,33,11.88,0,12.58,0,Sigma_b = Sigma_gas + Upsilon_d*Sigma_disk_ml1 + Upsilon_b*Sigma_bulge_ml1,basis_only; stellar_mass_to_light_nuisance_not_applied,J = Sigma_b * V_model,self_consistent_model_velocity_required; not_evaluated,0,tabulated,outer_zero,data/stationary/source_reconstruction/leroy2008_things_hi_profiles_v1.csv,NGC6946:33
NGC6946,blind,34,12.26,0,10.77,0,Sigma_b = Sigma_gas + Upsilon_d*Sigma_disk_ml1 + Upsilon_b*Sigma_bulge_ml1,basis_only; stellar_mass_to_light_nuisance_not_applied,J = Sigma_b * V_model,self_consistent_model_velocity_required; not_evaluated,0,tabulated,outer_zero,data/stationary/source_reconstruction/leroy2008_things_hi_profiles_v1.csv,NGC6946:34
NGC6946,blind,35,12.54,0,9.59,0,Sigma_b = Sigma_gas + Upsilon_d*Sigma_disk_ml1 + Upsilon_b*Sigma_bulge_ml1,basis_only; stellar_mass_to_light_nuisance_not_applied,J = Sigma_b * V_model,self_consistent_model_velocity_required; not_evaluated,0,tabulated,outer_zero,data/stationary/source_reconstruction/leroy2008_things_hi_profiles_v1.csv,NGC6946:35
NGC6946,blind,36,12.91,0,8.27,0,Sigma_b = Sigma_gas + Upsilon_d*Sigma_disk_ml1 + Upsilon_b*Sigma_bulge_ml1,basis_only; stellar_mass_to_light_nuisance_not_applied,J = Sigma_b * V_model,self_consistent_model_velocity_required; not_evaluated,0,tabulated,outer_zero,data/stationary/source_reconstruction/leroy2008_things_hi_profiles_v1.csv,NGC6946:36
NGC6946,blind,37,13.29,0,7.06,0,Sigma_b = Sigma_gas + Upsilon_d*Sigma_disk_ml1 + Upsilon_b*Sigma_bulge_ml1,basis_only; stellar_mass_to_light_nuisance_not_applied,J = Sigma_b * V_model,self_consistent_model_velocity_required; not_evaluated,0,tabulated,outer_zero,data/stationary/source_reconstruction/leroy2008_things_hi_profiles_v1.csv,NGC6946:37
NGC6946,blind,38,13.66,0,6.08,0,Sigma_b = Sigma_gas + Upsilon_d*Sigma_disk_ml1 + Upsilon_b*Sigma_bulge_ml1,basis_only; stellar_mass_to_light_nuisance_not_applied,J = Sigma_b * V_model,self_consistent_model_velocity_required; not_evaluated,0,tabulated,outer_zero,data/stationary/source_reconstruction/leroy2008_things_hi_profiles_v1.csv,NGC6946:38
NGC6946,blind,39,14.03,0,5.22,0,Sigma_b = Sigma_gas + Upsilon_d*Sigma_disk_ml1 + Upsilon_b*Sigma_bulge_ml1,basis_only; stellar_mass_to_light_nuisance_not_applied,J = Sigma_b * V_model,self_consistent_model_velocity_required; not_evaluated,0,tabulated,outer_zero,data/stationary/source_reconstruction/leroy2008_things_hi_profiles_v1.csv,NGC6946:39
NGC6946,blind,40,14.31,0,4.65,0,Sigma_b = Sigma_gas + Upsilon_d*Sigma_disk_ml1 + Upsilon_b*Sigma_bulge_ml1,basis_only; stellar_mass_to_light_nuisance_not_applied,J = Sigma_b * V_model,self_consistent_model_velocity_required; not_evaluated,0,tabulated,outer_zero,data/stationary/source_reconstruction/leroy2008_things_hi_profiles_v1.csv,NGC6946:40
NGC6946,blind,41,14.69,0,3.99,0,Sigma_b = Sigma_gas + Upsilon_d*Sigma_disk_ml1 + Upsilon_b*Sigma_bulge_ml1,basis_only; stellar_mass_to_light_nuisance_not_applied,J = Sigma_b * V_model,self_consistent_model_velocity_required; not_evaluated,0,tabulated,outer_zero,data/stationary/source_reconstruction/leroy2008_things_hi_profiles_v1.csv,NGC6946:41
NGC6946,blind,42,15.06,0,3.42,0,Sigma_b = Sigma_gas + Upsilon_d*Sigma_disk_ml1 + Upsilon_b*Sigma_bulge_ml1,basis_only; stellar_mass_to_light_nuisance_not_applied,J = Sigma_b * V_model,self_consistent_model_velocity_required; not_evaluated,0,tabulated,outer_zero,data/stationary/source_reconstruction/leroy2008_things_hi_profiles_v1.csv,NGC6946:42
NGC6946,blind,43,15.44,0,2.94,0,Sigma_b = Sigma_gas + Upsilon_d*Sigma_disk_ml1 + Upsilon_b*Sigma_bulge_ml1,basis_only; stellar_mass_to_light_nuisance_not_applied,J = Sigma_b * V_model,self_consistent_model_velocity_required; not_evaluated,0,tabulated,outer_zero,data/stationary/source_reconstruction/leroy2008_things_hi_profiles_v1.csv,NGC6946:43
NGC6946,blind,44,15.72,0,2.61,0,Sigma_b = Sigma_gas + Upsilon_d*Sigma_disk_ml1 + Upsilon_b*Sigma_bulge_ml1,basis_only; stellar_mass_to_light_nuisance_not_applied,J = Sigma_b * V_model,self_consistent_model_velocity_required; not_evaluated,0,tabulated,outer_zero,data/stationary/source_reconstruction/leroy2008_things_hi_profiles_v1.csv,NGC6946:44
NGC6946,blind,45,16.09,0,2.25,0,Sigma_b = Sigma_gas + Upsilon_d*Sigma_disk_ml1 + Upsilon_b*Sigma_bulge_ml1,basis_only; stellar_mass_to_light_nuisance_not_applied,J = Sigma_b * V_model,self_consistent_model_velocity_required; not_evaluated,0,tabulated,outer_zero,data/stationary/source_reconstruction/leroy2008_things_hi_profiles_v1.csv,NGC6946:45
NGC6946,blind,46,16.47,0,1.93,0,Sigma_b = Sigma_gas + Upsilon_d*Sigma_disk_ml1 + Upsilon_b*Sigma_bulge_ml1,basis_only; stellar_mass_to_light_nuisance_not_applied,J = Sigma_b * V_model,self_consistent_model_velocity_required; not_evaluated,0,tabulated,outer_zero,data/stationary/source_reconstruction/leroy2008_things_hi_profiles_v1.csv,NGC6946:46
NGC6946,blind,47,16.84,0,1.65,0,Sigma_b = Sigma_gas + Upsilon_d*Sigma_disk_ml1 + Upsilon_b*Sigma_bulge_ml1,basis_only; stellar_mass_to_light_nuisance_not_applied,J = Sigma_b * V_model,self_consistent_model_velocity_required; not_evaluated,0,tabulated,outer_zero,data/stationary/source_reconstruction/leroy2008_things_hi_profiles_v1.csv,NGC6946:47
NGC6946,blind,48,17.21,0,1.42,0,Sigma_b = Sigma_gas + Upsilon_d*Sigma_disk_ml1 + Upsilon_b*Sigma_bulge_ml1,basis_only; stellar_mass_to_light_nuisance_not_applied,J = Sigma_b * V_model,self_consistent_model_velocity_required; not_evaluated,0,tabulated,outer_zero,data/stationary/source_reconstruction/leroy2008_things_hi_profiles_v1.csv,NGC6946:48
NGC6946,blind,49,17.5,0,1.26,0,Sigma_b = Sigma_gas + Upsilon_d*Sigma_disk_ml1 + Upsilon_b*Sigma_bulge_ml1,basis_only; stellar_mass_to_light_nuisance_not_applied,J = Sigma_b * V_model,self_consistent_model_velocity_required; not_evaluated,0,tabulated,outer_zero,data/stationary/source_reconstruction/leroy2008_things_hi_profiles_v1.csv,NGC6946:49
NGC6946,blind,50,17.87,0,1.09,0,Sigma_b = Sigma_gas + Upsilon_d*Sigma_disk_ml1 + Upsilon_b*Sigma_bulge_ml1,basis_only; stellar_mass_to_light_nuisance_not_applied,J = Sigma_b * V_model,self_consistent_model_velocity_required; not_evaluated,0,tabulated,outer_zero,data/stationary/source_reconstruction/leroy2008_things_hi_profiles_v1.csv,NGC6946:50
NGC6946,blind,51,18.24,0,0.93,0,Sigma_b = Sigma_gas + Upsilon_d*Sigma_disk_ml1 + Upsilon_b*Sigma_bulge_ml1,basis_only; stellar_mass_to_light_nuisance_not_applied,J = Sigma_b * V_model,self_consistent_model_velocity_required; not_evaluated,0,tabulated,outer_zero,data/stationary/source_reconstruction/leroy2008_things_hi_profiles_v1.csv,NGC6946:51
NGC6946,blind,52,18.62,0,0.8,0,Sigma_b = Sigma_gas + Upsilon_d*Sigma_disk_ml1 + Upsilon_b*Sigma_bulge_ml1,basis_only; stellar_mass_to_light_nuisance_not_applied,J = Sigma_b * V_model,self_consistent_model_velocity_required; not_evaluated,0,tabulated,outer_zero,data/stationary/source_reconstruction/leroy2008_things_hi_profiles_v1.csv,NGC6946:52
NGC6946,blind,53,18.9,0,0.71,0,Sigma_b = Sigma_gas + Upsilon_d*Sigma_disk_ml1 + Upsilon_b*Sigma_bulge_ml1,basis_only; stellar_mass_to_light_nuisance_not_applied,J = Sigma_b * V_model,self_consistent_model_velocity_required; not_evaluated,0,tabulated,outer_zero,data/stationary/source_reconstruction/leroy2008_things_hi_profiles_v1.csv,NGC6946:53
NGC6946,blind,54,19.27,0,0.61,0,Sigma_b = Sigma_gas + Upsilon_d*Sigma_disk_ml1 + Upsilon_b*Sigma_bulge_ml1,basis_only; stellar_mass_to_light_nuisance_not_applied,J = Sigma_b * V_model,self_consistent_model_velocity_required; not_evaluated,0,tabulated,outer_zero,data/stationary/source_reconstruction/leroy2008_things_hi_profiles_v1.csv,NGC6946:54
NGC6946,blind,55,19.65,0,0.52,0,Sigma_b = Sigma_gas + Upsilon_d*Sigma_disk_ml1 + Upsilon_b*Sigma_bulge_ml1,basis_only; stellar_mass_to_light_nuisance_not_applied,J = Sigma_b * V_model,self_consistent_model_velocity_required; not_evaluated,0,tabulated,outer_zero,data/stationary/source_reconstruction/leroy2008_things_hi_profiles_v1.csv,NGC6946:55
NGC6946,blind,56,20.02,0,0,0,Sigma_b = Sigma_gas + Upsilon_d*Sigma_disk_ml1 + Upsilon_b*Sigma_bulge_ml1,basis_only; stellar_mass_to_light_nuisance_not_applied,J = Sigma_b * V_model,self_consistent_model_velocity_required; not_evaluated,0,tabulated,outer_zero,data/stationary/source_reconstruction/leroy2008_things_hi_profiles_v1.csv,NGC6946:56
NGC6946,blind,57,20.4,0,0,0,Sigma_b = Sigma_gas + Upsilon_d*Sigma_disk_ml1 + Upsilon_b*Sigma_bulge_ml1,basis_only; stellar_mass_to_light_nuisance_not_applied,J = Sigma_b * V_model,self_consistent_model_velocity_required; not_evaluated,0,tabulated,outer_zero,data/stationary/source_reconstruction/leroy2008_things_hi_profiles_v1.csv,NGC6946:57
NGC7331,calibration,0,2.67,4.66198529412,2029.41,0,Sigma_b = Sigma_gas + Upsilon_d*Sigma_disk_ml1 + Upsilon_b*Sigma_bulge_ml1,basis_only; stellar_mass_to_light_nuisance_not_applied,J = Sigma_b * V_model,self_consistent_model_velocity_required; not_evaluated,0,tabulated,piecewise_linear,data/stationary/source_reconstruction/leroy2008_things_hi_profiles_v1.csv,NGC7331:0
NGC7331,calibration,1,3.21,5.48066176471,1695.43,0,Sigma_b = Sigma_gas + Upsilon_d*Sigma_disk_ml1 + Upsilon_b*Sigma_bulge_ml1,basis_only; stellar_mass_to_light_nuisance_not_applied,J = Sigma_b * V_model,self_consistent_model_velocity_required; not_evaluated,0,tabulated,piecewise_linear,data/stationary/source_reconstruction/leroy2008_things_hi_profiles_v1.csv,NGC7331:1
NGC7331,calibration,2,3.74,5.70279411765,1209.56,0,Sigma_b = Sigma_gas + Upsilon_d*Sigma_disk_ml1 + Upsilon_b*Sigma_bulge_ml1,basis_only; stellar_mass_to_light_nuisance_not_applied,J = Sigma_b * V_model,self_consistent_model_velocity_required; not_evaluated,0,tabulated,piecewise_linear,data/stationary/source_reconstruction/leroy2008_things_hi_profiles_v1.csv,NGC7331:2
NGC7331,calibration,3,4.27,6.08,879.42,0,Sigma_b = Sigma_gas + Upsilon_d*Sigma_disk_ml1 + Upsilon_b*Sigma_bulge_ml1,basis_only; stellar_mass_to_light_nuisance_not_applied,J = Sigma_b * V_model,self_consistent_model_velocity_required; not_evaluated,0,tabulated,piecewise_linear,data/stationary/source_reconstruction/leroy2008_things_hi_profiles_v1.csv,NGC7331:3
NGC7331,calibration,4,4.81,6.35661764706,718.98,0,Sigma_b = Sigma_gas + Upsilon_d*Sigma_disk_ml1 + Upsilon_b*Sigma_bulge_ml1,basis_only; stellar_mass_to_light_nuisance_not_applied,J = Sigma_b * V_model,self_consistent_model_velocity_required; not_evaluated,0,tabulated,piecewise_linear,data/stationary/source_reconstruction/leroy2008_things_hi_profiles_v1.csv,NGC7331:4
NGC7331,calibration,5,5.35,6.36272977941,558.39,0,Sigma_b = Sigma_gas + Upsilon_d*Sigma_disk_ml1 + Upsilon_b*Sigma_bulge_ml1,basis_only; stellar_mass_to_light_nuisance_not_applied,J = Sigma_b * V_model,self_consistent_model_velocity_required; not_evaluated,0,tabulated,piecewise_linear,data/stationary/source_reconstruction/leroy2008_things_hi_profiles_v1.csv,NGC7331:5
NGC7331,calibration,6,5.88,6.42751838236,415.53,0,Sigma_b = Sigma_gas + Upsilon_d*Sigma_disk_ml1 + Upsilon_b*Sigma_bulge_ml1,basis_only; stellar_mass_to_light_nuisance_not_applied,J = Sigma_b * V_model,self_consistent_model_velocity_required; not_evaluated,0,tabulated,piecewise_linear,data/stationary/source_reconstruction/leroy2008_things_hi_profiles_v1.csv,NGC7331:6
NGC7331,calibration,7,6.41,6.75757352942,334.62,0,Sigma_b = Sigma_gas + Upsilon_d*Sigma_disk_ml1 + Upsilon_b*Sigma_bulge_ml1,basis_only; stellar_mass_to_light_nuisance_not_applied,J = Sigma_b * V_model,self_consistent_model_velocity_required; not_evaluated,0,tabulated,piecewise_linear,data/stationary/source_reconstruction/leroy2008_things_hi_profiles_v1.csv,NGC7331:7
NGC7331,calibration,8,7.48,7.89897058824,196.95,0,Sigma_b = Sigma_gas + Upsilon_d*Sigma_disk_ml1 + Upsilon_b*Sigma_bulge_ml1,basis_only; stellar_mass_to_light_nuisance_not_applied,J = Sigma_b * V_model,self_consistent_model_velocity_required; not_evaluated,0,tabulated,piecewise_linear,data/stationary/source_reconstruction/leroy2008_things_hi_profiles_v1.csv,NGC7331:8
NGC7331,calibration,9,8.55,8.16580882353,125.71,0,Sigma_b = Sigma_gas + Upsilon_d*Sigma_disk_ml1 + Upsilon_b*Sigma_bulge_ml1,basis_only; stellar_mass_to_light_nuisance_not_applied,J = Sigma_b * V_model,self_consistent_model_velocity_required; not_evaluated,0,tabulated,piecewise_linear,data/stationary/source_reconstruction/leroy2008_things_hi_profiles_v1.csv,NGC7331:9
NGC7331,calibration,10,9.62,8.13088235295,108.76,0,Sigma_b = Sigma_gas + Upsilon_d*Sigma_disk_ml1 + Upsilon_b*Sigma_bulge_ml1,basis_only; stellar_mass_to_light_nuisance_not_applied,J = Sigma_b * V_model,self_consistent_model_velocity_required; not_evaluated,0,tabulated,piecewise_linear,data/stationary/source_reconstruction/leroy2008_things_hi_profiles_v1.csv,NGC7331:10
NGC7331,calibration,11,10.66,8.50529411765,79.7,0,Sigma_b = Sigma_gas + Upsilon_d*Sigma_disk_ml1 + Upsilon_b*Sigma_bulge_ml1,basis_only; stellar_mass_to_light_nuisance_not_applied,J = Sigma_b * V_model,self_consistent_model_velocity_required; not_evaluated,0,tabulated,piecewise_linear,data/stationary/source_reconstruction/leroy2008_things_hi_profiles_v1.csv,NGC7331:11
NGC7331,calibration,12,11.74,7.95799632354,68.87,0,Sigma_b = Sigma_gas + Upsilon_d*Sigma_disk_ml1 + Upsilon_b*Sigma_bulge_ml1,basis_only; stellar_mass_to_light_nuisance_not_applied,J = Sigma_b * V_model,self_consistent_model_velocity_required; not_evaluated,0,tabulated,piecewise_linear,data/stationary/source_reconstruction/leroy2008_things_hi_profiles_v1.csv,NGC7331:12
NGC7331,calibration,13,12.83,7.00625000001,55.08,0,Sigma_b = Sigma_gas + Upsilon_d*Sigma_disk_ml1 + Upsilon_b*Sigma_bulge_ml1,basis_only; stellar_mass_to_light_nuisance_not_applied,J = Sigma_b * V_model,self_consistent_model_velocity_required; not_evaluated,0,tabulated,piecewise_linear,data/stationary/source_reconstruction/leroy2008_things_hi_profiles_v1.csv,NGC7331:13
NGC7331,calibration,14,13.91,7.03977941177,43.42,0,Sigma_b = Sigma_gas + Upsilon_d*Sigma_disk_ml1 + Upsilon_b*Sigma_bulge_ml1,basis_only; stellar_mass_to_light_nuisance_not_applied,J = Sigma_b * V_model,self_consistent_model_velocity_required; not_evaluated,0,tabulated,piecewise_linear,data/stationary/source_reconstruction/leroy2008_things_hi_profiles_v1.csv,NGC7331:14
NGC7331,calibration,15,15,6.94338235294,35.37,0,Sigma_b = Sigma_gas + Upsilon_d*Sigma_disk_ml1 + Upsilon_b*Sigma_bulge_ml1,basis_only; stellar_mass_to_light_nuisance_not_applied,J = Sigma_b * V_model,self_consistent_model_velocity_required; not_evaluated,0,tabulated,piecewise_linear,data/stationary/source_reconstruction/leroy2008_things_hi_profiles_v1.csv,NGC7331:15
NGC7331,calibration,16,16.08,7.05235294118,30.67,0,Sigma_b = Sigma_gas + Upsilon_d*Sigma_disk_ml1 + Upsilon_b*Sigma_bulge_ml1,basis_only; stellar_mass_to_light_nuisance_not_applied,J = Sigma_b * V_model,self_consistent_model_velocity_required; not_evaluated,0,tabulated,piecewise_linear,data/stationary/source_reconstruction/leroy2008_things_hi_profiles_v1.csv,NGC7331:16
NGC7331,calibration,17,17.07,6.95805147059,27.32,0,Sigma_b = Sigma_gas + Upsilon_d*Sigma_disk_ml1 + Upsilon_b*Sigma_bulge_ml1,basis_only; stellar_mass_to_light_nuisance_not_applied,J = Sigma_b * V_model,self_consistent_model_velocity_required; not_evaluated,0,tabulated,piecewise_linear,data/stationary/source_reconstruction/leroy2008_things_hi_profiles_v1.csv,NGC7331:17
NGC7331,calibration,18,18.15,6.38455882353,23.83,0,Sigma_b = Sigma_gas + Upsilon_d*Sigma_disk_ml1 + Upsilon_b*Sigma_bulge_ml1,basis_only; stellar_mass_to_light_nuisance_not_applied,J = Sigma_b * V_model,self_consistent_model_velocity_required; not_evaluated,0,tabulated,piecewise_linear,data/stationary/source_reconstruction/leroy2008_things_hi_profiles_v1.csv,NGC7331:18
NGC7331,calibration,19,19.24,6.11632352941,19.98,0,Sigma_b = Sigma_gas + Upsilon_d*Sigma_disk_ml1 + Upsilon_b*Sigma_bulge_ml1,basis_only; stellar_mass_to_light_nuisance_not_applied,J = Sigma_b * V_model,self_consistent_model_velocity_required; not_evaluated,0,tabulated,piecewise_linear,data/stationary/source_reconstruction/leroy2008_things_hi_profiles_v1.csv,NGC7331:19
NGC7331,calibration,20,20.32,5.35073529412,14.17,0,Sigma_b = Sigma_gas + Upsilon_d*Sigma_disk_ml1 + Upsilon_b*Sigma_bulge_ml1,basis_only; stellar_mass_to_light_nuisance_not_applied,J = Sigma_b * V_model,self_consistent_model_velocity_required; not_evaluated,0,tabulated,piecewise_linear,data/stationary/source_reconstruction/leroy2008_things_hi_profiles_v1.csv,NGC7331:20
NGC7331,calibration,21,21.41,3.88522058824,9.38,0,Sigma_b = Sigma_gas + Upsilon_d*Sigma_disk_ml1 + Upsilon_b*Sigma_bulge_ml1,basis_only; stellar_mass_to_light_nuisance_not_applied,J = Sigma_b * V_model,self_consistent_model_velocity_required; not_evaluated,0,tabulated,piecewise_linear,data/stationary/source_reconstruction/leroy2008_things_hi_profiles_v1.csv,NGC7331:21
NGC7331,calibration,22,22.49,2.98761029412,7.57,0,Sigma_b = Sigma_gas + Upsilon_d*Sigma_disk_ml1 + Upsilon_b*Sigma_bulge_ml1,basis_only; stellar_mass_to_light_nuisance_not_applied,J = Sigma_b * V_model,self_consistent_model_velocity_required; not_evaluated,0,tabulated,piecewise_linear,data/stationary/source_reconstruction/leroy2008_things_hi_profiles_v1.csv,NGC7331:22
NGC7331,calibration,23,23.48,0,6.48,0,Sigma_b = Sigma_gas + Upsilon_d*Sigma_disk_ml1 + Upsilon_b*Sigma_bulge_ml1,basis_only; stellar_mass_to_light_nuisance_not_applied,J = Sigma_b * V_model,self_consistent_model_velocity_required; not_evaluated,0,tabulated,outer_zero,data/stationary/source_reconstruction/leroy2008_things_hi_profiles_v1.csv,NGC7331:23
NGC7331,calibration,24,24.57,0,5.34,0,Sigma_b = Sigma_gas + Upsilon_d*Sigma_disk_ml1 + Upsilon_b*Sigma_bulge_ml1,basis_only; stellar_mass_to_light_nuisance_not_applied,J = Sigma_b * V_model,self_consistent_model_velocity_required; not_evaluated,0,tabulated,outer_zero,data/stationary/source_reconstruction/leroy2008_things_hi_profiles_v1.csv,NGC7331:24
NGC7331,calibration,25,25.65,0,4.39,0,Sigma_b = Sigma_gas + Upsilon_d*Sigma_disk_ml1 + Upsilon_b*Sigma_bulge_ml1,basis_only; stellar_mass_to_light_nuisance_not_applied,J = Sigma_b * V_model,self_consistent_model_velocity_required; not_evaluated,0,tabulated,outer_zero,data/stationary/source_reconstruction/leroy2008_things_hi_profiles_v1.csv,NGC7331:25
NGC7331,calibration,26,26.74,0,3.53,0,Sigma_b = Sigma_gas + Upsilon_d*Sigma_disk_ml1 + Upsilon_b*Sigma_bulge_ml1,basis_only; stellar_mass_to_light_nuisance_not_applied,J = Sigma_b * V_model,self_consistent_model_velocity_required; not_evaluated,0,tabulated,outer_zero,data/stationary/source_reconstruction/leroy2008_things_hi_profiles_v1.csv,NGC7331:26
NGC7331,calibration,27,27.82,0,2.83,0,Sigma_b = Sigma_gas + Upsilon_d*Sigma_disk_ml1 + Upsilon_b*Sigma_bulge_ml1,basis_only; stellar_mass_to_light_nuisance_not_applied,J = Sigma_b * V_model,self_consistent_model_velocity_required; not_evaluated,0,tabulated,outer_zero,data/stationary/source_reconstruction/leroy2008_things_hi_profiles_v1.csv,NGC7331:27
NGC7331,calibration,28,28.91,0,2.28,0,Sigma_b = Sigma_gas + Upsilon_d*Sigma_disk_ml1 + Upsilon_b*Sigma_bulge_ml1,basis_only; stellar_mass_to_light_nuisance_not_applied,J = Sigma_b * V_model,self_consistent_model_velocity_required; not_evaluated,0,tabulated,outer_zero,data/stationary/source_reconstruction/leroy2008_things_hi_profiles_v1.csv,NGC7331:28
NGC7331,calibration,29,29.89,0,1.87,0,Sigma_b = Sigma_gas + Upsilon_d*Sigma_disk_ml1 + Upsilon_b*Sigma_bulge_ml1,basis_only; stellar_mass_to_light_nuisance_not_applied,J = Sigma_b * V_model,self_consistent_model_velocity_required; not_evaluated,0,tabulated,outer_zero,data/stationary/source_reconstruction/leroy2008_things_hi_profiles_v1.csv,NGC7331:29
NGC7331,calibration,30,30.98,0,1.51,0,Sigma_b = Sigma_gas + Upsilon_d*Sigma_disk_ml1 + Upsilon_b*Sigma_bulge_ml1,basis_only; stellar_mass_to_light_nuisance_not_applied,J = Sigma_b * V_model,self_consistent_model_velocity_required; not_evaluated,0,tabulated,outer_zero,data/stationary/source_reconstruction/leroy2008_things_hi_profiles_v1.csv,NGC7331:30
NGC7331,calibration,31,32.06,0,1.22,0,Sigma_b = Sigma_gas + Upsilon_d*Sigma_disk_ml1 + Upsilon_b*Sigma_bulge_ml1,basis_only; stellar_mass_to_light_nuisance_not_applied,J = Sigma_b * V_model,self_consistent_model_velocity_required; not_evaluated,0,tabulated,outer_zero,data/stationary/source_reconstruction/leroy2008_things_hi_profiles_v1.csv,NGC7331:31
NGC7331,calibration,32,33.15,0,0.98,0,Sigma_b = Sigma_gas + Upsilon_d*Sigma_disk_ml1 + Upsilon_b*Sigma_bulge_ml1,basis_only; stellar_mass_to_light_nuisance_not_applied,J = Sigma_b * V_model,self_consistent_model_velocity_required; not_evaluated,0,tabulated,outer_zero,data/stationary/source_reconstruction/leroy2008_things_hi_profiles_v1.csv,NGC7331:32
NGC7331,calibration,33,34.23,0,0.79,0,Sigma_b = Sigma_gas + Upsilon_d*Sigma_disk_ml1 + Upsilon_b*Sigma_bulge_ml1,basis_only; stellar_mass_to_light_nuisance_not_applied,J = Sigma_b * V_model,self_consistent_model_velocity_required; not_evaluated,0,tabulated,outer_zero,data/stationary/source_reconstruction/leroy2008_things_hi_profiles_v1.csv,NGC7331:33
NGC7331,calibration,34,35.32,0,0,0,Sigma_b = Sigma_gas + Upsilon_d*Sigma_disk_ml1 + Upsilon_b*Sigma_bulge_ml1,basis_only; stellar_mass_to_light_nuisance_not_applied,J = Sigma_b * V_model,self_consistent_model_velocity_required; not_evaluated,0,tabulated,outer_zero,data/stationary/source_reconstruction/leroy2008_things_hi_profiles_v1.csv,NGC7331:34
NGC7331,calibration,35,36.31,0,0,0,Sigma_b = Sigma_gas + Upsilon_d*Sigma_disk_ml1 + Upsilon_b*Sigma_bulge_ml1,basis_only; stellar_mass_to_light_nuisance_not_applied,J = Sigma_b * V_model,self_consistent_model_velocity_required; not_evaluated,0,tabulated,outer_zero,data/stationary/source_reconstruction/leroy2008_things_hi_profiles_v1.csv,NGC7331:35
NGC7793,blind,0,0.11,8.59667182662,1208.98,0,Sigma_b = Sigma_gas + Upsilon_d*Sigma_disk_ml1 + Upsilon_b*Sigma_bulge_ml1,basis_only; stellar_mass_to_light_nuisance_not_applied,J = Sigma_b * V_model,self_consistent_model_velocity_required; not_evaluated,0,tabulated,piecewise_linear,data/stationary/source_reconstruction/leroy2008_things_hi_profiles_v1.csv,NGC7793:0
NGC7793,blind,1,0.14,8.58082430341,1005.64,0,Sigma_b = Sigma_gas + Upsilon_d*Sigma_disk_ml1 + Upsilon_b*Sigma_bulge_ml1,basis_only; stellar_mass_to_light_nuisance_not_applied,J = Sigma_b * V_model,self_consistent_model_velocity_required; not_evaluated,0,tabulated,piecewise_linear,data/stationary/source_reconstruction/leroy2008_things_hi_profiles_v1.csv,NGC7793:1
NGC7793,blind,2,0.17,8.56497678019,927.7,0,Sigma_b = Sigma_gas + Upsilon_d*Sigma_disk_ml1 + Upsilon_b*Sigma_bulge_ml1,basis_only; stellar_mass_to_light_nuisance_not_applied,J = Sigma_b * V_model,self_consistent_model_velocity_required; not_evaluated,0,tabulated,piecewise_linear,data/stationary/source_reconstruction/leroy2008_things_hi_profiles_v1.csv,NGC7793:2
NGC7793,blind,3,0.21,8.54384674923,855.59,0,Sigma_b = Sigma_gas + Upsilon_d*Sigma_disk_ml1 + Upsilon_b*Sigma_bulge_ml1,basis_only; stellar_mass_to_light_nuisance_not_applied,J = Sigma_b * V_model,self_consistent_model_velocity_required; not_evaluated,0,tabulated,piecewise_linear,data/stationary/source_reconstruction/leroy2008_things_hi_profiles_v1.csv,NGC7793:3
NGC7793,blind,4,0.24,8.52799922601,779.54,0,Sigma_b = Sigma_gas + Upsilon_d*Sigma_disk_ml1 + Upsilon_b*Sigma_bulge_ml1,basis_only; stellar_mass_to_light_nuisance_not_applied,J = Sigma_b * V_model,self_consistent_model_velocity_required; not_evaluated,0,tabulated,piecewise_linear,data/stationary/source_reconstruction/leroy2008_things_hi_profiles_v1.csv,NGC7793:4
NGC7793,blind,5,0.28,8.50686919505,719.48,0,Sigma_b = Sigma_gas + Upsilon_d*Sigma_disk_ml1 + Upsilon_b*Sigma_bulge_ml1,basis_only; stellar_mass_to_light_nuisance_not_applied,J = Sigma_b * V_model,self_consistent_model_velocity_required; not_evaluated,0,tabulated,piecewise_linear,data/stationary/source_reconstruction/leroy2008_things_hi_profiles_v1.csv,NGC7793:5
NGC7793,blind,6,0.32,8.48573916409,673.21,0,Sigma_b = Sigma_gas + Upsilon_d*Sigma_disk_ml1 + Upsilon_b*Sigma_bulge_ml1,basis_only; stellar_mass_to_light_nuisance_not_applied,J = Sigma_b * V_model,self_consistent_model_velocity_required; not_evaluated,0,tabulated,piecewise_linear,data/stationary/source_reconstruction/leroy2008_things_hi_profiles_v1.csv,NGC7793:6
NGC7793,blind,7,0.35,8.46989164087,639.89,0,Sigma_b = Sigma_gas + Upsilon_d*Sigma_disk_ml1 + Upsilon_b*Sigma_bulge_ml1,basis_only; stellar_mass_to_light_nuisance_not_applied,J = Sigma_b * V_model,self_consistent_model_velocity_required; not_evaluated,0,tabulated,piecewise_linear,data/stationary/source_reconstruction/leroy2008_things_hi_profiles_v1.csv,NGC7793:7
NGC7793,blind,8,0.39,8.44876160991,592.88,0,Sigma_b = Sigma_gas + Upsilon_d*Sigma_disk_ml1 + Upsilon_b*Sigma_bulge_ml1,basis_only; stellar_mass_to_light_nuisance_not_applied,J = Sigma_b * V_model,self_consistent_model_velocity_required; not_evaluated,0,tabulated,piecewise_linear,data/stationary/source_reconstruction/leroy2008_things_hi_profiles_v1.csv,NGC7793:8
NGC7793,blind,9,0.42,8.43291408669,570.71,0,Sigma_b = Sigma_gas + Upsilon_d*Sigma_disk_ml1 + Upsilon_b*Sigma_bulge_ml1,basis_only; stellar_mass_to_light_nuisance_not_applied,J = Sigma_b * V_model,self_consistent_model_velocity_required; not_evaluated,0,tabulated,piecewise_linear,data/stationary/source_reconstruction/leroy2008_things_hi_profiles_v1.csv,NGC7793:9
NGC7793,blind,10,0.46,8.41178405573,547.08,0,Sigma_b = Sigma_gas + Upsilon_d*Sigma_disk_ml1 + Upsilon_b*Sigma_bulge_ml1,basis_only; stellar_mass_to_light_nuisance_not_applied,J = Sigma_b * V_model,self_consistent_model_velocity_required; not_evaluated,0,tabulated,piecewise_linear,data/stationary/source_reconstruction/leroy2008_things_hi_profiles_v1.csv,NGC7793:10
NGC7793,blind,11,0.49,8.39593653251,532.24,0,Sigma_b = Sigma_gas + Upsilon_d*Sigma_disk_ml1 + Upsilon_b*Sigma_bulge_ml1,basis_only; stellar_mass_to_light_nuisance_not_applied,J = Sigma_b * V_model,self_consistent_model_velocity_required; not_evaluated,0,tabulated,piecewise_linear,data/stationary/source_reconstruction/leroy2008_things_hi_profiles_v1.csv,NGC7793:11
NGC7793,blind,12,0.53,8.37480650155,510.29,0,Sigma_b = Sigma_gas + Upsilon_d*Sigma_disk_ml1 + Upsilon_b*Sigma_bulge_ml1,basis_only; stellar_mass_to_light_nuisance_not_applied,J = Sigma_b * V_model,self_consistent_model_velocity_required; not_evaluated,0,tabulated,piecewise_linear,data/stationary/source_reconstruction/leroy2008_things_hi_profiles_v1.csv,NGC7793:12
NGC7793,blind,13,0.56,8.35895897833,470.53,0,Sigma_b = Sigma_gas + Upsilon_d*Sigma_disk_ml1 + Upsilon_b*Sigma_bulge_ml1,basis_only; stellar_mass_to_light_nuisance_not_applied,J = Sigma_b * V_model,self_consistent_model_velocity_required; not_evaluated,0,tabulated,piecewise_linear,data/stationary/source_reconstruction/leroy2008_things_hi_profiles_v1.csv,NGC7793:13
NGC7793,blind,14,0.6,8.33782894737,435.19,0,Sigma_b = Sigma_gas + Upsilon_d*Sigma_disk_ml1 + Upsilon_b*Sigma_bulge_ml1,basis_only; stellar_mass_to_light_nuisance_not_applied,J = Sigma_b * V_model,self_consistent_model_velocity_required; not_evaluated,0,tabulated,piecewise_linear,data/stationary/source_reconstruction/leroy2008_things_hi_profiles_v1.csv,NGC7793:14
NGC7793,blind,15,0.63,8.32198142415,427.73,0,Sigma_b = Sigma_gas + Upsilon_d*Sigma_disk_ml1 + Upsilon_b*Sigma_bulge_ml1,basis_only; stellar_mass_to_light_nuisance_not_applied,J = Sigma_b * V_model,self_consistent_model_velocity_required; not_evaluated,0,tabulated,piecewise_linear,data/stationary/source_reconstruction/leroy2008_things_hi_profiles_v1.csv,NGC7793:15
NGC7793,blind,16,0.66,8.33159829721,418.4,0,Sigma_b = Sigma_gas + Upsilon_d*Sigma_disk_ml1 + Upsilon_b*Sigma_bulge_ml1,basis_only; stellar_mass_to_light_nuisance_not_applied,J = Sigma_b * V_model,self_consistent_model_velocity_required; not_evaluated,0,tabulated,piecewise_linear,data/stationary/source_reconstruction/leroy2008_things_hi_profiles_v1.csv,NGC7793:16
NGC7793,blind,17,0.7,8.39498839009,407.7,0,Sigma_b = Sigma_gas + Upsilon_d*Sigma_disk_ml1 + Upsilon_b*Sigma_bulge_ml1,basis_only; stellar_mass_to_light_nuisance_not_applied,J = Sigma_b * V_model,self_consistent_model_velocity_required; not_evaluated,0,tabulated,piecewise_linear,data/stationary/source_reconstruction/leroy2008_things_hi_profiles_v1.csv,NGC7793:17
NGC7793,blind,18,0.87,8.80092879257,332.63,0,Sigma_b = Sigma_gas + Upsilon_d*Sigma_disk_ml1 + Upsilon_b*Sigma_bulge_ml1,basis_only; stellar_mass_to_light_nuisance_not_applied,J = Sigma_b * V_model,self_consistent_model_velocity_required; not_evaluated,0,tabulated,piecewise_linear,data/stationary/source_reconstruction/leroy2008_things_hi_profiles_v1.csv,NGC7793:18
NGC7793,blind,19,1.05,9.42331656347,278.38,0,Sigma_b = Sigma_gas + Upsilon_d*Sigma_disk_ml1 + Upsilon_b*Sigma_bulge_ml1,basis_only; stellar_mass_to_light_nuisance_not_applied,J = Sigma_b * V_model,self_consistent_model_velocity_required; not_evaluated,0,tabulated,piecewise_linear,data/stationary/source_reconstruction/leroy2008_things_hi_profiles_v1.csv,NGC7793:19
NGC7793,blind,20,1.22,10.0454334365,246.3,0,Sigma_b = Sigma_gas + Upsilon_d*Sigma_disk_ml1 + Upsilon_b*Sigma_bulge_ml1,basis_only; stellar_mass_to_light_nuisance_not_applied,J = Sigma_b * V_model,self_consistent_model_velocity_required; not_evaluated,0,tabulated,piecewise_linear,data/stationary/source_reconstruction/leroy2008_things_hi_profiles_v1.csv,NGC7793:20
NGC7793,blind,21,1.4,10.696130031,231.32,0,Sigma_b = Sigma_gas + Upsilon_d*Sigma_disk_ml1 + Upsilon_b*Sigma_bulge_ml1,basis_only; stellar_mass_to_light_nuisance_not_applied,J = Sigma_b * V_model,self_consistent_model_velocity_required; not_evaluated,0,tabulated,piecewise_linear,data/stationary/source_reconstruction/leroy2008_things_hi_profiles_v1.csv,NGC7793:21
NGC7793,blind,22,1.57,10.9999419505,213.33,0,Sigma_b = Sigma_gas + Upsilon_d*Sigma_disk_ml1 + Upsilon_b*Sigma_bulge_ml1,basis_only; stellar_mass_to_light_nuisance_not_applied,J = Sigma_b * V_model,self_consistent_model_velocity_required; not_evaluated,0,tabulated,piecewise_linear,data/stationary/source_reconstruction/leroy2008_things_hi_profiles_v1.csv,NGC7793:22
NGC7793,blind,23,1.75,11.0507352941,201.89,0,Sigma_b = Sigma_gas + Upsilon_d*Sigma_disk_ml1 + Upsilon_b*Sigma_bulge_ml1,basis_only; stellar_mass_to_light_nuisance_not_applied,J = Sigma_b * V_model,self_consistent_model_velocity_required; not_evaluated,0,tabulated,piecewise_linear,data/stationary/source_reconstruction/leroy2008_things_hi_profiles_v1.csv,NGC7793:23
NGC7793,blind,24,1.92,11.0144349845,189.35,0,Sigma_b = Sigma_gas + Upsilon_d*Sigma_disk_ml1 + Upsilon_b*Sigma_bulge_ml1,basis_only; stellar_mass_to_light_nuisance_not_applied,J = Sigma_b * V_model,self_consistent_model_velocity_required; not_evaluated,0,tabulated,piecewise_linear,data/stationary/source_reconstruction/leroy2008_things_hi_profiles_v1.csv,NGC7793:24
NGC7793,blind,25,2.1,10.8185758514,166.62,0,Sigma_b = Sigma_gas + Upsilon_d*Sigma_disk_ml1 + Upsilon_b*Sigma_bulge_ml1,basis_only; stellar_mass_to_light_nuisance_not_applied,J = Sigma_b * V_model,self_consistent_model_velocity_required; not_evaluated,0,tabulated,piecewise_linear,data/stationary/source_reconstruction/leroy2008_things_hi_profiles_v1.csv,NGC7793:25
NGC7793,blind,26,2.27,10.4849651703,136.43,0,Sigma_b = Sigma_gas + Upsilon_d*Sigma_disk_ml1 + Upsilon_b*Sigma_bulge_ml1,basis_only; stellar_mass_to_light_nuisance_not_applied,J = Sigma_b * V_model,self_consistent_model_velocity_required; not_evaluated,0,tabulated,piecewise_linear,data/stationary/source_reconstruction/leroy2008_things_hi_profiles_v1.csv,NGC7793:26
NGC7793,blind,27,2.45,10.3599458204,101.1,0,Sigma_b = Sigma_gas + Upsilon_d*Sigma_disk_ml1 + Upsilon_b*Sigma_bulge_ml1,basis_only; stellar_mass_to_light_nuisance_not_applied,J = Sigma_b * V_model,self_consistent_model_velocity_required; not_evaluated,0,tabulated,piecewise_linear,data/stationary/source_reconstruction/leroy2008_things_hi_profiles_v1.csv,NGC7793:27
NGC7793,blind,28,2.62,10.846749226,91.89,0,Sigma_b = Sigma_gas + Upsilon_d*Sigma_disk_ml1 + Upsilon_b*Sigma_bulge_ml1,basis_only; stellar_mass_to_light_nuisance_not_applied,J = Sigma_b * V_model,self_consistent_model_velocity_required; not_evaluated,0,tabulated,piecewise_linear,data/stationary/source_reconstruction/leroy2008_things_hi_profiles_v1.csv,NGC7793:28
NGC7793,blind,29,2.79,11.1065402477,81.24,0,Sigma_b = Sigma_gas + Upsilon_d*Sigma_disk_ml1 + Upsilon_b*Sigma_bulge_ml1,basis_only; stellar_mass_to_light_nuisance_not_applied,J = Sigma_b * V_model,self_consistent_model_velocity_required; not_evaluated,0,tabulated,piecewise_linear,data/stationary/source_reconstruction/leroy2008_things_hi_profiles_v1.csv,NGC7793:29
NGC7793,blind,30,2.97,10.8830495356,70.11,0,Sigma_b = Sigma_gas + Upsilon_d*Sigma_disk_ml1 + Upsilon_b*Sigma_bulge_ml1,basis_only; stellar_mass_to_light_nuisance_not_applied,J = Sigma_b * V_model,self_consistent_model_velocity_required; not_evaluated,0,tabulated,piecewise_linear,data/stationary/source_reconstruction/leroy2008_things_hi_profiles_v1.csv,NGC7793:30
NGC7793,blind,31,3.16,10.1585332817,55.69,0,Sigma_b = Sigma_gas + Upsilon_d*Sigma_disk_ml1 + Upsilon_b*Sigma_bulge_ml1,basis_only; stellar_mass_to_light_nuisance_not_applied,J = Sigma_b * V_model,self_consistent_model_velocity_required; not_evaluated,0,tabulated,piecewise_linear,data/stationary/source_reconstruction/leroy2008_things_hi_profiles_v1.csv,NGC7793:31
NGC7793,blind,32,3.33,9.44566563467,46.58,0,Sigma_b = Sigma_gas + Upsilon_d*Sigma_disk_ml1 + Upsilon_b*Sigma_bulge_ml1,basis_only; stellar_mass_to_light_nuisance_not_applied,J = Sigma_b * V_model,self_consistent_model_velocity_required; not_evaluated,0,tabulated,piecewise_linear,data/stationary/source_reconstruction/leroy2008_things_hi_profiles_v1.csv,NGC7793:32
NGC7793,blind,33,3.51,8.91497678019,39.61,0,Sigma_b = Sigma_gas + Upsilon_d*Sigma_disk_ml1 + Upsilon_b*Sigma_bulge_ml1,basis_only; stellar_mass_to_light_nuisance_not_applied,J = Sigma_b * V_model,self_consistent_model_velocity_required; not_evaluated,0,tabulated,piecewise_linear,data/stationary/source_reconstruction/leroy2008_things_hi_profiles_v1.csv,NGC7793:33
NGC7793,blind,34,3.68,8.5187886997,34.08,0,Sigma_b = Sigma_gas + Upsilon_d*Sigma_disk_ml1 + Upsilon_b*Sigma_bulge_ml1,basis_only; stellar_mass_to_light_nuisance_not_applied,J = Sigma_b * V_model,self_consistent_model_velocity_required; not_evaluated,0,tabulated,piecewise_linear,data/stationary/source_reconstruction/leroy2008_things_hi_profiles_v1.csv,NGC7793:34
NGC7793,blind,35,3.85,8.09876160992,29.83,0,Sigma_b = Sigma_gas + Upsilon_d*Sigma_disk_ml1 + Upsilon_b*Sigma_bulge_ml1,basis_only; stellar_mass_to_light_nuisance_not_applied,J = Sigma_b * V_model,self_consistent_model_velocity_required; not_evaluated,0,tabulated,piecewise_linear,data/stationary/source_reconstruction/leroy2008_things_hi_profiles_v1.csv,NGC7793:35
NGC7793,blind,36,4.03,7.61331269351,24.84,0,Sigma_b = Sigma_gas + Upsilon_d*Sigma_disk_ml1 + Upsilon_b*Sigma_bulge_ml1,basis_only; stellar_mass_to_light_nuisance_not_applied,J = Sigma_b * V_model,self_consistent_model_velocity_required; not_evaluated,0,tabulated,piecewise_linear,data/stationary/source_reconstruction/leroy2008_things_hi_profiles_v1.csv,NGC7793:36
NGC7793,blind,37,4.2,7.09643962849,20.34,0,Sigma_b = Sigma_gas + Upsilon_d*Sigma_disk_ml1 + Upsilon_b*Sigma_bulge_ml1,basis_only; stellar_mass_to_light_nuisance_not_applied,J = Sigma_b * V_model,self_consistent_model_velocity_required; not_evaluated,0,tabulated,piecewise_linear,data/stationary/source_reconstruction/leroy2008_things_hi_profiles_v1.csv,NGC7793:37
NGC7793,blind,38,4.38,6.55654024769,17.27,0,Sigma_b = Sigma_gas + Upsilon_d*Sigma_disk_ml1 + Upsilon_b*Sigma_bulge_ml1,basis_only; stellar_mass_to_light_nuisance_not_applied,J = Sigma_b * V_model,self_consistent_model_velocity_required; not_evaluated,0,tabulated,piecewise_linear,data/stationary/source_reconstruction/leroy2008_things_hi_profiles_v1.csv,NGC7793:38
NGC7793,blind,39,4.73,5.60853328173,14.11,0,Sigma_b = Sigma_gas + Upsilon_d*Sigma_disk_ml1 + Upsilon_b*Sigma_bulge_ml1,basis_only; stellar_mass_to_light_nuisance_not_applied,J = Sigma_b * V_model,self_consistent_model_velocity_required; not_evaluated,0,tabulated,piecewise_linear,data/stationary/source_reconstruction/leroy2008_things_hi_profiles_v1.csv,NGC7793:39
NGC7793,blind,40,5.25,5.07784442725,8.84,0,Sigma_b = Sigma_gas + Upsilon_d*Sigma_disk_ml1 + Upsilon_b*Sigma_bulge_ml1,basis_only; stellar_mass_to_light_nuisance_not_applied,J = Sigma_b * V_model,self_consistent_model_velocity_required; not_evaluated,0,tabulated,piecewise_linear,data/stationary/source_reconstruction/leroy2008_things_hi_profiles_v1.csv,NGC7793:40
NGC7793,blind,41,5.78,3.75450851393,3.77,0,Sigma_b = Sigma_gas + Upsilon_d*Sigma_disk_ml1 + Upsilon_b*Sigma_bulge_ml1,basis_only; stellar_mass_to_light_nuisance_not_applied,J = Sigma_b * V_model,self_consistent_model_velocity_required; not_evaluated,0,tabulated,piecewise_linear,data/stationary/source_reconstruction/leroy2008_things_hi_profiles_v1.csv,NGC7793:41
NGC7793,blind,42,6.3,2.58260448916,4.92,0,Sigma_b = Sigma_gas + Upsilon_d*Sigma_disk_ml1 + Upsilon_b*Sigma_bulge_ml1,basis_only; stellar_mass_to_light_nuisance_not_applied,J = Sigma_b * V_model,self_consistent_model_velocity_required; not_evaluated,0,tabulated,piecewise_linear,data/stationary/source_reconstruction/leroy2008_things_hi_profiles_v1.csv,NGC7793:42
NGC7793,blind,43,6.82,0,2.59,0,Sigma_b = Sigma_gas + Upsilon_d*Sigma_disk_ml1 + Upsilon_b*Sigma_bulge_ml1,basis_only; stellar_mass_to_light_nuisance_not_applied,J = Sigma_b * V_model,self_consistent_model_velocity_required; not_evaluated,0,tabulated,outer_zero,data/stationary/source_reconstruction/leroy2008_things_hi_profiles_v1.csv,NGC7793:43
NGC7793,blind,44,7.35,0,1.7,0,Sigma_b = Sigma_gas + Upsilon_d*Sigma_disk_ml1 + Upsilon_b*Sigma_bulge_ml1,basis_only; stellar_mass_to_light_nuisance_not_applied,J = Sigma_b * V_model,self_consistent_model_velocity_required; not_evaluated,0,tabulated,outer_zero,data/stationary/source_reconstruction/leroy2008_things_hi_profiles_v1.csv,NGC7793:44
NGC7793,blind,45,7.87,0,0,0,Sigma_b = Sigma_gas + Upsilon_d*Sigma_disk_ml1 + Upsilon_b*Sigma_bulge_ml1,basis_only; stellar_mass_to_light_nuisance_not_applied,J = Sigma_b * V_model,self_consistent_model_velocity_required; not_evaluated,0,tabulated,outer_zero,data/stationary/source_reconstruction/leroy2008_things_hi_profiles_v1.csv,NGC7793:45
UGC04483,calibration,0,0.08,13.602469132,41.7,0,Sigma_b = Sigma_gas + Upsilon_d*Sigma_disk_ml1 + Upsilon_b*Sigma_bulge_ml1,basis_only; stellar_mass_to_light_nuisance_not_applied,J = Sigma_b * V_model,self_consistent_model_velocity_required; not_evaluated,0,tabulated,inner_constant,data/stationary/source_reconstruction/lelli2012b_ugc4483_hi_profile_v1.csv,UGC04483:0
UGC04483,calibration,1,0.24,13.6278954594,19.51,0,Sigma_b = Sigma_gas + Upsilon_d*Sigma_disk_ml1 + Upsilon_b*Sigma_bulge_ml1,basis_only; stellar_mass_to_light_nuisance_not_applied,J = Sigma_b * V_model,self_consistent_model_velocity_required; not_evaluated,0,tabulated,piecewise_linear,data/stationary/source_reconstruction/lelli2012b_ugc4483_hi_profile_v1.csv,UGC04483:1
UGC04483,calibration,2,0.4,11.646537002,6.19,0,Sigma_b = Sigma_gas + Upsilon_d*Sigma_disk_ml1 + Upsilon_b*Sigma_bulge_ml1,basis_only; stellar_mass_to_light_nuisance_not_applied,J = Sigma_b * V_model,self_consistent_model_velocity_required; not_evaluated,0,tabulated,piecewise_linear,data/stationary/source_reconstruction/lelli2012b_ugc4483_hi_profile_v1.csv,UGC04483:2
UGC04483,calibration,3,0.57,8.4983153909,2.73,0,Sigma_b = Sigma_gas + Upsilon_d*Sigma_disk_ml1 + Upsilon_b*Sigma_bulge_ml1,basis_only; stellar_mass_to_light_nuisance_not_applied,J = Sigma_b * V_model,self_consistent_model_velocity_required; not_evaluated,0,tabulated,piecewise_linear,data/stationary/source_reconstruction/lelli2012b_ugc4483_hi_profile_v1.csv,UGC04483:3
UGC04483,calibration,4,0.73,6.07207875477,1.13,0,Sigma_b = Sigma_gas + Upsilon_d*Sigma_disk_ml1 + Upsilon_b*Sigma_bulge_ml1,basis_only; stellar_mass_to_light_nuisance_not_applied,J = Sigma_b * V_model,self_consistent_model_velocity_required; not_evaluated,0,tabulated,piecewise_linear,data/stationary/source_reconstruction/lelli2012b_ugc4483_hi_profile_v1.csv,UGC04483:4
UGC04483,calibration,5,0.89,4.57527207428,0.46,0,Sigma_b = Sigma_gas + Upsilon_d*Sigma_disk_ml1 + Upsilon_b*Sigma_bulge_ml1,basis_only; stellar_mass_to_light_nuisance_not_applied,J = Sigma_b * V_model,self_consistent_model_velocity_required; not_evaluated,0,tabulated,piecewise_linear,data/stationary/source_reconstruction/lelli2012b_ugc4483_hi_profile_v1.csv,UGC04483:5
UGC04483,calibration,6,1.05,3.44641778085,0.19,0,Sigma_b = Sigma_gas + Upsilon_d*Sigma_disk_ml1 + Upsilon_b*Sigma_bulge_ml1,basis_only; stellar_mass_to_light_nuisance_not_applied,J = Sigma_b * V_model,self_consistent_model_velocity_required; not_evaluated,0,tabulated,piecewise_linear,data/stationary/source_reconstruction/lelli2012b_ugc4483_hi_profile_v1.csv,UGC04483:6
UGC04483,calibration,7,1.21,2.42076062255,0,0,Sigma_b = Sigma_gas + Upsilon_d*Sigma_disk_ml1 + Upsilon_b*Sigma_bulge_ml1,basis_only; stellar_mass_to_light_nuisance_not_applied,J = Sigma_b * V_model,self_consistent_model_velocity_required; not_evaluated,0,tabulated,piecewise_linear,data/stationary/source_reconstruction/lelli2012b_ugc4483_hi_profile_v1.csv,UGC04483:7
UGC05918,calibration,0,0.56,3.51802602865,13.38,0,Sigma_b = Sigma_gas + Upsilon_d*Sigma_disk_ml1 + Upsilon_b*Sigma_bulge_ml1,basis_only; stellar_mass_to_light_nuisance_not_applied,J = Sigma_b * V_model,self_consistent_model_velocity_required; not_evaluated,0,tabulated,piecewise_linear,data/stationary/source_reconstruction/iorio2017_ddo87_ddo126_hi_profiles_v1.csv,UGC05918:0
UGC05918,calibration,1,1.11,3.39419319667,9.28,0,Sigma_b = Sigma_gas + Upsilon_d*Sigma_disk_ml1 + Upsilon_b*Sigma_bulge_ml1,basis_only; stellar_mass_to_light_nuisance_not_applied,J = Sigma_b * V_model,self_consistent_model_velocity_required; not_evaluated,0,tabulated,piecewise_linear,data/stationary/source_reconstruction/iorio2017_ddo87_ddo126_hi_profiles_v1.csv,UGC05918:1
UGC05918,calibration,2,1.67,3.59312087037,6.42,0,Sigma_b = Sigma_gas + Upsilon_d*Sigma_disk_ml1 + Upsilon_b*Sigma_bulge_ml1,basis_only; stellar_mass_to_light_nuisance_not_applied,J = Sigma_b * V_model,self_consistent_model_velocity_required; not_evaluated,0,tabulated,piecewise_linear,data/stationary/source_reconstruction/iorio2017_ddo87_ddo126_hi_profiles_v1.csv,UGC05918:2
UGC05918,calibration,3,2.23,3.40136892012,4.67,0,Sigma_b = Sigma_gas + Upsilon_d*Sigma_disk_ml1 + Upsilon_b*Sigma_bulge_ml1,basis_only; stellar_mass_to_light_nuisance_not_applied,J = Sigma_b * V_model,self_consistent_model_velocity_required; not_evaluated,0,tabulated,piecewise_linear,data/stationary/source_reconstruction/iorio2017_ddo87_ddo126_hi_profiles_v1.csv,UGC05918:3
UGC05918,calibration,4,2.79,2.4426680016,2.61,0,Sigma_b = Sigma_gas + Upsilon_d*Sigma_disk_ml1 + Upsilon_b*Sigma_bulge_ml1,basis_only; stellar_mass_to_light_nuisance_not_applied,J = Sigma_b * V_model,self_consistent_model_velocity_required; not_evaluated,0,tabulated,piecewise_linear,data/stationary/source_reconstruction/iorio2017_ddo87_ddo126_hi_profiles_v1.csv,UGC05918:4
UGC05918,calibration,5,3.34,2.18064954074,2.22,0,Sigma_b = Sigma_gas + Upsilon_d*Sigma_disk_ml1 + Upsilon_b*Sigma_bulge_ml1,basis_only; stellar_mass_to_light_nuisance_not_applied,J = Sigma_b * V_model,self_consistent_model_velocity_required; not_evaluated,0,tabulated,piecewise_linear,data/stationary/source_reconstruction/iorio2017_ddo87_ddo126_hi_profiles_v1.csv,UGC05918:5
UGC05918,calibration,6,3.9,2.44427834531,2.07,0,Sigma_b = Sigma_gas + Upsilon_d*Sigma_disk_ml1 + Upsilon_b*Sigma_bulge_ml1,basis_only; stellar_mass_to_light_nuisance_not_applied,J = Sigma_b * V_model,self_consistent_model_velocity_required; not_evaluated,0,tabulated,piecewise_linear,data/stationary/source_reconstruction/iorio2017_ddo87_ddo126_hi_profiles_v1.csv,UGC05918:6
UGC05918,calibration,7,4.46,2.32342559264,0,0,Sigma_b = Sigma_gas + Upsilon_d*Sigma_disk_ml1 + Upsilon_b*Sigma_bulge_ml1,basis_only; stellar_mass_to_light_nuisance_not_applied,J = Sigma_b * V_model,self_consistent_model_velocity_required; not_evaluated,0,tabulated,piecewise_linear,data/stationary/source_reconstruction/iorio2017_ddo87_ddo126_hi_profiles_v1.csv,UGC05918:7
UGC07559,calibration,0,0.36,6.7298,30.89,0,Sigma_b = Sigma_gas + Upsilon_d*Sigma_disk_ml1 + Upsilon_b*Sigma_bulge_ml1,basis_only; stellar_mass_to_light_nuisance_not_applied,J = Sigma_b * V_model,self_consistent_model_velocity_required; not_evaluated,0,tabulated,inner_constant,data/stationary/source_reconstruction/iorio2017_ddo87_ddo126_hi_profiles_v1.csv,UGC07559:0
UGC07559,calibration,1,0.72,6.70351542114,16.96,0,Sigma_b = Sigma_gas + Upsilon_d*Sigma_disk_ml1 + Upsilon_b*Sigma_bulge_ml1,basis_only; stellar_mass_to_light_nuisance_not_applied,J = Sigma_b * V_model,self_consistent_model_velocity_required; not_evaluated,0,tabulated,piecewise_linear,data/stationary/source_reconstruction/iorio2017_ddo87_ddo126_hi_profiles_v1.csv,UGC07559:1
UGC07559,calibration,2,1.08,6.01012829283,9,0,Sigma_b = Sigma_gas + Upsilon_d*Sigma_disk_ml1 + Upsilon_b*Sigma_bulge_ml1,basis_only; stellar_mass_to_light_nuisance_not_applied,J = Sigma_b * V_model,self_consistent_model_velocity_required; not_evaluated,0,tabulated,piecewise_linear,data/stationary/source_reconstruction/iorio2017_ddo87_ddo126_hi_profiles_v1.csv,UGC07559:2
UGC07559,calibration,3,1.45,5.1953323429,4.91,0,Sigma_b = Sigma_gas + Upsilon_d*Sigma_disk_ml1 + Upsilon_b*Sigma_bulge_ml1,basis_only; stellar_mass_to_light_nuisance_not_applied,J = Sigma_b * V_model,self_consistent_model_velocity_required; not_evaluated,0,tabulated,piecewise_linear,data/stationary/source_reconstruction/iorio2017_ddo87_ddo126_hi_profiles_v1.csv,UGC07559:3
UGC07559,calibration,4,1.8,4.89597710571,2.03,0,Sigma_b = Sigma_gas + Upsilon_d*Sigma_disk_ml1 + Upsilon_b*Sigma_bulge_ml1,basis_only; stellar_mass_to_light_nuisance_not_applied,J = Sigma_b * V_model,self_consistent_model_velocity_required; not_evaluated,0,tabulated,piecewise_linear,data/stationary/source_reconstruction/iorio2017_ddo87_ddo126_hi_profiles_v1.csv,UGC07559:4
UGC07559,calibration,5,2.17,4.82577119771,1.39,0,Sigma_b = Sigma_gas + Upsilon_d*Sigma_disk_ml1 + Upsilon_b*Sigma_bulge_ml1,basis_only; stellar_mass_to_light_nuisance_not_applied,J = Sigma_b * V_model,self_consistent_model_velocity_required; not_evaluated,0,tabulated,piecewise_linear,data/stationary/source_reconstruction/iorio2017_ddo87_ddo126_hi_profiles_v1.csv,UGC07559:5
UGC07559,calibration,6,2.53,4.12300055933,0,0,Sigma_b = Sigma_gas + Upsilon_d*Sigma_disk_ml1 + Upsilon_b*Sigma_bulge_ml1,basis_only; stellar_mass_to_light_nuisance_not_applied,J = Sigma_b * V_model,self_consistent_model_velocity_required; not_evaluated,0,tabulated,piecewise_linear,data/stationary/source_reconstruction/iorio2017_ddo87_ddo126_hi_profiles_v1.csv,UGC07559:6
UGC09037,calibration,0,2.43,16.55683085,402.36,0,Sigma_b = Sigma_gas + Upsilon_d*Sigma_disk_ml1 + Upsilon_b*Sigma_bulge_ml1,basis_only; stellar_mass_to_light_nuisance_not_applied,J = Sigma_b * V_model,self_consistent_model_velocity_required; not_evaluated,0,tabulated,inner_constant,data/stationary/source_reconstruction/ha14_vector_hi_profiles_v2.csv,UGC09037:0
UGC09037,calibration,1,3.65,16.4847061627,235.2,0,Sigma_b = Sigma_gas + Upsilon_d*Sigma_disk_ml1 + Upsilon_b*Sigma_bulge_ml1,basis_only; stellar_mass_to_light_nuisance_not_applied,J = Sigma_b * V_model,self_consistent_model_velocity_required; not_evaluated,0,tabulated,piecewise_linear,data/stationary/source_reconstruction/ha14_vector_hi_profiles_v2.csv,UGC09037:1
UGC09037,calibration,2,4.86,16.577280798,147.3,0,Sigma_b = Sigma_gas + Upsilon_d*Sigma_disk_ml1 + Upsilon_b*Sigma_bulge_ml1,basis_only; stellar_mass_to_light_nuisance_not_applied,J = Sigma_b * V_model,self_consistent_model_velocity_required; not_evaluated,0,tabulated,piecewise_linear,data/stationary/source_reconstruction/ha14_vector_hi_profiles_v2.csv,UGC09037:2
UGC09037,calibration,3,6.08,16.4914454542,121.61,0,Sigma_b = Sigma_gas + Upsilon_d*Sigma_disk_ml1 + Upsilon_b*Sigma_bulge_ml1,basis_only; stellar_mass_to_light_nuisance_not_applied,J = Sigma_b * V_model,self_consistent_model_velocity_required; not_evaluated,0,tabulated,piecewise_linear,data/stationary/source_reconstruction/ha14_vector_hi_profiles_v2.csv,UGC09037:3
UGC09037,calibration,4,7.29,15.7766263445,90.72,0,Sigma_b = Sigma_gas + Upsilon_d*Sigma_disk_ml1 + Upsilon_b*Sigma_bulge_ml1,basis_only; stellar_mass_to_light_nuisance_not_applied,J = Sigma_b * V_model,self_consistent_model_velocity_required; not_evaluated,0,tabulated,piecewise_linear,data/stationary/source_reconstruction/ha14_vector_hi_profiles_v2.csv,UGC09037:4
UGC09037,calibration,5,8.51,14.5973794492,62.19,0,Sigma_b = Sigma_gas + Upsilon_d*Sigma_disk_ml1 + Upsilon_b*Sigma_bulge_ml1,basis_only; stellar_mass_to_light_nuisance_not_applied,J = Sigma_b * V_model,self_consistent_model_velocity_required; not_evaluated,0,tabulated,piecewise_linear,data/stationary/source_reconstruction/ha14_vector_hi_profiles_v2.csv,UGC09037:5
UGC09037,calibration,6,9.73,13.6848440284,48.99,0,Sigma_b = Sigma_gas + Upsilon_d*Sigma_disk_ml1 + Upsilon_b*Sigma_bulge_ml1,basis_only; stellar_mass_to_light_nuisance_not_applied,J = Sigma_b * V_model,self_consistent_model_velocity_required; not_evaluated,0,tabulated,piecewise_linear,data/stationary/source_reconstruction/ha14_vector_hi_profiles_v2.csv,UGC09037:6
UGC09037,calibration,7,10.96,13.2848523249,39.66,0,Sigma_b = Sigma_gas + Upsilon_d*Sigma_disk_ml1 + Upsilon_b*Sigma_bulge_ml1,basis_only; stellar_mass_to_light_nuisance_not_applied,J = Sigma_b * V_model,self_consistent_model_velocity_required; not_evaluated,0,tabulated,piecewise_linear,data/stationary/source_reconstruction/ha14_vector_hi_profiles_v2.csv,UGC09037:7
UGC09037,calibration,8,12.19,12.9828966333,25.26,0,Sigma_b = Sigma_gas + Upsilon_d*Sigma_disk_ml1 + Upsilon_b*Sigma_bulge_ml1,basis_only; stellar_mass_to_light_nuisance_not_applied,J = Sigma_b * V_model,self_consistent_model_velocity_required; not_evaluated,0,tabulated,piecewise_linear,data/stationary/source_reconstruction/ha14_vector_hi_profiles_v2.csv,UGC09037:8
UGC09037,calibration,9,13.41,12.2480071887,18.66,0,Sigma_b = Sigma_gas + Upsilon_d*Sigma_disk_ml1 + Upsilon_b*Sigma_bulge_ml1,basis_only; stellar_mass_to_light_nuisance_not_applied,J = Sigma_b * V_model,self_consistent_model_velocity_required; not_evaluated,0,tabulated,piecewise_linear,data/stationary/source_reconstruction/ha14_vector_hi_profiles_v2.csv,UGC09037:9
UGC09037,calibration,10,14.55,11.1075533528,14.96,0,Sigma_b = Sigma_gas + Upsilon_d*Sigma_disk_ml1 + Upsilon_b*Sigma_bulge_ml1,basis_only; stellar_mass_to_light_nuisance_not_applied,J = Sigma_b * V_model,self_consistent_model_velocity_required; not_evaluated,0,tabulated,piecewise_linear,data/stationary/source_reconstruction/ha14_vector_hi_profiles_v2.csv,UGC09037:10
UGC09037,calibration,11,15.78,9.68220935209,10.66,0,Sigma_b = Sigma_gas + Upsilon_d*Sigma_disk_ml1 + Upsilon_b*Sigma_bulge_ml1,basis_only; stellar_mass_to_light_nuisance_not_applied,J = Sigma_b * V_model,self_consistent_model_velocity_required; not_evaluated,0,tabulated,piecewise_linear,data/stationary/source_reconstruction/ha14_vector_hi_profiles_v2.csv,UGC09037:11
UGC09037,calibration,12,17,8.37076259424,7.68,0,Sigma_b = Sigma_gas + Upsilon_d*Sigma_disk_ml1 + Upsilon_b*Sigma_bulge_ml1,basis_only; stellar_mass_to_light_nuisance_not_applied,J = Sigma_b * V_model,self_consistent_model_velocity_required; not_evaluated,0,tabulated,piecewise_linear,data/stationary/source_reconstruction/ha14_vector_hi_profiles_v2.csv,UGC09037:12
UGC09037,calibration,13,18.23,7.40402099573,5.88,0,Sigma_b = Sigma_gas + Upsilon_d*Sigma_disk_ml1 + Upsilon_b*Sigma_bulge_ml1,basis_only; stellar_mass_to_light_nuisance_not_applied,J = Sigma_b * V_model,self_consistent_model_velocity_required; not_evaluated,0,tabulated,piecewise_linear,data/stationary/source_reconstruction/ha14_vector_hi_profiles_v2.csv,UGC09037:13
UGC09037,calibration,14,19.46,6.71437197832,4.69,0,Sigma_b = Sigma_gas + Upsilon_d*Sigma_disk_ml1 + Upsilon_b*Sigma_bulge_ml1,basis_only; stellar_mass_to_light_nuisance_not_applied,J = Sigma_b * V_model,self_consistent_model_velocity_required; not_evaluated,0,tabulated,piecewise_linear,data/stationary/source_reconstruction/ha14_vector_hi_profiles_v2.csv,UGC09037:14
UGC09037,calibration,15,20.69,6.07219884791,3.96,0,Sigma_b = Sigma_gas + Upsilon_d*Sigma_disk_ml1 + Upsilon_b*Sigma_bulge_ml1,basis_only; stellar_mass_to_light_nuisance_not_applied,J = Sigma_b * V_model,self_consistent_model_velocity_required; not_evaluated,0,tabulated,piecewise_linear,data/stationary/source_reconstruction/ha14_vector_hi_profiles_v2.csv,UGC09037:15
UGC09037,calibration,16,21.92,5.42451881028,3.38,0,Sigma_b = Sigma_gas + Upsilon_d*Sigma_disk_ml1 + Upsilon_b*Sigma_bulge_ml1,basis_only; stellar_mass_to_light_nuisance_not_applied,J = Sigma_b * V_model,self_consistent_model_velocity_required; not_evaluated,0,tabulated,piecewise_linear,data/stationary/source_reconstruction/ha14_vector_hi_profiles_v2.csv,UGC09037:16
UGC09037,calibration,17,23.14,4.9434133893,2.58,0,Sigma_b = Sigma_gas + Upsilon_d*Sigma_disk_ml1 + Upsilon_b*Sigma_bulge_ml1,basis_only; stellar_mass_to_light_nuisance_not_applied,J = Sigma_b * V_model,self_consistent_model_velocity_required; not_evaluated,0,tabulated,piecewise_linear,data/stationary/source_reconstruction/ha14_vector_hi_profiles_v2.csv,UGC09037:17
UGC09037,calibration,18,24.28,4.7515312938,2.11,0,Sigma_b = Sigma_gas + Upsilon_d*Sigma_disk_ml1 + Upsilon_b*Sigma_bulge_ml1,basis_only; stellar_mass_to_light_nuisance_not_applied,J = Sigma_b * V_model,self_consistent_model_velocity_required; not_evaluated,0,tabulated,piecewise_linear,data/stationary/source_reconstruction/ha14_vector_hi_profiles_v2.csv,UGC09037:18
UGC09037,calibration,19,25.51,4.62347862624,1.93,0,Sigma_b = Sigma_gas + Upsilon_d*Sigma_disk_ml1 + Upsilon_b*Sigma_bulge_ml1,basis_only; stellar_mass_to_light_nuisance_not_applied,J = Sigma_b * V_model,self_consistent_model_velocity_required; not_evaluated,0,tabulated,piecewise_linear,data/stationary/source_reconstruction/ha14_vector_hi_profiles_v2.csv,UGC09037:19
UGC09037,calibration,20,26.73,4.41158237632,1.77,0,Sigma_b = Sigma_gas + Upsilon_d*Sigma_disk_ml1 + Upsilon_b*Sigma_bulge_ml1,basis_only; stellar_mass_to_light_nuisance_not_applied,J = Sigma_b * V_model,self_consistent_model_velocity_required; not_evaluated,0,tabulated,piecewise_linear,data/stationary/source_reconstruction/ha14_vector_hi_profiles_v2.csv,UGC09037:20
UGC09037,calibration,21,27.96,4.07264374618,1.67,0,Sigma_b = Sigma_gas + Upsilon_d*Sigma_disk_ml1 + Upsilon_b*Sigma_bulge_ml1,basis_only; stellar_mass_to_light_nuisance_not_applied,J = Sigma_b * V_model,self_consistent_model_velocity_required; not_evaluated,0,tabulated,piecewise_linear,data/stationary/source_reconstruction/ha14_vector_hi_profiles_v2.csv,UGC09037:21
UGC12506,calibration,0,0.82,17.604156374,413.25,0,Sigma_b = Sigma_gas + Upsilon_d*Sigma_disk_ml1 + Upsilon_b*Sigma_bulge_ml1,basis_only; stellar_mass_to_light_nuisance_not_applied,J = Sigma_b * V_model,self_consistent_model_velocity_required; not_evaluated,0,tabulated,inner_constant,data/stationary/source_reconstruction/ha14_vector_hi_profiles_v2.csv,UGC12506:0
UGC12506,calibration,1,2.46,17.604156374,306.2,0,Sigma_b = Sigma_gas + Upsilon_d*Sigma_disk_ml1 + Upsilon_b*Sigma_bulge_ml1,basis_only; stellar_mass_to_light_nuisance_not_applied,J = Sigma_b * V_model,self_consistent_model_velocity_required; not_evaluated,0,tabulated,inner_constant,data/stationary/source_reconstruction/ha14_vector_hi_profiles_v2.csv,UGC12506:1
UGC12506,calibration,2,4.1,13.5640787538,228.25,0,Sigma_b = Sigma_gas + Upsilon_d*Sigma_disk_ml1 + Upsilon_b*Sigma_bulge_ml1,basis_only; stellar_mass_to_light_nuisance_not_applied,J = Sigma_b * V_model,self_consistent_model_velocity_required; not_evaluated,0,tabulated,piecewise_linear,data/stationary/source_reconstruction/ha14_vector_hi_profiles_v2.csv,UGC12506:2
UGC12506,calibration,3,5.74,10.1174973793,177.01,0,Sigma_b = Sigma_gas + Upsilon_d*Sigma_disk_ml1 + Upsilon_b*Sigma_bulge_ml1,basis_only; stellar_mass_to_light_nuisance_not_applied,J = Sigma_b * V_model,self_consistent_model_velocity_required; not_evaluated,0,tabulated,piecewise_linear,data/stationary/source_reconstruction/ha14_vector_hi_profiles_v2.csv,UGC12506:3
UGC12506,calibration,4,7.38,7.87119948655,158.86,0,Sigma_b = Sigma_gas + Upsilon_d*Sigma_disk_ml1 + Upsilon_b*Sigma_bulge_ml1,basis_only; stellar_mass_to_light_nuisance_not_applied,J = Sigma_b * V_model,self_consistent_model_velocity_required; not_evaluated,0,tabulated,piecewise_linear,data/stationary/source_reconstruction/ha14_vector_hi_profiles_v2.csv,UGC12506:4
UGC12506,calibration,5,9.02,7.01515160732,132.54,0,Sigma_b = Sigma_gas + Upsilon_d*Sigma_disk_ml1 + Upsilon_b*Sigma_bulge_ml1,basis_only; stellar_mass_to_light_nuisance_not_applied,J = Sigma_b * V_model,self_consistent_model_velocity_required; not_evaluated,0,tabulated,piecewise_linear,data/stationary/source_reconstruction/ha14_vector_hi_profiles_v2.csv,UGC12506:5
UGC12506,calibration,6,10.65,7.32203191525,103.66,0,Sigma_b = Sigma_gas + Upsilon_d*Sigma_disk_ml1 + Upsilon_b*Sigma_bulge_ml1,basis_only; stellar_mass_to_light_nuisance_not_applied,J = Sigma_b * V_model,self_consistent_model_velocity_required; not_evaluated,0,tabulated,piecewise_linear,data/stationary/source_reconstruction/ha14_vector_hi_profiles_v2.csv,UGC12506:6
UGC12506,calibration,7,12.29,8.26887852061,76.77,0,Sigma_b = Sigma_gas + Upsilon_d*Sigma_disk_ml1 + Upsilon_b*Sigma_bulge_ml1,basis_only; stellar_mass_to_light_nuisance_not_applied,J = Sigma_b * V_model,self_consistent_model_velocity_required; not_evaluated,0,tabulated,piecewise_linear,data/stationary/source_reconstruction/ha14_vector_hi_profiles_v2.csv,UGC12506:7
UGC12506,calibration,8,13.93,9.28187080537,57.94,0,Sigma_b = Sigma_gas + Upsilon_d*Sigma_disk_ml1 + Upsilon_b*Sigma_bulge_ml1,basis_only; stellar_mass_to_light_nuisance_not_applied,J = Sigma_b * V_model,self_consistent_model_velocity_required; not_evaluated,0,tabulated,piecewise_linear,data/stationary/source_reconstruction/ha14_vector_hi_profiles_v2.csv,UGC12506:8
UGC12506,calibration,9,15.57,9.89109799012,46.35,0,Sigma_b = Sigma_gas + Upsilon_d*Sigma_disk_ml1 + Upsilon_b*Sigma_bulge_ml1,basis_only; stellar_mass_to_light_nuisance_not_applied,J = Sigma_b * V_model,self_consistent_model_velocity_required; not_evaluated,0,tabulated,piecewise_linear,data/stationary/source_reconstruction/ha14_vector_hi_profiles_v2.csv,UGC12506:9
UGC12506,calibration,10,17.21,9.86291523028,35.14,0,Sigma_b = Sigma_gas + Upsilon_d*Sigma_disk_ml1 + Upsilon_b*Sigma_bulge_ml1,basis_only; stellar_mass_to_light_nuisance_not_applied,J = Sigma_b * V_model,self_consistent_model_velocity_required; not_evaluated,0,tabulated,piecewise_linear,data/stationary/source_reconstruction/ha14_vector_hi_profiles_v2.csv,UGC12506:10
UGC12506,calibration,11,18.85,9.23896156787,26.49,0,Sigma_b = Sigma_gas + Upsilon_d*Sigma_disk_ml1 + Upsilon_b*Sigma_bulge_ml1,basis_only; stellar_mass_to_light_nuisance_not_applied,J = Sigma_b * V_model,self_consistent_model_velocity_required; not_evaluated,0,tabulated,piecewise_linear,data/stationary/source_reconstruction/ha14_vector_hi_profiles_v2.csv,UGC12506:11
UGC12506,calibration,12,20.49,8.24914865019,20.79,0,Sigma_b = Sigma_gas + Upsilon_d*Sigma_disk_ml1 + Upsilon_b*Sigma_bulge_ml1,basis_only; stellar_mass_to_light_nuisance_not_applied,J = Sigma_b * V_model,self_consistent_model_velocity_required; not_evaluated,0,tabulated,piecewise_linear,data/stationary/source_reconstruction/ha14_vector_hi_profiles_v2.csv,UGC12506:12
UGC12506,calibration,13,22.13,7.18487777878,17.2,0,Sigma_b = Sigma_gas + Upsilon_d*Sigma_disk_ml1 + Upsilon_b*Sigma_bulge_ml1,basis_only; stellar_mass_to_light_nuisance_not_applied,J = Sigma_b * V_model,self_consistent_model_velocity_required; not_evaluated,0,tabulated,piecewise_linear,data/stationary/source_reconstruction/ha14_vector_hi_profiles_v2.csv,UGC12506:13
UGC12506,calibration,14,23.77,6.25917596959,13.63,0,Sigma_b = Sigma_gas + Upsilon_d*Sigma_disk_ml1 + Upsilon_b*Sigma_bulge_ml1,basis_only; stellar_mass_to_light_nuisance_not_applied,J = Sigma_b * V_model,self_consistent_model_velocity_required; not_evaluated,0,tabulated,piecewise_linear,data/stationary/source_reconstruction/ha14_vector_hi_profiles_v2.csv,UGC12506:14
UGC12506,calibration,15,25.41,5.61407777974,11.03,0,Sigma_b = Sigma_gas + Upsilon_d*Sigma_disk_ml1 + Upsilon_b*Sigma_bulge_ml1,basis_only; stellar_mass_to_light_nuisance_not_applied,J = Sigma_b * V_model,self_consistent_model_velocity_required; not_evaluated,0,tabulated,piecewise_linear,data/stationary/source_reconstruction/ha14_vector_hi_profiles_v2.csv,UGC12506:15
UGC12506,calibration,16,27.05,5.28596514436,9,0,Sigma_b = Sigma_gas + Upsilon_d*Sigma_disk_ml1 + Upsilon_b*Sigma_bulge_ml1,basis_only; stellar_mass_to_light_nuisance_not_applied,J = Sigma_b * V_model,self_consistent_model_velocity_required; not_evaluated,0,tabulated,piecewise_linear,data/stationary/source_reconstruction/ha14_vector_hi_profiles_v2.csv,UGC12506:16
UGC12506,calibration,17,28.68,5.18280288649,7.43,0,Sigma_b = Sigma_gas + Upsilon_d*Sigma_disk_ml1 + Upsilon_b*Sigma_bulge_ml1,basis_only; stellar_mass_to_light_nuisance_not_applied,J = Sigma_b * V_model,self_consistent_model_velocity_required; not_evaluated,0,tabulated,piecewise_linear,data/stationary/source_reconstruction/ha14_vector_hi_profiles_v2.csv,UGC12506:17
UGC12506,calibration,18,30.32,5.1055394478,6.46,0,Sigma_b = Sigma_gas + Upsilon_d*Sigma_disk_ml1 + Upsilon_b*Sigma_bulge_ml1,basis_only; stellar_mass_to_light_nuisance_not_applied,J = Sigma_b * V_model,self_consistent_model_velocity_required; not_evaluated,0,tabulated,piecewise_linear,data/stationary/source_reconstruction/ha14_vector_hi_profiles_v2.csv,UGC12506:18
UGC12506,calibration,19,31.96,4.86172931042,5.72,0,Sigma_b = Sigma_gas + Upsilon_d*Sigma_disk_ml1 + Upsilon_b*Sigma_bulge_ml1,basis_only; stellar_mass_to_light_nuisance_not_applied,J = Sigma_b * V_model,self_consistent_model_velocity_required; not_evaluated,0,tabulated,piecewise_linear,data/stationary/source_reconstruction/ha14_vector_hi_profiles_v2.csv,UGC12506:19
UGC12506,calibration,20,33.6,4.40827374241,4.88,0,Sigma_b = Sigma_gas + Upsilon_d*Sigma_disk_ml1 + Upsilon_b*Sigma_bulge_ml1,basis_only; stellar_mass_to_light_nuisance_not_applied,J = Sigma_b * V_model,self_consistent_model_velocity_required; not_evaluated,0,tabulated,piecewise_linear,data/stationary/source_reconstruction/ha14_vector_hi_profiles_v2.csv,UGC12506:20
UGC12506,calibration,21,35.24,3.88471614719,4.23,0,Sigma_b = Sigma_gas + Upsilon_d*Sigma_disk_ml1 + Upsilon_b*Sigma_bulge_ml1,basis_only; stellar_mass_to_light_nuisance_not_applied,J = Sigma_b * V_model,self_consistent_model_velocity_required; not_evaluated,0,tabulated,piecewise_linear,data/stationary/source_reconstruction/ha14_vector_hi_profiles_v2.csv,UGC12506:21
UGC12506,calibration,22,36.88,3.48960590163,3.76,0,Sigma_b = Sigma_gas + Upsilon_d*Sigma_disk_ml1 + Upsilon_b*Sigma_bulge_ml1,basis_only; stellar_mass_to_light_nuisance_not_applied,J = Sigma_b * V_model,self_consistent_model_velocity_required; not_evaluated,0,tabulated,piecewise_linear,data/stationary/source_reconstruction/ha14_vector_hi_profiles_v2.csv,UGC12506:22
UGC12506,calibration,23,38.52,3.30999786139,3.31,0,Sigma_b = Sigma_gas + Upsilon_d*Sigma_disk_ml1 + Upsilon_b*Sigma_bulge_ml1,basis_only; stellar_mass_to_light_nuisance_not_applied,J = Sigma_b * V_model,self_consistent_model_velocity_required; not_evaluated,0,tabulated,piecewise_linear,data/stationary/source_reconstruction/ha14_vector_hi_profiles_v2.csv,UGC12506:23
UGC12506,calibration,24,40.16,3.28343577902,2.88,0,Sigma_b = Sigma_gas + Upsilon_d*Sigma_disk_ml1 + Upsilon_b*Sigma_bulge_ml1,basis_only; stellar_mass_to_light_nuisance_not_applied,J = Sigma_b * V_model,self_consistent_model_velocity_required; not_evaluated,0,tabulated,piecewise_linear,data/stationary/source_reconstruction/ha14_vector_hi_profiles_v2.csv,UGC12506:24
UGC12506,calibration,25,41.8,3.27266881299,2.53,0,Sigma_b = Sigma_gas + Upsilon_d*Sigma_disk_ml1 + Upsilon_b*Sigma_bulge_ml1,basis_only; stellar_mass_to_light_nuisance_not_applied,J = Sigma_b * V_model,self_consistent_model_velocity_required; not_evaluated,0,tabulated,piecewise_linear,data/stationary/source_reconstruction/ha14_vector_hi_profiles_v2.csv,UGC12506:25
UGC12506,calibration,26,43.44,3.19613758841,2.26,0,Sigma_b = Sigma_gas + Upsilon_d*Sigma_disk_ml1 + Upsilon_b*Sigma_bulge_ml1,basis_only; stellar_mass_to_light_nuisance_not_applied,J = Sigma_b * V_model,self_consistent_model_velocity_required; not_evaluated,0,tabulated,piecewise_linear,data/stationary/source_reconstruction/ha14_vector_hi_profiles_v2.csv,UGC12506:26
UGC12506,calibration,27,45.08,3.080940876,0,0,Sigma_b = Sigma_gas + Upsilon_d*Sigma_disk_ml1 + Upsilon_b*Sigma_bulge_ml1,basis_only; stellar_mass_to_light_nuisance_not_applied,J = Sigma_b * V_model,self_consistent_model_velocity_required; not_evaluated,0,tabulated,piecewise_linear,data/stationary/source_reconstruction/ha14_vector_hi_profiles_v2.csv,UGC12506:27
UGC12506,calibration,28,46.71,3.01984504901,0,0,Sigma_b = Sigma_gas + Upsilon_d*Sigma_disk_ml1 + Upsilon_b*Sigma_bulge_ml1,basis_only; stellar_mass_to_light_nuisance_not_applied,J = Sigma_b * V_model,self_consistent_model_velocity_required; not_evaluated,0,tabulated,piecewise_linear,data/stationary/source_reconstruction/ha14_vector_hi_profiles_v2.csv,UGC12506:28
UGC12506,calibration,29,48.35,3.07955429812,0,0,Sigma_b = Sigma_gas + Upsilon_d*Sigma_disk_ml1 + Upsilon_b*Sigma_bulge_ml1,basis_only; stellar_mass_to_light_nuisance_not_applied,J = Sigma_b * V_model,self_consistent_model_velocity_required; not_evaluated,0,tabulated,piecewise_linear,data/stationary/source_reconstruction/ha14_vector_hi_profiles_v2.csv,UGC12506:29
UGC12506,calibration,30,49.99,3.22811836898,0,0,Sigma_b = Sigma_gas + Upsilon_d*Sigma_disk_ml1 + Upsilon_b*Sigma_bulge_ml1,basis_only; stellar_mass_to_light_nuisance_not_applied,J = Sigma_b * V_model,self_consistent_model_velocity_required; not_evaluated,0,tabulated,piecewise_linear,data/stationary/source_reconstruction/ha14_vector_hi_profiles_v2.csv,UGC12506:30
