galaxy,stationary_role,galaxy_point_index,radius_kpc,sigma_neutral_1p33_msun_pc2,common_surface_density_convention,profile_kind,evaluation_method,continuation_side,coverage_class,measured_support_rmin_kpc,measured_support_rmax_kpc,source_bracket_lower_index,source_bracket_upper_index,source_artifact,common_profile_artifact,radius_mapping_method,helium_mapping_method,surface_density_multiplier_to_common_1p33,inclination_amplitude_rescale,uncertainty_treatment,interpolation_policy
CamB,calibration,0,0.16,7.6217895644,Sigma_neutral_1p33 = 1.33 * Sigma_HI_raw,analytic,analytic_offcentered_gaussian_sum,none,analytic_defined_on_rotation_grid,0,analytic,,,data/stationary/source_reconstruction/begum_chengalur_analytic_profile_parameters_v1.csv,data/stationary/source_reconstruction/certified_hi_common_analytic_v5.csv,analytic_angular_scale_times_frozen_distance,raw_HI_to_common_1p33,1.33,0,central_value_frozen; source_uncertainties_retained_upstream,validation/stationary/STATIONARY_HI_INTERPOLATION_CONTINUATION_POLICY_V1.md
CamB,calibration,1,0.41,6.48127264024,Sigma_neutral_1p33 = 1.33 * Sigma_HI_raw,analytic,analytic_offcentered_gaussian_sum,none,analytic_defined_on_rotation_grid,0,analytic,,,data/stationary/source_reconstruction/begum_chengalur_analytic_profile_parameters_v1.csv,data/stationary/source_reconstruction/certified_hi_common_analytic_v5.csv,analytic_angular_scale_times_frozen_distance,raw_HI_to_common_1p33,1.33,0,central_value_frozen; source_uncertainties_retained_upstream,validation/stationary/STATIONARY_HI_INTERPOLATION_CONTINUATION_POLICY_V1.md
CamB,calibration,2,0.57,5.42249625663,Sigma_neutral_1p33 = 1.33 * Sigma_HI_raw,analytic,analytic_offcentered_gaussian_sum,none,analytic_defined_on_rotation_grid,0,analytic,,,data/stationary/source_reconstruction/begum_chengalur_analytic_profile_parameters_v1.csv,data/stationary/source_reconstruction/certified_hi_common_analytic_v5.csv,analytic_angular_scale_times_frozen_distance,raw_HI_to_common_1p33,1.33,0,central_value_frozen; source_uncertainties_retained_upstream,validation/stationary/STATIONARY_HI_INTERPOLATION_CONTINUATION_POLICY_V1.md
CamB,calibration,3,0.73,4.28001048979,Sigma_neutral_1p33 = 1.33 * Sigma_HI_raw,analytic,analytic_offcentered_gaussian_sum,none,analytic_defined_on_rotation_grid,0,analytic,,,data/stationary/source_reconstruction/begum_chengalur_analytic_profile_parameters_v1.csv,data/stationary/source_reconstruction/certified_hi_common_analytic_v5.csv,analytic_angular_scale_times_frozen_distance,raw_HI_to_common_1p33,1.33,0,central_value_frozen; source_uncertainties_retained_upstream,validation/stationary/STATIONARY_HI_INTERPOLATION_CONTINUATION_POLICY_V1.md
CamB,calibration,4,0.9,3.12287211333,Sigma_neutral_1p33 = 1.33 * Sigma_HI_raw,analytic,analytic_offcentered_gaussian_sum,none,analytic_defined_on_rotation_grid,0,analytic,,,data/stationary/source_reconstruction/begum_chengalur_analytic_profile_parameters_v1.csv,data/stationary/source_reconstruction/certified_hi_common_analytic_v5.csv,analytic_angular_scale_times_frozen_distance,raw_HI_to_common_1p33,1.33,0,central_value_frozen; source_uncertainties_retained_upstream,validation/stationary/STATIONARY_HI_INTERPOLATION_CONTINUATION_POLICY_V1.md
CamB,calibration,5,1.06,2.18590930947,Sigma_neutral_1p33 = 1.33 * Sigma_HI_raw,analytic,analytic_offcentered_gaussian_sum,none,analytic_defined_on_rotation_grid,0,analytic,,,data/stationary/source_reconstruction/begum_chengalur_analytic_profile_parameters_v1.csv,data/stationary/source_reconstruction/certified_hi_common_analytic_v5.csv,analytic_angular_scale_times_frozen_distance,raw_HI_to_common_1p33,1.33,0,central_value_frozen; source_uncertainties_retained_upstream,validation/stationary/STATIONARY_HI_INTERPOLATION_CONTINUATION_POLICY_V1.md
CamB,calibration,6,1.22,1.44349964792,Sigma_neutral_1p33 = 1.33 * Sigma_HI_raw,analytic,analytic_offcentered_gaussian_sum,none,analytic_defined_on_rotation_grid,0,analytic,,,data/stationary/source_reconstruction/begum_chengalur_analytic_profile_parameters_v1.csv,data/stationary/source_reconstruction/certified_hi_common_analytic_v5.csv,analytic_angular_scale_times_frozen_distance,raw_HI_to_common_1p33,1.33,0,central_value_frozen; source_uncertainties_retained_upstream,validation/stationary/STATIONARY_HI_INTERPOLATION_CONTINUATION_POLICY_V1.md
CamB,calibration,7,1.47,0.671728591299,Sigma_neutral_1p33 = 1.33 * Sigma_HI_raw,analytic,analytic_offcentered_gaussian_sum,none,analytic_defined_on_rotation_grid,0,analytic,,,data/stationary/source_reconstruction/begum_chengalur_analytic_profile_parameters_v1.csv,data/stationary/source_reconstruction/certified_hi_common_analytic_v5.csv,analytic_angular_scale_times_frozen_distance,raw_HI_to_common_1p33,1.33,0,central_value_frozen; source_uncertainties_retained_upstream,validation/stationary/STATIONARY_HI_INTERPOLATION_CONTINUATION_POLICY_V1.md
CamB,calibration,8,1.79,0.205041069876,Sigma_neutral_1p33 = 1.33 * Sigma_HI_raw,analytic,analytic_offcentered_gaussian_sum,none,analytic_defined_on_rotation_grid,0,analytic,,,data/stationary/source_reconstruction/begum_chengalur_analytic_profile_parameters_v1.csv,data/stationary/source_reconstruction/certified_hi_common_analytic_v5.csv,analytic_angular_scale_times_frozen_distance,raw_HI_to_common_1p33,1.33,0,central_value_frozen; source_uncertainties_retained_upstream,validation/stationary/STATIONARY_HI_INTERPOLATION_CONTINUATION_POLICY_V1.md
DDO154,calibration,0,0.49,6.91179291642,Sigma_neutral_1p33 = 1.33 * Sigma_HI_raw,tabulated,piecewise_linear,none,outer_continuation_only,0.0939534883721,1.31534883721,2,3,data/stationary/source_reconstruction/leroy2008_things_hi_profiles_v1.csv,data/stationary/source_reconstruction/certified_hi_common_tabulated_v5.csv,source_kpc_times_frozen_over_source_distance,source_includes_1p36_to_common_1p33,0.977941176471,0,central_value_frozen; source_uncertainties_retained_upstream,validation/stationary/STATIONARY_HI_INTERPOLATION_CONTINUATION_POLICY_V1.md
DDO154,calibration,1,0.99,6.67989498399,Sigma_neutral_1p33 = 1.33 * Sigma_HI_raw,tabulated,piecewise_linear,none,outer_continuation_only,0.0939534883721,1.31534883721,4,5,data/stationary/source_reconstruction/leroy2008_things_hi_profiles_v1.csv,data/stationary/source_reconstruction/certified_hi_common_tabulated_v5.csv,source_kpc_times_frozen_over_source_distance,source_includes_1p36_to_common_1p33,0.977941176471,0,central_value_frozen; source_uncertainties_retained_upstream,validation/stationary/STATIONARY_HI_INTERPOLATION_CONTINUATION_POLICY_V1.md
DDO154,calibration,2,1.48,0,Sigma_neutral_1p33 = 1.33 * Sigma_HI_raw,tabulated,outer_zero,outer,outer_continuation_only,0.0939534883721,1.31534883721,6,6,data/stationary/source_reconstruction/leroy2008_things_hi_profiles_v1.csv,data/stationary/source_reconstruction/certified_hi_common_tabulated_v5.csv,source_kpc_times_frozen_over_source_distance,source_includes_1p36_to_common_1p33,0.977941176471,0,central_value_frozen; source_uncertainties_retained_upstream,validation/stationary/STATIONARY_HI_INTERPOLATION_CONTINUATION_POLICY_V1.md
DDO154,calibration,3,1.97,0,Sigma_neutral_1p33 = 1.33 * Sigma_HI_raw,tabulated,outer_zero,outer,outer_continuation_only,0.0939534883721,1.31534883721,6,6,data/stationary/source_reconstruction/leroy2008_things_hi_profiles_v1.csv,data/stationary/source_reconstruction/certified_hi_common_tabulated_v5.csv,source_kpc_times_frozen_over_source_distance,source_includes_1p36_to_common_1p33,0.977941176471,0,central_value_frozen; source_uncertainties_retained_upstream,validation/stationary/STATIONARY_HI_INTERPOLATION_CONTINUATION_POLICY_V1.md
DDO154,calibration,4,2.47,0,Sigma_neutral_1p33 = 1.33 * Sigma_HI_raw,tabulated,outer_zero,outer,outer_continuation_only,0.0939534883721,1.31534883721,6,6,data/stationary/source_reconstruction/leroy2008_things_hi_profiles_v1.csv,data/stationary/source_reconstruction/certified_hi_common_tabulated_v5.csv,source_kpc_times_frozen_over_source_distance,source_includes_1p36_to_common_1p33,0.977941176471,0,central_value_frozen; source_uncertainties_retained_upstream,validation/stationary/STATIONARY_HI_INTERPOLATION_CONTINUATION_POLICY_V1.md
DDO154,calibration,5,2.96,0,Sigma_neutral_1p33 = 1.33 * Sigma_HI_raw,tabulated,outer_zero,outer,outer_continuation_only,0.0939534883721,1.31534883721,6,6,data/stationary/source_reconstruction/leroy2008_things_hi_profiles_v1.csv,data/stationary/source_reconstruction/certified_hi_common_tabulated_v5.csv,source_kpc_times_frozen_over_source_distance,source_includes_1p36_to_common_1p33,0.977941176471,0,central_value_frozen; source_uncertainties_retained_upstream,validation/stationary/STATIONARY_HI_INTERPOLATION_CONTINUATION_POLICY_V1.md
DDO154,calibration,6,3.46,0,Sigma_neutral_1p33 = 1.33 * Sigma_HI_raw,tabulated,outer_zero,outer,outer_continuation_only,0.0939534883721,1.31534883721,6,6,data/stationary/source_reconstruction/leroy2008_things_hi_profiles_v1.csv,data/stationary/source_reconstruction/certified_hi_common_tabulated_v5.csv,source_kpc_times_frozen_over_source_distance,source_includes_1p36_to_common_1p33,0.977941176471,0,central_value_frozen; source_uncertainties_retained_upstream,validation/stationary/STATIONARY_HI_INTERPOLATION_CONTINUATION_POLICY_V1.md
DDO154,calibration,7,3.95,0,Sigma_neutral_1p33 = 1.33 * Sigma_HI_raw,tabulated,outer_zero,outer,outer_continuation_only,0.0939534883721,1.31534883721,6,6,data/stationary/source_reconstruction/leroy2008_things_hi_profiles_v1.csv,data/stationary/source_reconstruction/certified_hi_common_tabulated_v5.csv,source_kpc_times_frozen_over_source_distance,source_includes_1p36_to_common_1p33,0.977941176471,0,central_value_frozen; source_uncertainties_retained_upstream,validation/stationary/STATIONARY_HI_INTERPOLATION_CONTINUATION_POLICY_V1.md
DDO154,calibration,8,4.44,0,Sigma_neutral_1p33 = 1.33 * Sigma_HI_raw,tabulated,outer_zero,outer,outer_continuation_only,0.0939534883721,1.31534883721,6,6,data/stationary/source_reconstruction/leroy2008_things_hi_profiles_v1.csv,data/stationary/source_reconstruction/certified_hi_common_tabulated_v5.csv,source_kpc_times_frozen_over_source_distance,source_includes_1p36_to_common_1p33,0.977941176471,0,central_value_frozen; source_uncertainties_retained_upstream,validation/stationary/STATIONARY_HI_INTERPOLATION_CONTINUATION_POLICY_V1.md
DDO154,calibration,9,4.94,0,Sigma_neutral_1p33 = 1.33 * Sigma_HI_raw,tabulated,outer_zero,outer,outer_continuation_only,0.0939534883721,1.31534883721,6,6,data/stationary/source_reconstruction/leroy2008_things_hi_profiles_v1.csv,data/stationary/source_reconstruction/certified_hi_common_tabulated_v5.csv,source_kpc_times_frozen_over_source_distance,source_includes_1p36_to_common_1p33,0.977941176471,0,central_value_frozen; source_uncertainties_retained_upstream,validation/stationary/STATIONARY_HI_INTERPOLATION_CONTINUATION_POLICY_V1.md
DDO154,calibration,10,5.43,0,Sigma_neutral_1p33 = 1.33 * Sigma_HI_raw,tabulated,outer_zero,outer,outer_continuation_only,0.0939534883721,1.31534883721,6,6,data/stationary/source_reconstruction/leroy2008_things_hi_profiles_v1.csv,data/stationary/source_reconstruction/certified_hi_common_tabulated_v5.csv,source_kpc_times_frozen_over_source_distance,source_includes_1p36_to_common_1p33,0.977941176471,0,central_value_frozen; source_uncertainties_retained_upstream,validation/stationary/STATIONARY_HI_INTERPOLATION_CONTINUATION_POLICY_V1.md
DDO154,calibration,11,5.92,0,Sigma_neutral_1p33 = 1.33 * Sigma_HI_raw,tabulated,outer_zero,outer,outer_continuation_only,0.0939534883721,1.31534883721,6,6,data/stationary/source_reconstruction/leroy2008_things_hi_profiles_v1.csv,data/stationary/source_reconstruction/certified_hi_common_tabulated_v5.csv,source_kpc_times_frozen_over_source_distance,source_includes_1p36_to_common_1p33,0.977941176471,0,central_value_frozen; source_uncertainties_retained_upstream,validation/stationary/STATIONARY_HI_INTERPOLATION_CONTINUATION_POLICY_V1.md
DDO168,calibration,0,0.41,19.9799267917,Sigma_neutral_1p33 = 1.33 * Sigma_HI_raw,tabulated,piecewise_linear,none,full_measured_support,0.309068721707,4.63603082561,0,1,data/stationary/source_reconstruction/iorio2017_ddo168_hi_profile_v1.csv,data/stationary/source_reconstruction/certified_hi_common_tabulated_v5.csv,angular_radius_times_frozen_distance,raw_HI_to_common_1p33,1.33,0,central_value_frozen; source_uncertainties_retained_upstream,validation/stationary/STATIONARY_HI_INTERPOLATION_CONTINUATION_POLICY_V1.md
DDO168,calibration,1,0.82,13.6352179231,Sigma_neutral_1p33 = 1.33 * Sigma_HI_raw,tabulated,piecewise_linear,none,full_measured_support,0.309068721707,4.63603082561,1,2,data/stationary/source_reconstruction/iorio2017_ddo168_hi_profile_v1.csv,data/stationary/source_reconstruction/certified_hi_common_tabulated_v5.csv,angular_radius_times_frozen_distance,raw_HI_to_common_1p33,1.33,0,central_value_frozen; source_uncertainties_retained_upstream,validation/stationary/STATIONARY_HI_INTERPOLATION_CONTINUATION_POLICY_V1.md
DDO168,calibration,2,1.24,9.20278854006,Sigma_neutral_1p33 = 1.33 * Sigma_HI_raw,tabulated,piecewise_linear,none,full_measured_support,0.309068721707,4.63603082561,3,4,data/stationary/source_reconstruction/iorio2017_ddo168_hi_profile_v1.csv,data/stationary/source_reconstruction/certified_hi_common_tabulated_v5.csv,angular_radius_times_frozen_distance,raw_HI_to_common_1p33,1.33,0,central_value_frozen; source_uncertainties_retained_upstream,validation/stationary/STATIONARY_HI_INTERPOLATION_CONTINUATION_POLICY_V1.md
DDO168,calibration,3,1.64,6.57300968372,Sigma_neutral_1p33 = 1.33 * Sigma_HI_raw,tabulated,piecewise_linear,none,full_measured_support,0.309068721707,4.63603082561,4,5,data/stationary/source_reconstruction/iorio2017_ddo168_hi_profile_v1.csv,data/stationary/source_reconstruction/certified_hi_common_tabulated_v5.csv,angular_radius_times_frozen_distance,raw_HI_to_common_1p33,1.33,0,central_value_frozen; source_uncertainties_retained_upstream,validation/stationary/STATIONARY_HI_INTERPOLATION_CONTINUATION_POLICY_V1.md
DDO168,calibration,4,2.06,5.13949510055,Sigma_neutral_1p33 = 1.33 * Sigma_HI_raw,tabulated,piecewise_linear,none,full_measured_support,0.309068721707,4.63603082561,5,6,data/stationary/source_reconstruction/iorio2017_ddo168_hi_profile_v1.csv,data/stationary/source_reconstruction/certified_hi_common_tabulated_v5.csv,angular_radius_times_frozen_distance,raw_HI_to_common_1p33,1.33,0,central_value_frozen; source_uncertainties_retained_upstream,validation/stationary/STATIONARY_HI_INTERPOLATION_CONTINUATION_POLICY_V1.md
DDO168,calibration,5,2.47,4.39284030979,Sigma_neutral_1p33 = 1.33 * Sigma_HI_raw,tabulated,piecewise_linear,none,full_measured_support,0.309068721707,4.63603082561,6,7,data/stationary/source_reconstruction/iorio2017_ddo168_hi_profile_v1.csv,data/stationary/source_reconstruction/certified_hi_common_tabulated_v5.csv,angular_radius_times_frozen_distance,raw_HI_to_common_1p33,1.33,0,central_value_frozen; source_uncertainties_retained_upstream,validation/stationary/STATIONARY_HI_INTERPOLATION_CONTINUATION_POLICY_V1.md
DDO168,calibration,6,2.89,3.53208720409,Sigma_neutral_1p33 = 1.33 * Sigma_HI_raw,tabulated,piecewise_linear,none,full_measured_support,0.309068721707,4.63603082561,8,9,data/stationary/source_reconstruction/iorio2017_ddo168_hi_profile_v1.csv,data/stationary/source_reconstruction/certified_hi_common_tabulated_v5.csv,angular_radius_times_frozen_distance,raw_HI_to_common_1p33,1.33,0,central_value_frozen; source_uncertainties_retained_upstream,validation/stationary/STATIONARY_HI_INTERPOLATION_CONTINUATION_POLICY_V1.md
DDO168,calibration,7,3.3,2.80081715292,Sigma_neutral_1p33 = 1.33 * Sigma_HI_raw,tabulated,piecewise_linear,none,full_measured_support,0.309068721707,4.63603082561,9,10,data/stationary/source_reconstruction/iorio2017_ddo168_hi_profile_v1.csv,data/stationary/source_reconstruction/certified_hi_common_tabulated_v5.csv,angular_radius_times_frozen_distance,raw_HI_to_common_1p33,1.33,0,central_value_frozen; source_uncertainties_retained_upstream,validation/stationary/STATIONARY_HI_INTERPOLATION_CONTINUATION_POLICY_V1.md
DDO168,calibration,8,3.71,2.15333555504,Sigma_neutral_1p33 = 1.33 * Sigma_HI_raw,tabulated,piecewise_linear,none,full_measured_support,0.309068721707,4.63603082561,11,12,data/stationary/source_reconstruction/iorio2017_ddo168_hi_profile_v1.csv,data/stationary/source_reconstruction/certified_hi_common_tabulated_v5.csv,angular_radius_times_frozen_distance,raw_HI_to_common_1p33,1.33,0,central_value_frozen; source_uncertainties_retained_upstream,validation/stationary/STATIONARY_HI_INTERPOLATION_CONTINUATION_POLICY_V1.md
DDO168,calibration,9,4.12,1.70346461609,Sigma_neutral_1p33 = 1.33 * Sigma_HI_raw,tabulated,piecewise_linear,none,full_measured_support,0.309068721707,4.63603082561,12,13,data/stationary/source_reconstruction/iorio2017_ddo168_hi_profile_v1.csv,data/stationary/source_reconstruction/certified_hi_common_tabulated_v5.csv,angular_radius_times_frozen_distance,raw_HI_to_common_1p33,1.33,0,central_value_frozen; source_uncertainties_retained_upstream,validation/stationary/STATIONARY_HI_INTERPOLATION_CONTINUATION_POLICY_V1.md
ESO079-G014,calibration,0,0.41,6.52965239678,Sigma_neutral_1p33 = 1.33 * Sigma_HI_raw,tabulated,piecewise_linear,none,full_measured_support,0,25.051834967,0,1,data/stationary/source_reconstruction/ge04_vector_hi_profiles_v1.csv,data/stationary/source_reconstruction/certified_hi_common_tabulated_v5.csv,angular_radius_times_frozen_distance,raw_HI_to_common_1p33,1.33,0,central_value_frozen; source_uncertainties_retained_upstream,validation/stationary/STATIONARY_HI_INTERPOLATION_CONTINUATION_POLICY_V1.md
ESO079-G014,calibration,1,0.98,6.43930434134,Sigma_neutral_1p33 = 1.33 * Sigma_HI_raw,tabulated,piecewise_linear,none,full_measured_support,0,25.051834967,0,1,data/stationary/source_reconstruction/ge04_vector_hi_profiles_v1.csv,data/stationary/source_reconstruction/certified_hi_common_tabulated_v5.csv,angular_radius_times_frozen_distance,raw_HI_to_common_1p33,1.33,0,central_value_frozen; source_uncertainties_retained_upstream,validation/stationary/STATIONARY_HI_INTERPOLATION_CONTINUATION_POLICY_V1.md
ESO079-G014,calibration,2,1.78,6.312500053,Sigma_neutral_1p33 = 1.33 * Sigma_HI_raw,tabulated,piecewise_linear,none,full_measured_support,0,25.051834967,0,1,data/stationary/source_reconstruction/ge04_vector_hi_profiles_v1.csv,data/stationary/source_reconstruction/certified_hi_common_tabulated_v5.csv,angular_radius_times_frozen_distance,raw_HI_to_common_1p33,1.33,0,central_value_frozen; source_uncertainties_retained_upstream,validation/stationary/STATIONARY_HI_INTERPOLATION_CONTINUATION_POLICY_V1.md
ESO079-G014,calibration,3,2.69,6.16826017502,Sigma_neutral_1p33 = 1.33 * Sigma_HI_raw,tabulated,piecewise_linear,none,full_measured_support,0,25.051834967,0,1,data/stationary/source_reconstruction/ge04_vector_hi_profiles_v1.csv,data/stationary/source_reconstruction/certified_hi_common_tabulated_v5.csv,angular_radius_times_frozen_distance,raw_HI_to_common_1p33,1.33,0,central_value_frozen; source_uncertainties_retained_upstream,validation/stationary/STATIONARY_HI_INTERPOLATION_CONTINUATION_POLICY_V1.md
ESO079-G014,calibration,4,3.36,6.06206158354,Sigma_neutral_1p33 = 1.33 * Sigma_HI_raw,tabulated,piecewise_linear,none,full_measured_support,0,25.051834967,0,1,data/stationary/source_reconstruction/ge04_vector_hi_profiles_v1.csv,data/stationary/source_reconstruction/certified_hi_common_tabulated_v5.csv,angular_radius_times_frozen_distance,raw_HI_to_common_1p33,1.33,0,central_value_frozen; source_uncertainties_retained_upstream,validation/stationary/STATIONARY_HI_INTERPOLATION_CONTINUATION_POLICY_V1.md
ESO079-G014,calibration,5,4.39,5.89880106231,Sigma_neutral_1p33 = 1.33 * Sigma_HI_raw,tabulated,piecewise_linear,none,full_measured_support,0,25.051834967,0,1,data/stationary/source_reconstruction/ge04_vector_hi_profiles_v1.csv,data/stationary/source_reconstruction/certified_hi_common_tabulated_v5.csv,angular_radius_times_frozen_distance,raw_HI_to_common_1p33,1.33,0,central_value_frozen; source_uncertainties_retained_upstream,validation/stationary/STATIONARY_HI_INTERPOLATION_CONTINUATION_POLICY_V1.md
ESO079-G014,calibration,6,5.65,5.69908430818,Sigma_neutral_1p33 = 1.33 * Sigma_HI_raw,tabulated,piecewise_linear,none,full_measured_support,0,25.051834967,0,1,data/stationary/source_reconstruction/ge04_vector_hi_profiles_v1.csv,data/stationary/source_reconstruction/certified_hi_common_tabulated_v5.csv,angular_radius_times_frozen_distance,raw_HI_to_common_1p33,1.33,0,central_value_frozen; source_uncertainties_retained_upstream,validation/stationary/STATIONARY_HI_INTERPOLATION_CONTINUATION_POLICY_V1.md
ESO079-G014,calibration,7,6.34,5.58971560949,Sigma_neutral_1p33 = 1.33 * Sigma_HI_raw,tabulated,piecewise_linear,none,full_measured_support,0,25.051834967,0,1,data/stationary/source_reconstruction/ge04_vector_hi_profiles_v1.csv,data/stationary/source_reconstruction/certified_hi_common_tabulated_v5.csv,angular_radius_times_frozen_distance,raw_HI_to_common_1p33,1.33,0,central_value_frozen; source_uncertainties_retained_upstream,validation/stationary/STATIONARY_HI_INTERPOLATION_CONTINUATION_POLICY_V1.md
ESO079-G014,calibration,8,6.89,5.50253766126,Sigma_neutral_1p33 = 1.33 * Sigma_HI_raw,tabulated,piecewise_linear,none,full_measured_support,0,25.051834967,0,1,data/stationary/source_reconstruction/ge04_vector_hi_profiles_v1.csv,data/stationary/source_reconstruction/certified_hi_common_tabulated_v5.csv,angular_radius_times_frozen_distance,raw_HI_to_common_1p33,1.33,0,central_value_frozen; source_uncertainties_retained_upstream,validation/stationary/STATIONARY_HI_INTERPOLATION_CONTINUATION_POLICY_V1.md
ESO079-G014,calibration,9,8.34,5.27270488865,Sigma_neutral_1p33 = 1.33 * Sigma_HI_raw,tabulated,piecewise_linear,none,full_measured_support,0,25.051834967,0,1,data/stationary/source_reconstruction/ge04_vector_hi_profiles_v1.csv,data/stationary/source_reconstruction/certified_hi_common_tabulated_v5.csv,angular_radius_times_frozen_distance,raw_HI_to_common_1p33,1.33,0,central_value_frozen; source_uncertainties_retained_upstream,validation/stationary/STATIONARY_HI_INTERPOLATION_CONTINUATION_POLICY_V1.md
ESO079-G014,calibration,10,10.04,5.20880569453,Sigma_neutral_1p33 = 1.33 * Sigma_HI_raw,tabulated,piecewise_linear,none,full_measured_support,0,25.051834967,2,3,data/stationary/source_reconstruction/ge04_vector_hi_profiles_v1.csv,data/stationary/source_reconstruction/certified_hi_common_tabulated_v5.csv,angular_radius_times_frozen_distance,raw_HI_to_common_1p33,1.33,0,central_value_frozen; source_uncertainties_retained_upstream,validation/stationary/STATIONARY_HI_INTERPOLATION_CONTINUATION_POLICY_V1.md
ESO079-G014,calibration,11,11.65,4.83072805051,Sigma_neutral_1p33 = 1.33 * Sigma_HI_raw,tabulated,piecewise_linear,none,full_measured_support,0,25.051834967,2,3,data/stationary/source_reconstruction/ge04_vector_hi_profiles_v1.csv,data/stationary/source_reconstruction/certified_hi_common_tabulated_v5.csv,angular_radius_times_frozen_distance,raw_HI_to_common_1p33,1.33,0,central_value_frozen; source_uncertainties_retained_upstream,validation/stationary/STATIONARY_HI_INTERPOLATION_CONTINUATION_POLICY_V1.md
ESO079-G014,calibration,12,13.36,3.9238380571,Sigma_neutral_1p33 = 1.33 * Sigma_HI_raw,tabulated,piecewise_linear,none,full_measured_support,0,25.051834967,4,5,data/stationary/source_reconstruction/ge04_vector_hi_profiles_v1.csv,data/stationary/source_reconstruction/certified_hi_common_tabulated_v5.csv,angular_radius_times_frozen_distance,raw_HI_to_common_1p33,1.33,0,central_value_frozen; source_uncertainties_retained_upstream,validation/stationary/STATIONARY_HI_INTERPOLATION_CONTINUATION_POLICY_V1.md
ESO079-G014,calibration,13,15.06,2.84241685509,Sigma_neutral_1p33 = 1.33 * Sigma_HI_raw,tabulated,piecewise_linear,none,full_measured_support,0,25.051834967,5,6,data/stationary/source_reconstruction/ge04_vector_hi_profiles_v1.csv,data/stationary/source_reconstruction/certified_hi_common_tabulated_v5.csv,angular_radius_times_frozen_distance,raw_HI_to_common_1p33,1.33,0,central_value_frozen; source_uncertainties_retained_upstream,validation/stationary/STATIONARY_HI_INTERPOLATION_CONTINUATION_POLICY_V1.md
ESO079-G014,calibration,14,16.67,1.87188764152,Sigma_neutral_1p33 = 1.33 * Sigma_HI_raw,tabulated,piecewise_linear,none,full_measured_support,0,25.051834967,5,6,data/stationary/source_reconstruction/ge04_vector_hi_profiles_v1.csv,data/stationary/source_reconstruction/certified_hi_common_tabulated_v5.csv,angular_radius_times_frozen_distance,raw_HI_to_common_1p33,1.33,0,central_value_frozen; source_uncertainties_retained_upstream,validation/stationary/STATIONARY_HI_INTERPOLATION_CONTINUATION_POLICY_V1.md
ESO116-G012,blind,0,0.25,7.77264397202,Sigma_neutral_1p33 = 1.33 * Sigma_HI_raw,tabulated,piecewise_linear,none,full_measured_support,0,12.8613364396,0,1,data/stationary/source_reconstruction/ge04_vector_hi_profiles_v1.csv,data/stationary/source_reconstruction/certified_hi_common_tabulated_v5.csv,angular_radius_times_frozen_distance,raw_HI_to_common_1p33,1.33,0,central_value_frozen; source_uncertainties_retained_upstream,validation/stationary/STATIONARY_HI_INTERPOLATION_CONTINUATION_POLICY_V1.md
ESO116-G012,blind,1,0.83,7.85544397771,Sigma_neutral_1p33 = 1.33 * Sigma_HI_raw,tabulated,piecewise_linear,none,full_measured_support,0,12.8613364396,0,1,data/stationary/source_reconstruction/ge04_vector_hi_profiles_v1.csv,data/stationary/source_reconstruction/certified_hi_common_tabulated_v5.csv,angular_radius_times_frozen_distance,raw_HI_to_common_1p33,1.33,0,central_value_frozen; source_uncertainties_retained_upstream,validation/stationary/STATIONARY_HI_INTERPOLATION_CONTINUATION_POLICY_V1.md
ESO116-G012,blind,2,1.38,7.93396122449,Sigma_neutral_1p33 = 1.33 * Sigma_HI_raw,tabulated,piecewise_linear,none,full_measured_support,0,12.8613364396,0,1,data/stationary/source_reconstruction/ge04_vector_hi_profiles_v1.csv,data/stationary/source_reconstruction/certified_hi_common_tabulated_v5.csv,angular_radius_times_frozen_distance,raw_HI_to_common_1p33,1.33,0,central_value_frozen; source_uncertainties_retained_upstream,validation/stationary/STATIONARY_HI_INTERPOLATION_CONTINUATION_POLICY_V1.md
ESO116-G012,blind,3,1.85,8.00105778082,Sigma_neutral_1p33 = 1.33 * Sigma_HI_raw,tabulated,piecewise_linear,none,full_measured_support,0,12.8613364396,0,1,data/stationary/source_reconstruction/ge04_vector_hi_profiles_v1.csv,data/stationary/source_reconstruction/certified_hi_common_tabulated_v5.csv,angular_radius_times_frozen_distance,raw_HI_to_common_1p33,1.33,0,central_value_frozen; source_uncertainties_retained_upstream,validation/stationary/STATIONARY_HI_INTERPOLATION_CONTINUATION_POLICY_V1.md
ESO116-G012,blind,4,2.68,8.11954744414,Sigma_neutral_1p33 = 1.33 * Sigma_HI_raw,tabulated,piecewise_linear,none,full_measured_support,0,12.8613364396,0,1,data/stationary/source_reconstruction/ge04_vector_hi_profiles_v1.csv,data/stationary/source_reconstruction/certified_hi_common_tabulated_v5.csv,angular_radius_times_frozen_distance,raw_HI_to_common_1p33,1.33,0,central_value_frozen; source_uncertainties_retained_upstream,validation/stationary/STATIONARY_HI_INTERPOLATION_CONTINUATION_POLICY_V1.md
ESO116-G012,blind,5,3.19,8.1923543457,Sigma_neutral_1p33 = 1.33 * Sigma_HI_raw,tabulated,piecewise_linear,none,full_measured_support,0,12.8613364396,0,1,data/stationary/source_reconstruction/ge04_vector_hi_profiles_v1.csv,data/stationary/source_reconstruction/certified_hi_common_tabulated_v5.csv,angular_radius_times_frozen_distance,raw_HI_to_common_1p33,1.33,0,central_value_frozen; source_uncertainties_retained_upstream,validation/stationary/STATIONARY_HI_INTERPOLATION_CONTINUATION_POLICY_V1.md
ESO116-G012,blind,6,3.68,8.26230607465,Sigma_neutral_1p33 = 1.33 * Sigma_HI_raw,tabulated,piecewise_linear,none,full_measured_support,0,12.8613364396,0,1,data/stationary/source_reconstruction/ge04_vector_hi_profiles_v1.csv,data/stationary/source_reconstruction/certified_hi_common_tabulated_v5.csv,angular_radius_times_frozen_distance,raw_HI_to_common_1p33,1.33,0,central_value_frozen; source_uncertainties_retained_upstream,validation/stationary/STATIONARY_HI_INTERPOLATION_CONTINUATION_POLICY_V1.md
ESO116-G012,blind,7,4.13,7.72265389761,Sigma_neutral_1p33 = 1.33 * Sigma_HI_raw,tabulated,piecewise_linear,none,full_measured_support,0,12.8613364396,1,2,data/stationary/source_reconstruction/ge04_vector_hi_profiles_v1.csv,data/stationary/source_reconstruction/certified_hi_common_tabulated_v5.csv,angular_radius_times_frozen_distance,raw_HI_to_common_1p33,1.33,0,central_value_frozen; source_uncertainties_retained_upstream,validation/stationary/STATIONARY_HI_INTERPOLATION_CONTINUATION_POLICY_V1.md
ESO116-G012,blind,8,5.23,6.17305903772,Sigma_neutral_1p33 = 1.33 * Sigma_HI_raw,tabulated,piecewise_linear,none,full_measured_support,0,12.8613364396,2,3,data/stationary/source_reconstruction/ge04_vector_hi_profiles_v1.csv,data/stationary/source_reconstruction/certified_hi_common_tabulated_v5.csv,angular_radius_times_frozen_distance,raw_HI_to_common_1p33,1.33,0,central_value_frozen; source_uncertainties_retained_upstream,validation/stationary/STATIONARY_HI_INTERPOLATION_CONTINUATION_POLICY_V1.md
ESO116-G012,blind,9,6.05,5.22592314623,Sigma_neutral_1p33 = 1.33 * Sigma_HI_raw,tabulated,piecewise_linear,none,full_measured_support,0,12.8613364396,3,4,data/stationary/source_reconstruction/ge04_vector_hi_profiles_v1.csv,data/stationary/source_reconstruction/certified_hi_common_tabulated_v5.csv,angular_radius_times_frozen_distance,raw_HI_to_common_1p33,1.33,0,central_value_frozen; source_uncertainties_retained_upstream,validation/stationary/STATIONARY_HI_INTERPOLATION_CONTINUATION_POLICY_V1.md
ESO116-G012,blind,10,6.81,4.62537008295,Sigma_neutral_1p33 = 1.33 * Sigma_HI_raw,tabulated,piecewise_linear,none,full_measured_support,0,12.8613364396,4,5,data/stationary/source_reconstruction/ge04_vector_hi_profiles_v1.csv,data/stationary/source_reconstruction/certified_hi_common_tabulated_v5.csv,angular_radius_times_frozen_distance,raw_HI_to_common_1p33,1.33,0,central_value_frozen; source_uncertainties_retained_upstream,validation/stationary/STATIONARY_HI_INTERPOLATION_CONTINUATION_POLICY_V1.md
ESO116-G012,blind,11,7.56,4.19633416395,Sigma_neutral_1p33 = 1.33 * Sigma_HI_raw,tabulated,piecewise_linear,none,full_measured_support,0,12.8613364396,5,6,data/stationary/source_reconstruction/ge04_vector_hi_profiles_v1.csv,data/stationary/source_reconstruction/certified_hi_common_tabulated_v5.csv,angular_radius_times_frozen_distance,raw_HI_to_common_1p33,1.33,0,central_value_frozen; source_uncertainties_retained_upstream,validation/stationary/STATIONARY_HI_INTERPOLATION_CONTINUATION_POLICY_V1.md
ESO116-G012,blind,12,8.32,3.43199487957,Sigma_neutral_1p33 = 1.33 * Sigma_HI_raw,tabulated,piecewise_linear,none,full_measured_support,0,12.8613364396,6,7,data/stationary/source_reconstruction/ge04_vector_hi_profiles_v1.csv,data/stationary/source_reconstruction/certified_hi_common_tabulated_v5.csv,angular_radius_times_frozen_distance,raw_HI_to_common_1p33,1.33,0,central_value_frozen; source_uncertainties_retained_upstream,validation/stationary/STATIONARY_HI_INTERPOLATION_CONTINUATION_POLICY_V1.md
ESO116-G012,blind,13,9.09,1.9856426034,Sigma_neutral_1p33 = 1.33 * Sigma_HI_raw,tabulated,piecewise_linear,none,full_measured_support,0,12.8613364396,8,9,data/stationary/source_reconstruction/ge04_vector_hi_profiles_v1.csv,data/stationary/source_reconstruction/certified_hi_common_tabulated_v5.csv,angular_radius_times_frozen_distance,raw_HI_to_common_1p33,1.33,0,central_value_frozen; source_uncertainties_retained_upstream,validation/stationary/STATIONARY_HI_INTERPOLATION_CONTINUATION_POLICY_V1.md
ESO116-G012,blind,14,9.86,0.758890514883,Sigma_neutral_1p33 = 1.33 * Sigma_HI_raw,tabulated,piecewise_linear,none,full_measured_support,0,12.8613364396,9,10,data/stationary/source_reconstruction/ge04_vector_hi_profiles_v1.csv,data/stationary/source_reconstruction/certified_hi_common_tabulated_v5.csv,angular_radius_times_frozen_distance,raw_HI_to_common_1p33,1.33,0,central_value_frozen; source_uncertainties_retained_upstream,validation/stationary/STATIONARY_HI_INTERPOLATION_CONTINUATION_POLICY_V1.md
F568-3,calibration,0,0.64,4.90972049579,Sigma_neutral_1p33 = 1.33 * Sigma_HI_raw,analytic,analytic_offcentered_gaussian_sum,none,analytic_defined_on_rotation_grid,0,analytic,,,data/stationary/source_reconstruction/jadhav_banerjee2019_lsb_hi_analytic_profiles_v1.csv,data/stationary/source_reconstruction/certified_hi_common_analytic_v5.csv,source_kpc_times_frozen_over_source_distance,raw_HI_to_common_1p33,1.33,0,central_value_frozen; source_uncertainties_retained_upstream,validation/stationary/STATIONARY_HI_INTERPOLATION_CONTINUATION_POLICY_V1.md
F568-3,calibration,1,1.18,5.22933984682,Sigma_neutral_1p33 = 1.33 * Sigma_HI_raw,analytic,analytic_offcentered_gaussian_sum,none,analytic_defined_on_rotation_grid,0,analytic,,,data/stationary/source_reconstruction/jadhav_banerjee2019_lsb_hi_analytic_profiles_v1.csv,data/stationary/source_reconstruction/certified_hi_common_analytic_v5.csv,source_kpc_times_frozen_over_source_distance,raw_HI_to_common_1p33,1.33,0,central_value_frozen; source_uncertainties_retained_upstream,validation/stationary/STATIONARY_HI_INTERPOLATION_CONTINUATION_POLICY_V1.md
F568-3,calibration,2,1.8,5.55131538167,Sigma_neutral_1p33 = 1.33 * Sigma_HI_raw,analytic,analytic_offcentered_gaussian_sum,none,analytic_defined_on_rotation_grid,0,analytic,,,data/stationary/source_reconstruction/jadhav_banerjee2019_lsb_hi_analytic_profiles_v1.csv,data/stationary/source_reconstruction/certified_hi_common_analytic_v5.csv,source_kpc_times_frozen_over_source_distance,raw_HI_to_common_1p33,1.33,0,central_value_frozen; source_uncertainties_retained_upstream,validation/stationary/STATIONARY_HI_INTERPOLATION_CONTINUATION_POLICY_V1.md
F568-3,calibration,3,2.03,5.65623445412,Sigma_neutral_1p33 = 1.33 * Sigma_HI_raw,analytic,analytic_offcentered_gaussian_sum,none,analytic_defined_on_rotation_grid,0,analytic,,,data/stationary/source_reconstruction/jadhav_banerjee2019_lsb_hi_analytic_profiles_v1.csv,data/stationary/source_reconstruction/certified_hi_common_analytic_v5.csv,source_kpc_times_frozen_over_source_distance,raw_HI_to_common_1p33,1.33,0,central_value_frozen; source_uncertainties_retained_upstream,validation/stationary/STATIONARY_HI_INTERPOLATION_CONTINUATION_POLICY_V1.md
F568-3,calibration,4,2.78,5.93503808228,Sigma_neutral_1p33 = 1.33 * Sigma_HI_raw,analytic,analytic_offcentered_gaussian_sum,none,analytic_defined_on_rotation_grid,0,analytic,,,data/stationary/source_reconstruction/jadhav_banerjee2019_lsb_hi_analytic_profiles_v1.csv,data/stationary/source_reconstruction/certified_hi_common_analytic_v5.csv,source_kpc_times_frozen_over_source_distance,raw_HI_to_common_1p33,1.33,0,central_value_frozen; source_uncertainties_retained_upstream,validation/stationary/STATIONARY_HI_INTERPOLATION_CONTINUATION_POLICY_V1.md
F568-3,calibration,5,3,5.99682564368,Sigma_neutral_1p33 = 1.33 * Sigma_HI_raw,analytic,analytic_offcentered_gaussian_sum,none,analytic_defined_on_rotation_grid,0,analytic,,,data/stationary/source_reconstruction/jadhav_banerjee2019_lsb_hi_analytic_profiles_v1.csv,data/stationary/source_reconstruction/certified_hi_common_analytic_v5.csv,source_kpc_times_frozen_over_source_distance,raw_HI_to_common_1p33,1.33,0,central_value_frozen; source_uncertainties_retained_upstream,validation/stationary/STATIONARY_HI_INTERPOLATION_CONTINUATION_POLICY_V1.md
F568-3,calibration,6,3.64,6.12065656302,Sigma_neutral_1p33 = 1.33 * Sigma_HI_raw,analytic,analytic_offcentered_gaussian_sum,none,analytic_defined_on_rotation_grid,0,analytic,,,data/stationary/source_reconstruction/jadhav_banerjee2019_lsb_hi_analytic_profiles_v1.csv,data/stationary/source_reconstruction/certified_hi_common_analytic_v5.csv,source_kpc_times_frozen_over_source_distance,raw_HI_to_common_1p33,1.33,0,central_value_frozen; source_uncertainties_retained_upstream,validation/stationary/STATIONARY_HI_INTERPOLATION_CONTINUATION_POLICY_V1.md
F568-3,calibration,7,4.19,6.15775148374,Sigma_neutral_1p33 = 1.33 * Sigma_HI_raw,analytic,analytic_offcentered_gaussian_sum,none,analytic_defined_on_rotation_grid,0,analytic,,,data/stationary/source_reconstruction/jadhav_banerjee2019_lsb_hi_analytic_profiles_v1.csv,data/stationary/source_reconstruction/certified_hi_common_analytic_v5.csv,source_kpc_times_frozen_over_source_distance,raw_HI_to_common_1p33,1.33,0,central_value_frozen; source_uncertainties_retained_upstream,validation/stationary/STATIONARY_HI_INTERPOLATION_CONTINUATION_POLICY_V1.md
F568-3,calibration,8,4.6,6.14283647307,Sigma_neutral_1p33 = 1.33 * Sigma_HI_raw,analytic,analytic_offcentered_gaussian_sum,none,analytic_defined_on_rotation_grid,0,analytic,,,data/stationary/source_reconstruction/jadhav_banerjee2019_lsb_hi_analytic_profiles_v1.csv,data/stationary/source_reconstruction/certified_hi_common_analytic_v5.csv,source_kpc_times_frozen_over_source_distance,raw_HI_to_common_1p33,1.33,0,central_value_frozen; source_uncertainties_retained_upstream,validation/stationary/STATIONARY_HI_INTERPOLATION_CONTINUATION_POLICY_V1.md
F568-3,calibration,9,5.14,6.06819482124,Sigma_neutral_1p33 = 1.33 * Sigma_HI_raw,analytic,analytic_offcentered_gaussian_sum,none,analytic_defined_on_rotation_grid,0,analytic,,,data/stationary/source_reconstruction/jadhav_banerjee2019_lsb_hi_analytic_profiles_v1.csv,data/stationary/source_reconstruction/certified_hi_common_analytic_v5.csv,source_kpc_times_frozen_over_source_distance,raw_HI_to_common_1p33,1.33,0,central_value_frozen; source_uncertainties_retained_upstream,validation/stationary/STATIONARY_HI_INTERPOLATION_CONTINUATION_POLICY_V1.md
F568-3,calibration,10,5.39,6.01300268079,Sigma_neutral_1p33 = 1.33 * Sigma_HI_raw,analytic,analytic_offcentered_gaussian_sum,none,analytic_defined_on_rotation_grid,0,analytic,,,data/stationary/source_reconstruction/jadhav_banerjee2019_lsb_hi_analytic_profiles_v1.csv,data/stationary/source_reconstruction/certified_hi_common_analytic_v5.csv,source_kpc_times_frozen_over_source_distance,raw_HI_to_common_1p33,1.33,0,central_value_frozen; source_uncertainties_retained_upstream,validation/stationary/STATIONARY_HI_INTERPOLATION_CONTINUATION_POLICY_V1.md
F568-3,calibration,11,6.31,5.70504125448,Sigma_neutral_1p33 = 1.33 * Sigma_HI_raw,analytic,analytic_offcentered_gaussian_sum,none,analytic_defined_on_rotation_grid,0,analytic,,,data/stationary/source_reconstruction/jadhav_banerjee2019_lsb_hi_analytic_profiles_v1.csv,data/stationary/source_reconstruction/certified_hi_common_analytic_v5.csv,source_kpc_times_frozen_over_source_distance,raw_HI_to_common_1p33,1.33,0,central_value_frozen; source_uncertainties_retained_upstream,validation/stationary/STATIONARY_HI_INTERPOLATION_CONTINUATION_POLICY_V1.md
F568-3,calibration,12,9.1,4.05392362266,Sigma_neutral_1p33 = 1.33 * Sigma_HI_raw,analytic,analytic_offcentered_gaussian_sum,none,analytic_defined_on_rotation_grid,0,analytic,,,data/stationary/source_reconstruction/jadhav_banerjee2019_lsb_hi_analytic_profiles_v1.csv,data/stationary/source_reconstruction/certified_hi_common_analytic_v5.csv,source_kpc_times_frozen_over_source_distance,raw_HI_to_common_1p33,1.33,0,central_value_frozen; source_uncertainties_retained_upstream,validation/stationary/STATIONARY_HI_INTERPOLATION_CONTINUATION_POLICY_V1.md
F568-3,calibration,13,10.17,3.30666402204,Sigma_neutral_1p33 = 1.33 * Sigma_HI_raw,analytic,analytic_offcentered_gaussian_sum,none,analytic_defined_on_rotation_grid,0,analytic,,,data/stationary/source_reconstruction/jadhav_banerjee2019_lsb_hi_analytic_profiles_v1.csv,data/stationary/source_reconstruction/certified_hi_common_analytic_v5.csv,source_kpc_times_frozen_over_source_distance,raw_HI_to_common_1p33,1.33,0,central_value_frozen; source_uncertainties_retained_upstream,validation/stationary/STATIONARY_HI_INTERPOLATION_CONTINUATION_POLICY_V1.md
F568-3,calibration,14,11.99,2.13140845184,Sigma_neutral_1p33 = 1.33 * Sigma_HI_raw,analytic,analytic_offcentered_gaussian_sum,none,analytic_defined_on_rotation_grid,0,analytic,,,data/stationary/source_reconstruction/jadhav_banerjee2019_lsb_hi_analytic_profiles_v1.csv,data/stationary/source_reconstruction/certified_hi_common_analytic_v5.csv,source_kpc_times_frozen_over_source_distance,raw_HI_to_common_1p33,1.33,0,central_value_frozen; source_uncertainties_retained_upstream,validation/stationary/STATIONARY_HI_INTERPOLATION_CONTINUATION_POLICY_V1.md
F568-3,calibration,15,14.02,1.13810161762,Sigma_neutral_1p33 = 1.33 * Sigma_HI_raw,analytic,analytic_offcentered_gaussian_sum,none,analytic_defined_on_rotation_grid,0,analytic,,,data/stationary/source_reconstruction/jadhav_banerjee2019_lsb_hi_analytic_profiles_v1.csv,data/stationary/source_reconstruction/certified_hi_common_analytic_v5.csv,source_kpc_times_frozen_over_source_distance,raw_HI_to_common_1p33,1.33,0,central_value_frozen; source_uncertainties_retained_upstream,validation/stationary/STATIONARY_HI_INTERPOLATION_CONTINUATION_POLICY_V1.md
F568-3,calibration,16,15.94,0.550142148566,Sigma_neutral_1p33 = 1.33 * Sigma_HI_raw,analytic,analytic_offcentered_gaussian_sum,none,analytic_defined_on_rotation_grid,0,analytic,,,data/stationary/source_reconstruction/jadhav_banerjee2019_lsb_hi_analytic_profiles_v1.csv,data/stationary/source_reconstruction/certified_hi_common_analytic_v5.csv,source_kpc_times_frozen_over_source_distance,raw_HI_to_common_1p33,1.33,0,central_value_frozen; source_uncertainties_retained_upstream,validation/stationary/STATIONARY_HI_INTERPOLATION_CONTINUATION_POLICY_V1.md
F568-3,calibration,17,17.98,0.220430341701,Sigma_neutral_1p33 = 1.33 * Sigma_HI_raw,analytic,analytic_offcentered_gaussian_sum,none,analytic_defined_on_rotation_grid,0,analytic,,,data/stationary/source_reconstruction/jadhav_banerjee2019_lsb_hi_analytic_profiles_v1.csv,data/stationary/source_reconstruction/certified_hi_common_analytic_v5.csv,source_kpc_times_frozen_over_source_distance,raw_HI_to_common_1p33,1.33,0,central_value_frozen; source_uncertainties_retained_upstream,validation/stationary/STATIONARY_HI_INTERPOLATION_CONTINUATION_POLICY_V1.md
F568-V1,calibration,0,0.39,3.9830474477,Sigma_neutral_1p33 = 1.33 * Sigma_HI_raw,analytic,analytic_offcentered_gaussian_sum,none,analytic_defined_on_rotation_grid,0,analytic,,,data/stationary/source_reconstruction/jadhav_banerjee2019_lsb_hi_analytic_profiles_v1.csv,data/stationary/source_reconstruction/certified_hi_common_analytic_v5.csv,source_kpc_times_frozen_over_source_distance,raw_HI_to_common_1p33,1.33,0,central_value_frozen; source_uncertainties_retained_upstream,validation/stationary/STATIONARY_HI_INTERPOLATION_CONTINUATION_POLICY_V1.md
F568-V1,calibration,1,1.18,4.37858131461,Sigma_neutral_1p33 = 1.33 * Sigma_HI_raw,analytic,analytic_offcentered_gaussian_sum,none,analytic_defined_on_rotation_grid,0,analytic,,,data/stationary/source_reconstruction/jadhav_banerjee2019_lsb_hi_analytic_profiles_v1.csv,data/stationary/source_reconstruction/certified_hi_common_analytic_v5.csv,source_kpc_times_frozen_over_source_distance,raw_HI_to_common_1p33,1.33,0,central_value_frozen; source_uncertainties_retained_upstream,validation/stationary/STATIONARY_HI_INTERPOLATION_CONTINUATION_POLICY_V1.md
F568-V1,calibration,2,1.95,4.6798138172,Sigma_neutral_1p33 = 1.33 * Sigma_HI_raw,analytic,analytic_offcentered_gaussian_sum,none,analytic_defined_on_rotation_grid,0,analytic,,,data/stationary/source_reconstruction/jadhav_banerjee2019_lsb_hi_analytic_profiles_v1.csv,data/stationary/source_reconstruction/certified_hi_common_analytic_v5.csv,source_kpc_times_frozen_over_source_distance,raw_HI_to_common_1p33,1.33,0,central_value_frozen; source_uncertainties_retained_upstream,validation/stationary/STATIONARY_HI_INTERPOLATION_CONTINUATION_POLICY_V1.md
F568-V1,calibration,3,2.74,4.90415220105,Sigma_neutral_1p33 = 1.33 * Sigma_HI_raw,analytic,analytic_offcentered_gaussian_sum,none,analytic_defined_on_rotation_grid,0,analytic,,,data/stationary/source_reconstruction/jadhav_banerjee2019_lsb_hi_analytic_profiles_v1.csv,data/stationary/source_reconstruction/certified_hi_common_analytic_v5.csv,source_kpc_times_frozen_over_source_distance,raw_HI_to_common_1p33,1.33,0,central_value_frozen; source_uncertainties_retained_upstream,validation/stationary/STATIONARY_HI_INTERPOLATION_CONTINUATION_POLICY_V1.md
F568-V1,calibration,4,3.53,5.06423384565,Sigma_neutral_1p33 = 1.33 * Sigma_HI_raw,analytic,analytic_offcentered_gaussian_sum,none,analytic_defined_on_rotation_grid,0,analytic,,,data/stationary/source_reconstruction/jadhav_banerjee2019_lsb_hi_analytic_profiles_v1.csv,data/stationary/source_reconstruction/certified_hi_common_analytic_v5.csv,source_kpc_times_frozen_over_source_distance,raw_HI_to_common_1p33,1.33,0,central_value_frozen; source_uncertainties_retained_upstream,validation/stationary/STATIONARY_HI_INTERPOLATION_CONTINUATION_POLICY_V1.md
F568-V1,calibration,5,4.3,5.18772132239,Sigma_neutral_1p33 = 1.33 * Sigma_HI_raw,analytic,analytic_offcentered_gaussian_sum,none,analytic_defined_on_rotation_grid,0,analytic,,,data/stationary/source_reconstruction/jadhav_banerjee2019_lsb_hi_analytic_profiles_v1.csv,data/stationary/source_reconstruction/certified_hi_common_analytic_v5.csv,source_kpc_times_frozen_over_source_distance,raw_HI_to_common_1p33,1.33,0,central_value_frozen; source_uncertainties_retained_upstream,validation/stationary/STATIONARY_HI_INTERPOLATION_CONTINUATION_POLICY_V1.md
F568-V1,calibration,6,5.09,5.29748882671,Sigma_neutral_1p33 = 1.33 * Sigma_HI_raw,analytic,analytic_offcentered_gaussian_sum,none,analytic_defined_on_rotation_grid,0,analytic,,,data/stationary/source_reconstruction/jadhav_banerjee2019_lsb_hi_analytic_profiles_v1.csv,data/stationary/source_reconstruction/certified_hi_common_analytic_v5.csv,source_kpc_times_frozen_over_source_distance,raw_HI_to_common_1p33,1.33,0,central_value_frozen; source_uncertainties_retained_upstream,validation/stationary/STATIONARY_HI_INTERPOLATION_CONTINUATION_POLICY_V1.md
F568-V1,calibration,7,5.87,5.36826055772,Sigma_neutral_1p33 = 1.33 * Sigma_HI_raw,analytic,analytic_offcentered_gaussian_sum,none,analytic_defined_on_rotation_grid,0,analytic,,,data/stationary/source_reconstruction/jadhav_banerjee2019_lsb_hi_analytic_profiles_v1.csv,data/stationary/source_reconstruction/certified_hi_common_analytic_v5.csv,source_kpc_times_frozen_over_source_distance,raw_HI_to_common_1p33,1.33,0,central_value_frozen; source_uncertainties_retained_upstream,validation/stationary/STATIONARY_HI_INTERPOLATION_CONTINUATION_POLICY_V1.md
F568-V1,calibration,8,6.4,5.36357781364,Sigma_neutral_1p33 = 1.33 * Sigma_HI_raw,analytic,analytic_offcentered_gaussian_sum,none,analytic_defined_on_rotation_grid,0,analytic,,,data/stationary/source_reconstruction/jadhav_banerjee2019_lsb_hi_analytic_profiles_v1.csv,data/stationary/source_reconstruction/certified_hi_common_analytic_v5.csv,source_kpc_times_frozen_over_source_distance,raw_HI_to_common_1p33,1.33,0,central_value_frozen; source_uncertainties_retained_upstream,validation/stationary/STATIONARY_HI_INTERPOLATION_CONTINUATION_POLICY_V1.md
F568-V1,calibration,9,7.44,5.11758357745,Sigma_neutral_1p33 = 1.33 * Sigma_HI_raw,analytic,analytic_offcentered_gaussian_sum,none,analytic_defined_on_rotation_grid,0,analytic,,,data/stationary/source_reconstruction/jadhav_banerjee2019_lsb_hi_analytic_profiles_v1.csv,data/stationary/source_reconstruction/certified_hi_common_analytic_v5.csv,source_kpc_times_frozen_over_source_distance,raw_HI_to_common_1p33,1.33,0,central_value_frozen; source_uncertainties_retained_upstream,validation/stationary/STATIONARY_HI_INTERPOLATION_CONTINUATION_POLICY_V1.md
F568-V1,calibration,10,8.21,4.66533639727,Sigma_neutral_1p33 = 1.33 * Sigma_HI_raw,analytic,analytic_offcentered_gaussian_sum,none,analytic_defined_on_rotation_grid,0,analytic,,,data/stationary/source_reconstruction/jadhav_banerjee2019_lsb_hi_analytic_profiles_v1.csv,data/stationary/source_reconstruction/certified_hi_common_analytic_v5.csv,source_kpc_times_frozen_over_source_distance,raw_HI_to_common_1p33,1.33,0,central_value_frozen; source_uncertainties_retained_upstream,validation/stationary/STATIONARY_HI_INTERPOLATION_CONTINUATION_POLICY_V1.md
F568-V1,calibration,11,9,3.9708197149,Sigma_neutral_1p33 = 1.33 * Sigma_HI_raw,analytic,analytic_offcentered_gaussian_sum,none,analytic_defined_on_rotation_grid,0,analytic,,,data/stationary/source_reconstruction/jadhav_banerjee2019_lsb_hi_analytic_profiles_v1.csv,data/stationary/source_reconstruction/certified_hi_common_analytic_v5.csv,source_kpc_times_frozen_over_source_distance,raw_HI_to_common_1p33,1.33,0,central_value_frozen; source_uncertainties_retained_upstream,validation/stationary/STATIONARY_HI_INTERPOLATION_CONTINUATION_POLICY_V1.md
F568-V1,calibration,12,9.72,3.21028630661,Sigma_neutral_1p33 = 1.33 * Sigma_HI_raw,analytic,analytic_offcentered_gaussian_sum,none,analytic_defined_on_rotation_grid,0,analytic,,,data/stationary/source_reconstruction/jadhav_banerjee2019_lsb_hi_analytic_profiles_v1.csv,data/stationary/source_reconstruction/certified_hi_common_analytic_v5.csv,source_kpc_times_frozen_over_source_distance,raw_HI_to_common_1p33,1.33,0,central_value_frozen; source_uncertainties_retained_upstream,validation/stationary/STATIONARY_HI_INTERPOLATION_CONTINUATION_POLICY_V1.md
F568-V1,calibration,13,11.79,1.21992852882,Sigma_neutral_1p33 = 1.33 * Sigma_HI_raw,analytic,analytic_offcentered_gaussian_sum,none,analytic_defined_on_rotation_grid,0,analytic,,,data/stationary/source_reconstruction/jadhav_banerjee2019_lsb_hi_analytic_profiles_v1.csv,data/stationary/source_reconstruction/certified_hi_common_analytic_v5.csv,source_kpc_times_frozen_over_source_distance,raw_HI_to_common_1p33,1.33,0,central_value_frozen; source_uncertainties_retained_upstream,validation/stationary/STATIONARY_HI_INTERPOLATION_CONTINUATION_POLICY_V1.md
F568-V1,calibration,14,17.63,0.0187001031304,Sigma_neutral_1p33 = 1.33 * Sigma_HI_raw,analytic,analytic_offcentered_gaussian_sum,none,analytic_defined_on_rotation_grid,0,analytic,,,data/stationary/source_reconstruction/jadhav_banerjee2019_lsb_hi_analytic_profiles_v1.csv,data/stationary/source_reconstruction/certified_hi_common_analytic_v5.csv,source_kpc_times_frozen_over_source_distance,raw_HI_to_common_1p33,1.33,0,central_value_frozen; source_uncertainties_retained_upstream,validation/stationary/STATIONARY_HI_INTERPOLATION_CONTINUATION_POLICY_V1.md
F574-1,blind,0,0.47,3.21596405265,Sigma_neutral_1p33 = 1.33 * Sigma_HI_raw,analytic,analytic_offcentered_gaussian_sum,none,analytic_defined_on_rotation_grid,0,analytic,,,data/stationary/source_reconstruction/jadhav_banerjee2019_lsb_hi_analytic_profiles_v1.csv,data/stationary/source_reconstruction/certified_hi_common_analytic_v5.csv,source_kpc_times_frozen_over_source_distance,raw_HI_to_common_1p33,1.33,0,central_value_frozen; source_uncertainties_retained_upstream,validation/stationary/STATIONARY_HI_INTERPOLATION_CONTINUATION_POLICY_V1.md
F574-1,blind,1,1.41,3.29615711689,Sigma_neutral_1p33 = 1.33 * Sigma_HI_raw,analytic,analytic_offcentered_gaussian_sum,none,analytic_defined_on_rotation_grid,0,analytic,,,data/stationary/source_reconstruction/jadhav_banerjee2019_lsb_hi_analytic_profiles_v1.csv,data/stationary/source_reconstruction/certified_hi_common_analytic_v5.csv,source_kpc_times_frozen_over_source_distance,raw_HI_to_common_1p33,1.33,0,central_value_frozen; source_uncertainties_retained_upstream,validation/stationary/STATIONARY_HI_INTERPOLATION_CONTINUATION_POLICY_V1.md
F574-1,blind,2,2.35,3.37638737321,Sigma_neutral_1p33 = 1.33 * Sigma_HI_raw,analytic,analytic_offcentered_gaussian_sum,none,analytic_defined_on_rotation_grid,0,analytic,,,data/stationary/source_reconstruction/jadhav_banerjee2019_lsb_hi_analytic_profiles_v1.csv,data/stationary/source_reconstruction/certified_hi_common_analytic_v5.csv,source_kpc_times_frozen_over_source_distance,raw_HI_to_common_1p33,1.33,0,central_value_frozen; source_uncertainties_retained_upstream,validation/stationary/STATIONARY_HI_INTERPOLATION_CONTINUATION_POLICY_V1.md
F574-1,blind,3,3.29,3.46417848123,Sigma_neutral_1p33 = 1.33 * Sigma_HI_raw,analytic,analytic_offcentered_gaussian_sum,none,analytic_defined_on_rotation_grid,0,analytic,,,data/stationary/source_reconstruction/jadhav_banerjee2019_lsb_hi_analytic_profiles_v1.csv,data/stationary/source_reconstruction/certified_hi_common_analytic_v5.csv,source_kpc_times_frozen_over_source_distance,raw_HI_to_common_1p33,1.33,0,central_value_frozen; source_uncertainties_retained_upstream,validation/stationary/STATIONARY_HI_INTERPOLATION_CONTINUATION_POLICY_V1.md
F574-1,blind,4,4.22,3.56235253824,Sigma_neutral_1p33 = 1.33 * Sigma_HI_raw,analytic,analytic_offcentered_gaussian_sum,none,analytic_defined_on_rotation_grid,0,analytic,,,data/stationary/source_reconstruction/jadhav_banerjee2019_lsb_hi_analytic_profiles_v1.csv,data/stationary/source_reconstruction/certified_hi_common_analytic_v5.csv,source_kpc_times_frozen_over_source_distance,raw_HI_to_common_1p33,1.33,0,central_value_frozen; source_uncertainties_retained_upstream,validation/stationary/STATIONARY_HI_INTERPOLATION_CONTINUATION_POLICY_V1.md
F574-1,blind,5,5.17,3.6719366298,Sigma_neutral_1p33 = 1.33 * Sigma_HI_raw,analytic,analytic_offcentered_gaussian_sum,none,analytic_defined_on_rotation_grid,0,analytic,,,data/stationary/source_reconstruction/jadhav_banerjee2019_lsb_hi_analytic_profiles_v1.csv,data/stationary/source_reconstruction/certified_hi_common_analytic_v5.csv,source_kpc_times_frozen_over_source_distance,raw_HI_to_common_1p33,1.33,0,central_value_frozen; source_uncertainties_retained_upstream,validation/stationary/STATIONARY_HI_INTERPOLATION_CONTINUATION_POLICY_V1.md
F574-1,blind,6,6.11,3.77928275238,Sigma_neutral_1p33 = 1.33 * Sigma_HI_raw,analytic,analytic_offcentered_gaussian_sum,none,analytic_defined_on_rotation_grid,0,analytic,,,data/stationary/source_reconstruction/jadhav_banerjee2019_lsb_hi_analytic_profiles_v1.csv,data/stationary/source_reconstruction/certified_hi_common_analytic_v5.csv,source_kpc_times_frozen_over_source_distance,raw_HI_to_common_1p33,1.33,0,central_value_frozen; source_uncertainties_retained_upstream,validation/stationary/STATIONARY_HI_INTERPOLATION_CONTINUATION_POLICY_V1.md
F574-1,blind,7,7.05,3.86734100265,Sigma_neutral_1p33 = 1.33 * Sigma_HI_raw,analytic,analytic_offcentered_gaussian_sum,none,analytic_defined_on_rotation_grid,0,analytic,,,data/stationary/source_reconstruction/jadhav_banerjee2019_lsb_hi_analytic_profiles_v1.csv,data/stationary/source_reconstruction/certified_hi_common_analytic_v5.csv,source_kpc_times_frozen_over_source_distance,raw_HI_to_common_1p33,1.33,0,central_value_frozen; source_uncertainties_retained_upstream,validation/stationary/STATIONARY_HI_INTERPOLATION_CONTINUATION_POLICY_V1.md
F574-1,blind,8,7.99,3.91255983876,Sigma_neutral_1p33 = 1.33 * Sigma_HI_raw,analytic,analytic_offcentered_gaussian_sum,none,analytic_defined_on_rotation_grid,0,analytic,,,data/stationary/source_reconstruction/jadhav_banerjee2019_lsb_hi_analytic_profiles_v1.csv,data/stationary/source_reconstruction/certified_hi_common_analytic_v5.csv,source_kpc_times_frozen_over_source_distance,raw_HI_to_common_1p33,1.33,0,central_value_frozen; source_uncertainties_retained_upstream,validation/stationary/STATIONARY_HI_INTERPOLATION_CONTINUATION_POLICY_V1.md
F574-1,blind,9,8.92,3.89128494403,Sigma_neutral_1p33 = 1.33 * Sigma_HI_raw,analytic,analytic_offcentered_gaussian_sum,none,analytic_defined_on_rotation_grid,0,analytic,,,data/stationary/source_reconstruction/jadhav_banerjee2019_lsb_hi_analytic_profiles_v1.csv,data/stationary/source_reconstruction/certified_hi_common_analytic_v5.csv,source_kpc_times_frozen_over_source_distance,raw_HI_to_common_1p33,1.33,0,central_value_frozen; source_uncertainties_retained_upstream,validation/stationary/STATIONARY_HI_INTERPOLATION_CONTINUATION_POLICY_V1.md
F574-1,blind,10,9.87,3.78218073001,Sigma_neutral_1p33 = 1.33 * Sigma_HI_raw,analytic,analytic_offcentered_gaussian_sum,none,analytic_defined_on_rotation_grid,0,analytic,,,data/stationary/source_reconstruction/jadhav_banerjee2019_lsb_hi_analytic_profiles_v1.csv,data/stationary/source_reconstruction/certified_hi_common_analytic_v5.csv,source_kpc_times_frozen_over_source_distance,raw_HI_to_common_1p33,1.33,0,central_value_frozen; source_uncertainties_retained_upstream,validation/stationary/STATIONARY_HI_INTERPOLATION_CONTINUATION_POLICY_V1.md
F574-1,blind,11,10.79,3.58341198237,Sigma_neutral_1p33 = 1.33 * Sigma_HI_raw,analytic,analytic_offcentered_gaussian_sum,none,analytic_defined_on_rotation_grid,0,analytic,,,data/stationary/source_reconstruction/jadhav_banerjee2019_lsb_hi_analytic_profiles_v1.csv,data/stationary/source_reconstruction/certified_hi_common_analytic_v5.csv,source_kpc_times_frozen_over_source_distance,raw_HI_to_common_1p33,1.33,0,central_value_frozen; source_uncertainties_retained_upstream,validation/stationary/STATIONARY_HI_INTERPOLATION_CONTINUATION_POLICY_V1.md
F574-1,blind,12,11.8,3.26444152013,Sigma_neutral_1p33 = 1.33 * Sigma_HI_raw,analytic,analytic_offcentered_gaussian_sum,none,analytic_defined_on_rotation_grid,0,analytic,,,data/stationary/source_reconstruction/jadhav_banerjee2019_lsb_hi_analytic_profiles_v1.csv,data/stationary/source_reconstruction/certified_hi_common_analytic_v5.csv,source_kpc_times_frozen_over_source_distance,raw_HI_to_common_1p33,1.33,0,central_value_frozen; source_uncertainties_retained_upstream,validation/stationary/STATIONARY_HI_INTERPOLATION_CONTINUATION_POLICY_V1.md
F574-1,blind,13,12.6,2.95058108318,Sigma_neutral_1p33 = 1.33 * Sigma_HI_raw,analytic,analytic_offcentered_gaussian_sum,none,analytic_defined_on_rotation_grid,0,analytic,,,data/stationary/source_reconstruction/jadhav_banerjee2019_lsb_hi_analytic_profiles_v1.csv,data/stationary/source_reconstruction/certified_hi_common_analytic_v5.csv,source_kpc_times_frozen_over_source_distance,raw_HI_to_common_1p33,1.33,0,central_value_frozen; source_uncertainties_retained_upstream,validation/stationary/STATIONARY_HI_INTERPOLATION_CONTINUATION_POLICY_V1.md
F583-1,calibration,0,0.26,3.84471980975,Sigma_neutral_1p33 = 1.33 * Sigma_HI_raw,analytic,analytic_offcentered_gaussian_sum,none,analytic_defined_on_rotation_grid,0,analytic,,,data/stationary/source_reconstruction/jadhav_banerjee2019_lsb_hi_analytic_profiles_v1.csv,data/stationary/source_reconstruction/certified_hi_common_analytic_v5.csv,source_kpc_times_frozen_over_source_distance,raw_HI_to_common_1p33,1.33,0,central_value_frozen; source_uncertainties_retained_upstream,validation/stationary/STATIONARY_HI_INTERPOLATION_CONTINUATION_POLICY_V1.md
F583-1,calibration,1,0.44,3.94743376845,Sigma_neutral_1p33 = 1.33 * Sigma_HI_raw,analytic,analytic_offcentered_gaussian_sum,none,analytic_defined_on_rotation_grid,0,analytic,,,data/stationary/source_reconstruction/jadhav_banerjee2019_lsb_hi_analytic_profiles_v1.csv,data/stationary/source_reconstruction/certified_hi_common_analytic_v5.csv,source_kpc_times_frozen_over_source_distance,raw_HI_to_common_1p33,1.33,0,central_value_frozen; source_uncertainties_retained_upstream,validation/stationary/STATIONARY_HI_INTERPOLATION_CONTINUATION_POLICY_V1.md
F583-1,calibration,2,0.77,4.13359811907,Sigma_neutral_1p33 = 1.33 * Sigma_HI_raw,analytic,analytic_offcentered_gaussian_sum,none,analytic_defined_on_rotation_grid,0,analytic,,,data/stationary/source_reconstruction/jadhav_banerjee2019_lsb_hi_analytic_profiles_v1.csv,data/stationary/source_reconstruction/certified_hi_common_analytic_v5.csv,source_kpc_times_frozen_over_source_distance,raw_HI_to_common_1p33,1.33,0,central_value_frozen; source_uncertainties_retained_upstream,validation/stationary/STATIONARY_HI_INTERPOLATION_CONTINUATION_POLICY_V1.md
F583-1,calibration,3,0.89,4.20041526203,Sigma_neutral_1p33 = 1.33 * Sigma_HI_raw,analytic,analytic_offcentered_gaussian_sum,none,analytic_defined_on_rotation_grid,0,analytic,,,data/stationary/source_reconstruction/jadhav_banerjee2019_lsb_hi_analytic_profiles_v1.csv,data/stationary/source_reconstruction/certified_hi_common_analytic_v5.csv,source_kpc_times_frozen_over_source_distance,raw_HI_to_common_1p33,1.33,0,central_value_frozen; source_uncertainties_retained_upstream,validation/stationary/STATIONARY_HI_INTERPOLATION_CONTINUATION_POLICY_V1.md
F583-1,calibration,4,1.22,4.38109666722,Sigma_neutral_1p33 = 1.33 * Sigma_HI_raw,analytic,analytic_offcentered_gaussian_sum,none,analytic_defined_on_rotation_grid,0,analytic,,,data/stationary/source_reconstruction/jadhav_banerjee2019_lsb_hi_analytic_profiles_v1.csv,data/stationary/source_reconstruction/certified_hi_common_analytic_v5.csv,source_kpc_times_frozen_over_source_distance,raw_HI_to_common_1p33,1.33,0,central_value_frozen; source_uncertainties_retained_upstream,validation/stationary/STATIONARY_HI_INTERPOLATION_CONTINUATION_POLICY_V1.md
F583-1,calibration,5,1.55,4.55635398711,Sigma_neutral_1p33 = 1.33 * Sigma_HI_raw,analytic,analytic_offcentered_gaussian_sum,none,analytic_defined_on_rotation_grid,0,analytic,,,data/stationary/source_reconstruction/jadhav_banerjee2019_lsb_hi_analytic_profiles_v1.csv,data/stationary/source_reconstruction/certified_hi_common_analytic_v5.csv,source_kpc_times_frozen_over_source_distance,raw_HI_to_common_1p33,1.33,0,central_value_frozen; source_uncertainties_retained_upstream,validation/stationary/STATIONARY_HI_INTERPOLATION_CONTINUATION_POLICY_V1.md
F583-1,calibration,6,1.8,4.68483217662,Sigma_neutral_1p33 = 1.33 * Sigma_HI_raw,analytic,analytic_offcentered_gaussian_sum,none,analytic_defined_on_rotation_grid,0,analytic,,,data/stationary/source_reconstruction/jadhav_banerjee2019_lsb_hi_analytic_profiles_v1.csv,data/stationary/source_reconstruction/certified_hi_common_analytic_v5.csv,source_kpc_times_frozen_over_source_distance,raw_HI_to_common_1p33,1.33,0,central_value_frozen; source_uncertainties_retained_upstream,validation/stationary/STATIONARY_HI_INTERPOLATION_CONTINUATION_POLICY_V1.md
F583-1,calibration,7,2.21,4.88632920284,Sigma_neutral_1p33 = 1.33 * Sigma_HI_raw,analytic,analytic_offcentered_gaussian_sum,none,analytic_defined_on_rotation_grid,0,analytic,,,data/stationary/source_reconstruction/jadhav_banerjee2019_lsb_hi_analytic_profiles_v1.csv,data/stationary/source_reconstruction/certified_hi_common_analytic_v5.csv,source_kpc_times_frozen_over_source_distance,raw_HI_to_common_1p33,1.33,0,central_value_frozen; source_uncertainties_retained_upstream,validation/stationary/STATIONARY_HI_INTERPOLATION_CONTINUATION_POLICY_V1.md
F583-1,calibration,8,2.31,4.93360148938,Sigma_neutral_1p33 = 1.33 * Sigma_HI_raw,analytic,analytic_offcentered_gaussian_sum,none,analytic_defined_on_rotation_grid,0,analytic,,,data/stationary/source_reconstruction/jadhav_banerjee2019_lsb_hi_analytic_profiles_v1.csv,data/stationary/source_reconstruction/certified_hi_common_analytic_v5.csv,source_kpc_times_frozen_over_source_distance,raw_HI_to_common_1p33,1.33,0,central_value_frozen; source_uncertainties_retained_upstream,validation/stationary/STATIONARY_HI_INTERPOLATION_CONTINUATION_POLICY_V1.md
F583-1,calibration,9,2.54,5.03940440336,Sigma_neutral_1p33 = 1.33 * Sigma_HI_raw,analytic,analytic_offcentered_gaussian_sum,none,analytic_defined_on_rotation_grid,0,analytic,,,data/stationary/source_reconstruction/jadhav_banerjee2019_lsb_hi_analytic_profiles_v1.csv,data/stationary/source_reconstruction/certified_hi_common_analytic_v5.csv,source_kpc_times_frozen_over_source_distance,raw_HI_to_common_1p33,1.33,0,central_value_frozen; source_uncertainties_retained_upstream,validation/stationary/STATIONARY_HI_INTERPOLATION_CONTINUATION_POLICY_V1.md
F583-1,calibration,10,3.1,5.27981987113,Sigma_neutral_1p33 = 1.33 * Sigma_HI_raw,analytic,analytic_offcentered_gaussian_sum,none,analytic_defined_on_rotation_grid,0,analytic,,,data/stationary/source_reconstruction/jadhav_banerjee2019_lsb_hi_analytic_profiles_v1.csv,data/stationary/source_reconstruction/certified_hi_common_analytic_v5.csv,source_kpc_times_frozen_over_source_distance,raw_HI_to_common_1p33,1.33,0,central_value_frozen; source_uncertainties_retained_upstream,validation/stationary/STATIONARY_HI_INTERPOLATION_CONTINUATION_POLICY_V1.md
F583-1,calibration,11,3.43,5.41068662421,Sigma_neutral_1p33 = 1.33 * Sigma_HI_raw,analytic,analytic_offcentered_gaussian_sum,none,analytic_defined_on_rotation_grid,0,analytic,,,data/stationary/source_reconstruction/jadhav_banerjee2019_lsb_hi_analytic_profiles_v1.csv,data/stationary/source_reconstruction/certified_hi_common_analytic_v5.csv,source_kpc_times_frozen_over_source_distance,raw_HI_to_common_1p33,1.33,0,central_value_frozen; source_uncertainties_retained_upstream,validation/stationary/STATIONARY_HI_INTERPOLATION_CONTINUATION_POLICY_V1.md
F583-1,calibration,12,3.86,5.57110991643,Sigma_neutral_1p33 = 1.33 * Sigma_HI_raw,analytic,analytic_offcentered_gaussian_sum,none,analytic_defined_on_rotation_grid,0,analytic,,,data/stationary/source_reconstruction/jadhav_banerjee2019_lsb_hi_analytic_profiles_v1.csv,data/stationary/source_reconstruction/certified_hi_common_analytic_v5.csv,source_kpc_times_frozen_over_source_distance,raw_HI_to_common_1p33,1.33,0,central_value_frozen; source_uncertainties_retained_upstream,validation/stationary/STATIONARY_HI_INTERPOLATION_CONTINUATION_POLICY_V1.md
F583-1,calibration,13,4.09,5.65309680237,Sigma_neutral_1p33 = 1.33 * Sigma_HI_raw,analytic,analytic_offcentered_gaussian_sum,none,analytic_defined_on_rotation_grid,0,analytic,,,data/stationary/source_reconstruction/jadhav_banerjee2019_lsb_hi_analytic_profiles_v1.csv,data/stationary/source_reconstruction/certified_hi_common_analytic_v5.csv,source_kpc_times_frozen_over_source_distance,raw_HI_to_common_1p33,1.33,0,central_value_frozen; source_uncertainties_retained_upstream,validation/stationary/STATIONARY_HI_INTERPOLATION_CONTINUATION_POLICY_V1.md
F583-1,calibration,14,4.37,5.74993002163,Sigma_neutral_1p33 = 1.33 * Sigma_HI_raw,analytic,analytic_offcentered_gaussian_sum,none,analytic_defined_on_rotation_grid,0,analytic,,,data/stationary/source_reconstruction/jadhav_banerjee2019_lsb_hi_analytic_profiles_v1.csv,data/stationary/source_reconstruction/certified_hi_common_analytic_v5.csv,source_kpc_times_frozen_over_source_distance,raw_HI_to_common_1p33,1.33,0,central_value_frozen; source_uncertainties_retained_upstream,validation/stationary/STATIONARY_HI_INTERPOLATION_CONTINUATION_POLICY_V1.md
F583-1,calibration,15,4.76,5.87938124001,Sigma_neutral_1p33 = 1.33 * Sigma_HI_raw,analytic,analytic_offcentered_gaussian_sum,none,analytic_defined_on_rotation_grid,0,analytic,,,data/stationary/source_reconstruction/jadhav_banerjee2019_lsb_hi_analytic_profiles_v1.csv,data/stationary/source_reconstruction/certified_hi_common_analytic_v5.csv,source_kpc_times_frozen_over_source_distance,raw_HI_to_common_1p33,1.33,0,central_value_frozen; source_uncertainties_retained_upstream,validation/stationary/STATIONARY_HI_INTERPOLATION_CONTINUATION_POLICY_V1.md
F583-1,calibration,16,5.4,6.06979967189,Sigma_neutral_1p33 = 1.33 * Sigma_HI_raw,analytic,analytic_offcentered_gaussian_sum,none,analytic_defined_on_rotation_grid,0,analytic,,,data/stationary/source_reconstruction/jadhav_banerjee2019_lsb_hi_analytic_profiles_v1.csv,data/stationary/source_reconstruction/certified_hi_common_analytic_v5.csv,source_kpc_times_frozen_over_source_distance,raw_HI_to_common_1p33,1.33,0,central_value_frozen; source_uncertainties_retained_upstream,validation/stationary/STATIONARY_HI_INTERPOLATION_CONTINUATION_POLICY_V1.md
F583-1,calibration,17,5.86,6.17222643564,Sigma_neutral_1p33 = 1.33 * Sigma_HI_raw,analytic,analytic_offcentered_gaussian_sum,none,analytic_defined_on_rotation_grid,0,analytic,,,data/stationary/source_reconstruction/jadhav_banerjee2019_lsb_hi_analytic_profiles_v1.csv,data/stationary/source_reconstruction/certified_hi_common_analytic_v5.csv,source_kpc_times_frozen_over_source_distance,raw_HI_to_common_1p33,1.33,0,central_value_frozen; source_uncertainties_retained_upstream,validation/stationary/STATIONARY_HI_INTERPOLATION_CONTINUATION_POLICY_V1.md
F583-1,calibration,18,6.08,6.20434370429,Sigma_neutral_1p33 = 1.33 * Sigma_HI_raw,analytic,analytic_offcentered_gaussian_sum,none,analytic_defined_on_rotation_grid,0,analytic,,,data/stationary/source_reconstruction/jadhav_banerjee2019_lsb_hi_analytic_profiles_v1.csv,data/stationary/source_reconstruction/certified_hi_common_analytic_v5.csv,source_kpc_times_frozen_over_source_distance,raw_HI_to_common_1p33,1.33,0,central_value_frozen; source_uncertainties_retained_upstream,validation/stationary/STATIONARY_HI_INTERPOLATION_CONTINUATION_POLICY_V1.md
F583-1,calibration,19,6.43,6.22558244047,Sigma_neutral_1p33 = 1.33 * Sigma_HI_raw,analytic,analytic_offcentered_gaussian_sum,none,analytic_defined_on_rotation_grid,0,analytic,,,data/stationary/source_reconstruction/jadhav_banerjee2019_lsb_hi_analytic_profiles_v1.csv,data/stationary/source_reconstruction/certified_hi_common_analytic_v5.csv,source_kpc_times_frozen_over_source_distance,raw_HI_to_common_1p33,1.33,0,central_value_frozen; source_uncertainties_retained_upstream,validation/stationary/STATIONARY_HI_INTERPOLATION_CONTINUATION_POLICY_V1.md
F583-1,calibration,20,6.97,6.17286091884,Sigma_neutral_1p33 = 1.33 * Sigma_HI_raw,analytic,analytic_offcentered_gaussian_sum,none,analytic_defined_on_rotation_grid,0,analytic,,,data/stationary/source_reconstruction/jadhav_banerjee2019_lsb_hi_analytic_profiles_v1.csv,data/stationary/source_reconstruction/certified_hi_common_analytic_v5.csv,source_kpc_times_frozen_over_source_distance,raw_HI_to_common_1p33,1.33,0,central_value_frozen; source_uncertainties_retained_upstream,validation/stationary/STATIONARY_HI_INTERPOLATION_CONTINUATION_POLICY_V1.md
F583-1,calibration,21,7.96,5.81006225984,Sigma_neutral_1p33 = 1.33 * Sigma_HI_raw,analytic,analytic_offcentered_gaussian_sum,none,analytic_defined_on_rotation_grid,0,analytic,,,data/stationary/source_reconstruction/jadhav_banerjee2019_lsb_hi_analytic_profiles_v1.csv,data/stationary/source_reconstruction/certified_hi_common_analytic_v5.csv,source_kpc_times_frozen_over_source_distance,raw_HI_to_common_1p33,1.33,0,central_value_frozen; source_uncertainties_retained_upstream,validation/stationary/STATIONARY_HI_INTERPOLATION_CONTINUATION_POLICY_V1.md
F583-1,calibration,22,10.29,4.46689634412,Sigma_neutral_1p33 = 1.33 * Sigma_HI_raw,analytic,analytic_offcentered_gaussian_sum,none,analytic_defined_on_rotation_grid,0,analytic,,,data/stationary/source_reconstruction/jadhav_banerjee2019_lsb_hi_analytic_profiles_v1.csv,data/stationary/source_reconstruction/certified_hi_common_analytic_v5.csv,source_kpc_times_frozen_over_source_distance,raw_HI_to_common_1p33,1.33,0,central_value_frozen; source_uncertainties_retained_upstream,validation/stationary/STATIONARY_HI_INTERPOLATION_CONTINUATION_POLICY_V1.md
F583-1,calibration,23,15.49,1.65517702925,Sigma_neutral_1p33 = 1.33 * Sigma_HI_raw,analytic,analytic_offcentered_gaussian_sum,none,analytic_defined_on_rotation_grid,0,analytic,,,data/stationary/source_reconstruction/jadhav_banerjee2019_lsb_hi_analytic_profiles_v1.csv,data/stationary/source_reconstruction/certified_hi_common_analytic_v5.csv,source_kpc_times_frozen_over_source_distance,raw_HI_to_common_1p33,1.33,0,central_value_frozen; source_uncertainties_retained_upstream,validation/stationary/STATIONARY_HI_INTERPOLATION_CONTINUATION_POLICY_V1.md
F583-1,calibration,24,16.26,1.34460920453,Sigma_neutral_1p33 = 1.33 * Sigma_HI_raw,analytic,analytic_offcentered_gaussian_sum,none,analytic_defined_on_rotation_grid,0,analytic,,,data/stationary/source_reconstruction/jadhav_banerjee2019_lsb_hi_analytic_profiles_v1.csv,data/stationary/source_reconstruction/certified_hi_common_analytic_v5.csv,source_kpc_times_frozen_over_source_distance,raw_HI_to_common_1p33,1.33,0,central_value_frozen; source_uncertainties_retained_upstream,validation/stationary/STATIONARY_HI_INTERPOLATION_CONTINUATION_POLICY_V1.md
F583-4,calibration,0,0.22,2.43512845222,Sigma_neutral_1p33 = 1.33 * Sigma_HI_raw,analytic,analytic_offcentered_gaussian_sum,none,analytic_defined_on_rotation_grid,0,analytic,,,data/stationary/source_reconstruction/jadhav_banerjee2019_lsb_hi_analytic_profiles_v1.csv,data/stationary/source_reconstruction/certified_hi_common_analytic_v5.csv,source_kpc_times_frozen_over_source_distance,raw_HI_to_common_1p33,1.33,0,central_value_frozen; source_uncertainties_retained_upstream,validation/stationary/STATIONARY_HI_INTERPOLATION_CONTINUATION_POLICY_V1.md
F583-4,calibration,1,0.76,2.44868247858,Sigma_neutral_1p33 = 1.33 * Sigma_HI_raw,analytic,analytic_offcentered_gaussian_sum,none,analytic_defined_on_rotation_grid,0,analytic,,,data/stationary/source_reconstruction/jadhav_banerjee2019_lsb_hi_analytic_profiles_v1.csv,data/stationary/source_reconstruction/certified_hi_common_analytic_v5.csv,source_kpc_times_frozen_over_source_distance,raw_HI_to_common_1p33,1.33,0,central_value_frozen; source_uncertainties_retained_upstream,validation/stationary/STATIONARY_HI_INTERPOLATION_CONTINUATION_POLICY_V1.md
F583-4,calibration,2,1.31,2.40284463956,Sigma_neutral_1p33 = 1.33 * Sigma_HI_raw,analytic,analytic_offcentered_gaussian_sum,none,analytic_defined_on_rotation_grid,0,analytic,,,data/stationary/source_reconstruction/jadhav_banerjee2019_lsb_hi_analytic_profiles_v1.csv,data/stationary/source_reconstruction/certified_hi_common_analytic_v5.csv,source_kpc_times_frozen_over_source_distance,raw_HI_to_common_1p33,1.33,0,central_value_frozen; source_uncertainties_retained_upstream,validation/stationary/STATIONARY_HI_INTERPOLATION_CONTINUATION_POLICY_V1.md
F583-4,calibration,3,1.94,2.30984514217,Sigma_neutral_1p33 = 1.33 * Sigma_HI_raw,analytic,analytic_offcentered_gaussian_sum,none,analytic_defined_on_rotation_grid,0,analytic,,,data/stationary/source_reconstruction/jadhav_banerjee2019_lsb_hi_analytic_profiles_v1.csv,data/stationary/source_reconstruction/certified_hi_common_analytic_v5.csv,source_kpc_times_frozen_over_source_distance,raw_HI_to_common_1p33,1.33,0,central_value_frozen; source_uncertainties_retained_upstream,validation/stationary/STATIONARY_HI_INTERPOLATION_CONTINUATION_POLICY_V1.md
F583-4,calibration,4,3.92,2.03870746394,Sigma_neutral_1p33 = 1.33 * Sigma_HI_raw,analytic,analytic_offcentered_gaussian_sum,none,analytic_defined_on_rotation_grid,0,analytic,,,data/stationary/source_reconstruction/jadhav_banerjee2019_lsb_hi_analytic_profiles_v1.csv,data/stationary/source_reconstruction/certified_hi_common_analytic_v5.csv,source_kpc_times_frozen_over_source_distance,raw_HI_to_common_1p33,1.33,0,central_value_frozen; source_uncertainties_retained_upstream,validation/stationary/STATIONARY_HI_INTERPOLATION_CONTINUATION_POLICY_V1.md
F583-4,calibration,5,4.35,1.99686360467,Sigma_neutral_1p33 = 1.33 * Sigma_HI_raw,analytic,analytic_offcentered_gaussian_sum,none,analytic_defined_on_rotation_grid,0,analytic,,,data/stationary/source_reconstruction/jadhav_banerjee2019_lsb_hi_analytic_profiles_v1.csv,data/stationary/source_reconstruction/certified_hi_common_analytic_v5.csv,source_kpc_times_frozen_over_source_distance,raw_HI_to_common_1p33,1.33,0,central_value_frozen; source_uncertainties_retained_upstream,validation/stationary/STATIONARY_HI_INTERPOLATION_CONTINUATION_POLICY_V1.md
F583-4,calibration,6,5,1.93057758809,Sigma_neutral_1p33 = 1.33 * Sigma_HI_raw,analytic,analytic_offcentered_gaussian_sum,none,analytic_defined_on_rotation_grid,0,analytic,,,data/stationary/source_reconstruction/jadhav_banerjee2019_lsb_hi_analytic_profiles_v1.csv,data/stationary/source_reconstruction/certified_hi_common_analytic_v5.csv,source_kpc_times_frozen_over_source_distance,raw_HI_to_common_1p33,1.33,0,central_value_frozen; source_uncertainties_retained_upstream,validation/stationary/STATIONARY_HI_INTERPOLATION_CONTINUATION_POLICY_V1.md
F583-4,calibration,7,5.05,1.92496320727,Sigma_neutral_1p33 = 1.33 * Sigma_HI_raw,analytic,analytic_offcentered_gaussian_sum,none,analytic_defined_on_rotation_grid,0,analytic,,,data/stationary/source_reconstruction/jadhav_banerjee2019_lsb_hi_analytic_profiles_v1.csv,data/stationary/source_reconstruction/certified_hi_common_analytic_v5.csv,source_kpc_times_frozen_over_source_distance,raw_HI_to_common_1p33,1.33,0,central_value_frozen; source_uncertainties_retained_upstream,validation/stationary/STATIONARY_HI_INTERPOLATION_CONTINUATION_POLICY_V1.md
F583-4,calibration,8,5.83,1.82106493582,Sigma_neutral_1p33 = 1.33 * Sigma_HI_raw,analytic,analytic_offcentered_gaussian_sum,none,analytic_defined_on_rotation_grid,0,analytic,,,data/stationary/source_reconstruction/jadhav_banerjee2019_lsb_hi_analytic_profiles_v1.csv,data/stationary/source_reconstruction/certified_hi_common_analytic_v5.csv,source_kpc_times_frozen_over_source_distance,raw_HI_to_common_1p33,1.33,0,central_value_frozen; source_uncertainties_retained_upstream,validation/stationary/STATIONARY_HI_INTERPOLATION_CONTINUATION_POLICY_V1.md
F583-4,calibration,9,6.09,1.77833759212,Sigma_neutral_1p33 = 1.33 * Sigma_HI_raw,analytic,analytic_offcentered_gaussian_sum,none,analytic_defined_on_rotation_grid,0,analytic,,,data/stationary/source_reconstruction/jadhav_banerjee2019_lsb_hi_analytic_profiles_v1.csv,data/stationary/source_reconstruction/certified_hi_common_analytic_v5.csv,source_kpc_times_frozen_over_source_distance,raw_HI_to_common_1p33,1.33,0,central_value_frozen; source_uncertainties_retained_upstream,validation/stationary/STATIONARY_HI_INTERPOLATION_CONTINUATION_POLICY_V1.md
F583-4,calibration,10,6.74,1.65232452305,Sigma_neutral_1p33 = 1.33 * Sigma_HI_raw,analytic,analytic_offcentered_gaussian_sum,none,analytic_defined_on_rotation_grid,0,analytic,,,data/stationary/source_reconstruction/jadhav_banerjee2019_lsb_hi_analytic_profiles_v1.csv,data/stationary/source_reconstruction/certified_hi_common_analytic_v5.csv,source_kpc_times_frozen_over_source_distance,raw_HI_to_common_1p33,1.33,0,central_value_frozen; source_uncertainties_retained_upstream,validation/stationary/STATIONARY_HI_INTERPOLATION_CONTINUATION_POLICY_V1.md
F583-4,calibration,11,7.29,1.52593754336,Sigma_neutral_1p33 = 1.33 * Sigma_HI_raw,analytic,analytic_offcentered_gaussian_sum,none,analytic_defined_on_rotation_grid,0,analytic,,,data/stationary/source_reconstruction/jadhav_banerjee2019_lsb_hi_analytic_profiles_v1.csv,data/stationary/source_reconstruction/certified_hi_common_analytic_v5.csv,source_kpc_times_frozen_over_source_distance,raw_HI_to_common_1p33,1.33,0,central_value_frozen; source_uncertainties_retained_upstream,validation/stationary/STATIONARY_HI_INTERPOLATION_CONTINUATION_POLICY_V1.md
IC2574,calibration,0,0.85,8.22746163683,Sigma_neutral_1p33 = 1.33 * Sigma_HI_raw,tabulated,piecewise_linear,none,outer_continuation_only,0.09775,8.602,3,4,data/stationary/source_reconstruction/leroy2008_things_hi_profiles_v1.csv,data/stationary/source_reconstruction/certified_hi_common_tabulated_v5.csv,source_kpc_times_frozen_over_source_distance,source_includes_1p36_to_common_1p33,0.977941176471,0,central_value_frozen; source_uncertainties_retained_upstream,validation/stationary/STATIONARY_HI_INTERPOLATION_CONTINUATION_POLICY_V1.md
IC2574,calibration,1,1.14,7.62731589439,Sigma_neutral_1p33 = 1.33 * Sigma_HI_raw,tabulated,piecewise_linear,none,outer_continuation_only,0.09775,8.602,5,6,data/stationary/source_reconstruction/leroy2008_things_hi_profiles_v1.csv,data/stationary/source_reconstruction/certified_hi_common_tabulated_v5.csv,source_kpc_times_frozen_over_source_distance,source_includes_1p36_to_common_1p33,0.977941176471,0,central_value_frozen; source_uncertainties_retained_upstream,validation/stationary/STATIONARY_HI_INTERPOLATION_CONTINUATION_POLICY_V1.md
IC2574,calibration,2,1.42,8.1968228148,Sigma_neutral_1p33 = 1.33 * Sigma_HI_raw,tabulated,piecewise_linear,none,outer_continuation_only,0.09775,8.602,6,7,data/stationary/source_reconstruction/leroy2008_things_hi_profiles_v1.csv,data/stationary/source_reconstruction/certified_hi_common_tabulated_v5.csv,source_kpc_times_frozen_over_source_distance,source_includes_1p36_to_common_1p33,0.977941176471,0,central_value_frozen; source_uncertainties_retained_upstream,validation/stationary/STATIONARY_HI_INTERPOLATION_CONTINUATION_POLICY_V1.md
IC2574,calibration,3,1.71,9.02056942982,Sigma_neutral_1p33 = 1.33 * Sigma_HI_raw,tabulated,piecewise_linear,none,outer_continuation_only,0.09775,8.602,8,9,data/stationary/source_reconstruction/leroy2008_things_hi_profiles_v1.csv,data/stationary/source_reconstruction/certified_hi_common_tabulated_v5.csv,source_kpc_times_frozen_over_source_distance,source_includes_1p36_to_common_1p33,0.977941176471,0,central_value_frozen; source_uncertainties_retained_upstream,validation/stationary/STATIONARY_HI_INTERPOLATION_CONTINUATION_POLICY_V1.md
IC2574,calibration,4,1.99,8.92702723033,Sigma_neutral_1p33 = 1.33 * Sigma_HI_raw,tabulated,piecewise_linear,none,outer_continuation_only,0.09775,8.602,10,11,data/stationary/source_reconstruction/leroy2008_things_hi_profiles_v1.csv,data/stationary/source_reconstruction/certified_hi_common_tabulated_v5.csv,source_kpc_times_frozen_over_source_distance,source_includes_1p36_to_common_1p33,0.977941176471,0,central_value_frozen; source_uncertainties_retained_upstream,validation/stationary/STATIONARY_HI_INTERPOLATION_CONTINUATION_POLICY_V1.md
IC2574,calibration,5,2.28,8.02286933955,Sigma_neutral_1p33 = 1.33 * Sigma_HI_raw,tabulated,piecewise_linear,none,outer_continuation_only,0.09775,8.602,11,12,data/stationary/source_reconstruction/leroy2008_things_hi_profiles_v1.csv,data/stationary/source_reconstruction/certified_hi_common_tabulated_v5.csv,source_kpc_times_frozen_over_source_distance,source_includes_1p36_to_common_1p33,0.977941176471,0,central_value_frozen; source_uncertainties_retained_upstream,validation/stationary/STATIONARY_HI_INTERPOLATION_CONTINUATION_POLICY_V1.md
IC2574,calibration,6,2.55,7.04117647059,Sigma_neutral_1p33 = 1.33 * Sigma_HI_raw,tabulated,piecewise_linear,none,outer_continuation_only,0.09775,8.602,13,14,data/stationary/source_reconstruction/leroy2008_things_hi_profiles_v1.csv,data/stationary/source_reconstruction/certified_hi_common_tabulated_v5.csv,source_kpc_times_frozen_over_source_distance,source_includes_1p36_to_common_1p33,0.977941176471,0,central_value_frozen; source_uncertainties_retained_upstream,validation/stationary/STATIONARY_HI_INTERPOLATION_CONTINUATION_POLICY_V1.md
IC2574,calibration,7,2.84,7.19574620129,Sigma_neutral_1p33 = 1.33 * Sigma_HI_raw,tabulated,piecewise_linear,none,outer_continuation_only,0.09775,8.602,14,15,data/stationary/source_reconstruction/leroy2008_things_hi_profiles_v1.csv,data/stationary/source_reconstruction/certified_hi_common_tabulated_v5.csv,source_kpc_times_frozen_over_source_distance,source_includes_1p36_to_common_1p33,0.977941176471,0,central_value_frozen; source_uncertainties_retained_upstream,validation/stationary/STATIONARY_HI_INTERPOLATION_CONTINUATION_POLICY_V1.md
IC2574,calibration,8,3.13,7.72973709945,Sigma_neutral_1p33 = 1.33 * Sigma_HI_raw,tabulated,piecewise_linear,none,outer_continuation_only,0.09775,8.602,16,17,data/stationary/source_reconstruction/leroy2008_things_hi_profiles_v1.csv,data/stationary/source_reconstruction/certified_hi_common_tabulated_v5.csv,source_kpc_times_frozen_over_source_distance,source_includes_1p36_to_common_1p33,0.977941176471,0,central_value_frozen; source_uncertainties_retained_upstream,validation/stationary/STATIONARY_HI_INTERPOLATION_CONTINUATION_POLICY_V1.md
IC2574,calibration,9,3.41,8.20345080488,Sigma_neutral_1p33 = 1.33 * Sigma_HI_raw,tabulated,piecewise_linear,none,outer_continuation_only,0.09775,8.602,17,18,data/stationary/source_reconstruction/leroy2008_things_hi_profiles_v1.csv,data/stationary/source_reconstruction/certified_hi_common_tabulated_v5.csv,source_kpc_times_frozen_over_source_distance,source_includes_1p36_to_common_1p33,0.977941176471,0,central_value_frozen; source_uncertainties_retained_upstream,validation/stationary/STATIONARY_HI_INTERPOLATION_CONTINUATION_POLICY_V1.md
IC2574,calibration,10,3.7,8.49358169099,Sigma_neutral_1p33 = 1.33 * Sigma_HI_raw,tabulated,piecewise_linear,none,outer_continuation_only,0.09775,8.602,18,19,data/stationary/source_reconstruction/leroy2008_things_hi_profiles_v1.csv,data/stationary/source_reconstruction/certified_hi_common_tabulated_v5.csv,source_kpc_times_frozen_over_source_distance,source_includes_1p36_to_common_1p33,0.977941176471,0,central_value_frozen; source_uncertainties_retained_upstream,validation/stationary/STATIONARY_HI_INTERPOLATION_CONTINUATION_POLICY_V1.md
IC2574,calibration,11,3.98,8.87150218144,Sigma_neutral_1p33 = 1.33 * Sigma_HI_raw,tabulated,piecewise_linear,none,outer_continuation_only,0.09775,8.602,20,21,data/stationary/source_reconstruction/leroy2008_things_hi_profiles_v1.csv,data/stationary/source_reconstruction/certified_hi_common_tabulated_v5.csv,source_kpc_times_frozen_over_source_distance,source_includes_1p36_to_common_1p33,0.977941176471,0,central_value_frozen; source_uncertainties_retained_upstream,validation/stationary/STATIONARY_HI_INTERPOLATION_CONTINUATION_POLICY_V1.md
IC2574,calibration,12,4.26,9.07434368889,Sigma_neutral_1p33 = 1.33 * Sigma_HI_raw,tabulated,piecewise_linear,none,outer_continuation_only,0.09775,8.602,21,22,data/stationary/source_reconstruction/leroy2008_things_hi_profiles_v1.csv,data/stationary/source_reconstruction/certified_hi_common_tabulated_v5.csv,source_kpc_times_frozen_over_source_distance,source_includes_1p36_to_common_1p33,0.977941176471,0,central_value_frozen; source_uncertainties_retained_upstream,validation/stationary/STATIONARY_HI_INTERPOLATION_CONTINUATION_POLICY_V1.md
IC2574,calibration,13,4.55,9.21940913194,Sigma_neutral_1p33 = 1.33 * Sigma_HI_raw,tabulated,piecewise_linear,none,outer_continuation_only,0.09775,8.602,23,24,data/stationary/source_reconstruction/leroy2008_things_hi_profiles_v1.csv,data/stationary/source_reconstruction/certified_hi_common_tabulated_v5.csv,source_kpc_times_frozen_over_source_distance,source_includes_1p36_to_common_1p33,0.977941176471,0,central_value_frozen; source_uncertainties_retained_upstream,validation/stationary/STATIONARY_HI_INTERPOLATION_CONTINUATION_POLICY_V1.md
IC2574,calibration,14,4.84,9.58657477058,Sigma_neutral_1p33 = 1.33 * Sigma_HI_raw,tabulated,piecewise_linear,none,outer_continuation_only,0.09775,8.602,25,26,data/stationary/source_reconstruction/leroy2008_things_hi_profiles_v1.csv,data/stationary/source_reconstruction/certified_hi_common_tabulated_v5.csv,source_kpc_times_frozen_over_source_distance,source_includes_1p36_to_common_1p33,0.977941176471,0,central_value_frozen; source_uncertainties_retained_upstream,validation/stationary/STATIONARY_HI_INTERPOLATION_CONTINUATION_POLICY_V1.md
IC2574,calibration,15,5.12,10.0794221077,Sigma_neutral_1p33 = 1.33 * Sigma_HI_raw,tabulated,piecewise_linear,none,outer_continuation_only,0.09775,8.602,26,27,data/stationary/source_reconstruction/leroy2008_things_hi_profiles_v1.csv,data/stationary/source_reconstruction/certified_hi_common_tabulated_v5.csv,source_kpc_times_frozen_over_source_distance,source_includes_1p36_to_common_1p33,0.977941176471,0,central_value_frozen; source_uncertainties_retained_upstream,validation/stationary/STATIONARY_HI_INTERPOLATION_CONTINUATION_POLICY_V1.md
IC2574,calibration,16,5.41,10.1368230029,Sigma_neutral_1p33 = 1.33 * Sigma_HI_raw,tabulated,piecewise_linear,none,outer_continuation_only,0.09775,8.602,28,29,data/stationary/source_reconstruction/leroy2008_things_hi_profiles_v1.csv,data/stationary/source_reconstruction/certified_hi_common_tabulated_v5.csv,source_kpc_times_frozen_over_source_distance,source_includes_1p36_to_common_1p33,0.977941176471,0,central_value_frozen; source_uncertainties_retained_upstream,validation/stationary/STATIONARY_HI_INTERPOLATION_CONTINUATION_POLICY_V1.md
IC2574,calibration,17,5.68,9.65010343012,Sigma_neutral_1p33 = 1.33 * Sigma_HI_raw,tabulated,piecewise_linear,none,outer_continuation_only,0.09775,8.602,29,30,data/stationary/source_reconstruction/leroy2008_things_hi_profiles_v1.csv,data/stationary/source_reconstruction/certified_hi_common_tabulated_v5.csv,source_kpc_times_frozen_over_source_distance,source_includes_1p36_to_common_1p33,0.977941176471,0,central_value_frozen; source_uncertainties_retained_upstream,validation/stationary/STATIONARY_HI_INTERPOLATION_CONTINUATION_POLICY_V1.md
IC2574,calibration,18,5.97,8.38853430119,Sigma_neutral_1p33 = 1.33 * Sigma_HI_raw,tabulated,piecewise_linear,none,outer_continuation_only,0.09775,8.602,31,32,data/stationary/source_reconstruction/leroy2008_things_hi_profiles_v1.csv,data/stationary/source_reconstruction/certified_hi_common_tabulated_v5.csv,source_kpc_times_frozen_over_source_distance,source_includes_1p36_to_common_1p33,0.977941176471,0,central_value_frozen; source_uncertainties_retained_upstream,validation/stationary/STATIONARY_HI_INTERPOLATION_CONTINUATION_POLICY_V1.md
IC2574,calibration,19,6.26,7.67083552731,Sigma_neutral_1p33 = 1.33 * Sigma_HI_raw,tabulated,piecewise_linear,none,outer_continuation_only,0.09775,8.602,32,33,data/stationary/source_reconstruction/leroy2008_things_hi_profiles_v1.csv,data/stationary/source_reconstruction/certified_hi_common_tabulated_v5.csv,source_kpc_times_frozen_over_source_distance,source_includes_1p36_to_common_1p33,0.977941176471,0,central_value_frozen; source_uncertainties_retained_upstream,validation/stationary/STATIONARY_HI_INTERPOLATION_CONTINUATION_POLICY_V1.md
IC2574,calibration,20,6.54,7.34381299835,Sigma_neutral_1p33 = 1.33 * Sigma_HI_raw,tabulated,piecewise_linear,none,outer_continuation_only,0.09775,8.602,33,34,data/stationary/source_reconstruction/leroy2008_things_hi_profiles_v1.csv,data/stationary/source_reconstruction/certified_hi_common_tabulated_v5.csv,source_kpc_times_frozen_over_source_distance,source_includes_1p36_to_common_1p33,0.977941176471,0,central_value_frozen; source_uncertainties_retained_upstream,validation/stationary/STATIONARY_HI_INTERPOLATION_CONTINUATION_POLICY_V1.md
IC2574,calibration,21,6.83,6.96839363623,Sigma_neutral_1p33 = 1.33 * Sigma_HI_raw,tabulated,piecewise_linear,none,outer_continuation_only,0.09775,8.602,35,36,data/stationary/source_reconstruction/leroy2008_things_hi_profiles_v1.csv,data/stationary/source_reconstruction/certified_hi_common_tabulated_v5.csv,source_kpc_times_frozen_over_source_distance,source_includes_1p36_to_common_1p33,0.977941176471,0,central_value_frozen; source_uncertainties_retained_upstream,validation/stationary/STATIONARY_HI_INTERPOLATION_CONTINUATION_POLICY_V1.md
IC2574,calibration,22,7.1,6.42814991726,Sigma_neutral_1p33 = 1.33 * Sigma_HI_raw,tabulated,piecewise_linear,none,outer_continuation_only,0.09775,8.602,36,37,data/stationary/source_reconstruction/leroy2008_things_hi_profiles_v1.csv,data/stationary/source_reconstruction/certified_hi_common_tabulated_v5.csv,source_kpc_times_frozen_over_source_distance,source_includes_1p36_to_common_1p33,0.977941176471,0,central_value_frozen; source_uncertainties_retained_upstream,validation/stationary/STATIONARY_HI_INTERPOLATION_CONTINUATION_POLICY_V1.md
IC2574,calibration,23,7.39,5.77948228525,Sigma_neutral_1p33 = 1.33 * Sigma_HI_raw,tabulated,piecewise_linear,none,outer_continuation_only,0.09775,8.602,38,39,data/stationary/source_reconstruction/leroy2008_things_hi_profiles_v1.csv,data/stationary/source_reconstruction/certified_hi_common_tabulated_v5.csv,source_kpc_times_frozen_over_source_distance,source_includes_1p36_to_common_1p33,0.977941176471,0,central_value_frozen; source_uncertainties_retained_upstream,validation/stationary/STATIONARY_HI_INTERPOLATION_CONTINUATION_POLICY_V1.md
IC2574,calibration,24,7.68,5.49760512261,Sigma_neutral_1p33 = 1.33 * Sigma_HI_raw,tabulated,piecewise_linear,none,outer_continuation_only,0.09775,8.602,39,40,data/stationary/source_reconstruction/leroy2008_things_hi_profiles_v1.csv,data/stationary/source_reconstruction/certified_hi_common_tabulated_v5.csv,source_kpc_times_frozen_over_source_distance,source_includes_1p36_to_common_1p33,0.977941176471,0,central_value_frozen; source_uncertainties_retained_upstream,validation/stationary/STATIONARY_HI_INTERPOLATION_CONTINUATION_POLICY_V1.md
IC2574,calibration,25,7.96,5.14081916654,Sigma_neutral_1p33 = 1.33 * Sigma_HI_raw,tabulated,piecewise_linear,none,outer_continuation_only,0.09775,8.602,41,42,data/stationary/source_reconstruction/leroy2008_things_hi_profiles_v1.csv,data/stationary/source_reconstruction/certified_hi_common_tabulated_v5.csv,source_kpc_times_frozen_over_source_distance,source_includes_1p36_to_common_1p33,0.977941176471,0,central_value_frozen; source_uncertainties_retained_upstream,validation/stationary/STATIONARY_HI_INTERPOLATION_CONTINUATION_POLICY_V1.md
IC2574,calibration,26,8.25,4.71387656086,Sigma_neutral_1p33 = 1.33 * Sigma_HI_raw,tabulated,piecewise_linear,none,outer_continuation_only,0.09775,8.602,43,44,data/stationary/source_reconstruction/leroy2008_things_hi_profiles_v1.csv,data/stationary/source_reconstruction/certified_hi_common_tabulated_v5.csv,source_kpc_times_frozen_over_source_distance,source_includes_1p36_to_common_1p33,0.977941176471,0,central_value_frozen; source_uncertainties_retained_upstream,validation/stationary/STATIONARY_HI_INTERPOLATION_CONTINUATION_POLICY_V1.md
IC2574,calibration,27,8.52,4.11685722882,Sigma_neutral_1p33 = 1.33 * Sigma_HI_raw,tabulated,piecewise_linear,none,outer_continuation_only,0.09775,8.602,44,45,data/stationary/source_reconstruction/leroy2008_things_hi_profiles_v1.csv,data/stationary/source_reconstruction/certified_hi_common_tabulated_v5.csv,source_kpc_times_frozen_over_source_distance,source_includes_1p36_to_common_1p33,0.977941176471,0,central_value_frozen; source_uncertainties_retained_upstream,validation/stationary/STATIONARY_HI_INTERPOLATION_CONTINUATION_POLICY_V1.md
IC2574,calibration,28,8.81,0,Sigma_neutral_1p33 = 1.33 * Sigma_HI_raw,tabulated,outer_zero,outer,outer_continuation_only,0.09775,8.602,45,45,data/stationary/source_reconstruction/leroy2008_things_hi_profiles_v1.csv,data/stationary/source_reconstruction/certified_hi_common_tabulated_v5.csv,source_kpc_times_frozen_over_source_distance,source_includes_1p36_to_common_1p33,0.977941176471,0,central_value_frozen; source_uncertainties_retained_upstream,validation/stationary/STATIONARY_HI_INTERPOLATION_CONTINUATION_POLICY_V1.md
IC2574,calibration,29,9.1,0,Sigma_neutral_1p33 = 1.33 * Sigma_HI_raw,tabulated,outer_zero,outer,outer_continuation_only,0.09775,8.602,45,45,data/stationary/source_reconstruction/leroy2008_things_hi_profiles_v1.csv,data/stationary/source_reconstruction/certified_hi_common_tabulated_v5.csv,source_kpc_times_frozen_over_source_distance,source_includes_1p36_to_common_1p33,0.977941176471,0,central_value_frozen; source_uncertainties_retained_upstream,validation/stationary/STATIONARY_HI_INTERPOLATION_CONTINUATION_POLICY_V1.md
IC2574,calibration,30,9.38,0,Sigma_neutral_1p33 = 1.33 * Sigma_HI_raw,tabulated,outer_zero,outer,outer_continuation_only,0.09775,8.602,45,45,data/stationary/source_reconstruction/leroy2008_things_hi_profiles_v1.csv,data/stationary/source_reconstruction/certified_hi_common_tabulated_v5.csv,source_kpc_times_frozen_over_source_distance,source_includes_1p36_to_common_1p33,0.977941176471,0,central_value_frozen; source_uncertainties_retained_upstream,validation/stationary/STATIONARY_HI_INTERPOLATION_CONTINUATION_POLICY_V1.md
IC2574,calibration,31,9.67,0,Sigma_neutral_1p33 = 1.33 * Sigma_HI_raw,tabulated,outer_zero,outer,outer_continuation_only,0.09775,8.602,45,45,data/stationary/source_reconstruction/leroy2008_things_hi_profiles_v1.csv,data/stationary/source_reconstruction/certified_hi_common_tabulated_v5.csv,source_kpc_times_frozen_over_source_distance,source_includes_1p36_to_common_1p33,0.977941176471,0,central_value_frozen; source_uncertainties_retained_upstream,validation/stationary/STATIONARY_HI_INTERPOLATION_CONTINUATION_POLICY_V1.md
IC2574,calibration,32,9.96,0,Sigma_neutral_1p33 = 1.33 * Sigma_HI_raw,tabulated,outer_zero,outer,outer_continuation_only,0.09775,8.602,45,45,data/stationary/source_reconstruction/leroy2008_things_hi_profiles_v1.csv,data/stationary/source_reconstruction/certified_hi_common_tabulated_v5.csv,source_kpc_times_frozen_over_source_distance,source_includes_1p36_to_common_1p33,0.977941176471,0,central_value_frozen; source_uncertainties_retained_upstream,validation/stationary/STATIONARY_HI_INTERPOLATION_CONTINUATION_POLICY_V1.md
IC2574,calibration,33,10.23,0,Sigma_neutral_1p33 = 1.33 * Sigma_HI_raw,tabulated,outer_zero,outer,outer_continuation_only,0.09775,8.602,45,45,data/stationary/source_reconstruction/leroy2008_things_hi_profiles_v1.csv,data/stationary/source_reconstruction/certified_hi_common_tabulated_v5.csv,source_kpc_times_frozen_over_source_distance,source_includes_1p36_to_common_1p33,0.977941176471,0,central_value_frozen; source_uncertainties_retained_upstream,validation/stationary/STATIONARY_HI_INTERPOLATION_CONTINUATION_POLICY_V1.md
KK98-251,calibration,0,0.25,9.79247870831,Sigma_neutral_1p33 = 1.33 * Sigma_HI_raw,analytic,analytic_offcentered_gaussian_sum,none,analytic_defined_on_rotation_grid,0,analytic,,,data/stationary/source_reconstruction/begum_chengalur_analytic_profile_parameters_v1.csv,data/stationary/source_reconstruction/certified_hi_common_analytic_v5.csv,analytic_angular_scale_times_frozen_distance,raw_HI_to_common_1p33,1.33,0,central_value_frozen; source_uncertainties_retained_upstream,validation/stationary/STATIONARY_HI_INTERPOLATION_CONTINUATION_POLICY_V1.md
KK98-251,calibration,1,0.41,10.1731089119,Sigma_neutral_1p33 = 1.33 * Sigma_HI_raw,analytic,analytic_offcentered_gaussian_sum,none,analytic_defined_on_rotation_grid,0,analytic,,,data/stationary/source_reconstruction/begum_chengalur_analytic_profile_parameters_v1.csv,data/stationary/source_reconstruction/certified_hi_common_analytic_v5.csv,analytic_angular_scale_times_frozen_distance,raw_HI_to_common_1p33,1.33,0,central_value_frozen; source_uncertainties_retained_upstream,validation/stationary/STATIONARY_HI_INTERPOLATION_CONTINUATION_POLICY_V1.md
KK98-251,calibration,2,0.57,10.3578317493,Sigma_neutral_1p33 = 1.33 * Sigma_HI_raw,analytic,analytic_offcentered_gaussian_sum,none,analytic_defined_on_rotation_grid,0,analytic,,,data/stationary/source_reconstruction/begum_chengalur_analytic_profile_parameters_v1.csv,data/stationary/source_reconstruction/certified_hi_common_analytic_v5.csv,analytic_angular_scale_times_frozen_distance,raw_HI_to_common_1p33,1.33,0,central_value_frozen; source_uncertainties_retained_upstream,validation/stationary/STATIONARY_HI_INTERPOLATION_CONTINUATION_POLICY_V1.md
KK98-251,calibration,3,0.74,10.3273655033,Sigma_neutral_1p33 = 1.33 * Sigma_HI_raw,analytic,analytic_offcentered_gaussian_sum,none,analytic_defined_on_rotation_grid,0,analytic,,,data/stationary/source_reconstruction/begum_chengalur_analytic_profile_parameters_v1.csv,data/stationary/source_reconstruction/certified_hi_common_analytic_v5.csv,analytic_angular_scale_times_frozen_distance,raw_HI_to_common_1p33,1.33,0,central_value_frozen; source_uncertainties_retained_upstream,validation/stationary/STATIONARY_HI_INTERPOLATION_CONTINUATION_POLICY_V1.md
KK98-251,calibration,4,0.9,10.0870990914,Sigma_neutral_1p33 = 1.33 * Sigma_HI_raw,analytic,analytic_offcentered_gaussian_sum,none,analytic_defined_on_rotation_grid,0,analytic,,,data/stationary/source_reconstruction/begum_chengalur_analytic_profile_parameters_v1.csv,data/stationary/source_reconstruction/certified_hi_common_analytic_v5.csv,analytic_angular_scale_times_frozen_distance,raw_HI_to_common_1p33,1.33,0,central_value_frozen; source_uncertainties_retained_upstream,validation/stationary/STATIONARY_HI_INTERPOLATION_CONTINUATION_POLICY_V1.md
KK98-251,calibration,5,1.07,9.6232365843,Sigma_neutral_1p33 = 1.33 * Sigma_HI_raw,analytic,analytic_offcentered_gaussian_sum,none,analytic_defined_on_rotation_grid,0,analytic,,,data/stationary/source_reconstruction/begum_chengalur_analytic_profile_parameters_v1.csv,data/stationary/source_reconstruction/certified_hi_common_analytic_v5.csv,analytic_angular_scale_times_frozen_distance,raw_HI_to_common_1p33,1.33,0,central_value_frozen; source_uncertainties_retained_upstream,validation/stationary/STATIONARY_HI_INTERPOLATION_CONTINUATION_POLICY_V1.md
KK98-251,calibration,6,1.24,8.97434451386,Sigma_neutral_1p33 = 1.33 * Sigma_HI_raw,analytic,analytic_offcentered_gaussian_sum,none,analytic_defined_on_rotation_grid,0,analytic,,,data/stationary/source_reconstruction/begum_chengalur_analytic_profile_parameters_v1.csv,data/stationary/source_reconstruction/certified_hi_common_analytic_v5.csv,analytic_angular_scale_times_frozen_distance,raw_HI_to_common_1p33,1.33,0,central_value_frozen; source_uncertainties_retained_upstream,validation/stationary/STATIONARY_HI_INTERPOLATION_CONTINUATION_POLICY_V1.md
KK98-251,calibration,7,1.4,8.23092301347,Sigma_neutral_1p33 = 1.33 * Sigma_HI_raw,analytic,analytic_offcentered_gaussian_sum,none,analytic_defined_on_rotation_grid,0,analytic,,,data/stationary/source_reconstruction/begum_chengalur_analytic_profile_parameters_v1.csv,data/stationary/source_reconstruction/certified_hi_common_analytic_v5.csv,analytic_angular_scale_times_frozen_distance,raw_HI_to_common_1p33,1.33,0,central_value_frozen; source_uncertainties_retained_upstream,validation/stationary/STATIONARY_HI_INTERPOLATION_CONTINUATION_POLICY_V1.md
KK98-251,calibration,8,1.57,7.34453482428,Sigma_neutral_1p33 = 1.33 * Sigma_HI_raw,analytic,analytic_offcentered_gaussian_sum,none,analytic_defined_on_rotation_grid,0,analytic,,,data/stationary/source_reconstruction/begum_chengalur_analytic_profile_parameters_v1.csv,data/stationary/source_reconstruction/certified_hi_common_analytic_v5.csv,analytic_angular_scale_times_frozen_distance,raw_HI_to_common_1p33,1.33,0,central_value_frozen; source_uncertainties_retained_upstream,validation/stationary/STATIONARY_HI_INTERPOLATION_CONTINUATION_POLICY_V1.md
KK98-251,calibration,9,1.72,6.51782122018,Sigma_neutral_1p33 = 1.33 * Sigma_HI_raw,analytic,analytic_offcentered_gaussian_sum,none,analytic_defined_on_rotation_grid,0,analytic,,,data/stationary/source_reconstruction/begum_chengalur_analytic_profile_parameters_v1.csv,data/stationary/source_reconstruction/certified_hi_common_analytic_v5.csv,analytic_angular_scale_times_frozen_distance,raw_HI_to_common_1p33,1.33,0,central_value_frozen; source_uncertainties_retained_upstream,validation/stationary/STATIONARY_HI_INTERPOLATION_CONTINUATION_POLICY_V1.md
KK98-251,calibration,10,1.89,5.57228295332,Sigma_neutral_1p33 = 1.33 * Sigma_HI_raw,analytic,analytic_offcentered_gaussian_sum,none,analytic_defined_on_rotation_grid,0,analytic,,,data/stationary/source_reconstruction/begum_chengalur_analytic_profile_parameters_v1.csv,data/stationary/source_reconstruction/certified_hi_common_analytic_v5.csv,analytic_angular_scale_times_frozen_distance,raw_HI_to_common_1p33,1.33,0,central_value_frozen; source_uncertainties_retained_upstream,validation/stationary/STATIONARY_HI_INTERPOLATION_CONTINUATION_POLICY_V1.md
KK98-251,calibration,11,2.06,4.65683207357,Sigma_neutral_1p33 = 1.33 * Sigma_HI_raw,analytic,analytic_offcentered_gaussian_sum,none,analytic_defined_on_rotation_grid,0,analytic,,,data/stationary/source_reconstruction/begum_chengalur_analytic_profile_parameters_v1.csv,data/stationary/source_reconstruction/certified_hi_common_analytic_v5.csv,analytic_angular_scale_times_frozen_distance,raw_HI_to_common_1p33,1.33,0,central_value_frozen; source_uncertainties_retained_upstream,validation/stationary/STATIONARY_HI_INTERPOLATION_CONTINUATION_POLICY_V1.md
KK98-251,calibration,12,2.46,2.7909347103,Sigma_neutral_1p33 = 1.33 * Sigma_HI_raw,analytic,analytic_offcentered_gaussian_sum,none,analytic_defined_on_rotation_grid,0,analytic,,,data/stationary/source_reconstruction/begum_chengalur_analytic_profile_parameters_v1.csv,data/stationary/source_reconstruction/certified_hi_common_analytic_v5.csv,analytic_angular_scale_times_frozen_distance,raw_HI_to_common_1p33,1.33,0,central_value_frozen; source_uncertainties_retained_upstream,validation/stationary/STATIONARY_HI_INTERPOLATION_CONTINUATION_POLICY_V1.md
KK98-251,calibration,13,2.79,1.66405735655,Sigma_neutral_1p33 = 1.33 * Sigma_HI_raw,analytic,analytic_offcentered_gaussian_sum,none,analytic_defined_on_rotation_grid,0,analytic,,,data/stationary/source_reconstruction/begum_chengalur_analytic_profile_parameters_v1.csv,data/stationary/source_reconstruction/certified_hi_common_analytic_v5.csv,analytic_angular_scale_times_frozen_distance,raw_HI_to_common_1p33,1.33,0,central_value_frozen; source_uncertainties_retained_upstream,validation/stationary/STATIONARY_HI_INTERPOLATION_CONTINUATION_POLICY_V1.md
KK98-251,calibration,14,3.13,0.893036042769,Sigma_neutral_1p33 = 1.33 * Sigma_HI_raw,analytic,analytic_offcentered_gaussian_sum,none,analytic_defined_on_rotation_grid,0,analytic,,,data/stationary/source_reconstruction/begum_chengalur_analytic_profile_parameters_v1.csv,data/stationary/source_reconstruction/certified_hi_common_analytic_v5.csv,analytic_angular_scale_times_frozen_distance,raw_HI_to_common_1p33,1.33,0,central_value_frozen; source_uncertainties_retained_upstream,validation/stationary/STATIONARY_HI_INTERPOLATION_CONTINUATION_POLICY_V1.md
NGC0024,blind,0,0.21,10.9056608585,Sigma_neutral_1p33 = 1.33 * Sigma_HI_raw,tabulated,inner_constant,inner,inner_continuation_only,0.5501416194,13.4482436186,0,0,data/stationary/source_reconstruction/ch06_ngc0024_hi_profile_v1.csv,data/stationary/source_reconstruction/certified_hi_common_tabulated_v5.csv,explicit_frozen_radius,raw_HI_to_common_1p33,1.33,0,central_value_frozen; source_uncertainties_retained_upstream,validation/stationary/STATIONARY_HI_INTERPOLATION_CONTINUATION_POLICY_V1.md
NGC0024,blind,1,0.32,10.9056608585,Sigma_neutral_1p33 = 1.33 * Sigma_HI_raw,tabulated,inner_constant,inner,inner_continuation_only,0.5501416194,13.4482436186,0,0,data/stationary/source_reconstruction/ch06_ngc0024_hi_profile_v1.csv,data/stationary/source_reconstruction/certified_hi_common_tabulated_v5.csv,explicit_frozen_radius,raw_HI_to_common_1p33,1.33,0,central_value_frozen; source_uncertainties_retained_upstream,validation/stationary/STATIONARY_HI_INTERPOLATION_CONTINUATION_POLICY_V1.md
NGC0024,blind,2,0.43,10.9056608585,Sigma_neutral_1p33 = 1.33 * Sigma_HI_raw,tabulated,inner_constant,inner,inner_continuation_only,0.5501416194,13.4482436186,0,0,data/stationary/source_reconstruction/ch06_ngc0024_hi_profile_v1.csv,data/stationary/source_reconstruction/certified_hi_common_tabulated_v5.csv,explicit_frozen_radius,raw_HI_to_common_1p33,1.33,0,central_value_frozen; source_uncertainties_retained_upstream,validation/stationary/STATIONARY_HI_INTERPOLATION_CONTINUATION_POLICY_V1.md
NGC0024,blind,3,0.54,10.9056608585,Sigma_neutral_1p33 = 1.33 * Sigma_HI_raw,tabulated,inner_constant,inner,inner_continuation_only,0.5501416194,13.4482436186,0,0,data/stationary/source_reconstruction/ch06_ngc0024_hi_profile_v1.csv,data/stationary/source_reconstruction/certified_hi_common_tabulated_v5.csv,explicit_frozen_radius,raw_HI_to_common_1p33,1.33,0,central_value_frozen; source_uncertainties_retained_upstream,validation/stationary/STATIONARY_HI_INTERPOLATION_CONTINUATION_POLICY_V1.md
NGC0024,blind,4,0.64,10.8213092464,Sigma_neutral_1p33 = 1.33 * Sigma_HI_raw,tabulated,piecewise_linear,none,inner_continuation_only,0.5501416194,13.4482436186,0,1,data/stationary/source_reconstruction/ch06_ngc0024_hi_profile_v1.csv,data/stationary/source_reconstruction/certified_hi_common_tabulated_v5.csv,explicit_frozen_radius,raw_HI_to_common_1p33,1.33,0,central_value_frozen; source_uncertainties_retained_upstream,validation/stationary/STATIONARY_HI_INTERPOLATION_CONTINUATION_POLICY_V1.md
NGC0024,blind,5,0.74,10.7274375212,Sigma_neutral_1p33 = 1.33 * Sigma_HI_raw,tabulated,piecewise_linear,none,inner_continuation_only,0.5501416194,13.4482436186,0,1,data/stationary/source_reconstruction/ch06_ngc0024_hi_profile_v1.csv,data/stationary/source_reconstruction/certified_hi_common_tabulated_v5.csv,explicit_frozen_radius,raw_HI_to_common_1p33,1.33,0,central_value_frozen; source_uncertainties_retained_upstream,validation/stationary/STATIONARY_HI_INTERPOLATION_CONTINUATION_POLICY_V1.md
NGC0024,blind,6,0.85,10.6241786234,Sigma_neutral_1p33 = 1.33 * Sigma_HI_raw,tabulated,piecewise_linear,none,inner_continuation_only,0.5501416194,13.4482436186,0,1,data/stationary/source_reconstruction/ch06_ngc0024_hi_profile_v1.csv,data/stationary/source_reconstruction/certified_hi_common_tabulated_v5.csv,explicit_frozen_radius,raw_HI_to_common_1p33,1.33,0,central_value_frozen; source_uncertainties_retained_upstream,validation/stationary/STATIONARY_HI_INTERPOLATION_CONTINUATION_POLICY_V1.md
NGC0024,blind,7,0.96,10.5209197257,Sigma_neutral_1p33 = 1.33 * Sigma_HI_raw,tabulated,piecewise_linear,none,inner_continuation_only,0.5501416194,13.4482436186,0,1,data/stationary/source_reconstruction/ch06_ngc0024_hi_profile_v1.csv,data/stationary/source_reconstruction/certified_hi_common_tabulated_v5.csv,explicit_frozen_radius,raw_HI_to_common_1p33,1.33,0,central_value_frozen; source_uncertainties_retained_upstream,validation/stationary/STATIONARY_HI_INTERPOLATION_CONTINUATION_POLICY_V1.md
NGC0024,blind,8,1.07,10.417660828,Sigma_neutral_1p33 = 1.33 * Sigma_HI_raw,tabulated,piecewise_linear,none,inner_continuation_only,0.5501416194,13.4482436186,0,1,data/stationary/source_reconstruction/ch06_ngc0024_hi_profile_v1.csv,data/stationary/source_reconstruction/certified_hi_common_tabulated_v5.csv,explicit_frozen_radius,raw_HI_to_common_1p33,1.33,0,central_value_frozen; source_uncertainties_retained_upstream,validation/stationary/STATIONARY_HI_INTERPOLATION_CONTINUATION_POLICY_V1.md
NGC0024,blind,9,1.17,10.3237891028,Sigma_neutral_1p33 = 1.33 * Sigma_HI_raw,tabulated,piecewise_linear,none,inner_continuation_only,0.5501416194,13.4482436186,0,1,data/stationary/source_reconstruction/ch06_ngc0024_hi_profile_v1.csv,data/stationary/source_reconstruction/certified_hi_common_tabulated_v5.csv,explicit_frozen_radius,raw_HI_to_common_1p33,1.33,0,central_value_frozen; source_uncertainties_retained_upstream,validation/stationary/STATIONARY_HI_INTERPOLATION_CONTINUATION_POLICY_V1.md
NGC0024,blind,10,1.28,10.220530205,Sigma_neutral_1p33 = 1.33 * Sigma_HI_raw,tabulated,piecewise_linear,none,inner_continuation_only,0.5501416194,13.4482436186,0,1,data/stationary/source_reconstruction/ch06_ngc0024_hi_profile_v1.csv,data/stationary/source_reconstruction/certified_hi_common_tabulated_v5.csv,explicit_frozen_radius,raw_HI_to_common_1p33,1.33,0,central_value_frozen; source_uncertainties_retained_upstream,validation/stationary/STATIONARY_HI_INTERPOLATION_CONTINUATION_POLICY_V1.md
NGC0024,blind,11,1.38,10.1266584798,Sigma_neutral_1p33 = 1.33 * Sigma_HI_raw,tabulated,piecewise_linear,none,inner_continuation_only,0.5501416194,13.4482436186,0,1,data/stationary/source_reconstruction/ch06_ngc0024_hi_profile_v1.csv,data/stationary/source_reconstruction/certified_hi_common_tabulated_v5.csv,explicit_frozen_radius,raw_HI_to_common_1p33,1.33,0,central_value_frozen; source_uncertainties_retained_upstream,validation/stationary/STATIONARY_HI_INTERPOLATION_CONTINUATION_POLICY_V1.md
NGC0024,blind,12,1.48,10.0327867546,Sigma_neutral_1p33 = 1.33 * Sigma_HI_raw,tabulated,piecewise_linear,none,inner_continuation_only,0.5501416194,13.4482436186,0,1,data/stationary/source_reconstruction/ch06_ngc0024_hi_profile_v1.csv,data/stationary/source_reconstruction/certified_hi_common_tabulated_v5.csv,explicit_frozen_radius,raw_HI_to_common_1p33,1.33,0,central_value_frozen; source_uncertainties_retained_upstream,validation/stationary/STATIONARY_HI_INTERPOLATION_CONTINUATION_POLICY_V1.md
NGC0024,blind,13,1.59,9.92952785689,Sigma_neutral_1p33 = 1.33 * Sigma_HI_raw,tabulated,piecewise_linear,none,inner_continuation_only,0.5501416194,13.4482436186,0,1,data/stationary/source_reconstruction/ch06_ngc0024_hi_profile_v1.csv,data/stationary/source_reconstruction/certified_hi_common_tabulated_v5.csv,explicit_frozen_radius,raw_HI_to_common_1p33,1.33,0,central_value_frozen; source_uncertainties_retained_upstream,validation/stationary/STATIONARY_HI_INTERPOLATION_CONTINUATION_POLICY_V1.md
NGC0024,blind,14,1.7,9.82626895916,Sigma_neutral_1p33 = 1.33 * Sigma_HI_raw,tabulated,piecewise_linear,none,inner_continuation_only,0.5501416194,13.4482436186,0,1,data/stationary/source_reconstruction/ch06_ngc0024_hi_profile_v1.csv,data/stationary/source_reconstruction/certified_hi_common_tabulated_v5.csv,explicit_frozen_radius,raw_HI_to_common_1p33,1.33,0,central_value_frozen; source_uncertainties_retained_upstream,validation/stationary/STATIONARY_HI_INTERPOLATION_CONTINUATION_POLICY_V1.md
NGC0024,blind,15,1.8,9.73239723395,Sigma_neutral_1p33 = 1.33 * Sigma_HI_raw,tabulated,piecewise_linear,none,inner_continuation_only,0.5501416194,13.4482436186,0,1,data/stationary/source_reconstruction/ch06_ngc0024_hi_profile_v1.csv,data/stationary/source_reconstruction/certified_hi_common_tabulated_v5.csv,explicit_frozen_radius,raw_HI_to_common_1p33,1.33,0,central_value_frozen; source_uncertainties_retained_upstream,validation/stationary/STATIONARY_HI_INTERPOLATION_CONTINUATION_POLICY_V1.md
NGC0024,blind,16,1.91,9.62913833622,Sigma_neutral_1p33 = 1.33 * Sigma_HI_raw,tabulated,piecewise_linear,none,inner_continuation_only,0.5501416194,13.4482436186,0,1,data/stationary/source_reconstruction/ch06_ngc0024_hi_profile_v1.csv,data/stationary/source_reconstruction/certified_hi_common_tabulated_v5.csv,explicit_frozen_radius,raw_HI_to_common_1p33,1.33,0,central_value_frozen; source_uncertainties_retained_upstream,validation/stationary/STATIONARY_HI_INTERPOLATION_CONTINUATION_POLICY_V1.md
NGC0024,blind,17,2.02,9.46163212651,Sigma_neutral_1p33 = 1.33 * Sigma_HI_raw,tabulated,piecewise_linear,none,inner_continuation_only,0.5501416194,13.4482436186,1,2,data/stationary/source_reconstruction/ch06_ngc0024_hi_profile_v1.csv,data/stationary/source_reconstruction/certified_hi_common_tabulated_v5.csv,explicit_frozen_radius,raw_HI_to_common_1p33,1.33,0,central_value_frozen; source_uncertainties_retained_upstream,validation/stationary/STATIONARY_HI_INTERPOLATION_CONTINUATION_POLICY_V1.md
NGC0024,blind,18,2.13,9.22660467815,Sigma_neutral_1p33 = 1.33 * Sigma_HI_raw,tabulated,piecewise_linear,none,inner_continuation_only,0.5501416194,13.4482436186,1,2,data/stationary/source_reconstruction/ch06_ngc0024_hi_profile_v1.csv,data/stationary/source_reconstruction/certified_hi_common_tabulated_v5.csv,explicit_frozen_radius,raw_HI_to_common_1p33,1.33,0,central_value_frozen; source_uncertainties_retained_upstream,validation/stationary/STATIONARY_HI_INTERPOLATION_CONTINUATION_POLICY_V1.md
NGC0024,blind,19,2.23,9.01294336146,Sigma_neutral_1p33 = 1.33 * Sigma_HI_raw,tabulated,piecewise_linear,none,inner_continuation_only,0.5501416194,13.4482436186,1,2,data/stationary/source_reconstruction/ch06_ngc0024_hi_profile_v1.csv,data/stationary/source_reconstruction/certified_hi_common_tabulated_v5.csv,explicit_frozen_radius,raw_HI_to_common_1p33,1.33,0,central_value_frozen; source_uncertainties_retained_upstream,validation/stationary/STATIONARY_HI_INTERPOLATION_CONTINUATION_POLICY_V1.md
NGC0024,blind,20,2.34,8.7779159131,Sigma_neutral_1p33 = 1.33 * Sigma_HI_raw,tabulated,piecewise_linear,none,inner_continuation_only,0.5501416194,13.4482436186,1,2,data/stationary/source_reconstruction/ch06_ngc0024_hi_profile_v1.csv,data/stationary/source_reconstruction/certified_hi_common_tabulated_v5.csv,explicit_frozen_radius,raw_HI_to_common_1p33,1.33,0,central_value_frozen; source_uncertainties_retained_upstream,validation/stationary/STATIONARY_HI_INTERPOLATION_CONTINUATION_POLICY_V1.md
NGC0024,blind,21,2.44,8.56425459641,Sigma_neutral_1p33 = 1.33 * Sigma_HI_raw,tabulated,piecewise_linear,none,inner_continuation_only,0.5501416194,13.4482436186,1,2,data/stationary/source_reconstruction/ch06_ngc0024_hi_profile_v1.csv,data/stationary/source_reconstruction/certified_hi_common_tabulated_v5.csv,explicit_frozen_radius,raw_HI_to_common_1p33,1.33,0,central_value_frozen; source_uncertainties_retained_upstream,validation/stationary/STATIONARY_HI_INTERPOLATION_CONTINUATION_POLICY_V1.md
NGC0024,blind,22,2.54,8.35059327971,Sigma_neutral_1p33 = 1.33 * Sigma_HI_raw,tabulated,piecewise_linear,none,inner_continuation_only,0.5501416194,13.4482436186,1,2,data/stationary/source_reconstruction/ch06_ngc0024_hi_profile_v1.csv,data/stationary/source_reconstruction/certified_hi_common_tabulated_v5.csv,explicit_frozen_radius,raw_HI_to_common_1p33,1.33,0,central_value_frozen; source_uncertainties_retained_upstream,validation/stationary/STATIONARY_HI_INTERPOLATION_CONTINUATION_POLICY_V1.md
NGC0024,blind,23,2.65,8.11556583135,Sigma_neutral_1p33 = 1.33 * Sigma_HI_raw,tabulated,piecewise_linear,none,inner_continuation_only,0.5501416194,13.4482436186,1,2,data/stationary/source_reconstruction/ch06_ngc0024_hi_profile_v1.csv,data/stationary/source_reconstruction/certified_hi_common_tabulated_v5.csv,explicit_frozen_radius,raw_HI_to_common_1p33,1.33,0,central_value_frozen; source_uncertainties_retained_upstream,validation/stationary/STATIONARY_HI_INTERPOLATION_CONTINUATION_POLICY_V1.md
NGC0024,blind,24,2.76,7.88053838299,Sigma_neutral_1p33 = 1.33 * Sigma_HI_raw,tabulated,piecewise_linear,none,inner_continuation_only,0.5501416194,13.4482436186,1,2,data/stationary/source_reconstruction/ch06_ngc0024_hi_profile_v1.csv,data/stationary/source_reconstruction/certified_hi_common_tabulated_v5.csv,explicit_frozen_radius,raw_HI_to_common_1p33,1.33,0,central_value_frozen; source_uncertainties_retained_upstream,validation/stationary/STATIONARY_HI_INTERPOLATION_CONTINUATION_POLICY_V1.md
NGC0024,blind,25,7.07,1.47337580077,Sigma_neutral_1p33 = 1.33 * Sigma_HI_raw,tabulated,piecewise_linear,none,inner_continuation_only,0.5501416194,13.4482436186,4,5,data/stationary/source_reconstruction/ch06_ngc0024_hi_profile_v1.csv,data/stationary/source_reconstruction/certified_hi_common_tabulated_v5.csv,explicit_frozen_radius,raw_HI_to_common_1p33,1.33,0,central_value_frozen; source_uncertainties_retained_upstream,validation/stationary/STATIONARY_HI_INTERPOLATION_CONTINUATION_POLICY_V1.md
NGC0024,blind,26,8.49,0.633556245065,Sigma_neutral_1p33 = 1.33 * Sigma_HI_raw,tabulated,piecewise_linear,none,inner_continuation_only,0.5501416194,13.4482436186,5,6,data/stationary/source_reconstruction/ch06_ngc0024_hi_profile_v1.csv,data/stationary/source_reconstruction/certified_hi_common_tabulated_v5.csv,explicit_frozen_radius,raw_HI_to_common_1p33,1.33,0,central_value_frozen; source_uncertainties_retained_upstream,validation/stationary/STATIONARY_HI_INTERPOLATION_CONTINUATION_POLICY_V1.md
NGC0024,blind,27,9.91,0.232818509976,Sigma_neutral_1p33 = 1.33 * Sigma_HI_raw,tabulated,piecewise_linear,none,inner_continuation_only,0.5501416194,13.4482436186,6,7,data/stationary/source_reconstruction/ch06_ngc0024_hi_profile_v1.csv,data/stationary/source_reconstruction/certified_hi_common_tabulated_v5.csv,explicit_frozen_radius,raw_HI_to_common_1p33,1.33,0,central_value_frozen; source_uncertainties_retained_upstream,validation/stationary/STATIONARY_HI_INTERPOLATION_CONTINUATION_POLICY_V1.md
NGC0024,blind,28,11.27,0.102654406621,Sigma_neutral_1p33 = 1.33 * Sigma_HI_raw,tabulated,piecewise_linear,none,inner_continuation_only,0.5501416194,13.4482436186,7,8,data/stationary/source_reconstruction/ch06_ngc0024_hi_profile_v1.csv,data/stationary/source_reconstruction/certified_hi_common_tabulated_v5.csv,explicit_frozen_radius,raw_HI_to_common_1p33,1.33,0,central_value_frozen; source_uncertainties_retained_upstream,validation/stationary/STATIONARY_HI_INTERPOLATION_CONTINUATION_POLICY_V1.md
NGC0289,calibration,0,1.5,5.69843871995,Sigma_neutral_1p33 = 1.33 * Sigma_HI_raw,tabulated,piecewise_linear,none,full_measured_support,0.74838559,77.08380888,0,1,data/stationary/source_reconstruction/hix2018_ngc0289_hi_profile_v1.csv,data/stationary/source_reconstruction/certified_hi_common_tabulated_v5.csv,explicit_frozen_radius,raw_HI_to_common_1p33,1.33,0,central_value_frozen; source_uncertainties_retained_upstream,validation/stationary/STATIONARY_HI_INTERPOLATION_CONTINUATION_POLICY_V1.md
NGC0289,calibration,1,2.52,5.89330350695,Sigma_neutral_1p33 = 1.33 * Sigma_HI_raw,tabulated,piecewise_linear,none,full_measured_support,0.74838559,77.08380888,1,2,data/stationary/source_reconstruction/hix2018_ngc0289_hi_profile_v1.csv,data/stationary/source_reconstruction/certified_hi_common_tabulated_v5.csv,explicit_frozen_radius,raw_HI_to_common_1p33,1.33,0,central_value_frozen; source_uncertainties_retained_upstream,validation/stationary/STATIONARY_HI_INTERPOLATION_CONTINUATION_POLICY_V1.md
NGC0289,calibration,2,3.46,6.12643139712,Sigma_neutral_1p33 = 1.33 * Sigma_HI_raw,tabulated,piecewise_linear,none,full_measured_support,0.74838559,77.08380888,1,2,data/stationary/source_reconstruction/hix2018_ngc0289_hi_profile_v1.csv,data/stationary/source_reconstruction/certified_hi_common_tabulated_v5.csv,explicit_frozen_radius,raw_HI_to_common_1p33,1.33,0,central_value_frozen; source_uncertainties_retained_upstream,validation/stationary/STATIONARY_HI_INTERPOLATION_CONTINUATION_POLICY_V1.md
NGC0289,calibration,3,4.32,6.26681464603,Sigma_neutral_1p33 = 1.33 * Sigma_HI_raw,tabulated,piecewise_linear,none,full_measured_support,0.74838559,77.08380888,2,3,data/stationary/source_reconstruction/hix2018_ngc0289_hi_profile_v1.csv,data/stationary/source_reconstruction/certified_hi_common_tabulated_v5.csv,explicit_frozen_radius,raw_HI_to_common_1p33,1.33,0,central_value_frozen; source_uncertainties_retained_upstream,validation/stationary/STATIONARY_HI_INTERPOLATION_CONTINUATION_POLICY_V1.md
NGC0289,calibration,4,5.43,6.40448909435,Sigma_neutral_1p33 = 1.33 * Sigma_HI_raw,tabulated,piecewise_linear,none,full_measured_support,0.74838559,77.08380888,3,4,data/stationary/source_reconstruction/hix2018_ngc0289_hi_profile_v1.csv,data/stationary/source_reconstruction/certified_hi_common_tabulated_v5.csv,explicit_frozen_radius,raw_HI_to_common_1p33,1.33,0,central_value_frozen; source_uncertainties_retained_upstream,validation/stationary/STATIONARY_HI_INTERPOLATION_CONTINUATION_POLICY_V1.md
NGC0289,calibration,5,6.38,6.53207827946,Sigma_neutral_1p33 = 1.33 * Sigma_HI_raw,tabulated,piecewise_linear,none,full_measured_support,0.74838559,77.08380888,3,4,data/stationary/source_reconstruction/hix2018_ngc0289_hi_profile_v1.csv,data/stationary/source_reconstruction/certified_hi_common_tabulated_v5.csv,explicit_frozen_radius,raw_HI_to_common_1p33,1.33,0,central_value_frozen; source_uncertainties_retained_upstream,validation/stationary/STATIONARY_HI_INTERPOLATION_CONTINUATION_POLICY_V1.md
NGC0289,calibration,6,7.57,6.82521961873,Sigma_neutral_1p33 = 1.33 * Sigma_HI_raw,tabulated,piecewise_linear,none,full_measured_support,0.74838559,77.08380888,4,5,data/stationary/source_reconstruction/hix2018_ngc0289_hi_profile_v1.csv,data/stationary/source_reconstruction/certified_hi_common_tabulated_v5.csv,explicit_frozen_radius,raw_HI_to_common_1p33,1.33,0,central_value_frozen; source_uncertainties_retained_upstream,validation/stationary/STATIONARY_HI_INTERPOLATION_CONTINUATION_POLICY_V1.md
NGC0289,calibration,7,10.6,8.0991592017,Sigma_neutral_1p33 = 1.33 * Sigma_HI_raw,tabulated,piecewise_linear,none,full_measured_support,0.74838559,77.08380888,6,7,data/stationary/source_reconstruction/hix2018_ngc0289_hi_profile_v1.csv,data/stationary/source_reconstruction/certified_hi_common_tabulated_v5.csv,explicit_frozen_radius,raw_HI_to_common_1p33,1.33,0,central_value_frozen; source_uncertainties_retained_upstream,validation/stationary/STATIONARY_HI_INTERPOLATION_CONTINUATION_POLICY_V1.md
NGC0289,calibration,8,13.57,8.25736984858,Sigma_neutral_1p33 = 1.33 * Sigma_HI_raw,tabulated,piecewise_linear,none,full_measured_support,0.74838559,77.08380888,8,9,data/stationary/source_reconstruction/hix2018_ngc0289_hi_profile_v1.csv,data/stationary/source_reconstruction/certified_hi_common_tabulated_v5.csv,explicit_frozen_radius,raw_HI_to_common_1p33,1.33,0,central_value_frozen; source_uncertainties_retained_upstream,validation/stationary/STATIONARY_HI_INTERPOLATION_CONTINUATION_POLICY_V1.md
NGC0289,calibration,9,16.64,7.6090521382,Sigma_neutral_1p33 = 1.33 * Sigma_HI_raw,tabulated,piecewise_linear,none,full_measured_support,0.74838559,77.08380888,10,11,data/stationary/source_reconstruction/hix2018_ngc0289_hi_profile_v1.csv,data/stationary/source_reconstruction/certified_hi_common_tabulated_v5.csv,explicit_frozen_radius,raw_HI_to_common_1p33,1.33,0,central_value_frozen; source_uncertainties_retained_upstream,validation/stationary/STATIONARY_HI_INTERPOLATION_CONTINUATION_POLICY_V1.md
NGC0289,calibration,10,19.71,6.80155750495,Sigma_neutral_1p33 = 1.33 * Sigma_HI_raw,tabulated,piecewise_linear,none,full_measured_support,0.74838559,77.08380888,12,13,data/stationary/source_reconstruction/hix2018_ngc0289_hi_profile_v1.csv,data/stationary/source_reconstruction/certified_hi_common_tabulated_v5.csv,explicit_frozen_radius,raw_HI_to_common_1p33,1.33,0,central_value_frozen; source_uncertainties_retained_upstream,validation/stationary/STATIONARY_HI_INTERPOLATION_CONTINUATION_POLICY_V1.md
NGC0289,calibration,11,22.68,6.06006264276,Sigma_neutral_1p33 = 1.33 * Sigma_HI_raw,tabulated,piecewise_linear,none,full_measured_support,0.74838559,77.08380888,14,15,data/stationary/source_reconstruction/hix2018_ngc0289_hi_profile_v1.csv,data/stationary/source_reconstruction/certified_hi_common_tabulated_v5.csv,explicit_frozen_radius,raw_HI_to_common_1p33,1.33,0,central_value_frozen; source_uncertainties_retained_upstream,validation/stationary/STATIONARY_HI_INTERPOLATION_CONTINUATION_POLICY_V1.md
NGC0289,calibration,12,25.75,5.72183566014,Sigma_neutral_1p33 = 1.33 * Sigma_HI_raw,tabulated,piecewise_linear,none,full_measured_support,0.74838559,77.08380888,16,17,data/stationary/source_reconstruction/hix2018_ngc0289_hi_profile_v1.csv,data/stationary/source_reconstruction/certified_hi_common_tabulated_v5.csv,explicit_frozen_radius,raw_HI_to_common_1p33,1.33,0,central_value_frozen; source_uncertainties_retained_upstream,validation/stationary/STATIONARY_HI_INTERPOLATION_CONTINUATION_POLICY_V1.md
NGC0289,calibration,13,28.72,5.40199101749,Sigma_neutral_1p33 = 1.33 * Sigma_HI_raw,tabulated,piecewise_linear,none,full_measured_support,0.74838559,77.08380888,18,19,data/stationary/source_reconstruction/hix2018_ngc0289_hi_profile_v1.csv,data/stationary/source_reconstruction/certified_hi_common_tabulated_v5.csv,explicit_frozen_radius,raw_HI_to_common_1p33,1.33,0,central_value_frozen; source_uncertainties_retained_upstream,validation/stationary/STATIONARY_HI_INTERPOLATION_CONTINUATION_POLICY_V1.md
NGC0289,calibration,14,31.79,4.8801029835,Sigma_neutral_1p33 = 1.33 * Sigma_HI_raw,tabulated,piecewise_linear,none,full_measured_support,0.74838559,77.08380888,20,21,data/stationary/source_reconstruction/hix2018_ngc0289_hi_profile_v1.csv,data/stationary/source_reconstruction/certified_hi_common_tabulated_v5.csv,explicit_frozen_radius,raw_HI_to_common_1p33,1.33,0,central_value_frozen; source_uncertainties_retained_upstream,validation/stationary/STATIONARY_HI_INTERPOLATION_CONTINUATION_POLICY_V1.md
NGC0289,calibration,15,34.77,4.49402469157,Sigma_neutral_1p33 = 1.33 * Sigma_HI_raw,tabulated,piecewise_linear,none,full_measured_support,0.74838559,77.08380888,22,23,data/stationary/source_reconstruction/hix2018_ngc0289_hi_profile_v1.csv,data/stationary/source_reconstruction/certified_hi_common_tabulated_v5.csv,explicit_frozen_radius,raw_HI_to_common_1p33,1.33,0,central_value_frozen; source_uncertainties_retained_upstream,validation/stationary/STATIONARY_HI_INTERPOLATION_CONTINUATION_POLICY_V1.md
NGC0289,calibration,16,37.84,3.87540160367,Sigma_neutral_1p33 = 1.33 * Sigma_HI_raw,tabulated,piecewise_linear,none,full_measured_support,0.74838559,77.08380888,24,25,data/stationary/source_reconstruction/hix2018_ngc0289_hi_profile_v1.csv,data/stationary/source_reconstruction/certified_hi_common_tabulated_v5.csv,explicit_frozen_radius,raw_HI_to_common_1p33,1.33,0,central_value_frozen; source_uncertainties_retained_upstream,validation/stationary/STATIONARY_HI_INTERPOLATION_CONTINUATION_POLICY_V1.md
NGC0289,calibration,17,40.81,3.28793738118,Sigma_neutral_1p33 = 1.33 * Sigma_HI_raw,tabulated,piecewise_linear,none,full_measured_support,0.74838559,77.08380888,26,27,data/stationary/source_reconstruction/hix2018_ngc0289_hi_profile_v1.csv,data/stationary/source_reconstruction/certified_hi_common_tabulated_v5.csv,explicit_frozen_radius,raw_HI_to_common_1p33,1.33,0,central_value_frozen; source_uncertainties_retained_upstream,validation/stationary/STATIONARY_HI_INTERPOLATION_CONTINUATION_POLICY_V1.md
NGC0289,calibration,18,43.88,2.98136767509,Sigma_neutral_1p33 = 1.33 * Sigma_HI_raw,tabulated,piecewise_linear,none,full_measured_support,0.74838559,77.08380888,28,29,data/stationary/source_reconstruction/hix2018_ngc0289_hi_profile_v1.csv,data/stationary/source_reconstruction/certified_hi_common_tabulated_v5.csv,explicit_frozen_radius,raw_HI_to_common_1p33,1.33,0,central_value_frozen; source_uncertainties_retained_upstream,validation/stationary/STATIONARY_HI_INTERPOLATION_CONTINUATION_POLICY_V1.md
NGC0289,calibration,19,46.85,2.83602250555,Sigma_neutral_1p33 = 1.33 * Sigma_HI_raw,tabulated,piecewise_linear,none,full_measured_support,0.74838559,77.08380888,30,31,data/stationary/source_reconstruction/hix2018_ngc0289_hi_profile_v1.csv,data/stationary/source_reconstruction/certified_hi_common_tabulated_v5.csv,explicit_frozen_radius,raw_HI_to_common_1p33,1.33,0,central_value_frozen; source_uncertainties_retained_upstream,validation/stationary/STATIONARY_HI_INTERPOLATION_CONTINUATION_POLICY_V1.md
NGC0289,calibration,20,49.92,2.50500452123,Sigma_neutral_1p33 = 1.33 * Sigma_HI_raw,tabulated,piecewise_linear,none,full_measured_support,0.74838559,77.08380888,32,33,data/stationary/source_reconstruction/hix2018_ngc0289_hi_profile_v1.csv,data/stationary/source_reconstruction/certified_hi_common_tabulated_v5.csv,explicit_frozen_radius,raw_HI_to_common_1p33,1.33,0,central_value_frozen; source_uncertainties_retained_upstream,validation/stationary/STATIONARY_HI_INTERPOLATION_CONTINUATION_POLICY_V1.md
NGC0289,calibration,21,52.99,2.36149850877,Sigma_neutral_1p33 = 1.33 * Sigma_HI_raw,tabulated,piecewise_linear,none,full_measured_support,0.74838559,77.08380888,34,35,data/stationary/source_reconstruction/hix2018_ngc0289_hi_profile_v1.csv,data/stationary/source_reconstruction/certified_hi_common_tabulated_v5.csv,explicit_frozen_radius,raw_HI_to_common_1p33,1.33,0,central_value_frozen; source_uncertainties_retained_upstream,validation/stationary/STATIONARY_HI_INTERPOLATION_CONTINUATION_POLICY_V1.md
NGC0289,calibration,22,55.96,2.32807281661,Sigma_neutral_1p33 = 1.33 * Sigma_HI_raw,tabulated,piecewise_linear,none,full_measured_support,0.74838559,77.08380888,36,37,data/stationary/source_reconstruction/hix2018_ngc0289_hi_profile_v1.csv,data/stationary/source_reconstruction/certified_hi_common_tabulated_v5.csv,explicit_frozen_radius,raw_HI_to_common_1p33,1.33,0,central_value_frozen; source_uncertainties_retained_upstream,validation/stationary/STATIONARY_HI_INTERPOLATION_CONTINUATION_POLICY_V1.md
NGC0289,calibration,23,59.03,2.56014372522,Sigma_neutral_1p33 = 1.33 * Sigma_HI_raw,tabulated,piecewise_linear,none,full_measured_support,0.74838559,77.08380888,38,39,data/stationary/source_reconstruction/hix2018_ngc0289_hi_profile_v1.csv,data/stationary/source_reconstruction/certified_hi_common_tabulated_v5.csv,explicit_frozen_radius,raw_HI_to_common_1p33,1.33,0,central_value_frozen; source_uncertainties_retained_upstream,validation/stationary/STATIONARY_HI_INTERPOLATION_CONTINUATION_POLICY_V1.md
NGC0289,calibration,24,62,2.57530819034,Sigma_neutral_1p33 = 1.33 * Sigma_HI_raw,tabulated,piecewise_linear,none,full_measured_support,0.74838559,77.08380888,40,41,data/stationary/source_reconstruction/hix2018_ngc0289_hi_profile_v1.csv,data/stationary/source_reconstruction/certified_hi_common_tabulated_v5.csv,explicit_frozen_radius,raw_HI_to_common_1p33,1.33,0,central_value_frozen; source_uncertainties_retained_upstream,validation/stationary/STATIONARY_HI_INTERPOLATION_CONTINUATION_POLICY_V1.md
NGC0289,calibration,25,65.07,2.83990121566,Sigma_neutral_1p33 = 1.33 * Sigma_HI_raw,tabulated,piecewise_linear,none,full_measured_support,0.74838559,77.08380888,42,43,data/stationary/source_reconstruction/hix2018_ngc0289_hi_profile_v1.csv,data/stationary/source_reconstruction/certified_hi_common_tabulated_v5.csv,explicit_frozen_radius,raw_HI_to_common_1p33,1.33,0,central_value_frozen; source_uncertainties_retained_upstream,validation/stationary/STATIONARY_HI_INTERPOLATION_CONTINUATION_POLICY_V1.md
NGC0289,calibration,26,68.05,2.83187109634,Sigma_neutral_1p33 = 1.33 * Sigma_HI_raw,tabulated,piecewise_linear,none,full_measured_support,0.74838559,77.08380888,44,45,data/stationary/source_reconstruction/hix2018_ngc0289_hi_profile_v1.csv,data/stationary/source_reconstruction/certified_hi_common_tabulated_v5.csv,explicit_frozen_radius,raw_HI_to_common_1p33,1.33,0,central_value_frozen; source_uncertainties_retained_upstream,validation/stationary/STATIONARY_HI_INTERPOLATION_CONTINUATION_POLICY_V1.md
NGC0289,calibration,27,71.12,2.56701416532,Sigma_neutral_1p33 = 1.33 * Sigma_HI_raw,tabulated,piecewise_linear,none,full_measured_support,0.74838559,77.08380888,47,48,data/stationary/source_reconstruction/hix2018_ngc0289_hi_profile_v1.csv,data/stationary/source_reconstruction/certified_hi_common_tabulated_v5.csv,explicit_frozen_radius,raw_HI_to_common_1p33,1.33,0,central_value_frozen; source_uncertainties_retained_upstream,validation/stationary/STATIONARY_HI_INTERPOLATION_CONTINUATION_POLICY_V1.md
NGC0300,calibration,0,0.91,5.985,Sigma_neutral_1p33 = 1.33 * Sigma_HI_raw,tabulated,inner_constant,inner,inner_continuation_only,1.00841245671,20.1682491342,0,0,data/stationary/source_reconstruction/westmeier2011_ngc300_gas_profile_v1.csv,data/stationary/source_reconstruction/certified_hi_common_tabulated_v5.csv,angular_radius_times_frozen_distance,source_includes_1p4_to_common_1p33,0.95,0,central_value_frozen; source_uncertainties_retained_upstream,validation/stationary/STATIONARY_HI_INTERPOLATION_CONTINUATION_POLICY_V1.md
NGC0300,calibration,1,1.36,6.34934395499,Sigma_neutral_1p33 = 1.33 * Sigma_HI_raw,tabulated,piecewise_linear,none,inner_continuation_only,1.00841245671,20.1682491342,0,1,data/stationary/source_reconstruction/westmeier2011_ngc300_gas_profile_v1.csv,data/stationary/source_reconstruction/certified_hi_common_tabulated_v5.csv,angular_radius_times_frozen_distance,source_includes_1p4_to_common_1p33,0.95,0,central_value_frozen; source_uncertainties_retained_upstream,validation/stationary/STATIONARY_HI_INTERPOLATION_CONTINUATION_POLICY_V1.md
NGC0300,calibration,2,1.82,6.82603382212,Sigma_neutral_1p33 = 1.33 * Sigma_HI_raw,tabulated,piecewise_linear,none,inner_continuation_only,1.00841245671,20.1682491342,0,1,data/stationary/source_reconstruction/westmeier2011_ngc300_gas_profile_v1.csv,data/stationary/source_reconstruction/certified_hi_common_tabulated_v5.csv,angular_radius_times_frozen_distance,source_includes_1p4_to_common_1p33,0.95,0,central_value_frozen; source_uncertainties_retained_upstream,validation/stationary/STATIONARY_HI_INTERPOLATION_CONTINUATION_POLICY_V1.md
NGC0300,calibration,3,2.27,6.93459604871,Sigma_neutral_1p33 = 1.33 * Sigma_HI_raw,tabulated,piecewise_linear,none,inner_continuation_only,1.00841245671,20.1682491342,1,2,data/stationary/source_reconstruction/westmeier2011_ngc300_gas_profile_v1.csv,data/stationary/source_reconstruction/certified_hi_common_tabulated_v5.csv,angular_radius_times_frozen_distance,source_includes_1p4_to_common_1p33,0.95,0,central_value_frozen; source_uncertainties_retained_upstream,validation/stationary/STATIONARY_HI_INTERPOLATION_CONTINUATION_POLICY_V1.md
NGC0300,calibration,4,2.72,6.76502257819,Sigma_neutral_1p33 = 1.33 * Sigma_HI_raw,tabulated,piecewise_linear,none,inner_continuation_only,1.00841245671,20.1682491342,1,2,data/stationary/source_reconstruction/westmeier2011_ngc300_gas_profile_v1.csv,data/stationary/source_reconstruction/certified_hi_common_tabulated_v5.csv,angular_radius_times_frozen_distance,source_includes_1p4_to_common_1p33,0.95,0,central_value_frozen; source_uncertainties_retained_upstream,validation/stationary/STATIONARY_HI_INTERPOLATION_CONTINUATION_POLICY_V1.md
NGC0300,calibration,5,3.17,6.66363772308,Sigma_neutral_1p33 = 1.33 * Sigma_HI_raw,tabulated,piecewise_linear,none,inner_continuation_only,1.00841245671,20.1682491342,2,3,data/stationary/source_reconstruction/westmeier2011_ngc300_gas_profile_v1.csv,data/stationary/source_reconstruction/certified_hi_common_tabulated_v5.csv,angular_radius_times_frozen_distance,source_includes_1p4_to_common_1p33,0.95,0,central_value_frozen; source_uncertainties_retained_upstream,validation/stationary/STATIONARY_HI_INTERPOLATION_CONTINUATION_POLICY_V1.md
NGC0300,calibration,6,3.63,6.70697316555,Sigma_neutral_1p33 = 1.33 * Sigma_HI_raw,tabulated,piecewise_linear,none,inner_continuation_only,1.00841245671,20.1682491342,2,3,data/stationary/source_reconstruction/westmeier2011_ngc300_gas_profile_v1.csv,data/stationary/source_reconstruction/certified_hi_common_tabulated_v5.csv,angular_radius_times_frozen_distance,source_includes_1p4_to_common_1p33,0.95,0,central_value_frozen; source_uncertainties_retained_upstream,validation/stationary/STATIONARY_HI_INTERPOLATION_CONTINUATION_POLICY_V1.md
NGC0300,calibration,7,4.08,6.74936653318,Sigma_neutral_1p33 = 1.33 * Sigma_HI_raw,tabulated,piecewise_linear,none,inner_continuation_only,1.00841245671,20.1682491342,3,4,data/stationary/source_reconstruction/westmeier2011_ngc300_gas_profile_v1.csv,data/stationary/source_reconstruction/certified_hi_common_tabulated_v5.csv,angular_radius_times_frozen_distance,source_includes_1p4_to_common_1p33,0.95,0,central_value_frozen; source_uncertainties_retained_upstream,validation/stationary/STATIONARY_HI_INTERPOLATION_CONTINUATION_POLICY_V1.md
NGC0300,calibration,8,4.54,6.79270197565,Sigma_neutral_1p33 = 1.33 * Sigma_HI_raw,tabulated,piecewise_linear,none,inner_continuation_only,1.00841245671,20.1682491342,3,4,data/stationary/source_reconstruction/westmeier2011_ngc300_gas_profile_v1.csv,data/stationary/source_reconstruction/certified_hi_common_tabulated_v5.csv,angular_radius_times_frozen_distance,source_includes_1p4_to_common_1p33,0.95,0,central_value_frozen; source_uncertainties_retained_upstream,validation/stationary/STATIONARY_HI_INTERPOLATION_CONTINUATION_POLICY_V1.md
NGC0300,calibration,9,4.99,6.83509534328,Sigma_neutral_1p33 = 1.33 * Sigma_HI_raw,tabulated,piecewise_linear,none,inner_continuation_only,1.00841245671,20.1682491342,3,4,data/stationary/source_reconstruction/westmeier2011_ngc300_gas_profile_v1.csv,data/stationary/source_reconstruction/certified_hi_common_tabulated_v5.csv,angular_radius_times_frozen_distance,source_includes_1p4_to_common_1p33,0.95,0,central_value_frozen; source_uncertainties_retained_upstream,validation/stationary/STATIONARY_HI_INTERPOLATION_CONTINUATION_POLICY_V1.md
NGC0300,calibration,10,5.45,6.68627685703,Sigma_neutral_1p33 = 1.33 * Sigma_HI_raw,tabulated,piecewise_linear,none,inner_continuation_only,1.00841245671,20.1682491342,4,5,data/stationary/source_reconstruction/westmeier2011_ngc300_gas_profile_v1.csv,data/stationary/source_reconstruction/certified_hi_common_tabulated_v5.csv,angular_radius_times_frozen_distance,source_includes_1p4_to_common_1p33,0.95,0,central_value_frozen; source_uncertainties_retained_upstream,validation/stationary/STATIONARY_HI_INTERPOLATION_CONTINUATION_POLICY_V1.md
NGC0300,calibration,11,5.9,6.51670338651,Sigma_neutral_1p33 = 1.33 * Sigma_HI_raw,tabulated,piecewise_linear,none,inner_continuation_only,1.00841245671,20.1682491342,4,5,data/stationary/source_reconstruction/westmeier2011_ngc300_gas_profile_v1.csv,data/stationary/source_reconstruction/certified_hi_common_tabulated_v5.csv,angular_radius_times_frozen_distance,source_includes_1p4_to_common_1p33,0.95,0,central_value_frozen; source_uncertainties_retained_upstream,validation/stationary/STATIONARY_HI_INTERPOLATION_CONTINUATION_POLICY_V1.md
NGC0300,calibration,12,6.36,5.87680808322,Sigma_neutral_1p33 = 1.33 * Sigma_HI_raw,tabulated,piecewise_linear,none,inner_continuation_only,1.00841245671,20.1682491342,5,6,data/stationary/source_reconstruction/westmeier2011_ngc300_gas_profile_v1.csv,data/stationary/source_reconstruction/certified_hi_common_tabulated_v5.csv,angular_radius_times_frozen_distance,source_includes_1p4_to_common_1p33,0.95,0,central_value_frozen; source_uncertainties_retained_upstream,validation/stationary/STATIONARY_HI_INTERPOLATION_CONTINUATION_POLICY_V1.md
NGC0300,calibration,13,6.81,5.02894073061,Sigma_neutral_1p33 = 1.33 * Sigma_HI_raw,tabulated,piecewise_linear,none,inner_continuation_only,1.00841245671,20.1682491342,5,6,data/stationary/source_reconstruction/westmeier2011_ngc300_gas_profile_v1.csv,data/stationary/source_reconstruction/certified_hi_common_tabulated_v5.csv,angular_radius_times_frozen_distance,source_includes_1p4_to_common_1p33,0.95,0,central_value_frozen; source_uncertainties_retained_upstream,validation/stationary/STATIONARY_HI_INTERPOLATION_CONTINUATION_POLICY_V1.md
NGC0300,calibration,14,7.26,4.31369769571,Sigma_neutral_1p33 = 1.33 * Sigma_HI_raw,tabulated,piecewise_linear,none,inner_continuation_only,1.00841245671,20.1682491342,6,7,data/stationary/source_reconstruction/westmeier2011_ngc300_gas_profile_v1.csv,data/stationary/source_reconstruction/certified_hi_common_tabulated_v5.csv,angular_radius_times_frozen_distance,source_includes_1p4_to_common_1p33,0.95,0,central_value_frozen; source_uncertainties_retained_upstream,validation/stationary/STATIONARY_HI_INTERPOLATION_CONTINUATION_POLICY_V1.md
NGC0300,calibration,15,7.71,3.76258391652,Sigma_neutral_1p33 = 1.33 * Sigma_HI_raw,tabulated,piecewise_linear,none,inner_continuation_only,1.00841245671,20.1682491342,6,7,data/stationary/source_reconstruction/westmeier2011_ngc300_gas_profile_v1.csv,data/stationary/source_reconstruction/certified_hi_common_tabulated_v5.csv,angular_radius_times_frozen_distance,source_includes_1p4_to_common_1p33,0.95,0,central_value_frozen; source_uncertainties_retained_upstream,validation/stationary/STATIONARY_HI_INTERPOLATION_CONTINUATION_POLICY_V1.md
NGC0300,calibration,16,8.17,3.24759887043,Sigma_neutral_1p33 = 1.33 * Sigma_HI_raw,tabulated,piecewise_linear,none,inner_continuation_only,1.00841245671,20.1682491342,7,8,data/stationary/source_reconstruction/westmeier2011_ngc300_gas_profile_v1.csv,data/stationary/source_reconstruction/certified_hi_common_tabulated_v5.csv,angular_radius_times_frozen_distance,source_includes_1p4_to_common_1p33,0.95,0,central_value_frozen; source_uncertainties_retained_upstream,validation/stationary/STATIONARY_HI_INTERPOLATION_CONTINUATION_POLICY_V1.md
NGC0300,calibration,17,8.62,2.90845192939,Sigma_neutral_1p33 = 1.33 * Sigma_HI_raw,tabulated,piecewise_linear,none,inner_continuation_only,1.00841245671,20.1682491342,7,8,data/stationary/source_reconstruction/westmeier2011_ngc300_gas_profile_v1.csv,data/stationary/source_reconstruction/certified_hi_common_tabulated_v5.csv,angular_radius_times_frozen_distance,source_includes_1p4_to_common_1p33,0.95,0,central_value_frozen; source_uncertainties_retained_upstream,validation/stationary/STATIONARY_HI_INTERPOLATION_CONTINUATION_POLICY_V1.md
NGC0300,calibration,18,9.07,2.56930498835,Sigma_neutral_1p33 = 1.33 * Sigma_HI_raw,tabulated,piecewise_linear,none,inner_continuation_only,1.00841245671,20.1682491342,7,8,data/stationary/source_reconstruction/westmeier2011_ngc300_gas_profile_v1.csv,data/stationary/source_reconstruction/certified_hi_common_tabulated_v5.csv,angular_radius_times_frozen_distance,source_includes_1p4_to_common_1p33,0.95,0,central_value_frozen; source_uncertainties_retained_upstream,validation/stationary/STATIONARY_HI_INTERPOLATION_CONTINUATION_POLICY_V1.md
NGC0300,calibration,19,9.53,2.30821608647,Sigma_neutral_1p33 = 1.33 * Sigma_HI_raw,tabulated,piecewise_linear,none,inner_continuation_only,1.00841245671,20.1682491342,8,9,data/stationary/source_reconstruction/westmeier2011_ngc300_gas_profile_v1.csv,data/stationary/source_reconstruction/certified_hi_common_tabulated_v5.csv,angular_radius_times_frozen_distance,source_includes_1p4_to_common_1p33,0.95,0,central_value_frozen; source_uncertainties_retained_upstream,validation/stationary/STATIONARY_HI_INTERPOLATION_CONTINUATION_POLICY_V1.md
NGC0300,calibration,20,9.96,2.06516077873,Sigma_neutral_1p33 = 1.33 * Sigma_HI_raw,tabulated,piecewise_linear,none,inner_continuation_only,1.00841245671,20.1682491342,8,9,data/stationary/source_reconstruction/westmeier2011_ngc300_gas_profile_v1.csv,data/stationary/source_reconstruction/certified_hi_common_tabulated_v5.csv,angular_radius_times_frozen_distance,source_includes_1p4_to_common_1p33,0.95,0,central_value_frozen; source_uncertainties_retained_upstream,validation/stationary/STATIONARY_HI_INTERPOLATION_CONTINUATION_POLICY_V1.md
NGC0300,calibration,21,10.45,1.82265898073,Sigma_neutral_1p33 = 1.33 * Sigma_HI_raw,tabulated,piecewise_linear,none,inner_continuation_only,1.00841245671,20.1682491342,9,10,data/stationary/source_reconstruction/westmeier2011_ngc300_gas_profile_v1.csv,data/stationary/source_reconstruction/certified_hi_common_tabulated_v5.csv,angular_radius_times_frozen_distance,source_includes_1p4_to_common_1p33,0.95,0,central_value_frozen; source_uncertainties_retained_upstream,validation/stationary/STATIONARY_HI_INTERPOLATION_CONTINUATION_POLICY_V1.md
NGC0300,calibration,22,10.93,1.59656102004,Sigma_neutral_1p33 = 1.33 * Sigma_HI_raw,tabulated,piecewise_linear,none,inner_continuation_only,1.00841245671,20.1682491342,9,10,data/stationary/source_reconstruction/westmeier2011_ngc300_gas_profile_v1.csv,data/stationary/source_reconstruction/certified_hi_common_tabulated_v5.csv,angular_radius_times_frozen_distance,source_includes_1p4_to_common_1p33,0.95,0,central_value_frozen; source_uncertainties_retained_upstream,validation/stationary/STATIONARY_HI_INTERPOLATION_CONTINUATION_POLICY_V1.md
NGC0300,calibration,23,11.32,1.49857128539,Sigma_neutral_1p33 = 1.33 * Sigma_HI_raw,tabulated,piecewise_linear,none,inner_continuation_only,1.00841245671,20.1682491342,10,11,data/stationary/source_reconstruction/westmeier2011_ngc300_gas_profile_v1.csv,data/stationary/source_reconstruction/certified_hi_common_tabulated_v5.csv,angular_radius_times_frozen_distance,source_includes_1p4_to_common_1p33,0.95,0,central_value_frozen; source_uncertainties_retained_upstream,validation/stationary/STATIONARY_HI_INTERPOLATION_CONTINUATION_POLICY_V1.md
NGC0300,calibration,24,11.8,1.45335169326,Sigma_neutral_1p33 = 1.33 * Sigma_HI_raw,tabulated,piecewise_linear,none,inner_continuation_only,1.00841245671,20.1682491342,10,11,data/stationary/source_reconstruction/westmeier2011_ngc300_gas_profile_v1.csv,data/stationary/source_reconstruction/certified_hi_common_tabulated_v5.csv,angular_radius_times_frozen_distance,source_includes_1p4_to_common_1p33,0.95,0,central_value_frozen; source_uncertainties_retained_upstream,validation/stationary/STATIONARY_HI_INTERPOLATION_CONTINUATION_POLICY_V1.md
NGC2403,blind,0,0.16,6.6128629933,Sigma_neutral_1p33 = 1.33 * Sigma_HI_raw,tabulated,piecewise_linear,none,outer_continuation_only,0.09875,8.69,0,1,data/stationary/source_reconstruction/leroy2008_things_hi_profiles_v1.csv,data/stationary/source_reconstruction/certified_hi_common_tabulated_v5.csv,source_kpc_times_frozen_over_source_distance,source_includes_1p36_to_common_1p33,0.977941176471,0,central_value_frozen; source_uncertainties_retained_upstream,validation/stationary/STATIONARY_HI_INTERPOLATION_CONTINUATION_POLICY_V1.md
NGC2403,blind,1,0.26,6.68094750559,Sigma_neutral_1p33 = 1.33 * Sigma_HI_raw,tabulated,piecewise_linear,none,outer_continuation_only,0.09875,8.69,1,2,data/stationary/source_reconstruction/leroy2008_things_hi_profiles_v1.csv,data/stationary/source_reconstruction/certified_hi_common_tabulated_v5.csv,source_kpc_times_frozen_over_source_distance,source_includes_1p36_to_common_1p33,0.977941176471,0,central_value_frozen; source_uncertainties_retained_upstream,validation/stationary/STATIONARY_HI_INTERPOLATION_CONTINUATION_POLICY_V1.md
NGC2403,blind,2,0.36,6.73046351452,Sigma_neutral_1p33 = 1.33 * Sigma_HI_raw,tabulated,piecewise_linear,none,outer_continuation_only,0.09875,8.69,1,2,data/stationary/source_reconstruction/leroy2008_things_hi_profiles_v1.csv,data/stationary/source_reconstruction/certified_hi_common_tabulated_v5.csv,source_kpc_times_frozen_over_source_distance,source_includes_1p36_to_common_1p33,0.977941176471,0,central_value_frozen; source_uncertainties_retained_upstream,validation/stationary/STATIONARY_HI_INTERPOLATION_CONTINUATION_POLICY_V1.md
NGC2403,blind,3,0.46,6.87653574088,Sigma_neutral_1p33 = 1.33 * Sigma_HI_raw,tabulated,piecewise_linear,none,outer_continuation_only,0.09875,8.69,2,3,data/stationary/source_reconstruction/leroy2008_things_hi_profiles_v1.csv,data/stationary/source_reconstruction/certified_hi_common_tabulated_v5.csv,source_kpc_times_frozen_over_source_distance,source_includes_1p36_to_common_1p33,0.977941176471,0,central_value_frozen; source_uncertainties_retained_upstream,validation/stationary/STATIONARY_HI_INTERPOLATION_CONTINUATION_POLICY_V1.md
NGC2403,blind,4,0.56,6.97618670886,Sigma_neutral_1p33 = 1.33 * Sigma_HI_raw,tabulated,piecewise_linear,none,outer_continuation_only,0.09875,8.69,3,4,data/stationary/source_reconstruction/leroy2008_things_hi_profiles_v1.csv,data/stationary/source_reconstruction/certified_hi_common_tabulated_v5.csv,source_kpc_times_frozen_over_source_distance,source_includes_1p36_to_common_1p33,0.977941176471,0,central_value_frozen; source_uncertainties_retained_upstream,validation/stationary/STATIONARY_HI_INTERPOLATION_CONTINUATION_POLICY_V1.md
NGC2403,blind,5,0.66,7.0257027178,Sigma_neutral_1p33 = 1.33 * Sigma_HI_raw,tabulated,piecewise_linear,none,outer_continuation_only,0.09875,8.69,3,4,data/stationary/source_reconstruction/leroy2008_things_hi_profiles_v1.csv,data/stationary/source_reconstruction/certified_hi_common_tabulated_v5.csv,source_kpc_times_frozen_over_source_distance,source_includes_1p36_to_common_1p33,0.977941176471,0,central_value_frozen; source_uncertainties_retained_upstream,validation/stationary/STATIONARY_HI_INTERPOLATION_CONTINUATION_POLICY_V1.md
NGC2403,blind,6,0.76,7.04117647059,Sigma_neutral_1p33 = 1.33 * Sigma_HI_raw,tabulated,piecewise_linear,none,outer_continuation_only,0.09875,8.69,4,5,data/stationary/source_reconstruction/leroy2008_things_hi_profiles_v1.csv,data/stationary/source_reconstruction/certified_hi_common_tabulated_v5.csv,source_kpc_times_frozen_over_source_distance,source_includes_1p36_to_common_1p33,0.977941176471,0,central_value_frozen; source_uncertainties_retained_upstream,validation/stationary/STATIONARY_HI_INTERPOLATION_CONTINUATION_POLICY_V1.md
NGC2403,blind,7,0.86,7.04117647059,Sigma_neutral_1p33 = 1.33 * Sigma_HI_raw,tabulated,piecewise_linear,none,outer_continuation_only,0.09875,8.69,4,5,data/stationary/source_reconstruction/leroy2008_things_hi_profiles_v1.csv,data/stationary/source_reconstruction/certified_hi_common_tabulated_v5.csv,source_kpc_times_frozen_over_source_distance,source_includes_1p36_to_common_1p33,0.977941176471,0,central_value_frozen; source_uncertainties_retained_upstream,validation/stationary/STATIONARY_HI_INTERPOLATION_CONTINUATION_POLICY_V1.md
NGC2403,blind,8,0.96,7.11173678332,Sigma_neutral_1p33 = 1.33 * Sigma_HI_raw,tabulated,piecewise_linear,none,outer_continuation_only,0.09875,8.69,5,6,data/stationary/source_reconstruction/leroy2008_things_hi_profiles_v1.csv,data/stationary/source_reconstruction/certified_hi_common_tabulated_v5.csv,source_kpc_times_frozen_over_source_distance,source_includes_1p36_to_common_1p33,0.977941176471,0,central_value_frozen; source_uncertainties_retained_upstream,validation/stationary/STATIONARY_HI_INTERPOLATION_CONTINUATION_POLICY_V1.md
NGC2403,blind,9,1.06,7.13897058824,Sigma_neutral_1p33 = 1.33 * Sigma_HI_raw,tabulated,piecewise_linear,none,outer_continuation_only,0.09875,8.69,6,7,data/stationary/source_reconstruction/leroy2008_things_hi_profiles_v1.csv,data/stationary/source_reconstruction/certified_hi_common_tabulated_v5.csv,source_kpc_times_frozen_over_source_distance,source_includes_1p36_to_common_1p33,0.977941176471,0,central_value_frozen; source_uncertainties_retained_upstream,validation/stationary/STATIONARY_HI_INTERPOLATION_CONTINUATION_POLICY_V1.md
NGC2403,blind,10,1.16,7.13897058824,Sigma_neutral_1p33 = 1.33 * Sigma_HI_raw,tabulated,piecewise_linear,none,outer_continuation_only,0.09875,8.69,6,7,data/stationary/source_reconstruction/leroy2008_things_hi_profiles_v1.csv,data/stationary/source_reconstruction/certified_hi_common_tabulated_v5.csv,source_kpc_times_frozen_over_source_distance,source_includes_1p36_to_common_1p33,0.977941176471,0,central_value_frozen; source_uncertainties_retained_upstream,validation/stationary/STATIONARY_HI_INTERPOLATION_CONTINUATION_POLICY_V1.md
NGC2403,blind,11,1.27,7.13897058824,Sigma_neutral_1p33 = 1.33 * Sigma_HI_raw,tabulated,piecewise_linear,none,outer_continuation_only,0.09875,8.69,7,8,data/stationary/source_reconstruction/leroy2008_things_hi_profiles_v1.csv,data/stationary/source_reconstruction/certified_hi_common_tabulated_v5.csv,source_kpc_times_frozen_over_source_distance,source_includes_1p36_to_common_1p33,0.977941176471,0,central_value_frozen; source_uncertainties_retained_upstream,validation/stationary/STATIONARY_HI_INTERPOLATION_CONTINUATION_POLICY_V1.md
NGC2403,blind,12,1.36,7.17672654505,Sigma_neutral_1p33 = 1.33 * Sigma_HI_raw,tabulated,piecewise_linear,none,outer_continuation_only,0.09875,8.69,8,9,data/stationary/source_reconstruction/leroy2008_things_hi_profiles_v1.csv,data/stationary/source_reconstruction/certified_hi_common_tabulated_v5.csv,source_kpc_times_frozen_over_source_distance,source_includes_1p36_to_common_1p33,0.977941176471,0,central_value_frozen; source_uncertainties_retained_upstream,validation/stationary/STATIONARY_HI_INTERPOLATION_CONTINUATION_POLICY_V1.md
NGC2403,blind,13,1.47,7.23119415488,Sigma_neutral_1p33 = 1.33 * Sigma_HI_raw,tabulated,piecewise_linear,none,outer_continuation_only,0.09875,8.69,8,9,data/stationary/source_reconstruction/leroy2008_things_hi_profiles_v1.csv,data/stationary/source_reconstruction/certified_hi_common_tabulated_v5.csv,source_kpc_times_frozen_over_source_distance,source_includes_1p36_to_common_1p33,0.977941176471,0,central_value_frozen; source_uncertainties_retained_upstream,validation/stationary/STATIONARY_HI_INTERPOLATION_CONTINUATION_POLICY_V1.md
NGC2403,blind,14,1.57,7.23676470589,Sigma_neutral_1p33 = 1.33 * Sigma_HI_raw,tabulated,piecewise_linear,none,outer_continuation_only,0.09875,8.69,9,10,data/stationary/source_reconstruction/leroy2008_things_hi_profiles_v1.csv,data/stationary/source_reconstruction/certified_hi_common_tabulated_v5.csv,source_kpc_times_frozen_over_source_distance,source_includes_1p36_to_common_1p33,0.977941176471,0,central_value_frozen; source_uncertainties_retained_upstream,validation/stationary/STATIONARY_HI_INTERPOLATION_CONTINUATION_POLICY_V1.md
NGC2403,blind,15,1.67,7.28132911393,Sigma_neutral_1p33 = 1.33 * Sigma_HI_raw,tabulated,piecewise_linear,none,outer_continuation_only,0.09875,8.69,10,11,data/stationary/source_reconstruction/leroy2008_things_hi_profiles_v1.csv,data/stationary/source_reconstruction/certified_hi_common_tabulated_v5.csv,source_kpc_times_frozen_over_source_distance,source_includes_1p36_to_common_1p33,0.977941176471,0,central_value_frozen; source_uncertainties_retained_upstream,validation/stationary/STATIONARY_HI_INTERPOLATION_CONTINUATION_POLICY_V1.md
NGC2403,blind,16,1.77,7.33084512286,Sigma_neutral_1p33 = 1.33 * Sigma_HI_raw,tabulated,piecewise_linear,none,outer_continuation_only,0.09875,8.69,10,11,data/stationary/source_reconstruction/leroy2008_things_hi_profiles_v1.csv,data/stationary/source_reconstruction/certified_hi_common_tabulated_v5.csv,source_kpc_times_frozen_over_source_distance,source_includes_1p36_to_common_1p33,0.977941176471,0,central_value_frozen; source_uncertainties_retained_upstream,validation/stationary/STATIONARY_HI_INTERPOLATION_CONTINUATION_POLICY_V1.md
NGC2403,blind,17,1.87,7.42616344006,Sigma_neutral_1p33 = 1.33 * Sigma_HI_raw,tabulated,piecewise_linear,none,outer_continuation_only,0.09875,8.69,11,12,data/stationary/source_reconstruction/leroy2008_things_hi_profiles_v1.csv,data/stationary/source_reconstruction/certified_hi_common_tabulated_v5.csv,source_kpc_times_frozen_over_source_distance,source_includes_1p36_to_common_1p33,0.977941176471,0,central_value_frozen; source_uncertainties_retained_upstream,validation/stationary/STATIONARY_HI_INTERPOLATION_CONTINUATION_POLICY_V1.md
NGC2403,blind,18,1.97,7.47877419956,Sigma_neutral_1p33 = 1.33 * Sigma_HI_raw,tabulated,piecewise_linear,none,outer_continuation_only,0.09875,8.69,12,13,data/stationary/source_reconstruction/leroy2008_things_hi_profiles_v1.csv,data/stationary/source_reconstruction/certified_hi_common_tabulated_v5.csv,source_kpc_times_frozen_over_source_distance,source_includes_1p36_to_common_1p33,0.977941176471,0,central_value_frozen; source_uncertainties_retained_upstream,validation/stationary/STATIONARY_HI_INTERPOLATION_CONTINUATION_POLICY_V1.md
NGC2403,blind,19,2.08,7.54252606106,Sigma_neutral_1p33 = 1.33 * Sigma_HI_raw,tabulated,piecewise_linear,none,outer_continuation_only,0.09875,8.69,13,14,data/stationary/source_reconstruction/leroy2008_things_hi_profiles_v1.csv,data/stationary/source_reconstruction/certified_hi_common_tabulated_v5.csv,source_kpc_times_frozen_over_source_distance,source_includes_1p36_to_common_1p33,0.977941176471,0,central_value_frozen; source_uncertainties_retained_upstream,validation/stationary/STATIONARY_HI_INTERPOLATION_CONTINUATION_POLICY_V1.md
NGC2403,blind,20,2.18,7.72944899479,Sigma_neutral_1p33 = 1.33 * Sigma_HI_raw,tabulated,piecewise_linear,none,outer_continuation_only,0.09875,8.69,14,15,data/stationary/source_reconstruction/leroy2008_things_hi_profiles_v1.csv,data/stationary/source_reconstruction/certified_hi_common_tabulated_v5.csv,source_kpc_times_frozen_over_source_distance,source_includes_1p36_to_common_1p33,0.977941176471,0,central_value_frozen; source_uncertainties_retained_upstream,validation/stationary/STATIONARY_HI_INTERPOLATION_CONTINUATION_POLICY_V1.md
NGC2403,blind,21,2.28,7.77896500373,Sigma_neutral_1p33 = 1.33 * Sigma_HI_raw,tabulated,piecewise_linear,none,outer_continuation_only,0.09875,8.69,14,15,data/stationary/source_reconstruction/leroy2008_things_hi_profiles_v1.csv,data/stationary/source_reconstruction/certified_hi_common_tabulated_v5.csv,source_kpc_times_frozen_over_source_distance,source_includes_1p36_to_common_1p33,0.977941176471,0,central_value_frozen; source_uncertainties_retained_upstream,validation/stationary/STATIONARY_HI_INTERPOLATION_CONTINUATION_POLICY_V1.md
NGC2403,blind,22,2.37,7.82352941177,Sigma_neutral_1p33 = 1.33 * Sigma_HI_raw,tabulated,measured_node,none,outer_continuation_only,0.09875,8.69,15,15,data/stationary/source_reconstruction/leroy2008_things_hi_profiles_v1.csv,data/stationary/source_reconstruction/certified_hi_common_tabulated_v5.csv,source_kpc_times_frozen_over_source_distance,source_includes_1p36_to_common_1p33,0.977941176471,0,central_value_frozen; source_uncertainties_retained_upstream,validation/stationary/STATIONARY_HI_INTERPOLATION_CONTINUATION_POLICY_V1.md
NGC2403,blind,23,2.47,7.92256142964,Sigma_neutral_1p33 = 1.33 * Sigma_HI_raw,tabulated,piecewise_linear,none,outer_continuation_only,0.09875,8.69,15,16,data/stationary/source_reconstruction/leroy2008_things_hi_profiles_v1.csv,data/stationary/source_reconstruction/certified_hi_common_tabulated_v5.csv,source_kpc_times_frozen_over_source_distance,source_includes_1p36_to_common_1p33,0.977941176471,0,central_value_frozen; source_uncertainties_retained_upstream,validation/stationary/STATIONARY_HI_INTERPOLATION_CONTINUATION_POLICY_V1.md
NGC2403,blind,24,2.57,8.02406924795,Sigma_neutral_1p33 = 1.33 * Sigma_HI_raw,tabulated,piecewise_linear,none,outer_continuation_only,0.09875,8.69,16,17,data/stationary/source_reconstruction/leroy2008_things_hi_profiles_v1.csv,data/stationary/source_reconstruction/certified_hi_common_tabulated_v5.csv,source_kpc_times_frozen_over_source_distance,source_includes_1p36_to_common_1p33,0.977941176471,0,central_value_frozen; source_uncertainties_retained_upstream,validation/stationary/STATIONARY_HI_INTERPOLATION_CONTINUATION_POLICY_V1.md
NGC2403,blind,25,2.68,8.23513123605,Sigma_neutral_1p33 = 1.33 * Sigma_HI_raw,tabulated,piecewise_linear,none,outer_continuation_only,0.09875,8.69,17,18,data/stationary/source_reconstruction/leroy2008_things_hi_profiles_v1.csv,data/stationary/source_reconstruction/certified_hi_common_tabulated_v5.csv,source_kpc_times_frozen_over_source_distance,source_includes_1p36_to_common_1p33,0.977941176471,0,central_value_frozen; source_uncertainties_retained_upstream,validation/stationary/STATIONARY_HI_INTERPOLATION_CONTINUATION_POLICY_V1.md
NGC2403,blind,26,2.78,8.38367926285,Sigma_neutral_1p33 = 1.33 * Sigma_HI_raw,tabulated,piecewise_linear,none,outer_continuation_only,0.09875,8.69,17,18,data/stationary/source_reconstruction/leroy2008_things_hi_profiles_v1.csv,data/stationary/source_reconstruction/certified_hi_common_tabulated_v5.csv,source_kpc_times_frozen_over_source_distance,source_includes_1p36_to_common_1p33,0.977941176471,0,central_value_frozen; source_uncertainties_retained_upstream,validation/stationary/STATIONARY_HI_INTERPOLATION_CONTINUATION_POLICY_V1.md
NGC2403,blind,27,2.88,8.54027364111,Sigma_neutral_1p33 = 1.33 * Sigma_HI_raw,tabulated,piecewise_linear,none,outer_continuation_only,0.09875,8.69,18,19,data/stationary/source_reconstruction/leroy2008_things_hi_profiles_v1.csv,data/stationary/source_reconstruction/certified_hi_common_tabulated_v5.csv,source_kpc_times_frozen_over_source_distance,source_includes_1p36_to_common_1p33,0.977941176471,0,central_value_frozen; source_uncertainties_retained_upstream,validation/stationary/STATIONARY_HI_INTERPOLATION_CONTINUATION_POLICY_V1.md
NGC2403,blind,28,2.98,8.72967237528,Sigma_neutral_1p33 = 1.33 * Sigma_HI_raw,tabulated,piecewise_linear,none,outer_continuation_only,0.09875,8.69,19,20,data/stationary/source_reconstruction/leroy2008_things_hi_profiles_v1.csv,data/stationary/source_reconstruction/certified_hi_common_tabulated_v5.csv,source_kpc_times_frozen_over_source_distance,source_includes_1p36_to_common_1p33,0.977941176471,0,central_value_frozen; source_uncertainties_retained_upstream,validation/stationary/STATIONARY_HI_INTERPOLATION_CONTINUATION_POLICY_V1.md
NGC2403,blind,29,3.08,8.87822040209,Sigma_neutral_1p33 = 1.33 * Sigma_HI_raw,tabulated,piecewise_linear,none,outer_continuation_only,0.09875,8.69,19,20,data/stationary/source_reconstruction/leroy2008_things_hi_profiles_v1.csv,data/stationary/source_reconstruction/certified_hi_common_tabulated_v5.csv,source_kpc_times_frozen_over_source_distance,source_includes_1p36_to_common_1p33,0.977941176471,0,central_value_frozen; source_uncertainties_retained_upstream,validation/stationary/STATIONARY_HI_INTERPOLATION_CONTINUATION_POLICY_V1.md
NGC2403,blind,30,3.19,9.08618763961,Sigma_neutral_1p33 = 1.33 * Sigma_HI_raw,tabulated,piecewise_linear,none,outer_continuation_only,0.09875,8.69,20,21,data/stationary/source_reconstruction/leroy2008_things_hi_profiles_v1.csv,data/stationary/source_reconstruction/certified_hi_common_tabulated_v5.csv,source_kpc_times_frozen_over_source_distance,source_includes_1p36_to_common_1p33,0.977941176471,0,central_value_frozen; source_uncertainties_retained_upstream,validation/stationary/STATIONARY_HI_INTERPOLATION_CONTINUATION_POLICY_V1.md
NGC2403,blind,31,3.29,9.32138868206,Sigma_neutral_1p33 = 1.33 * Sigma_HI_raw,tabulated,piecewise_linear,none,outer_continuation_only,0.09875,8.69,21,22,data/stationary/source_reconstruction/leroy2008_things_hi_profiles_v1.csv,data/stationary/source_reconstruction/certified_hi_common_tabulated_v5.csv,source_kpc_times_frozen_over_source_distance,source_includes_1p36_to_common_1p33,0.977941176471,0,central_value_frozen; source_uncertainties_retained_upstream,validation/stationary/STATIONARY_HI_INTERPOLATION_CONTINUATION_POLICY_V1.md
NGC2403,blind,32,3.39,9.42042069993,Sigma_neutral_1p33 = 1.33 * Sigma_HI_raw,tabulated,piecewise_linear,none,outer_continuation_only,0.09875,8.69,21,22,data/stationary/source_reconstruction/leroy2008_things_hi_profiles_v1.csv,data/stationary/source_reconstruction/certified_hi_common_tabulated_v5.csv,source_kpc_times_frozen_over_source_distance,source_includes_1p36_to_common_1p33,0.977941176471,0,central_value_frozen; source_uncertainties_retained_upstream,validation/stationary/STATIONARY_HI_INTERPOLATION_CONTINUATION_POLICY_V1.md
NGC2403,blind,33,3.49,9.48602941177,Sigma_neutral_1p33 = 1.33 * Sigma_HI_raw,tabulated,piecewise_linear,none,outer_continuation_only,0.09875,8.69,22,23,data/stationary/source_reconstruction/leroy2008_things_hi_profiles_v1.csv,data/stationary/source_reconstruction/certified_hi_common_tabulated_v5.csv,source_kpc_times_frozen_over_source_distance,source_includes_1p36_to_common_1p33,0.977941176471,0,central_value_frozen; source_uncertainties_retained_upstream,validation/stationary/STATIONARY_HI_INTERPOLATION_CONTINUATION_POLICY_V1.md
NGC2403,blind,34,3.59,9.46869880864,Sigma_neutral_1p33 = 1.33 * Sigma_HI_raw,tabulated,piecewise_linear,none,outer_continuation_only,0.09875,8.69,23,24,data/stationary/source_reconstruction/leroy2008_things_hi_profiles_v1.csv,data/stationary/source_reconstruction/certified_hi_common_tabulated_v5.csv,source_kpc_times_frozen_over_source_distance,source_includes_1p36_to_common_1p33,0.977941176471,0,central_value_frozen; source_uncertainties_retained_upstream,validation/stationary/STATIONARY_HI_INTERPOLATION_CONTINUATION_POLICY_V1.md
NGC2403,blind,35,3.69,9.41918279971,Sigma_neutral_1p33 = 1.33 * Sigma_HI_raw,tabulated,piecewise_linear,none,outer_continuation_only,0.09875,8.69,23,24,data/stationary/source_reconstruction/leroy2008_things_hi_profiles_v1.csv,data/stationary/source_reconstruction/certified_hi_common_tabulated_v5.csv,source_kpc_times_frozen_over_source_distance,source_includes_1p36_to_common_1p33,0.977941176471,0,central_value_frozen; source_uncertainties_retained_upstream,validation/stationary/STATIONARY_HI_INTERPOLATION_CONTINUATION_POLICY_V1.md
NGC2403,blind,36,3.79,9.35109828742,Sigma_neutral_1p33 = 1.33 * Sigma_HI_raw,tabulated,piecewise_linear,none,outer_continuation_only,0.09875,8.69,24,25,data/stationary/source_reconstruction/leroy2008_things_hi_profiles_v1.csv,data/stationary/source_reconstruction/certified_hi_common_tabulated_v5.csv,source_kpc_times_frozen_over_source_distance,source_includes_1p36_to_common_1p33,0.977941176471,0,central_value_frozen; source_uncertainties_retained_upstream,validation/stationary/STATIONARY_HI_INTERPOLATION_CONTINUATION_POLICY_V1.md
NGC2403,blind,37,3.9,9.24216306776,Sigma_neutral_1p33 = 1.33 * Sigma_HI_raw,tabulated,piecewise_linear,none,outer_continuation_only,0.09875,8.69,24,25,data/stationary/source_reconstruction/leroy2008_things_hi_profiles_v1.csv,data/stationary/source_reconstruction/certified_hi_common_tabulated_v5.csv,source_kpc_times_frozen_over_source_distance,source_includes_1p36_to_common_1p33,0.977941176471,0,central_value_frozen; source_uncertainties_retained_upstream,validation/stationary/STATIONARY_HI_INTERPOLATION_CONTINUATION_POLICY_V1.md
NGC2403,blind,38,3.99,9.11342144453,Sigma_neutral_1p33 = 1.33 * Sigma_HI_raw,tabulated,piecewise_linear,none,outer_continuation_only,0.09875,8.69,25,26,data/stationary/source_reconstruction/leroy2008_things_hi_profiles_v1.csv,data/stationary/source_reconstruction/certified_hi_common_tabulated_v5.csv,source_kpc_times_frozen_over_source_distance,source_includes_1p36_to_common_1p33,0.977941176471,0,central_value_frozen; source_uncertainties_retained_upstream,validation/stationary/STATIONARY_HI_INTERPOLATION_CONTINUATION_POLICY_V1.md
NGC2403,blind,39,4.47,8.12681496649,Sigma_neutral_1p33 = 1.33 * Sigma_HI_raw,tabulated,piecewise_linear,none,outer_continuation_only,0.09875,8.69,28,29,data/stationary/source_reconstruction/leroy2008_things_hi_profiles_v1.csv,data/stationary/source_reconstruction/certified_hi_common_tabulated_v5.csv,source_kpc_times_frozen_over_source_distance,source_includes_1p36_to_common_1p33,0.977941176471,0,central_value_frozen; source_uncertainties_retained_upstream,validation/stationary/STATIONARY_HI_INTERPOLATION_CONTINUATION_POLICY_V1.md
NGC2403,blind,40,4.97,6.87901154133,Sigma_neutral_1p33 = 1.33 * Sigma_HI_raw,tabulated,piecewise_linear,none,outer_continuation_only,0.09875,8.69,32,33,data/stationary/source_reconstruction/leroy2008_things_hi_profiles_v1.csv,data/stationary/source_reconstruction/certified_hi_common_tabulated_v5.csv,source_kpc_times_frozen_over_source_distance,source_includes_1p36_to_common_1p33,0.977941176471,0,central_value_frozen; source_uncertainties_retained_upstream,validation/stationary/STATIONARY_HI_INTERPOLATION_CONTINUATION_POLICY_V1.md
NGC2403,blind,41,5.47,6.0248603872,Sigma_neutral_1p33 = 1.33 * Sigma_HI_raw,tabulated,piecewise_linear,none,outer_continuation_only,0.09875,8.69,35,36,data/stationary/source_reconstruction/leroy2008_things_hi_profiles_v1.csv,data/stationary/source_reconstruction/certified_hi_common_tabulated_v5.csv,source_kpc_times_frozen_over_source_distance,source_includes_1p36_to_common_1p33,0.977941176471,0,central_value_frozen; source_uncertainties_retained_upstream,validation/stationary/STATIONARY_HI_INTERPOLATION_CONTINUATION_POLICY_V1.md
NGC2403,blind,42,5.96,5.57426470588,Sigma_neutral_1p33 = 1.33 * Sigma_HI_raw,tabulated,piecewise_linear,none,outer_continuation_only,0.09875,8.69,38,39,data/stationary/source_reconstruction/leroy2008_things_hi_profiles_v1.csv,data/stationary/source_reconstruction/certified_hi_common_tabulated_v5.csv,source_kpc_times_frozen_over_source_distance,source_includes_1p36_to_common_1p33,0.977941176471,0,central_value_frozen; source_uncertainties_retained_upstream,validation/stationary/STATIONARY_HI_INTERPOLATION_CONTINUATION_POLICY_V1.md
NGC2403,blind,43,6.46,5.47647058824,Sigma_neutral_1p33 = 1.33 * Sigma_HI_raw,tabulated,piecewise_linear,none,outer_continuation_only,0.09875,8.69,41,42,data/stationary/source_reconstruction/leroy2008_things_hi_profiles_v1.csv,data/stationary/source_reconstruction/certified_hi_common_tabulated_v5.csv,source_kpc_times_frozen_over_source_distance,source_includes_1p36_to_common_1p33,0.977941176471,0,central_value_frozen; source_uncertainties_retained_upstream,validation/stationary/STATIONARY_HI_INTERPOLATION_CONTINUATION_POLICY_V1.md
NGC2403,blind,44,6.96,5.67205882353,Sigma_neutral_1p33 = 1.33 * Sigma_HI_raw,tabulated,piecewise_linear,none,outer_continuation_only,0.09875,8.69,44,45,data/stationary/source_reconstruction/leroy2008_things_hi_profiles_v1.csv,data/stationary/source_reconstruction/certified_hi_common_tabulated_v5.csv,source_kpc_times_frozen_over_source_distance,source_includes_1p36_to_common_1p33,0.977941176471,0,central_value_frozen; source_uncertainties_retained_upstream,validation/stationary/STATIONARY_HI_INTERPOLATION_CONTINUATION_POLICY_V1.md
NGC2403,blind,45,7.45,5.43314408042,Sigma_neutral_1p33 = 1.33 * Sigma_HI_raw,tabulated,piecewise_linear,none,outer_continuation_only,0.09875,8.69,48,49,data/stationary/source_reconstruction/leroy2008_things_hi_profiles_v1.csv,data/stationary/source_reconstruction/certified_hi_common_tabulated_v5.csv,source_kpc_times_frozen_over_source_distance,source_includes_1p36_to_common_1p33,0.977941176471,0,central_value_frozen; source_uncertainties_retained_upstream,validation/stationary/STATIONARY_HI_INTERPOLATION_CONTINUATION_POLICY_V1.md
NGC2403,blind,46,7.95,5.03577810871,Sigma_neutral_1p33 = 1.33 * Sigma_HI_raw,tabulated,piecewise_linear,none,outer_continuation_only,0.09875,8.69,51,52,data/stationary/source_reconstruction/leroy2008_things_hi_profiles_v1.csv,data/stationary/source_reconstruction/certified_hi_common_tabulated_v5.csv,source_kpc_times_frozen_over_source_distance,source_includes_1p36_to_common_1p33,0.977941176471,0,central_value_frozen; source_uncertainties_retained_upstream,validation/stationary/STATIONARY_HI_INTERPOLATION_CONTINUATION_POLICY_V1.md
NGC2403,blind,47,8.45,4.8340003723,Sigma_neutral_1p33 = 1.33 * Sigma_HI_raw,tabulated,piecewise_linear,none,outer_continuation_only,0.09875,8.69,54,55,data/stationary/source_reconstruction/leroy2008_things_hi_profiles_v1.csv,data/stationary/source_reconstruction/certified_hi_common_tabulated_v5.csv,source_kpc_times_frozen_over_source_distance,source_includes_1p36_to_common_1p33,0.977941176471,0,central_value_frozen; source_uncertainties_retained_upstream,validation/stationary/STATIONARY_HI_INTERPOLATION_CONTINUATION_POLICY_V1.md
NGC2403,blind,48,8.94,0,Sigma_neutral_1p33 = 1.33 * Sigma_HI_raw,tabulated,outer_zero,outer,outer_continuation_only,0.09875,8.69,56,56,data/stationary/source_reconstruction/leroy2008_things_hi_profiles_v1.csv,data/stationary/source_reconstruction/certified_hi_common_tabulated_v5.csv,source_kpc_times_frozen_over_source_distance,source_includes_1p36_to_common_1p33,0.977941176471,0,central_value_frozen; source_uncertainties_retained_upstream,validation/stationary/STATIONARY_HI_INTERPOLATION_CONTINUATION_POLICY_V1.md
NGC2403,blind,49,9.44,0,Sigma_neutral_1p33 = 1.33 * Sigma_HI_raw,tabulated,outer_zero,outer,outer_continuation_only,0.09875,8.69,56,56,data/stationary/source_reconstruction/leroy2008_things_hi_profiles_v1.csv,data/stationary/source_reconstruction/certified_hi_common_tabulated_v5.csv,source_kpc_times_frozen_over_source_distance,source_includes_1p36_to_common_1p33,0.977941176471,0,central_value_frozen; source_uncertainties_retained_upstream,validation/stationary/STATIONARY_HI_INTERPOLATION_CONTINUATION_POLICY_V1.md
NGC2403,blind,50,9.94,0,Sigma_neutral_1p33 = 1.33 * Sigma_HI_raw,tabulated,outer_zero,outer,outer_continuation_only,0.09875,8.69,56,56,data/stationary/source_reconstruction/leroy2008_things_hi_profiles_v1.csv,data/stationary/source_reconstruction/certified_hi_common_tabulated_v5.csv,source_kpc_times_frozen_over_source_distance,source_includes_1p36_to_common_1p33,0.977941176471,0,central_value_frozen; source_uncertainties_retained_upstream,validation/stationary/STATIONARY_HI_INTERPOLATION_CONTINUATION_POLICY_V1.md
NGC2403,blind,51,10.43,0,Sigma_neutral_1p33 = 1.33 * Sigma_HI_raw,tabulated,outer_zero,outer,outer_continuation_only,0.09875,8.69,56,56,data/stationary/source_reconstruction/leroy2008_things_hi_profiles_v1.csv,data/stationary/source_reconstruction/certified_hi_common_tabulated_v5.csv,source_kpc_times_frozen_over_source_distance,source_includes_1p36_to_common_1p33,0.977941176471,0,central_value_frozen; source_uncertainties_retained_upstream,validation/stationary/STATIONARY_HI_INTERPOLATION_CONTINUATION_POLICY_V1.md
NGC2403,blind,52,10.93,0,Sigma_neutral_1p33 = 1.33 * Sigma_HI_raw,tabulated,outer_zero,outer,outer_continuation_only,0.09875,8.69,56,56,data/stationary/source_reconstruction/leroy2008_things_hi_profiles_v1.csv,data/stationary/source_reconstruction/certified_hi_common_tabulated_v5.csv,source_kpc_times_frozen_over_source_distance,source_includes_1p36_to_common_1p33,0.977941176471,0,central_value_frozen; source_uncertainties_retained_upstream,validation/stationary/STATIONARY_HI_INTERPOLATION_CONTINUATION_POLICY_V1.md
NGC2403,blind,53,11.43,0,Sigma_neutral_1p33 = 1.33 * Sigma_HI_raw,tabulated,outer_zero,outer,outer_continuation_only,0.09875,8.69,56,56,data/stationary/source_reconstruction/leroy2008_things_hi_profiles_v1.csv,data/stationary/source_reconstruction/certified_hi_common_tabulated_v5.csv,source_kpc_times_frozen_over_source_distance,source_includes_1p36_to_common_1p33,0.977941176471,0,central_value_frozen; source_uncertainties_retained_upstream,validation/stationary/STATIONARY_HI_INTERPOLATION_CONTINUATION_POLICY_V1.md
NGC2403,blind,54,11.92,0,Sigma_neutral_1p33 = 1.33 * Sigma_HI_raw,tabulated,outer_zero,outer,outer_continuation_only,0.09875,8.69,56,56,data/stationary/source_reconstruction/leroy2008_things_hi_profiles_v1.csv,data/stationary/source_reconstruction/certified_hi_common_tabulated_v5.csv,source_kpc_times_frozen_over_source_distance,source_includes_1p36_to_common_1p33,0.977941176471,0,central_value_frozen; source_uncertainties_retained_upstream,validation/stationary/STATIONARY_HI_INTERPOLATION_CONTINUATION_POLICY_V1.md
NGC2403,blind,55,12.42,0,Sigma_neutral_1p33 = 1.33 * Sigma_HI_raw,tabulated,outer_zero,outer,outer_continuation_only,0.09875,8.69,56,56,data/stationary/source_reconstruction/leroy2008_things_hi_profiles_v1.csv,data/stationary/source_reconstruction/certified_hi_common_tabulated_v5.csv,source_kpc_times_frozen_over_source_distance,source_includes_1p36_to_common_1p33,0.977941176471,0,central_value_frozen; source_uncertainties_retained_upstream,validation/stationary/STATIONARY_HI_INTERPOLATION_CONTINUATION_POLICY_V1.md
NGC2403,blind,56,12.92,0,Sigma_neutral_1p33 = 1.33 * Sigma_HI_raw,tabulated,outer_zero,outer,outer_continuation_only,0.09875,8.69,56,56,data/stationary/source_reconstruction/leroy2008_things_hi_profiles_v1.csv,data/stationary/source_reconstruction/certified_hi_common_tabulated_v5.csv,source_kpc_times_frozen_over_source_distance,source_includes_1p36_to_common_1p33,0.977941176471,0,central_value_frozen; source_uncertainties_retained_upstream,validation/stationary/STATIONARY_HI_INTERPOLATION_CONTINUATION_POLICY_V1.md
NGC2403,blind,57,13.42,0,Sigma_neutral_1p33 = 1.33 * Sigma_HI_raw,tabulated,outer_zero,outer,outer_continuation_only,0.09875,8.69,56,56,data/stationary/source_reconstruction/leroy2008_things_hi_profiles_v1.csv,data/stationary/source_reconstruction/certified_hi_common_tabulated_v5.csv,source_kpc_times_frozen_over_source_distance,source_includes_1p36_to_common_1p33,0.977941176471,0,central_value_frozen; source_uncertainties_retained_upstream,validation/stationary/STATIONARY_HI_INTERPOLATION_CONTINUATION_POLICY_V1.md
NGC2403,blind,58,13.91,0,Sigma_neutral_1p33 = 1.33 * Sigma_HI_raw,tabulated,outer_zero,outer,outer_continuation_only,0.09875,8.69,56,56,data/stationary/source_reconstruction/leroy2008_things_hi_profiles_v1.csv,data/stationary/source_reconstruction/certified_hi_common_tabulated_v5.csv,source_kpc_times_frozen_over_source_distance,source_includes_1p36_to_common_1p33,0.977941176471,0,central_value_frozen; source_uncertainties_retained_upstream,validation/stationary/STATIONARY_HI_INTERPOLATION_CONTINUATION_POLICY_V1.md
NGC2403,blind,59,14.41,0,Sigma_neutral_1p33 = 1.33 * Sigma_HI_raw,tabulated,outer_zero,outer,outer_continuation_only,0.09875,8.69,56,56,data/stationary/source_reconstruction/leroy2008_things_hi_profiles_v1.csv,data/stationary/source_reconstruction/certified_hi_common_tabulated_v5.csv,source_kpc_times_frozen_over_source_distance,source_includes_1p36_to_common_1p33,0.977941176471,0,central_value_frozen; source_uncertainties_retained_upstream,validation/stationary/STATIONARY_HI_INTERPOLATION_CONTINUATION_POLICY_V1.md
NGC2403,blind,60,14.91,0,Sigma_neutral_1p33 = 1.33 * Sigma_HI_raw,tabulated,outer_zero,outer,outer_continuation_only,0.09875,8.69,56,56,data/stationary/source_reconstruction/leroy2008_things_hi_profiles_v1.csv,data/stationary/source_reconstruction/certified_hi_common_tabulated_v5.csv,source_kpc_times_frozen_over_source_distance,source_includes_1p36_to_common_1p33,0.977941176471,0,central_value_frozen; source_uncertainties_retained_upstream,validation/stationary/STATIONARY_HI_INTERPOLATION_CONTINUATION_POLICY_V1.md
NGC2403,blind,61,15.4,0,Sigma_neutral_1p33 = 1.33 * Sigma_HI_raw,tabulated,outer_zero,outer,outer_continuation_only,0.09875,8.69,56,56,data/stationary/source_reconstruction/leroy2008_things_hi_profiles_v1.csv,data/stationary/source_reconstruction/certified_hi_common_tabulated_v5.csv,source_kpc_times_frozen_over_source_distance,source_includes_1p36_to_common_1p33,0.977941176471,0,central_value_frozen; source_uncertainties_retained_upstream,validation/stationary/STATIONARY_HI_INTERPOLATION_CONTINUATION_POLICY_V1.md
NGC2403,blind,62,15.9,0,Sigma_neutral_1p33 = 1.33 * Sigma_HI_raw,tabulated,outer_zero,outer,outer_continuation_only,0.09875,8.69,56,56,data/stationary/source_reconstruction/leroy2008_things_hi_profiles_v1.csv,data/stationary/source_reconstruction/certified_hi_common_tabulated_v5.csv,source_kpc_times_frozen_over_source_distance,source_includes_1p36_to_common_1p33,0.977941176471,0,central_value_frozen; source_uncertainties_retained_upstream,validation/stationary/STATIONARY_HI_INTERPOLATION_CONTINUATION_POLICY_V1.md
NGC2403,blind,63,16.4,0,Sigma_neutral_1p33 = 1.33 * Sigma_HI_raw,tabulated,outer_zero,outer,outer_continuation_only,0.09875,8.69,56,56,data/stationary/source_reconstruction/leroy2008_things_hi_profiles_v1.csv,data/stationary/source_reconstruction/certified_hi_common_tabulated_v5.csv,source_kpc_times_frozen_over_source_distance,source_includes_1p36_to_common_1p33,0.977941176471,0,central_value_frozen; source_uncertainties_retained_upstream,validation/stationary/STATIONARY_HI_INTERPOLATION_CONTINUATION_POLICY_V1.md
NGC2403,blind,64,16.89,0,Sigma_neutral_1p33 = 1.33 * Sigma_HI_raw,tabulated,outer_zero,outer,outer_continuation_only,0.09875,8.69,56,56,data/stationary/source_reconstruction/leroy2008_things_hi_profiles_v1.csv,data/stationary/source_reconstruction/certified_hi_common_tabulated_v5.csv,source_kpc_times_frozen_over_source_distance,source_includes_1p36_to_common_1p33,0.977941176471,0,central_value_frozen; source_uncertainties_retained_upstream,validation/stationary/STATIONARY_HI_INTERPOLATION_CONTINUATION_POLICY_V1.md
NGC2403,blind,65,17.39,0,Sigma_neutral_1p33 = 1.33 * Sigma_HI_raw,tabulated,outer_zero,outer,outer_continuation_only,0.09875,8.69,56,56,data/stationary/source_reconstruction/leroy2008_things_hi_profiles_v1.csv,data/stationary/source_reconstruction/certified_hi_common_tabulated_v5.csv,source_kpc_times_frozen_over_source_distance,source_includes_1p36_to_common_1p33,0.977941176471,0,central_value_frozen; source_uncertainties_retained_upstream,validation/stationary/STATIONARY_HI_INTERPOLATION_CONTINUATION_POLICY_V1.md
NGC2403,blind,66,17.89,0,Sigma_neutral_1p33 = 1.33 * Sigma_HI_raw,tabulated,outer_zero,outer,outer_continuation_only,0.09875,8.69,56,56,data/stationary/source_reconstruction/leroy2008_things_hi_profiles_v1.csv,data/stationary/source_reconstruction/certified_hi_common_tabulated_v5.csv,source_kpc_times_frozen_over_source_distance,source_includes_1p36_to_common_1p33,0.977941176471,0,central_value_frozen; source_uncertainties_retained_upstream,validation/stationary/STATIONARY_HI_INTERPOLATION_CONTINUATION_POLICY_V1.md
NGC2403,blind,67,18.38,0,Sigma_neutral_1p33 = 1.33 * Sigma_HI_raw,tabulated,outer_zero,outer,outer_continuation_only,0.09875,8.69,56,56,data/stationary/source_reconstruction/leroy2008_things_hi_profiles_v1.csv,data/stationary/source_reconstruction/certified_hi_common_tabulated_v5.csv,source_kpc_times_frozen_over_source_distance,source_includes_1p36_to_common_1p33,0.977941176471,0,central_value_frozen; source_uncertainties_retained_upstream,validation/stationary/STATIONARY_HI_INTERPOLATION_CONTINUATION_POLICY_V1.md
NGC2403,blind,68,18.88,0,Sigma_neutral_1p33 = 1.33 * Sigma_HI_raw,tabulated,outer_zero,outer,outer_continuation_only,0.09875,8.69,56,56,data/stationary/source_reconstruction/leroy2008_things_hi_profiles_v1.csv,data/stationary/source_reconstruction/certified_hi_common_tabulated_v5.csv,source_kpc_times_frozen_over_source_distance,source_includes_1p36_to_common_1p33,0.977941176471,0,central_value_frozen; source_uncertainties_retained_upstream,validation/stationary/STATIONARY_HI_INTERPOLATION_CONTINUATION_POLICY_V1.md
NGC2403,blind,69,19.38,0,Sigma_neutral_1p33 = 1.33 * Sigma_HI_raw,tabulated,outer_zero,outer,outer_continuation_only,0.09875,8.69,56,56,data/stationary/source_reconstruction/leroy2008_things_hi_profiles_v1.csv,data/stationary/source_reconstruction/certified_hi_common_tabulated_v5.csv,source_kpc_times_frozen_over_source_distance,source_includes_1p36_to_common_1p33,0.977941176471,0,central_value_frozen; source_uncertainties_retained_upstream,validation/stationary/STATIONARY_HI_INTERPOLATION_CONTINUATION_POLICY_V1.md
NGC2403,blind,70,19.87,0,Sigma_neutral_1p33 = 1.33 * Sigma_HI_raw,tabulated,outer_zero,outer,outer_continuation_only,0.09875,8.69,56,56,data/stationary/source_reconstruction/leroy2008_things_hi_profiles_v1.csv,data/stationary/source_reconstruction/certified_hi_common_tabulated_v5.csv,source_kpc_times_frozen_over_source_distance,source_includes_1p36_to_common_1p33,0.977941176471,0,central_value_frozen; source_uncertainties_retained_upstream,validation/stationary/STATIONARY_HI_INTERPOLATION_CONTINUATION_POLICY_V1.md
NGC2403,blind,71,20.37,0,Sigma_neutral_1p33 = 1.33 * Sigma_HI_raw,tabulated,outer_zero,outer,outer_continuation_only,0.09875,8.69,56,56,data/stationary/source_reconstruction/leroy2008_things_hi_profiles_v1.csv,data/stationary/source_reconstruction/certified_hi_common_tabulated_v5.csv,source_kpc_times_frozen_over_source_distance,source_includes_1p36_to_common_1p33,0.977941176471,0,central_value_frozen; source_uncertainties_retained_upstream,validation/stationary/STATIONARY_HI_INTERPOLATION_CONTINUATION_POLICY_V1.md
NGC2403,blind,72,20.87,0,Sigma_neutral_1p33 = 1.33 * Sigma_HI_raw,tabulated,outer_zero,outer,outer_continuation_only,0.09875,8.69,56,56,data/stationary/source_reconstruction/leroy2008_things_hi_profiles_v1.csv,data/stationary/source_reconstruction/certified_hi_common_tabulated_v5.csv,source_kpc_times_frozen_over_source_distance,source_includes_1p36_to_common_1p33,0.977941176471,0,central_value_frozen; source_uncertainties_retained_upstream,validation/stationary/STATIONARY_HI_INTERPOLATION_CONTINUATION_POLICY_V1.md
NGC2841,calibration,0,3.44,1.27132352941,Sigma_neutral_1p33 = 1.33 * Sigma_HI_raw,tabulated,inner_constant,inner,inner_and_outer_continuation,3.8,16.7,0,0,data/stationary/source_reconstruction/leroy2008_things_hi_profiles_v1.csv,data/stationary/source_reconstruction/certified_hi_common_tabulated_v5.csv,source_kpc_times_frozen_over_source_distance,source_includes_1p36_to_common_1p33,0.977941176471,0,central_value_frozen; source_uncertainties_retained_upstream,validation/stationary/STATIONARY_HI_INTERPOLATION_CONTINUATION_POLICY_V1.md
NGC2841,calibration,1,3.77,1.27132352941,Sigma_neutral_1p33 = 1.33 * Sigma_HI_raw,tabulated,inner_constant,inner,inner_and_outer_continuation,3.8,16.7,0,0,data/stationary/source_reconstruction/leroy2008_things_hi_profiles_v1.csv,data/stationary/source_reconstruction/certified_hi_common_tabulated_v5.csv,source_kpc_times_frozen_over_source_distance,source_includes_1p36_to_common_1p33,0.977941176471,0,central_value_frozen; source_uncertainties_retained_upstream,validation/stationary/STATIONARY_HI_INTERPOLATION_CONTINUATION_POLICY_V1.md
NGC2841,calibration,2,4.13,1.48647058823,Sigma_neutral_1p33 = 1.33 * Sigma_HI_raw,tabulated,piecewise_linear,none,inner_and_outer_continuation,3.8,16.7,0,1,data/stationary/source_reconstruction/leroy2008_things_hi_profiles_v1.csv,data/stationary/source_reconstruction/certified_hi_common_tabulated_v5.csv,source_kpc_times_frozen_over_source_distance,source_includes_1p36_to_common_1p33,0.977941176471,0,central_value_frozen; source_uncertainties_retained_upstream,validation/stationary/STATIONARY_HI_INTERPOLATION_CONTINUATION_POLICY_V1.md
NGC2841,calibration,3,4.47,1.70161764706,Sigma_neutral_1p33 = 1.33 * Sigma_HI_raw,tabulated,piecewise_linear,none,inner_and_outer_continuation,3.8,16.7,1,2,data/stationary/source_reconstruction/leroy2008_things_hi_profiles_v1.csv,data/stationary/source_reconstruction/certified_hi_common_tabulated_v5.csv,source_kpc_times_frozen_over_source_distance,source_includes_1p36_to_common_1p33,0.977941176471,0,central_value_frozen; source_uncertainties_retained_upstream,validation/stationary/STATIONARY_HI_INTERPOLATION_CONTINUATION_POLICY_V1.md
NGC2841,calibration,4,4.8,1.88602941177,Sigma_neutral_1p33 = 1.33 * Sigma_HI_raw,tabulated,piecewise_linear,none,inner_and_outer_continuation,3.8,16.7,1,2,data/stationary/source_reconstruction/leroy2008_things_hi_profiles_v1.csv,data/stationary/source_reconstruction/certified_hi_common_tabulated_v5.csv,source_kpc_times_frozen_over_source_distance,source_includes_1p36_to_common_1p33,0.977941176471,0,central_value_frozen; source_uncertainties_retained_upstream,validation/stationary/STATIONARY_HI_INTERPOLATION_CONTINUATION_POLICY_V1.md
NGC2841,calibration,5,5.13,2.06625,Sigma_neutral_1p33 = 1.33 * Sigma_HI_raw,tabulated,piecewise_linear,none,inner_and_outer_continuation,3.8,16.7,2,3,data/stationary/source_reconstruction/leroy2008_things_hi_profiles_v1.csv,data/stationary/source_reconstruction/certified_hi_common_tabulated_v5.csv,source_kpc_times_frozen_over_source_distance,source_includes_1p36_to_common_1p33,0.977941176471,0,central_value_frozen; source_uncertainties_retained_upstream,validation/stationary/STATIONARY_HI_INTERPOLATION_CONTINUATION_POLICY_V1.md
NGC2841,calibration,6,5.48,2.21294117647,Sigma_neutral_1p33 = 1.33 * Sigma_HI_raw,tabulated,piecewise_linear,none,inner_and_outer_continuation,3.8,16.7,2,3,data/stationary/source_reconstruction/leroy2008_things_hi_profiles_v1.csv,data/stationary/source_reconstruction/certified_hi_common_tabulated_v5.csv,source_kpc_times_frozen_over_source_distance,source_includes_1p36_to_common_1p33,0.977941176471,0,central_value_frozen; source_uncertainties_retained_upstream,validation/stationary/STATIONARY_HI_INTERPOLATION_CONTINUATION_POLICY_V1.md
NGC2841,calibration,7,5.83,2.35125,Sigma_neutral_1p33 = 1.33 * Sigma_HI_raw,tabulated,piecewise_linear,none,inner_and_outer_continuation,3.8,16.7,3,4,data/stationary/source_reconstruction/leroy2008_things_hi_profiles_v1.csv,data/stationary/source_reconstruction/certified_hi_common_tabulated_v5.csv,source_kpc_times_frozen_over_source_distance,source_includes_1p36_to_common_1p33,0.977941176471,0,central_value_frozen; source_uncertainties_retained_upstream,validation/stationary/STATIONARY_HI_INTERPOLATION_CONTINUATION_POLICY_V1.md
NGC2841,calibration,8,6.16,2.39735294118,Sigma_neutral_1p33 = 1.33 * Sigma_HI_raw,tabulated,piecewise_linear,none,inner_and_outer_continuation,3.8,16.7,3,4,data/stationary/source_reconstruction/leroy2008_things_hi_profiles_v1.csv,data/stationary/source_reconstruction/certified_hi_common_tabulated_v5.csv,source_kpc_times_frozen_over_source_distance,source_includes_1p36_to_common_1p33,0.977941176471,0,central_value_frozen; source_uncertainties_retained_upstream,validation/stationary/STATIONARY_HI_INTERPOLATION_CONTINUATION_POLICY_V1.md
NGC2841,calibration,9,6.51,2.44625,Sigma_neutral_1p33 = 1.33 * Sigma_HI_raw,tabulated,piecewise_linear,none,inner_and_outer_continuation,3.8,16.7,4,5,data/stationary/source_reconstruction/leroy2008_things_hi_profiles_v1.csv,data/stationary/source_reconstruction/certified_hi_common_tabulated_v5.csv,source_kpc_times_frozen_over_source_distance,source_includes_1p36_to_common_1p33,0.977941176471,0,central_value_frozen; source_uncertainties_retained_upstream,validation/stationary/STATIONARY_HI_INTERPOLATION_CONTINUATION_POLICY_V1.md
NGC2841,calibration,10,6.86,2.49514705882,Sigma_neutral_1p33 = 1.33 * Sigma_HI_raw,tabulated,piecewise_linear,none,inner_and_outer_continuation,3.8,16.7,4,5,data/stationary/source_reconstruction/leroy2008_things_hi_profiles_v1.csv,data/stationary/source_reconstruction/certified_hi_common_tabulated_v5.csv,source_kpc_times_frozen_over_source_distance,source_includes_1p36_to_common_1p33,0.977941176471,0,central_value_frozen; source_uncertainties_retained_upstream,validation/stationary/STATIONARY_HI_INTERPOLATION_CONTINUATION_POLICY_V1.md
NGC2841,calibration,11,7.18,2.53985294117,Sigma_neutral_1p33 = 1.33 * Sigma_HI_raw,tabulated,piecewise_linear,none,inner_and_outer_continuation,3.8,16.7,4,5,data/stationary/source_reconstruction/leroy2008_things_hi_profiles_v1.csv,data/stationary/source_reconstruction/certified_hi_common_tabulated_v5.csv,source_kpc_times_frozen_over_source_distance,source_includes_1p36_to_common_1p33,0.977941176471,0,central_value_frozen; source_uncertainties_retained_upstream,validation/stationary/STATIONARY_HI_INTERPOLATION_CONTINUATION_POLICY_V1.md
NGC2841,calibration,12,7.51,2.54264705882,Sigma_neutral_1p33 = 1.33 * Sigma_HI_raw,tabulated,piecewise_linear,none,inner_and_outer_continuation,3.8,16.7,5,6,data/stationary/source_reconstruction/leroy2008_things_hi_profiles_v1.csv,data/stationary/source_reconstruction/certified_hi_common_tabulated_v5.csv,source_kpc_times_frozen_over_source_distance,source_includes_1p36_to_common_1p33,0.977941176471,0,central_value_frozen; source_uncertainties_retained_upstream,validation/stationary/STATIONARY_HI_INTERPOLATION_CONTINUATION_POLICY_V1.md
NGC2841,calibration,13,7.85,2.54264705882,Sigma_neutral_1p33 = 1.33 * Sigma_HI_raw,tabulated,piecewise_linear,none,inner_and_outer_continuation,3.8,16.7,5,6,data/stationary/source_reconstruction/leroy2008_things_hi_profiles_v1.csv,data/stationary/source_reconstruction/certified_hi_common_tabulated_v5.csv,source_kpc_times_frozen_over_source_distance,source_includes_1p36_to_common_1p33,0.977941176471,0,central_value_frozen; source_uncertainties_retained_upstream,validation/stationary/STATIONARY_HI_INTERPOLATION_CONTINUATION_POLICY_V1.md
NGC2841,calibration,14,8.21,2.59317401961,Sigma_neutral_1p33 = 1.33 * Sigma_HI_raw,tabulated,piecewise_linear,none,inner_and_outer_continuation,3.8,16.7,6,7,data/stationary/source_reconstruction/leroy2008_things_hi_profiles_v1.csv,data/stationary/source_reconstruction/certified_hi_common_tabulated_v5.csv,source_kpc_times_frozen_over_source_distance,source_includes_1p36_to_common_1p33,0.977941176471,0,central_value_frozen; source_uncertainties_retained_upstream,validation/stationary/STATIONARY_HI_INTERPOLATION_CONTINUATION_POLICY_V1.md
NGC2841,calibration,15,8.57,2.65022058823,Sigma_neutral_1p33 = 1.33 * Sigma_HI_raw,tabulated,piecewise_linear,none,inner_and_outer_continuation,3.8,16.7,7,8,data/stationary/source_reconstruction/leroy2008_things_hi_profiles_v1.csv,data/stationary/source_reconstruction/certified_hi_common_tabulated_v5.csv,source_kpc_times_frozen_over_source_distance,source_includes_1p36_to_common_1p33,0.977941176471,0,central_value_frozen; source_uncertainties_retained_upstream,validation/stationary/STATIONARY_HI_INTERPOLATION_CONTINUATION_POLICY_V1.md
NGC2841,calibration,16,8.9,2.69632352941,Sigma_neutral_1p33 = 1.33 * Sigma_HI_raw,tabulated,piecewise_linear,none,inner_and_outer_continuation,3.8,16.7,7,8,data/stationary/source_reconstruction/leroy2008_things_hi_profiles_v1.csv,data/stationary/source_reconstruction/certified_hi_common_tabulated_v5.csv,source_kpc_times_frozen_over_source_distance,source_includes_1p36_to_common_1p33,0.977941176471,0,central_value_frozen; source_uncertainties_retained_upstream,validation/stationary/STATIONARY_HI_INTERPOLATION_CONTINUATION_POLICY_V1.md
NGC2841,calibration,17,9.24,2.74382352941,Sigma_neutral_1p33 = 1.33 * Sigma_HI_raw,tabulated,piecewise_linear,none,inner_and_outer_continuation,3.8,16.7,8,9,data/stationary/source_reconstruction/leroy2008_things_hi_profiles_v1.csv,data/stationary/source_reconstruction/certified_hi_common_tabulated_v5.csv,source_kpc_times_frozen_over_source_distance,source_includes_1p36_to_common_1p33,0.977941176471,0,central_value_frozen; source_uncertainties_retained_upstream,validation/stationary/STATIONARY_HI_INTERPOLATION_CONTINUATION_POLICY_V1.md
NGC2841,calibration,18,9.6,2.79411764706,Sigma_neutral_1p33 = 1.33 * Sigma_HI_raw,tabulated,piecewise_linear,none,inner_and_outer_continuation,3.8,16.7,8,9,data/stationary/source_reconstruction/leroy2008_things_hi_profiles_v1.csv,data/stationary/source_reconstruction/certified_hi_common_tabulated_v5.csv,source_kpc_times_frozen_over_source_distance,source_includes_1p36_to_common_1p33,0.977941176471,0,central_value_frozen; source_uncertainties_retained_upstream,validation/stationary/STATIONARY_HI_INTERPOLATION_CONTINUATION_POLICY_V1.md
NGC2841,calibration,19,9.93,2.84022058824,Sigma_neutral_1p33 = 1.33 * Sigma_HI_raw,tabulated,piecewise_linear,none,inner_and_outer_continuation,3.8,16.7,9,10,data/stationary/source_reconstruction/leroy2008_things_hi_profiles_v1.csv,data/stationary/source_reconstruction/certified_hi_common_tabulated_v5.csv,source_kpc_times_frozen_over_source_distance,source_includes_1p36_to_common_1p33,0.977941176471,0,central_value_frozen; source_uncertainties_retained_upstream,validation/stationary/STATIONARY_HI_INTERPOLATION_CONTINUATION_POLICY_V1.md
NGC2841,calibration,20,10.27,2.88772058824,Sigma_neutral_1p33 = 1.33 * Sigma_HI_raw,tabulated,piecewise_linear,none,inner_and_outer_continuation,3.8,16.7,9,10,data/stationary/source_reconstruction/leroy2008_things_hi_profiles_v1.csv,data/stationary/source_reconstruction/certified_hi_common_tabulated_v5.csv,source_kpc_times_frozen_over_source_distance,source_includes_1p36_to_common_1p33,0.977941176471,0,central_value_frozen; source_uncertainties_retained_upstream,validation/stationary/STATIONARY_HI_INTERPOLATION_CONTINUATION_POLICY_V1.md
NGC2841,calibration,21,10.6,2.93382352941,Sigma_neutral_1p33 = 1.33 * Sigma_HI_raw,tabulated,measured_node,none,inner_and_outer_continuation,3.8,16.7,10,10,data/stationary/source_reconstruction/leroy2008_things_hi_profiles_v1.csv,data/stationary/source_reconstruction/certified_hi_common_tabulated_v5.csv,source_kpc_times_frozen_over_source_distance,source_includes_1p36_to_common_1p33,0.977941176471,0,central_value_frozen; source_uncertainties_retained_upstream,validation/stationary/STATIONARY_HI_INTERPOLATION_CONTINUATION_POLICY_V1.md
NGC2841,calibration,22,10.93,2.93382352941,Sigma_neutral_1p33 = 1.33 * Sigma_HI_raw,tabulated,piecewise_linear,none,inner_and_outer_continuation,3.8,16.7,10,11,data/stationary/source_reconstruction/leroy2008_things_hi_profiles_v1.csv,data/stationary/source_reconstruction/certified_hi_common_tabulated_v5.csv,source_kpc_times_frozen_over_source_distance,source_includes_1p36_to_common_1p33,0.977941176471,0,central_value_frozen; source_uncertainties_retained_upstream,validation/stationary/STATIONARY_HI_INTERPOLATION_CONTINUATION_POLICY_V1.md
NGC2841,calibration,23,11.27,2.93382352941,Sigma_neutral_1p33 = 1.33 * Sigma_HI_raw,tabulated,piecewise_linear,none,inner_and_outer_continuation,3.8,16.7,10,11,data/stationary/source_reconstruction/leroy2008_things_hi_profiles_v1.csv,data/stationary/source_reconstruction/certified_hi_common_tabulated_v5.csv,source_kpc_times_frozen_over_source_distance,source_includes_1p36_to_common_1p33,0.977941176471,0,central_value_frozen; source_uncertainties_retained_upstream,validation/stationary/STATIONARY_HI_INTERPOLATION_CONTINUATION_POLICY_V1.md
NGC2841,calibration,24,12.31,2.58665441177,Sigma_neutral_1p33 = 1.33 * Sigma_HI_raw,tabulated,piecewise_linear,none,inner_and_outer_continuation,3.8,16.7,12,13,data/stationary/source_reconstruction/leroy2008_things_hi_profiles_v1.csv,data/stationary/source_reconstruction/certified_hi_common_tabulated_v5.csv,source_kpc_times_frozen_over_source_distance,source_includes_1p36_to_common_1p33,0.977941176471,0,central_value_frozen; source_uncertainties_retained_upstream,validation/stationary/STATIONARY_HI_INTERPOLATION_CONTINUATION_POLICY_V1.md
NGC2841,calibration,25,14.35,2.10257352942,Sigma_neutral_1p33 = 1.33 * Sigma_HI_raw,tabulated,piecewise_linear,none,inner_and_outer_continuation,3.8,16.7,15,16,data/stationary/source_reconstruction/leroy2008_things_hi_profiles_v1.csv,data/stationary/source_reconstruction/certified_hi_common_tabulated_v5.csv,source_kpc_times_frozen_over_source_distance,source_includes_1p36_to_common_1p33,0.977941176471,0,central_value_frozen; source_uncertainties_retained_upstream,validation/stationary/STATIONARY_HI_INTERPOLATION_CONTINUATION_POLICY_V1.md
NGC2841,calibration,26,16.4,2.00477941177,Sigma_neutral_1p33 = 1.33 * Sigma_HI_raw,tabulated,piecewise_linear,none,inner_and_outer_continuation,3.8,16.7,18,19,data/stationary/source_reconstruction/leroy2008_things_hi_profiles_v1.csv,data/stationary/source_reconstruction/certified_hi_common_tabulated_v5.csv,source_kpc_times_frozen_over_source_distance,source_includes_1p36_to_common_1p33,0.977941176471,0,central_value_frozen; source_uncertainties_retained_upstream,validation/stationary/STATIONARY_HI_INTERPOLATION_CONTINUATION_POLICY_V1.md
NGC2841,calibration,27,18.48,0,Sigma_neutral_1p33 = 1.33 * Sigma_HI_raw,tabulated,outer_zero,outer,inner_and_outer_continuation,3.8,16.7,19,19,data/stationary/source_reconstruction/leroy2008_things_hi_profiles_v1.csv,data/stationary/source_reconstruction/certified_hi_common_tabulated_v5.csv,source_kpc_times_frozen_over_source_distance,source_includes_1p36_to_common_1p33,0.977941176471,0,central_value_frozen; source_uncertainties_retained_upstream,validation/stationary/STATIONARY_HI_INTERPOLATION_CONTINUATION_POLICY_V1.md
NGC2841,calibration,28,20.57,0,Sigma_neutral_1p33 = 1.33 * Sigma_HI_raw,tabulated,outer_zero,outer,inner_and_outer_continuation,3.8,16.7,19,19,data/stationary/source_reconstruction/leroy2008_things_hi_profiles_v1.csv,data/stationary/source_reconstruction/certified_hi_common_tabulated_v5.csv,source_kpc_times_frozen_over_source_distance,source_includes_1p36_to_common_1p33,0.977941176471,0,central_value_frozen; source_uncertainties_retained_upstream,validation/stationary/STATIONARY_HI_INTERPOLATION_CONTINUATION_POLICY_V1.md
NGC2841,calibration,29,22.51,0,Sigma_neutral_1p33 = 1.33 * Sigma_HI_raw,tabulated,outer_zero,outer,inner_and_outer_continuation,3.8,16.7,19,19,data/stationary/source_reconstruction/leroy2008_things_hi_profiles_v1.csv,data/stationary/source_reconstruction/certified_hi_common_tabulated_v5.csv,source_kpc_times_frozen_over_source_distance,source_includes_1p36_to_common_1p33,0.977941176471,0,central_value_frozen; source_uncertainties_retained_upstream,validation/stationary/STATIONARY_HI_INTERPOLATION_CONTINUATION_POLICY_V1.md
NGC2841,calibration,30,24.59,0,Sigma_neutral_1p33 = 1.33 * Sigma_HI_raw,tabulated,outer_zero,outer,inner_and_outer_continuation,3.8,16.7,19,19,data/stationary/source_reconstruction/leroy2008_things_hi_profiles_v1.csv,data/stationary/source_reconstruction/certified_hi_common_tabulated_v5.csv,source_kpc_times_frozen_over_source_distance,source_includes_1p36_to_common_1p33,0.977941176471,0,central_value_frozen; source_uncertainties_retained_upstream,validation/stationary/STATIONARY_HI_INTERPOLATION_CONTINUATION_POLICY_V1.md
NGC2841,calibration,31,26.68,0,Sigma_neutral_1p33 = 1.33 * Sigma_HI_raw,tabulated,outer_zero,outer,inner_and_outer_continuation,3.8,16.7,19,19,data/stationary/source_reconstruction/leroy2008_things_hi_profiles_v1.csv,data/stationary/source_reconstruction/certified_hi_common_tabulated_v5.csv,source_kpc_times_frozen_over_source_distance,source_includes_1p36_to_common_1p33,0.977941176471,0,central_value_frozen; source_uncertainties_retained_upstream,validation/stationary/STATIONARY_HI_INTERPOLATION_CONTINUATION_POLICY_V1.md
NGC2841,calibration,32,28.77,0,Sigma_neutral_1p33 = 1.33 * Sigma_HI_raw,tabulated,outer_zero,outer,inner_and_outer_continuation,3.8,16.7,19,19,data/stationary/source_reconstruction/leroy2008_things_hi_profiles_v1.csv,data/stationary/source_reconstruction/certified_hi_common_tabulated_v5.csv,source_kpc_times_frozen_over_source_distance,source_includes_1p36_to_common_1p33,0.977941176471,0,central_value_frozen; source_uncertainties_retained_upstream,validation/stationary/STATIONARY_HI_INTERPOLATION_CONTINUATION_POLICY_V1.md
NGC2841,calibration,33,30.7,0,Sigma_neutral_1p33 = 1.33 * Sigma_HI_raw,tabulated,outer_zero,outer,inner_and_outer_continuation,3.8,16.7,19,19,data/stationary/source_reconstruction/leroy2008_things_hi_profiles_v1.csv,data/stationary/source_reconstruction/certified_hi_common_tabulated_v5.csv,source_kpc_times_frozen_over_source_distance,source_includes_1p36_to_common_1p33,0.977941176471,0,central_value_frozen; source_uncertainties_retained_upstream,validation/stationary/STATIONARY_HI_INTERPOLATION_CONTINUATION_POLICY_V1.md
NGC2841,calibration,34,32.79,0,Sigma_neutral_1p33 = 1.33 * Sigma_HI_raw,tabulated,outer_zero,outer,inner_and_outer_continuation,3.8,16.7,19,19,data/stationary/source_reconstruction/leroy2008_things_hi_profiles_v1.csv,data/stationary/source_reconstruction/certified_hi_common_tabulated_v5.csv,source_kpc_times_frozen_over_source_distance,source_includes_1p36_to_common_1p33,0.977941176471,0,central_value_frozen; source_uncertainties_retained_upstream,validation/stationary/STATIONARY_HI_INTERPOLATION_CONTINUATION_POLICY_V1.md
NGC2841,calibration,35,34.88,0,Sigma_neutral_1p33 = 1.33 * Sigma_HI_raw,tabulated,outer_zero,outer,inner_and_outer_continuation,3.8,16.7,19,19,data/stationary/source_reconstruction/leroy2008_things_hi_profiles_v1.csv,data/stationary/source_reconstruction/certified_hi_common_tabulated_v5.csv,source_kpc_times_frozen_over_source_distance,source_includes_1p36_to_common_1p33,0.977941176471,0,central_value_frozen; source_uncertainties_retained_upstream,validation/stationary/STATIONARY_HI_INTERPOLATION_CONTINUATION_POLICY_V1.md
NGC2841,calibration,36,36.96,0,Sigma_neutral_1p33 = 1.33 * Sigma_HI_raw,tabulated,outer_zero,outer,inner_and_outer_continuation,3.8,16.7,19,19,data/stationary/source_reconstruction/leroy2008_things_hi_profiles_v1.csv,data/stationary/source_reconstruction/certified_hi_common_tabulated_v5.csv,source_kpc_times_frozen_over_source_distance,source_includes_1p36_to_common_1p33,0.977941176471,0,central_value_frozen; source_uncertainties_retained_upstream,validation/stationary/STATIONARY_HI_INTERPOLATION_CONTINUATION_POLICY_V1.md
NGC2841,calibration,37,38.9,0,Sigma_neutral_1p33 = 1.33 * Sigma_HI_raw,tabulated,outer_zero,outer,inner_and_outer_continuation,3.8,16.7,19,19,data/stationary/source_reconstruction/leroy2008_things_hi_profiles_v1.csv,data/stationary/source_reconstruction/certified_hi_common_tabulated_v5.csv,source_kpc_times_frozen_over_source_distance,source_includes_1p36_to_common_1p33,0.977941176471,0,central_value_frozen; source_uncertainties_retained_upstream,validation/stationary/STATIONARY_HI_INTERPOLATION_CONTINUATION_POLICY_V1.md
NGC2841,calibration,38,40.99,0,Sigma_neutral_1p33 = 1.33 * Sigma_HI_raw,tabulated,outer_zero,outer,inner_and_outer_continuation,3.8,16.7,19,19,data/stationary/source_reconstruction/leroy2008_things_hi_profiles_v1.csv,data/stationary/source_reconstruction/certified_hi_common_tabulated_v5.csv,source_kpc_times_frozen_over_source_distance,source_includes_1p36_to_common_1p33,0.977941176471,0,central_value_frozen; source_uncertainties_retained_upstream,validation/stationary/STATIONARY_HI_INTERPOLATION_CONTINUATION_POLICY_V1.md
NGC2841,calibration,39,43.08,0,Sigma_neutral_1p33 = 1.33 * Sigma_HI_raw,tabulated,outer_zero,outer,inner_and_outer_continuation,3.8,16.7,19,19,data/stationary/source_reconstruction/leroy2008_things_hi_profiles_v1.csv,data/stationary/source_reconstruction/certified_hi_common_tabulated_v5.csv,source_kpc_times_frozen_over_source_distance,source_includes_1p36_to_common_1p33,0.977941176471,0,central_value_frozen; source_uncertainties_retained_upstream,validation/stationary/STATIONARY_HI_INTERPOLATION_CONTINUATION_POLICY_V1.md
NGC2841,calibration,40,45.16,0,Sigma_neutral_1p33 = 1.33 * Sigma_HI_raw,tabulated,outer_zero,outer,inner_and_outer_continuation,3.8,16.7,19,19,data/stationary/source_reconstruction/leroy2008_things_hi_profiles_v1.csv,data/stationary/source_reconstruction/certified_hi_common_tabulated_v5.csv,source_kpc_times_frozen_over_source_distance,source_includes_1p36_to_common_1p33,0.977941176471,0,central_value_frozen; source_uncertainties_retained_upstream,validation/stationary/STATIONARY_HI_INTERPOLATION_CONTINUATION_POLICY_V1.md
NGC2841,calibration,41,47.1,0,Sigma_neutral_1p33 = 1.33 * Sigma_HI_raw,tabulated,outer_zero,outer,inner_and_outer_continuation,3.8,16.7,19,19,data/stationary/source_reconstruction/leroy2008_things_hi_profiles_v1.csv,data/stationary/source_reconstruction/certified_hi_common_tabulated_v5.csv,source_kpc_times_frozen_over_source_distance,source_includes_1p36_to_common_1p33,0.977941176471,0,central_value_frozen; source_uncertainties_retained_upstream,validation/stationary/STATIONARY_HI_INTERPOLATION_CONTINUATION_POLICY_V1.md
NGC2841,calibration,42,49.19,0,Sigma_neutral_1p33 = 1.33 * Sigma_HI_raw,tabulated,outer_zero,outer,inner_and_outer_continuation,3.8,16.7,19,19,data/stationary/source_reconstruction/leroy2008_things_hi_profiles_v1.csv,data/stationary/source_reconstruction/certified_hi_common_tabulated_v5.csv,source_kpc_times_frozen_over_source_distance,source_includes_1p36_to_common_1p33,0.977941176471,0,central_value_frozen; source_uncertainties_retained_upstream,validation/stationary/STATIONARY_HI_INTERPOLATION_CONTINUATION_POLICY_V1.md
NGC2841,calibration,43,51.27,0,Sigma_neutral_1p33 = 1.33 * Sigma_HI_raw,tabulated,outer_zero,outer,inner_and_outer_continuation,3.8,16.7,19,19,data/stationary/source_reconstruction/leroy2008_things_hi_profiles_v1.csv,data/stationary/source_reconstruction/certified_hi_common_tabulated_v5.csv,source_kpc_times_frozen_over_source_distance,source_includes_1p36_to_common_1p33,0.977941176471,0,central_value_frozen; source_uncertainties_retained_upstream,validation/stationary/STATIONARY_HI_INTERPOLATION_CONTINUATION_POLICY_V1.md
NGC2841,calibration,44,53.36,0,Sigma_neutral_1p33 = 1.33 * Sigma_HI_raw,tabulated,outer_zero,outer,inner_and_outer_continuation,3.8,16.7,19,19,data/stationary/source_reconstruction/leroy2008_things_hi_profiles_v1.csv,data/stationary/source_reconstruction/certified_hi_common_tabulated_v5.csv,source_kpc_times_frozen_over_source_distance,source_includes_1p36_to_common_1p33,0.977941176471,0,central_value_frozen; source_uncertainties_retained_upstream,validation/stationary/STATIONARY_HI_INTERPOLATION_CONTINUATION_POLICY_V1.md
NGC2841,calibration,45,55.3,0,Sigma_neutral_1p33 = 1.33 * Sigma_HI_raw,tabulated,outer_zero,outer,inner_and_outer_continuation,3.8,16.7,19,19,data/stationary/source_reconstruction/leroy2008_things_hi_profiles_v1.csv,data/stationary/source_reconstruction/certified_hi_common_tabulated_v5.csv,source_kpc_times_frozen_over_source_distance,source_includes_1p36_to_common_1p33,0.977941176471,0,central_value_frozen; source_uncertainties_retained_upstream,validation/stationary/STATIONARY_HI_INTERPOLATION_CONTINUATION_POLICY_V1.md
NGC2841,calibration,46,57.38,0,Sigma_neutral_1p33 = 1.33 * Sigma_HI_raw,tabulated,outer_zero,outer,inner_and_outer_continuation,3.8,16.7,19,19,data/stationary/source_reconstruction/leroy2008_things_hi_profiles_v1.csv,data/stationary/source_reconstruction/certified_hi_common_tabulated_v5.csv,source_kpc_times_frozen_over_source_distance,source_includes_1p36_to_common_1p33,0.977941176471,0,central_value_frozen; source_uncertainties_retained_upstream,validation/stationary/STATIONARY_HI_INTERPOLATION_CONTINUATION_POLICY_V1.md
NGC2841,calibration,47,59.47,0,Sigma_neutral_1p33 = 1.33 * Sigma_HI_raw,tabulated,outer_zero,outer,inner_and_outer_continuation,3.8,16.7,19,19,data/stationary/source_reconstruction/leroy2008_things_hi_profiles_v1.csv,data/stationary/source_reconstruction/certified_hi_common_tabulated_v5.csv,source_kpc_times_frozen_over_source_distance,source_includes_1p36_to_common_1p33,0.977941176471,0,central_value_frozen; source_uncertainties_retained_upstream,validation/stationary/STATIONARY_HI_INTERPOLATION_CONTINUATION_POLICY_V1.md
NGC2841,calibration,48,61.56,0,Sigma_neutral_1p33 = 1.33 * Sigma_HI_raw,tabulated,outer_zero,outer,inner_and_outer_continuation,3.8,16.7,19,19,data/stationary/source_reconstruction/leroy2008_things_hi_profiles_v1.csv,data/stationary/source_reconstruction/certified_hi_common_tabulated_v5.csv,source_kpc_times_frozen_over_source_distance,source_includes_1p36_to_common_1p33,0.977941176471,0,central_value_frozen; source_uncertainties_retained_upstream,validation/stationary/STATIONARY_HI_INTERPOLATION_CONTINUATION_POLICY_V1.md
NGC2841,calibration,49,63.64,0,Sigma_neutral_1p33 = 1.33 * Sigma_HI_raw,tabulated,outer_zero,outer,inner_and_outer_continuation,3.8,16.7,19,19,data/stationary/source_reconstruction/leroy2008_things_hi_profiles_v1.csv,data/stationary/source_reconstruction/certified_hi_common_tabulated_v5.csv,source_kpc_times_frozen_over_source_distance,source_includes_1p36_to_common_1p33,0.977941176471,0,central_value_frozen; source_uncertainties_retained_upstream,validation/stationary/STATIONARY_HI_INTERPOLATION_CONTINUATION_POLICY_V1.md
NGC2903,calibration,0,0.32,7.23103748532,Sigma_neutral_1p33 = 1.33 * Sigma_HI_raw,tabulated,inner_constant,inner,inner_continuation_only,1.4398966329,41.642445061,0,0,data/stationary/source_reconstruction/feasts2025_ngc2903_hi_profile_raw_v1.csv,data/stationary/source_reconstruction/certified_hi_common_tabulated_v5.csv,explicit_frozen_radius,raw_HI_to_common_1p33,1.33,0,central_value_frozen; source_uncertainties_retained_upstream,validation/stationary/STATIONARY_HI_INTERPOLATION_CONTINUATION_POLICY_V1.md
NGC2903,calibration,1,0.64,7.23103748532,Sigma_neutral_1p33 = 1.33 * Sigma_HI_raw,tabulated,inner_constant,inner,inner_continuation_only,1.4398966329,41.642445061,0,0,data/stationary/source_reconstruction/feasts2025_ngc2903_hi_profile_raw_v1.csv,data/stationary/source_reconstruction/certified_hi_common_tabulated_v5.csv,explicit_frozen_radius,raw_HI_to_common_1p33,1.33,0,central_value_frozen; source_uncertainties_retained_upstream,validation/stationary/STATIONARY_HI_INTERPOLATION_CONTINUATION_POLICY_V1.md
NGC2903,calibration,2,0.96,7.23103748532,Sigma_neutral_1p33 = 1.33 * Sigma_HI_raw,tabulated,inner_constant,inner,inner_continuation_only,1.4398966329,41.642445061,0,0,data/stationary/source_reconstruction/feasts2025_ngc2903_hi_profile_raw_v1.csv,data/stationary/source_reconstruction/certified_hi_common_tabulated_v5.csv,explicit_frozen_radius,raw_HI_to_common_1p33,1.33,0,central_value_frozen; source_uncertainties_retained_upstream,validation/stationary/STATIONARY_HI_INTERPOLATION_CONTINUATION_POLICY_V1.md
NGC2903,calibration,3,1.28,7.23103748532,Sigma_neutral_1p33 = 1.33 * Sigma_HI_raw,tabulated,inner_constant,inner,inner_continuation_only,1.4398966329,41.642445061,0,0,data/stationary/source_reconstruction/feasts2025_ngc2903_hi_profile_raw_v1.csv,data/stationary/source_reconstruction/certified_hi_common_tabulated_v5.csv,explicit_frozen_radius,raw_HI_to_common_1p33,1.33,0,central_value_frozen; source_uncertainties_retained_upstream,validation/stationary/STATIONARY_HI_INTERPOLATION_CONTINUATION_POLICY_V1.md
NGC2903,calibration,4,1.6,7.18676178634,Sigma_neutral_1p33 = 1.33 * Sigma_HI_raw,tabulated,piecewise_linear,none,inner_continuation_only,1.4398966329,41.642445061,0,1,data/stationary/source_reconstruction/feasts2025_ngc2903_hi_profile_raw_v1.csv,data/stationary/source_reconstruction/certified_hi_common_tabulated_v5.csv,explicit_frozen_radius,raw_HI_to_common_1p33,1.33,0,central_value_frozen; source_uncertainties_retained_upstream,validation/stationary/STATIONARY_HI_INTERPOLATION_CONTINUATION_POLICY_V1.md
NGC2903,calibration,5,1.92,7.09826755956,Sigma_neutral_1p33 = 1.33 * Sigma_HI_raw,tabulated,piecewise_linear,none,inner_continuation_only,1.4398966329,41.642445061,0,1,data/stationary/source_reconstruction/feasts2025_ngc2903_hi_profile_raw_v1.csv,data/stationary/source_reconstruction/certified_hi_common_tabulated_v5.csv,explicit_frozen_radius,raw_HI_to_common_1p33,1.33,0,central_value_frozen; source_uncertainties_retained_upstream,validation/stationary/STATIONARY_HI_INTERPOLATION_CONTINUATION_POLICY_V1.md
NGC2903,calibration,6,2.24,7.00977333279,Sigma_neutral_1p33 = 1.33 * Sigma_HI_raw,tabulated,piecewise_linear,none,inner_continuation_only,1.4398966329,41.642445061,0,1,data/stationary/source_reconstruction/feasts2025_ngc2903_hi_profile_raw_v1.csv,data/stationary/source_reconstruction/certified_hi_common_tabulated_v5.csv,explicit_frozen_radius,raw_HI_to_common_1p33,1.33,0,central_value_frozen; source_uncertainties_retained_upstream,validation/stationary/STATIONARY_HI_INTERPOLATION_CONTINUATION_POLICY_V1.md
NGC2903,calibration,7,2.56,6.92127910602,Sigma_neutral_1p33 = 1.33 * Sigma_HI_raw,tabulated,piecewise_linear,none,inner_continuation_only,1.4398966329,41.642445061,0,1,data/stationary/source_reconstruction/feasts2025_ngc2903_hi_profile_raw_v1.csv,data/stationary/source_reconstruction/certified_hi_common_tabulated_v5.csv,explicit_frozen_radius,raw_HI_to_common_1p33,1.33,0,central_value_frozen; source_uncertainties_retained_upstream,validation/stationary/STATIONARY_HI_INTERPOLATION_CONTINUATION_POLICY_V1.md
NGC2903,calibration,8,2.88,6.83278487925,Sigma_neutral_1p33 = 1.33 * Sigma_HI_raw,tabulated,piecewise_linear,none,inner_continuation_only,1.4398966329,41.642445061,0,1,data/stationary/source_reconstruction/feasts2025_ngc2903_hi_profile_raw_v1.csv,data/stationary/source_reconstruction/certified_hi_common_tabulated_v5.csv,explicit_frozen_radius,raw_HI_to_common_1p33,1.33,0,central_value_frozen; source_uncertainties_retained_upstream,validation/stationary/STATIONARY_HI_INTERPOLATION_CONTINUATION_POLICY_V1.md
NGC2903,calibration,9,3.2,6.74429065248,Sigma_neutral_1p33 = 1.33 * Sigma_HI_raw,tabulated,piecewise_linear,none,inner_continuation_only,1.4398966329,41.642445061,0,1,data/stationary/source_reconstruction/feasts2025_ngc2903_hi_profile_raw_v1.csv,data/stationary/source_reconstruction/certified_hi_common_tabulated_v5.csv,explicit_frozen_radius,raw_HI_to_common_1p33,1.33,0,central_value_frozen; source_uncertainties_retained_upstream,validation/stationary/STATIONARY_HI_INTERPOLATION_CONTINUATION_POLICY_V1.md
NGC2903,calibration,10,3.52,6.64080112255,Sigma_neutral_1p33 = 1.33 * Sigma_HI_raw,tabulated,piecewise_linear,none,inner_continuation_only,1.4398966329,41.642445061,1,2,data/stationary/source_reconstruction/feasts2025_ngc2903_hi_profile_raw_v1.csv,data/stationary/source_reconstruction/certified_hi_common_tabulated_v5.csv,explicit_frozen_radius,raw_HI_to_common_1p33,1.33,0,central_value_frozen; source_uncertainties_retained_upstream,validation/stationary/STATIONARY_HI_INTERPOLATION_CONTINUATION_POLICY_V1.md
NGC2903,calibration,11,3.84,6.47448462947,Sigma_neutral_1p33 = 1.33 * Sigma_HI_raw,tabulated,piecewise_linear,none,inner_continuation_only,1.4398966329,41.642445061,1,2,data/stationary/source_reconstruction/feasts2025_ngc2903_hi_profile_raw_v1.csv,data/stationary/source_reconstruction/certified_hi_common_tabulated_v5.csv,explicit_frozen_radius,raw_HI_to_common_1p33,1.33,0,central_value_frozen; source_uncertainties_retained_upstream,validation/stationary/STATIONARY_HI_INTERPOLATION_CONTINUATION_POLICY_V1.md
NGC2903,calibration,12,4.8,5.98786920771,Sigma_neutral_1p33 = 1.33 * Sigma_HI_raw,tabulated,piecewise_linear,none,inner_continuation_only,1.4398966329,41.642445061,2,3,data/stationary/source_reconstruction/feasts2025_ngc2903_hi_profile_raw_v1.csv,data/stationary/source_reconstruction/certified_hi_common_tabulated_v5.csv,explicit_frozen_radius,raw_HI_to_common_1p33,1.33,0,central_value_frozen; source_uncertainties_retained_upstream,validation/stationary/STATIONARY_HI_INTERPOLATION_CONTINUATION_POLICY_V1.md
NGC2903,calibration,13,5.76,5.55307412453,Sigma_neutral_1p33 = 1.33 * Sigma_HI_raw,tabulated,piecewise_linear,none,inner_continuation_only,1.4398966329,41.642445061,2,3,data/stationary/source_reconstruction/feasts2025_ngc2903_hi_profile_raw_v1.csv,data/stationary/source_reconstruction/certified_hi_common_tabulated_v5.csv,explicit_frozen_radius,raw_HI_to_common_1p33,1.33,0,central_value_frozen; source_uncertainties_retained_upstream,validation/stationary/STATIONARY_HI_INTERPOLATION_CONTINUATION_POLICY_V1.md
NGC2903,calibration,14,6.72,5.05213563188,Sigma_neutral_1p33 = 1.33 * Sigma_HI_raw,tabulated,piecewise_linear,none,inner_continuation_only,1.4398966329,41.642445061,3,4,data/stationary/source_reconstruction/feasts2025_ngc2903_hi_profile_raw_v1.csv,data/stationary/source_reconstruction/certified_hi_common_tabulated_v5.csv,explicit_frozen_radius,raw_HI_to_common_1p33,1.33,0,central_value_frozen; source_uncertainties_retained_upstream,validation/stationary/STATIONARY_HI_INTERPOLATION_CONTINUATION_POLICY_V1.md
NGC2903,calibration,15,7.68,4.67419620065,Sigma_neutral_1p33 = 1.33 * Sigma_HI_raw,tabulated,piecewise_linear,none,inner_continuation_only,1.4398966329,41.642445061,4,5,data/stationary/source_reconstruction/feasts2025_ngc2903_hi_profile_raw_v1.csv,data/stationary/source_reconstruction/certified_hi_common_tabulated_v5.csv,explicit_frozen_radius,raw_HI_to_common_1p33,1.33,0,central_value_frozen; source_uncertainties_retained_upstream,validation/stationary/STATIONARY_HI_INTERPOLATION_CONTINUATION_POLICY_V1.md
NGC2903,calibration,16,8.64,4.28607595075,Sigma_neutral_1p33 = 1.33 * Sigma_HI_raw,tabulated,piecewise_linear,none,inner_continuation_only,1.4398966329,41.642445061,5,6,data/stationary/source_reconstruction/feasts2025_ngc2903_hi_profile_raw_v1.csv,data/stationary/source_reconstruction/certified_hi_common_tabulated_v5.csv,explicit_frozen_radius,raw_HI_to_common_1p33,1.33,0,central_value_frozen; source_uncertainties_retained_upstream,validation/stationary/STATIONARY_HI_INTERPOLATION_CONTINUATION_POLICY_V1.md
NGC2903,calibration,17,9.6,3.85842489834,Sigma_neutral_1p33 = 1.33 * Sigma_HI_raw,tabulated,piecewise_linear,none,inner_continuation_only,1.4398966329,41.642445061,6,7,data/stationary/source_reconstruction/feasts2025_ngc2903_hi_profile_raw_v1.csv,data/stationary/source_reconstruction/certified_hi_common_tabulated_v5.csv,explicit_frozen_radius,raw_HI_to_common_1p33,1.33,0,central_value_frozen; source_uncertainties_retained_upstream,validation/stationary/STATIONARY_HI_INTERPOLATION_CONTINUATION_POLICY_V1.md
NGC2903,calibration,18,10.56,3.44040028717,Sigma_neutral_1p33 = 1.33 * Sigma_HI_raw,tabulated,piecewise_linear,none,inner_continuation_only,1.4398966329,41.642445061,7,8,data/stationary/source_reconstruction/feasts2025_ngc2903_hi_profile_raw_v1.csv,data/stationary/source_reconstruction/certified_hi_common_tabulated_v5.csv,explicit_frozen_radius,raw_HI_to_common_1p33,1.33,0,central_value_frozen; source_uncertainties_retained_upstream,validation/stationary/STATIONARY_HI_INTERPOLATION_CONTINUATION_POLICY_V1.md
NGC2903,calibration,19,11.52,3.12723640774,Sigma_neutral_1p33 = 1.33 * Sigma_HI_raw,tabulated,piecewise_linear,none,inner_continuation_only,1.4398966329,41.642445061,7,8,data/stationary/source_reconstruction/feasts2025_ngc2903_hi_profile_raw_v1.csv,data/stationary/source_reconstruction/certified_hi_common_tabulated_v5.csv,explicit_frozen_radius,raw_HI_to_common_1p33,1.33,0,central_value_frozen; source_uncertainties_retained_upstream,validation/stationary/STATIONARY_HI_INTERPOLATION_CONTINUATION_POLICY_V1.md
NGC2903,calibration,20,12.48,2.72766358515,Sigma_neutral_1p33 = 1.33 * Sigma_HI_raw,tabulated,piecewise_linear,none,inner_continuation_only,1.4398966329,41.642445061,8,9,data/stationary/source_reconstruction/feasts2025_ngc2903_hi_profile_raw_v1.csv,data/stationary/source_reconstruction/certified_hi_common_tabulated_v5.csv,explicit_frozen_radius,raw_HI_to_common_1p33,1.33,0,central_value_frozen; source_uncertainties_retained_upstream,validation/stationary/STATIONARY_HI_INTERPOLATION_CONTINUATION_POLICY_V1.md
NGC2903,calibration,21,13.44,2.36677835832,Sigma_neutral_1p33 = 1.33 * Sigma_HI_raw,tabulated,piecewise_linear,none,inner_continuation_only,1.4398966329,41.642445061,9,10,data/stationary/source_reconstruction/feasts2025_ngc2903_hi_profile_raw_v1.csv,data/stationary/source_reconstruction/certified_hi_common_tabulated_v5.csv,explicit_frozen_radius,raw_HI_to_common_1p33,1.33,0,central_value_frozen; source_uncertainties_retained_upstream,validation/stationary/STATIONARY_HI_INTERPOLATION_CONTINUATION_POLICY_V1.md
NGC2903,calibration,22,14.4,2.02422346002,Sigma_neutral_1p33 = 1.33 * Sigma_HI_raw,tabulated,piecewise_linear,none,inner_continuation_only,1.4398966329,41.642445061,10,11,data/stationary/source_reconstruction/feasts2025_ngc2903_hi_profile_raw_v1.csv,data/stationary/source_reconstruction/certified_hi_common_tabulated_v5.csv,explicit_frozen_radius,raw_HI_to_common_1p33,1.33,0,central_value_frozen; source_uncertainties_retained_upstream,validation/stationary/STATIONARY_HI_INTERPOLATION_CONTINUATION_POLICY_V1.md
NGC2903,calibration,23,15.36,1.70317896184,Sigma_neutral_1p33 = 1.33 * Sigma_HI_raw,tabulated,piecewise_linear,none,inner_continuation_only,1.4398966329,41.642445061,11,12,data/stationary/source_reconstruction/feasts2025_ngc2903_hi_profile_raw_v1.csv,data/stationary/source_reconstruction/certified_hi_common_tabulated_v5.csv,explicit_frozen_radius,raw_HI_to_common_1p33,1.33,0,central_value_frozen; source_uncertainties_retained_upstream,validation/stationary/STATIONARY_HI_INTERPOLATION_CONTINUATION_POLICY_V1.md
NGC2903,calibration,24,16.32,1.42110526304,Sigma_neutral_1p33 = 1.33 * Sigma_HI_raw,tabulated,piecewise_linear,none,inner_continuation_only,1.4398966329,41.642445061,12,13,data/stationary/source_reconstruction/feasts2025_ngc2903_hi_profile_raw_v1.csv,data/stationary/source_reconstruction/certified_hi_common_tabulated_v5.csv,explicit_frozen_radius,raw_HI_to_common_1p33,1.33,0,central_value_frozen; source_uncertainties_retained_upstream,validation/stationary/STATIONARY_HI_INTERPOLATION_CONTINUATION_POLICY_V1.md
NGC2903,calibration,25,17.28,1.17151894033,Sigma_neutral_1p33 = 1.33 * Sigma_HI_raw,tabulated,piecewise_linear,none,inner_continuation_only,1.4398966329,41.642445061,12,13,data/stationary/source_reconstruction/feasts2025_ngc2903_hi_profile_raw_v1.csv,data/stationary/source_reconstruction/certified_hi_common_tabulated_v5.csv,explicit_frozen_radius,raw_HI_to_common_1p33,1.33,0,central_value_frozen; source_uncertainties_retained_upstream,validation/stationary/STATIONARY_HI_INTERPOLATION_CONTINUATION_POLICY_V1.md
NGC2903,calibration,26,18.24,0.957270594203,Sigma_neutral_1p33 = 1.33 * Sigma_HI_raw,tabulated,piecewise_linear,none,inner_continuation_only,1.4398966329,41.642445061,13,14,data/stationary/source_reconstruction/feasts2025_ngc2903_hi_profile_raw_v1.csv,data/stationary/source_reconstruction/certified_hi_common_tabulated_v5.csv,explicit_frozen_radius,raw_HI_to_common_1p33,1.33,0,central_value_frozen; source_uncertainties_retained_upstream,validation/stationary/STATIONARY_HI_INTERPOLATION_CONTINUATION_POLICY_V1.md
NGC2903,calibration,27,19.2,0.781641793731,Sigma_neutral_1p33 = 1.33 * Sigma_HI_raw,tabulated,piecewise_linear,none,inner_continuation_only,1.4398966329,41.642445061,14,15,data/stationary/source_reconstruction/feasts2025_ngc2903_hi_profile_raw_v1.csv,data/stationary/source_reconstruction/certified_hi_common_tabulated_v5.csv,explicit_frozen_radius,raw_HI_to_common_1p33,1.33,0,central_value_frozen; source_uncertainties_retained_upstream,validation/stationary/STATIONARY_HI_INTERPOLATION_CONTINUATION_POLICY_V1.md
NGC2903,calibration,28,20.16,0.628990238503,Sigma_neutral_1p33 = 1.33 * Sigma_HI_raw,tabulated,piecewise_linear,none,inner_continuation_only,1.4398966329,41.642445061,15,16,data/stationary/source_reconstruction/feasts2025_ngc2903_hi_profile_raw_v1.csv,data/stationary/source_reconstruction/certified_hi_common_tabulated_v5.csv,explicit_frozen_radius,raw_HI_to_common_1p33,1.33,0,central_value_frozen; source_uncertainties_retained_upstream,validation/stationary/STATIONARY_HI_INTERPOLATION_CONTINUATION_POLICY_V1.md
NGC2903,calibration,29,21.12,0.493425150167,Sigma_neutral_1p33 = 1.33 * Sigma_HI_raw,tabulated,piecewise_linear,none,inner_continuation_only,1.4398966329,41.642445061,16,17,data/stationary/source_reconstruction/feasts2025_ngc2903_hi_profile_raw_v1.csv,data/stationary/source_reconstruction/certified_hi_common_tabulated_v5.csv,explicit_frozen_radius,raw_HI_to_common_1p33,1.33,0,central_value_frozen; source_uncertainties_retained_upstream,validation/stationary/STATIONARY_HI_INTERPOLATION_CONTINUATION_POLICY_V1.md
NGC2903,calibration,30,22.08,0.379233414643,Sigma_neutral_1p33 = 1.33 * Sigma_HI_raw,tabulated,piecewise_linear,none,inner_continuation_only,1.4398966329,41.642445061,17,18,data/stationary/source_reconstruction/feasts2025_ngc2903_hi_profile_raw_v1.csv,data/stationary/source_reconstruction/certified_hi_common_tabulated_v5.csv,explicit_frozen_radius,raw_HI_to_common_1p33,1.33,0,central_value_frozen; source_uncertainties_retained_upstream,validation/stationary/STATIONARY_HI_INTERPOLATION_CONTINUATION_POLICY_V1.md
NGC2903,calibration,31,23.04,0.291278963204,Sigma_neutral_1p33 = 1.33 * Sigma_HI_raw,tabulated,piecewise_linear,none,inner_continuation_only,1.4398966329,41.642445061,17,18,data/stationary/source_reconstruction/feasts2025_ngc2903_hi_profile_raw_v1.csv,data/stationary/source_reconstruction/certified_hi_common_tabulated_v5.csv,explicit_frozen_radius,raw_HI_to_common_1p33,1.33,0,central_value_frozen; source_uncertainties_retained_upstream,validation/stationary/STATIONARY_HI_INTERPOLATION_CONTINUATION_POLICY_V1.md
NGC2903,calibration,32,24,0.223953621343,Sigma_neutral_1p33 = 1.33 * Sigma_HI_raw,tabulated,piecewise_linear,none,inner_continuation_only,1.4398966329,41.642445061,18,19,data/stationary/source_reconstruction/feasts2025_ngc2903_hi_profile_raw_v1.csv,data/stationary/source_reconstruction/certified_hi_common_tabulated_v5.csv,explicit_frozen_radius,raw_HI_to_common_1p33,1.33,0,central_value_frozen; source_uncertainties_retained_upstream,validation/stationary/STATIONARY_HI_INTERPOLATION_CONTINUATION_POLICY_V1.md
NGC2903,calibration,33,24.96,0.169514622751,Sigma_neutral_1p33 = 1.33 * Sigma_HI_raw,tabulated,piecewise_linear,none,inner_continuation_only,1.4398966329,41.642445061,19,20,data/stationary/source_reconstruction/feasts2025_ngc2903_hi_profile_raw_v1.csv,data/stationary/source_reconstruction/certified_hi_common_tabulated_v5.csv,explicit_frozen_radius,raw_HI_to_common_1p33,1.33,0,central_value_frozen; source_uncertainties_retained_upstream,validation/stationary/STATIONARY_HI_INTERPOLATION_CONTINUATION_POLICY_V1.md
NGC2976,calibration,0,0.11,6.55739607296,Sigma_neutral_1p33 = 1.33 * Sigma_HI_raw,tabulated,piecewise_linear,none,full_measured_support,0.0994444444444,3.08277777778,0,1,data/stationary/source_reconstruction/leroy2008_things_hi_profiles_v1.csv,data/stationary/source_reconstruction/certified_hi_common_tabulated_v5.csv,source_kpc_times_frozen_over_source_distance,source_includes_1p36_to_common_1p33,0.977941176471,0,central_value_frozen; source_uncertainties_retained_upstream,validation/stationary/STATIONARY_HI_INTERPOLATION_CONTINUATION_POLICY_V1.md
NGC2976,calibration,1,0.17,6.58689820901,Sigma_neutral_1p33 = 1.33 * Sigma_HI_raw,tabulated,piecewise_linear,none,full_measured_support,0.0994444444444,3.08277777778,0,1,data/stationary/source_reconstruction/leroy2008_things_hi_profiles_v1.csv,data/stationary/source_reconstruction/certified_hi_common_tabulated_v5.csv,source_kpc_times_frozen_over_source_distance,source_includes_1p36_to_common_1p33,0.977941176471,0,central_value_frozen; source_uncertainties_retained_upstream,validation/stationary/STATIONARY_HI_INTERPOLATION_CONTINUATION_POLICY_V1.md
NGC2976,calibration,2,0.24,6.62131736773,Sigma_neutral_1p33 = 1.33 * Sigma_HI_raw,tabulated,piecewise_linear,none,full_measured_support,0.0994444444444,3.08277777778,0,1,data/stationary/source_reconstruction/leroy2008_things_hi_profiles_v1.csv,data/stationary/source_reconstruction/certified_hi_common_tabulated_v5.csv,source_kpc_times_frozen_over_source_distance,source_includes_1p36_to_common_1p33,0.977941176471,0,central_value_frozen; source_uncertainties_retained_upstream,validation/stationary/STATIONARY_HI_INTERPOLATION_CONTINUATION_POLICY_V1.md
NGC2976,calibration,3,0.31,6.67294610582,Sigma_neutral_1p33 = 1.33 * Sigma_HI_raw,tabulated,piecewise_linear,none,full_measured_support,0.0994444444444,3.08277777778,1,2,data/stationary/source_reconstruction/leroy2008_things_hi_profiles_v1.csv,data/stationary/source_reconstruction/certified_hi_common_tabulated_v5.csv,source_kpc_times_frozen_over_source_distance,source_includes_1p36_to_common_1p33,0.977941176471,0,central_value_frozen; source_uncertainties_retained_upstream,validation/stationary/STATIONARY_HI_INTERPOLATION_CONTINUATION_POLICY_V1.md
NGC2976,calibration,4,0.38,6.81062274072,Sigma_neutral_1p33 = 1.33 * Sigma_HI_raw,tabulated,piecewise_linear,none,full_measured_support,0.0994444444444,3.08277777778,1,2,data/stationary/source_reconstruction/leroy2008_things_hi_profiles_v1.csv,data/stationary/source_reconstruction/certified_hi_common_tabulated_v5.csv,source_kpc_times_frozen_over_source_distance,source_includes_1p36_to_common_1p33,0.977941176471,0,central_value_frozen; source_uncertainties_retained_upstream,validation/stationary/STATIONARY_HI_INTERPOLATION_CONTINUATION_POLICY_V1.md
NGC2976,calibration,5,0.45,6.92262159054,Sigma_neutral_1p33 = 1.33 * Sigma_HI_raw,tabulated,piecewise_linear,none,full_measured_support,0.0994444444444,3.08277777778,2,3,data/stationary/source_reconstruction/leroy2008_things_hi_profiles_v1.csv,data/stationary/source_reconstruction/certified_hi_common_tabulated_v5.csv,source_kpc_times_frozen_over_source_distance,source_includes_1p36_to_common_1p33,0.977941176471,0,central_value_frozen; source_uncertainties_retained_upstream,validation/stationary/STATIONARY_HI_INTERPOLATION_CONTINUATION_POLICY_V1.md
NGC2976,calibration,6,0.52,7.02587906672,Sigma_neutral_1p33 = 1.33 * Sigma_HI_raw,tabulated,piecewise_linear,none,full_measured_support,0.0994444444444,3.08277777778,2,3,data/stationary/source_reconstruction/leroy2008_things_hi_profiles_v1.csv,data/stationary/source_reconstruction/certified_hi_common_tabulated_v5.csv,source_kpc_times_frozen_over_source_distance,source_includes_1p36_to_common_1p33,0.977941176471,0,central_value_frozen; source_uncertainties_retained_upstream,validation/stationary/STATIONARY_HI_INTERPOLATION_CONTINUATION_POLICY_V1.md
NGC2976,calibration,7,0.59,7.12913654289,Sigma_neutral_1p33 = 1.33 * Sigma_HI_raw,tabulated,piecewise_linear,none,full_measured_support,0.0994444444444,3.08277777778,2,3,data/stationary/source_reconstruction/leroy2008_things_hi_profiles_v1.csv,data/stationary/source_reconstruction/certified_hi_common_tabulated_v5.csv,source_kpc_times_frozen_over_source_distance,source_includes_1p36_to_common_1p33,0.977941176471,0,central_value_frozen; source_uncertainties_retained_upstream,validation/stationary/STATIONARY_HI_INTERPOLATION_CONTINUATION_POLICY_V1.md
NGC2976,calibration,8,0.66,7.20125287546,Sigma_neutral_1p33 = 1.33 * Sigma_HI_raw,tabulated,piecewise_linear,none,full_measured_support,0.0994444444444,3.08277777778,3,4,data/stationary/source_reconstruction/leroy2008_things_hi_profiles_v1.csv,data/stationary/source_reconstruction/certified_hi_common_tabulated_v5.csv,source_kpc_times_frozen_over_source_distance,source_includes_1p36_to_common_1p33,0.977941176471,0,central_value_frozen; source_uncertainties_retained_upstream,validation/stationary/STATIONARY_HI_INTERPOLATION_CONTINUATION_POLICY_V1.md
NGC2976,calibration,9,0.73,7.2700911929,Sigma_neutral_1p33 = 1.33 * Sigma_HI_raw,tabulated,piecewise_linear,none,full_measured_support,0.0994444444444,3.08277777778,3,4,data/stationary/source_reconstruction/leroy2008_things_hi_profiles_v1.csv,data/stationary/source_reconstruction/certified_hi_common_tabulated_v5.csv,source_kpc_times_frozen_over_source_distance,source_includes_1p36_to_common_1p33,0.977941176471,0,central_value_frozen; source_uncertainties_retained_upstream,validation/stationary/STATIONARY_HI_INTERPOLATION_CONTINUATION_POLICY_V1.md
NGC2976,calibration,10,0.8,7.34111485376,Sigma_neutral_1p33 = 1.33 * Sigma_HI_raw,tabulated,piecewise_linear,none,full_measured_support,0.0994444444444,3.08277777778,4,5,data/stationary/source_reconstruction/leroy2008_things_hi_profiles_v1.csv,data/stationary/source_reconstruction/certified_hi_common_tabulated_v5.csv,source_kpc_times_frozen_over_source_distance,source_includes_1p36_to_common_1p33,0.977941176471,0,central_value_frozen; source_uncertainties_retained_upstream,validation/stationary/STATIONARY_HI_INTERPOLATION_CONTINUATION_POLICY_V1.md
NGC2976,calibration,11,0.87,7.44437232994,Sigma_neutral_1p33 = 1.33 * Sigma_HI_raw,tabulated,piecewise_linear,none,full_measured_support,0.0994444444444,3.08277777778,4,5,data/stationary/source_reconstruction/leroy2008_things_hi_profiles_v1.csv,data/stationary/source_reconstruction/certified_hi_common_tabulated_v5.csv,source_kpc_times_frozen_over_source_distance,source_includes_1p36_to_common_1p33,0.977941176471,0,central_value_frozen; source_uncertainties_retained_upstream,validation/stationary/STATIONARY_HI_INTERPOLATION_CONTINUATION_POLICY_V1.md
NGC2976,calibration,12,0.94,7.54762980611,Sigma_neutral_1p33 = 1.33 * Sigma_HI_raw,tabulated,piecewise_linear,none,full_measured_support,0.0994444444444,3.08277777778,4,5,data/stationary/source_reconstruction/leroy2008_things_hi_profiles_v1.csv,data/stationary/source_reconstruction/certified_hi_common_tabulated_v5.csv,source_kpc_times_frozen_over_source_distance,source_includes_1p36_to_common_1p33,0.977941176471,0,central_value_frozen; source_uncertainties_retained_upstream,validation/stationary/STATIONARY_HI_INTERPOLATION_CONTINUATION_POLICY_V1.md
NGC2976,calibration,13,1.01,7.64323858035,Sigma_neutral_1p33 = 1.33 * Sigma_HI_raw,tabulated,piecewise_linear,none,full_measured_support,0.0994444444444,3.08277777778,5,6,data/stationary/source_reconstruction/leroy2008_things_hi_profiles_v1.csv,data/stationary/source_reconstruction/certified_hi_common_tabulated_v5.csv,source_kpc_times_frozen_over_source_distance,source_includes_1p36_to_common_1p33,0.977941176471,0,central_value_frozen; source_uncertainties_retained_upstream,validation/stationary/STATIONARY_HI_INTERPOLATION_CONTINUATION_POLICY_V1.md
NGC2976,calibration,14,1.08,7.7120768978,Sigma_neutral_1p33 = 1.33 * Sigma_HI_raw,tabulated,piecewise_linear,none,full_measured_support,0.0994444444444,3.08277777778,5,6,data/stationary/source_reconstruction/leroy2008_things_hi_profiles_v1.csv,data/stationary/source_reconstruction/certified_hi_common_tabulated_v5.csv,source_kpc_times_frozen_over_source_distance,source_includes_1p36_to_common_1p33,0.977941176471,0,central_value_frozen; source_uncertainties_retained_upstream,validation/stationary/STATIONARY_HI_INTERPOLATION_CONTINUATION_POLICY_V1.md
NGC2976,calibration,15,1.14,7.70306235623,Sigma_neutral_1p33 = 1.33 * Sigma_HI_raw,tabulated,piecewise_linear,none,full_measured_support,0.0994444444444,3.08277777778,6,7,data/stationary/source_reconstruction/leroy2008_things_hi_profiles_v1.csv,data/stationary/source_reconstruction/certified_hi_common_tabulated_v5.csv,source_kpc_times_frozen_over_source_distance,source_includes_1p36_to_common_1p33,0.977941176471,0,central_value_frozen; source_uncertainties_retained_upstream,validation/stationary/STATIONARY_HI_INTERPOLATION_CONTINUATION_POLICY_V1.md
NGC2976,calibration,16,1.21,7.6686431975,Sigma_neutral_1p33 = 1.33 * Sigma_HI_raw,tabulated,piecewise_linear,none,full_measured_support,0.0994444444444,3.08277777778,6,7,data/stationary/source_reconstruction/leroy2008_things_hi_profiles_v1.csv,data/stationary/source_reconstruction/certified_hi_common_tabulated_v5.csv,source_kpc_times_frozen_over_source_distance,source_includes_1p36_to_common_1p33,0.977941176471,0,central_value_frozen; source_uncertainties_retained_upstream,validation/stationary/STATIONARY_HI_INTERPOLATION_CONTINUATION_POLICY_V1.md
NGC2976,calibration,17,1.29,7.6293070161,Sigma_neutral_1p33 = 1.33 * Sigma_HI_raw,tabulated,piecewise_linear,none,full_measured_support,0.0994444444444,3.08277777778,6,7,data/stationary/source_reconstruction/leroy2008_things_hi_profiles_v1.csv,data/stationary/source_reconstruction/certified_hi_common_tabulated_v5.csv,source_kpc_times_frozen_over_source_distance,source_includes_1p36_to_common_1p33,0.977941176471,0,central_value_frozen; source_uncertainties_retained_upstream,validation/stationary/STATIONARY_HI_INTERPOLATION_CONTINUATION_POLICY_V1.md
NGC2976,calibration,18,1.35,7.51539599081,Sigma_neutral_1p33 = 1.33 * Sigma_HI_raw,tabulated,piecewise_linear,none,full_measured_support,0.0994444444444,3.08277777778,7,8,data/stationary/source_reconstruction/leroy2008_things_hi_profiles_v1.csv,data/stationary/source_reconstruction/certified_hi_common_tabulated_v5.csv,source_kpc_times_frozen_over_source_distance,source_includes_1p36_to_common_1p33,0.977941176471,0,central_value_frozen; source_uncertainties_retained_upstream,validation/stationary/STATIONARY_HI_INTERPOLATION_CONTINUATION_POLICY_V1.md
NGC2976,calibration,19,1.42,7.37771935591,Sigma_neutral_1p33 = 1.33 * Sigma_HI_raw,tabulated,piecewise_linear,none,full_measured_support,0.0994444444444,3.08277777778,7,8,data/stationary/source_reconstruction/leroy2008_things_hi_profiles_v1.csv,data/stationary/source_reconstruction/certified_hi_common_tabulated_v5.csv,source_kpc_times_frozen_over_source_distance,source_includes_1p36_to_common_1p33,0.977941176471,0,central_value_frozen; source_uncertainties_retained_upstream,validation/stationary/STATIONARY_HI_INTERPOLATION_CONTINUATION_POLICY_V1.md
NGC2976,calibration,20,1.49,7.24004272101,Sigma_neutral_1p33 = 1.33 * Sigma_HI_raw,tabulated,piecewise_linear,none,full_measured_support,0.0994444444444,3.08277777778,7,8,data/stationary/source_reconstruction/leroy2008_things_hi_profiles_v1.csv,data/stationary/source_reconstruction/certified_hi_common_tabulated_v5.csv,source_kpc_times_frozen_over_source_distance,source_includes_1p36_to_common_1p33,0.977941176471,0,central_value_frozen; source_uncertainties_retained_upstream,validation/stationary/STATIONARY_HI_INTERPOLATION_CONTINUATION_POLICY_V1.md
NGC2976,calibration,21,1.56,7.00156712127,Sigma_neutral_1p33 = 1.33 * Sigma_HI_raw,tabulated,piecewise_linear,none,full_measured_support,0.0994444444444,3.08277777778,8,9,data/stationary/source_reconstruction/leroy2008_things_hi_profiles_v1.csv,data/stationary/source_reconstruction/certified_hi_common_tabulated_v5.csv,source_kpc_times_frozen_over_source_distance,source_includes_1p36_to_common_1p33,0.977941176471,0,central_value_frozen; source_uncertainties_retained_upstream,validation/stationary/STATIONARY_HI_INTERPOLATION_CONTINUATION_POLICY_V1.md
NGC2976,calibration,22,1.63,6.76063301018,Sigma_neutral_1p33 = 1.33 * Sigma_HI_raw,tabulated,piecewise_linear,none,full_measured_support,0.0994444444444,3.08277777778,8,9,data/stationary/source_reconstruction/leroy2008_things_hi_profiles_v1.csv,data/stationary/source_reconstruction/certified_hi_common_tabulated_v5.csv,source_kpc_times_frozen_over_source_distance,source_includes_1p36_to_common_1p33,0.977941176471,0,central_value_frozen; source_uncertainties_retained_upstream,validation/stationary/STATIONARY_HI_INTERPOLATION_CONTINUATION_POLICY_V1.md
NGC2976,calibration,23,1.74,6.11459086426,Sigma_neutral_1p33 = 1.33 * Sigma_HI_raw,tabulated,piecewise_linear,none,full_measured_support,0.0994444444444,3.08277777778,9,10,data/stationary/source_reconstruction/leroy2008_things_hi_profiles_v1.csv,data/stationary/source_reconstruction/certified_hi_common_tabulated_v5.csv,source_kpc_times_frozen_over_source_distance,source_includes_1p36_to_common_1p33,0.977941176471,0,central_value_frozen; source_uncertainties_retained_upstream,validation/stationary/STATIONARY_HI_INTERPOLATION_CONTINUATION_POLICY_V1.md
NGC2976,calibration,24,1.93,4.98367564904,Sigma_neutral_1p33 = 1.33 * Sigma_HI_raw,tabulated,piecewise_linear,none,full_measured_support,0.0994444444444,3.08277777778,10,11,data/stationary/source_reconstruction/leroy2008_things_hi_profiles_v1.csv,data/stationary/source_reconstruction/certified_hi_common_tabulated_v5.csv,source_kpc_times_frozen_over_source_distance,source_includes_1p36_to_common_1p33,0.977941176471,0,central_value_frozen; source_uncertainties_retained_upstream,validation/stationary/STATIONARY_HI_INTERPOLATION_CONTINUATION_POLICY_V1.md
NGC2976,calibration,25,2.1,4.14778179429,Sigma_neutral_1p33 = 1.33 * Sigma_HI_raw,tabulated,piecewise_linear,none,full_measured_support,0.0994444444444,3.08277777778,11,12,data/stationary/source_reconstruction/leroy2008_things_hi_profiles_v1.csv,data/stationary/source_reconstruction/certified_hi_common_tabulated_v5.csv,source_kpc_times_frozen_over_source_distance,source_includes_1p36_to_common_1p33,0.977941176471,0,central_value_frozen; source_uncertainties_retained_upstream,validation/stationary/STATIONARY_HI_INTERPOLATION_CONTINUATION_POLICY_V1.md
NGC2976,calibration,26,2.27,3.39274564576,Sigma_neutral_1p33 = 1.33 * Sigma_HI_raw,tabulated,piecewise_linear,none,full_measured_support,0.0994444444444,3.08277777778,12,13,data/stationary/source_reconstruction/leroy2008_things_hi_profiles_v1.csv,data/stationary/source_reconstruction/certified_hi_common_tabulated_v5.csv,source_kpc_times_frozen_over_source_distance,source_includes_1p36_to_common_1p33,0.977941176471,0,central_value_frozen; source_uncertainties_retained_upstream,validation/stationary/STATIONARY_HI_INTERPOLATION_CONTINUATION_POLICY_V1.md
NGC3198,calibration,0,0.32,3.89220588235,Sigma_neutral_1p33 = 1.33 * Sigma_HI_raw,tabulated,piecewise_linear,none,outer_continuation_only,0.3,15.1,0,1,data/stationary/source_reconstruction/leroy2008_things_hi_profiles_v1.csv,data/stationary/source_reconstruction/certified_hi_common_tabulated_v5.csv,source_kpc_times_frozen_over_source_distance,source_includes_1p36_to_common_1p33,0.977941176471,0,central_value_frozen; source_uncertainties_retained_upstream,validation/stationary/STATIONARY_HI_INTERPOLATION_CONTINUATION_POLICY_V1.md
NGC3198,calibration,1,0.64,3.57926470588,Sigma_neutral_1p33 = 1.33 * Sigma_HI_raw,tabulated,piecewise_linear,none,outer_continuation_only,0.3,15.1,0,1,data/stationary/source_reconstruction/leroy2008_things_hi_profiles_v1.csv,data/stationary/source_reconstruction/certified_hi_common_tabulated_v5.csv,source_kpc_times_frozen_over_source_distance,source_includes_1p36_to_common_1p33,0.977941176471,0,central_value_frozen; source_uncertainties_retained_upstream,validation/stationary/STATIONARY_HI_INTERPOLATION_CONTINUATION_POLICY_V1.md
NGC3198,calibration,2,0.96,3.26632352941,Sigma_neutral_1p33 = 1.33 * Sigma_HI_raw,tabulated,piecewise_linear,none,outer_continuation_only,0.3,15.1,0,1,data/stationary/source_reconstruction/leroy2008_things_hi_profiles_v1.csv,data/stationary/source_reconstruction/certified_hi_common_tabulated_v5.csv,source_kpc_times_frozen_over_source_distance,source_includes_1p36_to_common_1p33,0.977941176471,0,central_value_frozen; source_uncertainties_retained_upstream,validation/stationary/STATIONARY_HI_INTERPOLATION_CONTINUATION_POLICY_V1.md
NGC3198,calibration,3,1.28,3.34455882353,Sigma_neutral_1p33 = 1.33 * Sigma_HI_raw,tabulated,piecewise_linear,none,outer_continuation_only,0.3,15.1,1,2,data/stationary/source_reconstruction/leroy2008_things_hi_profiles_v1.csv,data/stationary/source_reconstruction/certified_hi_common_tabulated_v5.csv,source_kpc_times_frozen_over_source_distance,source_includes_1p36_to_common_1p33,0.977941176471,0,central_value_frozen; source_uncertainties_retained_upstream,validation/stationary/STATIONARY_HI_INTERPOLATION_CONTINUATION_POLICY_V1.md
NGC3198,calibration,4,1.61,3.48286764706,Sigma_neutral_1p33 = 1.33 * Sigma_HI_raw,tabulated,piecewise_linear,none,outer_continuation_only,0.3,15.1,1,2,data/stationary/source_reconstruction/leroy2008_things_hi_profiles_v1.csv,data/stationary/source_reconstruction/certified_hi_common_tabulated_v5.csv,source_kpc_times_frozen_over_source_distance,source_includes_1p36_to_common_1p33,0.977941176471,0,central_value_frozen; source_uncertainties_retained_upstream,validation/stationary/STATIONARY_HI_INTERPOLATION_CONTINUATION_POLICY_V1.md
NGC3198,calibration,5,1.93,3.70802696079,Sigma_neutral_1p33 = 1.33 * Sigma_HI_raw,tabulated,piecewise_linear,none,outer_continuation_only,0.3,15.1,2,3,data/stationary/source_reconstruction/leroy2008_things_hi_profiles_v1.csv,data/stationary/source_reconstruction/certified_hi_common_tabulated_v5.csv,source_kpc_times_frozen_over_source_distance,source_includes_1p36_to_common_1p33,0.977941176471,0,central_value_frozen; source_uncertainties_retained_upstream,validation/stationary/STATIONARY_HI_INTERPOLATION_CONTINUATION_POLICY_V1.md
NGC3198,calibration,6,2.24,3.96066176471,Sigma_neutral_1p33 = 1.33 * Sigma_HI_raw,tabulated,piecewise_linear,none,outer_continuation_only,0.3,15.1,2,3,data/stationary/source_reconstruction/leroy2008_things_hi_profiles_v1.csv,data/stationary/source_reconstruction/certified_hi_common_tabulated_v5.csv,source_kpc_times_frozen_over_source_distance,source_includes_1p36_to_common_1p33,0.977941176471,0,central_value_frozen; source_uncertainties_retained_upstream,validation/stationary/STATIONARY_HI_INTERPOLATION_CONTINUATION_POLICY_V1.md
NGC3198,calibration,7,2.57,4.31132352941,Sigma_neutral_1p33 = 1.33 * Sigma_HI_raw,tabulated,piecewise_linear,none,outer_continuation_only,0.3,15.1,3,4,data/stationary/source_reconstruction/leroy2008_things_hi_profiles_v1.csv,data/stationary/source_reconstruction/certified_hi_common_tabulated_v5.csv,source_kpc_times_frozen_over_source_distance,source_includes_1p36_to_common_1p33,0.977941176471,0,central_value_frozen; source_uncertainties_retained_upstream,validation/stationary/STATIONARY_HI_INTERPOLATION_CONTINUATION_POLICY_V1.md
NGC3198,calibration,8,2.89,4.66897058824,Sigma_neutral_1p33 = 1.33 * Sigma_HI_raw,tabulated,piecewise_linear,none,outer_continuation_only,0.3,15.1,3,4,data/stationary/source_reconstruction/leroy2008_things_hi_profiles_v1.csv,data/stationary/source_reconstruction/certified_hi_common_tabulated_v5.csv,source_kpc_times_frozen_over_source_distance,source_includes_1p36_to_common_1p33,0.977941176471,0,central_value_frozen; source_uncertainties_retained_upstream,validation/stationary/STATIONARY_HI_INTERPOLATION_CONTINUATION_POLICY_V1.md
NGC3198,calibration,9,3.21,5.08529411765,Sigma_neutral_1p33 = 1.33 * Sigma_HI_raw,tabulated,piecewise_linear,none,outer_continuation_only,0.3,15.1,4,5,data/stationary/source_reconstruction/leroy2008_things_hi_profiles_v1.csv,data/stationary/source_reconstruction/certified_hi_common_tabulated_v5.csv,source_kpc_times_frozen_over_source_distance,source_includes_1p36_to_common_1p33,0.977941176471,0,central_value_frozen; source_uncertainties_retained_upstream,validation/stationary/STATIONARY_HI_INTERPOLATION_CONTINUATION_POLICY_V1.md
NGC3198,calibration,10,3.54,5.54632352942,Sigma_neutral_1p33 = 1.33 * Sigma_HI_raw,tabulated,piecewise_linear,none,outer_continuation_only,0.3,15.1,4,5,data/stationary/source_reconstruction/leroy2008_things_hi_profiles_v1.csv,data/stationary/source_reconstruction/certified_hi_common_tabulated_v5.csv,source_kpc_times_frozen_over_source_distance,source_includes_1p36_to_common_1p33,0.977941176471,0,central_value_frozen; source_uncertainties_retained_upstream,validation/stationary/STATIONARY_HI_INTERPOLATION_CONTINUATION_POLICY_V1.md
NGC3198,calibration,11,3.85,5.84319852941,Sigma_neutral_1p33 = 1.33 * Sigma_HI_raw,tabulated,piecewise_linear,none,outer_continuation_only,0.3,15.1,5,6,data/stationary/source_reconstruction/leroy2008_things_hi_profiles_v1.csv,data/stationary/source_reconstruction/certified_hi_common_tabulated_v5.csv,source_kpc_times_frozen_over_source_distance,source_includes_1p36_to_common_1p33,0.977941176471,0,central_value_frozen; source_uncertainties_retained_upstream,validation/stationary/STATIONARY_HI_INTERPOLATION_CONTINUATION_POLICY_V1.md
NGC3198,calibration,12,4.17,5.99966911765,Sigma_neutral_1p33 = 1.33 * Sigma_HI_raw,tabulated,piecewise_linear,none,outer_continuation_only,0.3,15.1,5,6,data/stationary/source_reconstruction/leroy2008_things_hi_profiles_v1.csv,data/stationary/source_reconstruction/certified_hi_common_tabulated_v5.csv,source_kpc_times_frozen_over_source_distance,source_includes_1p36_to_common_1p33,0.977941176471,0,central_value_frozen; source_uncertainties_retained_upstream,validation/stationary/STATIONARY_HI_INTERPOLATION_CONTINUATION_POLICY_V1.md
NGC3198,calibration,13,4.5,6.09117647059,Sigma_neutral_1p33 = 1.33 * Sigma_HI_raw,tabulated,piecewise_linear,none,outer_continuation_only,0.3,15.1,6,7,data/stationary/source_reconstruction/leroy2008_things_hi_profiles_v1.csv,data/stationary/source_reconstruction/certified_hi_common_tabulated_v5.csv,source_kpc_times_frozen_over_source_distance,source_includes_1p36_to_common_1p33,0.977941176471,0,central_value_frozen; source_uncertainties_retained_upstream,validation/stationary/STATIONARY_HI_INTERPOLATION_CONTINUATION_POLICY_V1.md
NGC3198,calibration,14,4.82,6.13588235295,Sigma_neutral_1p33 = 1.33 * Sigma_HI_raw,tabulated,piecewise_linear,none,outer_continuation_only,0.3,15.1,6,7,data/stationary/source_reconstruction/leroy2008_things_hi_profiles_v1.csv,data/stationary/source_reconstruction/certified_hi_common_tabulated_v5.csv,source_kpc_times_frozen_over_source_distance,source_includes_1p36_to_common_1p33,0.977941176471,0,central_value_frozen; source_uncertainties_retained_upstream,validation/stationary/STATIONARY_HI_INTERPOLATION_CONTINUATION_POLICY_V1.md
NGC3198,calibration,15,5.15,6.20294117648,Sigma_neutral_1p33 = 1.33 * Sigma_HI_raw,tabulated,piecewise_linear,none,outer_continuation_only,0.3,15.1,7,8,data/stationary/source_reconstruction/leroy2008_things_hi_profiles_v1.csv,data/stationary/source_reconstruction/certified_hi_common_tabulated_v5.csv,source_kpc_times_frozen_over_source_distance,source_includes_1p36_to_common_1p33,0.977941176471,0,central_value_frozen; source_uncertainties_retained_upstream,validation/stationary/STATIONARY_HI_INTERPOLATION_CONTINUATION_POLICY_V1.md
NGC3198,calibration,16,5.46,6.28955882353,Sigma_neutral_1p33 = 1.33 * Sigma_HI_raw,tabulated,piecewise_linear,none,outer_continuation_only,0.3,15.1,7,8,data/stationary/source_reconstruction/leroy2008_things_hi_profiles_v1.csv,data/stationary/source_reconstruction/certified_hi_common_tabulated_v5.csv,source_kpc_times_frozen_over_source_distance,source_includes_1p36_to_common_1p33,0.977941176471,0,central_value_frozen; source_uncertainties_retained_upstream,validation/stationary/STATIONARY_HI_INTERPOLATION_CONTINUATION_POLICY_V1.md
NGC3198,calibration,17,5.78,6.36779411765,Sigma_neutral_1p33 = 1.33 * Sigma_HI_raw,tabulated,piecewise_linear,none,outer_continuation_only,0.3,15.1,8,9,data/stationary/source_reconstruction/leroy2008_things_hi_profiles_v1.csv,data/stationary/source_reconstruction/certified_hi_common_tabulated_v5.csv,source_kpc_times_frozen_over_source_distance,source_includes_1p36_to_common_1p33,0.977941176471,0,central_value_frozen; source_uncertainties_retained_upstream,validation/stationary/STATIONARY_HI_INTERPOLATION_CONTINUATION_POLICY_V1.md
NGC3198,calibration,18,6.1,6.4125,Sigma_neutral_1p33 = 1.33 * Sigma_HI_raw,tabulated,piecewise_linear,none,outer_continuation_only,0.3,15.1,8,9,data/stationary/source_reconstruction/leroy2008_things_hi_profiles_v1.csv,data/stationary/source_reconstruction/certified_hi_common_tabulated_v5.csv,source_kpc_times_frozen_over_source_distance,source_includes_1p36_to_common_1p33,0.977941176471,0,central_value_frozen; source_uncertainties_retained_upstream,validation/stationary/STATIONARY_HI_INTERPOLATION_CONTINUATION_POLICY_V1.md
NGC3198,calibration,19,6.43,6.45441176471,Sigma_neutral_1p33 = 1.33 * Sigma_HI_raw,tabulated,piecewise_linear,none,outer_continuation_only,0.3,15.1,9,10,data/stationary/source_reconstruction/leroy2008_things_hi_profiles_v1.csv,data/stationary/source_reconstruction/certified_hi_common_tabulated_v5.csv,source_kpc_times_frozen_over_source_distance,source_includes_1p36_to_common_1p33,0.977941176471,0,central_value_frozen; source_uncertainties_retained_upstream,validation/stationary/STATIONARY_HI_INTERPOLATION_CONTINUATION_POLICY_V1.md
NGC3198,calibration,20,6.74,6.45441176471,Sigma_neutral_1p33 = 1.33 * Sigma_HI_raw,tabulated,piecewise_linear,none,outer_continuation_only,0.3,15.1,9,10,data/stationary/source_reconstruction/leroy2008_things_hi_profiles_v1.csv,data/stationary/source_reconstruction/certified_hi_common_tabulated_v5.csv,source_kpc_times_frozen_over_source_distance,source_includes_1p36_to_common_1p33,0.977941176471,0,central_value_frozen; source_uncertainties_retained_upstream,validation/stationary/STATIONARY_HI_INTERPOLATION_CONTINUATION_POLICY_V1.md
NGC3198,calibration,21,7.06,6.46279411765,Sigma_neutral_1p33 = 1.33 * Sigma_HI_raw,tabulated,piecewise_linear,none,outer_continuation_only,0.3,15.1,10,11,data/stationary/source_reconstruction/leroy2008_things_hi_profiles_v1.csv,data/stationary/source_reconstruction/certified_hi_common_tabulated_v5.csv,source_kpc_times_frozen_over_source_distance,source_includes_1p36_to_common_1p33,0.977941176471,0,central_value_frozen; source_uncertainties_retained_upstream,validation/stationary/STATIONARY_HI_INTERPOLATION_CONTINUATION_POLICY_V1.md
NGC3198,calibration,22,8.04,6.59970588236,Sigma_neutral_1p33 = 1.33 * Sigma_HI_raw,tabulated,piecewise_linear,none,outer_continuation_only,0.3,15.1,11,12,data/stationary/source_reconstruction/leroy2008_things_hi_profiles_v1.csv,data/stationary/source_reconstruction/certified_hi_common_tabulated_v5.csv,source_kpc_times_frozen_over_source_distance,source_includes_1p36_to_common_1p33,0.977941176471,0,central_value_frozen; source_uncertainties_retained_upstream,validation/stationary/STATIONARY_HI_INTERPOLATION_CONTINUATION_POLICY_V1.md
NGC3198,calibration,23,9.04,6.84000000001,Sigma_neutral_1p33 = 1.33 * Sigma_HI_raw,tabulated,piecewise_linear,none,outer_continuation_only,0.3,15.1,13,14,data/stationary/source_reconstruction/leroy2008_things_hi_profiles_v1.csv,data/stationary/source_reconstruction/certified_hi_common_tabulated_v5.csv,source_kpc_times_frozen_over_source_distance,source_includes_1p36_to_common_1p33,0.977941176471,0,central_value_frozen; source_uncertainties_retained_upstream,validation/stationary/STATIONARY_HI_INTERPOLATION_CONTINUATION_POLICY_V1.md
NGC3198,calibration,24,10.04,6.51029411765,Sigma_neutral_1p33 = 1.33 * Sigma_HI_raw,tabulated,piecewise_linear,none,outer_continuation_only,0.3,15.1,14,15,data/stationary/source_reconstruction/leroy2008_things_hi_profiles_v1.csv,data/stationary/source_reconstruction/certified_hi_common_tabulated_v5.csv,source_kpc_times_frozen_over_source_distance,source_includes_1p36_to_common_1p33,0.977941176471,0,central_value_frozen; source_uncertainties_retained_upstream,validation/stationary/STATIONARY_HI_INTERPOLATION_CONTINUATION_POLICY_V1.md
NGC3198,calibration,25,11.04,5.88441176471,Sigma_neutral_1p33 = 1.33 * Sigma_HI_raw,tabulated,piecewise_linear,none,outer_continuation_only,0.3,15.1,16,17,data/stationary/source_reconstruction/leroy2008_things_hi_profiles_v1.csv,data/stationary/source_reconstruction/certified_hi_common_tabulated_v5.csv,source_kpc_times_frozen_over_source_distance,source_includes_1p36_to_common_1p33,0.977941176471,0,central_value_frozen; source_uncertainties_retained_upstream,validation/stationary/STATIONARY_HI_INTERPOLATION_CONTINUATION_POLICY_V1.md
NGC3198,calibration,26,12.05,6.20992647059,Sigma_neutral_1p33 = 1.33 * Sigma_HI_raw,tabulated,piecewise_linear,none,outer_continuation_only,0.3,15.1,17,18,data/stationary/source_reconstruction/leroy2008_things_hi_profiles_v1.csv,data/stationary/source_reconstruction/certified_hi_common_tabulated_v5.csv,source_kpc_times_frozen_over_source_distance,source_includes_1p36_to_common_1p33,0.977941176471,0,central_value_frozen; source_uncertainties_retained_upstream,validation/stationary/STATIONARY_HI_INTERPOLATION_CONTINUATION_POLICY_V1.md
NGC3198,calibration,27,14.05,4.74301470588,Sigma_neutral_1p33 = 1.33 * Sigma_HI_raw,tabulated,piecewise_linear,none,outer_continuation_only,0.3,15.1,20,21,data/stationary/source_reconstruction/leroy2008_things_hi_profiles_v1.csv,data/stationary/source_reconstruction/certified_hi_common_tabulated_v5.csv,source_kpc_times_frozen_over_source_distance,source_includes_1p36_to_common_1p33,0.977941176471,0,central_value_frozen; source_uncertainties_retained_upstream,validation/stationary/STATIONARY_HI_INTERPOLATION_CONTINUATION_POLICY_V1.md
NGC3198,calibration,28,16.07,0,Sigma_neutral_1p33 = 1.33 * Sigma_HI_raw,tabulated,outer_zero,outer,outer_continuation_only,0.3,15.1,22,22,data/stationary/source_reconstruction/leroy2008_things_hi_profiles_v1.csv,data/stationary/source_reconstruction/certified_hi_common_tabulated_v5.csv,source_kpc_times_frozen_over_source_distance,source_includes_1p36_to_common_1p33,0.977941176471,0,central_value_frozen; source_uncertainties_retained_upstream,validation/stationary/STATIONARY_HI_INTERPOLATION_CONTINUATION_POLICY_V1.md
NGC3198,calibration,29,18.13,0,Sigma_neutral_1p33 = 1.33 * Sigma_HI_raw,tabulated,outer_zero,outer,outer_continuation_only,0.3,15.1,22,22,data/stationary/source_reconstruction/leroy2008_things_hi_profiles_v1.csv,data/stationary/source_reconstruction/certified_hi_common_tabulated_v5.csv,source_kpc_times_frozen_over_source_distance,source_includes_1p36_to_common_1p33,0.977941176471,0,central_value_frozen; source_uncertainties_retained_upstream,validation/stationary/STATIONARY_HI_INTERPOLATION_CONTINUATION_POLICY_V1.md
NGC3198,calibration,30,20.05,0,Sigma_neutral_1p33 = 1.33 * Sigma_HI_raw,tabulated,outer_zero,outer,outer_continuation_only,0.3,15.1,22,22,data/stationary/source_reconstruction/leroy2008_things_hi_profiles_v1.csv,data/stationary/source_reconstruction/certified_hi_common_tabulated_v5.csv,source_kpc_times_frozen_over_source_distance,source_includes_1p36_to_common_1p33,0.977941176471,0,central_value_frozen; source_uncertainties_retained_upstream,validation/stationary/STATIONARY_HI_INTERPOLATION_CONTINUATION_POLICY_V1.md
NGC3198,calibration,31,22.12,0,Sigma_neutral_1p33 = 1.33 * Sigma_HI_raw,tabulated,outer_zero,outer,outer_continuation_only,0.3,15.1,22,22,data/stationary/source_reconstruction/leroy2008_things_hi_profiles_v1.csv,data/stationary/source_reconstruction/certified_hi_common_tabulated_v5.csv,source_kpc_times_frozen_over_source_distance,source_includes_1p36_to_common_1p33,0.977941176471,0,central_value_frozen; source_uncertainties_retained_upstream,validation/stationary/STATIONARY_HI_INTERPOLATION_CONTINUATION_POLICY_V1.md
NGC3198,calibration,32,24.03,0,Sigma_neutral_1p33 = 1.33 * Sigma_HI_raw,tabulated,outer_zero,outer,outer_continuation_only,0.3,15.1,22,22,data/stationary/source_reconstruction/leroy2008_things_hi_profiles_v1.csv,data/stationary/source_reconstruction/certified_hi_common_tabulated_v5.csv,source_kpc_times_frozen_over_source_distance,source_includes_1p36_to_common_1p33,0.977941176471,0,central_value_frozen; source_uncertainties_retained_upstream,validation/stationary/STATIONARY_HI_INTERPOLATION_CONTINUATION_POLICY_V1.md
NGC3198,calibration,33,26.1,0,Sigma_neutral_1p33 = 1.33 * Sigma_HI_raw,tabulated,outer_zero,outer,outer_continuation_only,0.3,15.1,22,22,data/stationary/source_reconstruction/leroy2008_things_hi_profiles_v1.csv,data/stationary/source_reconstruction/certified_hi_common_tabulated_v5.csv,source_kpc_times_frozen_over_source_distance,source_includes_1p36_to_common_1p33,0.977941176471,0,central_value_frozen; source_uncertainties_retained_upstream,validation/stationary/STATIONARY_HI_INTERPOLATION_CONTINUATION_POLICY_V1.md
NGC3198,calibration,34,28.16,0,Sigma_neutral_1p33 = 1.33 * Sigma_HI_raw,tabulated,outer_zero,outer,outer_continuation_only,0.3,15.1,22,22,data/stationary/source_reconstruction/leroy2008_things_hi_profiles_v1.csv,data/stationary/source_reconstruction/certified_hi_common_tabulated_v5.csv,source_kpc_times_frozen_over_source_distance,source_includes_1p36_to_common_1p33,0.977941176471,0,central_value_frozen; source_uncertainties_retained_upstream,validation/stationary/STATIONARY_HI_INTERPOLATION_CONTINUATION_POLICY_V1.md
NGC3198,calibration,35,30.08,0,Sigma_neutral_1p33 = 1.33 * Sigma_HI_raw,tabulated,outer_zero,outer,outer_continuation_only,0.3,15.1,22,22,data/stationary/source_reconstruction/leroy2008_things_hi_profiles_v1.csv,data/stationary/source_reconstruction/certified_hi_common_tabulated_v5.csv,source_kpc_times_frozen_over_source_distance,source_includes_1p36_to_common_1p33,0.977941176471,0,central_value_frozen; source_uncertainties_retained_upstream,validation/stationary/STATIONARY_HI_INTERPOLATION_CONTINUATION_POLICY_V1.md
NGC3198,calibration,36,32.14,0,Sigma_neutral_1p33 = 1.33 * Sigma_HI_raw,tabulated,outer_zero,outer,outer_continuation_only,0.3,15.1,22,22,data/stationary/source_reconstruction/leroy2008_things_hi_profiles_v1.csv,data/stationary/source_reconstruction/certified_hi_common_tabulated_v5.csv,source_kpc_times_frozen_over_source_distance,source_includes_1p36_to_common_1p33,0.977941176471,0,central_value_frozen; source_uncertainties_retained_upstream,validation/stationary/STATIONARY_HI_INTERPOLATION_CONTINUATION_POLICY_V1.md
NGC3198,calibration,37,34.06,0,Sigma_neutral_1p33 = 1.33 * Sigma_HI_raw,tabulated,outer_zero,outer,outer_continuation_only,0.3,15.1,22,22,data/stationary/source_reconstruction/leroy2008_things_hi_profiles_v1.csv,data/stationary/source_reconstruction/certified_hi_common_tabulated_v5.csv,source_kpc_times_frozen_over_source_distance,source_includes_1p36_to_common_1p33,0.977941176471,0,central_value_frozen; source_uncertainties_retained_upstream,validation/stationary/STATIONARY_HI_INTERPOLATION_CONTINUATION_POLICY_V1.md
NGC3198,calibration,38,36.12,0,Sigma_neutral_1p33 = 1.33 * Sigma_HI_raw,tabulated,outer_zero,outer,outer_continuation_only,0.3,15.1,22,22,data/stationary/source_reconstruction/leroy2008_things_hi_profiles_v1.csv,data/stationary/source_reconstruction/certified_hi_common_tabulated_v5.csv,source_kpc_times_frozen_over_source_distance,source_includes_1p36_to_common_1p33,0.977941176471,0,central_value_frozen; source_uncertainties_retained_upstream,validation/stationary/STATIONARY_HI_INTERPOLATION_CONTINUATION_POLICY_V1.md
NGC3198,calibration,39,38.19,0,Sigma_neutral_1p33 = 1.33 * Sigma_HI_raw,tabulated,outer_zero,outer,outer_continuation_only,0.3,15.1,22,22,data/stationary/source_reconstruction/leroy2008_things_hi_profiles_v1.csv,data/stationary/source_reconstruction/certified_hi_common_tabulated_v5.csv,source_kpc_times_frozen_over_source_distance,source_includes_1p36_to_common_1p33,0.977941176471,0,central_value_frozen; source_uncertainties_retained_upstream,validation/stationary/STATIONARY_HI_INTERPOLATION_CONTINUATION_POLICY_V1.md
NGC3198,calibration,40,40.1,0,Sigma_neutral_1p33 = 1.33 * Sigma_HI_raw,tabulated,outer_zero,outer,outer_continuation_only,0.3,15.1,22,22,data/stationary/source_reconstruction/leroy2008_things_hi_profiles_v1.csv,data/stationary/source_reconstruction/certified_hi_common_tabulated_v5.csv,source_kpc_times_frozen_over_source_distance,source_includes_1p36_to_common_1p33,0.977941176471,0,central_value_frozen; source_uncertainties_retained_upstream,validation/stationary/STATIONARY_HI_INTERPOLATION_CONTINUATION_POLICY_V1.md
NGC3198,calibration,41,42.17,0,Sigma_neutral_1p33 = 1.33 * Sigma_HI_raw,tabulated,outer_zero,outer,outer_continuation_only,0.3,15.1,22,22,data/stationary/source_reconstruction/leroy2008_things_hi_profiles_v1.csv,data/stationary/source_reconstruction/certified_hi_common_tabulated_v5.csv,source_kpc_times_frozen_over_source_distance,source_includes_1p36_to_common_1p33,0.977941176471,0,central_value_frozen; source_uncertainties_retained_upstream,validation/stationary/STATIONARY_HI_INTERPOLATION_CONTINUATION_POLICY_V1.md
NGC3198,calibration,42,44.08,0,Sigma_neutral_1p33 = 1.33 * Sigma_HI_raw,tabulated,outer_zero,outer,outer_continuation_only,0.3,15.1,22,22,data/stationary/source_reconstruction/leroy2008_things_hi_profiles_v1.csv,data/stationary/source_reconstruction/certified_hi_common_tabulated_v5.csv,source_kpc_times_frozen_over_source_distance,source_includes_1p36_to_common_1p33,0.977941176471,0,central_value_frozen; source_uncertainties_retained_upstream,validation/stationary/STATIONARY_HI_INTERPOLATION_CONTINUATION_POLICY_V1.md
NGC3521,blind,0,0.51,4.64054679145,Sigma_neutral_1p33 = 1.33 * Sigma_HI_raw,tabulated,piecewise_linear,none,outer_continuation_only,0.215887850467,11.0102803738,0,1,data/stationary/source_reconstruction/leroy2008_things_hi_profiles_v1.csv,data/stationary/source_reconstruction/certified_hi_common_tabulated_v5.csv,source_kpc_times_frozen_over_source_distance,source_includes_1p36_to_common_1p33,0.977941176471,0,central_value_frozen; source_uncertainties_retained_upstream,validation/stationary/STATIONARY_HI_INTERPOLATION_CONTINUATION_POLICY_V1.md
NGC3521,blind,1,0.69,4.97370721925,Sigma_neutral_1p33 = 1.33 * Sigma_HI_raw,tabulated,piecewise_linear,none,outer_continuation_only,0.215887850467,11.0102803738,1,2,data/stationary/source_reconstruction/leroy2008_things_hi_profiles_v1.csv,data/stationary/source_reconstruction/certified_hi_common_tabulated_v5.csv,source_kpc_times_frozen_over_source_distance,source_includes_1p36_to_common_1p33,0.977941176471,0,central_value_frozen; source_uncertainties_retained_upstream,validation/stationary/STATIONARY_HI_INTERPOLATION_CONTINUATION_POLICY_V1.md
NGC3521,blind,2,0.86,5.38954812834,Sigma_neutral_1p33 = 1.33 * Sigma_HI_raw,tabulated,piecewise_linear,none,outer_continuation_only,0.215887850467,11.0102803738,1,2,data/stationary/source_reconstruction/leroy2008_things_hi_profiles_v1.csv,data/stationary/source_reconstruction/certified_hi_common_tabulated_v5.csv,source_kpc_times_frozen_over_source_distance,source_includes_1p36_to_common_1p33,0.977941176471,0,central_value_frozen; source_uncertainties_retained_upstream,validation/stationary/STATIONARY_HI_INTERPOLATION_CONTINUATION_POLICY_V1.md
NGC3521,blind,3,1.03,5.93379144385,Sigma_neutral_1p33 = 1.33 * Sigma_HI_raw,tabulated,piecewise_linear,none,outer_continuation_only,0.215887850467,11.0102803738,2,3,data/stationary/source_reconstruction/leroy2008_things_hi_profiles_v1.csv,data/stationary/source_reconstruction/certified_hi_common_tabulated_v5.csv,source_kpc_times_frozen_over_source_distance,source_includes_1p36_to_common_1p33,0.977941176471,0,central_value_frozen; source_uncertainties_retained_upstream,validation/stationary/STATIONARY_HI_INTERPOLATION_CONTINUATION_POLICY_V1.md
NGC3521,blind,4,1.2,6.58065508022,Sigma_neutral_1p33 = 1.33 * Sigma_HI_raw,tabulated,piecewise_linear,none,outer_continuation_only,0.215887850467,11.0102803738,2,3,data/stationary/source_reconstruction/leroy2008_things_hi_profiles_v1.csv,data/stationary/source_reconstruction/certified_hi_common_tabulated_v5.csv,source_kpc_times_frozen_over_source_distance,source_includes_1p36_to_common_1p33,0.977941176471,0,central_value_frozen; source_uncertainties_retained_upstream,validation/stationary/STATIONARY_HI_INTERPOLATION_CONTINUATION_POLICY_V1.md
NGC3521,blind,5,1.38,7.21954278075,Sigma_neutral_1p33 = 1.33 * Sigma_HI_raw,tabulated,piecewise_linear,none,outer_continuation_only,0.215887850467,11.0102803738,3,4,data/stationary/source_reconstruction/leroy2008_things_hi_profiles_v1.csv,data/stationary/source_reconstruction/certified_hi_common_tabulated_v5.csv,source_kpc_times_frozen_over_source_distance,source_includes_1p36_to_common_1p33,0.977941176471,0,central_value_frozen; source_uncertainties_retained_upstream,validation/stationary/STATIONARY_HI_INTERPOLATION_CONTINUATION_POLICY_V1.md
NGC3521,blind,6,1.55,7.7739973262,Sigma_neutral_1p33 = 1.33 * Sigma_HI_raw,tabulated,piecewise_linear,none,outer_continuation_only,0.215887850467,11.0102803738,3,4,data/stationary/source_reconstruction/leroy2008_things_hi_profiles_v1.csv,data/stationary/source_reconstruction/certified_hi_common_tabulated_v5.csv,source_kpc_times_frozen_over_source_distance,source_includes_1p36_to_common_1p33,0.977941176471,0,central_value_frozen; source_uncertainties_retained_upstream,validation/stationary/STATIONARY_HI_INTERPOLATION_CONTINUATION_POLICY_V1.md
NGC3521,blind,7,1.71,8.16661319073,Sigma_neutral_1p33 = 1.33 * Sigma_HI_raw,tabulated,piecewise_linear,none,outer_continuation_only,0.215887850467,11.0102803738,4,5,data/stationary/source_reconstruction/leroy2008_things_hi_profiles_v1.csv,data/stationary/source_reconstruction/certified_hi_common_tabulated_v5.csv,source_kpc_times_frozen_over_source_distance,source_includes_1p36_to_common_1p33,0.977941176471,0,central_value_frozen; source_uncertainties_retained_upstream,validation/stationary/STATIONARY_HI_INTERPOLATION_CONTINUATION_POLICY_V1.md
NGC3521,blind,8,1.89,8.32968805704,Sigma_neutral_1p33 = 1.33 * Sigma_HI_raw,tabulated,piecewise_linear,none,outer_continuation_only,0.215887850467,11.0102803738,4,5,data/stationary/source_reconstruction/leroy2008_things_hi_profiles_v1.csv,data/stationary/source_reconstruction/certified_hi_common_tabulated_v5.csv,source_kpc_times_frozen_over_source_distance,source_includes_1p36_to_common_1p33,0.977941176471,0,central_value_frozen; source_uncertainties_retained_upstream,validation/stationary/STATIONARY_HI_INTERPOLATION_CONTINUATION_POLICY_V1.md
NGC3521,blind,9,2.06,8.48370320856,Sigma_neutral_1p33 = 1.33 * Sigma_HI_raw,tabulated,piecewise_linear,none,outer_continuation_only,0.215887850467,11.0102803738,4,5,data/stationary/source_reconstruction/leroy2008_things_hi_profiles_v1.csv,data/stationary/source_reconstruction/certified_hi_common_tabulated_v5.csv,source_kpc_times_frozen_over_source_distance,source_includes_1p36_to_common_1p33,0.977941176471,0,central_value_frozen; source_uncertainties_retained_upstream,validation/stationary/STATIONARY_HI_INTERPOLATION_CONTINUATION_POLICY_V1.md
NGC3521,blind,10,2.23,8.5080882353,Sigma_neutral_1p33 = 1.33 * Sigma_HI_raw,tabulated,piecewise_linear,none,outer_continuation_only,0.215887850467,11.0102803738,5,6,data/stationary/source_reconstruction/leroy2008_things_hi_profiles_v1.csv,data/stationary/source_reconstruction/certified_hi_common_tabulated_v5.csv,source_kpc_times_frozen_over_source_distance,source_includes_1p36_to_common_1p33,0.977941176471,0,central_value_frozen; source_uncertainties_retained_upstream,validation/stationary/STATIONARY_HI_INTERPOLATION_CONTINUATION_POLICY_V1.md
NGC3521,blind,11,2.41,8.5080882353,Sigma_neutral_1p33 = 1.33 * Sigma_HI_raw,tabulated,piecewise_linear,none,outer_continuation_only,0.215887850467,11.0102803738,5,6,data/stationary/source_reconstruction/leroy2008_things_hi_profiles_v1.csv,data/stationary/source_reconstruction/certified_hi_common_tabulated_v5.csv,source_kpc_times_frozen_over_source_distance,source_includes_1p36_to_common_1p33,0.977941176471,0,central_value_frozen; source_uncertainties_retained_upstream,validation/stationary/STATIONARY_HI_INTERPOLATION_CONTINUATION_POLICY_V1.md
NGC3521,blind,12,2.58,8.58053208557,Sigma_neutral_1p33 = 1.33 * Sigma_HI_raw,tabulated,piecewise_linear,none,outer_continuation_only,0.215887850467,11.0102803738,6,7,data/stationary/source_reconstruction/leroy2008_things_hi_profiles_v1.csv,data/stationary/source_reconstruction/certified_hi_common_tabulated_v5.csv,source_kpc_times_frozen_over_source_distance,source_includes_1p36_to_common_1p33,0.977941176471,0,central_value_frozen; source_uncertainties_retained_upstream,validation/stationary/STATIONARY_HI_INTERPOLATION_CONTINUATION_POLICY_V1.md
NGC3521,blind,13,2.75,8.67294117648,Sigma_neutral_1p33 = 1.33 * Sigma_HI_raw,tabulated,piecewise_linear,none,outer_continuation_only,0.215887850467,11.0102803738,6,7,data/stationary/source_reconstruction/leroy2008_things_hi_profiles_v1.csv,data/stationary/source_reconstruction/certified_hi_common_tabulated_v5.csv,source_kpc_times_frozen_over_source_distance,source_includes_1p36_to_common_1p33,0.977941176471,0,central_value_frozen; source_uncertainties_retained_upstream,validation/stationary/STATIONARY_HI_INTERPOLATION_CONTINUATION_POLICY_V1.md
NGC3521,blind,14,2.92,9.01204545455,Sigma_neutral_1p33 = 1.33 * Sigma_HI_raw,tabulated,piecewise_linear,none,outer_continuation_only,0.215887850467,11.0102803738,7,8,data/stationary/source_reconstruction/leroy2008_things_hi_profiles_v1.csv,data/stationary/source_reconstruction/certified_hi_common_tabulated_v5.csv,source_kpc_times_frozen_over_source_distance,source_includes_1p36_to_common_1p33,0.977941176471,0,central_value_frozen; source_uncertainties_retained_upstream,validation/stationary/STATIONARY_HI_INTERPOLATION_CONTINUATION_POLICY_V1.md
NGC3521,blind,15,3.09,9.47409090909,Sigma_neutral_1p33 = 1.33 * Sigma_HI_raw,tabulated,piecewise_linear,none,outer_continuation_only,0.215887850467,11.0102803738,7,8,data/stationary/source_reconstruction/leroy2008_things_hi_profiles_v1.csv,data/stationary/source_reconstruction/certified_hi_common_tabulated_v5.csv,source_kpc_times_frozen_over_source_distance,source_includes_1p36_to_common_1p33,0.977941176471,0,central_value_frozen; source_uncertainties_retained_upstream,validation/stationary/STATIONARY_HI_INTERPOLATION_CONTINUATION_POLICY_V1.md
NGC3521,blind,16,3.26,9.85978074866,Sigma_neutral_1p33 = 1.33 * Sigma_HI_raw,tabulated,piecewise_linear,none,outer_continuation_only,0.215887850467,11.0102803738,8,9,data/stationary/source_reconstruction/leroy2008_things_hi_profiles_v1.csv,data/stationary/source_reconstruction/certified_hi_common_tabulated_v5.csv,source_kpc_times_frozen_over_source_distance,source_includes_1p36_to_common_1p33,0.977941176471,0,central_value_frozen; source_uncertainties_retained_upstream,validation/stationary/STATIONARY_HI_INTERPOLATION_CONTINUATION_POLICY_V1.md
NGC3521,blind,17,3.43,10.1832125669,Sigma_neutral_1p33 = 1.33 * Sigma_HI_raw,tabulated,piecewise_linear,none,outer_continuation_only,0.215887850467,11.0102803738,8,9,data/stationary/source_reconstruction/leroy2008_things_hi_profiles_v1.csv,data/stationary/source_reconstruction/certified_hi_common_tabulated_v5.csv,source_kpc_times_frozen_over_source_distance,source_includes_1p36_to_common_1p33,0.977941176471,0,central_value_frozen; source_uncertainties_retained_upstream,validation/stationary/STATIONARY_HI_INTERPOLATION_CONTINUATION_POLICY_V1.md
NGC3521,blind,18,3.61,10.3433917112,Sigma_neutral_1p33 = 1.33 * Sigma_HI_raw,tabulated,piecewise_linear,none,outer_continuation_only,0.215887850467,11.0102803738,9,10,data/stationary/source_reconstruction/leroy2008_things_hi_profiles_v1.csv,data/stationary/source_reconstruction/certified_hi_common_tabulated_v5.csv,source_kpc_times_frozen_over_source_distance,source_includes_1p36_to_common_1p33,0.977941176471,0,central_value_frozen; source_uncertainties_retained_upstream,validation/stationary/STATIONARY_HI_INTERPOLATION_CONTINUATION_POLICY_V1.md
NGC3521,blind,19,3.78,10.2971871657,Sigma_neutral_1p33 = 1.33 * Sigma_HI_raw,tabulated,piecewise_linear,none,outer_continuation_only,0.215887850467,11.0102803738,9,10,data/stationary/source_reconstruction/leroy2008_things_hi_profiles_v1.csv,data/stationary/source_reconstruction/certified_hi_common_tabulated_v5.csv,source_kpc_times_frozen_over_source_distance,source_includes_1p36_to_common_1p33,0.977941176471,0,central_value_frozen; source_uncertainties_retained_upstream,validation/stationary/STATIONARY_HI_INTERPOLATION_CONTINUATION_POLICY_V1.md
NGC3521,blind,20,3.95,10.2248830214,Sigma_neutral_1p33 = 1.33 * Sigma_HI_raw,tabulated,piecewise_linear,none,outer_continuation_only,0.215887850467,11.0102803738,10,11,data/stationary/source_reconstruction/leroy2008_things_hi_profiles_v1.csv,data/stationary/source_reconstruction/certified_hi_common_tabulated_v5.csv,source_kpc_times_frozen_over_source_distance,source_includes_1p36_to_common_1p33,0.977941176471,0,central_value_frozen; source_uncertainties_retained_upstream,validation/stationary/STATIONARY_HI_INTERPOLATION_CONTINUATION_POLICY_V1.md
NGC3521,blind,21,4.12,10.1093716577,Sigma_neutral_1p33 = 1.33 * Sigma_HI_raw,tabulated,piecewise_linear,none,outer_continuation_only,0.215887850467,11.0102803738,10,11,data/stationary/source_reconstruction/leroy2008_things_hi_profiles_v1.csv,data/stationary/source_reconstruction/certified_hi_common_tabulated_v5.csv,source_kpc_times_frozen_over_source_distance,source_includes_1p36_to_common_1p33,0.977941176471,0,central_value_frozen; source_uncertainties_retained_upstream,validation/stationary/STATIONARY_HI_INTERPOLATION_CONTINUATION_POLICY_V1.md
NGC3521,blind,22,4.29,9.99386029411,Sigma_neutral_1p33 = 1.33 * Sigma_HI_raw,tabulated,piecewise_linear,none,outer_continuation_only,0.215887850467,11.0102803738,10,11,data/stationary/source_reconstruction/leroy2008_things_hi_profiles_v1.csv,data/stationary/source_reconstruction/certified_hi_common_tabulated_v5.csv,source_kpc_times_frozen_over_source_distance,source_includes_1p36_to_common_1p33,0.977941176471,0,central_value_frozen; source_uncertainties_retained_upstream,validation/stationary/STATIONARY_HI_INTERPOLATION_CONTINUATION_POLICY_V1.md
NGC3521,blind,23,4.46,9.975,Sigma_neutral_1p33 = 1.33 * Sigma_HI_raw,tabulated,piecewise_linear,none,outer_continuation_only,0.215887850467,11.0102803738,11,12,data/stationary/source_reconstruction/leroy2008_things_hi_profiles_v1.csv,data/stationary/source_reconstruction/certified_hi_common_tabulated_v5.csv,source_kpc_times_frozen_over_source_distance,source_includes_1p36_to_common_1p33,0.977941176471,0,central_value_frozen; source_uncertainties_retained_upstream,validation/stationary/STATIONARY_HI_INTERPOLATION_CONTINUATION_POLICY_V1.md
NGC3521,blind,24,4.64,9.975,Sigma_neutral_1p33 = 1.33 * Sigma_HI_raw,tabulated,piecewise_linear,none,outer_continuation_only,0.215887850467,11.0102803738,11,12,data/stationary/source_reconstruction/leroy2008_things_hi_profiles_v1.csv,data/stationary/source_reconstruction/certified_hi_common_tabulated_v5.csv,source_kpc_times_frozen_over_source_distance,source_includes_1p36_to_common_1p33,0.977941176471,0,central_value_frozen; source_uncertainties_retained_upstream,validation/stationary/STATIONARY_HI_INTERPOLATION_CONTINUATION_POLICY_V1.md
NGC3521,blind,25,4.81,9.68705347594,Sigma_neutral_1p33 = 1.33 * Sigma_HI_raw,tabulated,piecewise_linear,none,outer_continuation_only,0.215887850467,11.0102803738,12,13,data/stationary/source_reconstruction/leroy2008_things_hi_profiles_v1.csv,data/stationary/source_reconstruction/certified_hi_common_tabulated_v5.csv,source_kpc_times_frozen_over_source_distance,source_includes_1p36_to_common_1p33,0.977941176471,0,central_value_frozen; source_uncertainties_retained_upstream,validation/stationary/STATIONARY_HI_INTERPOLATION_CONTINUATION_POLICY_V1.md
NGC3521,blind,26,4.98,9.31741711231,Sigma_neutral_1p33 = 1.33 * Sigma_HI_raw,tabulated,piecewise_linear,none,outer_continuation_only,0.215887850467,11.0102803738,12,13,data/stationary/source_reconstruction/leroy2008_things_hi_profiles_v1.csv,data/stationary/source_reconstruction/certified_hi_common_tabulated_v5.csv,source_kpc_times_frozen_over_source_distance,source_includes_1p36_to_common_1p33,0.977941176471,0,central_value_frozen; source_uncertainties_retained_upstream,validation/stationary/STATIONARY_HI_INTERPOLATION_CONTINUATION_POLICY_V1.md
NGC3521,blind,27,5.15,8.94778074867,Sigma_neutral_1p33 = 1.33 * Sigma_HI_raw,tabulated,piecewise_linear,none,outer_continuation_only,0.215887850467,11.0102803738,13,14,data/stationary/source_reconstruction/leroy2008_things_hi_profiles_v1.csv,data/stationary/source_reconstruction/certified_hi_common_tabulated_v5.csv,source_kpc_times_frozen_over_source_distance,source_includes_1p36_to_common_1p33,0.977941176471,0,central_value_frozen; source_uncertainties_retained_upstream,validation/stationary/STATIONARY_HI_INTERPOLATION_CONTINUATION_POLICY_V1.md
NGC3521,blind,28,5.32,8.57814438503,Sigma_neutral_1p33 = 1.33 * Sigma_HI_raw,tabulated,piecewise_linear,none,outer_continuation_only,0.215887850467,11.0102803738,13,14,data/stationary/source_reconstruction/leroy2008_things_hi_profiles_v1.csv,data/stationary/source_reconstruction/certified_hi_common_tabulated_v5.csv,source_kpc_times_frozen_over_source_distance,source_includes_1p36_to_common_1p33,0.977941176471,0,central_value_frozen; source_uncertainties_retained_upstream,validation/stationary/STATIONARY_HI_INTERPOLATION_CONTINUATION_POLICY_V1.md
NGC3521,blind,29,5.49,8.35984759359,Sigma_neutral_1p33 = 1.33 * Sigma_HI_raw,tabulated,piecewise_linear,none,outer_continuation_only,0.215887850467,11.0102803738,14,15,data/stationary/source_reconstruction/leroy2008_things_hi_profiles_v1.csv,data/stationary/source_reconstruction/certified_hi_common_tabulated_v5.csv,source_kpc_times_frozen_over_source_distance,source_includes_1p36_to_common_1p33,0.977941176471,0,central_value_frozen; source_uncertainties_retained_upstream,validation/stationary/STATIONARY_HI_INTERPOLATION_CONTINUATION_POLICY_V1.md
NGC3521,blind,30,5.67,8.2620026738,Sigma_neutral_1p33 = 1.33 * Sigma_HI_raw,tabulated,piecewise_linear,none,outer_continuation_only,0.215887850467,11.0102803738,14,15,data/stationary/source_reconstruction/leroy2008_things_hi_profiles_v1.csv,data/stationary/source_reconstruction/certified_hi_common_tabulated_v5.csv,source_kpc_times_frozen_over_source_distance,source_includes_1p36_to_common_1p33,0.977941176471,0,central_value_frozen; source_uncertainties_retained_upstream,validation/stationary/STATIONARY_HI_INTERPOLATION_CONTINUATION_POLICY_V1.md
NGC3521,blind,31,5.84,8.2335026738,Sigma_neutral_1p33 = 1.33 * Sigma_HI_raw,tabulated,piecewise_linear,none,outer_continuation_only,0.215887850467,11.0102803738,15,16,data/stationary/source_reconstruction/leroy2008_things_hi_profiles_v1.csv,data/stationary/source_reconstruction/certified_hi_common_tabulated_v5.csv,source_kpc_times_frozen_over_source_distance,source_includes_1p36_to_common_1p33,0.977941176471,0,central_value_frozen; source_uncertainties_retained_upstream,validation/stationary/STATIONARY_HI_INTERPOLATION_CONTINUATION_POLICY_V1.md
NGC3521,blind,32,6.01,8.27200646168,Sigma_neutral_1p33 = 1.33 * Sigma_HI_raw,tabulated,piecewise_linear,none,outer_continuation_only,0.215887850467,11.0102803738,15,16,data/stationary/source_reconstruction/leroy2008_things_hi_profiles_v1.csv,data/stationary/source_reconstruction/certified_hi_common_tabulated_v5.csv,source_kpc_times_frozen_over_source_distance,source_includes_1p36_to_common_1p33,0.977941176471,0,central_value_frozen; source_uncertainties_retained_upstream,validation/stationary/STATIONARY_HI_INTERPOLATION_CONTINUATION_POLICY_V1.md
NGC3521,blind,33,6.19,8.3128302139,Sigma_neutral_1p33 = 1.33 * Sigma_HI_raw,tabulated,piecewise_linear,none,outer_continuation_only,0.215887850467,11.0102803738,16,17,data/stationary/source_reconstruction/leroy2008_things_hi_profiles_v1.csv,data/stationary/source_reconstruction/certified_hi_common_tabulated_v5.csv,source_kpc_times_frozen_over_source_distance,source_includes_1p36_to_common_1p33,0.977941176471,0,central_value_frozen; source_uncertainties_retained_upstream,validation/stationary/STATIONARY_HI_INTERPOLATION_CONTINUATION_POLICY_V1.md
NGC3521,blind,34,6.35,8.35631684492,Sigma_neutral_1p33 = 1.33 * Sigma_HI_raw,tabulated,piecewise_linear,none,outer_continuation_only,0.215887850467,11.0102803738,16,17,data/stationary/source_reconstruction/leroy2008_things_hi_profiles_v1.csv,data/stationary/source_reconstruction/certified_hi_common_tabulated_v5.csv,source_kpc_times_frozen_over_source_distance,source_includes_1p36_to_common_1p33,0.977941176471,0,central_value_frozen; source_uncertainties_retained_upstream,validation/stationary/STATIONARY_HI_INTERPOLATION_CONTINUATION_POLICY_V1.md
NGC3521,blind,35,6.64,8.38545187166,Sigma_neutral_1p33 = 1.33 * Sigma_HI_raw,tabulated,piecewise_linear,none,outer_continuation_only,0.215887850467,11.0102803738,17,18,data/stationary/source_reconstruction/leroy2008_things_hi_profiles_v1.csv,data/stationary/source_reconstruction/certified_hi_common_tabulated_v5.csv,source_kpc_times_frozen_over_source_distance,source_includes_1p36_to_common_1p33,0.977941176471,0,central_value_frozen; source_uncertainties_retained_upstream,validation/stationary/STATIONARY_HI_INTERPOLATION_CONTINUATION_POLICY_V1.md
NGC3521,blind,36,8.82,8.10588770054,Sigma_neutral_1p33 = 1.33 * Sigma_HI_raw,tabulated,piecewise_linear,none,outer_continuation_only,0.215887850467,11.0102803738,23,24,data/stationary/source_reconstruction/leroy2008_things_hi_profiles_v1.csv,data/stationary/source_reconstruction/certified_hi_common_tabulated_v5.csv,source_kpc_times_frozen_over_source_distance,source_includes_1p36_to_common_1p33,0.977941176471,0,central_value_frozen; source_uncertainties_retained_upstream,validation/stationary/STATIONARY_HI_INTERPOLATION_CONTINUATION_POLICY_V1.md
NGC3521,blind,37,11.07,0,Sigma_neutral_1p33 = 1.33 * Sigma_HI_raw,tabulated,outer_zero,outer,outer_continuation_only,0.215887850467,11.0102803738,29,29,data/stationary/source_reconstruction/leroy2008_things_hi_profiles_v1.csv,data/stationary/source_reconstruction/certified_hi_common_tabulated_v5.csv,source_kpc_times_frozen_over_source_distance,source_includes_1p36_to_common_1p33,0.977941176471,0,central_value_frozen; source_uncertainties_retained_upstream,validation/stationary/STATIONARY_HI_INTERPOLATION_CONTINUATION_POLICY_V1.md
NGC3521,blind,38,13.32,0,Sigma_neutral_1p33 = 1.33 * Sigma_HI_raw,tabulated,outer_zero,outer,outer_continuation_only,0.215887850467,11.0102803738,29,29,data/stationary/source_reconstruction/leroy2008_things_hi_profiles_v1.csv,data/stationary/source_reconstruction/certified_hi_common_tabulated_v5.csv,source_kpc_times_frozen_over_source_distance,source_includes_1p36_to_common_1p33,0.977941176471,0,central_value_frozen; source_uncertainties_retained_upstream,validation/stationary/STATIONARY_HI_INTERPOLATION_CONTINUATION_POLICY_V1.md
NGC3521,blind,39,15.49,0,Sigma_neutral_1p33 = 1.33 * Sigma_HI_raw,tabulated,outer_zero,outer,outer_continuation_only,0.215887850467,11.0102803738,29,29,data/stationary/source_reconstruction/leroy2008_things_hi_profiles_v1.csv,data/stationary/source_reconstruction/certified_hi_common_tabulated_v5.csv,source_kpc_times_frozen_over_source_distance,source_includes_1p36_to_common_1p33,0.977941176471,0,central_value_frozen; source_uncertainties_retained_upstream,validation/stationary/STATIONARY_HI_INTERPOLATION_CONTINUATION_POLICY_V1.md
NGC3521,blind,40,17.74,0,Sigma_neutral_1p33 = 1.33 * Sigma_HI_raw,tabulated,outer_zero,outer,outer_continuation_only,0.215887850467,11.0102803738,29,29,data/stationary/source_reconstruction/leroy2008_things_hi_profiles_v1.csv,data/stationary/source_reconstruction/certified_hi_common_tabulated_v5.csv,source_kpc_times_frozen_over_source_distance,source_includes_1p36_to_common_1p33,0.977941176471,0,central_value_frozen; source_uncertainties_retained_upstream,validation/stationary/STATIONARY_HI_INTERPOLATION_CONTINUATION_POLICY_V1.md
NGC4559,calibration,0,0.67,13.755454877,Sigma_neutral_1p33 = 1.33 * Sigma_HI_raw,tabulated,inner_constant,inner,inner_continuation_only,1.96349540849,48.8658664499,0,0,data/stationary/source_reconstruction/feasts2025_ngc4559_hi_profile_raw_v1.csv,data/stationary/source_reconstruction/certified_hi_common_tabulated_v5.csv,explicit_frozen_radius,raw_HI_to_common_1p33,1.33,0,central_value_frozen; source_uncertainties_retained_upstream,validation/stationary/STATIONARY_HI_INTERPOLATION_CONTINUATION_POLICY_V1.md
NGC4559,calibration,1,1.32,13.755454877,Sigma_neutral_1p33 = 1.33 * Sigma_HI_raw,tabulated,inner_constant,inner,inner_continuation_only,1.96349540849,48.8658664499,0,0,data/stationary/source_reconstruction/feasts2025_ngc4559_hi_profile_raw_v1.csv,data/stationary/source_reconstruction/certified_hi_common_tabulated_v5.csv,explicit_frozen_radius,raw_HI_to_common_1p33,1.33,0,central_value_frozen; source_uncertainties_retained_upstream,validation/stationary/STATIONARY_HI_INTERPOLATION_CONTINUATION_POLICY_V1.md
NGC4559,calibration,2,1.97,13.7529982644,Sigma_neutral_1p33 = 1.33 * Sigma_HI_raw,tabulated,piecewise_linear,none,inner_continuation_only,1.96349540849,48.8658664499,0,1,data/stationary/source_reconstruction/feasts2025_ngc4559_hi_profile_raw_v1.csv,data/stationary/source_reconstruction/certified_hi_common_tabulated_v5.csv,explicit_frozen_radius,raw_HI_to_common_1p33,1.33,0,central_value_frozen; source_uncertainties_retained_upstream,validation/stationary/STATIONARY_HI_INTERPOLATION_CONTINUATION_POLICY_V1.md
NGC4559,calibration,3,2.62,13.5075104144,Sigma_neutral_1p33 = 1.33 * Sigma_HI_raw,tabulated,piecewise_linear,none,inner_continuation_only,1.96349540849,48.8658664499,0,1,data/stationary/source_reconstruction/feasts2025_ngc4559_hi_profile_raw_v1.csv,data/stationary/source_reconstruction/certified_hi_common_tabulated_v5.csv,explicit_frozen_radius,raw_HI_to_common_1p33,1.33,0,central_value_frozen; source_uncertainties_retained_upstream,validation/stationary/STATIONARY_HI_INTERPOLATION_CONTINUATION_POLICY_V1.md
NGC4559,calibration,4,3.28,13.2582458283,Sigma_neutral_1p33 = 1.33 * Sigma_HI_raw,tabulated,piecewise_linear,none,inner_continuation_only,1.96349540849,48.8658664499,0,1,data/stationary/source_reconstruction/feasts2025_ngc4559_hi_profile_raw_v1.csv,data/stationary/source_reconstruction/certified_hi_common_tabulated_v5.csv,explicit_frozen_radius,raw_HI_to_common_1p33,1.33,0,central_value_frozen; source_uncertainties_retained_upstream,validation/stationary/STATIONARY_HI_INTERPOLATION_CONTINUATION_POLICY_V1.md
NGC4559,calibration,5,3.93,13.0127579783,Sigma_neutral_1p33 = 1.33 * Sigma_HI_raw,tabulated,piecewise_linear,none,inner_continuation_only,1.96349540849,48.8658664499,0,1,data/stationary/source_reconstruction/feasts2025_ngc4559_hi_profile_raw_v1.csv,data/stationary/source_reconstruction/certified_hi_common_tabulated_v5.csv,explicit_frozen_radius,raw_HI_to_common_1p33,1.33,0,central_value_frozen; source_uncertainties_retained_upstream,validation/stationary/STATIONARY_HI_INTERPOLATION_CONTINUATION_POLICY_V1.md
NGC4559,calibration,6,4.58,12.7672701283,Sigma_neutral_1p33 = 1.33 * Sigma_HI_raw,tabulated,piecewise_linear,none,inner_continuation_only,1.96349540849,48.8658664499,0,1,data/stationary/source_reconstruction/feasts2025_ngc4559_hi_profile_raw_v1.csv,data/stationary/source_reconstruction/certified_hi_common_tabulated_v5.csv,explicit_frozen_radius,raw_HI_to_common_1p33,1.33,0,central_value_frozen; source_uncertainties_retained_upstream,validation/stationary/STATIONARY_HI_INTERPOLATION_CONTINUATION_POLICY_V1.md
NGC4559,calibration,7,5.22,12.4422868463,Sigma_neutral_1p33 = 1.33 * Sigma_HI_raw,tabulated,piecewise_linear,none,inner_continuation_only,1.96349540849,48.8658664499,1,2,data/stationary/source_reconstruction/feasts2025_ngc4559_hi_profile_raw_v1.csv,data/stationary/source_reconstruction/certified_hi_common_tabulated_v5.csv,explicit_frozen_radius,raw_HI_to_common_1p33,1.33,0,central_value_frozen; source_uncertainties_retained_upstream,validation/stationary/STATIONARY_HI_INTERPOLATION_CONTINUATION_POLICY_V1.md
NGC4559,calibration,8,5.9,12.0348258234,Sigma_neutral_1p33 = 1.33 * Sigma_HI_raw,tabulated,piecewise_linear,none,inner_continuation_only,1.96349540849,48.8658664499,1,2,data/stationary/source_reconstruction/feasts2025_ngc4559_hi_profile_raw_v1.csv,data/stationary/source_reconstruction/certified_hi_common_tabulated_v5.csv,explicit_frozen_radius,raw_HI_to_common_1p33,1.33,0,central_value_frozen; source_uncertainties_retained_upstream,validation/stationary/STATIONARY_HI_INTERPOLATION_CONTINUATION_POLICY_V1.md
NGC4559,calibration,9,6.54,11.6513330959,Sigma_neutral_1p33 = 1.33 * Sigma_HI_raw,tabulated,piecewise_linear,none,inner_continuation_only,1.96349540849,48.8658664499,1,2,data/stationary/source_reconstruction/feasts2025_ngc4559_hi_profile_raw_v1.csv,data/stationary/source_reconstruction/certified_hi_common_tabulated_v5.csv,explicit_frozen_radius,raw_HI_to_common_1p33,1.33,0,central_value_frozen; source_uncertainties_retained_upstream,validation/stationary/STATIONARY_HI_INTERPOLATION_CONTINUATION_POLICY_V1.md
NGC4559,calibration,10,7.19,11.2250087065,Sigma_neutral_1p33 = 1.33 * Sigma_HI_raw,tabulated,piecewise_linear,none,inner_continuation_only,1.96349540849,48.8658664499,2,3,data/stationary/source_reconstruction/feasts2025_ngc4559_hi_profile_raw_v1.csv,data/stationary/source_reconstruction/certified_hi_common_tabulated_v5.csv,explicit_frozen_radius,raw_HI_to_common_1p33,1.33,0,central_value_frozen; source_uncertainties_retained_upstream,validation/stationary/STATIONARY_HI_INTERPOLATION_CONTINUATION_POLICY_V1.md
NGC4559,calibration,11,7.87,10.7685865836,Sigma_neutral_1p33 = 1.33 * Sigma_HI_raw,tabulated,piecewise_linear,none,inner_continuation_only,1.96349540849,48.8658664499,2,3,data/stationary/source_reconstruction/feasts2025_ngc4559_hi_profile_raw_v1.csv,data/stationary/source_reconstruction/certified_hi_common_tabulated_v5.csv,explicit_frozen_radius,raw_HI_to_common_1p33,1.33,0,central_value_frozen; source_uncertainties_retained_upstream,validation/stationary/STATIONARY_HI_INTERPOLATION_CONTINUATION_POLICY_V1.md
NGC4559,calibration,12,8.51,10.3390128209,Sigma_neutral_1p33 = 1.33 * Sigma_HI_raw,tabulated,piecewise_linear,none,inner_continuation_only,1.96349540849,48.8658664499,2,3,data/stationary/source_reconstruction/feasts2025_ngc4559_hi_profile_raw_v1.csv,data/stationary/source_reconstruction/certified_hi_common_tabulated_v5.csv,explicit_frozen_radius,raw_HI_to_common_1p33,1.33,0,central_value_frozen; source_uncertainties_retained_upstream,validation/stationary/STATIONARY_HI_INTERPOLATION_CONTINUATION_POLICY_V1.md
NGC4559,calibration,13,9.16,9.75291692666,Sigma_neutral_1p33 = 1.33 * Sigma_HI_raw,tabulated,piecewise_linear,none,inner_continuation_only,1.96349540849,48.8658664499,3,4,data/stationary/source_reconstruction/feasts2025_ngc4559_hi_profile_raw_v1.csv,data/stationary/source_reconstruction/certified_hi_common_tabulated_v5.csv,explicit_frozen_radius,raw_HI_to_common_1p33,1.33,0,central_value_frozen; source_uncertainties_retained_upstream,validation/stationary/STATIONARY_HI_INTERPOLATION_CONTINUATION_POLICY_V1.md
NGC4559,calibration,14,9.84,9.13914337789,Sigma_neutral_1p33 = 1.33 * Sigma_HI_raw,tabulated,piecewise_linear,none,inner_continuation_only,1.96349540849,48.8658664499,3,4,data/stationary/source_reconstruction/feasts2025_ngc4559_hi_profile_raw_v1.csv,data/stationary/source_reconstruction/certified_hi_common_tabulated_v5.csv,explicit_frozen_radius,raw_HI_to_common_1p33,1.33,0,central_value_frozen; source_uncertainties_retained_upstream,validation/stationary/STATIONARY_HI_INTERPOLATION_CONTINUATION_POLICY_V1.md
NGC4559,calibration,15,10.48,8.56211057951,Sigma_neutral_1p33 = 1.33 * Sigma_HI_raw,tabulated,piecewise_linear,none,inner_continuation_only,1.96349540849,48.8658664499,4,5,data/stationary/source_reconstruction/feasts2025_ngc4559_hi_profile_raw_v1.csv,data/stationary/source_reconstruction/certified_hi_common_tabulated_v5.csv,explicit_frozen_radius,raw_HI_to_common_1p33,1.33,0,central_value_frozen; source_uncertainties_retained_upstream,validation/stationary/STATIONARY_HI_INTERPOLATION_CONTINUATION_POLICY_V1.md
NGC4559,calibration,16,11.13,7.97852165235,Sigma_neutral_1p33 = 1.33 * Sigma_HI_raw,tabulated,piecewise_linear,none,inner_continuation_only,1.96349540849,48.8658664499,4,5,data/stationary/source_reconstruction/feasts2025_ngc4559_hi_profile_raw_v1.csv,data/stationary/source_reconstruction/certified_hi_common_tabulated_v5.csv,explicit_frozen_radius,raw_HI_to_common_1p33,1.33,0,central_value_frozen; source_uncertainties_retained_upstream,validation/stationary/STATIONARY_HI_INTERPOLATION_CONTINUATION_POLICY_V1.md
NGC4559,calibration,17,11.78,7.3949327252,Sigma_neutral_1p33 = 1.33 * Sigma_HI_raw,tabulated,piecewise_linear,none,inner_continuation_only,1.96349540849,48.8658664499,4,5,data/stationary/source_reconstruction/feasts2025_ngc4559_hi_profile_raw_v1.csv,data/stationary/source_reconstruction/certified_hi_common_tabulated_v5.csv,explicit_frozen_radius,raw_HI_to_common_1p33,1.33,0,central_value_frozen; source_uncertainties_retained_upstream,validation/stationary/STATIONARY_HI_INTERPOLATION_CONTINUATION_POLICY_V1.md
NGC4559,calibration,18,12.43,6.82775740955,Sigma_neutral_1p33 = 1.33 * Sigma_HI_raw,tabulated,piecewise_linear,none,inner_continuation_only,1.96349540849,48.8658664499,5,6,data/stationary/source_reconstruction/feasts2025_ngc4559_hi_profile_raw_v1.csv,data/stationary/source_reconstruction/certified_hi_common_tabulated_v5.csv,explicit_frozen_radius,raw_HI_to_common_1p33,1.33,0,central_value_frozen; source_uncertainties_retained_upstream,validation/stationary/STATIONARY_HI_INTERPOLATION_CONTINUATION_POLICY_V1.md
NGC4559,calibration,19,13.08,6.28702731068,Sigma_neutral_1p33 = 1.33 * Sigma_HI_raw,tabulated,piecewise_linear,none,inner_continuation_only,1.96349540849,48.8658664499,5,6,data/stationary/source_reconstruction/feasts2025_ngc4559_hi_profile_raw_v1.csv,data/stationary/source_reconstruction/certified_hi_common_tabulated_v5.csv,explicit_frozen_radius,raw_HI_to_common_1p33,1.33,0,central_value_frozen; source_uncertainties_retained_upstream,validation/stationary/STATIONARY_HI_INTERPOLATION_CONTINUATION_POLICY_V1.md
NGC4559,calibration,20,13.73,5.7462972118,Sigma_neutral_1p33 = 1.33 * Sigma_HI_raw,tabulated,piecewise_linear,none,inner_continuation_only,1.96349540849,48.8658664499,5,6,data/stationary/source_reconstruction/feasts2025_ngc4559_hi_profile_raw_v1.csv,data/stationary/source_reconstruction/certified_hi_common_tabulated_v5.csv,explicit_frozen_radius,raw_HI_to_common_1p33,1.33,0,central_value_frozen; source_uncertainties_retained_upstream,validation/stationary/STATIONARY_HI_INTERPOLATION_CONTINUATION_POLICY_V1.md
NGC4559,calibration,21,14.38,5.24260733894,Sigma_neutral_1p33 = 1.33 * Sigma_HI_raw,tabulated,piecewise_linear,none,inner_continuation_only,1.96349540849,48.8658664499,6,7,data/stationary/source_reconstruction/feasts2025_ngc4559_hi_profile_raw_v1.csv,data/stationary/source_reconstruction/certified_hi_common_tabulated_v5.csv,explicit_frozen_radius,raw_HI_to_common_1p33,1.33,0,central_value_frozen; source_uncertainties_retained_upstream,validation/stationary/STATIONARY_HI_INTERPOLATION_CONTINUATION_POLICY_V1.md
NGC4559,calibration,22,15.03,4.76789532699,Sigma_neutral_1p33 = 1.33 * Sigma_HI_raw,tabulated,piecewise_linear,none,inner_continuation_only,1.96349540849,48.8658664499,6,7,data/stationary/source_reconstruction/feasts2025_ngc4559_hi_profile_raw_v1.csv,data/stationary/source_reconstruction/certified_hi_common_tabulated_v5.csv,explicit_frozen_radius,raw_HI_to_common_1p33,1.33,0,central_value_frozen; source_uncertainties_retained_upstream,validation/stationary/STATIONARY_HI_INTERPOLATION_CONTINUATION_POLICY_V1.md
NGC4559,calibration,23,15.68,4.29318331504,Sigma_neutral_1p33 = 1.33 * Sigma_HI_raw,tabulated,piecewise_linear,none,inner_continuation_only,1.96349540849,48.8658664499,6,7,data/stationary/source_reconstruction/feasts2025_ngc4559_hi_profile_raw_v1.csv,data/stationary/source_reconstruction/certified_hi_common_tabulated_v5.csv,explicit_frozen_radius,raw_HI_to_common_1p33,1.33,0,central_value_frozen; source_uncertainties_retained_upstream,validation/stationary/STATIONARY_HI_INTERPOLATION_CONTINUATION_POLICY_V1.md
NGC4559,calibration,24,16.33,3.86838080381,Sigma_neutral_1p33 = 1.33 * Sigma_HI_raw,tabulated,piecewise_linear,none,inner_continuation_only,1.96349540849,48.8658664499,7,8,data/stationary/source_reconstruction/feasts2025_ngc4559_hi_profile_raw_v1.csv,data/stationary/source_reconstruction/certified_hi_common_tabulated_v5.csv,explicit_frozen_radius,raw_HI_to_common_1p33,1.33,0,central_value_frozen; source_uncertainties_retained_upstream,validation/stationary/STATIONARY_HI_INTERPOLATION_CONTINUATION_POLICY_V1.md
NGC4559,calibration,25,16.98,3.46119122374,Sigma_neutral_1p33 = 1.33 * Sigma_HI_raw,tabulated,piecewise_linear,none,inner_continuation_only,1.96349540849,48.8658664499,7,8,data/stationary/source_reconstruction/feasts2025_ngc4559_hi_profile_raw_v1.csv,data/stationary/source_reconstruction/certified_hi_common_tabulated_v5.csv,explicit_frozen_radius,raw_HI_to_common_1p33,1.33,0,central_value_frozen; source_uncertainties_retained_upstream,validation/stationary/STATIONARY_HI_INTERPOLATION_CONTINUATION_POLICY_V1.md
NGC4559,calibration,26,17.72,3.00196710787,Sigma_neutral_1p33 = 1.33 * Sigma_HI_raw,tabulated,piecewise_linear,none,inner_continuation_only,1.96349540849,48.8658664499,8,9,data/stationary/source_reconstruction/feasts2025_ngc4559_hi_profile_raw_v1.csv,data/stationary/source_reconstruction/certified_hi_common_tabulated_v5.csv,explicit_frozen_radius,raw_HI_to_common_1p33,1.33,0,central_value_frozen; source_uncertainties_retained_upstream,validation/stationary/STATIONARY_HI_INTERPOLATION_CONTINUATION_POLICY_V1.md
NGC4559,calibration,27,18.28,2.71836222445,Sigma_neutral_1p33 = 1.33 * Sigma_HI_raw,tabulated,piecewise_linear,none,inner_continuation_only,1.96349540849,48.8658664499,8,9,data/stationary/source_reconstruction/feasts2025_ngc4559_hi_profile_raw_v1.csv,data/stationary/source_reconstruction/certified_hi_common_tabulated_v5.csv,explicit_frozen_radius,raw_HI_to_common_1p33,1.33,0,central_value_frozen; source_uncertainties_retained_upstream,validation/stationary/STATIONARY_HI_INTERPOLATION_CONTINUATION_POLICY_V1.md
NGC4559,calibration,28,19.02,2.34359862852,Sigma_neutral_1p33 = 1.33 * Sigma_HI_raw,tabulated,piecewise_linear,none,inner_continuation_only,1.96349540849,48.8658664499,8,9,data/stationary/source_reconstruction/feasts2025_ngc4559_hi_profile_raw_v1.csv,data/stationary/source_reconstruction/certified_hi_common_tabulated_v5.csv,explicit_frozen_radius,raw_HI_to_common_1p33,1.33,0,central_value_frozen; source_uncertainties_retained_upstream,validation/stationary/STATIONARY_HI_INTERPOLATION_CONTINUATION_POLICY_V1.md
NGC4559,calibration,29,19.67,2.03149222082,Sigma_neutral_1p33 = 1.33 * Sigma_HI_raw,tabulated,piecewise_linear,none,inner_continuation_only,1.96349540849,48.8658664499,9,10,data/stationary/source_reconstruction/feasts2025_ngc4559_hi_profile_raw_v1.csv,data/stationary/source_reconstruction/certified_hi_common_tabulated_v5.csv,explicit_frozen_radius,raw_HI_to_common_1p33,1.33,0,central_value_frozen; source_uncertainties_retained_upstream,validation/stationary/STATIONARY_HI_INTERPOLATION_CONTINUATION_POLICY_V1.md
NGC4559,calibration,30,20.32,1.77535226484,Sigma_neutral_1p33 = 1.33 * Sigma_HI_raw,tabulated,piecewise_linear,none,inner_continuation_only,1.96349540849,48.8658664499,9,10,data/stationary/source_reconstruction/feasts2025_ngc4559_hi_profile_raw_v1.csv,data/stationary/source_reconstruction/certified_hi_common_tabulated_v5.csv,explicit_frozen_radius,raw_HI_to_common_1p33,1.33,0,central_value_frozen; source_uncertainties_retained_upstream,validation/stationary/STATIONARY_HI_INTERPOLATION_CONTINUATION_POLICY_V1.md
NGC4559,calibration,31,20.97,1.51921230887,Sigma_neutral_1p33 = 1.33 * Sigma_HI_raw,tabulated,piecewise_linear,none,inner_continuation_only,1.96349540849,48.8658664499,9,10,data/stationary/source_reconstruction/feasts2025_ngc4559_hi_profile_raw_v1.csv,data/stationary/source_reconstruction/certified_hi_common_tabulated_v5.csv,explicit_frozen_radius,raw_HI_to_common_1p33,1.33,0,central_value_frozen; source_uncertainties_retained_upstream,validation/stationary/STATIONARY_HI_INTERPOLATION_CONTINUATION_POLICY_V1.md
NGC5033,blind,0,0.76,9.24654071007,Sigma_neutral_1p33 = 1.33 * Sigma_HI_raw,tabulated,inner_constant,inner,inner_continuation_only,3.42520865704,124.628579775,0,0,data/stationary/source_reconstruction/feasts2025_ngc5033_hi_profile_raw_v1.csv,data/stationary/source_reconstruction/certified_hi_common_tabulated_v5.csv,explicit_frozen_radius,raw_HI_to_common_1p33,1.33,0,central_value_frozen; source_uncertainties_retained_upstream,validation/stationary/STATIONARY_HI_INTERPOLATION_CONTINUATION_POLICY_V1.md
NGC5033,blind,1,2.28,9.24654071007,Sigma_neutral_1p33 = 1.33 * Sigma_HI_raw,tabulated,inner_constant,inner,inner_continuation_only,3.42520865704,124.628579775,0,0,data/stationary/source_reconstruction/feasts2025_ngc5033_hi_profile_raw_v1.csv,data/stationary/source_reconstruction/certified_hi_common_tabulated_v5.csv,explicit_frozen_radius,raw_HI_to_common_1p33,1.33,0,central_value_frozen; source_uncertainties_retained_upstream,validation/stationary/STATIONARY_HI_INTERPOLATION_CONTINUATION_POLICY_V1.md
NGC5033,blind,2,3.8,9.18554862504,Sigma_neutral_1p33 = 1.33 * Sigma_HI_raw,tabulated,piecewise_linear,none,inner_continuation_only,3.42520865704,124.628579775,0,1,data/stationary/source_reconstruction/feasts2025_ngc5033_hi_profile_raw_v1.csv,data/stationary/source_reconstruction/certified_hi_common_tabulated_v5.csv,explicit_frozen_radius,raw_HI_to_common_1p33,1.33,0,central_value_frozen; source_uncertainties_retained_upstream,validation/stationary/STATIONARY_HI_INTERPOLATION_CONTINUATION_POLICY_V1.md
NGC5033,blind,3,5.33,8.93656237749,Sigma_neutral_1p33 = 1.33 * Sigma_HI_raw,tabulated,piecewise_linear,none,inner_continuation_only,3.42520865704,124.628579775,0,1,data/stationary/source_reconstruction/feasts2025_ngc5033_hi_profile_raw_v1.csv,data/stationary/source_reconstruction/certified_hi_common_tabulated_v5.csv,explicit_frozen_radius,raw_HI_to_common_1p33,1.33,0,central_value_frozen; source_uncertainties_retained_upstream,validation/stationary/STATIONARY_HI_INTERPOLATION_CONTINUATION_POLICY_V1.md
NGC5033,blind,4,6.85,8.68920349103,Sigma_neutral_1p33 = 1.33 * Sigma_HI_raw,tabulated,piecewise_linear,none,inner_continuation_only,3.42520865704,124.628579775,0,1,data/stationary/source_reconstruction/feasts2025_ngc5033_hi_profile_raw_v1.csv,data/stationary/source_reconstruction/certified_hi_common_tabulated_v5.csv,explicit_frozen_radius,raw_HI_to_common_1p33,1.33,0,central_value_frozen; source_uncertainties_retained_upstream,validation/stationary/STATIONARY_HI_INTERPOLATION_CONTINUATION_POLICY_V1.md
NGC5033,blind,5,8,8.50205696509,Sigma_neutral_1p33 = 1.33 * Sigma_HI_raw,tabulated,piecewise_linear,none,inner_continuation_only,3.42520865704,124.628579775,0,1,data/stationary/source_reconstruction/feasts2025_ngc5033_hi_profile_raw_v1.csv,data/stationary/source_reconstruction/certified_hi_common_tabulated_v5.csv,explicit_frozen_radius,raw_HI_to_common_1p33,1.33,0,central_value_frozen; source_uncertainties_retained_upstream,validation/stationary/STATIONARY_HI_INTERPOLATION_CONTINUATION_POLICY_V1.md
NGC5033,blind,6,10.28,8.10909517543,Sigma_neutral_1p33 = 1.33 * Sigma_HI_raw,tabulated,piecewise_linear,none,inner_continuation_only,3.42520865704,124.628579775,1,2,data/stationary/source_reconstruction/feasts2025_ngc5033_hi_profile_raw_v1.csv,data/stationary/source_reconstruction/certified_hi_common_tabulated_v5.csv,explicit_frozen_radius,raw_HI_to_common_1p33,1.33,0,central_value_frozen; source_uncertainties_retained_upstream,validation/stationary/STATIONARY_HI_INTERPOLATION_CONTINUATION_POLICY_V1.md
NGC5033,blind,7,12.56,7.37239161911,Sigma_neutral_1p33 = 1.33 * Sigma_HI_raw,tabulated,piecewise_linear,none,inner_continuation_only,3.42520865704,124.628579775,2,3,data/stationary/source_reconstruction/feasts2025_ngc5033_hi_profile_raw_v1.csv,data/stationary/source_reconstruction/certified_hi_common_tabulated_v5.csv,explicit_frozen_radius,raw_HI_to_common_1p33,1.33,0,central_value_frozen; source_uncertainties_retained_upstream,validation/stationary/STATIONARY_HI_INTERPOLATION_CONTINUATION_POLICY_V1.md
NGC5033,blind,8,14.91,6.67190949974,Sigma_neutral_1p33 = 1.33 * Sigma_HI_raw,tabulated,piecewise_linear,none,inner_continuation_only,3.42520865704,124.628579775,3,4,data/stationary/source_reconstruction/feasts2025_ngc5033_hi_profile_raw_v1.csv,data/stationary/source_reconstruction/certified_hi_common_tabulated_v5.csv,explicit_frozen_radius,raw_HI_to_common_1p33,1.33,0,central_value_frozen; source_uncertainties_retained_upstream,validation/stationary/STATIONARY_HI_INTERPOLATION_CONTINUATION_POLICY_V1.md
NGC5033,blind,9,17.15,5.83113657762,Sigma_neutral_1p33 = 1.33 * Sigma_HI_raw,tabulated,piecewise_linear,none,inner_continuation_only,3.42520865704,124.628579775,4,5,data/stationary/source_reconstruction/feasts2025_ngc5033_hi_profile_raw_v1.csv,data/stationary/source_reconstruction/certified_hi_common_tabulated_v5.csv,explicit_frozen_radius,raw_HI_to_common_1p33,1.33,0,central_value_frozen; source_uncertainties_retained_upstream,validation/stationary/STATIONARY_HI_INTERPOLATION_CONTINUATION_POLICY_V1.md
NGC5033,blind,10,19.39,4.95847445859,Sigma_neutral_1p33 = 1.33 * Sigma_HI_raw,tabulated,piecewise_linear,none,inner_continuation_only,3.42520865704,124.628579775,5,6,data/stationary/source_reconstruction/feasts2025_ngc5033_hi_profile_raw_v1.csv,data/stationary/source_reconstruction/certified_hi_common_tabulated_v5.csv,explicit_frozen_radius,raw_HI_to_common_1p33,1.33,0,central_value_frozen; source_uncertainties_retained_upstream,validation/stationary/STATIONARY_HI_INTERPOLATION_CONTINUATION_POLICY_V1.md
NGC5033,blind,11,21.64,4.13030898995,Sigma_neutral_1p33 = 1.33 * Sigma_HI_raw,tabulated,piecewise_linear,none,inner_continuation_only,3.42520865704,124.628579775,6,7,data/stationary/source_reconstruction/feasts2025_ngc5033_hi_profile_raw_v1.csv,data/stationary/source_reconstruction/certified_hi_common_tabulated_v5.csv,explicit_frozen_radius,raw_HI_to_common_1p33,1.33,0,central_value_frozen; source_uncertainties_retained_upstream,validation/stationary/STATIONARY_HI_INTERPOLATION_CONTINUATION_POLICY_V1.md
NGC5033,blind,12,24.01,3.32369981621,Sigma_neutral_1p33 = 1.33 * Sigma_HI_raw,tabulated,piecewise_linear,none,inner_continuation_only,3.42520865704,124.628579775,7,8,data/stationary/source_reconstruction/feasts2025_ngc5033_hi_profile_raw_v1.csv,data/stationary/source_reconstruction/certified_hi_common_tabulated_v5.csv,explicit_frozen_radius,raw_HI_to_common_1p33,1.33,0,central_value_frozen; source_uncertainties_retained_upstream,validation/stationary/STATIONARY_HI_INTERPOLATION_CONTINUATION_POLICY_V1.md
NGC5033,blind,13,26.25,2.62182699264,Sigma_neutral_1p33 = 1.33 * Sigma_HI_raw,tabulated,piecewise_linear,none,inner_continuation_only,3.42520865704,124.628579775,8,9,data/stationary/source_reconstruction/feasts2025_ngc5033_hi_profile_raw_v1.csv,data/stationary/source_reconstruction/certified_hi_common_tabulated_v5.csv,explicit_frozen_radius,raw_HI_to_common_1p33,1.33,0,central_value_frozen; source_uncertainties_retained_upstream,validation/stationary/STATIONARY_HI_INTERPOLATION_CONTINUATION_POLICY_V1.md
NGC5033,blind,14,28.5,1.99896737648,Sigma_neutral_1p33 = 1.33 * Sigma_HI_raw,tabulated,piecewise_linear,none,inner_continuation_only,3.42520865704,124.628579775,9,10,data/stationary/source_reconstruction/feasts2025_ngc5033_hi_profile_raw_v1.csv,data/stationary/source_reconstruction/certified_hi_common_tabulated_v5.csv,explicit_frozen_radius,raw_HI_to_common_1p33,1.33,0,central_value_frozen; source_uncertainties_retained_upstream,validation/stationary/STATIONARY_HI_INTERPOLATION_CONTINUATION_POLICY_V1.md
NGC5033,blind,15,30.87,1.44992054,Sigma_neutral_1p33 = 1.33 * Sigma_HI_raw,tabulated,piecewise_linear,none,inner_continuation_only,3.42520865704,124.628579775,10,11,data/stationary/source_reconstruction/feasts2025_ngc5033_hi_profile_raw_v1.csv,data/stationary/source_reconstruction/certified_hi_common_tabulated_v5.csv,explicit_frozen_radius,raw_HI_to_common_1p33,1.33,0,central_value_frozen; source_uncertainties_retained_upstream,validation/stationary/STATIONARY_HI_INTERPOLATION_CONTINUATION_POLICY_V1.md
NGC5033,blind,16,33.12,1.02603620237,Sigma_neutral_1p33 = 1.33 * Sigma_HI_raw,tabulated,piecewise_linear,none,inner_continuation_only,3.42520865704,124.628579775,11,12,data/stationary/source_reconstruction/feasts2025_ngc5033_hi_profile_raw_v1.csv,data/stationary/source_reconstruction/certified_hi_common_tabulated_v5.csv,explicit_frozen_radius,raw_HI_to_common_1p33,1.33,0,central_value_frozen; source_uncertainties_retained_upstream,validation/stationary/STATIONARY_HI_INTERPOLATION_CONTINUATION_POLICY_V1.md
NGC5033,blind,17,35.36,0.714120967007,Sigma_neutral_1p33 = 1.33 * Sigma_HI_raw,tabulated,piecewise_linear,none,inner_continuation_only,3.42520865704,124.628579775,12,13,data/stationary/source_reconstruction/feasts2025_ngc5033_hi_profile_raw_v1.csv,data/stationary/source_reconstruction/certified_hi_common_tabulated_v5.csv,explicit_frozen_radius,raw_HI_to_common_1p33,1.33,0,central_value_frozen; source_uncertainties_retained_upstream,validation/stationary/STATIONARY_HI_INTERPOLATION_CONTINUATION_POLICY_V1.md
NGC5033,blind,18,37.73,0.491159439234,Sigma_neutral_1p33 = 1.33 * Sigma_HI_raw,tabulated,piecewise_linear,none,inner_continuation_only,3.42520865704,124.628579775,13,14,data/stationary/source_reconstruction/feasts2025_ngc5033_hi_profile_raw_v1.csv,data/stationary/source_reconstruction/certified_hi_common_tabulated_v5.csv,explicit_frozen_radius,raw_HI_to_common_1p33,1.33,0,central_value_frozen; source_uncertainties_retained_upstream,validation/stationary/STATIONARY_HI_INTERPOLATION_CONTINUATION_POLICY_V1.md
NGC5033,blind,19,39.98,0.351438366196,Sigma_neutral_1p33 = 1.33 * Sigma_HI_raw,tabulated,piecewise_linear,none,inner_continuation_only,3.42520865704,124.628579775,14,15,data/stationary/source_reconstruction/feasts2025_ngc5033_hi_profile_raw_v1.csv,data/stationary/source_reconstruction/certified_hi_common_tabulated_v5.csv,explicit_frozen_radius,raw_HI_to_common_1p33,1.33,0,central_value_frozen; source_uncertainties_retained_upstream,validation/stationary/STATIONARY_HI_INTERPOLATION_CONTINUATION_POLICY_V1.md
NGC5033,blind,20,42.22,0.255110988979,Sigma_neutral_1p33 = 1.33 * Sigma_HI_raw,tabulated,piecewise_linear,none,inner_continuation_only,3.42520865704,124.628579775,15,16,data/stationary/source_reconstruction/feasts2025_ngc5033_hi_profile_raw_v1.csv,data/stationary/source_reconstruction/certified_hi_common_tabulated_v5.csv,explicit_frozen_radius,raw_HI_to_common_1p33,1.33,0,central_value_frozen; source_uncertainties_retained_upstream,validation/stationary/STATIONARY_HI_INTERPOLATION_CONTINUATION_POLICY_V1.md
NGC5033,blind,21,44.59,0.181824201078,Sigma_neutral_1p33 = 1.33 * Sigma_HI_raw,tabulated,piecewise_linear,none,inner_continuation_only,3.42520865704,124.628579775,16,17,data/stationary/source_reconstruction/feasts2025_ngc5033_hi_profile_raw_v1.csv,data/stationary/source_reconstruction/certified_hi_common_tabulated_v5.csv,explicit_frozen_radius,raw_HI_to_common_1p33,1.33,0,central_value_frozen; source_uncertainties_retained_upstream,validation/stationary/STATIONARY_HI_INTERPOLATION_CONTINUATION_POLICY_V1.md
NGC5055,blind,0,0.72,5.67881550802,Sigma_neutral_1p33 = 1.33 * Sigma_HI_raw,tabulated,piecewise_linear,none,outer_continuation_only,0.19603960396,20.3881188119,1,2,data/stationary/source_reconstruction/leroy2008_things_hi_profiles_v1.csv,data/stationary/source_reconstruction/certified_hi_common_tabulated_v5.csv,source_kpc_times_frozen_over_source_distance,source_includes_1p36_to_common_1p33,0.977941176471,0,central_value_frozen; source_uncertainties_retained_upstream,validation/stationary/STATIONARY_HI_INTERPOLATION_CONTINUATION_POLICY_V1.md
NGC5055,blind,1,1.43,5.76985294118,Sigma_neutral_1p33 = 1.33 * Sigma_HI_raw,tabulated,piecewise_linear,none,outer_continuation_only,0.19603960396,20.3881188119,2,3,data/stationary/source_reconstruction/leroy2008_things_hi_profiles_v1.csv,data/stationary/source_reconstruction/certified_hi_common_tabulated_v5.csv,source_kpc_times_frozen_over_source_distance,source_includes_1p36_to_common_1p33,0.977941176471,0,central_value_frozen; source_uncertainties_retained_upstream,validation/stationary/STATIONARY_HI_INTERPOLATION_CONTINUATION_POLICY_V1.md
NGC5055,blind,2,2.16,6.06608021391,Sigma_neutral_1p33 = 1.33 * Sigma_HI_raw,tabulated,piecewise_linear,none,outer_continuation_only,0.19603960396,20.3881188119,4,5,data/stationary/source_reconstruction/leroy2008_things_hi_profiles_v1.csv,data/stationary/source_reconstruction/certified_hi_common_tabulated_v5.csv,source_kpc_times_frozen_over_source_distance,source_includes_1p36_to_common_1p33,0.977941176471,0,central_value_frozen; source_uncertainties_retained_upstream,validation/stationary/STATIONARY_HI_INTERPOLATION_CONTINUATION_POLICY_V1.md
NGC5055,blind,3,2.87,6.36523143197,Sigma_neutral_1p33 = 1.33 * Sigma_HI_raw,tabulated,piecewise_linear,none,outer_continuation_only,0.19603960396,20.3881188119,5,6,data/stationary/source_reconstruction/leroy2008_things_hi_profiles_v1.csv,data/stationary/source_reconstruction/certified_hi_common_tabulated_v5.csv,source_kpc_times_frozen_over_source_distance,source_includes_1p36_to_common_1p33,0.977941176471,0,central_value_frozen; source_uncertainties_retained_upstream,validation/stationary/STATIONARY_HI_INTERPOLATION_CONTINUATION_POLICY_V1.md
NGC5055,blind,4,3.59,6.07789453357,Sigma_neutral_1p33 = 1.33 * Sigma_HI_raw,tabulated,piecewise_linear,none,outer_continuation_only,0.19603960396,20.3881188119,6,7,data/stationary/source_reconstruction/leroy2008_things_hi_profiles_v1.csv,data/stationary/source_reconstruction/certified_hi_common_tabulated_v5.csv,source_kpc_times_frozen_over_source_distance,source_includes_1p36_to_common_1p33,0.977941176471,0,central_value_frozen; source_uncertainties_retained_upstream,validation/stationary/STATIONARY_HI_INTERPOLATION_CONTINUATION_POLICY_V1.md
NGC5055,blind,5,4.3,6.61246286393,Sigma_neutral_1p33 = 1.33 * Sigma_HI_raw,tabulated,piecewise_linear,none,outer_continuation_only,0.19603960396,20.3881188119,8,9,data/stationary/source_reconstruction/leroy2008_things_hi_profiles_v1.csv,data/stationary/source_reconstruction/certified_hi_common_tabulated_v5.csv,source_kpc_times_frozen_over_source_distance,source_includes_1p36_to_common_1p33,0.977941176471,0,central_value_frozen; source_uncertainties_retained_upstream,validation/stationary/STATIONARY_HI_INTERPOLATION_CONTINUATION_POLICY_V1.md
NGC5055,blind,6,5.03,8.05003639335,Sigma_neutral_1p33 = 1.33 * Sigma_HI_raw,tabulated,piecewise_linear,none,outer_continuation_only,0.19603960396,20.3881188119,10,11,data/stationary/source_reconstruction/leroy2008_things_hi_profiles_v1.csv,data/stationary/source_reconstruction/certified_hi_common_tabulated_v5.csv,source_kpc_times_frozen_over_source_distance,source_includes_1p36_to_common_1p33,0.977941176471,0,central_value_frozen; source_uncertainties_retained_upstream,validation/stationary/STATIONARY_HI_INTERPOLATION_CONTINUATION_POLICY_V1.md
NGC5055,blind,7,5.75,8.5080882353,Sigma_neutral_1p33 = 1.33 * Sigma_HI_raw,tabulated,piecewise_linear,none,outer_continuation_only,0.19603960396,20.3881188119,11,12,data/stationary/source_reconstruction/leroy2008_things_hi_profiles_v1.csv,data/stationary/source_reconstruction/certified_hi_common_tabulated_v5.csv,source_kpc_times_frozen_over_source_distance,source_includes_1p36_to_common_1p33,0.977941176471,0,central_value_frozen; source_uncertainties_retained_upstream,validation/stationary/STATIONARY_HI_INTERPOLATION_CONTINUATION_POLICY_V1.md
NGC5055,blind,8,6.46,8.31621420083,Sigma_neutral_1p33 = 1.33 * Sigma_HI_raw,tabulated,piecewise_linear,none,outer_continuation_only,0.19603960396,20.3881188119,12,13,data/stationary/source_reconstruction/leroy2008_things_hi_profiles_v1.csv,data/stationary/source_reconstruction/certified_hi_common_tabulated_v5.csv,source_kpc_times_frozen_over_source_distance,source_includes_1p36_to_common_1p33,0.977941176471,0,central_value_frozen; source_uncertainties_retained_upstream,validation/stationary/STATIONARY_HI_INTERPOLATION_CONTINUATION_POLICY_V1.md
NGC5055,blind,9,7.18,8.35651723114,Sigma_neutral_1p33 = 1.33 * Sigma_HI_raw,tabulated,piecewise_linear,none,outer_continuation_only,0.19603960396,20.3881188119,14,15,data/stationary/source_reconstruction/leroy2008_things_hi_profiles_v1.csv,data/stationary/source_reconstruction/certified_hi_common_tabulated_v5.csv,source_kpc_times_frozen_over_source_distance,source_includes_1p36_to_common_1p33,0.977941176471,0,central_value_frozen; source_uncertainties_retained_upstream,validation/stationary/STATIONARY_HI_INTERPOLATION_CONTINUATION_POLICY_V1.md
NGC5055,blind,10,7.91,8.31840715983,Sigma_neutral_1p33 = 1.33 * Sigma_HI_raw,tabulated,piecewise_linear,none,outer_continuation_only,0.19603960396,20.3881188119,15,16,data/stationary/source_reconstruction/leroy2008_things_hi_profiles_v1.csv,data/stationary/source_reconstruction/certified_hi_common_tabulated_v5.csv,source_kpc_times_frozen_over_source_distance,source_includes_1p36_to_common_1p33,0.977941176471,0,central_value_frozen; source_uncertainties_retained_upstream,validation/stationary/STATIONARY_HI_INTERPOLATION_CONTINUATION_POLICY_V1.md
NGC5055,blind,11,8.62,7.57384818776,Sigma_neutral_1p33 = 1.33 * Sigma_HI_raw,tabulated,piecewise_linear,none,outer_continuation_only,0.19603960396,20.3881188119,17,18,data/stationary/source_reconstruction/leroy2008_things_hi_profiles_v1.csv,data/stationary/source_reconstruction/certified_hi_common_tabulated_v5.csv,source_kpc_times_frozen_over_source_distance,source_includes_1p36_to_common_1p33,0.977941176471,0,central_value_frozen; source_uncertainties_retained_upstream,validation/stationary/STATIONARY_HI_INTERPOLATION_CONTINUATION_POLICY_V1.md
NGC5055,blind,12,11.49,6.87830481281,Sigma_neutral_1p33 = 1.33 * Sigma_HI_raw,tabulated,piecewise_linear,none,outer_continuation_only,0.19603960396,20.3881188119,23,24,data/stationary/source_reconstruction/leroy2008_things_hi_profiles_v1.csv,data/stationary/source_reconstruction/certified_hi_common_tabulated_v5.csv,source_kpc_times_frozen_over_source_distance,source_includes_1p36_to_common_1p33,0.977941176471,0,central_value_frozen; source_uncertainties_retained_upstream,validation/stationary/STATIONARY_HI_INTERPOLATION_CONTINUATION_POLICY_V1.md
NGC5055,blind,13,14.3,4.28990196076,Sigma_neutral_1p33 = 1.33 * Sigma_HI_raw,tabulated,piecewise_linear,none,outer_continuation_only,0.19603960396,20.3881188119,29,30,data/stationary/source_reconstruction/leroy2008_things_hi_profiles_v1.csv,data/stationary/source_reconstruction/certified_hi_common_tabulated_v5.csv,source_kpc_times_frozen_over_source_distance,source_includes_1p36_to_common_1p33,0.977941176471,0,central_value_frozen; source_uncertainties_retained_upstream,validation/stationary/STATIONARY_HI_INTERPOLATION_CONTINUATION_POLICY_V1.md
NGC5055,blind,14,17.19,2.51579812835,Sigma_neutral_1p33 = 1.33 * Sigma_HI_raw,tabulated,piecewise_linear,none,outer_continuation_only,0.19603960396,20.3881188119,35,36,data/stationary/source_reconstruction/leroy2008_things_hi_profiles_v1.csv,data/stationary/source_reconstruction/certified_hi_common_tabulated_v5.csv,source_kpc_times_frozen_over_source_distance,source_includes_1p36_to_common_1p33,0.977941176471,0,central_value_frozen; source_uncertainties_retained_upstream,validation/stationary/STATIONARY_HI_INTERPOLATION_CONTINUATION_POLICY_V1.md
NGC5055,blind,15,20.07,1.2370066845,Sigma_neutral_1p33 = 1.33 * Sigma_HI_raw,tabulated,piecewise_linear,none,outer_continuation_only,0.19603960396,20.3881188119,41,42,data/stationary/source_reconstruction/leroy2008_things_hi_profiles_v1.csv,data/stationary/source_reconstruction/certified_hi_common_tabulated_v5.csv,source_kpc_times_frozen_over_source_distance,source_includes_1p36_to_common_1p33,0.977941176471,0,central_value_frozen; source_uncertainties_retained_upstream,validation/stationary/STATIONARY_HI_INTERPOLATION_CONTINUATION_POLICY_V1.md
NGC5055,blind,16,22.96,0,Sigma_neutral_1p33 = 1.33 * Sigma_HI_raw,tabulated,outer_zero,outer,outer_continuation_only,0.19603960396,20.3881188119,42,42,data/stationary/source_reconstruction/leroy2008_things_hi_profiles_v1.csv,data/stationary/source_reconstruction/certified_hi_common_tabulated_v5.csv,source_kpc_times_frozen_over_source_distance,source_includes_1p36_to_common_1p33,0.977941176471,0,central_value_frozen; source_uncertainties_retained_upstream,validation/stationary/STATIONARY_HI_INTERPOLATION_CONTINUATION_POLICY_V1.md
NGC5055,blind,17,25.85,0,Sigma_neutral_1p33 = 1.33 * Sigma_HI_raw,tabulated,outer_zero,outer,outer_continuation_only,0.19603960396,20.3881188119,42,42,data/stationary/source_reconstruction/leroy2008_things_hi_profiles_v1.csv,data/stationary/source_reconstruction/certified_hi_common_tabulated_v5.csv,source_kpc_times_frozen_over_source_distance,source_includes_1p36_to_common_1p33,0.977941176471,0,central_value_frozen; source_uncertainties_retained_upstream,validation/stationary/STATIONARY_HI_INTERPOLATION_CONTINUATION_POLICY_V1.md
NGC5055,blind,18,28.74,0,Sigma_neutral_1p33 = 1.33 * Sigma_HI_raw,tabulated,outer_zero,outer,outer_continuation_only,0.19603960396,20.3881188119,42,42,data/stationary/source_reconstruction/leroy2008_things_hi_profiles_v1.csv,data/stationary/source_reconstruction/certified_hi_common_tabulated_v5.csv,source_kpc_times_frozen_over_source_distance,source_includes_1p36_to_common_1p33,0.977941176471,0,central_value_frozen; source_uncertainties_retained_upstream,validation/stationary/STATIONARY_HI_INTERPOLATION_CONTINUATION_POLICY_V1.md
NGC5055,blind,19,31.62,0,Sigma_neutral_1p33 = 1.33 * Sigma_HI_raw,tabulated,outer_zero,outer,outer_continuation_only,0.19603960396,20.3881188119,42,42,data/stationary/source_reconstruction/leroy2008_things_hi_profiles_v1.csv,data/stationary/source_reconstruction/certified_hi_common_tabulated_v5.csv,source_kpc_times_frozen_over_source_distance,source_includes_1p36_to_common_1p33,0.977941176471,0,central_value_frozen; source_uncertainties_retained_upstream,validation/stationary/STATIONARY_HI_INTERPOLATION_CONTINUATION_POLICY_V1.md
NGC5055,blind,20,34.51,0,Sigma_neutral_1p33 = 1.33 * Sigma_HI_raw,tabulated,outer_zero,outer,outer_continuation_only,0.19603960396,20.3881188119,42,42,data/stationary/source_reconstruction/leroy2008_things_hi_profiles_v1.csv,data/stationary/source_reconstruction/certified_hi_common_tabulated_v5.csv,source_kpc_times_frozen_over_source_distance,source_includes_1p36_to_common_1p33,0.977941176471,0,central_value_frozen; source_uncertainties_retained_upstream,validation/stationary/STATIONARY_HI_INTERPOLATION_CONTINUATION_POLICY_V1.md
NGC5055,blind,21,37.4,0,Sigma_neutral_1p33 = 1.33 * Sigma_HI_raw,tabulated,outer_zero,outer,outer_continuation_only,0.19603960396,20.3881188119,42,42,data/stationary/source_reconstruction/leroy2008_things_hi_profiles_v1.csv,data/stationary/source_reconstruction/certified_hi_common_tabulated_v5.csv,source_kpc_times_frozen_over_source_distance,source_includes_1p36_to_common_1p33,0.977941176471,0,central_value_frozen; source_uncertainties_retained_upstream,validation/stationary/STATIONARY_HI_INTERPOLATION_CONTINUATION_POLICY_V1.md
NGC5055,blind,22,40.29,0,Sigma_neutral_1p33 = 1.33 * Sigma_HI_raw,tabulated,outer_zero,outer,outer_continuation_only,0.19603960396,20.3881188119,42,42,data/stationary/source_reconstruction/leroy2008_things_hi_profiles_v1.csv,data/stationary/source_reconstruction/certified_hi_common_tabulated_v5.csv,source_kpc_times_frozen_over_source_distance,source_includes_1p36_to_common_1p33,0.977941176471,0,central_value_frozen; source_uncertainties_retained_upstream,validation/stationary/STATIONARY_HI_INTERPOLATION_CONTINUATION_POLICY_V1.md
NGC5055,blind,23,43.17,0,Sigma_neutral_1p33 = 1.33 * Sigma_HI_raw,tabulated,outer_zero,outer,outer_continuation_only,0.19603960396,20.3881188119,42,42,data/stationary/source_reconstruction/leroy2008_things_hi_profiles_v1.csv,data/stationary/source_reconstruction/certified_hi_common_tabulated_v5.csv,source_kpc_times_frozen_over_source_distance,source_includes_1p36_to_common_1p33,0.977941176471,0,central_value_frozen; source_uncertainties_retained_upstream,validation/stationary/STATIONARY_HI_INTERPOLATION_CONTINUATION_POLICY_V1.md
NGC5055,blind,24,45.92,0,Sigma_neutral_1p33 = 1.33 * Sigma_HI_raw,tabulated,outer_zero,outer,outer_continuation_only,0.19603960396,20.3881188119,42,42,data/stationary/source_reconstruction/leroy2008_things_hi_profiles_v1.csv,data/stationary/source_reconstruction/certified_hi_common_tabulated_v5.csv,source_kpc_times_frozen_over_source_distance,source_includes_1p36_to_common_1p33,0.977941176471,0,central_value_frozen; source_uncertainties_retained_upstream,validation/stationary/STATIONARY_HI_INTERPOLATION_CONTINUATION_POLICY_V1.md
NGC5055,blind,25,48.81,0,Sigma_neutral_1p33 = 1.33 * Sigma_HI_raw,tabulated,outer_zero,outer,outer_continuation_only,0.19603960396,20.3881188119,42,42,data/stationary/source_reconstruction/leroy2008_things_hi_profiles_v1.csv,data/stationary/source_reconstruction/certified_hi_common_tabulated_v5.csv,source_kpc_times_frozen_over_source_distance,source_includes_1p36_to_common_1p33,0.977941176471,0,central_value_frozen; source_uncertainties_retained_upstream,validation/stationary/STATIONARY_HI_INTERPOLATION_CONTINUATION_POLICY_V1.md
NGC5055,blind,26,51.7,0,Sigma_neutral_1p33 = 1.33 * Sigma_HI_raw,tabulated,outer_zero,outer,outer_continuation_only,0.19603960396,20.3881188119,42,42,data/stationary/source_reconstruction/leroy2008_things_hi_profiles_v1.csv,data/stationary/source_reconstruction/certified_hi_common_tabulated_v5.csv,source_kpc_times_frozen_over_source_distance,source_includes_1p36_to_common_1p33,0.977941176471,0,central_value_frozen; source_uncertainties_retained_upstream,validation/stationary/STATIONARY_HI_INTERPOLATION_CONTINUATION_POLICY_V1.md
NGC5055,blind,27,54.59,0,Sigma_neutral_1p33 = 1.33 * Sigma_HI_raw,tabulated,outer_zero,outer,outer_continuation_only,0.19603960396,20.3881188119,42,42,data/stationary/source_reconstruction/leroy2008_things_hi_profiles_v1.csv,data/stationary/source_reconstruction/certified_hi_common_tabulated_v5.csv,source_kpc_times_frozen_over_source_distance,source_includes_1p36_to_common_1p33,0.977941176471,0,central_value_frozen; source_uncertainties_retained_upstream,validation/stationary/STATIONARY_HI_INTERPOLATION_CONTINUATION_POLICY_V1.md
NGC5907,calibration,0,5.03,3.67988066322,Sigma_neutral_1p33 = 1.33 * Sigma_HI_raw,tabulated,piecewise_linear,none,full_measured_support,0,59.2552678025,4,5,data/stationary/source_reconstruction/sa87_ngc5907_heroes2015_hi_side_profiles_v1.csv,data/stationary/source_reconstruction/certified_hi_common_tabulated_v5.csv,source_kpc_times_frozen_over_source_distance,raw_HI_to_common_1p33,1.33,0,central_value_frozen; source_uncertainties_retained_upstream,validation/stationary/STATIONARY_HI_INTERPOLATION_CONTINUATION_POLICY_V1.md
NGC5907,calibration,1,7.55,4.57963303534,Sigma_neutral_1p33 = 1.33 * Sigma_HI_raw,tabulated,piecewise_linear,none,full_measured_support,0,59.2552678025,6,7,data/stationary/source_reconstruction/sa87_ngc5907_heroes2015_hi_side_profiles_v1.csv,data/stationary/source_reconstruction/certified_hi_common_tabulated_v5.csv,source_kpc_times_frozen_over_source_distance,raw_HI_to_common_1p33,1.33,0,central_value_frozen; source_uncertainties_retained_upstream,validation/stationary/STATIONARY_HI_INTERPOLATION_CONTINUATION_POLICY_V1.md
NGC5907,calibration,2,10.07,7.14066019288,Sigma_neutral_1p33 = 1.33 * Sigma_HI_raw,tabulated,piecewise_linear,none,full_measured_support,0,59.2552678025,9,10,data/stationary/source_reconstruction/sa87_ngc5907_heroes2015_hi_side_profiles_v1.csv,data/stationary/source_reconstruction/certified_hi_common_tabulated_v5.csv,source_kpc_times_frozen_over_source_distance,raw_HI_to_common_1p33,1.33,0,central_value_frozen; source_uncertainties_retained_upstream,validation/stationary/STATIONARY_HI_INTERPOLATION_CONTINUATION_POLICY_V1.md
NGC5907,calibration,3,12.58,6.51218298802,Sigma_neutral_1p33 = 1.33 * Sigma_HI_raw,tabulated,piecewise_linear,none,full_measured_support,0,59.2552678025,11,12,data/stationary/source_reconstruction/sa87_ngc5907_heroes2015_hi_side_profiles_v1.csv,data/stationary/source_reconstruction/certified_hi_common_tabulated_v5.csv,source_kpc_times_frozen_over_source_distance,raw_HI_to_common_1p33,1.33,0,central_value_frozen; source_uncertainties_retained_upstream,validation/stationary/STATIONARY_HI_INTERPOLATION_CONTINUATION_POLICY_V1.md
NGC5907,calibration,4,15.1,5.86308909296,Sigma_neutral_1p33 = 1.33 * Sigma_HI_raw,tabulated,piecewise_linear,none,full_measured_support,0,59.2552678025,13,14,data/stationary/source_reconstruction/sa87_ngc5907_heroes2015_hi_side_profiles_v1.csv,data/stationary/source_reconstruction/certified_hi_common_tabulated_v5.csv,source_kpc_times_frozen_over_source_distance,raw_HI_to_common_1p33,1.33,0,central_value_frozen; source_uncertainties_retained_upstream,validation/stationary/STATIONARY_HI_INTERPOLATION_CONTINUATION_POLICY_V1.md
NGC5907,calibration,5,17.61,7.76371412565,Sigma_neutral_1p33 = 1.33 * Sigma_HI_raw,tabulated,piecewise_linear,none,full_measured_support,0,59.2552678025,15,16,data/stationary/source_reconstruction/sa87_ngc5907_heroes2015_hi_side_profiles_v1.csv,data/stationary/source_reconstruction/certified_hi_common_tabulated_v5.csv,source_kpc_times_frozen_over_source_distance,raw_HI_to_common_1p33,1.33,0,central_value_frozen; source_uncertainties_retained_upstream,validation/stationary/STATIONARY_HI_INTERPOLATION_CONTINUATION_POLICY_V1.md
NGC5907,calibration,6,20.13,7.44448185338,Sigma_neutral_1p33 = 1.33 * Sigma_HI_raw,tabulated,piecewise_linear,none,full_measured_support,0,59.2552678025,18,19,data/stationary/source_reconstruction/sa87_ngc5907_heroes2015_hi_side_profiles_v1.csv,data/stationary/source_reconstruction/certified_hi_common_tabulated_v5.csv,source_kpc_times_frozen_over_source_distance,raw_HI_to_common_1p33,1.33,0,central_value_frozen; source_uncertainties_retained_upstream,validation/stationary/STATIONARY_HI_INTERPOLATION_CONTINUATION_POLICY_V1.md
NGC5907,calibration,7,22.65,5.53051817636,Sigma_neutral_1p33 = 1.33 * Sigma_HI_raw,tabulated,piecewise_linear,none,full_measured_support,0,59.2552678025,20,21,data/stationary/source_reconstruction/sa87_ngc5907_heroes2015_hi_side_profiles_v1.csv,data/stationary/source_reconstruction/certified_hi_common_tabulated_v5.csv,source_kpc_times_frozen_over_source_distance,raw_HI_to_common_1p33,1.33,0,central_value_frozen; source_uncertainties_retained_upstream,validation/stationary/STATIONARY_HI_INTERPOLATION_CONTINUATION_POLICY_V1.md
NGC5907,calibration,8,25.16,3.03750151602,Sigma_neutral_1p33 = 1.33 * Sigma_HI_raw,tabulated,piecewise_linear,none,full_measured_support,0,59.2552678025,22,23,data/stationary/source_reconstruction/sa87_ngc5907_heroes2015_hi_side_profiles_v1.csv,data/stationary/source_reconstruction/certified_hi_common_tabulated_v5.csv,source_kpc_times_frozen_over_source_distance,raw_HI_to_common_1p33,1.33,0,central_value_frozen; source_uncertainties_retained_upstream,validation/stationary/STATIONARY_HI_INTERPOLATION_CONTINUATION_POLICY_V1.md
NGC5907,calibration,9,27.68,5.77283554066,Sigma_neutral_1p33 = 1.33 * Sigma_HI_raw,tabulated,piecewise_linear,none,full_measured_support,0,59.2552678025,24,25,data/stationary/source_reconstruction/sa87_ngc5907_heroes2015_hi_side_profiles_v1.csv,data/stationary/source_reconstruction/certified_hi_common_tabulated_v5.csv,source_kpc_times_frozen_over_source_distance,raw_HI_to_common_1p33,1.33,0,central_value_frozen; source_uncertainties_retained_upstream,validation/stationary/STATIONARY_HI_INTERPOLATION_CONTINUATION_POLICY_V1.md
NGC5907,calibration,10,30.2,2.00466610965,Sigma_neutral_1p33 = 1.33 * Sigma_HI_raw,tabulated,piecewise_linear,none,full_measured_support,0,59.2552678025,27,28,data/stationary/source_reconstruction/sa87_ngc5907_heroes2015_hi_side_profiles_v1.csv,data/stationary/source_reconstruction/certified_hi_common_tabulated_v5.csv,source_kpc_times_frozen_over_source_distance,raw_HI_to_common_1p33,1.33,0,central_value_frozen; source_uncertainties_retained_upstream,validation/stationary/STATIONARY_HI_INTERPOLATION_CONTINUATION_POLICY_V1.md
NGC5907,calibration,11,32.71,1.7431509704,Sigma_neutral_1p33 = 1.33 * Sigma_HI_raw,tabulated,piecewise_linear,none,full_measured_support,0,59.2552678025,29,30,data/stationary/source_reconstruction/sa87_ngc5907_heroes2015_hi_side_profiles_v1.csv,data/stationary/source_reconstruction/certified_hi_common_tabulated_v5.csv,source_kpc_times_frozen_over_source_distance,raw_HI_to_common_1p33,1.33,0,central_value_frozen; source_uncertainties_retained_upstream,validation/stationary/STATIONARY_HI_INTERPOLATION_CONTINUATION_POLICY_V1.md
NGC5907,calibration,12,35.23,1.51309181667,Sigma_neutral_1p33 = 1.33 * Sigma_HI_raw,tabulated,piecewise_linear,none,full_measured_support,0,59.2552678025,31,32,data/stationary/source_reconstruction/sa87_ngc5907_heroes2015_hi_side_profiles_v1.csv,data/stationary/source_reconstruction/certified_hi_common_tabulated_v5.csv,source_kpc_times_frozen_over_source_distance,raw_HI_to_common_1p33,1.33,0,central_value_frozen; source_uncertainties_retained_upstream,validation/stationary/STATIONARY_HI_INTERPOLATION_CONTINUATION_POLICY_V1.md
NGC5907,calibration,13,37.75,1.25422326876,Sigma_neutral_1p33 = 1.33 * Sigma_HI_raw,tabulated,piecewise_linear,none,full_measured_support,0,59.2552678025,33,34,data/stationary/source_reconstruction/sa87_ngc5907_heroes2015_hi_side_profiles_v1.csv,data/stationary/source_reconstruction/certified_hi_common_tabulated_v5.csv,source_kpc_times_frozen_over_source_distance,raw_HI_to_common_1p33,1.33,0,central_value_frozen; source_uncertainties_retained_upstream,validation/stationary/STATIONARY_HI_INTERPOLATION_CONTINUATION_POLICY_V1.md
NGC5907,calibration,14,40.26,0.969623242127,Sigma_neutral_1p33 = 1.33 * Sigma_HI_raw,tabulated,piecewise_linear,none,full_measured_support,0,59.2552678025,36,37,data/stationary/source_reconstruction/sa87_ngc5907_heroes2015_hi_side_profiles_v1.csv,data/stationary/source_reconstruction/certified_hi_common_tabulated_v5.csv,source_kpc_times_frozen_over_source_distance,raw_HI_to_common_1p33,1.33,0,central_value_frozen; source_uncertainties_retained_upstream,validation/stationary/STATIONARY_HI_INTERPOLATION_CONTINUATION_POLICY_V1.md
NGC5907,calibration,15,42.78,1.29820565469,Sigma_neutral_1p33 = 1.33 * Sigma_HI_raw,tabulated,piecewise_linear,none,full_measured_support,0,59.2552678025,38,39,data/stationary/source_reconstruction/sa87_ngc5907_heroes2015_hi_side_profiles_v1.csv,data/stationary/source_reconstruction/certified_hi_common_tabulated_v5.csv,source_kpc_times_frozen_over_source_distance,raw_HI_to_common_1p33,1.33,0,central_value_frozen; source_uncertainties_retained_upstream,validation/stationary/STATIONARY_HI_INTERPOLATION_CONTINUATION_POLICY_V1.md
NGC5907,calibration,16,45.29,1.04461731717,Sigma_neutral_1p33 = 1.33 * Sigma_HI_raw,tabulated,piecewise_linear,none,full_measured_support,0,59.2552678025,40,41,data/stationary/source_reconstruction/sa87_ngc5907_heroes2015_hi_side_profiles_v1.csv,data/stationary/source_reconstruction/certified_hi_common_tabulated_v5.csv,source_kpc_times_frozen_over_source_distance,raw_HI_to_common_1p33,1.33,0,central_value_frozen; source_uncertainties_retained_upstream,validation/stationary/STATIONARY_HI_INTERPOLATION_CONTINUATION_POLICY_V1.md
NGC5907,calibration,17,47.81,0.800499673074,Sigma_neutral_1p33 = 1.33 * Sigma_HI_raw,tabulated,piecewise_linear,none,full_measured_support,0,59.2552678025,42,43,data/stationary/source_reconstruction/sa87_ngc5907_heroes2015_hi_side_profiles_v1.csv,data/stationary/source_reconstruction/certified_hi_common_tabulated_v5.csv,source_kpc_times_frozen_over_source_distance,raw_HI_to_common_1p33,1.33,0,central_value_frozen; source_uncertainties_retained_upstream,validation/stationary/STATIONARY_HI_INTERPOLATION_CONTINUATION_POLICY_V1.md
NGC5907,calibration,18,50.33,0.57670728367,Sigma_neutral_1p33 = 1.33 * Sigma_HI_raw,tabulated,piecewise_linear,none,full_measured_support,0,59.2552678025,45,46,data/stationary/source_reconstruction/sa87_ngc5907_heroes2015_hi_side_profiles_v1.csv,data/stationary/source_reconstruction/certified_hi_common_tabulated_v5.csv,source_kpc_times_frozen_over_source_distance,raw_HI_to_common_1p33,1.33,0,central_value_frozen; source_uncertainties_retained_upstream,validation/stationary/STATIONARY_HI_INTERPOLATION_CONTINUATION_POLICY_V1.md
NGC6015,calibration,0,0.34,5.45825982814,Sigma_neutral_1p33 = 1.33 * Sigma_HI_raw,tabulated,inner_constant,inner,inner_and_outer_continuation,1.23169977526,25.9684019963,0,0,data/stationary/source_reconstruction/vm97_ngc6015_hi_profile_v1.csv,data/stationary/source_reconstruction/certified_hi_common_tabulated_v5.csv,angular_radius_times_frozen_distance,raw_HI_to_common_1p33,1.33,0,central_value_frozen; source_uncertainties_retained_upstream,validation/stationary/STATIONARY_HI_INTERPOLATION_CONTINUATION_POLICY_V1.md
NGC6015,calibration,1,0.67,5.45825982814,Sigma_neutral_1p33 = 1.33 * Sigma_HI_raw,tabulated,inner_constant,inner,inner_and_outer_continuation,1.23169977526,25.9684019963,0,0,data/stationary/source_reconstruction/vm97_ngc6015_hi_profile_v1.csv,data/stationary/source_reconstruction/certified_hi_common_tabulated_v5.csv,angular_radius_times_frozen_distance,raw_HI_to_common_1p33,1.33,0,central_value_frozen; source_uncertainties_retained_upstream,validation/stationary/STATIONARY_HI_INTERPOLATION_CONTINUATION_POLICY_V1.md
NGC6015,calibration,2,1,5.45825982814,Sigma_neutral_1p33 = 1.33 * Sigma_HI_raw,tabulated,inner_constant,inner,inner_and_outer_continuation,1.23169977526,25.9684019963,0,0,data/stationary/source_reconstruction/vm97_ngc6015_hi_profile_v1.csv,data/stationary/source_reconstruction/certified_hi_common_tabulated_v5.csv,angular_radius_times_frozen_distance,raw_HI_to_common_1p33,1.33,0,central_value_frozen; source_uncertainties_retained_upstream,validation/stationary/STATIONARY_HI_INTERPOLATION_CONTINUATION_POLICY_V1.md
NGC6015,calibration,3,1.32,5.54976700276,Sigma_neutral_1p33 = 1.33 * Sigma_HI_raw,tabulated,piecewise_linear,none,inner_and_outer_continuation,1.23169977526,25.9684019963,0,1,data/stationary/source_reconstruction/vm97_ngc6015_hi_profile_v1.csv,data/stationary/source_reconstruction/certified_hi_common_tabulated_v5.csv,angular_radius_times_frozen_distance,raw_HI_to_common_1p33,1.33,0,central_value_frozen; source_uncertainties_retained_upstream,validation/stationary/STATIONARY_HI_INTERPOLATION_CONTINUATION_POLICY_V1.md
NGC6015,calibration,4,1.65,5.89175217568,Sigma_neutral_1p33 = 1.33 * Sigma_HI_raw,tabulated,piecewise_linear,none,inner_and_outer_continuation,1.23169977526,25.9684019963,0,1,data/stationary/source_reconstruction/vm97_ngc6015_hi_profile_v1.csv,data/stationary/source_reconstruction/certified_hi_common_tabulated_v5.csv,angular_radius_times_frozen_distance,raw_HI_to_common_1p33,1.33,0,central_value_frozen; source_uncertainties_retained_upstream,validation/stationary/STATIONARY_HI_INTERPOLATION_CONTINUATION_POLICY_V1.md
NGC6015,calibration,5,1.98,6.23373734859,Sigma_neutral_1p33 = 1.33 * Sigma_HI_raw,tabulated,piecewise_linear,none,inner_and_outer_continuation,1.23169977526,25.9684019963,0,1,data/stationary/source_reconstruction/vm97_ngc6015_hi_profile_v1.csv,data/stationary/source_reconstruction/certified_hi_common_tabulated_v5.csv,angular_radius_times_frozen_distance,raw_HI_to_common_1p33,1.33,0,central_value_frozen; source_uncertainties_retained_upstream,validation/stationary/STATIONARY_HI_INTERPOLATION_CONTINUATION_POLICY_V1.md
NGC6015,calibration,6,2.31,6.60675443317,Sigma_neutral_1p33 = 1.33 * Sigma_HI_raw,tabulated,piecewise_linear,none,inner_and_outer_continuation,1.23169977526,25.9684019963,1,2,data/stationary/source_reconstruction/vm97_ngc6015_hi_profile_v1.csv,data/stationary/source_reconstruction/certified_hi_common_tabulated_v5.csv,angular_radius_times_frozen_distance,raw_HI_to_common_1p33,1.33,0,central_value_frozen; source_uncertainties_retained_upstream,validation/stationary/STATIONARY_HI_INTERPOLATION_CONTINUATION_POLICY_V1.md
NGC6015,calibration,7,2.63,6.97708391567,Sigma_neutral_1p33 = 1.33 * Sigma_HI_raw,tabulated,piecewise_linear,none,inner_and_outer_continuation,1.23169977526,25.9684019963,1,2,data/stationary/source_reconstruction/vm97_ngc6015_hi_profile_v1.csv,data/stationary/source_reconstruction/certified_hi_common_tabulated_v5.csv,angular_radius_times_frozen_distance,raw_HI_to_common_1p33,1.33,0,central_value_frozen; source_uncertainties_retained_upstream,validation/stationary/STATIONARY_HI_INTERPOLATION_CONTINUATION_POLICY_V1.md
NGC6015,calibration,8,2.96,7.35445902923,Sigma_neutral_1p33 = 1.33 * Sigma_HI_raw,tabulated,piecewise_linear,none,inner_and_outer_continuation,1.23169977526,25.9684019963,2,3,data/stationary/source_reconstruction/vm97_ngc6015_hi_profile_v1.csv,data/stationary/source_reconstruction/certified_hi_common_tabulated_v5.csv,angular_radius_times_frozen_distance,raw_HI_to_common_1p33,1.33,0,central_value_frozen; source_uncertainties_retained_upstream,validation/stationary/STATIONARY_HI_INTERPOLATION_CONTINUATION_POLICY_V1.md
NGC6015,calibration,9,3.28,7.70558819048,Sigma_neutral_1p33 = 1.33 * Sigma_HI_raw,tabulated,piecewise_linear,none,inner_and_outer_continuation,1.23169977526,25.9684019963,2,3,data/stationary/source_reconstruction/vm97_ngc6015_hi_profile_v1.csv,data/stationary/source_reconstruction/certified_hi_common_tabulated_v5.csv,angular_radius_times_frozen_distance,raw_HI_to_common_1p33,1.33,0,central_value_frozen; source_uncertainties_retained_upstream,validation/stationary/STATIONARY_HI_INTERPOLATION_CONTINUATION_POLICY_V1.md
NGC6015,calibration,10,3.61,8.06769013802,Sigma_neutral_1p33 = 1.33 * Sigma_HI_raw,tabulated,piecewise_linear,none,inner_and_outer_continuation,1.23169977526,25.9684019963,2,3,data/stationary/source_reconstruction/vm97_ngc6015_hi_profile_v1.csv,data/stationary/source_reconstruction/certified_hi_common_tabulated_v5.csv,angular_radius_times_frozen_distance,raw_HI_to_common_1p33,1.33,0,central_value_frozen; source_uncertainties_retained_upstream,validation/stationary/STATIONARY_HI_INTERPOLATION_CONTINUATION_POLICY_V1.md
NGC6015,calibration,11,3.94,8.37565689825,Sigma_neutral_1p33 = 1.33 * Sigma_HI_raw,tabulated,piecewise_linear,none,inner_and_outer_continuation,1.23169977526,25.9684019963,3,4,data/stationary/source_reconstruction/vm97_ngc6015_hi_profile_v1.csv,data/stationary/source_reconstruction/certified_hi_common_tabulated_v5.csv,angular_radius_times_frozen_distance,raw_HI_to_common_1p33,1.33,0,central_value_frozen; source_uncertainties_retained_upstream,validation/stationary/STATIONARY_HI_INTERPOLATION_CONTINUATION_POLICY_V1.md
NGC6015,calibration,12,4.27,8.66131510136,Sigma_neutral_1p33 = 1.33 * Sigma_HI_raw,tabulated,piecewise_linear,none,inner_and_outer_continuation,1.23169977526,25.9684019963,3,4,data/stationary/source_reconstruction/vm97_ngc6015_hi_profile_v1.csv,data/stationary/source_reconstruction/certified_hi_common_tabulated_v5.csv,angular_radius_times_frozen_distance,raw_HI_to_common_1p33,1.33,0,central_value_frozen; source_uncertainties_retained_upstream,validation/stationary/STATIONARY_HI_INTERPOLATION_CONTINUATION_POLICY_V1.md
NGC6015,calibration,13,4.6,8.92459241559,Sigma_neutral_1p33 = 1.33 * Sigma_HI_raw,tabulated,piecewise_linear,none,inner_and_outer_continuation,1.23169977526,25.9684019963,4,5,data/stationary/source_reconstruction/vm97_ngc6015_hi_profile_v1.csv,data/stationary/source_reconstruction/certified_hi_common_tabulated_v5.csv,angular_radius_times_frozen_distance,raw_HI_to_common_1p33,1.33,0,central_value_frozen; source_uncertainties_retained_upstream,validation/stationary/STATIONARY_HI_INTERPOLATION_CONTINUATION_POLICY_V1.md
NGC6015,calibration,14,4.94,9.11313255576,Sigma_neutral_1p33 = 1.33 * Sigma_HI_raw,tabulated,piecewise_linear,none,inner_and_outer_continuation,1.23169977526,25.9684019963,4,5,data/stationary/source_reconstruction/vm97_ngc6015_hi_profile_v1.csv,data/stationary/source_reconstruction/certified_hi_common_tabulated_v5.csv,angular_radius_times_frozen_distance,raw_HI_to_common_1p33,1.33,0,central_value_frozen; source_uncertainties_retained_upstream,validation/stationary/STATIONARY_HI_INTERPOLATION_CONTINUATION_POLICY_V1.md
NGC6015,calibration,15,5.3,9.31276329242,Sigma_neutral_1p33 = 1.33 * Sigma_HI_raw,tabulated,piecewise_linear,none,inner_and_outer_continuation,1.23169977526,25.9684019963,4,5,data/stationary/source_reconstruction/vm97_ngc6015_hi_profile_v1.csv,data/stationary/source_reconstruction/certified_hi_common_tabulated_v5.csv,angular_radius_times_frozen_distance,raw_HI_to_common_1p33,1.33,0,central_value_frozen; source_uncertainties_retained_upstream,validation/stationary/STATIONARY_HI_INTERPOLATION_CONTINUATION_POLICY_V1.md
NGC6015,calibration,16,5.63,9.39179549476,Sigma_neutral_1p33 = 1.33 * Sigma_HI_raw,tabulated,piecewise_linear,none,inner_and_outer_continuation,1.23169977526,25.9684019963,5,6,data/stationary/source_reconstruction/vm97_ngc6015_hi_profile_v1.csv,data/stationary/source_reconstruction/certified_hi_common_tabulated_v5.csv,angular_radius_times_frozen_distance,raw_HI_to_common_1p33,1.33,0,central_value_frozen; source_uncertainties_retained_upstream,validation/stationary/STATIONARY_HI_INTERPOLATION_CONTINUATION_POLICY_V1.md
NGC6015,calibration,17,5.96,9.44812246454,Sigma_neutral_1p33 = 1.33 * Sigma_HI_raw,tabulated,piecewise_linear,none,inner_and_outer_continuation,1.23169977526,25.9684019963,5,6,data/stationary/source_reconstruction/vm97_ngc6015_hi_profile_v1.csv,data/stationary/source_reconstruction/certified_hi_common_tabulated_v5.csv,angular_radius_times_frozen_distance,raw_HI_to_common_1p33,1.33,0,central_value_frozen; source_uncertainties_retained_upstream,validation/stationary/STATIONARY_HI_INTERPOLATION_CONTINUATION_POLICY_V1.md
NGC6015,calibration,18,6.27,9.47496663383,Sigma_neutral_1p33 = 1.33 * Sigma_HI_raw,tabulated,piecewise_linear,none,inner_and_outer_continuation,1.23169977526,25.9684019963,6,7,data/stationary/source_reconstruction/vm97_ngc6015_hi_profile_v1.csv,data/stationary/source_reconstruction/certified_hi_common_tabulated_v5.csv,angular_radius_times_frozen_distance,raw_HI_to_common_1p33,1.33,0,central_value_frozen; source_uncertainties_retained_upstream,validation/stationary/STATIONARY_HI_INTERPOLATION_CONTINUATION_POLICY_V1.md
NGC6015,calibration,19,8.24,8.92977411628,Sigma_neutral_1p33 = 1.33 * Sigma_HI_raw,tabulated,piecewise_linear,none,inner_and_outer_continuation,1.23169977526,25.9684019963,8,9,data/stationary/source_reconstruction/vm97_ngc6015_hi_profile_v1.csv,data/stationary/source_reconstruction/certified_hi_common_tabulated_v5.csv,angular_radius_times_frozen_distance,raw_HI_to_common_1p33,1.33,0,central_value_frozen; source_uncertainties_retained_upstream,validation/stationary/STATIONARY_HI_INTERPOLATION_CONTINUATION_POLICY_V1.md
NGC6015,calibration,20,10.3,8.08258003293,Sigma_neutral_1p33 = 1.33 * Sigma_HI_raw,tabulated,piecewise_linear,none,inner_and_outer_continuation,1.23169977526,25.9684019963,11,12,data/stationary/source_reconstruction/vm97_ngc6015_hi_profile_v1.csv,data/stationary/source_reconstruction/certified_hi_common_tabulated_v5.csv,angular_radius_times_frozen_distance,raw_HI_to_common_1p33,1.33,0,central_value_frozen; source_uncertainties_retained_upstream,validation/stationary/STATIONARY_HI_INTERPOLATION_CONTINUATION_POLICY_V1.md
NGC6015,calibration,21,11.13,7.56228639782,Sigma_neutral_1p33 = 1.33 * Sigma_HI_raw,tabulated,piecewise_linear,none,inner_and_outer_continuation,1.23169977526,25.9684019963,11,12,data/stationary/source_reconstruction/vm97_ngc6015_hi_profile_v1.csv,data/stationary/source_reconstruction/certified_hi_common_tabulated_v5.csv,angular_radius_times_frozen_distance,raw_HI_to_common_1p33,1.33,0,central_value_frozen; source_uncertainties_retained_upstream,validation/stationary/STATIONARY_HI_INTERPOLATION_CONTINUATION_POLICY_V1.md
NGC6015,calibration,22,11.95,6.89248077904,Sigma_neutral_1p33 = 1.33 * Sigma_HI_raw,tabulated,piecewise_linear,none,inner_and_outer_continuation,1.23169977526,25.9684019963,12,13,data/stationary/source_reconstruction/vm97_ngc6015_hi_profile_v1.csv,data/stationary/source_reconstruction/certified_hi_common_tabulated_v5.csv,angular_radius_times_frozen_distance,raw_HI_to_common_1p33,1.33,0,central_value_frozen; source_uncertainties_retained_upstream,validation/stationary/STATIONARY_HI_INTERPOLATION_CONTINUATION_POLICY_V1.md
NGC6015,calibration,23,12.72,6.1042910388,Sigma_neutral_1p33 = 1.33 * Sigma_HI_raw,tabulated,piecewise_linear,none,inner_and_outer_continuation,1.23169977526,25.9684019963,13,14,data/stationary/source_reconstruction/vm97_ngc6015_hi_profile_v1.csv,data/stationary/source_reconstruction/certified_hi_common_tabulated_v5.csv,angular_radius_times_frozen_distance,raw_HI_to_common_1p33,1.33,0,central_value_frozen; source_uncertainties_retained_upstream,validation/stationary/STATIONARY_HI_INTERPOLATION_CONTINUATION_POLICY_V1.md
NGC6015,calibration,24,13.58,5.19404818043,Sigma_neutral_1p33 = 1.33 * Sigma_HI_raw,tabulated,piecewise_linear,none,inner_and_outer_continuation,1.23169977526,25.9684019963,14,15,data/stationary/source_reconstruction/vm97_ngc6015_hi_profile_v1.csv,data/stationary/source_reconstruction/certified_hi_common_tabulated_v5.csv,angular_radius_times_frozen_distance,raw_HI_to_common_1p33,1.33,0,central_value_frozen; source_uncertainties_retained_upstream,validation/stationary/STATIONARY_HI_INTERPOLATION_CONTINUATION_POLICY_V1.md
NGC6015,calibration,25,14.43,4.39329886295,Sigma_neutral_1p33 = 1.33 * Sigma_HI_raw,tabulated,piecewise_linear,none,inner_and_outer_continuation,1.23169977526,25.9684019963,16,17,data/stationary/source_reconstruction/vm97_ngc6015_hi_profile_v1.csv,data/stationary/source_reconstruction/certified_hi_common_tabulated_v5.csv,angular_radius_times_frozen_distance,raw_HI_to_common_1p33,1.33,0,central_value_frozen; source_uncertainties_retained_upstream,validation/stationary/STATIONARY_HI_INTERPOLATION_CONTINUATION_POLICY_V1.md
NGC6015,calibration,26,15.29,3.6754282638,Sigma_neutral_1p33 = 1.33 * Sigma_HI_raw,tabulated,piecewise_linear,none,inner_and_outer_continuation,1.23169977526,25.9684019963,17,18,data/stationary/source_reconstruction/vm97_ngc6015_hi_profile_v1.csv,data/stationary/source_reconstruction/certified_hi_common_tabulated_v5.csv,angular_radius_times_frozen_distance,raw_HI_to_common_1p33,1.33,0,central_value_frozen; source_uncertainties_retained_upstream,validation/stationary/STATIONARY_HI_INTERPOLATION_CONTINUATION_POLICY_V1.md
NGC6015,calibration,27,16.02,3.15921962849,Sigma_neutral_1p33 = 1.33 * Sigma_HI_raw,tabulated,piecewise_linear,none,inner_and_outer_continuation,1.23169977526,25.9684019963,17,18,data/stationary/source_reconstruction/vm97_ngc6015_hi_profile_v1.csv,data/stationary/source_reconstruction/certified_hi_common_tabulated_v5.csv,angular_radius_times_frozen_distance,raw_HI_to_common_1p33,1.33,0,central_value_frozen; source_uncertainties_retained_upstream,validation/stationary/STATIONARY_HI_INTERPOLATION_CONTINUATION_POLICY_V1.md
NGC6015,calibration,28,16.88,2.67469587358,Sigma_neutral_1p33 = 1.33 * Sigma_HI_raw,tabulated,piecewise_linear,none,inner_and_outer_continuation,1.23169977526,25.9684019963,18,19,data/stationary/source_reconstruction/vm97_ngc6015_hi_profile_v1.csv,data/stationary/source_reconstruction/certified_hi_common_tabulated_v5.csv,angular_radius_times_frozen_distance,raw_HI_to_common_1p33,1.33,0,central_value_frozen; source_uncertainties_retained_upstream,validation/stationary/STATIONARY_HI_INTERPOLATION_CONTINUATION_POLICY_V1.md
NGC6015,calibration,29,17.73,2.26982638797,Sigma_neutral_1p33 = 1.33 * Sigma_HI_raw,tabulated,piecewise_linear,none,inner_and_outer_continuation,1.23169977526,25.9684019963,20,21,data/stationary/source_reconstruction/vm97_ngc6015_hi_profile_v1.csv,data/stationary/source_reconstruction/certified_hi_common_tabulated_v5.csv,angular_radius_times_frozen_distance,raw_HI_to_common_1p33,1.33,0,central_value_frozen; source_uncertainties_retained_upstream,validation/stationary/STATIONARY_HI_INTERPOLATION_CONTINUATION_POLICY_V1.md
NGC6015,calibration,30,18.59,1.98067250884,Sigma_neutral_1p33 = 1.33 * Sigma_HI_raw,tabulated,piecewise_linear,none,inner_and_outer_continuation,1.23169977526,25.9684019963,21,22,data/stationary/source_reconstruction/vm97_ngc6015_hi_profile_v1.csv,data/stationary/source_reconstruction/certified_hi_common_tabulated_v5.csv,angular_radius_times_frozen_distance,raw_HI_to_common_1p33,1.33,0,central_value_frozen; source_uncertainties_retained_upstream,validation/stationary/STATIONARY_HI_INTERPOLATION_CONTINUATION_POLICY_V1.md
NGC6015,calibration,31,19.32,1.80266953192,Sigma_neutral_1p33 = 1.33 * Sigma_HI_raw,tabulated,piecewise_linear,none,inner_and_outer_continuation,1.23169977526,25.9684019963,21,22,data/stationary/source_reconstruction/vm97_ngc6015_hi_profile_v1.csv,data/stationary/source_reconstruction/certified_hi_common_tabulated_v5.csv,angular_radius_times_frozen_distance,raw_HI_to_common_1p33,1.33,0,central_value_frozen; source_uncertainties_retained_upstream,validation/stationary/STATIONARY_HI_INTERPOLATION_CONTINUATION_POLICY_V1.md
NGC6015,calibration,32,20.18,1.57557941071,Sigma_neutral_1p33 = 1.33 * Sigma_HI_raw,tabulated,piecewise_linear,none,inner_and_outer_continuation,1.23169977526,25.9684019963,22,23,data/stationary/source_reconstruction/vm97_ngc6015_hi_profile_v1.csv,data/stationary/source_reconstruction/certified_hi_common_tabulated_v5.csv,angular_radius_times_frozen_distance,raw_HI_to_common_1p33,1.33,0,central_value_frozen; source_uncertainties_retained_upstream,validation/stationary/STATIONARY_HI_INTERPOLATION_CONTINUATION_POLICY_V1.md
NGC6015,calibration,33,21.04,1.32542929229,Sigma_neutral_1p33 = 1.33 * Sigma_HI_raw,tabulated,piecewise_linear,none,inner_and_outer_continuation,1.23169977526,25.9684019963,24,25,data/stationary/source_reconstruction/vm97_ngc6015_hi_profile_v1.csv,data/stationary/source_reconstruction/certified_hi_common_tabulated_v5.csv,angular_radius_times_frozen_distance,raw_HI_to_common_1p33,1.33,0,central_value_frozen; source_uncertainties_retained_upstream,validation/stationary/STATIONARY_HI_INTERPOLATION_CONTINUATION_POLICY_V1.md
NGC6015,calibration,34,21.89,1.12362170169,Sigma_neutral_1p33 = 1.33 * Sigma_HI_raw,tabulated,piecewise_linear,none,inner_and_outer_continuation,1.23169977526,25.9684019963,25,26,data/stationary/source_reconstruction/vm97_ngc6015_hi_profile_v1.csv,data/stationary/source_reconstruction/certified_hi_common_tabulated_v5.csv,angular_radius_times_frozen_distance,raw_HI_to_common_1p33,1.33,0,central_value_frozen; source_uncertainties_retained_upstream,validation/stationary/STATIONARY_HI_INTERPOLATION_CONTINUATION_POLICY_V1.md
NGC6015,calibration,35,22.63,1.02549403315,Sigma_neutral_1p33 = 1.33 * Sigma_HI_raw,tabulated,piecewise_linear,none,inner_and_outer_continuation,1.23169977526,25.9684019963,25,26,data/stationary/source_reconstruction/vm97_ngc6015_hi_profile_v1.csv,data/stationary/source_reconstruction/certified_hi_common_tabulated_v5.csv,angular_radius_times_frozen_distance,raw_HI_to_common_1p33,1.33,0,central_value_frozen; source_uncertainties_retained_upstream,validation/stationary/STATIONARY_HI_INTERPOLATION_CONTINUATION_POLICY_V1.md
NGC6015,calibration,36,23.48,0.852458705907,Sigma_neutral_1p33 = 1.33 * Sigma_HI_raw,tabulated,piecewise_linear,none,inner_and_outer_continuation,1.23169977526,25.9684019963,26,27,data/stationary/source_reconstruction/vm97_ngc6015_hi_profile_v1.csv,data/stationary/source_reconstruction/certified_hi_common_tabulated_v5.csv,angular_radius_times_frozen_distance,raw_HI_to_common_1p33,1.33,0,central_value_frozen; source_uncertainties_retained_upstream,validation/stationary/STATIONARY_HI_INTERPOLATION_CONTINUATION_POLICY_V1.md
NGC6015,calibration,37,24.34,0.696932033231,Sigma_neutral_1p33 = 1.33 * Sigma_HI_raw,tabulated,piecewise_linear,none,inner_and_outer_continuation,1.23169977526,25.9684019963,28,29,data/stationary/source_reconstruction/vm97_ngc6015_hi_profile_v1.csv,data/stationary/source_reconstruction/certified_hi_common_tabulated_v5.csv,angular_radius_times_frozen_distance,raw_HI_to_common_1p33,1.33,0,central_value_frozen; source_uncertainties_retained_upstream,validation/stationary/STATIONARY_HI_INTERPOLATION_CONTINUATION_POLICY_V1.md
NGC6015,calibration,38,25.19,0.612813891587,Sigma_neutral_1p33 = 1.33 * Sigma_HI_raw,tabulated,piecewise_linear,none,inner_and_outer_continuation,1.23169977526,25.9684019963,29,30,data/stationary/source_reconstruction/vm97_ngc6015_hi_profile_v1.csv,data/stationary/source_reconstruction/certified_hi_common_tabulated_v5.csv,angular_radius_times_frozen_distance,raw_HI_to_common_1p33,1.33,0,central_value_frozen; source_uncertainties_retained_upstream,validation/stationary/STATIONARY_HI_INTERPOLATION_CONTINUATION_POLICY_V1.md
NGC6015,calibration,39,25.93,0.523606920827,Sigma_neutral_1p33 = 1.33 * Sigma_HI_raw,tabulated,piecewise_linear,none,inner_and_outer_continuation,1.23169977526,25.9684019963,29,30,data/stationary/source_reconstruction/vm97_ngc6015_hi_profile_v1.csv,data/stationary/source_reconstruction/certified_hi_common_tabulated_v5.csv,angular_radius_times_frozen_distance,raw_HI_to_common_1p33,1.33,0,central_value_frozen; source_uncertainties_retained_upstream,validation/stationary/STATIONARY_HI_INTERPOLATION_CONTINUATION_POLICY_V1.md
NGC6015,calibration,40,26.78,0,Sigma_neutral_1p33 = 1.33 * Sigma_HI_raw,tabulated,outer_zero,outer,inner_and_outer_continuation,1.23169977526,25.9684019963,30,30,data/stationary/source_reconstruction/vm97_ngc6015_hi_profile_v1.csv,data/stationary/source_reconstruction/certified_hi_common_tabulated_v5.csv,angular_radius_times_frozen_distance,raw_HI_to_common_1p33,1.33,0,central_value_frozen; source_uncertainties_retained_upstream,validation/stationary/STATIONARY_HI_INTERPOLATION_CONTINUATION_POLICY_V1.md
NGC6015,calibration,41,27.64,0,Sigma_neutral_1p33 = 1.33 * Sigma_HI_raw,tabulated,outer_zero,outer,inner_and_outer_continuation,1.23169977526,25.9684019963,30,30,data/stationary/source_reconstruction/vm97_ngc6015_hi_profile_v1.csv,data/stationary/source_reconstruction/certified_hi_common_tabulated_v5.csv,angular_radius_times_frozen_distance,raw_HI_to_common_1p33,1.33,0,central_value_frozen; source_uncertainties_retained_upstream,validation/stationary/STATIONARY_HI_INTERPOLATION_CONTINUATION_POLICY_V1.md
NGC6015,calibration,42,28.37,0,Sigma_neutral_1p33 = 1.33 * Sigma_HI_raw,tabulated,outer_zero,outer,inner_and_outer_continuation,1.23169977526,25.9684019963,30,30,data/stationary/source_reconstruction/vm97_ngc6015_hi_profile_v1.csv,data/stationary/source_reconstruction/certified_hi_common_tabulated_v5.csv,angular_radius_times_frozen_distance,raw_HI_to_common_1p33,1.33,0,central_value_frozen; source_uncertainties_retained_upstream,validation/stationary/STATIONARY_HI_INTERPOLATION_CONTINUATION_POLICY_V1.md
NGC6015,calibration,43,29.23,0,Sigma_neutral_1p33 = 1.33 * Sigma_HI_raw,tabulated,outer_zero,outer,inner_and_outer_continuation,1.23169977526,25.9684019963,30,30,data/stationary/source_reconstruction/vm97_ngc6015_hi_profile_v1.csv,data/stationary/source_reconstruction/certified_hi_common_tabulated_v5.csv,angular_radius_times_frozen_distance,raw_HI_to_common_1p33,1.33,0,central_value_frozen; source_uncertainties_retained_upstream,validation/stationary/STATIONARY_HI_INTERPOLATION_CONTINUATION_POLICY_V1.md
NGC6946,blind,0,0.19,6.06624706948,Sigma_neutral_1p33 = 1.33 * Sigma_HI_raw,tabulated,piecewise_linear,none,outer_continuation_only,0.0935593220339,10.8528813559,0,1,data/stationary/source_reconstruction/leroy2008_things_hi_profiles_v1.csv,data/stationary/source_reconstruction/certified_hi_common_tabulated_v5.csv,source_kpc_times_frozen_over_source_distance,source_includes_1p36_to_common_1p33,0.977941176471,0,central_value_frozen; source_uncertainties_retained_upstream,validation/stationary/STATIONARY_HI_INTERPOLATION_CONTINUATION_POLICY_V1.md
NGC6946,blind,1,0.56,6.25882352941,Sigma_neutral_1p33 = 1.33 * Sigma_HI_raw,tabulated,piecewise_linear,none,outer_continuation_only,0.0935593220339,10.8528813559,1,2,data/stationary/source_reconstruction/leroy2008_things_hi_profiles_v1.csv,data/stationary/source_reconstruction/certified_hi_common_tabulated_v5.csv,source_kpc_times_frozen_over_source_distance,source_includes_1p36_to_common_1p33,0.977941176471,0,central_value_frozen; source_uncertainties_retained_upstream,validation/stationary/STATIONARY_HI_INTERPOLATION_CONTINUATION_POLICY_V1.md
NGC6946,blind,2,0.94,5.76371128162,Sigma_neutral_1p33 = 1.33 * Sigma_HI_raw,tabulated,piecewise_linear,none,outer_continuation_only,0.0935593220339,10.8528813559,3,4,data/stationary/source_reconstruction/leroy2008_things_hi_profiles_v1.csv,data/stationary/source_reconstruction/certified_hi_common_tabulated_v5.csv,source_kpc_times_frozen_over_source_distance,source_includes_1p36_to_common_1p33,0.977941176471,0,central_value_frozen; source_uncertainties_retained_upstream,validation/stationary/STATIONARY_HI_INTERPOLATION_CONTINUATION_POLICY_V1.md
NGC6946,blind,3,1.22,5.37867647059,Sigma_neutral_1p33 = 1.33 * Sigma_HI_raw,tabulated,piecewise_linear,none,outer_continuation_only,0.0935593220339,10.8528813559,4,5,data/stationary/source_reconstruction/leroy2008_things_hi_profiles_v1.csv,data/stationary/source_reconstruction/certified_hi_common_tabulated_v5.csv,source_kpc_times_frozen_over_source_distance,source_includes_1p36_to_common_1p33,0.977941176471,0,central_value_frozen; source_uncertainties_retained_upstream,validation/stationary/STATIONARY_HI_INTERPOLATION_CONTINUATION_POLICY_V1.md
NGC6946,blind,4,1.59,5.47593909847,Sigma_neutral_1p33 = 1.33 * Sigma_HI_raw,tabulated,piecewise_linear,none,outer_continuation_only,0.0935593220339,10.8528813559,5,6,data/stationary/source_reconstruction/leroy2008_things_hi_profiles_v1.csv,data/stationary/source_reconstruction/certified_hi_common_tabulated_v5.csv,source_kpc_times_frozen_over_source_distance,source_includes_1p36_to_common_1p33,0.977941176471,0,central_value_frozen; source_uncertainties_retained_upstream,validation/stationary/STATIONARY_HI_INTERPOLATION_CONTINUATION_POLICY_V1.md
NGC6946,blind,5,1.96,6.24394181586,Sigma_neutral_1p33 = 1.33 * Sigma_HI_raw,tabulated,piecewise_linear,none,outer_continuation_only,0.0935593220339,10.8528813559,6,7,data/stationary/source_reconstruction/leroy2008_things_hi_profiles_v1.csv,data/stationary/source_reconstruction/certified_hi_common_tabulated_v5.csv,source_kpc_times_frozen_over_source_distance,source_includes_1p36_to_common_1p33,0.977941176471,0,central_value_frozen; source_uncertainties_retained_upstream,validation/stationary/STATIONARY_HI_INTERPOLATION_CONTINUATION_POLICY_V1.md
NGC6946,blind,6,2.34,6.9125559463,Sigma_neutral_1p33 = 1.33 * Sigma_HI_raw,tabulated,piecewise_linear,none,outer_continuation_only,0.0935593220339,10.8528813559,8,9,data/stationary/source_reconstruction/leroy2008_things_hi_profiles_v1.csv,data/stationary/source_reconstruction/certified_hi_common_tabulated_v5.csv,source_kpc_times_frozen_over_source_distance,source_includes_1p36_to_common_1p33,0.977941176471,0,central_value_frozen; source_uncertainties_retained_upstream,validation/stationary/STATIONARY_HI_INTERPOLATION_CONTINUATION_POLICY_V1.md
NGC6946,blind,7,2.71,7.49306088377,Sigma_neutral_1p33 = 1.33 * Sigma_HI_raw,tabulated,piecewise_linear,none,outer_continuation_only,0.0935593220339,10.8528813559,9,10,data/stationary/source_reconstruction/leroy2008_things_hi_profiles_v1.csv,data/stationary/source_reconstruction/certified_hi_common_tabulated_v5.csv,source_kpc_times_frozen_over_source_distance,source_includes_1p36_to_common_1p33,0.977941176471,0,central_value_frozen; source_uncertainties_retained_upstream,validation/stationary/STATIONARY_HI_INTERPOLATION_CONTINUATION_POLICY_V1.md
NGC6946,blind,8,2.99,7.88329248366,Sigma_neutral_1p33 = 1.33 * Sigma_HI_raw,tabulated,piecewise_linear,none,outer_continuation_only,0.0935593220339,10.8528813559,10,11,data/stationary/source_reconstruction/leroy2008_things_hi_profiles_v1.csv,data/stationary/source_reconstruction/certified_hi_common_tabulated_v5.csv,source_kpc_times_frozen_over_source_distance,source_includes_1p36_to_common_1p33,0.977941176471,0,central_value_frozen; source_uncertainties_retained_upstream,validation/stationary/STATIONARY_HI_INTERPOLATION_CONTINUATION_POLICY_V1.md
NGC6946,blind,9,3.37,8.51198582695,Sigma_neutral_1p33 = 1.33 * Sigma_HI_raw,tabulated,piecewise_linear,none,outer_continuation_only,0.0935593220339,10.8528813559,12,13,data/stationary/source_reconstruction/leroy2008_things_hi_profiles_v1.csv,data/stationary/source_reconstruction/certified_hi_common_tabulated_v5.csv,source_kpc_times_frozen_over_source_distance,source_includes_1p36_to_common_1p33,0.977941176471,0,central_value_frozen; source_uncertainties_retained_upstream,validation/stationary/STATIONARY_HI_INTERPOLATION_CONTINUATION_POLICY_V1.md
NGC6946,blind,10,3.74,9.19016677323,Sigma_neutral_1p33 = 1.33 * Sigma_HI_raw,tabulated,piecewise_linear,none,outer_continuation_only,0.0935593220339,10.8528813559,13,14,data/stationary/source_reconstruction/leroy2008_things_hi_profiles_v1.csv,data/stationary/source_reconstruction/certified_hi_common_tabulated_v5.csv,source_kpc_times_frozen_over_source_distance,source_includes_1p36_to_common_1p33,0.977941176471,0,central_value_frozen; source_uncertainties_retained_upstream,validation/stationary/STATIONARY_HI_INTERPOLATION_CONTINUATION_POLICY_V1.md
NGC6946,blind,11,4.12,9.29162226485,Sigma_neutral_1p33 = 1.33 * Sigma_HI_raw,tabulated,piecewise_linear,none,outer_continuation_only,0.0935593220339,10.8528813559,15,16,data/stationary/source_reconstruction/leroy2008_things_hi_profiles_v1.csv,data/stationary/source_reconstruction/certified_hi_common_tabulated_v5.csv,source_kpc_times_frozen_over_source_distance,source_includes_1p36_to_common_1p33,0.977941176471,0,central_value_frozen; source_uncertainties_retained_upstream,validation/stationary/STATIONARY_HI_INTERPOLATION_CONTINUATION_POLICY_V1.md
NGC6946,blind,12,4.4,9.38823529412,Sigma_neutral_1p33 = 1.33 * Sigma_HI_raw,tabulated,piecewise_linear,none,outer_continuation_only,0.0935593220339,10.8528813559,16,17,data/stationary/source_reconstruction/leroy2008_things_hi_profiles_v1.csv,data/stationary/source_reconstruction/certified_hi_common_tabulated_v5.csv,source_kpc_times_frozen_over_source_distance,source_includes_1p36_to_common_1p33,0.977941176471,0,central_value_frozen; source_uncertainties_retained_upstream,validation/stationary/STATIONARY_HI_INTERPOLATION_CONTINUATION_POLICY_V1.md
NGC6946,blind,13,4.77,9.35616874467,Sigma_neutral_1p33 = 1.33 * Sigma_HI_raw,tabulated,piecewise_linear,none,outer_continuation_only,0.0935593220339,10.8528813559,17,18,data/stationary/source_reconstruction/leroy2008_things_hi_profiles_v1.csv,data/stationary/source_reconstruction/certified_hi_common_tabulated_v5.csv,source_kpc_times_frozen_over_source_distance,source_includes_1p36_to_common_1p33,0.977941176471,0,central_value_frozen; source_uncertainties_retained_upstream,validation/stationary/STATIONARY_HI_INTERPOLATION_CONTINUATION_POLICY_V1.md
NGC6946,blind,14,5.15,9.15709629867,Sigma_neutral_1p33 = 1.33 * Sigma_HI_raw,tabulated,piecewise_linear,none,outer_continuation_only,0.0935593220339,10.8528813559,18,19,data/stationary/source_reconstruction/leroy2008_things_hi_profiles_v1.csv,data/stationary/source_reconstruction/certified_hi_common_tabulated_v5.csv,source_kpc_times_frozen_over_source_distance,source_includes_1p36_to_common_1p33,0.977941176471,0,central_value_frozen; source_uncertainties_retained_upstream,validation/stationary/STATIONARY_HI_INTERPOLATION_CONTINUATION_POLICY_V1.md
NGC6946,blind,15,5.52,9.09485294118,Sigma_neutral_1p33 = 1.33 * Sigma_HI_raw,tabulated,measured_node,none,outer_continuation_only,0.0935593220339,10.8528813559,20,20,data/stationary/source_reconstruction/leroy2008_things_hi_profiles_v1.csv,data/stationary/source_reconstruction/certified_hi_common_tabulated_v5.csv,source_kpc_times_frozen_over_source_distance,source_includes_1p36_to_common_1p33,0.977941176471,0,central_value_frozen; source_uncertainties_retained_upstream,validation/stationary/STATIONARY_HI_INTERPOLATION_CONTINUATION_POLICY_V1.md
NGC6946,blind,16,5.89,8.96741350526,Sigma_neutral_1p33 = 1.33 * Sigma_HI_raw,tabulated,piecewise_linear,none,outer_continuation_only,0.0935593220339,10.8528813559,21,22,data/stationary/source_reconstruction/leroy2008_things_hi_profiles_v1.csv,data/stationary/source_reconstruction/certified_hi_common_tabulated_v5.csv,source_kpc_times_frozen_over_source_distance,source_includes_1p36_to_common_1p33,0.977941176471,0,central_value_frozen; source_uncertainties_retained_upstream,validation/stationary/STATIONARY_HI_INTERPOLATION_CONTINUATION_POLICY_V1.md
NGC6946,blind,17,6.17,8.70881420503,Sigma_neutral_1p33 = 1.33 * Sigma_HI_raw,tabulated,piecewise_linear,none,outer_continuation_only,0.0935593220339,10.8528813559,22,23,data/stationary/source_reconstruction/leroy2008_things_hi_profiles_v1.csv,data/stationary/source_reconstruction/certified_hi_common_tabulated_v5.csv,source_kpc_times_frozen_over_source_distance,source_includes_1p36_to_common_1p33,0.977941176471,0,central_value_frozen; source_uncertainties_retained_upstream,validation/stationary/STATIONARY_HI_INTERPOLATION_CONTINUATION_POLICY_V1.md
NGC6946,blind,18,6.55,8.21382006607,Sigma_neutral_1p33 = 1.33 * Sigma_HI_raw,tabulated,piecewise_linear,none,outer_continuation_only,0.0935593220339,10.8528813559,24,25,data/stationary/source_reconstruction/leroy2008_things_hi_profiles_v1.csv,data/stationary/source_reconstruction/certified_hi_common_tabulated_v5.csv,source_kpc_times_frozen_over_source_distance,source_includes_1p36_to_common_1p33,0.977941176471,0,central_value_frozen; source_uncertainties_retained_upstream,validation/stationary/STATIONARY_HI_INTERPOLATION_CONTINUATION_POLICY_V1.md
NGC6946,blind,19,6.92,7.88990657858,Sigma_neutral_1p33 = 1.33 * Sigma_HI_raw,tabulated,piecewise_linear,none,outer_continuation_only,0.0935593220339,10.8528813559,25,26,data/stationary/source_reconstruction/leroy2008_things_hi_profiles_v1.csv,data/stationary/source_reconstruction/certified_hi_common_tabulated_v5.csv,source_kpc_times_frozen_over_source_distance,source_includes_1p36_to_common_1p33,0.977941176471,0,central_value_frozen; source_uncertainties_retained_upstream,validation/stationary/STATIONARY_HI_INTERPOLATION_CONTINUATION_POLICY_V1.md
NGC6946,blind,20,7.3,7.82352941177,Sigma_neutral_1p33 = 1.33 * Sigma_HI_raw,tabulated,piecewise_linear,none,outer_continuation_only,0.0935593220339,10.8528813559,26,27,data/stationary/source_reconstruction/leroy2008_things_hi_profiles_v1.csv,data/stationary/source_reconstruction/certified_hi_common_tabulated_v5.csv,source_kpc_times_frozen_over_source_distance,source_includes_1p36_to_common_1p33,0.977941176471,0,central_value_frozen; source_uncertainties_retained_upstream,validation/stationary/STATIONARY_HI_INTERPOLATION_CONTINUATION_POLICY_V1.md
NGC6946,blind,21,7.58,7.75774278915,Sigma_neutral_1p33 = 1.33 * Sigma_HI_raw,tabulated,piecewise_linear,none,outer_continuation_only,0.0935593220339,10.8528813559,27,28,data/stationary/source_reconstruction/leroy2008_things_hi_profiles_v1.csv,data/stationary/source_reconstruction/certified_hi_common_tabulated_v5.csv,source_kpc_times_frozen_over_source_distance,source_includes_1p36_to_common_1p33,0.977941176471,0,central_value_frozen; source_uncertainties_retained_upstream,validation/stationary/STATIONARY_HI_INTERPOLATION_CONTINUATION_POLICY_V1.md
NGC6946,blind,22,7.95,7.07820359123,Sigma_neutral_1p33 = 1.33 * Sigma_HI_raw,tabulated,piecewise_linear,none,outer_continuation_only,0.0935593220339,10.8528813559,29,30,data/stationary/source_reconstruction/leroy2008_things_hi_profiles_v1.csv,data/stationary/source_reconstruction/certified_hi_common_tabulated_v5.csv,source_kpc_times_frozen_over_source_distance,source_includes_1p36_to_common_1p33,0.977941176471,0,central_value_frozen; source_uncertainties_retained_upstream,validation/stationary/STATIONARY_HI_INTERPOLATION_CONTINUATION_POLICY_V1.md
NGC6946,blind,23,8.33,6.34988544331,Sigma_neutral_1p33 = 1.33 * Sigma_HI_raw,tabulated,piecewise_linear,none,outer_continuation_only,0.0935593220339,10.8528813559,30,31,data/stationary/source_reconstruction/leroy2008_things_hi_profiles_v1.csv,data/stationary/source_reconstruction/certified_hi_common_tabulated_v5.csv,source_kpc_times_frozen_over_source_distance,source_includes_1p36_to_common_1p33,0.977941176471,0,central_value_frozen; source_uncertainties_retained_upstream,validation/stationary/STATIONARY_HI_INTERPOLATION_CONTINUATION_POLICY_V1.md
NGC6946,blind,24,8.7,5.67383045609,Sigma_neutral_1p33 = 1.33 * Sigma_HI_raw,tabulated,piecewise_linear,none,outer_continuation_only,0.0935593220339,10.8528813559,31,32,data/stationary/source_reconstruction/leroy2008_things_hi_profiles_v1.csv,data/stationary/source_reconstruction/certified_hi_common_tabulated_v5.csv,source_kpc_times_frozen_over_source_distance,source_includes_1p36_to_common_1p33,0.977941176471,0,central_value_frozen; source_uncertainties_retained_upstream,validation/stationary/STATIONARY_HI_INTERPOLATION_CONTINUATION_POLICY_V1.md
NGC6946,blind,25,9.08,5.01183042058,Sigma_neutral_1p33 = 1.33 * Sigma_HI_raw,tabulated,piecewise_linear,none,outer_continuation_only,0.0935593220339,10.8528813559,33,34,data/stationary/source_reconstruction/leroy2008_things_hi_profiles_v1.csv,data/stationary/source_reconstruction/certified_hi_common_tabulated_v5.csv,source_kpc_times_frozen_over_source_distance,source_includes_1p36_to_common_1p33,0.977941176471,0,central_value_frozen; source_uncertainties_retained_upstream,validation/stationary/STATIONARY_HI_INTERPOLATION_CONTINUATION_POLICY_V1.md
NGC6946,blind,26,9.36,4.59207161126,Sigma_neutral_1p33 = 1.33 * Sigma_HI_raw,tabulated,piecewise_linear,none,outer_continuation_only,0.0935593220339,10.8528813559,34,35,data/stationary/source_reconstruction/leroy2008_things_hi_profiles_v1.csv,data/stationary/source_reconstruction/certified_hi_common_tabulated_v5.csv,source_kpc_times_frozen_over_source_distance,source_includes_1p36_to_common_1p33,0.977941176471,0,central_value_frozen; source_uncertainties_retained_upstream,validation/stationary/STATIONARY_HI_INTERPOLATION_CONTINUATION_POLICY_V1.md
NGC6946,blind,27,9.73,4.00991315005,Sigma_neutral_1p33 = 1.33 * Sigma_HI_raw,tabulated,piecewise_linear,none,outer_continuation_only,0.0935593220339,10.8528813559,35,36,data/stationary/source_reconstruction/leroy2008_things_hi_profiles_v1.csv,data/stationary/source_reconstruction/certified_hi_common_tabulated_v5.csv,source_kpc_times_frozen_over_source_distance,source_includes_1p36_to_common_1p33,0.977941176471,0,central_value_frozen; source_uncertainties_retained_upstream,validation/stationary/STATIONARY_HI_INTERPOLATION_CONTINUATION_POLICY_V1.md
NGC6946,blind,28,10.1,3.75184533957,Sigma_neutral_1p33 = 1.33 * Sigma_HI_raw,tabulated,piecewise_linear,none,outer_continuation_only,0.0935593220339,10.8528813559,37,38,data/stationary/source_reconstruction/leroy2008_things_hi_profiles_v1.csv,data/stationary/source_reconstruction/certified_hi_common_tabulated_v5.csv,source_kpc_times_frozen_over_source_distance,source_includes_1p36_to_common_1p33,0.977941176471,0,central_value_frozen; source_uncertainties_retained_upstream,validation/stationary/STATIONARY_HI_INTERPOLATION_CONTINUATION_POLICY_V1.md
NGC6946,blind,29,10.48,3.55271383915,Sigma_neutral_1p33 = 1.33 * Sigma_HI_raw,tabulated,piecewise_linear,none,outer_continuation_only,0.0935593220339,10.8528813559,38,39,data/stationary/source_reconstruction/leroy2008_things_hi_profiles_v1.csv,data/stationary/source_reconstruction/certified_hi_common_tabulated_v5.csv,source_kpc_times_frozen_over_source_distance,source_includes_1p36_to_common_1p33,0.977941176471,0,central_value_frozen; source_uncertainties_retained_upstream,validation/stationary/STATIONARY_HI_INTERPOLATION_CONTINUATION_POLICY_V1.md
NGC6946,blind,30,10.76,3.5205882353,Sigma_neutral_1p33 = 1.33 * Sigma_HI_raw,tabulated,piecewise_linear,none,outer_continuation_only,0.0935593220339,10.8528813559,39,40,data/stationary/source_reconstruction/leroy2008_things_hi_profiles_v1.csv,data/stationary/source_reconstruction/certified_hi_common_tabulated_v5.csv,source_kpc_times_frozen_over_source_distance,source_includes_1p36_to_common_1p33,0.977941176471,0,central_value_frozen; source_uncertainties_retained_upstream,validation/stationary/STATIONARY_HI_INTERPOLATION_CONTINUATION_POLICY_V1.md
NGC6946,blind,31,11.13,0,Sigma_neutral_1p33 = 1.33 * Sigma_HI_raw,tabulated,outer_zero,outer,outer_continuation_only,0.0935593220339,10.8528813559,40,40,data/stationary/source_reconstruction/leroy2008_things_hi_profiles_v1.csv,data/stationary/source_reconstruction/certified_hi_common_tabulated_v5.csv,source_kpc_times_frozen_over_source_distance,source_includes_1p36_to_common_1p33,0.977941176471,0,central_value_frozen; source_uncertainties_retained_upstream,validation/stationary/STATIONARY_HI_INTERPOLATION_CONTINUATION_POLICY_V1.md
NGC6946,blind,32,11.51,0,Sigma_neutral_1p33 = 1.33 * Sigma_HI_raw,tabulated,outer_zero,outer,outer_continuation_only,0.0935593220339,10.8528813559,40,40,data/stationary/source_reconstruction/leroy2008_things_hi_profiles_v1.csv,data/stationary/source_reconstruction/certified_hi_common_tabulated_v5.csv,source_kpc_times_frozen_over_source_distance,source_includes_1p36_to_common_1p33,0.977941176471,0,central_value_frozen; source_uncertainties_retained_upstream,validation/stationary/STATIONARY_HI_INTERPOLATION_CONTINUATION_POLICY_V1.md
NGC6946,blind,33,11.88,0,Sigma_neutral_1p33 = 1.33 * Sigma_HI_raw,tabulated,outer_zero,outer,outer_continuation_only,0.0935593220339,10.8528813559,40,40,data/stationary/source_reconstruction/leroy2008_things_hi_profiles_v1.csv,data/stationary/source_reconstruction/certified_hi_common_tabulated_v5.csv,source_kpc_times_frozen_over_source_distance,source_includes_1p36_to_common_1p33,0.977941176471,0,central_value_frozen; source_uncertainties_retained_upstream,validation/stationary/STATIONARY_HI_INTERPOLATION_CONTINUATION_POLICY_V1.md
NGC6946,blind,34,12.26,0,Sigma_neutral_1p33 = 1.33 * Sigma_HI_raw,tabulated,outer_zero,outer,outer_continuation_only,0.0935593220339,10.8528813559,40,40,data/stationary/source_reconstruction/leroy2008_things_hi_profiles_v1.csv,data/stationary/source_reconstruction/certified_hi_common_tabulated_v5.csv,source_kpc_times_frozen_over_source_distance,source_includes_1p36_to_common_1p33,0.977941176471,0,central_value_frozen; source_uncertainties_retained_upstream,validation/stationary/STATIONARY_HI_INTERPOLATION_CONTINUATION_POLICY_V1.md
NGC6946,blind,35,12.54,0,Sigma_neutral_1p33 = 1.33 * Sigma_HI_raw,tabulated,outer_zero,outer,outer_continuation_only,0.0935593220339,10.8528813559,40,40,data/stationary/source_reconstruction/leroy2008_things_hi_profiles_v1.csv,data/stationary/source_reconstruction/certified_hi_common_tabulated_v5.csv,source_kpc_times_frozen_over_source_distance,source_includes_1p36_to_common_1p33,0.977941176471,0,central_value_frozen; source_uncertainties_retained_upstream,validation/stationary/STATIONARY_HI_INTERPOLATION_CONTINUATION_POLICY_V1.md
NGC6946,blind,36,12.91,0,Sigma_neutral_1p33 = 1.33 * Sigma_HI_raw,tabulated,outer_zero,outer,outer_continuation_only,0.0935593220339,10.8528813559,40,40,data/stationary/source_reconstruction/leroy2008_things_hi_profiles_v1.csv,data/stationary/source_reconstruction/certified_hi_common_tabulated_v5.csv,source_kpc_times_frozen_over_source_distance,source_includes_1p36_to_common_1p33,0.977941176471,0,central_value_frozen; source_uncertainties_retained_upstream,validation/stationary/STATIONARY_HI_INTERPOLATION_CONTINUATION_POLICY_V1.md
NGC6946,blind,37,13.29,0,Sigma_neutral_1p33 = 1.33 * Sigma_HI_raw,tabulated,outer_zero,outer,outer_continuation_only,0.0935593220339,10.8528813559,40,40,data/stationary/source_reconstruction/leroy2008_things_hi_profiles_v1.csv,data/stationary/source_reconstruction/certified_hi_common_tabulated_v5.csv,source_kpc_times_frozen_over_source_distance,source_includes_1p36_to_common_1p33,0.977941176471,0,central_value_frozen; source_uncertainties_retained_upstream,validation/stationary/STATIONARY_HI_INTERPOLATION_CONTINUATION_POLICY_V1.md
NGC6946,blind,38,13.66,0,Sigma_neutral_1p33 = 1.33 * Sigma_HI_raw,tabulated,outer_zero,outer,outer_continuation_only,0.0935593220339,10.8528813559,40,40,data/stationary/source_reconstruction/leroy2008_things_hi_profiles_v1.csv,data/stationary/source_reconstruction/certified_hi_common_tabulated_v5.csv,source_kpc_times_frozen_over_source_distance,source_includes_1p36_to_common_1p33,0.977941176471,0,central_value_frozen; source_uncertainties_retained_upstream,validation/stationary/STATIONARY_HI_INTERPOLATION_CONTINUATION_POLICY_V1.md
NGC6946,blind,39,14.03,0,Sigma_neutral_1p33 = 1.33 * Sigma_HI_raw,tabulated,outer_zero,outer,outer_continuation_only,0.0935593220339,10.8528813559,40,40,data/stationary/source_reconstruction/leroy2008_things_hi_profiles_v1.csv,data/stationary/source_reconstruction/certified_hi_common_tabulated_v5.csv,source_kpc_times_frozen_over_source_distance,source_includes_1p36_to_common_1p33,0.977941176471,0,central_value_frozen; source_uncertainties_retained_upstream,validation/stationary/STATIONARY_HI_INTERPOLATION_CONTINUATION_POLICY_V1.md
NGC6946,blind,40,14.31,0,Sigma_neutral_1p33 = 1.33 * Sigma_HI_raw,tabulated,outer_zero,outer,outer_continuation_only,0.0935593220339,10.8528813559,40,40,data/stationary/source_reconstruction/leroy2008_things_hi_profiles_v1.csv,data/stationary/source_reconstruction/certified_hi_common_tabulated_v5.csv,source_kpc_times_frozen_over_source_distance,source_includes_1p36_to_common_1p33,0.977941176471,0,central_value_frozen; source_uncertainties_retained_upstream,validation/stationary/STATIONARY_HI_INTERPOLATION_CONTINUATION_POLICY_V1.md
NGC6946,blind,41,14.69,0,Sigma_neutral_1p33 = 1.33 * Sigma_HI_raw,tabulated,outer_zero,outer,outer_continuation_only,0.0935593220339,10.8528813559,40,40,data/stationary/source_reconstruction/leroy2008_things_hi_profiles_v1.csv,data/stationary/source_reconstruction/certified_hi_common_tabulated_v5.csv,source_kpc_times_frozen_over_source_distance,source_includes_1p36_to_common_1p33,0.977941176471,0,central_value_frozen; source_uncertainties_retained_upstream,validation/stationary/STATIONARY_HI_INTERPOLATION_CONTINUATION_POLICY_V1.md
NGC6946,blind,42,15.06,0,Sigma_neutral_1p33 = 1.33 * Sigma_HI_raw,tabulated,outer_zero,outer,outer_continuation_only,0.0935593220339,10.8528813559,40,40,data/stationary/source_reconstruction/leroy2008_things_hi_profiles_v1.csv,data/stationary/source_reconstruction/certified_hi_common_tabulated_v5.csv,source_kpc_times_frozen_over_source_distance,source_includes_1p36_to_common_1p33,0.977941176471,0,central_value_frozen; source_uncertainties_retained_upstream,validation/stationary/STATIONARY_HI_INTERPOLATION_CONTINUATION_POLICY_V1.md
NGC6946,blind,43,15.44,0,Sigma_neutral_1p33 = 1.33 * Sigma_HI_raw,tabulated,outer_zero,outer,outer_continuation_only,0.0935593220339,10.8528813559,40,40,data/stationary/source_reconstruction/leroy2008_things_hi_profiles_v1.csv,data/stationary/source_reconstruction/certified_hi_common_tabulated_v5.csv,source_kpc_times_frozen_over_source_distance,source_includes_1p36_to_common_1p33,0.977941176471,0,central_value_frozen; source_uncertainties_retained_upstream,validation/stationary/STATIONARY_HI_INTERPOLATION_CONTINUATION_POLICY_V1.md
NGC6946,blind,44,15.72,0,Sigma_neutral_1p33 = 1.33 * Sigma_HI_raw,tabulated,outer_zero,outer,outer_continuation_only,0.0935593220339,10.8528813559,40,40,data/stationary/source_reconstruction/leroy2008_things_hi_profiles_v1.csv,data/stationary/source_reconstruction/certified_hi_common_tabulated_v5.csv,source_kpc_times_frozen_over_source_distance,source_includes_1p36_to_common_1p33,0.977941176471,0,central_value_frozen; source_uncertainties_retained_upstream,validation/stationary/STATIONARY_HI_INTERPOLATION_CONTINUATION_POLICY_V1.md
NGC6946,blind,45,16.09,0,Sigma_neutral_1p33 = 1.33 * Sigma_HI_raw,tabulated,outer_zero,outer,outer_continuation_only,0.0935593220339,10.8528813559,40,40,data/stationary/source_reconstruction/leroy2008_things_hi_profiles_v1.csv,data/stationary/source_reconstruction/certified_hi_common_tabulated_v5.csv,source_kpc_times_frozen_over_source_distance,source_includes_1p36_to_common_1p33,0.977941176471,0,central_value_frozen; source_uncertainties_retained_upstream,validation/stationary/STATIONARY_HI_INTERPOLATION_CONTINUATION_POLICY_V1.md
NGC6946,blind,46,16.47,0,Sigma_neutral_1p33 = 1.33 * Sigma_HI_raw,tabulated,outer_zero,outer,outer_continuation_only,0.0935593220339,10.8528813559,40,40,data/stationary/source_reconstruction/leroy2008_things_hi_profiles_v1.csv,data/stationary/source_reconstruction/certified_hi_common_tabulated_v5.csv,source_kpc_times_frozen_over_source_distance,source_includes_1p36_to_common_1p33,0.977941176471,0,central_value_frozen; source_uncertainties_retained_upstream,validation/stationary/STATIONARY_HI_INTERPOLATION_CONTINUATION_POLICY_V1.md
NGC6946,blind,47,16.84,0,Sigma_neutral_1p33 = 1.33 * Sigma_HI_raw,tabulated,outer_zero,outer,outer_continuation_only,0.0935593220339,10.8528813559,40,40,data/stationary/source_reconstruction/leroy2008_things_hi_profiles_v1.csv,data/stationary/source_reconstruction/certified_hi_common_tabulated_v5.csv,source_kpc_times_frozen_over_source_distance,source_includes_1p36_to_common_1p33,0.977941176471,0,central_value_frozen; source_uncertainties_retained_upstream,validation/stationary/STATIONARY_HI_INTERPOLATION_CONTINUATION_POLICY_V1.md
NGC6946,blind,48,17.21,0,Sigma_neutral_1p33 = 1.33 * Sigma_HI_raw,tabulated,outer_zero,outer,outer_continuation_only,0.0935593220339,10.8528813559,40,40,data/stationary/source_reconstruction/leroy2008_things_hi_profiles_v1.csv,data/stationary/source_reconstruction/certified_hi_common_tabulated_v5.csv,source_kpc_times_frozen_over_source_distance,source_includes_1p36_to_common_1p33,0.977941176471,0,central_value_frozen; source_uncertainties_retained_upstream,validation/stationary/STATIONARY_HI_INTERPOLATION_CONTINUATION_POLICY_V1.md
NGC6946,blind,49,17.5,0,Sigma_neutral_1p33 = 1.33 * Sigma_HI_raw,tabulated,outer_zero,outer,outer_continuation_only,0.0935593220339,10.8528813559,40,40,data/stationary/source_reconstruction/leroy2008_things_hi_profiles_v1.csv,data/stationary/source_reconstruction/certified_hi_common_tabulated_v5.csv,source_kpc_times_frozen_over_source_distance,source_includes_1p36_to_common_1p33,0.977941176471,0,central_value_frozen; source_uncertainties_retained_upstream,validation/stationary/STATIONARY_HI_INTERPOLATION_CONTINUATION_POLICY_V1.md
NGC6946,blind,50,17.87,0,Sigma_neutral_1p33 = 1.33 * Sigma_HI_raw,tabulated,outer_zero,outer,outer_continuation_only,0.0935593220339,10.8528813559,40,40,data/stationary/source_reconstruction/leroy2008_things_hi_profiles_v1.csv,data/stationary/source_reconstruction/certified_hi_common_tabulated_v5.csv,source_kpc_times_frozen_over_source_distance,source_includes_1p36_to_common_1p33,0.977941176471,0,central_value_frozen; source_uncertainties_retained_upstream,validation/stationary/STATIONARY_HI_INTERPOLATION_CONTINUATION_POLICY_V1.md
NGC6946,blind,51,18.24,0,Sigma_neutral_1p33 = 1.33 * Sigma_HI_raw,tabulated,outer_zero,outer,outer_continuation_only,0.0935593220339,10.8528813559,40,40,data/stationary/source_reconstruction/leroy2008_things_hi_profiles_v1.csv,data/stationary/source_reconstruction/certified_hi_common_tabulated_v5.csv,source_kpc_times_frozen_over_source_distance,source_includes_1p36_to_common_1p33,0.977941176471,0,central_value_frozen; source_uncertainties_retained_upstream,validation/stationary/STATIONARY_HI_INTERPOLATION_CONTINUATION_POLICY_V1.md
NGC6946,blind,52,18.62,0,Sigma_neutral_1p33 = 1.33 * Sigma_HI_raw,tabulated,outer_zero,outer,outer_continuation_only,0.0935593220339,10.8528813559,40,40,data/stationary/source_reconstruction/leroy2008_things_hi_profiles_v1.csv,data/stationary/source_reconstruction/certified_hi_common_tabulated_v5.csv,source_kpc_times_frozen_over_source_distance,source_includes_1p36_to_common_1p33,0.977941176471,0,central_value_frozen; source_uncertainties_retained_upstream,validation/stationary/STATIONARY_HI_INTERPOLATION_CONTINUATION_POLICY_V1.md
NGC6946,blind,53,18.9,0,Sigma_neutral_1p33 = 1.33 * Sigma_HI_raw,tabulated,outer_zero,outer,outer_continuation_only,0.0935593220339,10.8528813559,40,40,data/stationary/source_reconstruction/leroy2008_things_hi_profiles_v1.csv,data/stationary/source_reconstruction/certified_hi_common_tabulated_v5.csv,source_kpc_times_frozen_over_source_distance,source_includes_1p36_to_common_1p33,0.977941176471,0,central_value_frozen; source_uncertainties_retained_upstream,validation/stationary/STATIONARY_HI_INTERPOLATION_CONTINUATION_POLICY_V1.md
NGC6946,blind,54,19.27,0,Sigma_neutral_1p33 = 1.33 * Sigma_HI_raw,tabulated,outer_zero,outer,outer_continuation_only,0.0935593220339,10.8528813559,40,40,data/stationary/source_reconstruction/leroy2008_things_hi_profiles_v1.csv,data/stationary/source_reconstruction/certified_hi_common_tabulated_v5.csv,source_kpc_times_frozen_over_source_distance,source_includes_1p36_to_common_1p33,0.977941176471,0,central_value_frozen; source_uncertainties_retained_upstream,validation/stationary/STATIONARY_HI_INTERPOLATION_CONTINUATION_POLICY_V1.md
NGC6946,blind,55,19.65,0,Sigma_neutral_1p33 = 1.33 * Sigma_HI_raw,tabulated,outer_zero,outer,outer_continuation_only,0.0935593220339,10.8528813559,40,40,data/stationary/source_reconstruction/leroy2008_things_hi_profiles_v1.csv,data/stationary/source_reconstruction/certified_hi_common_tabulated_v5.csv,source_kpc_times_frozen_over_source_distance,source_includes_1p36_to_common_1p33,0.977941176471,0,central_value_frozen; source_uncertainties_retained_upstream,validation/stationary/STATIONARY_HI_INTERPOLATION_CONTINUATION_POLICY_V1.md
NGC6946,blind,56,20.02,0,Sigma_neutral_1p33 = 1.33 * Sigma_HI_raw,tabulated,outer_zero,outer,outer_continuation_only,0.0935593220339,10.8528813559,40,40,data/stationary/source_reconstruction/leroy2008_things_hi_profiles_v1.csv,data/stationary/source_reconstruction/certified_hi_common_tabulated_v5.csv,source_kpc_times_frozen_over_source_distance,source_includes_1p36_to_common_1p33,0.977941176471,0,central_value_frozen; source_uncertainties_retained_upstream,validation/stationary/STATIONARY_HI_INTERPOLATION_CONTINUATION_POLICY_V1.md
NGC6946,blind,57,20.4,0,Sigma_neutral_1p33 = 1.33 * Sigma_HI_raw,tabulated,outer_zero,outer,outer_continuation_only,0.0935593220339,10.8528813559,40,40,data/stationary/source_reconstruction/leroy2008_things_hi_profiles_v1.csv,data/stationary/source_reconstruction/certified_hi_common_tabulated_v5.csv,source_kpc_times_frozen_over_source_distance,source_includes_1p36_to_common_1p33,0.977941176471,0,central_value_frozen; source_uncertainties_retained_upstream,validation/stationary/STATIONARY_HI_INTERPOLATION_CONTINUATION_POLICY_V1.md
NGC7331,calibration,0,2.67,4.66198529412,Sigma_neutral_1p33 = 1.33 * Sigma_HI_raw,tabulated,piecewise_linear,none,outer_continuation_only,0.4,23.2,3,4,data/stationary/source_reconstruction/leroy2008_things_hi_profiles_v1.csv,data/stationary/source_reconstruction/certified_hi_common_tabulated_v5.csv,source_kpc_times_frozen_over_source_distance,source_includes_1p36_to_common_1p33,0.977941176471,0,central_value_frozen; source_uncertainties_retained_upstream,validation/stationary/STATIONARY_HI_INTERPOLATION_CONTINUATION_POLICY_V1.md
NGC7331,calibration,1,3.21,5.48066176471,Sigma_neutral_1p33 = 1.33 * Sigma_HI_raw,tabulated,piecewise_linear,none,outer_continuation_only,0.4,23.2,4,5,data/stationary/source_reconstruction/leroy2008_things_hi_profiles_v1.csv,data/stationary/source_reconstruction/certified_hi_common_tabulated_v5.csv,source_kpc_times_frozen_over_source_distance,source_includes_1p36_to_common_1p33,0.977941176471,0,central_value_frozen; source_uncertainties_retained_upstream,validation/stationary/STATIONARY_HI_INTERPOLATION_CONTINUATION_POLICY_V1.md
NGC7331,calibration,2,3.74,5.70279411765,Sigma_neutral_1p33 = 1.33 * Sigma_HI_raw,tabulated,piecewise_linear,none,outer_continuation_only,0.4,23.2,4,5,data/stationary/source_reconstruction/leroy2008_things_hi_profiles_v1.csv,data/stationary/source_reconstruction/certified_hi_common_tabulated_v5.csv,source_kpc_times_frozen_over_source_distance,source_includes_1p36_to_common_1p33,0.977941176471,0,central_value_frozen; source_uncertainties_retained_upstream,validation/stationary/STATIONARY_HI_INTERPOLATION_CONTINUATION_POLICY_V1.md
NGC7331,calibration,3,4.27,6.08,Sigma_neutral_1p33 = 1.33 * Sigma_HI_raw,tabulated,piecewise_linear,none,outer_continuation_only,0.4,23.2,5,6,data/stationary/source_reconstruction/leroy2008_things_hi_profiles_v1.csv,data/stationary/source_reconstruction/certified_hi_common_tabulated_v5.csv,source_kpc_times_frozen_over_source_distance,source_includes_1p36_to_common_1p33,0.977941176471,0,central_value_frozen; source_uncertainties_retained_upstream,validation/stationary/STATIONARY_HI_INTERPOLATION_CONTINUATION_POLICY_V1.md
NGC7331,calibration,4,4.81,6.35661764706,Sigma_neutral_1p33 = 1.33 * Sigma_HI_raw,tabulated,piecewise_linear,none,outer_continuation_only,0.4,23.2,6,7,data/stationary/source_reconstruction/leroy2008_things_hi_profiles_v1.csv,data/stationary/source_reconstruction/certified_hi_common_tabulated_v5.csv,source_kpc_times_frozen_over_source_distance,source_includes_1p36_to_common_1p33,0.977941176471,0,central_value_frozen; source_uncertainties_retained_upstream,validation/stationary/STATIONARY_HI_INTERPOLATION_CONTINUATION_POLICY_V1.md
NGC7331,calibration,5,5.35,6.36272977941,Sigma_neutral_1p33 = 1.33 * Sigma_HI_raw,tabulated,piecewise_linear,none,outer_continuation_only,0.4,23.2,7,8,data/stationary/source_reconstruction/leroy2008_things_hi_profiles_v1.csv,data/stationary/source_reconstruction/certified_hi_common_tabulated_v5.csv,source_kpc_times_frozen_over_source_distance,source_includes_1p36_to_common_1p33,0.977941176471,0,central_value_frozen; source_uncertainties_retained_upstream,validation/stationary/STATIONARY_HI_INTERPOLATION_CONTINUATION_POLICY_V1.md
NGC7331,calibration,6,5.88,6.42751838236,Sigma_neutral_1p33 = 1.33 * Sigma_HI_raw,tabulated,piecewise_linear,none,outer_continuation_only,0.4,23.2,7,8,data/stationary/source_reconstruction/leroy2008_things_hi_profiles_v1.csv,data/stationary/source_reconstruction/certified_hi_common_tabulated_v5.csv,source_kpc_times_frozen_over_source_distance,source_includes_1p36_to_common_1p33,0.977941176471,0,central_value_frozen; source_uncertainties_retained_upstream,validation/stationary/STATIONARY_HI_INTERPOLATION_CONTINUATION_POLICY_V1.md
NGC7331,calibration,7,6.41,6.75757352942,Sigma_neutral_1p33 = 1.33 * Sigma_HI_raw,tabulated,piecewise_linear,none,outer_continuation_only,0.4,23.2,8,9,data/stationary/source_reconstruction/leroy2008_things_hi_profiles_v1.csv,data/stationary/source_reconstruction/certified_hi_common_tabulated_v5.csv,source_kpc_times_frozen_over_source_distance,source_includes_1p36_to_common_1p33,0.977941176471,0,central_value_frozen; source_uncertainties_retained_upstream,validation/stationary/STATIONARY_HI_INTERPOLATION_CONTINUATION_POLICY_V1.md
NGC7331,calibration,8,7.48,7.89897058824,Sigma_neutral_1p33 = 1.33 * Sigma_HI_raw,tabulated,piecewise_linear,none,outer_continuation_only,0.4,23.2,9,10,data/stationary/source_reconstruction/leroy2008_things_hi_profiles_v1.csv,data/stationary/source_reconstruction/certified_hi_common_tabulated_v5.csv,source_kpc_times_frozen_over_source_distance,source_includes_1p36_to_common_1p33,0.977941176471,0,central_value_frozen; source_uncertainties_retained_upstream,validation/stationary/STATIONARY_HI_INTERPOLATION_CONTINUATION_POLICY_V1.md
NGC7331,calibration,9,8.55,8.16580882353,Sigma_neutral_1p33 = 1.33 * Sigma_HI_raw,tabulated,piecewise_linear,none,outer_continuation_only,0.4,23.2,11,12,data/stationary/source_reconstruction/leroy2008_things_hi_profiles_v1.csv,data/stationary/source_reconstruction/certified_hi_common_tabulated_v5.csv,source_kpc_times_frozen_over_source_distance,source_includes_1p36_to_common_1p33,0.977941176471,0,central_value_frozen; source_uncertainties_retained_upstream,validation/stationary/STATIONARY_HI_INTERPOLATION_CONTINUATION_POLICY_V1.md
NGC7331,calibration,10,9.62,8.13088235295,Sigma_neutral_1p33 = 1.33 * Sigma_HI_raw,tabulated,piecewise_linear,none,outer_continuation_only,0.4,23.2,13,14,data/stationary/source_reconstruction/leroy2008_things_hi_profiles_v1.csv,data/stationary/source_reconstruction/certified_hi_common_tabulated_v5.csv,source_kpc_times_frozen_over_source_distance,source_includes_1p36_to_common_1p33,0.977941176471,0,central_value_frozen; source_uncertainties_retained_upstream,validation/stationary/STATIONARY_HI_INTERPOLATION_CONTINUATION_POLICY_V1.md
NGC7331,calibration,11,10.66,8.50529411765,Sigma_neutral_1p33 = 1.33 * Sigma_HI_raw,tabulated,piecewise_linear,none,outer_continuation_only,0.4,23.2,14,15,data/stationary/source_reconstruction/leroy2008_things_hi_profiles_v1.csv,data/stationary/source_reconstruction/certified_hi_common_tabulated_v5.csv,source_kpc_times_frozen_over_source_distance,source_includes_1p36_to_common_1p33,0.977941176471,0,central_value_frozen; source_uncertainties_retained_upstream,validation/stationary/STATIONARY_HI_INTERPOLATION_CONTINUATION_POLICY_V1.md
NGC7331,calibration,12,11.74,7.95799632354,Sigma_neutral_1p33 = 1.33 * Sigma_HI_raw,tabulated,piecewise_linear,none,outer_continuation_only,0.4,23.2,15,16,data/stationary/source_reconstruction/leroy2008_things_hi_profiles_v1.csv,data/stationary/source_reconstruction/certified_hi_common_tabulated_v5.csv,source_kpc_times_frozen_over_source_distance,source_includes_1p36_to_common_1p33,0.977941176471,0,central_value_frozen; source_uncertainties_retained_upstream,validation/stationary/STATIONARY_HI_INTERPOLATION_CONTINUATION_POLICY_V1.md
NGC7331,calibration,13,12.83,7.00625000001,Sigma_neutral_1p33 = 1.33 * Sigma_HI_raw,tabulated,piecewise_linear,none,outer_continuation_only,0.4,23.2,17,18,data/stationary/source_reconstruction/leroy2008_things_hi_profiles_v1.csv,data/stationary/source_reconstruction/certified_hi_common_tabulated_v5.csv,source_kpc_times_frozen_over_source_distance,source_includes_1p36_to_common_1p33,0.977941176471,0,central_value_frozen; source_uncertainties_retained_upstream,validation/stationary/STATIONARY_HI_INTERPOLATION_CONTINUATION_POLICY_V1.md
NGC7331,calibration,14,13.91,7.03977941177,Sigma_neutral_1p33 = 1.33 * Sigma_HI_raw,tabulated,piecewise_linear,none,outer_continuation_only,0.4,23.2,19,20,data/stationary/source_reconstruction/leroy2008_things_hi_profiles_v1.csv,data/stationary/source_reconstruction/certified_hi_common_tabulated_v5.csv,source_kpc_times_frozen_over_source_distance,source_includes_1p36_to_common_1p33,0.977941176471,0,central_value_frozen; source_uncertainties_retained_upstream,validation/stationary/STATIONARY_HI_INTERPOLATION_CONTINUATION_POLICY_V1.md
NGC7331,calibration,15,15,6.94338235294,Sigma_neutral_1p33 = 1.33 * Sigma_HI_raw,tabulated,piecewise_linear,none,outer_continuation_only,0.4,23.2,20,21,data/stationary/source_reconstruction/leroy2008_things_hi_profiles_v1.csv,data/stationary/source_reconstruction/certified_hi_common_tabulated_v5.csv,source_kpc_times_frozen_over_source_distance,source_includes_1p36_to_common_1p33,0.977941176471,0,central_value_frozen; source_uncertainties_retained_upstream,validation/stationary/STATIONARY_HI_INTERPOLATION_CONTINUATION_POLICY_V1.md
NGC7331,calibration,16,16.08,7.05235294118,Sigma_neutral_1p33 = 1.33 * Sigma_HI_raw,tabulated,piecewise_linear,none,outer_continuation_only,0.4,23.2,22,23,data/stationary/source_reconstruction/leroy2008_things_hi_profiles_v1.csv,data/stationary/source_reconstruction/certified_hi_common_tabulated_v5.csv,source_kpc_times_frozen_over_source_distance,source_includes_1p36_to_common_1p33,0.977941176471,0,central_value_frozen; source_uncertainties_retained_upstream,validation/stationary/STATIONARY_HI_INTERPOLATION_CONTINUATION_POLICY_V1.md
NGC7331,calibration,17,17.07,6.95805147059,Sigma_neutral_1p33 = 1.33 * Sigma_HI_raw,tabulated,piecewise_linear,none,outer_continuation_only,0.4,23.2,23,24,data/stationary/source_reconstruction/leroy2008_things_hi_profiles_v1.csv,data/stationary/source_reconstruction/certified_hi_common_tabulated_v5.csv,source_kpc_times_frozen_over_source_distance,source_includes_1p36_to_common_1p33,0.977941176471,0,central_value_frozen; source_uncertainties_retained_upstream,validation/stationary/STATIONARY_HI_INTERPOLATION_CONTINUATION_POLICY_V1.md
NGC7331,calibration,18,18.15,6.38455882353,Sigma_neutral_1p33 = 1.33 * Sigma_HI_raw,tabulated,piecewise_linear,none,outer_continuation_only,0.4,23.2,24,25,data/stationary/source_reconstruction/leroy2008_things_hi_profiles_v1.csv,data/stationary/source_reconstruction/certified_hi_common_tabulated_v5.csv,source_kpc_times_frozen_over_source_distance,source_includes_1p36_to_common_1p33,0.977941176471,0,central_value_frozen; source_uncertainties_retained_upstream,validation/stationary/STATIONARY_HI_INTERPOLATION_CONTINUATION_POLICY_V1.md
NGC7331,calibration,19,19.24,6.11632352941,Sigma_neutral_1p33 = 1.33 * Sigma_HI_raw,tabulated,piecewise_linear,none,outer_continuation_only,0.4,23.2,26,27,data/stationary/source_reconstruction/leroy2008_things_hi_profiles_v1.csv,data/stationary/source_reconstruction/certified_hi_common_tabulated_v5.csv,source_kpc_times_frozen_over_source_distance,source_includes_1p36_to_common_1p33,0.977941176471,0,central_value_frozen; source_uncertainties_retained_upstream,validation/stationary/STATIONARY_HI_INTERPOLATION_CONTINUATION_POLICY_V1.md
NGC7331,calibration,20,20.32,5.35073529412,Sigma_neutral_1p33 = 1.33 * Sigma_HI_raw,tabulated,piecewise_linear,none,outer_continuation_only,0.4,23.2,28,29,data/stationary/source_reconstruction/leroy2008_things_hi_profiles_v1.csv,data/stationary/source_reconstruction/certified_hi_common_tabulated_v5.csv,source_kpc_times_frozen_over_source_distance,source_includes_1p36_to_common_1p33,0.977941176471,0,central_value_frozen; source_uncertainties_retained_upstream,validation/stationary/STATIONARY_HI_INTERPOLATION_CONTINUATION_POLICY_V1.md
NGC7331,calibration,21,21.41,3.88522058824,Sigma_neutral_1p33 = 1.33 * Sigma_HI_raw,tabulated,piecewise_linear,none,outer_continuation_only,0.4,23.2,29,30,data/stationary/source_reconstruction/leroy2008_things_hi_profiles_v1.csv,data/stationary/source_reconstruction/certified_hi_common_tabulated_v5.csv,source_kpc_times_frozen_over_source_distance,source_includes_1p36_to_common_1p33,0.977941176471,0,central_value_frozen; source_uncertainties_retained_upstream,validation/stationary/STATIONARY_HI_INTERPOLATION_CONTINUATION_POLICY_V1.md
NGC7331,calibration,22,22.49,2.98761029412,Sigma_neutral_1p33 = 1.33 * Sigma_HI_raw,tabulated,piecewise_linear,none,outer_continuation_only,0.4,23.2,31,32,data/stationary/source_reconstruction/leroy2008_things_hi_profiles_v1.csv,data/stationary/source_reconstruction/certified_hi_common_tabulated_v5.csv,source_kpc_times_frozen_over_source_distance,source_includes_1p36_to_common_1p33,0.977941176471,0,central_value_frozen; source_uncertainties_retained_upstream,validation/stationary/STATIONARY_HI_INTERPOLATION_CONTINUATION_POLICY_V1.md
NGC7331,calibration,23,23.48,0,Sigma_neutral_1p33 = 1.33 * Sigma_HI_raw,tabulated,outer_zero,outer,outer_continuation_only,0.4,23.2,32,32,data/stationary/source_reconstruction/leroy2008_things_hi_profiles_v1.csv,data/stationary/source_reconstruction/certified_hi_common_tabulated_v5.csv,source_kpc_times_frozen_over_source_distance,source_includes_1p36_to_common_1p33,0.977941176471,0,central_value_frozen; source_uncertainties_retained_upstream,validation/stationary/STATIONARY_HI_INTERPOLATION_CONTINUATION_POLICY_V1.md
NGC7331,calibration,24,24.57,0,Sigma_neutral_1p33 = 1.33 * Sigma_HI_raw,tabulated,outer_zero,outer,outer_continuation_only,0.4,23.2,32,32,data/stationary/source_reconstruction/leroy2008_things_hi_profiles_v1.csv,data/stationary/source_reconstruction/certified_hi_common_tabulated_v5.csv,source_kpc_times_frozen_over_source_distance,source_includes_1p36_to_common_1p33,0.977941176471,0,central_value_frozen; source_uncertainties_retained_upstream,validation/stationary/STATIONARY_HI_INTERPOLATION_CONTINUATION_POLICY_V1.md
NGC7331,calibration,25,25.65,0,Sigma_neutral_1p33 = 1.33 * Sigma_HI_raw,tabulated,outer_zero,outer,outer_continuation_only,0.4,23.2,32,32,data/stationary/source_reconstruction/leroy2008_things_hi_profiles_v1.csv,data/stationary/source_reconstruction/certified_hi_common_tabulated_v5.csv,source_kpc_times_frozen_over_source_distance,source_includes_1p36_to_common_1p33,0.977941176471,0,central_value_frozen; source_uncertainties_retained_upstream,validation/stationary/STATIONARY_HI_INTERPOLATION_CONTINUATION_POLICY_V1.md
NGC7331,calibration,26,26.74,0,Sigma_neutral_1p33 = 1.33 * Sigma_HI_raw,tabulated,outer_zero,outer,outer_continuation_only,0.4,23.2,32,32,data/stationary/source_reconstruction/leroy2008_things_hi_profiles_v1.csv,data/stationary/source_reconstruction/certified_hi_common_tabulated_v5.csv,source_kpc_times_frozen_over_source_distance,source_includes_1p36_to_common_1p33,0.977941176471,0,central_value_frozen; source_uncertainties_retained_upstream,validation/stationary/STATIONARY_HI_INTERPOLATION_CONTINUATION_POLICY_V1.md
NGC7331,calibration,27,27.82,0,Sigma_neutral_1p33 = 1.33 * Sigma_HI_raw,tabulated,outer_zero,outer,outer_continuation_only,0.4,23.2,32,32,data/stationary/source_reconstruction/leroy2008_things_hi_profiles_v1.csv,data/stationary/source_reconstruction/certified_hi_common_tabulated_v5.csv,source_kpc_times_frozen_over_source_distance,source_includes_1p36_to_common_1p33,0.977941176471,0,central_value_frozen; source_uncertainties_retained_upstream,validation/stationary/STATIONARY_HI_INTERPOLATION_CONTINUATION_POLICY_V1.md
NGC7331,calibration,28,28.91,0,Sigma_neutral_1p33 = 1.33 * Sigma_HI_raw,tabulated,outer_zero,outer,outer_continuation_only,0.4,23.2,32,32,data/stationary/source_reconstruction/leroy2008_things_hi_profiles_v1.csv,data/stationary/source_reconstruction/certified_hi_common_tabulated_v5.csv,source_kpc_times_frozen_over_source_distance,source_includes_1p36_to_common_1p33,0.977941176471,0,central_value_frozen; source_uncertainties_retained_upstream,validation/stationary/STATIONARY_HI_INTERPOLATION_CONTINUATION_POLICY_V1.md
NGC7331,calibration,29,29.89,0,Sigma_neutral_1p33 = 1.33 * Sigma_HI_raw,tabulated,outer_zero,outer,outer_continuation_only,0.4,23.2,32,32,data/stationary/source_reconstruction/leroy2008_things_hi_profiles_v1.csv,data/stationary/source_reconstruction/certified_hi_common_tabulated_v5.csv,source_kpc_times_frozen_over_source_distance,source_includes_1p36_to_common_1p33,0.977941176471,0,central_value_frozen; source_uncertainties_retained_upstream,validation/stationary/STATIONARY_HI_INTERPOLATION_CONTINUATION_POLICY_V1.md
NGC7331,calibration,30,30.98,0,Sigma_neutral_1p33 = 1.33 * Sigma_HI_raw,tabulated,outer_zero,outer,outer_continuation_only,0.4,23.2,32,32,data/stationary/source_reconstruction/leroy2008_things_hi_profiles_v1.csv,data/stationary/source_reconstruction/certified_hi_common_tabulated_v5.csv,source_kpc_times_frozen_over_source_distance,source_includes_1p36_to_common_1p33,0.977941176471,0,central_value_frozen; source_uncertainties_retained_upstream,validation/stationary/STATIONARY_HI_INTERPOLATION_CONTINUATION_POLICY_V1.md
NGC7331,calibration,31,32.06,0,Sigma_neutral_1p33 = 1.33 * Sigma_HI_raw,tabulated,outer_zero,outer,outer_continuation_only,0.4,23.2,32,32,data/stationary/source_reconstruction/leroy2008_things_hi_profiles_v1.csv,data/stationary/source_reconstruction/certified_hi_common_tabulated_v5.csv,source_kpc_times_frozen_over_source_distance,source_includes_1p36_to_common_1p33,0.977941176471,0,central_value_frozen; source_uncertainties_retained_upstream,validation/stationary/STATIONARY_HI_INTERPOLATION_CONTINUATION_POLICY_V1.md
NGC7331,calibration,32,33.15,0,Sigma_neutral_1p33 = 1.33 * Sigma_HI_raw,tabulated,outer_zero,outer,outer_continuation_only,0.4,23.2,32,32,data/stationary/source_reconstruction/leroy2008_things_hi_profiles_v1.csv,data/stationary/source_reconstruction/certified_hi_common_tabulated_v5.csv,source_kpc_times_frozen_over_source_distance,source_includes_1p36_to_common_1p33,0.977941176471,0,central_value_frozen; source_uncertainties_retained_upstream,validation/stationary/STATIONARY_HI_INTERPOLATION_CONTINUATION_POLICY_V1.md
NGC7331,calibration,33,34.23,0,Sigma_neutral_1p33 = 1.33 * Sigma_HI_raw,tabulated,outer_zero,outer,outer_continuation_only,0.4,23.2,32,32,data/stationary/source_reconstruction/leroy2008_things_hi_profiles_v1.csv,data/stationary/source_reconstruction/certified_hi_common_tabulated_v5.csv,source_kpc_times_frozen_over_source_distance,source_includes_1p36_to_common_1p33,0.977941176471,0,central_value_frozen; source_uncertainties_retained_upstream,validation/stationary/STATIONARY_HI_INTERPOLATION_CONTINUATION_POLICY_V1.md
NGC7331,calibration,34,35.32,0,Sigma_neutral_1p33 = 1.33 * Sigma_HI_raw,tabulated,outer_zero,outer,outer_continuation_only,0.4,23.2,32,32,data/stationary/source_reconstruction/leroy2008_things_hi_profiles_v1.csv,data/stationary/source_reconstruction/certified_hi_common_tabulated_v5.csv,source_kpc_times_frozen_over_source_distance,source_includes_1p36_to_common_1p33,0.977941176471,0,central_value_frozen; source_uncertainties_retained_upstream,validation/stationary/STATIONARY_HI_INTERPOLATION_CONTINUATION_POLICY_V1.md
NGC7331,calibration,35,36.31,0,Sigma_neutral_1p33 = 1.33 * Sigma_HI_raw,tabulated,outer_zero,outer,outer_continuation_only,0.4,23.2,32,32,data/stationary/source_reconstruction/leroy2008_things_hi_profiles_v1.csv,data/stationary/source_reconstruction/certified_hi_common_tabulated_v5.csv,source_kpc_times_frozen_over_source_distance,source_includes_1p36_to_common_1p33,0.977941176471,0,central_value_frozen; source_uncertainties_retained_upstream,validation/stationary/STATIONARY_HI_INTERPOLATION_CONTINUATION_POLICY_V1.md
NGC7793,blind,0,0.11,8.59667182662,Sigma_neutral_1p33 = 1.33 * Sigma_HI_raw,tabulated,piecewise_linear,none,outer_continuation_only,0.0925641025641,6.57205128205,0,1,data/stationary/source_reconstruction/leroy2008_things_hi_profiles_v1.csv,data/stationary/source_reconstruction/certified_hi_common_tabulated_v5.csv,source_kpc_times_frozen_over_source_distance,source_includes_1p36_to_common_1p33,0.977941176471,0,central_value_frozen; source_uncertainties_retained_upstream,validation/stationary/STATIONARY_HI_INTERPOLATION_CONTINUATION_POLICY_V1.md
NGC7793,blind,1,0.14,8.58082430341,Sigma_neutral_1p33 = 1.33 * Sigma_HI_raw,tabulated,piecewise_linear,none,outer_continuation_only,0.0925641025641,6.57205128205,0,1,data/stationary/source_reconstruction/leroy2008_things_hi_profiles_v1.csv,data/stationary/source_reconstruction/certified_hi_common_tabulated_v5.csv,source_kpc_times_frozen_over_source_distance,source_includes_1p36_to_common_1p33,0.977941176471,0,central_value_frozen; source_uncertainties_retained_upstream,validation/stationary/STATIONARY_HI_INTERPOLATION_CONTINUATION_POLICY_V1.md
NGC7793,blind,2,0.17,8.56497678019,Sigma_neutral_1p33 = 1.33 * Sigma_HI_raw,tabulated,piecewise_linear,none,outer_continuation_only,0.0925641025641,6.57205128205,0,1,data/stationary/source_reconstruction/leroy2008_things_hi_profiles_v1.csv,data/stationary/source_reconstruction/certified_hi_common_tabulated_v5.csv,source_kpc_times_frozen_over_source_distance,source_includes_1p36_to_common_1p33,0.977941176471,0,central_value_frozen; source_uncertainties_retained_upstream,validation/stationary/STATIONARY_HI_INTERPOLATION_CONTINUATION_POLICY_V1.md
NGC7793,blind,3,0.21,8.54384674923,Sigma_neutral_1p33 = 1.33 * Sigma_HI_raw,tabulated,piecewise_linear,none,outer_continuation_only,0.0925641025641,6.57205128205,0,1,data/stationary/source_reconstruction/leroy2008_things_hi_profiles_v1.csv,data/stationary/source_reconstruction/certified_hi_common_tabulated_v5.csv,source_kpc_times_frozen_over_source_distance,source_includes_1p36_to_common_1p33,0.977941176471,0,central_value_frozen; source_uncertainties_retained_upstream,validation/stationary/STATIONARY_HI_INTERPOLATION_CONTINUATION_POLICY_V1.md
NGC7793,blind,4,0.24,8.52799922601,Sigma_neutral_1p33 = 1.33 * Sigma_HI_raw,tabulated,piecewise_linear,none,outer_continuation_only,0.0925641025641,6.57205128205,0,1,data/stationary/source_reconstruction/leroy2008_things_hi_profiles_v1.csv,data/stationary/source_reconstruction/certified_hi_common_tabulated_v5.csv,source_kpc_times_frozen_over_source_distance,source_includes_1p36_to_common_1p33,0.977941176471,0,central_value_frozen; source_uncertainties_retained_upstream,validation/stationary/STATIONARY_HI_INTERPOLATION_CONTINUATION_POLICY_V1.md
NGC7793,blind,5,0.28,8.50686919505,Sigma_neutral_1p33 = 1.33 * Sigma_HI_raw,tabulated,piecewise_linear,none,outer_continuation_only,0.0925641025641,6.57205128205,1,2,data/stationary/source_reconstruction/leroy2008_things_hi_profiles_v1.csv,data/stationary/source_reconstruction/certified_hi_common_tabulated_v5.csv,source_kpc_times_frozen_over_source_distance,source_includes_1p36_to_common_1p33,0.977941176471,0,central_value_frozen; source_uncertainties_retained_upstream,validation/stationary/STATIONARY_HI_INTERPOLATION_CONTINUATION_POLICY_V1.md
NGC7793,blind,6,0.32,8.48573916409,Sigma_neutral_1p33 = 1.33 * Sigma_HI_raw,tabulated,piecewise_linear,none,outer_continuation_only,0.0925641025641,6.57205128205,1,2,data/stationary/source_reconstruction/leroy2008_things_hi_profiles_v1.csv,data/stationary/source_reconstruction/certified_hi_common_tabulated_v5.csv,source_kpc_times_frozen_over_source_distance,source_includes_1p36_to_common_1p33,0.977941176471,0,central_value_frozen; source_uncertainties_retained_upstream,validation/stationary/STATIONARY_HI_INTERPOLATION_CONTINUATION_POLICY_V1.md
NGC7793,blind,7,0.35,8.46989164087,Sigma_neutral_1p33 = 1.33 * Sigma_HI_raw,tabulated,piecewise_linear,none,outer_continuation_only,0.0925641025641,6.57205128205,1,2,data/stationary/source_reconstruction/leroy2008_things_hi_profiles_v1.csv,data/stationary/source_reconstruction/certified_hi_common_tabulated_v5.csv,source_kpc_times_frozen_over_source_distance,source_includes_1p36_to_common_1p33,0.977941176471,0,central_value_frozen; source_uncertainties_retained_upstream,validation/stationary/STATIONARY_HI_INTERPOLATION_CONTINUATION_POLICY_V1.md
NGC7793,blind,8,0.39,8.44876160991,Sigma_neutral_1p33 = 1.33 * Sigma_HI_raw,tabulated,piecewise_linear,none,outer_continuation_only,0.0925641025641,6.57205128205,1,2,data/stationary/source_reconstruction/leroy2008_things_hi_profiles_v1.csv,data/stationary/source_reconstruction/certified_hi_common_tabulated_v5.csv,source_kpc_times_frozen_over_source_distance,source_includes_1p36_to_common_1p33,0.977941176471,0,central_value_frozen; source_uncertainties_retained_upstream,validation/stationary/STATIONARY_HI_INTERPOLATION_CONTINUATION_POLICY_V1.md
NGC7793,blind,9,0.42,8.43291408669,Sigma_neutral_1p33 = 1.33 * Sigma_HI_raw,tabulated,piecewise_linear,none,outer_continuation_only,0.0925641025641,6.57205128205,1,2,data/stationary/source_reconstruction/leroy2008_things_hi_profiles_v1.csv,data/stationary/source_reconstruction/certified_hi_common_tabulated_v5.csv,source_kpc_times_frozen_over_source_distance,source_includes_1p36_to_common_1p33,0.977941176471,0,central_value_frozen; source_uncertainties_retained_upstream,validation/stationary/STATIONARY_HI_INTERPOLATION_CONTINUATION_POLICY_V1.md
NGC7793,blind,10,0.46,8.41178405573,Sigma_neutral_1p33 = 1.33 * Sigma_HI_raw,tabulated,piecewise_linear,none,outer_continuation_only,0.0925641025641,6.57205128205,1,2,data/stationary/source_reconstruction/leroy2008_things_hi_profiles_v1.csv,data/stationary/source_reconstruction/certified_hi_common_tabulated_v5.csv,source_kpc_times_frozen_over_source_distance,source_includes_1p36_to_common_1p33,0.977941176471,0,central_value_frozen; source_uncertainties_retained_upstream,validation/stationary/STATIONARY_HI_INTERPOLATION_CONTINUATION_POLICY_V1.md
NGC7793,blind,11,0.49,8.39593653251,Sigma_neutral_1p33 = 1.33 * Sigma_HI_raw,tabulated,piecewise_linear,none,outer_continuation_only,0.0925641025641,6.57205128205,2,3,data/stationary/source_reconstruction/leroy2008_things_hi_profiles_v1.csv,data/stationary/source_reconstruction/certified_hi_common_tabulated_v5.csv,source_kpc_times_frozen_over_source_distance,source_includes_1p36_to_common_1p33,0.977941176471,0,central_value_frozen; source_uncertainties_retained_upstream,validation/stationary/STATIONARY_HI_INTERPOLATION_CONTINUATION_POLICY_V1.md
NGC7793,blind,12,0.53,8.37480650155,Sigma_neutral_1p33 = 1.33 * Sigma_HI_raw,tabulated,piecewise_linear,none,outer_continuation_only,0.0925641025641,6.57205128205,2,3,data/stationary/source_reconstruction/leroy2008_things_hi_profiles_v1.csv,data/stationary/source_reconstruction/certified_hi_common_tabulated_v5.csv,source_kpc_times_frozen_over_source_distance,source_includes_1p36_to_common_1p33,0.977941176471,0,central_value_frozen; source_uncertainties_retained_upstream,validation/stationary/STATIONARY_HI_INTERPOLATION_CONTINUATION_POLICY_V1.md
NGC7793,blind,13,0.56,8.35895897833,Sigma_neutral_1p33 = 1.33 * Sigma_HI_raw,tabulated,piecewise_linear,none,outer_continuation_only,0.0925641025641,6.57205128205,2,3,data/stationary/source_reconstruction/leroy2008_things_hi_profiles_v1.csv,data/stationary/source_reconstruction/certified_hi_common_tabulated_v5.csv,source_kpc_times_frozen_over_source_distance,source_includes_1p36_to_common_1p33,0.977941176471,0,central_value_frozen; source_uncertainties_retained_upstream,validation/stationary/STATIONARY_HI_INTERPOLATION_CONTINUATION_POLICY_V1.md
NGC7793,blind,14,0.6,8.33782894737,Sigma_neutral_1p33 = 1.33 * Sigma_HI_raw,tabulated,piecewise_linear,none,outer_continuation_only,0.0925641025641,6.57205128205,2,3,data/stationary/source_reconstruction/leroy2008_things_hi_profiles_v1.csv,data/stationary/source_reconstruction/certified_hi_common_tabulated_v5.csv,source_kpc_times_frozen_over_source_distance,source_includes_1p36_to_common_1p33,0.977941176471,0,central_value_frozen; source_uncertainties_retained_upstream,validation/stationary/STATIONARY_HI_INTERPOLATION_CONTINUATION_POLICY_V1.md
NGC7793,blind,15,0.63,8.32198142415,Sigma_neutral_1p33 = 1.33 * Sigma_HI_raw,tabulated,piecewise_linear,none,outer_continuation_only,0.0925641025641,6.57205128205,2,3,data/stationary/source_reconstruction/leroy2008_things_hi_profiles_v1.csv,data/stationary/source_reconstruction/certified_hi_common_tabulated_v5.csv,source_kpc_times_frozen_over_source_distance,source_includes_1p36_to_common_1p33,0.977941176471,0,central_value_frozen; source_uncertainties_retained_upstream,validation/stationary/STATIONARY_HI_INTERPOLATION_CONTINUATION_POLICY_V1.md
NGC7793,blind,16,0.66,8.33159829721,Sigma_neutral_1p33 = 1.33 * Sigma_HI_raw,tabulated,piecewise_linear,none,outer_continuation_only,0.0925641025641,6.57205128205,3,4,data/stationary/source_reconstruction/leroy2008_things_hi_profiles_v1.csv,data/stationary/source_reconstruction/certified_hi_common_tabulated_v5.csv,source_kpc_times_frozen_over_source_distance,source_includes_1p36_to_common_1p33,0.977941176471,0,central_value_frozen; source_uncertainties_retained_upstream,validation/stationary/STATIONARY_HI_INTERPOLATION_CONTINUATION_POLICY_V1.md
NGC7793,blind,17,0.7,8.39498839009,Sigma_neutral_1p33 = 1.33 * Sigma_HI_raw,tabulated,piecewise_linear,none,outer_continuation_only,0.0925641025641,6.57205128205,3,4,data/stationary/source_reconstruction/leroy2008_things_hi_profiles_v1.csv,data/stationary/source_reconstruction/certified_hi_common_tabulated_v5.csv,source_kpc_times_frozen_over_source_distance,source_includes_1p36_to_common_1p33,0.977941176471,0,central_value_frozen; source_uncertainties_retained_upstream,validation/stationary/STATIONARY_HI_INTERPOLATION_CONTINUATION_POLICY_V1.md
NGC7793,blind,18,0.87,8.80092879257,Sigma_neutral_1p33 = 1.33 * Sigma_HI_raw,tabulated,piecewise_linear,none,outer_continuation_only,0.0925641025641,6.57205128205,4,5,data/stationary/source_reconstruction/leroy2008_things_hi_profiles_v1.csv,data/stationary/source_reconstruction/certified_hi_common_tabulated_v5.csv,source_kpc_times_frozen_over_source_distance,source_includes_1p36_to_common_1p33,0.977941176471,0,central_value_frozen; source_uncertainties_retained_upstream,validation/stationary/STATIONARY_HI_INTERPOLATION_CONTINUATION_POLICY_V1.md
NGC7793,blind,19,1.05,9.42331656347,Sigma_neutral_1p33 = 1.33 * Sigma_HI_raw,tabulated,piecewise_linear,none,outer_continuation_only,0.0925641025641,6.57205128205,5,6,data/stationary/source_reconstruction/leroy2008_things_hi_profiles_v1.csv,data/stationary/source_reconstruction/certified_hi_common_tabulated_v5.csv,source_kpc_times_frozen_over_source_distance,source_includes_1p36_to_common_1p33,0.977941176471,0,central_value_frozen; source_uncertainties_retained_upstream,validation/stationary/STATIONARY_HI_INTERPOLATION_CONTINUATION_POLICY_V1.md
NGC7793,blind,20,1.22,10.0454334365,Sigma_neutral_1p33 = 1.33 * Sigma_HI_raw,tabulated,piecewise_linear,none,outer_continuation_only,0.0925641025641,6.57205128205,6,7,data/stationary/source_reconstruction/leroy2008_things_hi_profiles_v1.csv,data/stationary/source_reconstruction/certified_hi_common_tabulated_v5.csv,source_kpc_times_frozen_over_source_distance,source_includes_1p36_to_common_1p33,0.977941176471,0,central_value_frozen; source_uncertainties_retained_upstream,validation/stationary/STATIONARY_HI_INTERPOLATION_CONTINUATION_POLICY_V1.md
NGC7793,blind,21,1.4,10.696130031,Sigma_neutral_1p33 = 1.33 * Sigma_HI_raw,tabulated,piecewise_linear,none,outer_continuation_only,0.0925641025641,6.57205128205,7,8,data/stationary/source_reconstruction/leroy2008_things_hi_profiles_v1.csv,data/stationary/source_reconstruction/certified_hi_common_tabulated_v5.csv,source_kpc_times_frozen_over_source_distance,source_includes_1p36_to_common_1p33,0.977941176471,0,central_value_frozen; source_uncertainties_retained_upstream,validation/stationary/STATIONARY_HI_INTERPOLATION_CONTINUATION_POLICY_V1.md
NGC7793,blind,22,1.57,10.9999419505,Sigma_neutral_1p33 = 1.33 * Sigma_HI_raw,tabulated,piecewise_linear,none,outer_continuation_only,0.0925641025641,6.57205128205,8,9,data/stationary/source_reconstruction/leroy2008_things_hi_profiles_v1.csv,data/stationary/source_reconstruction/certified_hi_common_tabulated_v5.csv,source_kpc_times_frozen_over_source_distance,source_includes_1p36_to_common_1p33,0.977941176471,0,central_value_frozen; source_uncertainties_retained_upstream,validation/stationary/STATIONARY_HI_INTERPOLATION_CONTINUATION_POLICY_V1.md
NGC7793,blind,23,1.75,11.0507352941,Sigma_neutral_1p33 = 1.33 * Sigma_HI_raw,tabulated,piecewise_linear,none,outer_continuation_only,0.0925641025641,6.57205128205,9,10,data/stationary/source_reconstruction/leroy2008_things_hi_profiles_v1.csv,data/stationary/source_reconstruction/certified_hi_common_tabulated_v5.csv,source_kpc_times_frozen_over_source_distance,source_includes_1p36_to_common_1p33,0.977941176471,0,central_value_frozen; source_uncertainties_retained_upstream,validation/stationary/STATIONARY_HI_INTERPOLATION_CONTINUATION_POLICY_V1.md
NGC7793,blind,24,1.92,11.0144349845,Sigma_neutral_1p33 = 1.33 * Sigma_HI_raw,tabulated,piecewise_linear,none,outer_continuation_only,0.0925641025641,6.57205128205,10,11,data/stationary/source_reconstruction/leroy2008_things_hi_profiles_v1.csv,data/stationary/source_reconstruction/certified_hi_common_tabulated_v5.csv,source_kpc_times_frozen_over_source_distance,source_includes_1p36_to_common_1p33,0.977941176471,0,central_value_frozen; source_uncertainties_retained_upstream,validation/stationary/STATIONARY_HI_INTERPOLATION_CONTINUATION_POLICY_V1.md
NGC7793,blind,25,2.1,10.8185758514,Sigma_neutral_1p33 = 1.33 * Sigma_HI_raw,tabulated,piecewise_linear,none,outer_continuation_only,0.0925641025641,6.57205128205,11,12,data/stationary/source_reconstruction/leroy2008_things_hi_profiles_v1.csv,data/stationary/source_reconstruction/certified_hi_common_tabulated_v5.csv,source_kpc_times_frozen_over_source_distance,source_includes_1p36_to_common_1p33,0.977941176471,0,central_value_frozen; source_uncertainties_retained_upstream,validation/stationary/STATIONARY_HI_INTERPOLATION_CONTINUATION_POLICY_V1.md
NGC7793,blind,26,2.27,10.4849651703,Sigma_neutral_1p33 = 1.33 * Sigma_HI_raw,tabulated,piecewise_linear,none,outer_continuation_only,0.0925641025641,6.57205128205,12,13,data/stationary/source_reconstruction/leroy2008_things_hi_profiles_v1.csv,data/stationary/source_reconstruction/certified_hi_common_tabulated_v5.csv,source_kpc_times_frozen_over_source_distance,source_includes_1p36_to_common_1p33,0.977941176471,0,central_value_frozen; source_uncertainties_retained_upstream,validation/stationary/STATIONARY_HI_INTERPOLATION_CONTINUATION_POLICY_V1.md
NGC7793,blind,27,2.45,10.3599458204,Sigma_neutral_1p33 = 1.33 * Sigma_HI_raw,tabulated,piecewise_linear,none,outer_continuation_only,0.0925641025641,6.57205128205,13,14,data/stationary/source_reconstruction/leroy2008_things_hi_profiles_v1.csv,data/stationary/source_reconstruction/certified_hi_common_tabulated_v5.csv,source_kpc_times_frozen_over_source_distance,source_includes_1p36_to_common_1p33,0.977941176471,0,central_value_frozen; source_uncertainties_retained_upstream,validation/stationary/STATIONARY_HI_INTERPOLATION_CONTINUATION_POLICY_V1.md
NGC7793,blind,28,2.62,10.846749226,Sigma_neutral_1p33 = 1.33 * Sigma_HI_raw,tabulated,piecewise_linear,none,outer_continuation_only,0.0925641025641,6.57205128205,14,15,data/stationary/source_reconstruction/leroy2008_things_hi_profiles_v1.csv,data/stationary/source_reconstruction/certified_hi_common_tabulated_v5.csv,source_kpc_times_frozen_over_source_distance,source_includes_1p36_to_common_1p33,0.977941176471,0,central_value_frozen; source_uncertainties_retained_upstream,validation/stationary/STATIONARY_HI_INTERPOLATION_CONTINUATION_POLICY_V1.md
NGC7793,blind,29,2.79,11.1065402477,Sigma_neutral_1p33 = 1.33 * Sigma_HI_raw,tabulated,piecewise_linear,none,outer_continuation_only,0.0925641025641,6.57205128205,15,16,data/stationary/source_reconstruction/leroy2008_things_hi_profiles_v1.csv,data/stationary/source_reconstruction/certified_hi_common_tabulated_v5.csv,source_kpc_times_frozen_over_source_distance,source_includes_1p36_to_common_1p33,0.977941176471,0,central_value_frozen; source_uncertainties_retained_upstream,validation/stationary/STATIONARY_HI_INTERPOLATION_CONTINUATION_POLICY_V1.md
NGC7793,blind,30,2.97,10.8830495356,Sigma_neutral_1p33 = 1.33 * Sigma_HI_raw,tabulated,piecewise_linear,none,outer_continuation_only,0.0925641025641,6.57205128205,16,17,data/stationary/source_reconstruction/leroy2008_things_hi_profiles_v1.csv,data/stationary/source_reconstruction/certified_hi_common_tabulated_v5.csv,source_kpc_times_frozen_over_source_distance,source_includes_1p36_to_common_1p33,0.977941176471,0,central_value_frozen; source_uncertainties_retained_upstream,validation/stationary/STATIONARY_HI_INTERPOLATION_CONTINUATION_POLICY_V1.md
NGC7793,blind,31,3.16,10.1585332817,Sigma_neutral_1p33 = 1.33 * Sigma_HI_raw,tabulated,piecewise_linear,none,outer_continuation_only,0.0925641025641,6.57205128205,17,18,data/stationary/source_reconstruction/leroy2008_things_hi_profiles_v1.csv,data/stationary/source_reconstruction/certified_hi_common_tabulated_v5.csv,source_kpc_times_frozen_over_source_distance,source_includes_1p36_to_common_1p33,0.977941176471,0,central_value_frozen; source_uncertainties_retained_upstream,validation/stationary/STATIONARY_HI_INTERPOLATION_CONTINUATION_POLICY_V1.md
NGC7793,blind,32,3.33,9.44566563467,Sigma_neutral_1p33 = 1.33 * Sigma_HI_raw,tabulated,piecewise_linear,none,outer_continuation_only,0.0925641025641,6.57205128205,18,19,data/stationary/source_reconstruction/leroy2008_things_hi_profiles_v1.csv,data/stationary/source_reconstruction/certified_hi_common_tabulated_v5.csv,source_kpc_times_frozen_over_source_distance,source_includes_1p36_to_common_1p33,0.977941176471,0,central_value_frozen; source_uncertainties_retained_upstream,validation/stationary/STATIONARY_HI_INTERPOLATION_CONTINUATION_POLICY_V1.md
NGC7793,blind,33,3.51,8.91497678019,Sigma_neutral_1p33 = 1.33 * Sigma_HI_raw,tabulated,piecewise_linear,none,outer_continuation_only,0.0925641025641,6.57205128205,19,20,data/stationary/source_reconstruction/leroy2008_things_hi_profiles_v1.csv,data/stationary/source_reconstruction/certified_hi_common_tabulated_v5.csv,source_kpc_times_frozen_over_source_distance,source_includes_1p36_to_common_1p33,0.977941176471,0,central_value_frozen; source_uncertainties_retained_upstream,validation/stationary/STATIONARY_HI_INTERPOLATION_CONTINUATION_POLICY_V1.md
NGC7793,blind,34,3.68,8.5187886997,Sigma_neutral_1p33 = 1.33 * Sigma_HI_raw,tabulated,piecewise_linear,none,outer_continuation_only,0.0925641025641,6.57205128205,20,21,data/stationary/source_reconstruction/leroy2008_things_hi_profiles_v1.csv,data/stationary/source_reconstruction/certified_hi_common_tabulated_v5.csv,source_kpc_times_frozen_over_source_distance,source_includes_1p36_to_common_1p33,0.977941176471,0,central_value_frozen; source_uncertainties_retained_upstream,validation/stationary/STATIONARY_HI_INTERPOLATION_CONTINUATION_POLICY_V1.md
NGC7793,blind,35,3.85,8.09876160992,Sigma_neutral_1p33 = 1.33 * Sigma_HI_raw,tabulated,piecewise_linear,none,outer_continuation_only,0.0925641025641,6.57205128205,21,22,data/stationary/source_reconstruction/leroy2008_things_hi_profiles_v1.csv,data/stationary/source_reconstruction/certified_hi_common_tabulated_v5.csv,source_kpc_times_frozen_over_source_distance,source_includes_1p36_to_common_1p33,0.977941176471,0,central_value_frozen; source_uncertainties_retained_upstream,validation/stationary/STATIONARY_HI_INTERPOLATION_CONTINUATION_POLICY_V1.md
NGC7793,blind,36,4.03,7.61331269351,Sigma_neutral_1p33 = 1.33 * Sigma_HI_raw,tabulated,piecewise_linear,none,outer_continuation_only,0.0925641025641,6.57205128205,22,23,data/stationary/source_reconstruction/leroy2008_things_hi_profiles_v1.csv,data/stationary/source_reconstruction/certified_hi_common_tabulated_v5.csv,source_kpc_times_frozen_over_source_distance,source_includes_1p36_to_common_1p33,0.977941176471,0,central_value_frozen; source_uncertainties_retained_upstream,validation/stationary/STATIONARY_HI_INTERPOLATION_CONTINUATION_POLICY_V1.md
NGC7793,blind,37,4.2,7.09643962849,Sigma_neutral_1p33 = 1.33 * Sigma_HI_raw,tabulated,piecewise_linear,none,outer_continuation_only,0.0925641025641,6.57205128205,23,24,data/stationary/source_reconstruction/leroy2008_things_hi_profiles_v1.csv,data/stationary/source_reconstruction/certified_hi_common_tabulated_v5.csv,source_kpc_times_frozen_over_source_distance,source_includes_1p36_to_common_1p33,0.977941176471,0,central_value_frozen; source_uncertainties_retained_upstream,validation/stationary/STATIONARY_HI_INTERPOLATION_CONTINUATION_POLICY_V1.md
NGC7793,blind,38,4.38,6.55654024769,Sigma_neutral_1p33 = 1.33 * Sigma_HI_raw,tabulated,piecewise_linear,none,outer_continuation_only,0.0925641025641,6.57205128205,24,25,data/stationary/source_reconstruction/leroy2008_things_hi_profiles_v1.csv,data/stationary/source_reconstruction/certified_hi_common_tabulated_v5.csv,source_kpc_times_frozen_over_source_distance,source_includes_1p36_to_common_1p33,0.977941176471,0,central_value_frozen; source_uncertainties_retained_upstream,validation/stationary/STATIONARY_HI_INTERPOLATION_CONTINUATION_POLICY_V1.md
NGC7793,blind,39,4.73,5.60853328173,Sigma_neutral_1p33 = 1.33 * Sigma_HI_raw,tabulated,piecewise_linear,none,outer_continuation_only,0.0925641025641,6.57205128205,26,27,data/stationary/source_reconstruction/leroy2008_things_hi_profiles_v1.csv,data/stationary/source_reconstruction/certified_hi_common_tabulated_v5.csv,source_kpc_times_frozen_over_source_distance,source_includes_1p36_to_common_1p33,0.977941176471,0,central_value_frozen; source_uncertainties_retained_upstream,validation/stationary/STATIONARY_HI_INTERPOLATION_CONTINUATION_POLICY_V1.md
NGC7793,blind,40,5.25,5.07784442725,Sigma_neutral_1p33 = 1.33 * Sigma_HI_raw,tabulated,piecewise_linear,none,outer_continuation_only,0.0925641025641,6.57205128205,29,30,data/stationary/source_reconstruction/leroy2008_things_hi_profiles_v1.csv,data/stationary/source_reconstruction/certified_hi_common_tabulated_v5.csv,source_kpc_times_frozen_over_source_distance,source_includes_1p36_to_common_1p33,0.977941176471,0,central_value_frozen; source_uncertainties_retained_upstream,validation/stationary/STATIONARY_HI_INTERPOLATION_CONTINUATION_POLICY_V1.md
NGC7793,blind,41,5.78,3.75450851393,Sigma_neutral_1p33 = 1.33 * Sigma_HI_raw,tabulated,piecewise_linear,none,outer_continuation_only,0.0925641025641,6.57205128205,32,33,data/stationary/source_reconstruction/leroy2008_things_hi_profiles_v1.csv,data/stationary/source_reconstruction/certified_hi_common_tabulated_v5.csv,source_kpc_times_frozen_over_source_distance,source_includes_1p36_to_common_1p33,0.977941176471,0,central_value_frozen; source_uncertainties_retained_upstream,validation/stationary/STATIONARY_HI_INTERPOLATION_CONTINUATION_POLICY_V1.md
NGC7793,blind,42,6.3,2.58260448916,Sigma_neutral_1p33 = 1.33 * Sigma_HI_raw,tabulated,piecewise_linear,none,outer_continuation_only,0.0925641025641,6.57205128205,35,36,data/stationary/source_reconstruction/leroy2008_things_hi_profiles_v1.csv,data/stationary/source_reconstruction/certified_hi_common_tabulated_v5.csv,source_kpc_times_frozen_over_source_distance,source_includes_1p36_to_common_1p33,0.977941176471,0,central_value_frozen; source_uncertainties_retained_upstream,validation/stationary/STATIONARY_HI_INTERPOLATION_CONTINUATION_POLICY_V1.md
NGC7793,blind,43,6.82,0,Sigma_neutral_1p33 = 1.33 * Sigma_HI_raw,tabulated,outer_zero,outer,outer_continuation_only,0.0925641025641,6.57205128205,37,37,data/stationary/source_reconstruction/leroy2008_things_hi_profiles_v1.csv,data/stationary/source_reconstruction/certified_hi_common_tabulated_v5.csv,source_kpc_times_frozen_over_source_distance,source_includes_1p36_to_common_1p33,0.977941176471,0,central_value_frozen; source_uncertainties_retained_upstream,validation/stationary/STATIONARY_HI_INTERPOLATION_CONTINUATION_POLICY_V1.md
NGC7793,blind,44,7.35,0,Sigma_neutral_1p33 = 1.33 * Sigma_HI_raw,tabulated,outer_zero,outer,outer_continuation_only,0.0925641025641,6.57205128205,37,37,data/stationary/source_reconstruction/leroy2008_things_hi_profiles_v1.csv,data/stationary/source_reconstruction/certified_hi_common_tabulated_v5.csv,source_kpc_times_frozen_over_source_distance,source_includes_1p36_to_common_1p33,0.977941176471,0,central_value_frozen; source_uncertainties_retained_upstream,validation/stationary/STATIONARY_HI_INTERPOLATION_CONTINUATION_POLICY_V1.md
NGC7793,blind,45,7.87,0,Sigma_neutral_1p33 = 1.33 * Sigma_HI_raw,tabulated,outer_zero,outer,outer_continuation_only,0.0925641025641,6.57205128205,37,37,data/stationary/source_reconstruction/leroy2008_things_hi_profiles_v1.csv,data/stationary/source_reconstruction/certified_hi_common_tabulated_v5.csv,source_kpc_times_frozen_over_source_distance,source_includes_1p36_to_common_1p33,0.977941176471,0,central_value_frozen; source_uncertainties_retained_upstream,validation/stationary/STATIONARY_HI_INTERPOLATION_CONTINUATION_POLICY_V1.md
UGC04483,calibration,0,0.08,13.602469132,Sigma_neutral_1p33 = 1.33 * Sigma_HI_raw,tabulated,inner_constant,inner,inner_continuation_only,0.0810014131251,1.53980744324,0,0,data/stationary/source_reconstruction/lelli2012b_ugc4483_hi_profile_v1.csv,data/stationary/source_reconstruction/certified_hi_common_tabulated_v5.csv,angular_radius_times_frozen_distance,raw_HI_to_common_1p33,1.33,0,central_value_frozen; source_uncertainties_retained_upstream,validation/stationary/STATIONARY_HI_INTERPOLATION_CONTINUATION_POLICY_V1.md
UGC04483,calibration,1,0.24,13.6278954594,Sigma_neutral_1p33 = 1.33 * Sigma_HI_raw,tabulated,piecewise_linear,none,inner_continuation_only,0.0810014131251,1.53980744324,0,1,data/stationary/source_reconstruction/lelli2012b_ugc4483_hi_profile_v1.csv,data/stationary/source_reconstruction/certified_hi_common_tabulated_v5.csv,angular_radius_times_frozen_distance,raw_HI_to_common_1p33,1.33,0,central_value_frozen; source_uncertainties_retained_upstream,validation/stationary/STATIONARY_HI_INTERPOLATION_CONTINUATION_POLICY_V1.md
UGC04483,calibration,2,0.4,11.646537002,Sigma_neutral_1p33 = 1.33 * Sigma_HI_raw,tabulated,piecewise_linear,none,inner_continuation_only,0.0810014131251,1.53980744324,1,2,data/stationary/source_reconstruction/lelli2012b_ugc4483_hi_profile_v1.csv,data/stationary/source_reconstruction/certified_hi_common_tabulated_v5.csv,angular_radius_times_frozen_distance,raw_HI_to_common_1p33,1.33,0,central_value_frozen; source_uncertainties_retained_upstream,validation/stationary/STATIONARY_HI_INTERPOLATION_CONTINUATION_POLICY_V1.md
UGC04483,calibration,3,0.57,8.4983153909,Sigma_neutral_1p33 = 1.33 * Sigma_HI_raw,tabulated,piecewise_linear,none,inner_continuation_only,0.0810014131251,1.53980744324,3,4,data/stationary/source_reconstruction/lelli2012b_ugc4483_hi_profile_v1.csv,data/stationary/source_reconstruction/certified_hi_common_tabulated_v5.csv,angular_radius_times_frozen_distance,raw_HI_to_common_1p33,1.33,0,central_value_frozen; source_uncertainties_retained_upstream,validation/stationary/STATIONARY_HI_INTERPOLATION_CONTINUATION_POLICY_V1.md
UGC04483,calibration,4,0.73,6.07207875477,Sigma_neutral_1p33 = 1.33 * Sigma_HI_raw,tabulated,piecewise_linear,none,inner_continuation_only,0.0810014131251,1.53980744324,4,5,data/stationary/source_reconstruction/lelli2012b_ugc4483_hi_profile_v1.csv,data/stationary/source_reconstruction/certified_hi_common_tabulated_v5.csv,angular_radius_times_frozen_distance,raw_HI_to_common_1p33,1.33,0,central_value_frozen; source_uncertainties_retained_upstream,validation/stationary/STATIONARY_HI_INTERPOLATION_CONTINUATION_POLICY_V1.md
UGC04483,calibration,5,0.89,4.57527207428,Sigma_neutral_1p33 = 1.33 * Sigma_HI_raw,tabulated,piecewise_linear,none,inner_continuation_only,0.0810014131251,1.53980744324,4,5,data/stationary/source_reconstruction/lelli2012b_ugc4483_hi_profile_v1.csv,data/stationary/source_reconstruction/certified_hi_common_tabulated_v5.csv,angular_radius_times_frozen_distance,raw_HI_to_common_1p33,1.33,0,central_value_frozen; source_uncertainties_retained_upstream,validation/stationary/STATIONARY_HI_INTERPOLATION_CONTINUATION_POLICY_V1.md
UGC04483,calibration,6,1.05,3.44641778085,Sigma_neutral_1p33 = 1.33 * Sigma_HI_raw,tabulated,piecewise_linear,none,inner_continuation_only,0.0810014131251,1.53980744324,5,6,data/stationary/source_reconstruction/lelli2012b_ugc4483_hi_profile_v1.csv,data/stationary/source_reconstruction/certified_hi_common_tabulated_v5.csv,angular_radius_times_frozen_distance,raw_HI_to_common_1p33,1.33,0,central_value_frozen; source_uncertainties_retained_upstream,validation/stationary/STATIONARY_HI_INTERPOLATION_CONTINUATION_POLICY_V1.md
UGC04483,calibration,7,1.21,2.42076062255,Sigma_neutral_1p33 = 1.33 * Sigma_HI_raw,tabulated,piecewise_linear,none,inner_continuation_only,0.0810014131251,1.53980744324,6,7,data/stationary/source_reconstruction/lelli2012b_ugc4483_hi_profile_v1.csv,data/stationary/source_reconstruction/certified_hi_common_tabulated_v5.csv,angular_radius_times_frozen_distance,raw_HI_to_common_1p33,1.33,0,central_value_frozen; source_uncertainties_retained_upstream,validation/stationary/STATIONARY_HI_INTERPOLATION_CONTINUATION_POLICY_V1.md
UGC05918,calibration,0,0.56,3.51802602865,Sigma_neutral_1p33 = 1.33 * Sigma_HI_raw,tabulated,piecewise_linear,none,full_measured_support,0.445640735676,5.34768882811,0,1,data/stationary/source_reconstruction/iorio2017_ddo87_ddo126_hi_profiles_v1.csv,data/stationary/source_reconstruction/certified_hi_common_tabulated_v5.csv,angular_radius_times_frozen_distance,raw_HI_to_common_1p33,1.33,0,central_value_frozen; source_uncertainties_retained_upstream,validation/stationary/STATIONARY_HI_INTERPOLATION_CONTINUATION_POLICY_V1.md
UGC05918,calibration,1,1.11,3.39419319667,Sigma_neutral_1p33 = 1.33 * Sigma_HI_raw,tabulated,piecewise_linear,none,full_measured_support,0.445640735676,5.34768882811,1,2,data/stationary/source_reconstruction/iorio2017_ddo87_ddo126_hi_profiles_v1.csv,data/stationary/source_reconstruction/certified_hi_common_tabulated_v5.csv,angular_radius_times_frozen_distance,raw_HI_to_common_1p33,1.33,0,central_value_frozen; source_uncertainties_retained_upstream,validation/stationary/STATIONARY_HI_INTERPOLATION_CONTINUATION_POLICY_V1.md
UGC05918,calibration,2,1.67,3.59312087037,Sigma_neutral_1p33 = 1.33 * Sigma_HI_raw,tabulated,piecewise_linear,none,full_measured_support,0.445640735676,5.34768882811,2,3,data/stationary/source_reconstruction/iorio2017_ddo87_ddo126_hi_profiles_v1.csv,data/stationary/source_reconstruction/certified_hi_common_tabulated_v5.csv,angular_radius_times_frozen_distance,raw_HI_to_common_1p33,1.33,0,central_value_frozen; source_uncertainties_retained_upstream,validation/stationary/STATIONARY_HI_INTERPOLATION_CONTINUATION_POLICY_V1.md
UGC05918,calibration,3,2.23,3.40136892012,Sigma_neutral_1p33 = 1.33 * Sigma_HI_raw,tabulated,piecewise_linear,none,full_measured_support,0.445640735676,5.34768882811,4,5,data/stationary/source_reconstruction/iorio2017_ddo87_ddo126_hi_profiles_v1.csv,data/stationary/source_reconstruction/certified_hi_common_tabulated_v5.csv,angular_radius_times_frozen_distance,raw_HI_to_common_1p33,1.33,0,central_value_frozen; source_uncertainties_retained_upstream,validation/stationary/STATIONARY_HI_INTERPOLATION_CONTINUATION_POLICY_V1.md
UGC05918,calibration,4,2.79,2.4426680016,Sigma_neutral_1p33 = 1.33 * Sigma_HI_raw,tabulated,piecewise_linear,none,full_measured_support,0.445640735676,5.34768882811,5,6,data/stationary/source_reconstruction/iorio2017_ddo87_ddo126_hi_profiles_v1.csv,data/stationary/source_reconstruction/certified_hi_common_tabulated_v5.csv,angular_radius_times_frozen_distance,raw_HI_to_common_1p33,1.33,0,central_value_frozen; source_uncertainties_retained_upstream,validation/stationary/STATIONARY_HI_INTERPOLATION_CONTINUATION_POLICY_V1.md
UGC05918,calibration,5,3.34,2.18064954074,Sigma_neutral_1p33 = 1.33 * Sigma_HI_raw,tabulated,piecewise_linear,none,full_measured_support,0.445640735676,5.34768882811,6,7,data/stationary/source_reconstruction/iorio2017_ddo87_ddo126_hi_profiles_v1.csv,data/stationary/source_reconstruction/certified_hi_common_tabulated_v5.csv,angular_radius_times_frozen_distance,raw_HI_to_common_1p33,1.33,0,central_value_frozen; source_uncertainties_retained_upstream,validation/stationary/STATIONARY_HI_INTERPOLATION_CONTINUATION_POLICY_V1.md
UGC05918,calibration,6,3.9,2.44427834531,Sigma_neutral_1p33 = 1.33 * Sigma_HI_raw,tabulated,piecewise_linear,none,full_measured_support,0.445640735676,5.34768882811,7,8,data/stationary/source_reconstruction/iorio2017_ddo87_ddo126_hi_profiles_v1.csv,data/stationary/source_reconstruction/certified_hi_common_tabulated_v5.csv,angular_radius_times_frozen_distance,raw_HI_to_common_1p33,1.33,0,central_value_frozen; source_uncertainties_retained_upstream,validation/stationary/STATIONARY_HI_INTERPOLATION_CONTINUATION_POLICY_V1.md
UGC05918,calibration,7,4.46,2.32342559264,Sigma_neutral_1p33 = 1.33 * Sigma_HI_raw,tabulated,piecewise_linear,none,full_measured_support,0.445640735676,5.34768882811,9,10,data/stationary/source_reconstruction/iorio2017_ddo87_ddo126_hi_profiles_v1.csv,data/stationary/source_reconstruction/certified_hi_common_tabulated_v5.csv,angular_radius_times_frozen_distance,raw_HI_to_common_1p33,1.33,0,central_value_frozen; source_uncertainties_retained_upstream,validation/stationary/STATIONARY_HI_INTERPOLATION_CONTINUATION_POLICY_V1.md
UGC07559,calibration,0,0.36,6.7298,Sigma_neutral_1p33 = 1.33 * Sigma_HI_raw,tabulated,inner_constant,inner,inner_continuation_only,0.481904799023,3.37333359316,0,0,data/stationary/source_reconstruction/iorio2017_ddo87_ddo126_hi_profiles_v1.csv,data/stationary/source_reconstruction/certified_hi_common_tabulated_v5.csv,angular_radius_times_frozen_distance,raw_HI_to_common_1p33,1.33,0,central_value_frozen; source_uncertainties_retained_upstream,validation/stationary/STATIONARY_HI_INTERPOLATION_CONTINUATION_POLICY_V1.md
UGC07559,calibration,1,0.72,6.70351542114,Sigma_neutral_1p33 = 1.33 * Sigma_HI_raw,tabulated,piecewise_linear,none,inner_continuation_only,0.481904799023,3.37333359316,0,1,data/stationary/source_reconstruction/iorio2017_ddo87_ddo126_hi_profiles_v1.csv,data/stationary/source_reconstruction/certified_hi_common_tabulated_v5.csv,angular_radius_times_frozen_distance,raw_HI_to_common_1p33,1.33,0,central_value_frozen; source_uncertainties_retained_upstream,validation/stationary/STATIONARY_HI_INTERPOLATION_CONTINUATION_POLICY_V1.md
UGC07559,calibration,2,1.08,6.01012829283,Sigma_neutral_1p33 = 1.33 * Sigma_HI_raw,tabulated,piecewise_linear,none,inner_continuation_only,0.481904799023,3.37333359316,2,3,data/stationary/source_reconstruction/iorio2017_ddo87_ddo126_hi_profiles_v1.csv,data/stationary/source_reconstruction/certified_hi_common_tabulated_v5.csv,angular_radius_times_frozen_distance,raw_HI_to_common_1p33,1.33,0,central_value_frozen; source_uncertainties_retained_upstream,validation/stationary/STATIONARY_HI_INTERPOLATION_CONTINUATION_POLICY_V1.md
UGC07559,calibration,3,1.45,5.1953323429,Sigma_neutral_1p33 = 1.33 * Sigma_HI_raw,tabulated,piecewise_linear,none,inner_continuation_only,0.481904799023,3.37333359316,4,5,data/stationary/source_reconstruction/iorio2017_ddo87_ddo126_hi_profiles_v1.csv,data/stationary/source_reconstruction/certified_hi_common_tabulated_v5.csv,angular_radius_times_frozen_distance,raw_HI_to_common_1p33,1.33,0,central_value_frozen; source_uncertainties_retained_upstream,validation/stationary/STATIONARY_HI_INTERPOLATION_CONTINUATION_POLICY_V1.md
UGC07559,calibration,4,1.8,4.89597710571,Sigma_neutral_1p33 = 1.33 * Sigma_HI_raw,tabulated,piecewise_linear,none,inner_continuation_only,0.481904799023,3.37333359316,5,6,data/stationary/source_reconstruction/iorio2017_ddo87_ddo126_hi_profiles_v1.csv,data/stationary/source_reconstruction/certified_hi_common_tabulated_v5.csv,angular_radius_times_frozen_distance,raw_HI_to_common_1p33,1.33,0,central_value_frozen; source_uncertainties_retained_upstream,validation/stationary/STATIONARY_HI_INTERPOLATION_CONTINUATION_POLICY_V1.md
UGC07559,calibration,5,2.17,4.82577119771,Sigma_neutral_1p33 = 1.33 * Sigma_HI_raw,tabulated,piecewise_linear,none,inner_continuation_only,0.481904799023,3.37333359316,7,8,data/stationary/source_reconstruction/iorio2017_ddo87_ddo126_hi_profiles_v1.csv,data/stationary/source_reconstruction/certified_hi_common_tabulated_v5.csv,angular_radius_times_frozen_distance,raw_HI_to_common_1p33,1.33,0,central_value_frozen; source_uncertainties_retained_upstream,validation/stationary/STATIONARY_HI_INTERPOLATION_CONTINUATION_POLICY_V1.md
UGC07559,calibration,6,2.53,4.12300055933,Sigma_neutral_1p33 = 1.33 * Sigma_HI_raw,tabulated,piecewise_linear,none,inner_continuation_only,0.481904799023,3.37333359316,8,9,data/stationary/source_reconstruction/iorio2017_ddo87_ddo126_hi_profiles_v1.csv,data/stationary/source_reconstruction/certified_hi_common_tabulated_v5.csv,angular_radius_times_frozen_distance,raw_HI_to_common_1p33,1.33,0,central_value_frozen; source_uncertainties_retained_upstream,validation/stationary/STATIONARY_HI_INTERPOLATION_CONTINUATION_POLICY_V1.md
UGC09037,calibration,0,2.43,16.55683085,Sigma_neutral_1p33 = 1.33 * Sigma_HI_raw,tabulated,inner_constant,inner,inner_continuation_only,2.43269317668,40.1247181569,0,0,data/stationary/source_reconstruction/ha14_vector_hi_profiles_v2.csv,data/stationary/source_reconstruction/certified_hi_common_tabulated_v5.csv,source_kpc_times_frozen_over_source_distance,raw_HI_to_common_1p33,1.33,0,central_value_frozen; source_uncertainties_retained_upstream,validation/stationary/STATIONARY_HI_INTERPOLATION_CONTINUATION_POLICY_V1.md
UGC09037,calibration,1,3.65,16.4847061627,Sigma_neutral_1p33 = 1.33 * Sigma_HI_raw,tabulated,piecewise_linear,none,inner_continuation_only,2.43269317668,40.1247181569,1,2,data/stationary/source_reconstruction/ha14_vector_hi_profiles_v2.csv,data/stationary/source_reconstruction/certified_hi_common_tabulated_v5.csv,source_kpc_times_frozen_over_source_distance,raw_HI_to_common_1p33,1.33,0,central_value_frozen; source_uncertainties_retained_upstream,validation/stationary/STATIONARY_HI_INTERPOLATION_CONTINUATION_POLICY_V1.md
UGC09037,calibration,2,4.86,16.577280798,Sigma_neutral_1p33 = 1.33 * Sigma_HI_raw,tabulated,piecewise_linear,none,inner_continuation_only,2.43269317668,40.1247181569,1,2,data/stationary/source_reconstruction/ha14_vector_hi_profiles_v2.csv,data/stationary/source_reconstruction/certified_hi_common_tabulated_v5.csv,source_kpc_times_frozen_over_source_distance,raw_HI_to_common_1p33,1.33,0,central_value_frozen; source_uncertainties_retained_upstream,validation/stationary/STATIONARY_HI_INTERPOLATION_CONTINUATION_POLICY_V1.md
UGC09037,calibration,3,6.08,16.4914454542,Sigma_neutral_1p33 = 1.33 * Sigma_HI_raw,tabulated,piecewise_linear,none,inner_continuation_only,2.43269317668,40.1247181569,3,4,data/stationary/source_reconstruction/ha14_vector_hi_profiles_v2.csv,data/stationary/source_reconstruction/certified_hi_common_tabulated_v5.csv,source_kpc_times_frozen_over_source_distance,raw_HI_to_common_1p33,1.33,0,central_value_frozen; source_uncertainties_retained_upstream,validation/stationary/STATIONARY_HI_INTERPOLATION_CONTINUATION_POLICY_V1.md
UGC09037,calibration,4,7.29,15.7766263445,Sigma_neutral_1p33 = 1.33 * Sigma_HI_raw,tabulated,piecewise_linear,none,inner_continuation_only,2.43269317668,40.1247181569,3,4,data/stationary/source_reconstruction/ha14_vector_hi_profiles_v2.csv,data/stationary/source_reconstruction/certified_hi_common_tabulated_v5.csv,source_kpc_times_frozen_over_source_distance,raw_HI_to_common_1p33,1.33,0,central_value_frozen; source_uncertainties_retained_upstream,validation/stationary/STATIONARY_HI_INTERPOLATION_CONTINUATION_POLICY_V1.md
UGC09037,calibration,5,8.51,14.5973794492,Sigma_neutral_1p33 = 1.33 * Sigma_HI_raw,tabulated,piecewise_linear,none,inner_continuation_only,2.43269317668,40.1247181569,4,5,data/stationary/source_reconstruction/ha14_vector_hi_profiles_v2.csv,data/stationary/source_reconstruction/certified_hi_common_tabulated_v5.csv,source_kpc_times_frozen_over_source_distance,raw_HI_to_common_1p33,1.33,0,central_value_frozen; source_uncertainties_retained_upstream,validation/stationary/STATIONARY_HI_INTERPOLATION_CONTINUATION_POLICY_V1.md
UGC09037,calibration,6,9.73,13.6848440284,Sigma_neutral_1p33 = 1.33 * Sigma_HI_raw,tabulated,piecewise_linear,none,inner_continuation_only,2.43269317668,40.1247181569,6,7,data/stationary/source_reconstruction/ha14_vector_hi_profiles_v2.csv,data/stationary/source_reconstruction/certified_hi_common_tabulated_v5.csv,source_kpc_times_frozen_over_source_distance,raw_HI_to_common_1p33,1.33,0,central_value_frozen; source_uncertainties_retained_upstream,validation/stationary/STATIONARY_HI_INTERPOLATION_CONTINUATION_POLICY_V1.md
UGC09037,calibration,7,10.96,13.2848523249,Sigma_neutral_1p33 = 1.33 * Sigma_HI_raw,tabulated,piecewise_linear,none,inner_continuation_only,2.43269317668,40.1247181569,7,8,data/stationary/source_reconstruction/ha14_vector_hi_profiles_v2.csv,data/stationary/source_reconstruction/certified_hi_common_tabulated_v5.csv,source_kpc_times_frozen_over_source_distance,raw_HI_to_common_1p33,1.33,0,central_value_frozen; source_uncertainties_retained_upstream,validation/stationary/STATIONARY_HI_INTERPOLATION_CONTINUATION_POLICY_V1.md
UGC09037,calibration,8,12.19,12.9828966333,Sigma_neutral_1p33 = 1.33 * Sigma_HI_raw,tabulated,piecewise_linear,none,inner_continuation_only,2.43269317668,40.1247181569,8,9,data/stationary/source_reconstruction/ha14_vector_hi_profiles_v2.csv,data/stationary/source_reconstruction/certified_hi_common_tabulated_v5.csv,source_kpc_times_frozen_over_source_distance,raw_HI_to_common_1p33,1.33,0,central_value_frozen; source_uncertainties_retained_upstream,validation/stationary/STATIONARY_HI_INTERPOLATION_CONTINUATION_POLICY_V1.md
UGC09037,calibration,9,13.41,12.2480071887,Sigma_neutral_1p33 = 1.33 * Sigma_HI_raw,tabulated,piecewise_linear,none,inner_continuation_only,2.43269317668,40.1247181569,9,10,data/stationary/source_reconstruction/ha14_vector_hi_profiles_v2.csv,data/stationary/source_reconstruction/certified_hi_common_tabulated_v5.csv,source_kpc_times_frozen_over_source_distance,raw_HI_to_common_1p33,1.33,0,central_value_frozen; source_uncertainties_retained_upstream,validation/stationary/STATIONARY_HI_INTERPOLATION_CONTINUATION_POLICY_V1.md
UGC09037,calibration,10,14.55,11.1075533528,Sigma_neutral_1p33 = 1.33 * Sigma_HI_raw,tabulated,piecewise_linear,none,inner_continuation_only,2.43269317668,40.1247181569,9,10,data/stationary/source_reconstruction/ha14_vector_hi_profiles_v2.csv,data/stationary/source_reconstruction/certified_hi_common_tabulated_v5.csv,source_kpc_times_frozen_over_source_distance,raw_HI_to_common_1p33,1.33,0,central_value_frozen; source_uncertainties_retained_upstream,validation/stationary/STATIONARY_HI_INTERPOLATION_CONTINUATION_POLICY_V1.md
UGC09037,calibration,11,15.78,9.68220935209,Sigma_neutral_1p33 = 1.33 * Sigma_HI_raw,tabulated,piecewise_linear,none,inner_continuation_only,2.43269317668,40.1247181569,10,11,data/stationary/source_reconstruction/ha14_vector_hi_profiles_v2.csv,data/stationary/source_reconstruction/certified_hi_common_tabulated_v5.csv,source_kpc_times_frozen_over_source_distance,raw_HI_to_common_1p33,1.33,0,central_value_frozen; source_uncertainties_retained_upstream,validation/stationary/STATIONARY_HI_INTERPOLATION_CONTINUATION_POLICY_V1.md
UGC09037,calibration,12,17,8.37076259424,Sigma_neutral_1p33 = 1.33 * Sigma_HI_raw,tabulated,piecewise_linear,none,inner_continuation_only,2.43269317668,40.1247181569,11,12,data/stationary/source_reconstruction/ha14_vector_hi_profiles_v2.csv,data/stationary/source_reconstruction/certified_hi_common_tabulated_v5.csv,source_kpc_times_frozen_over_source_distance,raw_HI_to_common_1p33,1.33,0,central_value_frozen; source_uncertainties_retained_upstream,validation/stationary/STATIONARY_HI_INTERPOLATION_CONTINUATION_POLICY_V1.md
UGC09037,calibration,13,18.23,7.40402099573,Sigma_neutral_1p33 = 1.33 * Sigma_HI_raw,tabulated,piecewise_linear,none,inner_continuation_only,2.43269317668,40.1247181569,12,13,data/stationary/source_reconstruction/ha14_vector_hi_profiles_v2.csv,data/stationary/source_reconstruction/certified_hi_common_tabulated_v5.csv,source_kpc_times_frozen_over_source_distance,raw_HI_to_common_1p33,1.33,0,central_value_frozen; source_uncertainties_retained_upstream,validation/stationary/STATIONARY_HI_INTERPOLATION_CONTINUATION_POLICY_V1.md
UGC09037,calibration,14,19.46,6.71437197832,Sigma_neutral_1p33 = 1.33 * Sigma_HI_raw,tabulated,piecewise_linear,none,inner_continuation_only,2.43269317668,40.1247181569,14,15,data/stationary/source_reconstruction/ha14_vector_hi_profiles_v2.csv,data/stationary/source_reconstruction/certified_hi_common_tabulated_v5.csv,source_kpc_times_frozen_over_source_distance,raw_HI_to_common_1p33,1.33,0,central_value_frozen; source_uncertainties_retained_upstream,validation/stationary/STATIONARY_HI_INTERPOLATION_CONTINUATION_POLICY_V1.md
UGC09037,calibration,15,20.69,6.07219884791,Sigma_neutral_1p33 = 1.33 * Sigma_HI_raw,tabulated,piecewise_linear,none,inner_continuation_only,2.43269317668,40.1247181569,15,16,data/stationary/source_reconstruction/ha14_vector_hi_profiles_v2.csv,data/stationary/source_reconstruction/certified_hi_common_tabulated_v5.csv,source_kpc_times_frozen_over_source_distance,raw_HI_to_common_1p33,1.33,0,central_value_frozen; source_uncertainties_retained_upstream,validation/stationary/STATIONARY_HI_INTERPOLATION_CONTINUATION_POLICY_V1.md
UGC09037,calibration,16,21.92,5.42451881028,Sigma_neutral_1p33 = 1.33 * Sigma_HI_raw,tabulated,piecewise_linear,none,inner_continuation_only,2.43269317668,40.1247181569,16,17,data/stationary/source_reconstruction/ha14_vector_hi_profiles_v2.csv,data/stationary/source_reconstruction/certified_hi_common_tabulated_v5.csv,source_kpc_times_frozen_over_source_distance,raw_HI_to_common_1p33,1.33,0,central_value_frozen; source_uncertainties_retained_upstream,validation/stationary/STATIONARY_HI_INTERPOLATION_CONTINUATION_POLICY_V1.md
UGC09037,calibration,17,23.14,4.9434133893,Sigma_neutral_1p33 = 1.33 * Sigma_HI_raw,tabulated,piecewise_linear,none,inner_continuation_only,2.43269317668,40.1247181569,17,18,data/stationary/source_reconstruction/ha14_vector_hi_profiles_v2.csv,data/stationary/source_reconstruction/certified_hi_common_tabulated_v5.csv,source_kpc_times_frozen_over_source_distance,raw_HI_to_common_1p33,1.33,0,central_value_frozen; source_uncertainties_retained_upstream,validation/stationary/STATIONARY_HI_INTERPOLATION_CONTINUATION_POLICY_V1.md
UGC09037,calibration,18,24.28,4.7515312938,Sigma_neutral_1p33 = 1.33 * Sigma_HI_raw,tabulated,piecewise_linear,none,inner_continuation_only,2.43269317668,40.1247181569,17,18,data/stationary/source_reconstruction/ha14_vector_hi_profiles_v2.csv,data/stationary/source_reconstruction/certified_hi_common_tabulated_v5.csv,source_kpc_times_frozen_over_source_distance,raw_HI_to_common_1p33,1.33,0,central_value_frozen; source_uncertainties_retained_upstream,validation/stationary/STATIONARY_HI_INTERPOLATION_CONTINUATION_POLICY_V1.md
UGC09037,calibration,19,25.51,4.62347862624,Sigma_neutral_1p33 = 1.33 * Sigma_HI_raw,tabulated,piecewise_linear,none,inner_continuation_only,2.43269317668,40.1247181569,18,19,data/stationary/source_reconstruction/ha14_vector_hi_profiles_v2.csv,data/stationary/source_reconstruction/certified_hi_common_tabulated_v5.csv,source_kpc_times_frozen_over_source_distance,raw_HI_to_common_1p33,1.33,0,central_value_frozen; source_uncertainties_retained_upstream,validation/stationary/STATIONARY_HI_INTERPOLATION_CONTINUATION_POLICY_V1.md
UGC09037,calibration,20,26.73,4.41158237632,Sigma_neutral_1p33 = 1.33 * Sigma_HI_raw,tabulated,piecewise_linear,none,inner_continuation_only,2.43269317668,40.1247181569,19,20,data/stationary/source_reconstruction/ha14_vector_hi_profiles_v2.csv,data/stationary/source_reconstruction/certified_hi_common_tabulated_v5.csv,source_kpc_times_frozen_over_source_distance,raw_HI_to_common_1p33,1.33,0,central_value_frozen; source_uncertainties_retained_upstream,validation/stationary/STATIONARY_HI_INTERPOLATION_CONTINUATION_POLICY_V1.md
UGC09037,calibration,21,27.96,4.07264374618,Sigma_neutral_1p33 = 1.33 * Sigma_HI_raw,tabulated,piecewise_linear,none,inner_continuation_only,2.43269317668,40.1247181569,20,21,data/stationary/source_reconstruction/ha14_vector_hi_profiles_v2.csv,data/stationary/source_reconstruction/certified_hi_common_tabulated_v5.csv,source_kpc_times_frozen_over_source_distance,raw_HI_to_common_1p33,1.33,0,central_value_frozen; source_uncertainties_retained_upstream,validation/stationary/STATIONARY_HI_INTERPOLATION_CONTINUATION_POLICY_V1.md
UGC12506,calibration,0,0.82,17.604156374,Sigma_neutral_1p33 = 1.33 * Sigma_HI_raw,tabulated,inner_constant,inner,inner_continuation_only,2.4632912407,64.8802412195,0,0,data/stationary/source_reconstruction/ha14_vector_hi_profiles_v2.csv,data/stationary/source_reconstruction/certified_hi_common_tabulated_v5.csv,source_kpc_times_frozen_over_source_distance,raw_HI_to_common_1p33,1.33,0,central_value_frozen; source_uncertainties_retained_upstream,validation/stationary/STATIONARY_HI_INTERPOLATION_CONTINUATION_POLICY_V1.md
UGC12506,calibration,1,2.46,17.604156374,Sigma_neutral_1p33 = 1.33 * Sigma_HI_raw,tabulated,inner_constant,inner,inner_continuation_only,2.4632912407,64.8802412195,0,0,data/stationary/source_reconstruction/ha14_vector_hi_profiles_v2.csv,data/stationary/source_reconstruction/certified_hi_common_tabulated_v5.csv,source_kpc_times_frozen_over_source_distance,raw_HI_to_common_1p33,1.33,0,central_value_frozen; source_uncertainties_retained_upstream,validation/stationary/STATIONARY_HI_INTERPOLATION_CONTINUATION_POLICY_V1.md
UGC12506,calibration,2,4.1,13.5640787538,Sigma_neutral_1p33 = 1.33 * Sigma_HI_raw,tabulated,piecewise_linear,none,inner_continuation_only,2.4632912407,64.8802412195,0,1,data/stationary/source_reconstruction/ha14_vector_hi_profiles_v2.csv,data/stationary/source_reconstruction/certified_hi_common_tabulated_v5.csv,source_kpc_times_frozen_over_source_distance,raw_HI_to_common_1p33,1.33,0,central_value_frozen; source_uncertainties_retained_upstream,validation/stationary/STATIONARY_HI_INTERPOLATION_CONTINUATION_POLICY_V1.md
UGC12506,calibration,3,5.74,10.1174973793,Sigma_neutral_1p33 = 1.33 * Sigma_HI_raw,tabulated,piecewise_linear,none,inner_continuation_only,2.4632912407,64.8802412195,1,2,data/stationary/source_reconstruction/ha14_vector_hi_profiles_v2.csv,data/stationary/source_reconstruction/certified_hi_common_tabulated_v5.csv,source_kpc_times_frozen_over_source_distance,raw_HI_to_common_1p33,1.33,0,central_value_frozen; source_uncertainties_retained_upstream,validation/stationary/STATIONARY_HI_INTERPOLATION_CONTINUATION_POLICY_V1.md
UGC12506,calibration,4,7.38,7.87119948655,Sigma_neutral_1p33 = 1.33 * Sigma_HI_raw,tabulated,piecewise_linear,none,inner_continuation_only,2.4632912407,64.8802412195,2,3,data/stationary/source_reconstruction/ha14_vector_hi_profiles_v2.csv,data/stationary/source_reconstruction/certified_hi_common_tabulated_v5.csv,source_kpc_times_frozen_over_source_distance,raw_HI_to_common_1p33,1.33,0,central_value_frozen; source_uncertainties_retained_upstream,validation/stationary/STATIONARY_HI_INTERPOLATION_CONTINUATION_POLICY_V1.md
UGC12506,calibration,5,9.02,7.01515160732,Sigma_neutral_1p33 = 1.33 * Sigma_HI_raw,tabulated,piecewise_linear,none,inner_continuation_only,2.4632912407,64.8802412195,3,4,data/stationary/source_reconstruction/ha14_vector_hi_profiles_v2.csv,data/stationary/source_reconstruction/certified_hi_common_tabulated_v5.csv,source_kpc_times_frozen_over_source_distance,raw_HI_to_common_1p33,1.33,0,central_value_frozen; source_uncertainties_retained_upstream,validation/stationary/STATIONARY_HI_INTERPOLATION_CONTINUATION_POLICY_V1.md
UGC12506,calibration,6,10.65,7.32203191525,Sigma_neutral_1p33 = 1.33 * Sigma_HI_raw,tabulated,piecewise_linear,none,inner_continuation_only,2.4632912407,64.8802412195,4,5,data/stationary/source_reconstruction/ha14_vector_hi_profiles_v2.csv,data/stationary/source_reconstruction/certified_hi_common_tabulated_v5.csv,source_kpc_times_frozen_over_source_distance,raw_HI_to_common_1p33,1.33,0,central_value_frozen; source_uncertainties_retained_upstream,validation/stationary/STATIONARY_HI_INTERPOLATION_CONTINUATION_POLICY_V1.md
UGC12506,calibration,7,12.29,8.26887852061,Sigma_neutral_1p33 = 1.33 * Sigma_HI_raw,tabulated,piecewise_linear,none,inner_continuation_only,2.4632912407,64.8802412195,5,6,data/stationary/source_reconstruction/ha14_vector_hi_profiles_v2.csv,data/stationary/source_reconstruction/certified_hi_common_tabulated_v5.csv,source_kpc_times_frozen_over_source_distance,raw_HI_to_common_1p33,1.33,0,central_value_frozen; source_uncertainties_retained_upstream,validation/stationary/STATIONARY_HI_INTERPOLATION_CONTINUATION_POLICY_V1.md
UGC12506,calibration,8,13.93,9.28187080537,Sigma_neutral_1p33 = 1.33 * Sigma_HI_raw,tabulated,piecewise_linear,none,inner_continuation_only,2.4632912407,64.8802412195,6,7,data/stationary/source_reconstruction/ha14_vector_hi_profiles_v2.csv,data/stationary/source_reconstruction/certified_hi_common_tabulated_v5.csv,source_kpc_times_frozen_over_source_distance,raw_HI_to_common_1p33,1.33,0,central_value_frozen; source_uncertainties_retained_upstream,validation/stationary/STATIONARY_HI_INTERPOLATION_CONTINUATION_POLICY_V1.md
UGC12506,calibration,9,15.57,9.89109799012,Sigma_neutral_1p33 = 1.33 * Sigma_HI_raw,tabulated,piecewise_linear,none,inner_continuation_only,2.4632912407,64.8802412195,7,8,data/stationary/source_reconstruction/ha14_vector_hi_profiles_v2.csv,data/stationary/source_reconstruction/certified_hi_common_tabulated_v5.csv,source_kpc_times_frozen_over_source_distance,raw_HI_to_common_1p33,1.33,0,central_value_frozen; source_uncertainties_retained_upstream,validation/stationary/STATIONARY_HI_INTERPOLATION_CONTINUATION_POLICY_V1.md
UGC12506,calibration,10,17.21,9.86291523028,Sigma_neutral_1p33 = 1.33 * Sigma_HI_raw,tabulated,piecewise_linear,none,inner_continuation_only,2.4632912407,64.8802412195,8,9,data/stationary/source_reconstruction/ha14_vector_hi_profiles_v2.csv,data/stationary/source_reconstruction/certified_hi_common_tabulated_v5.csv,source_kpc_times_frozen_over_source_distance,raw_HI_to_common_1p33,1.33,0,central_value_frozen; source_uncertainties_retained_upstream,validation/stationary/STATIONARY_HI_INTERPOLATION_CONTINUATION_POLICY_V1.md
UGC12506,calibration,11,18.85,9.23896156787,Sigma_neutral_1p33 = 1.33 * Sigma_HI_raw,tabulated,piecewise_linear,none,inner_continuation_only,2.4632912407,64.8802412195,9,10,data/stationary/source_reconstruction/ha14_vector_hi_profiles_v2.csv,data/stationary/source_reconstruction/certified_hi_common_tabulated_v5.csv,source_kpc_times_frozen_over_source_distance,raw_HI_to_common_1p33,1.33,0,central_value_frozen; source_uncertainties_retained_upstream,validation/stationary/STATIONARY_HI_INTERPOLATION_CONTINUATION_POLICY_V1.md
UGC12506,calibration,12,20.49,8.24914865019,Sigma_neutral_1p33 = 1.33 * Sigma_HI_raw,tabulated,piecewise_linear,none,inner_continuation_only,2.4632912407,64.8802412195,10,11,data/stationary/source_reconstruction/ha14_vector_hi_profiles_v2.csv,data/stationary/source_reconstruction/certified_hi_common_tabulated_v5.csv,source_kpc_times_frozen_over_source_distance,raw_HI_to_common_1p33,1.33,0,central_value_frozen; source_uncertainties_retained_upstream,validation/stationary/STATIONARY_HI_INTERPOLATION_CONTINUATION_POLICY_V1.md
UGC12506,calibration,13,22.13,7.18487777878,Sigma_neutral_1p33 = 1.33 * Sigma_HI_raw,tabulated,piecewise_linear,none,inner_continuation_only,2.4632912407,64.8802412195,11,12,data/stationary/source_reconstruction/ha14_vector_hi_profiles_v2.csv,data/stationary/source_reconstruction/certified_hi_common_tabulated_v5.csv,source_kpc_times_frozen_over_source_distance,raw_HI_to_common_1p33,1.33,0,central_value_frozen; source_uncertainties_retained_upstream,validation/stationary/STATIONARY_HI_INTERPOLATION_CONTINUATION_POLICY_V1.md
UGC12506,calibration,14,23.77,6.25917596959,Sigma_neutral_1p33 = 1.33 * Sigma_HI_raw,tabulated,piecewise_linear,none,inner_continuation_only,2.4632912407,64.8802412195,12,13,data/stationary/source_reconstruction/ha14_vector_hi_profiles_v2.csv,data/stationary/source_reconstruction/certified_hi_common_tabulated_v5.csv,source_kpc_times_frozen_over_source_distance,raw_HI_to_common_1p33,1.33,0,central_value_frozen; source_uncertainties_retained_upstream,validation/stationary/STATIONARY_HI_INTERPOLATION_CONTINUATION_POLICY_V1.md
UGC12506,calibration,15,25.41,5.61407777974,Sigma_neutral_1p33 = 1.33 * Sigma_HI_raw,tabulated,piecewise_linear,none,inner_continuation_only,2.4632912407,64.8802412195,13,14,data/stationary/source_reconstruction/ha14_vector_hi_profiles_v2.csv,data/stationary/source_reconstruction/certified_hi_common_tabulated_v5.csv,source_kpc_times_frozen_over_source_distance,raw_HI_to_common_1p33,1.33,0,central_value_frozen; source_uncertainties_retained_upstream,validation/stationary/STATIONARY_HI_INTERPOLATION_CONTINUATION_POLICY_V1.md
UGC12506,calibration,16,27.05,5.28596514436,Sigma_neutral_1p33 = 1.33 * Sigma_HI_raw,tabulated,piecewise_linear,none,inner_continuation_only,2.4632912407,64.8802412195,14,15,data/stationary/source_reconstruction/ha14_vector_hi_profiles_v2.csv,data/stationary/source_reconstruction/certified_hi_common_tabulated_v5.csv,source_kpc_times_frozen_over_source_distance,raw_HI_to_common_1p33,1.33,0,central_value_frozen; source_uncertainties_retained_upstream,validation/stationary/STATIONARY_HI_INTERPOLATION_CONTINUATION_POLICY_V1.md
UGC12506,calibration,17,28.68,5.18280288649,Sigma_neutral_1p33 = 1.33 * Sigma_HI_raw,tabulated,piecewise_linear,none,inner_continuation_only,2.4632912407,64.8802412195,15,16,data/stationary/source_reconstruction/ha14_vector_hi_profiles_v2.csv,data/stationary/source_reconstruction/certified_hi_common_tabulated_v5.csv,source_kpc_times_frozen_over_source_distance,raw_HI_to_common_1p33,1.33,0,central_value_frozen; source_uncertainties_retained_upstream,validation/stationary/STATIONARY_HI_INTERPOLATION_CONTINUATION_POLICY_V1.md
UGC12506,calibration,18,30.32,5.1055394478,Sigma_neutral_1p33 = 1.33 * Sigma_HI_raw,tabulated,piecewise_linear,none,inner_continuation_only,2.4632912407,64.8802412195,16,17,data/stationary/source_reconstruction/ha14_vector_hi_profiles_v2.csv,data/stationary/source_reconstruction/certified_hi_common_tabulated_v5.csv,source_kpc_times_frozen_over_source_distance,raw_HI_to_common_1p33,1.33,0,central_value_frozen; source_uncertainties_retained_upstream,validation/stationary/STATIONARY_HI_INTERPOLATION_CONTINUATION_POLICY_V1.md
UGC12506,calibration,19,31.96,4.86172931042,Sigma_neutral_1p33 = 1.33 * Sigma_HI_raw,tabulated,piecewise_linear,none,inner_continuation_only,2.4632912407,64.8802412195,17,18,data/stationary/source_reconstruction/ha14_vector_hi_profiles_v2.csv,data/stationary/source_reconstruction/certified_hi_common_tabulated_v5.csv,source_kpc_times_frozen_over_source_distance,raw_HI_to_common_1p33,1.33,0,central_value_frozen; source_uncertainties_retained_upstream,validation/stationary/STATIONARY_HI_INTERPOLATION_CONTINUATION_POLICY_V1.md
UGC12506,calibration,20,33.6,4.40827374241,Sigma_neutral_1p33 = 1.33 * Sigma_HI_raw,tabulated,piecewise_linear,none,inner_continuation_only,2.4632912407,64.8802412195,18,19,data/stationary/source_reconstruction/ha14_vector_hi_profiles_v2.csv,data/stationary/source_reconstruction/certified_hi_common_tabulated_v5.csv,source_kpc_times_frozen_over_source_distance,raw_HI_to_common_1p33,1.33,0,central_value_frozen; source_uncertainties_retained_upstream,validation/stationary/STATIONARY_HI_INTERPOLATION_CONTINUATION_POLICY_V1.md
UGC12506,calibration,21,35.24,3.88471614719,Sigma_neutral_1p33 = 1.33 * Sigma_HI_raw,tabulated,piecewise_linear,none,inner_continuation_only,2.4632912407,64.8802412195,19,20,data/stationary/source_reconstruction/ha14_vector_hi_profiles_v2.csv,data/stationary/source_reconstruction/certified_hi_common_tabulated_v5.csv,source_kpc_times_frozen_over_source_distance,raw_HI_to_common_1p33,1.33,0,central_value_frozen; source_uncertainties_retained_upstream,validation/stationary/STATIONARY_HI_INTERPOLATION_CONTINUATION_POLICY_V1.md
UGC12506,calibration,22,36.88,3.48960590163,Sigma_neutral_1p33 = 1.33 * Sigma_HI_raw,tabulated,piecewise_linear,none,inner_continuation_only,2.4632912407,64.8802412195,20,21,data/stationary/source_reconstruction/ha14_vector_hi_profiles_v2.csv,data/stationary/source_reconstruction/certified_hi_common_tabulated_v5.csv,source_kpc_times_frozen_over_source_distance,raw_HI_to_common_1p33,1.33,0,central_value_frozen; source_uncertainties_retained_upstream,validation/stationary/STATIONARY_HI_INTERPOLATION_CONTINUATION_POLICY_V1.md
UGC12506,calibration,23,38.52,3.30999786139,Sigma_neutral_1p33 = 1.33 * Sigma_HI_raw,tabulated,piecewise_linear,none,inner_continuation_only,2.4632912407,64.8802412195,21,22,data/stationary/source_reconstruction/ha14_vector_hi_profiles_v2.csv,data/stationary/source_reconstruction/certified_hi_common_tabulated_v5.csv,source_kpc_times_frozen_over_source_distance,raw_HI_to_common_1p33,1.33,0,central_value_frozen; source_uncertainties_retained_upstream,validation/stationary/STATIONARY_HI_INTERPOLATION_CONTINUATION_POLICY_V1.md
UGC12506,calibration,24,40.16,3.28343577902,Sigma_neutral_1p33 = 1.33 * Sigma_HI_raw,tabulated,piecewise_linear,none,inner_continuation_only,2.4632912407,64.8802412195,22,23,data/stationary/source_reconstruction/ha14_vector_hi_profiles_v2.csv,data/stationary/source_reconstruction/certified_hi_common_tabulated_v5.csv,source_kpc_times_frozen_over_source_distance,raw_HI_to_common_1p33,1.33,0,central_value_frozen; source_uncertainties_retained_upstream,validation/stationary/STATIONARY_HI_INTERPOLATION_CONTINUATION_POLICY_V1.md
UGC12506,calibration,25,41.8,3.27266881299,Sigma_neutral_1p33 = 1.33 * Sigma_HI_raw,tabulated,piecewise_linear,none,inner_continuation_only,2.4632912407,64.8802412195,23,24,data/stationary/source_reconstruction/ha14_vector_hi_profiles_v2.csv,data/stationary/source_reconstruction/certified_hi_common_tabulated_v5.csv,source_kpc_times_frozen_over_source_distance,raw_HI_to_common_1p33,1.33,0,central_value_frozen; source_uncertainties_retained_upstream,validation/stationary/STATIONARY_HI_INTERPOLATION_CONTINUATION_POLICY_V1.md
UGC12506,calibration,26,43.44,3.19613758841,Sigma_neutral_1p33 = 1.33 * Sigma_HI_raw,tabulated,piecewise_linear,none,inner_continuation_only,2.4632912407,64.8802412195,24,25,data/stationary/source_reconstruction/ha14_vector_hi_profiles_v2.csv,data/stationary/source_reconstruction/certified_hi_common_tabulated_v5.csv,source_kpc_times_frozen_over_source_distance,raw_HI_to_common_1p33,1.33,0,central_value_frozen; source_uncertainties_retained_upstream,validation/stationary/STATIONARY_HI_INTERPOLATION_CONTINUATION_POLICY_V1.md
UGC12506,calibration,27,45.08,3.080940876,Sigma_neutral_1p33 = 1.33 * Sigma_HI_raw,tabulated,piecewise_linear,none,inner_continuation_only,2.4632912407,64.8802412195,25,26,data/stationary/source_reconstruction/ha14_vector_hi_profiles_v2.csv,data/stationary/source_reconstruction/certified_hi_common_tabulated_v5.csv,source_kpc_times_frozen_over_source_distance,raw_HI_to_common_1p33,1.33,0,central_value_frozen; source_uncertainties_retained_upstream,validation/stationary/STATIONARY_HI_INTERPOLATION_CONTINUATION_POLICY_V1.md
UGC12506,calibration,28,46.71,3.01984504901,Sigma_neutral_1p33 = 1.33 * Sigma_HI_raw,tabulated,piecewise_linear,none,inner_continuation_only,2.4632912407,64.8802412195,26,27,data/stationary/source_reconstruction/ha14_vector_hi_profiles_v2.csv,data/stationary/source_reconstruction/certified_hi_common_tabulated_v5.csv,source_kpc_times_frozen_over_source_distance,raw_HI_to_common_1p33,1.33,0,central_value_frozen; source_uncertainties_retained_upstream,validation/stationary/STATIONARY_HI_INTERPOLATION_CONTINUATION_POLICY_V1.md
UGC12506,calibration,29,48.35,3.07955429812,Sigma_neutral_1p33 = 1.33 * Sigma_HI_raw,tabulated,piecewise_linear,none,inner_continuation_only,2.4632912407,64.8802412195,27,28,data/stationary/source_reconstruction/ha14_vector_hi_profiles_v2.csv,data/stationary/source_reconstruction/certified_hi_common_tabulated_v5.csv,source_kpc_times_frozen_over_source_distance,raw_HI_to_common_1p33,1.33,0,central_value_frozen; source_uncertainties_retained_upstream,validation/stationary/STATIONARY_HI_INTERPOLATION_CONTINUATION_POLICY_V1.md
UGC12506,calibration,30,49.99,3.22811836898,Sigma_neutral_1p33 = 1.33 * Sigma_HI_raw,tabulated,piecewise_linear,none,inner_continuation_only,2.4632912407,64.8802412195,28,29,data/stationary/source_reconstruction/ha14_vector_hi_profiles_v2.csv,data/stationary/source_reconstruction/certified_hi_common_tabulated_v5.csv,source_kpc_times_frozen_over_source_distance,raw_HI_to_common_1p33,1.33,0,central_value_frozen; source_uncertainties_retained_upstream,validation/stationary/STATIONARY_HI_INTERPOLATION_CONTINUATION_POLICY_V1.md
