older_lookback_gyr,younger_lookback_gyr,R_kpc,delta_surface_density_msun_per_kpc2,delta_SFR_surface_proxy_msun_per_yr_kpc2
12.25,11.65,0.001,133962757.45921528,0.2232712624320256
12.25,11.65,0.12602000400080016,123371145.04158607,0.20561857506931025
12.25,11.65,0.2510400080016003,113586165.34278363,0.18931027557130617
12.25,11.65,0.37606001200240047,104549863.8067787,0.17424977301129793
12.25,11.65,0.5010800160032006,96208042.08545834,0.16034673680909733
12.25,11.65,0.6261000200040008,88510065.2605389,0.14751677543423158
12.25,11.65,0.7511200240048009,81408671.97733614,0.13568111996222698
12.25,11.65,0.8761400280056011,74859788.66130187,0.12476631443550318
12.25,11.65,1.0011600320064011,68822348.74080308,0.1147039145680052
12.25,11.65,1.1261800360072014,63258117.58852409,0.10543019598087354
12.25,11.65,1.2512000400080014,58131523.71444668,0.0968858728574112
12.25,11.65,1.3762200440088017,53409496.59150876,0.08901582765251466
12.25,11.65,1.5012400480096018,49061311.367145,0.08176885227857505
12.25,11.65,1.626260052010402,45058440.606797114,0.07509740101132857
12.25,11.65,1.751280056011202,41374413.12636375,0.06895735521060628
12.25,11.65,1.8763000600120023,37984679.896987125,0.06330779982831192
12.25,11.65,2.0013200640128024,34866486.945408754,0.05811081157568129
12.25,11.65,2.1263400680136026,31998755.12448462,0.05333125854080773
12.25,11.65,2.251360072014403,29361966.589694597,0.048936610982824355
12.25,11.65,2.3763800760152027,26938057.787172318,0.04489676297862056
12.25,11.65,2.501400080016003,24710318.7356732,0.04118386455945536
12.25,11.65,2.6264200840168033,22663298.36789372,0.03777216394648955
12.25,11.65,2.7514400880176035,20782715.684711445,0.0346378594745191
12.25,11.65,2.876460092018404,19055376.46840514,0.03175896078067525
12.25,11.65,3.0014800960192036,17469095.297025874,0.029115158828376474
12.25,11.65,3.126500100020004,16012622.601203732,0.026687704335339568
12.25,11.65,3.251520104020804,14675576.5062594,0.024459294177099015
12.25,11.65,3.3765401080216044,13448379.206085075,0.022413965343475138
12.25,11.65,3.5015601120224042,12322197.620470233,0.02053699603411707
12.25,11.65,3.6265801160232045,11288888.09403828,0.018814813490063812
12.25,11.65,3.751600120024005,10340944.90244014,0.017234908170733577
12.25,11.65,3.876620124024805,9471452.339676714,0.0157857538994612
12.25,11.65,4.001640128025605,8674040.169184253,0.014456733615307096
12.25,11.65,4.126660132026406,7942842.2304424755,0.0132380703840708
12.25,11.65,4.251680136027206,7272458.00220534,0.012120763337008908
12.25,11.65,4.376700140028006,6657916.93288831,0.011096528221480524
12.25,11.65,4.501720144028806,6094645.358072177,0.010157742263453633
12.25,11.65,4.626740148029606,5578435.834418936,0.009297393057364899
12.25,11.65,4.751760152030406,5105418.72847297,0.008509031214121622
12.25,11.65,4.876780156031207,4672035.907787687,0.0077867265129794834
12.25,11.65,5.001800160032007,4275016.390531277,0.007125027317552133
12.25,11.65,5.126820164032807,3911353.8181532593,0.006518923030255436
12.25,11.65,5.251840168033607,3578285.6238124594,0.005963809373020769
12.25,11.65,5.376860172034407,3273273.777059991,0.005455456295099988
12.25,11.65,5.501880176035208,2993986.992726691,0.004989978321211155
12.25,11.65,5.6269001800360074,2738284.299077754,0.004563807165129593
12.25,11.65,5.751920184036808,2504199.867066027,0.004173666445110048
12.25,11.65,5.876940188037608,2289929.008941235,0.003816548348235394
12.25,11.65,6.001960192038408,2093815.2605596299,0.0034896921009327187
12.25,11.65,6.1269801960392085,1914338.467494219,0.003190564112490367
12.25,11.65,6.252000200040008,1750103.800477429,0.0029168396674623836
12.25,11.65,6.377020204040808,1599831.6308264858,0.002666386051377478
12.25,11.65,6.502040208041609,1462348.2013172167,0.002437247002195363
12.25,11.65,6.627060212042409,1336577.032495912,0.002227628387493188
12.25,11.65,6.752080216043209,1221531.0086637978,0.002035885014439664
12.25,11.65,6.877100220044009,1116305.0917467722,0.0018605084862446215
12.25,11.65,7.002120224044809,1020069.6149866178,0.0017001160249776974
12.25,11.65,7.12714022804561,932064.1118721078,0.001553440186453514
12.25,11.65,7.25216023204641,851591.638981118,0.0014193193983018642
12.25,11.65,7.377180236047209,778013.5544406065,0.0012966892574010117
12.25,11.65,7.50220024004801,710744.7165421725,0.001184574527570288
12.25,11.65,7.62722024404881,649249.0696882328,0.001082081782813722
12.25,11.65,7.752240248049611,593035.5872992601,0.0009883926454987673
12.25,11.65,7.8772602520504105,541654.5435966465,0.0009027575726610781
12.25,11.65,8.00228025605121,494694.08829919307,0.0008244901471653222
12.25,11.65,8.12730026005201,451777.10024387843,0.0007529618337397978
12.25,11.65,8.25232026405281,412558.29777304747,0.0006875971629550795
12.25,11.65,8.37734026805361,376721.58542949386,0.0006278693090491568
12.25,11.65,8.50236027205441,343977.61807680584,0.00057329603012801
12.25,11.65,8.627380276055211,314061.5650228929,0.0005234359417048218
12.25,11.65,8.75240028005601,286731.0580775881,0.00047788509679598046
12.25,11.65,8.87742028405681,261764.30872795006,0.00043627384787991704
12.25,11.65,9.002440288057612,238958.3807741861,0.0003982639679569771
12.25,11.65,9.12746029205841,218127.60584151142,0.0003635460097358526
12.25,11.65,9.252480296059211,199102.13017482264,0.0003318368836247046
12.25,11.65,9.377500300060012,181726.58203949156,0.00030287763673248613
12.25,11.65,9.50252030406081,165858.84989823034,0.0002764314164970507
12.25,11.65,9.627540308061612,151368.9623158882,0.0002522816038598138
12.25,11.65,9.752560312062412,138138.0612658425,0.00023023010210973763
12.25,11.65,9.877580316063213,126057.46117776402,0.00021009576862960683
12.25,11.65,10.002600320064012,115027.78668105252,0.0001917129778017543
12.25,11.65,10.127620324064813,104958.18256492756,0.00017493030427487936
12.25,11.65,10.252640328065613,95765.58999863308,0.00015960931666438857
12.25,11.65,10.377660332066412,87374.08353671628,0.0001456234725611939
12.25,11.65,10.502680336067213,79714.26387800052,0.00013285710646333427
12.25,11.65,10.627700340068014,72722.70175551645,0.00012120450292586082
12.25,11.65,10.752720344068813,66341.42871095342,0.0001105690478515891
12.25,11.65,10.877740348069613,60517.470853617066,0.00010086245142269517
12.25,11.65,11.002760352070414,55202.42202270817,9.200403670451366e-05
12.25,11.65,11.127780356071213,50352.05306510741,8.392008844184573e-05
12.25,11.65,11.252800360072014,45925.95421071739,7.654325701786236e-05
12.25,11.65,11.377820364072814,41887.20777561044,6.981201295935077e-05
12.25,11.65,11.502840368073615,38202.0886514431,6.36701477524052e-05
12.25,11.65,11.627860372074414,34839.79024938679,5.8066317082311345e-05
12.25,11.65,11.752880376075215,31772.17375963604,5.295362293272676e-05
12.25,11.65,11.877900380076015,28973.538764734047,4.8289231274556775e-05
12.25,11.65,12.002920384076814,26420.41340772027,4.403402234620048e-05
12.25,11.65,12.127940388077615,24091.36246561595,4.015227077602661e-05
12.25,11.65,12.252960392078416,21966.811816064925,3.66113530267749e-05
12.25,11.65,12.377980396079215,20028.887911010486,3.338147985168416e-05
12.25,11.65,12.503000400080015,18261.27098702085,3.0435451645034766e-05
12.25,11.65,12.628020404080816,16649.0608481007,2.7748434746834516e-05
12.25,11.65,12.753040408081615,15178.654154303647,2.5297756923839428e-05
12.25,11.65,12.878060412082416,13837.632238904835,2.306272039817474e-05
12.25,11.65,13.003080416083217,12614.65855894749,2.1024430931579165e-05
12.25,11.65,13.128100420084015,11499.38495923937,1.9165641598732297e-05
12.25,11.65,13.253120424084816,10482.365998901256,1.747060999816877e-05
12.25,11.65,13.378140428085617,9554.980652864535,1.5924967754774234e-05
12.25,11.65,13.503160432086418,8709.360758743933,1.451560126457323e-05
12.25,11.65,13.628180436087217,7938.325632708985,1.3230542721181649e-05
12.25,11.65,13.753200440088017,7235.322326737716,1.2058870544562868e-05
12.25,11.65,13.878220444088818,6594.3710443208,1.099061840720134e-05
12.25,11.65,14.003240448089617,6010.015272631587,1.0016692121052651e-05
12.25,11.65,14.128260452090418,5477.276226694345,9.128793711157247e-06
12.25,11.65,14.253280456091218,4991.611235451373,8.319352059085628e-06
12.25,11.65,14.378300460092017,4548.875731110673,7.581459551851126e-06
12.25,11.65,14.503320464092818,4145.288531989829,6.908814219983052e-06
12.25,11.65,14.628340468093619,3777.400135475305,6.295666892458846e-06
12.25,11.65,14.753360472094418,3442.06376189461,5.73677293649102e-06
12.25,11.65,14.878380476095218,3136.4089122345886,5.227348187057651e-06
12.25,11.65,15.003400480096019,2857.8172229039865,4.7630287048399805e-06
12.25,11.65,15.12842048409682,2603.9004192879916,4.3398340321466554e-06
12.25,11.65,15.253440488097619,2372.4801868203194,3.954133644700535e-06
12.25,11.65,15.37846049209842,2161.56979383601,3.6026163230600187e-06
12.25,11.65,15.50348049609922,1969.3573146862732,3.2822621911437907e-06
12.25,11.65,15.628500500100019,1794.1903146062596,2.9903171910104344e-06
12.25,11.65,15.75352050410082,1634.5618697289674,2.724269782881614e-06
12.25,11.65,15.87854050810162,1489.0978065269837,2.4818296775449743e-06
12.25,11.65,16.00356051210242,1356.5450549238126,2.2609084248730223e-06
12.25,11.65,16.128580516103224,1235.7610184264047,2.0596016973773424e-06
12.25,11.65,16.253600520104023,1125.7038729620817,1.8761731216034707e-06
12.25,11.65,16.37862052410482,1025.4237137221978,1.7090395228703307e-06
12.25,11.65,16.503640528105624,934.054476281892,1.556757460469821e-06
12.25,11.65,16.628660532106423,850.8065646352934,1.4180109410588233e-06
12.25,11.65,16.753680536107222,774.9601246095559,1.291600207682594e-06
12.25,11.65,16.878700540108024,705.8589064452117,1.1764315107420202e-06
12.25,11.65,17.003720544108823,642.9046651970787,1.0715077753284652e-06
12.25,11.65,17.128740548109622,585.552052058487,9.759200867641455e-07
12.25,11.65,17.253760552110425,533.3039537773448,8.888399229622418e-07
12.25,11.65,17.378780556111224,485.7072410482036,8.095120684136732e-07
12.25,11.65,17.503800560112023,442.3488901600492,7.372481502667492e-07
12.25,11.65,17.628820564112825,402.8524452822709,6.714207421371185e-07
12.25,11.65,17.753840568113624,366.87479160618153,6.114579860103029e-07
12.25,11.65,17.878860572114423,334.10321214962056,5.568386869160346e-07
12.25,11.65,18.003880576115225,304.2527033984722,5.070878389974539e-07
12.25,11.65,18.128900580116024,277.06352712052615,4.617725452008772e-07
12.25,11.65,18.253920584116823,252.29897766169873,4.2049829610283144e-07
12.25,11.65,18.378940588117626,229.74334583819137,3.8290557639698584e-07
12.25,11.65,18.503960592118425,209.20006218539402,3.4866677030899025e-07
12.25,11.65,18.628980596119224,190.49000382876847,3.1748333971461427e-07
12.25,11.65,18.754000600120026,173.44995061581506,2.890832510263586e-07
12.25,11.65,18.879020604120825,157.93117740277592,2.632186290046267e-07
12.25,11.65,19.004040608121624,143.79817053531187,2.3966361755885324e-07
12.25,11.65,19.129060612122426,130.92745760836942,2.182124293472825e-07
12.25,11.65,19.254080616123225,119.20654054542463,1.9867756757570782e-07
12.25,11.65,19.379100620124028,108.53292290916386,1.8088820484860655e-07
12.25,11.65,19.504120624124827,98.81322315160016,1.6468870525266703e-07
12.25,11.65,19.629140628125626,89.96236623817245,1.4993727706362083e-07
12.25,11.65,19.75416063212643,81.9028467436204,1.3650474457270075e-07
12.25,11.65,19.879180636127227,74.56405712277781,1.242734285379631e-07
12.25,11.65,20.004200640128026,67.88167541194639,1.1313612568657738e-07
12.25,11.65,20.12922064412883,61.79710712079208,1.0299517853465352e-07
12.25,11.65,20.254240648129628,56.2569765349033,9.376162755817223e-08
12.25,11.65,20.379260652130426,51.21266306912223,8.53544384485371e-08
12.25,11.65,20.50428065613123,46.61987869500543,7.76997978250091e-08
12.25,11.65,20.629300660132028,42.438282815464305,7.073047135910721e-08
12.25,11.65,20.754320664132827,38.63113127871602,6.438521879786006e-08
12.25,11.65,20.87934066813363,35.16495651481021,5.860826085801705e-08
12.25,11.65,21.00436067213443,32.00927604361018,5.3348793406017e-08
12.25,11.65,21.129380676135227,29.136326845428272,4.856054474238048e-08
12.25,11.65,21.25440068013603,26.520823306593513,4.420137217765588e-08
12.25,11.65,21.37942068413683,24.13973665388529,4.023289442314217e-08
12.25,11.65,21.504440688137628,21.97209397573313,3.6620156626221903e-08
12.25,11.65,21.62946069213843,19.99879509588429,3.333132515980717e-08
12.25,11.65,21.75448069613923,18.2024457182905,3.0337409530484185e-08
12.25,11.65,21.879500700140028,16.56720540156727,2.7612009002612136e-08
12.25,11.65,22.00452070414083,15.078649048700779,2.5131081747834647e-08
12.25,11.65,22.12954070814163,13.723640713790589,2.2872734522984327e-08
12.25,11.65,22.25456071214243,12.490218633515166,2.0817031055858624e-08
12.25,11.65,22.37958071614323,11.367490487578705,1.8945817479297852e-08
12.25,11.65,22.50460072014403,10.3455379804575,1.724256330076251e-08
12.25,11.65,22.62962072414483,9.415329917068096,1.5692216528446838e-08
12.25,11.65,22.75464072814563,8.568643018202073,1.4281071697003462e-08
12.25,11.65,22.87966073214643,7.797989788333697,1.2996649647222836e-08
12.25,11.65,23.004680736147233,7.0965528092814445,1.1827588015469081e-08
12.25,11.65,23.12970074014803,6.458124888705091,1.0763541481175157e-08
12.25,11.65,23.25472074414883,5.8770545430171826,9.795090905028643e-09
12.25,11.65,23.379740748149633,5.348196340420576,8.913660567367631e-09
12.25,11.65,23.504760752150432,4.8668656718364085,8.111442786394018e-09
12.25,11.65,23.62978075615123,4.4287975558233805,7.3813292597056385e-09
12.25,11.65,23.754800760152033,4.030109118537473,6.716848530895792e-09
12.25,11.65,23.879820764152832,3.667265421636392,6.112109036060657e-09
12.25,11.65,24.00484076815363,3.3370483400699116,5.561747233449856e-09
12.25,11.65,24.129860772154434,3.0365282181653326,5.060880363608891e-09
12.25,11.65,24.254880776155233,2.7630380565404553,4.6050634275674285e-09
12.25,11.65,24.37990078015603,2.514150004363295,4.190250007272161e-09
12.25,11.65,24.504920784156834,2.2876539515176315,3.812756585862722e-09
12.25,11.65,24.629940788157633,2.081538033496236,3.4692300558270623e-09
12.25,11.65,24.754960792158432,1.8939708784875289,3.15661813081255e-09
12.25,11.65,24.879980796159234,1.723285441290092,2.872142402150155e-09
11.65,11.18,0.001,224168105.82426786,0.4769534166473778
11.65,11.18,0.12602000400080016,203687071.1799146,0.43337674719130703
11.65,11.18,0.2510400080016003,185077278.55975914,0.39378144374416785
11.65,11.18,0.37606001200240047,168167762.64032412,0.35780375029856143
11.65,11.18,0.5010800160032006,152803178.2805852,0.3251131452778404
11.65,11.18,0.6261000200040008,138842373.38987824,0.2954093050848469
11.65,11.18,0.7511200240048009,126157092.18519363,0.2684193450748797
11.65,11.18,0.8761400280056011,114630796.9248797,0.24389531260612668
11.65,11.18,1.0011600320064011,104157597.29420272,0.22161190913660123
11.65,11.18,1.1261800360072014,94641277.60719296,0.2013644204408358
11.65,11.18,1.2512000400080014,85994412.88782781,0.18296683593154828
11.65,11.18,1.3762200440088017,78137565.71012485,0.16625013980877604
11.65,11.18,1.5012400480096018,70998556.41863781,0.15106075833752705
11.65,11.18,1.626260052010402,64511800.02498239,0.13725914898932404
11.65,11.18,1.751280056011202,58617703.688561395,0.12471851848630067
11.65,11.18,1.8763000600120023,53262119.24623664,0.11332365797071609
11.65,11.18,2.0013200640128024,48395845.76142159,0.1029698845987692
11.65,11.18,2.1263400680136026,43974177.52258888,0.09356207983529535
11.65,11.18,2.251360072014403,39956493.33872412,0.08501381561430653
11.65,11.18,2.3763800760152027,36305883.35864601,0.0772465603375446
11.65,11.18,2.501400080016003,32988809.985838935,0.0701889574166785
11.65,11.18,2.6264200840168033,29974799.773674257,0.06377616973122173
11.65,11.18,2.7514400880176035,27236163.470508806,0.05794928397980589
11.65,11.18,2.876460092018404,24747741.642757565,0.052654769452675595
11.65,11.18,3.0014800960192036,22486673.53901864,0.04784398625323108
11.65,11.18,3.126500100020004,20432187.071840562,0.04347273845072454
11.65,11.18,3.251520104020804,18565407.98772622,0.0395008680589919
11.65,11.18,3.3765401080216044,16869186.472247772,0.03589188611116542
11.65,11.18,3.5015601120224042,15327939.597319864,0.03261263744110605
11.65,11.18,3.6265801160232045,13927508.163218513,0.02963299609195424
11.65,11.18,3.751600120024005,12655026.62017506,0.02692558855356392
11.65,11.18,3.876620124024805,11498804.874534741,0.024465542286244094
11.65,11.18,4.001640128025605,10448220.893651105,0.022230257220534237
11.65,11.18,4.126660132026406,9493623.122893838,0.02019919813381665
11.65,11.18,4.251680136027206,8626241.818290014,0.018353705996361706
11.65,11.18,4.376700140028006,7838108.480225114,0.01667682655367043
11.65,11.18,4.501720144028806,7121982.648053713,0.015153154570327029
11.65,11.18,4.626740148029606,6471285.38309302,0.013768692304453215
11.65,11.18,4.751760152030406,5880038.828917621,0.012510720912590666
11.65,11.18,4.876780156031207,5342811.293705218,0.011367683603628106
11.65,11.18,5.001800160032007,4854667.3501131665,0.010329079468325873
11.65,11.18,5.126820164032807,4411122.494260996,0.009385367009065936
11.65,11.18,5.251840168033607,4008101.9472779706,0.008527876483570139
11.65,11.18,5.376860172034407,3641903.2209317144,0.007748730257301509
11.65,11.18,5.501880176035208,3309162.1034341278,0.00704077043283856
11.65,11.18,5.6269001800360074,3006821.752941332,0.006397493091364527
11.65,11.18,5.751920184036808,2732104.6148143606,0.005812988542158206
11.65,11.18,5.876940188037608,2482486.904648778,0.005281887031167606
11.65,11.18,6.001960192038408,2255675.4226526585,0.004799309409899267
11.65,11.18,6.1269801960392085,2049586.4863702501,0.004360822311426058
11.65,11.18,6.252000200040008,1862326.7882093783,0.003962397421722076
11.65,11.18,6.377020204040808,1692176.0019136486,0.003600374472156694
11.65,11.18,6.502040208041609,1537570.9781878106,0.00327142761316555
11.65,11.18,6.627060212042409,1397091.384283837,0.0029725348601783723
11.65,11.18,6.752080216043209,1269446.6556208027,0.002700950331108087
11.65,11.18,6.877100220044009,1153464.1395651512,0.002454179020351382
11.65,11.18,7.002120224044809,1048078.3224499708,0.0022299538775531263
11.65,11.18,7.12714022804561,952321.0408636183,0.002026214980560887
11.65,11.18,7.25216023204641,865312.5872802862,0.001841090611234649
11.65,11.18,7.377180236047209,786253.6283212639,0.0016728800602580061
11.65,11.18,7.50220024004801,714417.8614012359,0.0015200380029813509
11.65,11.18,7.62722024404881,649145.3422973189,0.0013811603027602509
11.65,11.18,7.752240248049611,589836.4223422454,0.0012549711113664778
11.65,11.18,7.8772602520504105,535946.2395436133,0.001140311147965133
11.65,11.18,8.00228025605121,486979.7130199495,0.0010361270489786145
11.65,11.18,8.12730026005201,442486.9947682384,0.0009414616909962506
11.65,11.18,8.25232026405281,402059.33697900537,0.0008554453978276698
11.65,11.18,8.37734026805361,365325.33693259396,0.0007772879509204116
11.65,11.18,8.50236027205441,331947.52497908566,0.0007062713297427345
11.65,11.18,8.627380276055211,301619.26425615477,0.0006417431154386263
11.65,11.18,8.75240028005601,274061.93366302707,0.000583110497155376
11.65,11.18,8.87742028405681,249022.36821096757,0.0005298348259807814
11.65,11.18,9.002440288057612,226270.53323518403,0.0004814266664578377
11.65,11.18,9.12746029205841,205597.4111014806,0.00043744130021591555
11.65,11.18,9.252480296059211,186813.08099316526,0.00039747464041098936
11.65,11.18,9.377500300060012,169744.9741375058,0.0003611595194415012
11.65,11.18,9.50252030406081,154236.28844276007,0.0003281623158356593
11.65,11.18,9.627540308061612,140144.54798130016,0.0002981798893219148
11.65,11.18,9.752560312062412,127340.2940850195,0.000270936795925573
11.65,11.18,9.877580316063213,115705.89602831297,0.0002461827575070485
11.65,11.18,10.002600320064012,105134.47037256192,0.0002236903624948123
11.65,11.18,10.127620324064813,95528.89904430087,0.00020325297669000156
11.65,11.18,10.252640328065613,86800.93712630594,0.00018468284494958687
11.65,11.18,10.377660332066412,78870.40216501296,0.00016780936630853796
11.65,11.18,10.502680336067213,71664.43754655815,0.00015247752669480437
11.65,11.18,10.627700340068014,65116.84317419113,0.00013854647483870435
11.65,11.18,10.752720344068813,59167.46729809293,0.00012588822829381457
11.65,11.18,10.877740348069613,53761.65391043441,0.00011438649768177518
11.65,11.18,11.002760352070414,48849.74062897716,0.00010393561835952573
11.65,11.18,11.127780356071213,44386.60245635027,9.443957969436216e-05
11.65,11.18,11.252800360072014,40331.237223589196,8.581114302891306e-05
11.65,11.18,11.377820364072814,36646.38890946948,7.797104023291368e-05
11.65,11.18,11.502840368073615,33298.20537512814,7.084724547899594e-05
11.65,11.18,11.627860372074414,30255.92736963256,6.437431355240961e-05
11.65,11.18,11.752880376075215,27491.60594943793,5.84927786158253e-05
11.65,11.18,11.877900380076015,24979.84571571069,5.314860790576735e-05
11.65,11.18,12.002920384076814,22697.571510676673,4.8292705341865194e-05
11.65,11.18,12.127940388077615,20623.816429669387,4.388046048865821e-05
11.65,11.18,12.252960392078416,18739.529201378413,3.9871338726336996e-05
11.65,11.18,12.377980396079215,17027.39916672857,3.6228508865379887e-05
11.65,11.18,12.503000400080015,15471.697248497672,3.291850478403755e-05
11.65,11.18,12.628020404080816,14058.131450685916,2.9910917980182757e-05
11.65,11.18,12.753040408081615,12773.715560130648,2.7178118213043893e-05
11.65,11.18,12.878060412082416,11606.64984414855,2.4694999668401133e-05
11.65,11.18,13.003080416083217,10546.212648193294,2.243875031530485e-05
11.65,11.18,13.128100420084015,9582.66189765215,2.0388642335430077e-05
11.65,11.18,13.253120424084816,8707.14559889378,1.8525841699773972e-05
11.65,11.18,13.378140428085617,7911.620517354419,1.683323514330725e-05
11.65,11.18,13.503160432086418,7188.778285569944,1.5295272948021137e-05
11.65,11.18,13.628180436087217,6531.978262319755,1.3897826090042013e-05
11.65,11.18,13.753200440088017,5935.186526069769,1.2628056438446298e-05
11.65,11.18,13.878220444088818,5392.920442256636,1.1474298813311977e-05
11.65,11.18,14.003240448089617,4900.19829516099,1.0425953819491454e-05
11.65,11.18,14.128260452090418,4452.493521645748,9.473390471586685e-06
11.65,11.18,14.253280456091218,4045.693126311754,8.607857715556912e-06
11.65,11.18,14.378300460092017,3676.059896036929,7.821404034121115e-06
11.65,11.18,14.503320464092818,3340.198066769959,7.106804397382882e-06
11.65,11.18,14.628340468093619,3035.0221271644095,6.457493887583841e-06
11.65,11.18,14.753360472094418,2757.72847245707,5.867507388206524e-06
11.65,11.18,14.878380476095218,2505.7696481790526,5.331424783359679e-06
11.65,11.18,15.003400480096019,2276.83094708053,4.844321164001121e-06
11.65,11.18,15.12842048409682,2068.8091442686346,4.40172158355028e-06
11.65,11.18,15.253440488097619,1879.7931752014879,3.9995599472372026e-06
11.65,11.18,15.37846049209842,1708.0465790300332,3.634141657510704e-06
11.65,11.18,15.50348049609922,1551.9915459973363,3.3021096723347534e-06
11.65,11.18,15.628500500100019,1410.1944223412484,3.0004136645558435e-06
11.65,11.18,15.75352050410082,1281.352539536178,2.726281999013141e-06
11.65,11.18,15.87854050810162,1164.2822468762422,2.4771962699494482e-06
11.65,11.18,16.00356051210242,1057.9080374569435,2.2508681648020043e-06
11.65,11.18,16.128580516103224,961.2526676574537,2.0452184418243666e-06
11.65,11.18,16.253600520104023,873.4281793526695,1.8583578284099326e-06
11.65,11.18,16.37862052410482,793.6277423774834,1.688569664632941e-06
11.65,11.18,16.503640528105624,721.1182423012519,1.534294132555853e-06
11.65,11.18,16.628660532106423,655.2335454174549,1.394113926420115e-06
11.65,11.18,16.753680536107222,595.3683790750247,1.2667412320745187e-06
11.65,11.18,16.878700540108024,540.9727711309254,1.151005896023244e-06
11.65,11.18,17.003720544108823,491.5469974400428,1.045844675404345e-06
11.65,11.18,17.128740548109622,446.63699096575226,9.502914701398971e-07
11.65,11.18,17.253760552110425,405.83017033538783,8.634684475221006e-07
11.65,11.18,17.378780556111224,368.7516495181642,7.845779776982206e-07
11.65,11.18,17.503800560112023,335.06079380444146,7.128953059668957e-07
11.65,11.18,17.628820564112825,304.44809044666306,6.477618945673674e-07
11.65,11.18,17.753840568113624,276.63230521299863,5.885793727936133e-07
11.65,11.18,17.878860572114423,251.35789873139038,5.348040398540214e-07
11.65,11.18,18.003880576115225,228.39267888836207,4.859418699752378e-07
11.65,11.18,18.128900580116024,207.52566771552335,4.4154397386281506e-07
11.65,11.18,18.253920584116823,188.5651631671816,4.012024748237901e-07
11.65,11.18,18.378940588117626,171.33697798292178,3.645467616657905e-07
11.65,11.18,18.503960592118425,155.68283945583852,3.312400839485921e-07
11.65,11.18,18.628980596119224,141.45893540534033,3.009764583092343e-07
11.65,11.18,18.754000600120026,128.5345929966063,2.734778574395875e-07
11.65,11.18,18.879020604120825,116.79107826920344,2.484916558919219e-07
11.65,11.18,19.004040608121624,106.12050534631814,2.257883092474851e-07
11.65,11.18,19.129060612122426,96.42484530367986,2.0515924532697815e-07
11.65,11.18,19.254080616123225,87.61502559280089,1.8641494806978886e-07
11.65,11.18,19.379100620124028,79.6101117450709,1.69383216478874e-07
11.65,11.18,19.504120624124827,72.33656383915326,1.5390758263649608e-07
11.65,11.18,19.629140628125626,65.72756090095402,1.3984587425734877e-07
11.65,11.18,19.75416063212643,59.72238702953538,1.2706890857347936e-07
11.65,11.18,19.879180636127227,54.26587360940472,1.1545930555192477e-07
11.65,11.18,20.004200640128026,49.307892484866116,1.0491040954226818e-07
11.65,11.18,20.12922064412883,44.80289544030761,9.532530944746286e-08
11.65,11.18,20.254240648129628,40.70949575569939,8.661594841638157e-08
11.65,11.18,20.379260652130426,36.990087993115026,7.870231487896803e-08
11.65,11.18,20.50428065613123,33.61050252131478,7.1511707492159e-08
11.65,11.18,20.629300660132028,30.53969160456102,6.497806724374676e-08
11.65,11.18,20.754320664132827,27.749444171809806,5.904137057831865e-08
11.65,11.18,20.87934066813363,25.21412664590833,5.364707797001765e-08
11.65,11.18,21.00436067213443,22.910447451836127,4.874563287624701e-08
11.65,11.18,21.129380676135227,20.817243040560363,4.429200646927731e-08
11.65,11.18,21.25440068013603,18.91528346274295,4.0245283963282814e-08
11.65,11.18,21.37942068413683,17.18709570613191,3.6568288736450823e-08
11.65,11.18,21.504440688137628,15.61680317366499,3.322724079503185e-08
11.65,11.18,21.62946069213843,14.189979827597064,3.019144644169584e-08
11.65,11.18,21.75448069613923,12.893517659693892,2.743301629722101e-08
11.65,11.18,21.879500700140028,11.715506269961288,2.4926609085023983e-08
11.65,11.18,22.00452070414083,10.645123447619358,2.2649198824722007e-08
11.65,11.18,22.12954070814163,9.672535749104316,2.0579863295966602e-08
11.65,11.18,22.25456071214243,8.78880815972347,1.8699591829198845e-08
11.65,11.18,22.37958071614323,7.985822009039804,1.6991110657531476e-08
11.65,11.18,22.50460072014403,7.2562003858861726,1.543872422528971e-08
11.65,11.18,22.62962072414483,6.593240367808457,1.4028170995337123e-08
11.65,11.18,22.75464072814563,5.9908514423406345,1.274649243051197e-08
11.65,11.18,22.87966073214643,5.443499554396611,1.1581913945524689e-08
11.65,11.18,23.004680736147233,4.946156265750895,1.0523736735640188e-08
11.65,11.18,23.12970074014803,4.494252559544613,9.56223948839278e-09
11.65,11.18,23.25472074414883,4.083636865425031,8.688589075372394e-09
11.65,11.18,23.379740748149633,3.7105369197026157,7.894759403622576e-09
11.65,11.18,23.504760752150432,3.3715251101405705,7.17345768115014e-09
11.65,11.18,23.62978075615123,3.063486987004419,6.518057419158329e-09
11.65,11.18,23.754800760152033,2.7835926510878224,5.922537555505997e-09
11.65,11.18,23.879820764152832,2.529270755860722,5.3814271401291884e-09
11.65,11.18,24.00484076815363,2.2981848849012714,4.889755074258018e-09
11.65,11.18,24.129860772154434,2.0882120875948944,4.443004441691259e-09
11.65,11.18,24.254880776155233,1.8974233759111905,4.037071012576995e-09
11.65,11.18,24.37990078015603,1.7240660030853432,3.6682255384794483e-09
11.65,11.18,24.504920784156834,1.5665473614012102,3.333079492342996e-09
11.65,11.18,24.629940788157633,1.4234203511474393,3.0285539386115687e-09
11.65,11.18,24.754960792158432,1.2933700863333124,2.751851247517682e-09
11.65,11.18,24.879980796159234,1.17520181503191,2.500429393684911e-09
11.18,10.51,0.001,216773364.75084496,0.3235423354490224
11.18,10.51,0.12602000400080016,199218084.02591348,0.2973404239192739
11.18,10.51,0.2510400080016003,183067228.52102655,0.273234669434368
11.18,10.51,0.37606001200240047,168210172.51834798,0.25105995898260897
11.18,10.51,0.5010800160032006,154544829.19141686,0.23066392416629386
11.18,10.51,0.6261000200040008,141977009.5121261,0.21190598434645688
11.18,10.51,0.7511200240048009,130419827.40132481,0.19465645880794752
11.18,10.51,0.8761400280056011,119793147.99120814,0.17879574327045994
11.18,10.51,1.0011600320064011,110023076.05686736,0.1642135463535334
11.18,10.51,1.1261800360072014,101041481.85489252,0.15080818187297393
11.18,10.51,1.2512000400080014,92785561.77877948,0.13848591310265596
11.18,10.51,1.3762200440088017,85197431.4041856,0.1271603453793815
11.18,10.51,1.5012400480096018,78223748.6519571,0.11675186365963748
11.18,10.51,1.626260052010402,71815364.9435069,0.10718711185598045
11.18,10.51,1.751280056011202,65927002.361784995,0.09839851098773882
11.18,10.51,1.8763000600120023,60516954.96199307,0.09032381337610908
11.18,10.51,2.0013200640128024,55546812.49964002,0.0829056902979702
11.18,10.51,2.1263400680136026,50981204.95978236,0.07609135068624234
11.18,10.51,2.251360072014403,46787566.38065386,0.06983218862784159
11.18,10.51,2.3763800760152027,42935916.56764732,0.06408345756365273
11.18,10.51,2.501400080016003,39398659.390079945,0.0588039692389253
11.18,10.51,2.6264200840168033,36150396.44364865,0.05395581558753531
11.18,10.51,2.7514400880176035,33167754.94625947,0.04950411186008877
11.18,10.51,2.876460092018404,30429228.8142913,0.045416759424315375
11.18,10.51,3.0014800960192036,27915031.94061213,0.041664226777033034
11.18,10.51,3.126500100020004,25606962.76508548,0.03821934741057535
11.18,10.51,3.251520104020804,23488279.293154463,0.03505713327336488
11.18,10.51,3.3765401080216044,21543583.77863106,0.03215460265467323
11.18,10.51,3.5015601120224042,19758716.343301967,0.02949062140791339
11.18,10.51,3.6265801160232045,18120656.85862325,0.02704575650540784
11.18,10.51,3.751600120024005,16617434.463854313,0.024802140990827337
11.18,10.51,3.876620124024805,15238044.14068469,0.022743349463708498
11.18,10.51,4.001640128025605,13972369.806955077,0.020854283293962803
11.18,10.51,4.126660132026406,12811113.431657352,0.019121064823369185
11.18,10.51,4.251680136027206,11745729.710209727,0.01753093986598467
11.18,10.51,4.376700140028006,10768365.87322075,0.016072187870478732
11.18,10.51,4.501720144028806,9871806.233746428,0.014734039154845417
11.18,10.51,4.626740148029606,9049421.107570864,0.013506598668016217
11.18,10.51,4.751760152030406,8295119.7684496865,0.012380775773805504
11.18,10.51,4.876780156031207,7603307.125692127,0.011348219590585266
11.18,10.51,5.001800160032007,6968843.835052112,0.010401259455301662
11.18,10.51,5.126820164032807,6387009.5757786,0.00953285011310239
11.18,10.51,5.251840168033607,5853469.246958192,0.008736521264116707
11.18,10.51,5.376860172034407,5364241.855076889,0.008006331126980432
11.18,10.51,5.501880176035208,4915671.882140156,0.007336823704686801
11.18,10.51,5.6269001800360074,4504402.939813757,0.0067229894624085944
11.18,10.51,5.751920184036808,4127353.5299759842,0.006160229149217888
11.18,10.51,5.876940188037608,3781694.745888508,0.0056443205162515055
11.18,10.51,6.001960192038408,3464829.760976594,0.005171387702950141
11.18,10.51,6.1269801960392085,3174374.964035118,0.004737873080649431
11.18,10.51,6.252000200040008,2908142.610613188,0.004340511359124162
11.18,10.51,6.377020204040808,2664124.870440727,0.003976305776777205
11.18,10.51,6.502040208041609,2440479.1601063507,0.003642506209113957
11.18,10.51,6.627060212042409,2235514.6588325496,0.0033365890430336565
11.18,10.51,6.752080216043209,2047679.91317308,0.003056238676377732
11.18,10.51,6.877100220044009,1875551.4438277325,0.0027993305131757207
11.18,10.51,7.002120224044809,1717823.274576113,0.002563915335188229
11.18,10.51,7.12714022804561,1573297.3096159124,0.002348204939725243
11.18,10.51,7.25216023204641,1440874.491392145,0.002150558942376336
11.18,10.51,7.377180236047209,1319546.6763574285,0.0019694726512797444
11.18,10.51,7.50220024004801,1208389.1710434814,0.0018035659269305697
11.18,10.51,7.62722024404881,1106553.8753813456,0.001651572948330367
11.18,10.51,7.752240248049611,1013262.9844116322,0.0015123328125546751
11.18,10.51,7.8772602520504105,927803.2034029041,0.0013847809006013497
11.18,10.51,8.00228025605121,849520.4349709162,0.0012679409477177857
11.18,10.51,8.12730026005201,777814.9000869743,0.0011609177613238423
11.18,10.51,8.25232026405281,712136.6579012617,0.0010628905341809878
11.18,10.51,8.37734026805361,651981.4921065735,0.0009731067046366771
11.18,10.51,8.50236027205441,596887.1341474727,0.0008908763196230937
11.18,10.51,8.627380276055211,546429.7959566256,0.0008155668596367548
11.18,10.51,8.75240028005601,500220.9870894182,0.0007465984881931617
11.18,10.51,8.87742028405681,457904.5931444621,0.0006834396912603913
11.18,10.51,9.002440288057612,419154.194214675,0.0006256032749472762
11.18,10.51,9.12746029205841,383670.6038235532,0.0005726426922739601
11.18,10.51,9.252480296059211,351179.61037555616,0.0005241486722023228
11.18,10.51,9.377500300060012,321429.9045987458,0.00047974612626678487
11.18,10.51,9.50252030406081,294191.17779170367,0.0004390913101368712
11.18,10.51,9.627540308061612,269252.37691434054,0.0004018692192751352
11.18,10.51,9.752560312062412,246420.1036918494,0.00036779119954007377
11.18,10.51,9.877580316063213,225517.14594039245,0.00033659275513491416
11.18,10.51,10.002600320064012,206381.13027928595,0.0003080315377302776
11.18,10.51,10.127620324064813,188863.28627401614,0.00028188550190151666
11.18,10.51,10.252640328065613,172827.31286338874,0.00025795121322893844
11.18,10.51,10.377660332066412,158148.33866811616,0.00023604229651957642
11.18,10.51,10.502680336067213,144711.9684622919,0.00021598801263028646
11.18,10.51,10.627700340068014,132413.4087182496,0.00019763195331082032
11.18,10.51,10.752720344068813,121156.66571363495,0.0001808308443487089
11.18,10.51,10.877740348069613,110853.81022116024,0.00016545344809128397
11.18,10.51,11.002760352070414,101424.30329019387,0.00015137955714954312
11.18,10.51,11.127780356071213,92794.37807846734,0.0001384990717589065
11.18,10.51,11.252800360072014,84896.47310495774,0.00012671115388799664
11.18,10.51,11.377820364072814,77668.71267428949,0.0001159234517526709
11.18,10.51,11.502840368073615,71054.43057150723,0.00010605138891269737
11.18,10.51,11.627860372074414,65001.733446276005,9.701751260638212e-05
11.18,10.51,11.752880376075215,59463.1005997005,8.875089641746344e-05
11.18,10.51,11.877900380076015,54395.017157170354,8.118659277189607e-05
11.18,10.51,12.002920384076814,49757.63785882027,7.426513113256758e-05
11.18,10.51,12.127940388077615,45514.478927132455,6.793205810019771e-05
11.18,10.51,12.252960392078416,41632.13568054417,6.213751594111071e-05
11.18,10.51,12.377980396079215,38080.02375414774,5.683585634947425e-05
11.18,10.51,12.503000400080015,34830.141965072115,5.198528651503302e-05
11.18,10.51,12.628020404080816,31856.85502219179,4.754754480924149e-05
11.18,10.51,12.753040408081615,29136.694428586132,4.348760362475543e-05
11.18,10.51,12.878060412082416,26648.176061747374,3.977339710708564e-05
11.18,10.51,13.003080416083217,24371.633041905563,3.6375571704336666e-05
11.18,10.51,13.128100420084015,22289.062613910635,3.326725763270245e-05
11.18,10.51,13.253120424084816,20383.985873721587,3.0423859513017298e-05
11.18,10.51,13.378140428085617,18641.319267478582,2.782286457832625e-05
11.18,10.51,13.503160432086418,17047.256880077606,2.544366698519046e-05
11.18,10.51,13.628180436087217,15589.162611782041,2.3267406883256782e-05
11.18,10.51,13.753200440088017,14255.471416293538,2.1276823009393344e-05
11.18,10.51,13.878220444088818,13035.598842410369,1.945611767523936e-05
11.18,10.51,14.003240448089617,11919.858184436065,1.779083311109861e-05
11.18,10.51,14.128260452090418,10899.38460432657,1.6267738215412792e-05
11.18,10.51,14.253280456091218,9966.065641607098,1.4874724838219552e-05
11.18,10.51,14.378300460092017,9112.477575745457,1.3600712799620088e-05
11.18,10.51,14.503320464092818,8331.82715029412,1.2435562910886749e-05
11.18,10.51,14.628340468093619,7617.898209042103,1.1369997326928514e-05
11.18,10.51,14.753360472094418,6965.0028319522535,1.0395526614854112e-05
11.18,10.51,14.878380476095218,6367.93659308173,9.504382974748854e-06
11.18,10.51,15.003400480096019,5821.937594246188,8.689459095889835e-06
11.18,10.51,15.12842048409682,5322.648957130107,7.944252174821058e-06
11.18,10.51,15.253440488097619,4866.084483082697,7.26281266131746e-06
11.18,10.51,15.37846049209842,4448.597214166891,6.63969733457745e-06
11.18,10.51,15.50348049609922,4066.850651334873,6.069926345275931e-06
11.18,10.51,15.628500500100019,3717.7924060502655,5.548943889627263e-06
11.18,10.51,15.75352050410082,3398.630080421335,5.072582209584083e-06
11.18,10.51,15.87854050810162,3106.8091880913976,4.637028638942385e-06
11.18,10.51,16.00356051210242,2839.9929438807053,4.238795438627919e-06
11.18,10.51,16.128580516103224,2596.043764608344,3.874692185982604e-06
11.18,10.51,16.253600520104023,2373.006336752281,3.5418005026153458e-06
11.18,10.51,16.37862052410482,2169.0921187286363,3.237450923475577e-06
11.18,10.51,16.503640528105624,1982.6651566828336,2.9592017263922894e-06
11.18,10.51,16.628660532106423,1812.2291028658701,2.7048195565162244e-06
11.18,10.51,16.753680536107222,1656.4153349987027,2.472261694027915e-06
11.18,10.51,16.878700540108024,1513.9720835765363,2.2596598262336366e-06
11.18,10.51,17.003720544108823,1383.754481896916,2.0653051968610693e-06
11.18,10.51,17.128740548109622,1264.7154607719385,1.8876350160775206e-06
11.18,10.51,17.253760552110425,1155.8974164596982,1.725220024566714e-06
11.18,10.51,17.378780556111224,1056.4245863729143,1.5767531139894246e-06
11.18,10.51,17.503800560112023,965.4960726406952,1.4410389143890975e-06
11.18,10.51,17.628820564112825,882.379458653822,1.3169842666474956e-06
11.18,10.51,17.753840568113624,806.4049683539702,1.2035895050059258e-06
11.18,10.51,17.878860572114423,736.9601222681966,1.0999404809973086e-06
11.18,10.51,18.003880576115225,673.4848481744981,1.0052012659320869e-06
11.18,10.51,18.128900580116024,615.4670078419963,9.186074743910394e-07
11.18,10.51,18.253920584116823,562.4383045476798,8.394601560413132e-07
11.18,10.51,18.378940588117626,513.9705390558097,7.671202075459848e-07
11.18,10.51,18.503960592118425,469.67218447894817,7.010032604163406e-07
11.18,10.51,18.628980596119224,429.1852529421556,6.405750043912771e-07
11.18,10.51,18.754000600120026,392.18242926365645,5.853469093487411e-07
11.18,10.51,18.879020604120825,358.36444896375093,5.348723118861955e-07
11.18,10.51,19.004040608121624,327.45769983522973,4.887428355749698e-07
11.18,10.51,19.129060612122426,299.21202806793565,4.46585116519307e-07
11.18,10.51,19.254080616123225,273.3987315309592,4.0805780825516307e-07
11.18,10.51,19.379100620124028,249.80872429077476,3.72848842225037e-07
11.18,10.51,19.504120624124827,228.25085779388039,3.4067292208041853e-07
11.18,10.51,19.629140628125626,208.55038537862748,3.112692319083993e-07
11.18,10.51,19.75416063212643,190.54755791257708,2.843993401680255e-07
11.18,10.51,19.879180636127227,174.09633938763835,2.59845282668117e-07
11.18,10.51,20.004200640128026,159.06323225355445,2.374078093336634e-07
11.18,10.51,20.12922064412883,145.32620313834292,2.1690478080349693e-07
11.18,10.51,20.254240648129628,132.7737003988439,1.9816970208782677e-07
11.18,10.51,20.379260652130426,121.30375567180523,1.8105038159970933e-07
11.18,10.51,20.50428065613123,110.82316226158609,1.6540770486803897e-07
11.18,10.51,20.629300660132028,101.24672380979943,1.5111451314895442e-07
11.18,10.51,20.754320664132827,92.4965672498115,1.3805457798479333e-07
11.18,10.51,20.87934066813363,84.50151455932948,1.261216635213873e-07
11.18,10.51,21.00436067213443,77.19650829132014,1.1521866909152262e-07
11.18,10.51,21.129380676135227,70.5220862909033,1.0525684521030345e-07
11.18,10.51,21.25440068013603,64.42390139696406,9.615507671188667e-08
11.18,10.51,21.37942068413683,58.85228228514063,8.783922729125469e-08
11.18,10.51,21.504440688137628,53.761831936339256,8.024154020349144e-08
11.18,10.51,21.62946069213843,49.11106051460633,7.330009032030797e-08
11.18,10.51,21.75448069613923,44.86204971239854,6.695828315283365e-08
11.18,10.51,21.879500700140028,40.980145872182966,6.116439682415369e-08
11.18,10.51,22.00452070414083,37.43367942286141,5.587116331770361e-08
11.18,10.51,22.12954070814163,34.193708379542144,5.1035385641107684e-08
11.18,10.51,22.25456071214243,31.233783847346206,4.661758783186002e-08
11.18,10.51,22.37958071614323,28.529735645736555,4.2581694993636654e-08
11.18,10.51,22.50460072014403,26.059476330694988,3.889474079208208e-08
11.18,10.51,22.62962072414483,23.802822039213762,3.552660005852801e-08
11.18,10.51,22.75464072814563,21.741328715171214,3.244974435100182e-08
11.18,10.51,22.87966073214643,19.858142398795884,2.9639018505665505e-08
11.18,10.51,23.004680736147233,18.13786237456562,2.7071436379948693e-08
11.18,10.51,23.12970074014803,16.566416075423618,2.4725994142423313e-08
11.18,10.51,23.25472074414883,15.13094473544095,2.258349960513575e-08
11.18,10.51,23.379740748149633,13.819698869270775,2.0626416222792207e-08
11.18,10.51,23.504760752150432,12.621942735588068,1.8838720500877717e-08
11.18,10.51,23.62978075615123,11.527867013835115,1.7205771662440472e-08
11.18,10.51,23.754800760152033,10.528508989562827,1.5714192521735565e-08
11.18,10.51,23.879820764152832,9.615679603988344,1.435176060296768e-08
11.18,10.51,24.00484076815363,8.781896778572122,1.3107308624734512e-08
11.18,10.51,24.129860772154434,8.020324475886536,1.1970633546099309e-08
11.18,10.51,24.254880776155233,7.324717004199258,1.0932413439103373e-08
11.18,10.51,24.37990078015603,6.689368115405442,9.984131515530512e-09
11.18,10.51,24.504920784156834,6.109064484544675,9.118006693350262e-09
11.18,10.51,24.629940788157633,5.579043194436284,8.32693014094968e-09
11.18,10.51,24.754960792158432,5.094952881247872,7.604407285444586e-09
11.18,10.51,24.879980796159234,4.652818226331695,6.944504815420441e-09
10.51,9.52,0.001,308457250.95724237,0.3115729807648912
10.51,9.52,0.12602000400080016,290069486.4775083,0.29299948129041237
10.51,9.52,0.2510400080016003,272587847.3898783,0.275341259989776
10.51,9.52,0.37606001200240047,255990519.87976873,0.258576282706837
10.51,9.52,0.5010800160032006,240252894.37598813,0.24267969128887684
10.51,9.52,0.6261000200040008,225348195.67763287,0.22762444007841698
10.51,9.52,0.7511200240048009,211248026.32031655,0.21338184476799646
10.51,9.52,0.8761400280056011,197922833.37075222,0.19992205390985068
10.51,9.52,1.0011600320064011,185342307.73354733,0.18721445225610836
10.51,9.52,1.1261800360072014,173475724.0632211,0.1752280041042637
10.51,9.52,1.2512000400080014,162292228.48642713,0.16393154392568393
10.51,9.52,1.3762200440088017,151761080.54386032,0.15329402075137402
10.51,9.52,1.5012400480096018,141851855.04901308,0.14328470206971014
10.51,9.52,1.626260052010402,132534608.92343137,0.13387334234690035
10.51,9.52,1.751280056011202,123780017.49782372,0.1250303207048724
10.51,9.52,1.8763000600120023,115559484.25848508,0.11672675177624753
10.51,9.52,2.0013200640128024,107845227.56284991,0.10893457329580797
10.51,9.52,2.1263400680136026,100610347.44104856,0.10162661357681671
10.51,9.52,2.251360072014403,93828875.23712486,0.09477664165366145
10.51,9.52,2.3763800760152027,87475808.5195739,0.08835940254502411
10.51,9.52,2.501400080016003,81527133.40204315,0.08235063980004356
10.51,9.52,2.6264200840168033,75959836.15776567,0.07672710723006632
10.51,9.52,2.7514400880176035,70751905.78227611,0.07146657149724858
10.51,9.52,2.876460092018404,65882328.95526533,0.06654780702552052
10.51,9.52,3.0014800960192036,61331078.67139834,0.06195058451656397
10.51,9.52,3.126500100020004,57079097.64917357,0.057655654191084406
10.51,9.52,3.251520104020804,53108277.48430218,0.05364472473161835
10.51,9.52,3.3765401080216044,49401434.38770355,0.04990043877545812
10.51,9.52,3.5015601120224042,45942282.236327946,0.04640634569326054
10.51,9.52,3.6265801160232045,42715403.56607221,0.043146872288961816
10.51,9.52,3.751600120024005,39706219.048663,0.040107291968346455
10.51,9.52,3.876620124024805,36900955.91728988,0.037273692845747344
10.51,9.52,4.001640128025605,34286615.73786337,0.03463294518976097
10.51,9.52,4.126660132026406,31850941.86304365,0.03217266854852893
10.51,9.52,4.251680136027206,29582386.853735566,0.02988119884215713
10.51,9.52,4.376700140028006,27470080.106767457,0.027747555663401466
10.51,9.52,4.501720144028806,25503795.88724856,0.025761409987119753
10.51,9.52,4.626740148029606,23673921.928980317,0.023913052453515465
10.51,9.52,4.751760152030406,21971428.735709075,0.02219336235930209
10.51,9.52,4.876780156031207,20387839.689432353,0.02059377746407308
10.51,9.52,5.001800160032007,18915202.0489489,0.019106264695907975
10.51,9.52,5.126820164032807,17546058.901960004,0.017723291820161614
10.51,9.52,5.251840168033607,16273422.116921995,0.016437800118103023
10.51,9.52,5.376860172034407,15090746.32618716,0.015243178107259754
10.51,9.52,5.501880176035208,13991903.959461708,0.01413323632268859
10.51,9.52,5.6269001800360074,12971161.335994916,0.01310218316767163
10.51,9.52,5.751920184036808,12023155.8149617,0.012144601833294643
10.51,9.52,5.876940188037608,11142873.996005798,0.011255428278793733
10.51,9.52,6.001960192038408,10325630.95568953,0.010429930258272251
10.51,9.52,6.1269801960392085,9567050.500487393,0.009663687374229688
10.51,9.52,6.252000200040008,8863046.412819467,0.008952572134161075
10.51,9.52,6.377020204040808,8209804.6633199835,0.008292731983151497
10.51,9.52,6.502040208041609,7603766.559964167,0.007680572282792086
10.51,9.52,6.627060212042409,7041612.80273114,0.0071127402047789275
10.51,9.52,6.752080216043209,6520248.411076746,0.006586109506138126
10.51,9.52,6.877100220044009,6036788.490547848,0.0060977661520685315
10.51,9.52,7.002120224044809,5588544.804321446,0.005644994751839843
10.51,9.52,7.12714022804561,5173013.115238698,0.005225265772968381
10.51,9.52,7.25216023204641,4787861.263971042,0.004836223498960647
10.51,9.52,7.377180236047209,4430917.949258814,0.0044756746962210225
10.51,9.52,7.50220024004801,4100162.17666012,0.004141577956222342
10.51,9.52,7.62722024404881,3793713.3429056904,0.0038320336797027167
10.51,9.52,7.752240248049611,3509821.9237413397,0.0035452746704457967
10.51,9.52,7.8772602520504105,3246860.7340291664,0.0032796573071001674
10.51,9.52,8.00228025605121,3003316.729846686,0.0030336532624713995
10.51,9.52,8.12730026005201,2777783.32335144,0.0028058417407590295
10.51,9.52,8.25232026405281,2568953.18224918,0.0025949022042921002
10.51,9.52,8.37734026805361,2375611.4868024257,0.0023996075624266922
10.51,9.52,8.50236027205441,2196629.6184304664,0.00221881779639441
10.51,9.52,8.627380276055211,2030959.2550713196,0.0020514739950215346
10.51,9.52,8.75240028005601,1877626.8495915215,0.0018965927773651728
10.51,9.52,8.87742028405681,1735728.46863425,0.001753261079428535
10.51,9.52,9.002440288057612,1604424.9703833563,0.0016206312832155111
10.51,9.52,9.12746029205841,1482937.5007857787,0.0014979166674603823
10.51,9.52,9.252480296059211,1370543.2888135053,0.001384387160417682
10.51,9.52,9.377500300060012,1266571.722355489,0.0012793653761166552
10.51,9.52,9.50252030406081,1170400.6873071217,0.0011822229164718397
10.51,9.52,9.627540308061612,1081453.153368603,0.0010923769225945482
10.51,9.52,9.752560312062412,999193.9909720239,0.0010092868595677007
10.51,9.52,9.877580316063213,923127.0046297697,0.00093245151982805
10.51,9.52,10.002600320064012,852792.1688333082,0.0008614062311447555
10.51,9.52,10.127620324064813,787763.0534315123,0.0007957202559914264
10.51,9.52,10.252640328065613,727644.4261815835,0.0007349943698803873
10.51,9.52,10.377660332066412,672070.0208936532,0.0006788586069632859
10.51,9.52,10.502680336067213,620700.4602830762,0.000626970161902097
10.51,9.52,10.627700340068014,573221.3233028052,0.000579011437679601
10.51,9.52,10.752720344068813,529341.3473530575,0.0005346882296495529
10.51,9.52,10.877740348069613,488790.7563577063,0.0004937280367249558
10.51,9.52,11.002760352070414,451319.7062575025,0.00045587849116919435
10.51,9.52,11.127780356071213,416696.84000038984,0.00042090589899029265
10.51,9.52,11.252800360072014,384707.94461010036,0.0003885938834445457
10.51,9.52,11.377820364072814,355154.7033869581,0.00035874212463329094
10.51,9.52,11.502840368073615,327853.5367405871,0.0003311651886268556
10.51,9.52,11.627860372074414,302634.52557423833,0.00030569143997397806
10.51,9.52,11.752880376075215,279340.41153584584,0.00028216203185438965
10.51,9.52,11.877900380076015,257825.66882288555,0.00026042996850796513
10.51,9.52,12.002920384076814,237955.64257773967,0.0002403592349270097
10.51,9.52,12.127940388077615,219605.7492387584,0.00022182398913005895
10.51,9.52,12.252960392078416,202660.73452055146,0.00020470781264702163
10.51,9.52,12.377980396079215,187013.9849863571,0.00018890301513773439
10.51,9.52,12.503000400080015,172566.88944660727,0.00017430998934000728
10.51,9.52,12.628020404080816,159228.24667204815,0.00016083661280004858
10.51,9.52,12.753040408081615,146913.71614789194,0.00014839769307867869
10.51,9.52,12.878060412082416,135545.30881840776,0.00013691445335192701
10.51,9.52,13.003080416083217,125050.91497997446,0.0001263140555353277
10.51,9.52,13.128100420084015,115363.86667571552,0.00011652915825829847
10.51,9.52,13.253120424084816,106422.53212725179,0.00010749750719924421
10.51,9.52,13.378140428085617,98169.93990956288,9.91615554642049e-05
10.51,9.52,13.503160432086418,90553.43073417257,9.146811185269953e-05
10.51,9.52,13.628180436087217,83524.33485456542,8.436801500461152e-05
10.51,9.52,13.753200440088017,77037.67324650087,7.781583156212207e-05
10.51,9.52,13.878220444088818,71051.8808454031,7.176957661151825e-05
10.51,9.52,14.003240448089617,65528.55024376306,6.619045479167984e-05
10.51,9.52,14.128260452090418,60432.19436412651,6.104262056982474e-05
10.51,9.52,14.253280456091218,55730.02672820825,5.629295629111943e-05
10.51,9.52,14.378300460092017,51391.75804049671,5.191086670757242e-05
10.51,9.52,14.503320464092818,47389.40789584308,4.786808878367986e-05
10.51,9.52,14.628340468093619,43697.130505391244,4.4138515662011345e-05
10.51,9.52,14.753360472094418,40291.05341422334,4.069803375174074e-05
10.51,9.52,14.878380476095218,37149.12825763556,3.7524371977409644e-05
10.51,9.52,15.003400480096019,34250.9926714012,3.4596962294344644e-05
10.51,9.52,15.12842048409682,31577.842535042,3.189681064145656e-05
10.51,9.52,15.253440488097619,29112.313786344006,2.9406377561963637e-05
10.51,9.52,15.37846049209842,26838.373100421217,2.710946777820324e-05
10.51,9.52,15.50348049609922,24741.216777814465,2.4991128058398445e-05
10.51,9.52,15.628500500100019,22807.1772336938,2.3037552761306863e-05
10.51,9.52,15.75352050410082,21023.636524441503,2.1235996489334847e-05
10.51,9.52,15.87854050810162,19378.94638896884,1.9574693322190745e-05
10.51,9.52,16.00356051210242,17862.354320270664,1.8042782141687535e-05
10.51,9.52,16.128580516103224,16463.93521815337,1.6630237594094306e-05
10.51,9.52,16.253600520104023,15174.528206970721,1.532780626966739e-05
10.51,9.52,16.37862052410482,13985.678232740935,1.4126947709839324e-05
10.51,9.52,16.503640528105624,12889.582082365421,1.301977988117719e-05
10.51,9.52,16.628660532106423,11879.038493975051,1.1999028781792979e-05
10.51,9.52,16.753680536107222,10947.40205183616,1.1057981870541572e-05
10.51,9.52,16.878700540108024,10088.540581891675,1.0190445032213811e-05
10.51,9.52,17.003720544108823,9296.795785013739,9.390702813145189e-06
10.51,9.52,17.128740548109622,8566.946864520785,8.653481681334125e-06
10.51,9.52,17.253760552110425,7894.176922571938,7.973916083405996e-06
10.51,9.52,17.378780556111224,7274.041916795308,7.347517087672026e-06
10.51,9.52,17.503800560112023,6702.441984025996,6.770143418208075e-06
10.51,9.52,17.628820564112825,6175.594952417181,6.237974699411292e-06
10.51,9.52,17.753840568113624,5690.011876516545,5.747486743956105e-06
10.51,9.52,17.878860572114423,5242.47444225399,5.2954287295494835e-06
10.51,9.52,18.003880576115225,4830.014100230543,4.8788021214449915e-06
10.51,9.52,18.128900580116024,4449.892796299495,4.4948412083833274e-06
10.51,9.52,18.253920584116823,4099.58517825016,4.140995129545616e-06
10.51,9.52,18.378940588117626,3776.7621664987355,3.814911279291651e-06
10.51,9.52,18.503960592118425,3479.275785111546,3.514419984961157e-06
10.51,9.52,18.628980596119224,3205.1451572829956,3.237520360891914e-06
10.51,9.52,18.754000600120026,2952.543576609204,2.9823672491002054e-06
10.51,9.52,18.879020604120825,2719.7865721803637,2.7472591638185486e-06
10.51,9.52,19.004040608121624,2505.3208916993713,2.5306271633326975e-06
10.51,9.52,19.129060612122426,2307.7143325591305,2.3310245783425556e-06
10.51,9.52,19.254080616123225,2125.6463561071923,2.147117531421406e-06
10.51,9.52,19.379100620124028,1957.8994252282357,1.9776761870992276e-06
10.51,9.52,19.504120624124827,1803.351009909636,1.8215666766763997e-06
10.51,9.52,19.629140628125626,1660.9662096504273,1.6777436461115424e-06
10.51,9.52,19.75416063212643,1529.7909454549317,1.5452433792474054e-06
10.51,9.52,19.879180636127227,1408.9456777416156,1.4231774522642577e-06
10.51,9.52,20.004200640128026,1297.6196098175453,1.3107268786035807e-06
10.51,9.52,20.12922064412883,1195.0653396388839,1.207136706705943e-06
10.51,9.52,20.254240648129628,1100.5939254166547,1.1117110357743984e-06
10.51,9.52,20.379260652130426,1013.5703332518524,1.0238084174261132e-06
10.51,9.52,20.50428065613123,933.4092374107863,9.428376135462485e-07
10.51,9.52,20.629300660132028,859.5711460950004,8.682536829242426e-07
10.51,9.52,20.754320664132827,791.5588276338067,7.995543713472793e-07
10.51,9.52,20.87934066813363,728.9140139445717,7.362767817621935e-07
10.51,9.52,21.00436067213443,671.2143598772939,6.779943029063573e-07
10.51,9.52,21.129380676135227,618.0706386974545,6.243137764620751e-07
10.51,9.52,21.25440068013603,569.124155474127,5.748728843172998e-07
10.51,9.52,21.37942068413683,524.0443615384072,5.293377389276839e-07
10.51,9.52,21.504440688137628,482.52665446901705,4.874006610798151e-07
10.51,9.52,21.62946069213843,444.2903492554571,4.4877813056106765e-07
10.51,9.52,21.75448069613923,409.07680739163965,4.1320889635519146e-07
10.51,9.52,21.879500700140028,376.6477116714868,3.804522340116027e-07
10.51,9.52,22.00452070414083,346.78347539884004,3.5028633878670705e-07
10.51,9.52,22.12954070814163,319.281775593022,3.225068440333555e-07
10.51,9.52,22.25456071214243,293.95620057399657,2.96925455125249e-07
10.51,9.52,22.37958071614323,270.63500305235124,2.7336868995186987e-07
10.51,9.52,22.50460072014403,249.1599505338003,2.5167671771090934e-07
10.51,9.52,22.62962072414483,229.38526548003105,2.3170228836366767e-07
10.51,9.52,22.75464072814563,211.17664825137223,2.1330974570845674e-07
10.51,9.52,22.87966073214643,194.4103763956547,1.9637411757136833e-07
10.51,9.52,23.004680736147233,178.97247434517044,1.8078027711633374e-07
10.51,9.52,23.12970074014803,164.75794804298334,1.6642216974038717e-07
10.51,9.52,23.25472074414883,151.6700794438613,1.5320210044834472e-07
10.51,9.52,23.379740748149633,139.61977622653694,1.4103007699650194e-07
10.51,9.52,23.504760752150432,128.52497241530432,1.2982320445990332e-07
10.51,9.52,23.62978075615123,118.3100759424479,1.195051272145938e-07
10.51,9.52,23.754800760152033,108.90545949079316,1.1000551463716478e-07
10.51,9.52,23.879820764152832,100.24699123973569,1.0125958711084411e-07
10.51,9.52,24.00484076815363,92.2756024002503,9.3207679192172e-08
10.51,9.52,24.129860772154434,84.93688866630481,8.579483703667151e-08
10.51,9.52,24.254880776155233,78.18074293334173,7.897044740741588e-08
10.51,9.52,24.37990078015603,71.96101684046272,7.268789579844718e-08
10.51,9.52,24.504920784156834,66.23520888301755,6.690425139698741e-08
10.51,9.52,24.629940788157633,60.96417701765499,6.157997678551008e-08
10.51,9.52,24.754960792158432,56.111873843663375,5.667866044814481e-08
10.51,9.52,24.879980796159234,51.645102593694816,5.216677029666142e-08
9.52,7.93,0.001,195705374.57829,0.12308514124420755
9.52,7.93,0.12602000400080016,195848041.6221522,0.12317486894474984
9.52,7.93,0.2510400080016003,194879912.59494042,0.1225659827641135
9.52,7.93,0.37606001200240047,192966476.5868312,0.12136256389108883
9.52,7.93,0.5010800160032006,190254632.90513325,0.11965700182712785
9.52,7.93,0.6261000200040008,186874552.68311334,0.11753116520950527
9.52,7.93,0.7511200240048009,182941365.29515505,0.11505746244978307
9.52,7.93,0.8761400280056011,178556685.44120288,0.11229980216427855
9.52,7.93,1.0011600320064011,173809995.36406875,0.10931446249312501
9.52,7.93,1.1261800360072014,168779895.38496608,0.10615087760060761
9.52,7.93,1.2512000400080014,163535234.77525473,0.10285234891525456
9.52,7.93,1.3762200440088017,158136133.91636354,0.09945668799771293
9.52,7.93,1.5012400480096018,152634907.72650462,0.09599679731226707
9.52,7.93,1.626260052010402,147076899.44419724,0.09250119461899199
9.52,7.93,1.751280056011202,141501233.0474826,0.0889944861933853
9.52,7.93,1.8763000600120023,135941491.84740907,0.08549779361472269
9.52,7.93,2.0013200640128024,130426330.11878741,0.08202913843948895
9.52,7.93,2.1263400680136026,124980024.01482129,0.07860378868856686
9.52,7.93,2.251360072014403,119622967.44986853,0.07523457072318776
9.52,7.93,2.3763800760152027,114372118.12167054,0.07193214976205696
9.52,7.93,2.501400080016003,109241398.37659577,0.06870528199785898
9.52,7.93,2.6264200840168033,104242055.19489339,0.06556104100307761
9.52,7.93,2.7514400880176035,99382983.18407622,0.0625050208704882
9.52,7.93,2.876460092018404,94671014.11407939,0.05954151831074176
9.52,7.93,3.0014800960192036,90111176.20478651,0.05667369572628083
9.52,7.93,3.126500100020004,85706926.08214954,0.053903727095691537
9.52,7.93,3.251520104020804,81460356.05096012,0.051232928333937194
9.52,7.93,3.3765401080216044,77372379.08806764,0.04866187364029412
9.52,7.93,3.5015601120224042,73442893.73740266,0.04619049920591363
9.52,7.93,3.6265801160232045,69670930.8856471,0.04381819552556422
9.52,7.93,3.751600120024005,66054784.21304335,0.04154388944216563
9.52,7.93,3.876620124024805,62592125.94607152,0.0393661169472148
9.52,7.93,4.001640128025605,59280109.38608293,0.03728308766420311
9.52,7.93,4.126660132026406,56115459.54912947,0.035292741854798415
9.52,7.93,4.251680136027206,53094553.12596334,0.03339280070815305
9.52,7.93,4.376700140028006,50213488.85638235,0.03158081060149834
9.52,7.93,4.501720144028806,47468149.30775203,0.029854181954561028
9.52,7.93,4.626740148029606,44854254.95272228,0.02821022324070584
9.52,7.93,4.751760152030406,42367411.35502384,0.02664617066353701
9.52,7.93,4.876780156031207,40003150.19401271,0.02515921395849856
9.52,7.93,5.001800160032007,37756964.787612975,0.023746518734347785
9.52,7.93,5.126820164032807,35624340.70886273,0.02240524572884449
9.52,7.93,5.251840168033607,33600782.03279052,0.021132567316220454
9.52,7.93,5.376860172034407,31681833.697316125,0.019925681570639075
9.52,7.93,5.501880176035208,29863100.41378742,0.018781824159614734
9.52,7.93,5.6269001800360074,28140262.519186202,0.01769827831395359
9.52,7.93,5.751920184036808,26509089.12255769,0.016672383095948234
9.52,7.93,5.876940188037608,24965448.86246588,0.015701540165072882
9.52,7.93,6.001960192038408,23505318.559915982,0.014783219220072946
9.52,7.93,6.1269801960392085,22124790.021902595,0.013914962277926162
9.52,7.93,6.252000200040008,20820075.224262055,0.01309438693349815
9.52,7.93,6.377020204040808,19587510.078569084,0.012319188728659803
9.52,7.93,6.502040208041609,18423556.966191135,0.011587142746032163
9.52,7.93,6.627060212042409,17324806.203084826,0.010896104530242031
9.52,7.93,6.752080216043209,16287976.581292339,0.01024401042848575
9.52,7.93,6.877100220044009,15309915.117200194,0.009628877432201382
9.52,7.93,7.002120224044809,14387596.122290928,0.009048802592635805
9.52,7.93,7.12714022804561,13518119.69921058,0.008501962074975208
9.52,7.93,7.25216023204641,12698709.754353315,0.007986609908398312
9.52,7.93,7.377180236047209,11926711.607711256,0.007501076482837269
9.52,7.93,7.50220024004801,11199589.271341711,0.0070437668373218324
9.52,7.93,7.62722024404881,10514922.459363589,0.006613158779473957
9.52,7.93,7.752240248049611,9870403.384822994,0.006207800870957859
9.52,7.93,7.8772602520504105,9263833.391977306,0.005826310309419691
9.52,7.93,8.00228025605121,8693119.466466378,0.005467370733626654
9.52,7.93,8.12730026005201,8156270.66039783,0.0051297299750929755
9.52,7.93,8.25232026405281,7651394.464510701,0.004812197776421825
9.52,7.93,8.37734026805361,7176693.155240083,0.004513643493861688
9.52,7.93,8.50236027205441,6730460.140635377,0.004232993799141747
9.52,7.93,8.627380276055211,6311076.3256384805,0.003969230393483321
9.52,7.93,8.75240028005601,5917006.514165283,0.0037213877447580404
9.52,7.93,8.87742028405681,5546795.862714432,0.0034885508570531025
9.52,7.93,9.002440288057612,5199066.397818722,0.003269853080389134
9.52,7.93,9.12746029205841,4872513.607523592,0.0030644739669959706
9.52,7.93,9.252480296059211,4565903.115197705,0.002871637179369626
9.52,7.93,9.377500300060012,4278067.442324896,0.002690608454292388
9.52,7.93,9.50252030406081,4007902.865473276,0.0025206936260838216
9.52,7.93,9.627540308061612,3754366.371364042,0.0023612367115497124
9.52,7.93,9.752560312062412,3516472.712851157,0.002211618058396954
9.52,7.93,9.877580316063213,3293291.5676561156,0.002071252558274287
9.52,7.93,10.002600320064012,3083944.8008641824,0.0019395879250718132
9.52,7.93,10.127620324064813,2887603.8314658506,0.0018161030386577679
9.52,7.93,10.252640328065613,2703487.102607192,0.0017003063538410016
9.52,7.93,10.377660332066412,2530857.6546838316,0.0015917343740149887
9.52,7.93,10.502680336067213,2369020.7999656415,0.0014899501886576363
9.52,7.93,10.627700340068014,2217321.897063165,0.0013945420736246323
9.52,7.93,10.752720344068813,2075144.223234471,0.0013051221529776548
9.52,7.93,10.877740348069613,1941906.9422748892,0.0012213251209276035
9.52,7.93,11.002760352070414,1817063.1655254972,0.00114280702234308
9.52,7.93,11.127780356071213,1700098.1033728486,0.001069244090171603
9.52,7.93,11.252800360072014,1590527.3044875353,0.0010003316380424751
9.52,7.93,11.377820364072814,1487894.9799574083,0.000935783006262521
9.52,7.93,11.502840368073615,1391772.4094085991,0.0008753285593764776
9.52,7.93,11.627860372074414,1301756.4261701275,0.0008187147334403319
9.52,7.93,11.752880376075215,1217467.9785221352,0.0007657031311459971
9.52,7.93,11.877900380076015,1138550.7640709383,0.0007160696629376972
9.52,7.93,12.002920384076814,1064669.9343131096,0.0006696037322723961
9.52,7.93,12.127940388077615,995510.8664835753,0.0006261074631972172
9.52,7.93,12.252960392078416,930777.9998268217,0.000585394968444542
9.52,7.93,12.377980396079215,870193.733484017,0.0005472916562792561
9.52,7.93,12.503000400080015,813497.3832504775,0.0005116335743713695
9.52,7.93,12.628020404080816,760444.1945259243,0.00047826678901001534
9.52,7.93,12.753040408081615,710804.4088530369,0.00044704679802077803
9.52,7.93,12.878060412082416,664362.3815169382,0.00041783797579681656
9.52,7.93,13.003080416083217,620915.747758249,0.0003905130489045592
9.52,7.93,13.128100420084015,580274.6352344559,0.00036495260077638744
9.52,7.93,13.253120424084816,542260.9204478303,0.00034104460405523924
9.52,7.93,13.378140428085617,506707.52694222564,0.000318683979208947
9.52,7.93,13.503160432086418,473457.76315532567,0.00029777217808511054
9.52,7.93,13.628180436087217,442364.6978967781,0.0002782167911300492
9.52,7.93,13.753200440088017,413290.5715057131,0.00025993117704761835
9.52,7.93,13.878220444088818,386106.240823084,0.00024283411372521012
9.52,7.93,14.003240448089617,360690.6561947651,0.00022684946930488377
9.52,7.93,14.128260452090418,336930.368800175,0.00021190589232715414
9.52,7.93,14.253280456091218,314719.0666781542,0.00019793651992336747
9.52,7.93,14.378300460092017,293957.1378967734,0.00018487870307973172
9.52,7.93,14.503320464092818,274551.25938649237,0.00017267374804181914
9.52,7.93,14.628340468093619,256414.0100266792,0.00016126667297275423
9.52,7.93,14.753360472094418,239463.50664365265,0.00015060597902116522
9.52,7.93,14.878380476095218,223623.06164431406,0.00014064343499642395
9.52,7.93,15.003400480096019,208820.86107286866,0.00013133387488859665
9.52,7.93,15.12842048409682,194989.66193921855,0.0001226350075089425
9.52,7.93,15.253440488097619,182066.50772627923,0.00011450723756369764
9.52,7.93,15.37846049209842,169992.46103977258,0.00010691349750929095
9.52,7.93,15.50348049609922,158712.3524180079,9.981908957107418e-05
9.52,7.93,15.628500500100019,148174.5443708081,9.319153734013088e-05
9.52,7.93,15.75352050410082,138330.7097661276,8.700044639379096e-05
9.52,7.93,15.87854050810162,129135.6237300808,8.121737341514516e-05
9.52,7.93,16.00356051210242,120546.96827112007,7.581570331516988e-05
9.52,7.93,16.128580516103224,112525.14888202985,7.07705338880691e-05
9.52,7.93,16.253600520104023,105033.12241429274,6.605856755615897e-05
9.52,7.93,16.37862052410482,98036.23555830719,6.165800978509888e-05
9.52,7.93,16.503640528105624,91502.07329997214,5.754847377356739e-05
9.52,7.93,16.628660532106423,85400.31675933395,5.371089104360626e-05
9.52,7.93,16.753680536107222,79702.60985042698,5.01274275788849e-05
9.52,7.93,16.878700540108024,74382.43423317726,4.6781405178098915e-05
9.52,7.93,17.003720544108823,69414.9920583315,4.3657227709642455e-05
9.52,7.93,17.128740548109622,64777.09603492895,4.074031197165343e-05
9.52,7.93,17.253760552110425,60447.0663768766,3.801702287853875e-05
9.52,7.93,17.378780556111224,56404.63421080855,3.547461271120035e-05
9.52,7.93,17.503800560112023,52630.851051663834,3.310116418343638e-05
9.52,7.93,17.628820564112825,49108.00397536155,3.088553709142236e-05
9.52,7.93,17.753840568113624,45819.53613966099,2.8817318326830816e-05
9.52,7.93,17.878860572114423,42749.97232480435,2.6886775047046768e-05
9.52,7.93,18.003880576115225,39884.84918493556,2.508481080813558e-05
9.52,7.93,18.128900580116024,37210.649919599375,2.340292447773546e-05
9.52,7.93,18.253920584116823,34714.74309191516,2.1833171755921486e-05
9.52,7.93,18.378940588117626,32385.325336349033,2.0368129142357885e-05
9.52,7.93,18.503960592118425,30211.36771440138,1.900086019773672e-05
9.52,7.93,18.628980596119224,28182.565491057507,1.7724883956639943e-05
9.52,7.93,18.754000600120026,26289.291118546793,1.6534145357576603e-05
9.52,7.93,18.879020604120825,24522.550226864012,1.542298756406542e-05
9.52,7.93,19.004040608121624,22873.940432675514,1.4386126058286489e-05
9.52,7.93,19.129060612122426,21335.612789695297,1.341862439603478e-05
9.52,7.93,19.254080616123225,19900.235714408165,1.2515871518495703e-05
9.52,7.93,19.379100620124028,18560.961231183297,1.1673560522756792e-05
9.52,7.93,19.504120624124827,17311.393390387024,1.088766879898555e-05
9.52,7.93,19.629140628125626,16145.558722106496,1.0154439447865722e-05
9.52,7.93,19.75416063212643,15057.878596567405,9.470363897212206e-06
9.52,7.93,19.879180636127227,14043.143370293727,8.832165641694169e-06
9.52,7.93,20.004200640128026,13096.48820455138,8.236785034309045e-06
9.52,7.93,20.12922064412883,12213.37044966039,7.681365062679491e-06
9.52,7.93,20.254240648129628,11389.548495381328,7.163238047409641e-06
9.52,7.93,20.379260652130426,10621.061993804065,6.679913203650357e-06
9.52,7.93,20.50428065613123,9904.213367012846,6.229065010699904e-06
9.52,7.93,20.629300660132028,9235.550517294274,5.808522337920928e-06
9.52,7.93,20.754320664132827,8611.850662811943,5.416258278498078e-06
9.52,7.93,20.87934066813363,8030.105226516322,5.05038064560775e-06
9.52,7.93,21.00436067213443,7487.5057106058575,4.709123088431358e-06
9.52,7.93,21.129380676135227,6981.430493123725,4.390836788128129e-06
9.52,7.93,21.25440068013603,6509.432487282433,4.093982696404047e-06
9.52,7.93,21.37942068413683,6069.227607867975,3.8171242816779725e-06
9.52,7.93,21.504440688137628,5658.683992602586,3.55892075006452e-06
9.52,7.93,21.62946069213843,5275.811929655788,3.318120710475339e-06
9.52,7.93,21.75448069613923,4918.754445596554,3.093556255092173e-06
9.52,7.93,21.879500700140028,4585.778510991115,2.8841374282962988e-06
9.52,7.93,22.00452070414083,4275.266823581083,2.688847058856028e-06
9.52,7.93,22.12954070814163,3985.710131535389,2.5067359317832637e-06
9.52,7.93,22.25456071214243,3715.7000616693963,2.336918277779495e-06
9.52,7.93,22.37958071614323,3463.9224197732615,2.178567559605825e-06
9.52,7.93,22.50460072014403,3229.1509322993993,2.0309125360373584e-06
9.52,7.93,22.62962072414483,3010.2414006340223,1.8932335853044168e-06
9.52,7.93,22.75464072814563,2806.1262410282884,1.7648592710869742e-06
9.52,7.93,22.87966073214643,2615.809384998539,1.6451631352192072e-06
9.52,7.93,23.004680736147233,2438.3615166288914,1.5335607022823218e-06
9.52,7.93,23.12970074014803,2272.9156247310516,1.4295066822207873e-06
9.52,7.93,23.25472074414883,2118.6628492406116,1.3324923580129636e-06
9.52,7.93,23.379740748149633,1974.84860256332,1.2420431462662391e-06
9.52,7.93,23.504760752150432,1840.7689478341017,1.157716319392517e-06
9.52,7.93,23.62978075615123,1715.7672172209666,1.079098878755325e-06
9.52,7.93,23.754800760152033,1599.2308545010526,1.0058055688685866e-06
9.52,7.93,23.879820764152832,1490.5884671608492,9.374770233716034e-07
9.52,7.93,24.00484076815363,1389.3070742318246,8.737780341080659e-07
9.52,7.93,24.129860772154434,1294.889536970618,8.143959352016467e-07
9.52,7.93,24.254880776155233,1206.8721603330011,7.590390945490574e-07
9.52,7.93,24.37990078015603,1124.8224539768555,7.074355056458212e-07
9.52,7.93,24.504920784156834,1048.3370422651517,6.59331473122737e-07
9.52,7.93,24.629940788157633,977.0397134278305,6.14490385803667e-07
9.52,7.93,24.754960792158432,910.5795986853249,5.726915715002044e-07
9.52,7.93,24.879980796159234,848.6294727386351,5.337292281375064e-07
7.93,6.76,0.001,154907810.69038558,0.13239983819691076
7.93,6.76,0.12602000400080016,149059769.44555068,0.1274015123466245
7.93,6.76,0.2510400080016003,143297961.54375458,0.12247689020833724
7.93,6.76,0.37606001200240047,137637231.70163727,0.11763865957404895
7.93,6.76,0.5010800160032006,132090037.56274462,0.11289746800234583
7.93,6.76,0.6261000200040008,126666703.70774662,0.10826213992115097
7.93,6.76,0.7511200240048009,121375652.28661454,0.10373987374924319
7.93,6.76,0.8761400280056011,116223612.26921058,0.09933642074291503
7.93,6.76,1.0011600320064011,111215809.14785588,0.09505624713491956
7.93,6.76,1.1261800360072014,106356136.7754705,0.09090268100467563
7.93,6.76,1.2512000400080014,101647312.88477015,0.08687804520065825
7.93,6.76,1.3762200440088017,97091019.70688069,0.08298377752724845
7.93,6.76,1.5012400480096018,92688030.99070406,0.07922053930829406
7.93,6.76,1.626260052010402,88438326.61668414,0.07558831334759328
7.93,6.76,1.751280056011202,84341195.89953464,0.07208649222182448
7.93,6.76,1.8763000600120023,80395330.5833314,0.06871395776353112
7.93,6.76,2.0013200640128024,76598908.4485411,0.0654691525201206
7.93,6.76,2.1263400680136026,72949668.37344193,0.06235014390892473
7.93,6.76,2.251360072014403,69444977.62153059,0.05935468172780393
7.93,6.76,2.3763800760152027,66081892.061326444,0.056480249625065336
7.93,6.76,2.501400080016003,62857209.96512079,0.053724111081299826
7.93,6.76,2.6264200840168033,59767519.978188396,0.05108335040870803
7.93,6.76,2.7514400880176035,56809243.79944271,0.04855490923029291
7.93,6.76,2.876460092018404,53978674.068092585,0.04613561886161759
7.93,6.76,3.0014800960192036,51272007.90824574,0.04382222898140662
7.93,6.76,3.126500100020004,48685376.54427719,0.04161143294382666
7.93,6.76,3.251520104020804,46214871.363882154,0.03949989005460013
7.93,6.76,3.3765401080216044,43856566.77278969,0.03748424510494845
7.93,6.76,3.5015601120224042,41606540.154906034,0.03556114543154362
7.93,6.76,3.6265801160232045,39460889.22394803,0.03372725574696413
7.93,6.76,3.751600120024005,37415747.02723619,0.03197927096344974
7.93,6.76,3.876620124024805,35467294.83904189,0.030313927212856317
7.93,6.76,4.001640128025605,33611773.159564435,0.02872801124749097
7.93,6.76,4.126660132026406,31845491.016086906,0.02721836838981787
7.93,6.76,4.251680136027206,30164833.744986206,0.025781909183748893
7.93,6.76,4.376700140028006,28566269.41690971,0.024415614886247616
7.93,6.76,4.501720144028806,27046354.052467823,0.023116541925186175
7.93,6.76,4.626740148029606,25601735.76210098,0.021881825437693146
7.93,6.76,4.751760152030406,24229157.931270376,0.020708681992538783
7.93,6.76,4.876780156031207,22925461.560685337,0.019594411590329347
7.93,6.76,5.001800160032007,21687586.86084126,0.01853639902636005
7.93,6.76,5.126820164032807,20512574.190603152,0.017532114692823206
7.93,6.76,5.251840168033607,19397564.420872435,0.01657911488963456
7.93,6.76,5.376860172034407,18339798.79643882,0.015675041706357966
7.93,6.76,5.501880176035208,17336618.361882113,0.014817622531523173
7.93,6.76,5.6269001800360074,16385463.010799617,0.014004669239999672
7.93,6.76,5.751920184036808,15483870.211629726,0.01323407710395703
7.93,6.76,5.876940188037608,14629473.457880944,0.01250382346827431
7.93,6.76,6.001960192038408,13820000.485603772,0.01181196622701177
7.93,6.76,6.1269801960392085,13053271.296428427,0.011156642133699511
7.93,6.76,6.252000200040008,12327196.020386823,0.010536064974689592
7.93,6.76,6.377020204040808,11639772.649013259,0.009948523631635264
7.93,6.76,6.502040208041609,10989084.665840734,0.009392380056274132
7.93,6.76,6.627060212042409,10373298.598347493,0.00886606717807478
7.93,6.76,6.752080216043209,9790661.51263725,0.00836808676293782
7.93,6.76,6.877100220044009,9239498.469627444,0.007897007238997816
7.93,6.76,7.002120224044809,8718209.959253762,0.007451461503635694
7.93,6.76,7.12714022804561,8225269.32715195,0.007030144724061496
7.93,6.76,7.25216023204641,7759220.206432182,0.0066318121422497284
7.93,6.76,7.377180236047209,7318673.965497732,0.006255276893587805
7.93,6.76,7.50220024004801,6902307.181363385,0.005899407847319133
7.93,6.76,7.62722024404881,6508859.146584969,0.005563127475713648
7.93,6.76,7.752240248049611,6137129.416703517,0.005245409757866254
7.93,6.76,7.8772602520504105,5785975.404028619,0.004945278123101383
7.93,6.76,8.00228025605121,5454310.022616798,0.004661803438134015
7.93,6.76,8.12730026005201,5141099.38843951,0.004394102041401291
7.93,6.76,8.25232026405281,4845360.577965485,0.0041413338273209276
7.93,6.76,8.37734026805361,4566159.447699174,0.003902700382648867
7.93,6.76,8.50236027205441,4302608.516610464,0.0036774431765901404
7.93,6.76,8.627380276055211,4053864.9128557313,0.0034648418058595993
7.93,6.76,8.75240028005601,3819128.385716459,0.0032642122954841526
7.93,6.76,8.87742028405681,3597639.383266963,0.003074905455783729
7.93,6.76,9.002440288057612,3388677.1959190387,0.002896305295657298
7.93,6.76,9.12746029205841,3191558.165673784,0.002727827492028875
7.93,6.76,9.252480296059211,3005633.960636205,0.0025689179150736796
7.93,6.76,9.377500300060012,2830289.9141107276,0.0024190512086416475
7.93,6.76,9.50252030406081,2664943.4273921037,0.0022777294251214563
7.93,6.76,9.627540308061612,2509042.435193696,0.002144480713840766
7.93,6.76,9.752560312062412,2362063.9325092183,0.002018858061973691
7.93,6.76,9.877580316063213,2223512.5615824815,0.0019004380868226337
7.93,6.76,10.002600320064012,2092919.2575607179,0.0017888198782570238
7.93,6.76,10.127620324064813,1969839.9513264126,0.001683623890022575
7.93,6.76,10.252640328065613,1853854.3279398512,0.0015844908785810695
7.93,6.76,10.377660332066412,1744564.639077066,0.0014910808881000565
7.93,6.76,10.502680336067213,1641594.5678133527,0.0014030722801823528
7.93,6.76,10.627700340068014,1544588.1440807255,0.001320160806906603
7.93,6.76,10.752720344068813,1453208.7091155131,0.0012420587257397548
7.93,6.76,10.877740348069613,1367137.927209849,0.001168493954880213
7.93,6.76,11.002760352070414,1286074.8430860653,0.0010992092675949276
7.93,6.76,11.127780356071213,1209734.9832252664,0.0010339615241241593
7.93,6.76,11.252800360072014,1137849.499499443,0.0009725209397431137
7.93,6.76,11.377820364072814,1070164.3534799465,0.0009146703875896979
7.93,6.76,11.502840368073615,1006439.5398226175,0.0008602047348911261
7.93,6.76,11.627860372074414,946448.3471611354,0.0008089302112488337
7.93,6.76,11.752880376075215,889976.6549745635,0.0007606638076705671
7.93,6.76,11.877900380076015,836822.2649316676,0.0007152327050698014
7.93,6.76,12.002920384076814,786794.265253501,0.0006724737309858983
7.93,6.76,12.127940388077615,739712.4266759357,0.0006322328433127656
7.93,6.76,12.252960392078416,695406.6286353974,0.0005943646398593141
7.93,6.76,12.377980396079215,653716.3143433414,0.0005587318926011465
7.93,6.76,12.503000400080015,614489.9734578864,0.000525205105519561
7.93,6.76,12.628020404080816,577584.6511040909,0.0004936620949607614
7.93,6.76,12.753040408081615,542865.482037602,0.00046398759148512993
7.93,6.76,12.878060412082416,510205.2487893385,0.00043607286221310985
7.93,6.76,13.003080416083217,479483.9626715506,0.000409815352710727
7.93,6.76,13.128100420084015,450588.4665678367,0.0003851183474938775
7.93,6.76,13.253120424084816,423412.0584711634,0.00036189064826595163
7.93,6.76,13.378140428085617,397854.13477490237,0.0003400462690383781
7.93,6.76,13.503160432086418,373819.8523618509,0.00031950414731782127
7.93,6.76,13.628180436087217,351219.8085753883,0.0003001878705772549
7.93,6.76,13.753200440088017,329969.73819513764,0.0002820254172608014
7.93,6.76,13.878220444088818,309990.22657668625,0.0002649489116040053
7.93,6.76,14.003240448089617,291206.4381510842,0.0002488943915821232
7.93,6.76,14.128260452090418,273547.85951496963,0.00023380158932903388
7.93,6.76,14.253280456091218,256948.0563761806,0.00021961372339844497
7.93,6.76,14.378300460092017,241344.4436525902,0.00020627730226717114
7.93,6.76,14.503320464092818,226678.06805380376,0.00019374193850752458
7.93,6.76,14.628340468093619,212893.402505978,0.00018196017308203248
7.93,6.76,14.753360472094418,199938.1518096904,0.00017088730923905162
7.93,6.76,14.878380476095218,187763.06894929125,0.00016048125551221474
7.93,6.76,15.003400480096019,176321.78149960577,0.0001507023773500904
7.93,6.76,15.12842048409682,165570.62760224415,0.000141513356924995
7.93,6.76,15.253440488097619,155468.50100911074,0.00013287906069154765
7.93,6.76,15.37846049209842,145976.70471501717,0.00012476641428633945
7.93,6.76,15.50348049609922,137058.81272462336,0.00011714428438001997
7.93,6.76,15.628500500100019,128680.53952126991,0.0001099833671121965
7.93,6.76,15.75352050410082,120809.61682665584,0.0001032560827578255
7.93,6.76,15.87854050810162,113415.67726078926,9.693647629127287e-05
7.93,6.76,16.00356051210242,106470.14453120896,9.100012353094783e-05
7.93,6.76,16.128580516103224,99946.12979918794,8.54240425634085e-05
7.93,6.76,16.253600520104023,93818.33388848662,8.018661016109967e-05
7.93,6.76,16.37862052410482,88062.95501930306,7.526748292248124e-05
7.93,6.76,16.503640528105624,82657.60176631442,7.064752287719181e-05
7.93,6.76,16.628660532106423,77581.21095524878,6.630872731217845e-05
7.93,6.76,16.753680536107222,72813.9702272101,6.223416258735906e-05
7.93,6.76,16.878700540108024,68337.24501407052,5.8407901721427797e-05
7.93,6.76,17.003720544108823,64133.50968167985,5.4814965539897303e-05
7.93,6.76,17.128740548109622,60186.282610409224,5.144126718838395e-05
7.93,6.76,17.253760552110425,56480.064994711385,4.827355982453965e-05
7.93,6.76,17.378780556111224,53000.28315494541,4.529938731191916e-05
7.93,6.76,17.503800560112023,49733.23416570475,4.25070377484656e-05
7.93,6.76,17.628820564112825,46666.03461535376,3.988549967124253e-05
7.93,6.76,17.753840568113624,43786.57232139156,3.742442078751415e-05
7.93,6.76,17.878860572114423,41083.46083570916,3.511406909034971e-05
7.93,6.76,18.003880576115225,38545.996582760854,3.294529622458193e-05
7.93,6.76,18.128900580116024,36164.118482166035,3.090950297621029e-05
7.93,6.76,18.253920584116823,33928.36991533585,2.8998606765244313e-05
7.93,6.76,18.378940588117626,31829.86290336917,2.7205011028520658e-05
7.93,6.76,18.503960592118425,29860.24437072195,2.5521576385232435e-05
7.93,6.76,18.628980596119224,28011.664376038105,2.394159348379325e-05
7.93,6.76,18.754000600120026,26276.74619805696,2.2458757434236717e-05
7.93,6.76,18.879020604120825,24648.558170692595,2.1067143735634696e-05
7.93,6.76,19.004040608121624,23120.5871672403,1.9761185613025898e-05
7.93,6.76,19.129060612122426,21686.71363921628,1.8535652683090836e-05
7.93,6.76,19.254080616123225,20341.188120589057,1.7385630872298338e-05
7.93,6.76,19.379100620124028,19078.609113136932,1.630650351550165e-05
7.93,6.76,19.504120624124827,17893.90227337917,1.5293933566990746e-05
7.93,6.76,19.629140628125626,16782.300825979553,1.4343846859811583e-05
7.93,6.76,19.75416063212643,15739.32713274298,1.3452416352771778e-05
7.93,6.76,19.879180636127227,14760.775350314645,1.2616047307961235e-05
7.93,6.76,20.004200640128026,13842.695113461317,1.1831363344838733e-05
7.93,6.76,20.12922064412883,12981.376184386796,1.1095193319988715e-05
7.93,6.76,20.254240648129628,12173.33401190498,1.0404558984534171e-05
7.93,6.76,20.379260652130426,11415.296147481808,9.756663373916076e-06
7.93,6.76,20.50428065613123,10704.189468174407,9.148879887328553e-06
7.93,6.76,20.629300660132028,10037.128159341453,8.578742016531157e-06
7.93,6.76,20.754320664132827,9411.402412690335,8.043933686060115e-06
7.93,6.76,20.87934066813363,8824.467797769626,7.542280169033869e-06
7.93,6.76,21.00436067213443,8273.935267414916,7.071739544799074e-06
7.93,6.76,21.129380676135227,7757.561759925017,6.630394666602578e-06
7.93,6.76,21.25440068013603,7273.241362885244,6.2164456093036275e-06
7.93,6.76,21.37942068413683,6818.997005576313,5.828202568868644e-06
7.93,6.76,21.504440688137628,6392.972648815839,5.464079187022085e-06
7.93,6.76,21.62946069213843,5993.425942879046,5.122586275964996e-06
7.93,6.76,21.75448069613923,5618.72132584596,4.802325919526461e-06
7.93,6.76,21.879500700140028,5267.323536325289,4.501985928483153e-06
7.93,6.76,22.00452070414083,4937.791516017824,4.220334629075063e-06
7.93,6.76,22.12954070814163,4628.772679010049,3.956215964965853e-06
7.93,6.76,22.25456071214243,4338.997526034078,3.7085448940462206e-06
7.93,6.76,22.37958071614323,4067.2745831998927,3.476303062564011e-06
7.93,6.76,22.50460072014403,3812.4856459028874,3.258534740087938e-06
7.93,6.76,22.62962072414483,3573.581309738506,3.054342999776501e-06
7.93,6.76,22.75464072814563,3349.5767713199484,2.8628861293332894e-06
7.93,6.76,22.87966073214643,3139.5478828979553,2.6833742588871412e-06
7.93,6.76,23.004680736147233,2942.627445627504,2.5150661928440205e-06
7.93,6.76,23.12970074014803,2758.0017272171444,2.357266433518927e-06
7.93,6.76,23.25472074414883,2584.907190536499,2.2093223850739307e-06
7.93,6.76,23.379740748149633,2422.627420549072,2.070621726965019e-06
7.93,6.76,23.504760752150432,2270.4902376827977,1.940589946737434e-06
7.93,6.76,23.62978075615123,2127.864986453146,1.8186880226095264e-06
7.93,6.76,23.754800760152033,1994.159988815519,1.704410246850871e-06
7.93,6.76,23.879820764152832,1868.8201523466776,1.5972821814928868e-06
7.93,6.76,24.00484076815363,1751.3247239419031,1.496858738411883e-06
7.93,6.76,24.129860772154434,1641.1851802675249,1.4027223762970299e-06
7.93,6.76,24.254880776155233,1537.9432467288789,1.3144814074605802e-06
7.93,6.76,24.37990078015603,1441.169037203789,1.2317684078664864e-06
7.93,6.76,24.504920784156834,1350.4593072532482,1.1542387241480753e-06
7.93,6.76,24.629940788157633,1265.435813955373,1.0815690717567292e-06
7.93,6.76,24.754960792158432,1185.7437759174434,1.0134562187328577e-06
7.93,6.76,24.879980796159234,1111.0504274059608,9.496157499196247e-07
6.76,5.19,0.001,68752303.97383046,0.04379127641645254
6.76,5.19,0.12602000400080016,71116344.83095789,0.04529703492417702
6.76,5.19,0.2510400080016003,72903959.05384493,0.04643564270945539
6.76,5.19,0.37606001200240047,74178787.57099247,0.04724763539553663
6.76,5.19,0.5010800160032006,74998713.2242372,0.04776988103454601
6.76,5.19,0.6261000200040008,75416335.5598073,0.048035882522170274
6.76,5.19,0.7511200240048009,75479408.52238488,0.04807605638368466
6.76,5.19,0.8761400280056011,75231243.85058558,0.0479179897137488
6.76,5.19,1.0011600320064011,74711082.76634133,0.04758667692123654
6.76,5.19,1.1261800360072014,73954438.35958219,0.0471047378086511
6.76,5.19,1.2512000400080014,72993410.8923887,0.04649261840279537
6.76,5.19,1.3762200440088017,71856978.08236027,0.04576877584863714
6.76,5.19,1.5012400480096018,70571262.2724675,0.04494984858118951
6.76,5.19,1.626260052010402,69159776.25322962,0.04405081290014627
6.76,5.19,1.751280056011202,67643649.3719157,0.043085126988481354
6.76,5.19,1.8763000600120023,66041835.44186962,0.04206486333877048
6.76,5.19,2.0013200640128024,64371303.85230708,0.041000830479176506
6.76,5.19,2.1263400680136026,62647215.17442238,0.03990268482447287
6.76,5.19,2.251360072014403,60883082.46274221,0.03877903341575939
6.76,5.19,2.3763800760152027,59090919.360869706,0.03763752825533104
6.76,5.19,2.501400080016003,57281376.03752929,0.03648495289014606
6.76,5.19,2.6264200840168033,55463863.90169299,0.03532730184821211
6.76,5.19,2.7514400880176035,53646669.97410941,0.03416985348669391
6.76,5.19,2.876460092018404,51837061.7263422,0.033017236768370845
6.76,5.19,3.0014800960192036,50041383.13708633,0.031873492444004045
6.76,5.19,3.126500100020004,48265142.658721805,0.030742129081988423
6.76,5.19,3.251520104020804,46513093.73443669,0.029626174353144404
6.76,5.19,3.3765401080216044,44789308.45753068,0.02852822194747178
6.76,5.19,3.5015601120224042,43097244.919382304,0.027450474470944154
6.76,5.19,3.6265801160232045,41439808.750798285,0.026394782643820575
6.76,5.19,3.751600120024005,39819409.3227855,0.025362681097315615
6.76,5.19,3.876620124024805,38238011.0370014,0.024355421042676063
6.76,5.19,4.001640128025605,36697180.10300833,0.023374000065610412
6.76,5.19,4.126660132026406,35198127.16881338,0.022419189279498975
6.76,5.19,4.251680136027206,33741746.14281008,0.02149155805274528
6.76,5.19,4.376700140028006,32328649.51901117,0.02059149650892432
6.76,5.19,4.501720144028806,30959200.493195146,0.019719235982926853
6.76,5.19,4.626740148029606,29633542.135152087,0.018874867602007708
6.76,5.19,4.751760152030406,28351623.86146353,0.01805835914742901
6.76,5.19,4.876780156031207,27113225.434075236,0.017269570340175316
6.76,5.19,5.001800160032007,25917978.692184925,0.016508266682920342
6.76,5.19,5.126820164032807,24765387.20858766,0.015774131979992147
6.76,5.19,5.251840168033607,23654844.046475872,0.015066779647436869
6.76,5.19,5.376860172034407,22585647.778705046,0.014385762916372648
6.76,5.19,5.501880176035208,21557016.918615088,0.013730584024595604
6.76,5.19,5.6269001800360074,20568102.899563715,0.01310070248379855
6.76,5.19,5.751920184036808,19618001.729312174,0.012495542502746614
6.76,5.19,5.876940188037608,18705764.435229838,0.011914499640273787
6.76,5.19,6.001960192038408,17830406.406899497,0.011356946755986946
6.76,5.19,6.1269801960392085,16990915.734039716,0.01082223932104441
6.76,5.19,6.252000200040008,16186260.629670277,0.010309720146286805
6.76,5.19,6.377020204040808,15415396.021074437,0.009818723580302193
6.76,5.19,6.502040208041609,14677269.384314463,0.009348579225678005
6.76,5.19,6.627060212042409,13970825.891789563,0.008898615217700363
6.76,5.19,6.752080216043209,13295012.936548546,0.00846816110608188
6.76,5.19,6.877100220044009,12648784.091748111,0.008056550376909628
6.76,5.19,7.002120224044809,12031102.558742352,0.007663122648880482
6.76,5.19,7.12714022804561,11440944.152774774,0.007287225575015783
6.76,5.19,7.25216023204641,10877299.871084288,0.006928216478397638
6.76,5.19,7.377180236047209,10339178.0844111,0.0065854637480325506
6.76,5.19,7.50220024004801,9825606.389365435,0.006258348018704101
6.76,5.19,7.62722024404881,9335633.155882347,0.005946263156612962
6.76,5.19,7.752240248049611,8868328.80100767,0.005648617070705525
6.76,5.19,7.8772602520504105,8422786.817519758,0.005364832367846982
6.76,5.19,8.00228025605121,7998124.583376616,0.005094346868392751
6.76,5.19,8.12730026005201,7593483.975664243,0.0048366139972383735
6.76,5.19,8.25232026405281,7208031.810599927,0.004591103064076388
6.76,5.19,8.37734026805361,6840960.12919474,0.0043572994453469705
6.76,5.19,8.50236027205441,6491486.346391495,0.004134704679230254
6.76,5.19,8.627380276055211,6158853.279853731,0.00392283648398327
6.76,5.19,8.75240028005601,5842329.073078068,0.003721228708966924
6.76,5.19,8.87742028405681,5541207.02612403,0.003529431226830594
6.76,5.19,9.002440288057612,5254805.345993502,0.0033470097745181555
6.76,5.19,9.12746029205841,4982466.827536665,0.003173545750023355
6.76,5.19,9.252480296059211,4723558.474703729,0.0030086359711488735
6.76,5.19,9.377500300060012,4477471.070995698,0.0028518924019080892
6.76,5.19,9.50252030406081,4243618.707083164,0.0027029418516453284
6.76,5.19,9.627540308061612,4021438.272755727,0.00256142565143677
6.76,5.19,9.752560312062412,3810388.9196274914,0.002426999311864645
6.76,5.19,9.877580316063213,3609951.500352569,0.002299332165829663
6.76,5.19,10.002600320064012,3419627.989491418,0.0021781069996760632
6.76,5.19,10.127620324064813,3238940.890611563,0.0020630196755487672
6.76,5.19,10.252640328065613,3067432.63369794,0.0019537787475783067
6.76,5.19,10.377660332066412,2904664.9664864084,0.0018501050741951653
6.76,5.19,10.502680336067213,2750218.3429146092,0.0017517314286080322
6.76,5.19,10.627700340068014,2603691.3115031132,0.0016584021092376526
6.76,5.19,10.752720344068813,2464699.906134747,0.0015698725516781835
6.76,5.19,10.877740348069613,2332877.0413869363,0.001485908943558559
6.76,5.19,11.002760352070414,2207871.9142888784,0.0014062878434961015
6.76,5.19,11.127780356071213,2089349.4141194094,0.001330795805171599
6.76,5.19,11.252800360072014,1976989.5416308106,0.0012592290074081602
6.76,5.19,11.377820364072814,1870486.8388753943,0.0011913928910034365
6.76,5.19,11.502840368073615,1769549.830624632,0.001127101802945626
6.76,5.19,11.627860372074414,1673900.4782024068,0.0010661786485365653
6.76,5.19,11.752880376075215,1583273.6464028647,0.0010084545518489589
6.76,5.19,11.877900380076015,1497416.584028706,0.0009537685248590488
6.76,5.19,12.002920384076814,1416088.4184647924,0.0009019671455189765
6.76,5.19,12.127940388077615,1339059.6645947746,0.0008529042449648249
6.76,5.19,12.252960392078416,1266111.7482728872,0.0008064406039954699
6.76,5.19,12.377980396079215,1197036.5444784076,0.0007624436589034446
6.76,5.19,12.503000400080015,1131635.9302056918,0.0007207872166915237
6.76,5.19,12.628020404080816,1069721.352076876,0.0006813511796668003
6.76,5.19,12.753040408081615,1011113.4086067129,0.0006440212793673333
6.76,5.19,12.878060412082416,955641.4469987771,0.0006086888197444443
6.76,5.19,13.003080416083217,903143.1743087722,0.0005752504294960335
6.76,5.19,13.128100420084015,853464.2827729038,0.000543607823422232
6.76,5.19,13.253120424084816,806458.0890673483,0.0005136675726543622
6.76,5.19,13.378140428085617,761985.187237461,0.0004853408835907397
6.76,5.19,13.503160432086418,719913.1150125341,0.0004585433853583022
6.76,5.19,13.628180436087217,680116.0332030825,0.0004331949256070591
6.76,5.19,13.753200440088017,642474.4178621691,0.00040921937443450277
6.76,5.19,13.878220444088818,606874.7648801765,0.00038654443622941197
6.76,5.19,14.003240448089617,573209.3066730032,0.0003651014692184736
6.76,5.19,14.128260452090418,541375.7406168589,0.00034482531249481474
6.76,5.19,14.253280456091218,511276.9688781913,0.0003256541203045806
6.76,5.19,14.378300460092017,482820.84928466484,0.0003075292033660287
6.76,5.19,14.503320464092818,455919.95688220777,0.00029039487699503695
6.76,5.19,14.628340468093619,430491.35582380905,0.00027419831581134346
6.76,5.19,14.753360472094418,406456.3812377456,0.00025888941480111196
6.76,5.19,14.878380476095218,383740.43072606216,0.0002444206565134155
6.76,5.19,15.003400480096019,362272.7651483505,0.000230746984170924
6.76,5.19,15.12842048409682,341986.3183508745,0.00021782568047826412
6.76,5.19,15.253440488097619,322817.5155069459,0.00020561625191525227
6.76,5.19,15.37846049209842,304706.099740841,0.00019408031830626826
6.76,5.19,15.50348049609922,287594.9667145383,0.00018318150746148945
6.76,5.19,15.628500500100019,271430.0068639285,0.0001728853546904004
6.76,5.19,15.75352050410082,256159.95497890178,0.00016315920699293114
6.76,5.19,15.87854050810162,241736.24682975176,0.00015397213173869547
6.76,5.19,16.00356051210242,228112.8825505421,0.00014529482965002687
6.76,5.19,16.128580516103224,215246.29649848072,0.00013709955190986038
6.76,5.19,16.253600520104023,203095.23331684212,0.0001293600212209186
6.76,5.19,16.37862052410482,191620.62993748696,0.00012205135664808091
6.76,5.19,16.503640528105624,180785.50326760203,0.00011515000208127524
6.76,5.19,16.628660532106423,170554.8433137962,0.00010863365816165369
6.76,5.19,16.753680536107222,160895.51150516546,0.00010248121751921371
6.76,5.19,16.878700540108024,151776.1439853184,9.667270317536208e-05
6.76,5.19,17.003720544108823,143167.05965165657,9.118920996920805e-05
6.76,5.19,17.128740548109622,135040.17272832608,8.601284887154531e-05
6.76,5.19,17.253760552110425,127368.90966730678,8.112669405560945e-05
6.76,5.19,17.378780556111224,120128.13017993902,7.651473259868731e-05
6.76,5.19,17.503800560112023,113294.05220886695,7.216181669354587e-05
6.76,5.19,17.628820564112825,106844.18065790315,6.805361825344153e-05
6.76,5.19,17.753840568113624,100757.2397046152,6.4176585799118e-05
6.76,5.19,17.878860572114423,95013.10852756351,6.051790352074112e-05
6.76,5.19,18.003880576115225,89592.76028704693,5.706545241213183e-05
6.76,5.19,18.128900580116024,84478.20420492128,5.3807773378930776e-05
6.76,5.19,18.253920584116823,79652.43059558171,5.073403222648519e-05
6.76,5.19,18.378940588117626,75099.35870649824,4.783398643726005e-05
6.76,5.19,18.503960592118425,70803.78723280688,4.509795365146937e-05
6.76,5.19,18.628980596119224,66751.34737635094,4.251678176837641e-05
6.76,5.19,18.754000600120026,62928.458325260566,4.008182058933796e-05
6.76,5.19,18.879020604120825,59322.28503565629,3.778489492716963e-05
6.76,5.19,19.004040608121624,55920.69820235416,3.561827910977973e-05
6.76,5.19,19.129060612122426,52712.23631054431,3.35746728092639e-05
6.76,5.19,19.254080616123225,49686.06966533158,3.164717813078446e-05
6.76,5.19,19.379100620124028,46831.966300731656,2.982927789855521e-05
6.76,5.19,19.504120624124827,44140.25967426069,2.811481507914695e-05
6.76,5.19,19.629140628125626,41601.81805760705,2.6497973285100044e-05
6.76,5.19,19.75416063212643,39208.01553805007,2.4973258304490505e-05
6.76,5.19,19.879180636127227,36950.7045493054,2.3535480604653135e-05
6.76,5.19,20.004200640128026,34822.18985431337,2.2179738760709164e-05
6.76,5.19,20.12922064412883,32815.20390617431,2.0901403761894475e-05
6.76,5.19,20.254240648129628,30922.883516959653,1.9696104150929725e-05
6.76,5.19,20.379260652130426,29138.747767500925,1.8559711953822255e-05
6.76,5.19,20.50428065613123,27456.677094494764,1.748832935955081e-05
6.76,5.19,20.629300660132028,25870.893494344888,1.6478276111047705e-05
6.76,5.19,20.754320664132827,24375.941786118598,1.5526077570776185e-05
6.76,5.19,20.87934066813363,22966.671878818408,1.4628453425998992e-05
6.76,5.19,21.00436067213443,21638.221990860602,1.378230700054816e-05
6.76,5.19,21.129380676135227,20386.00277223091,1.2984715141548356e-05
6.76,5.19,21.25440068013603,19205.682282241483,1.2232918651109231e-05
6.76,5.19,21.37942068413683,18093.17177815869,1.1524313234495986e-05
6.76,5.19,21.504440688137628,17044.612272206556,1.0856440937711186e-05
6.76,5.19,21.62946069213843,16056.361816583412,1.0226982048779248e-05
6.76,5.19,21.75448069613923,15124.983478161075,9.633747438319161e-06
6.76,5.19,21.879500700140028,14247.2339664731,9.07467131622491e-06
6.76,5.19,22.00452070414083,13420.052880443442,8.547804382448056e-06
6.76,5.19,22.12954070814163,12640.552541064997,8.051307350996817e-06
6.76,5.19,22.25456071214243,11906.00837890895,7.583444827330545e-06
6.76,5.19,22.37958071614323,11213.849846940746,7.142579520344428e-06
6.76,5.19,22.50460072014403,10561.651830633375,6.7271667711040635e-06
6.76,5.19,22.62962072414483,9947.126528809375,6.335749381407248e-06
6.76,5.19,22.75464072814563,9368.11578001784,5.966952726126016e-06
6.76,5.19,22.87966073214643,8822.583810554162,5.619480134110934e-06
6.76,5.19,23.004680736147233,8308.610381471824,5.2921085232304635e-06
6.76,5.19,23.12970074014803,7824.384313115427,4.983684275869701e-06
6.76,5.19,23.25472074414883,7368.197366822196,4.693119341924968e-06
6.76,5.19,23.379740748149633,6938.438464506416,4.4193875570104575e-06
6.76,5.19,23.504760752150432,6533.58822785041,4.161521164235932e-06
6.76,5.19,23.62978075615123,6152.21381978744,3.9186075285270335e-06
6.76,5.19,23.754800760152033,5792.964071873983,3.6897860330407553e-06
6.76,5.19,23.879820764152832,5454.564882013894,3.474245147779552e-06
6.76,5.19,24.00484076815363,5135.814867820309,3.271219661032045e-06
6.76,5.19,24.129860772154434,4835.5812616803505,3.0799880647645557e-06
6.76,5.19,24.254880776155233,4552.796034328537,2.899870085559579e-06
6.76,5.19,24.37990078015603,4286.452234437273,2.7302243531447607e-06
6.76,5.19,24.504920784156834,4035.6005323989307,2.570446198980212e-06
6.76,5.19,24.629940788157633,3799.345957106149,2.419965577774618e-06
6.76,5.19,24.754960792158432,3576.8448151365665,2.2782451051825276e-06
6.76,5.19,24.879980796159234,3367.301782316137,2.1447782052969035e-06
5.19,3.03,0.001,-57052376.472715616,-0.026413137255886853
5.19,3.03,0.12602000400080016,-44582313.958768845,-0.020639960166096684
5.19,3.03,0.2510400080016003,-33372143.203387022,-0.015450066297864358
5.19,3.03,0.37606001200240047,-23317275.599104166,-0.01079503499958526
5.19,3.03,0.5010800160032006,-14321044.13294077,-0.006630113024509614
5.19,3.03,0.6261000200040008,-6294134.424312353,-0.0029139511223668295
5.19,3.03,0.7511200240048009,845944.7585142851,0.00039164109190476155
5.19,3.03,0.8761400280056011,7175354.177348852,0.0033219232302540975
5.19,3.03,1.0011600320064011,12764382.494407654,0.005909436340003542
5.19,3.03,1.1261800360072014,17677872.663814306,0.008184200307321437
5.19,3.03,1.2512000400080014,21975618.518730402,0.010173897462375184
5.19,3.03,1.3762200440088017,25712733.5834527,0.011904043325672544
5.19,3.03,1.5012400480096018,28939994.00426483,0.013398145372344827
5.19,3.03,1.626260052010402,31704157.366184115,0.014677850632492643
5.19,3.03,1.751280056011202,34048259.0444572,0.015763082890952403
5.19,3.03,1.8763000600120023,36011887.629169226,0.016672170198689454
5.19,3.03,2.0013200640128024,37631440.858125806,0.017421963360243424
5.19,3.03,2.1263400680136026,38940363.396794796,0.018027946017034623
5.19,3.03,2.251360072014403,39969367.71407479,0.01850433690466425
5.19,3.03,2.3763800760152027,40746639.21861732,0.01886418482343394
5.19,3.03,2.501400080016003,41298026.74192482,0.01911945682496519
5.19,3.03,2.6264200840168033,41647219.38117832,0.019281120083878847
5.19,3.03,2.7514400880176035,41815910.64631438,0.01935921789181221
5.19,3.03,2.876460092018404,41823950.79199749,0.019362940181480316
5.19,3.03,3.0014800960192036,41689488.15549582,0.01930068896087769
5.19,3.03,3.126500100020004,41429100.265806675,0.019180139011947532
5.19,3.03,3.251520104020804,41057915.43741411,0.01900829418398801
5.19,3.03,3.3765401080216044,40589725.51356757,0.01879153958961461
5.19,3.03,3.5015601120224042,40037090.378709465,0.018535689990143267
5.19,3.03,3.6265801160232045,39411434.81744042,0.018246034637703894
5.19,3.03,3.751600120024005,38723138.25800112,0.01792737882314866
5.19,3.03,3.876620124024805,37981617.90146819,0.017584082361790824
5.19,3.03,4.001640128025605,37195405.70355719,0.017220095233128327
5.19,3.03,4.126660132026406,36372219.64390582,0.01683899057588232
5.19,3.03,4.251680136027206,35519029.687859416,0.016443995225860836
5.19,3.03,4.376700140028006,34642118.81791809,0.016038017971258374
5.19,3.03,4.501720144028806,33747139.486030966,0.015623675687977295
5.19,3.03,4.626740148029606,32839165.81368956,0.015203317506337756
5.19,3.03,4.751760152030406,31922741.84418273,0.014779047150084594
5.19,3.03,4.876780156031207,31001926.130299166,0.014352743578842203
5.19,3.03,5.001800160032007,30080332.92112814,0.013926080056077839
5.19,3.03,5.126820164032807,29161170.19328502,0.013500541756150468
5.19,3.03,5.251840168033607,28247274.75482391,0.013077442016122176
5.19,3.03,5.376860172034407,27341144.634179577,0.012657937330638691
5.19,3.03,5.501880176035208,26444968.95165056,0.0122430411813197
5.19,3.03,5.6269001800360074,25560655.45711364,0.011833636785700756
5.19,3.03,5.751920184036808,24689855.904774576,0.011430488844803043
5.19,3.03,5.876940188037608,23833989.4237639,0.011034254362853655
5.19,3.03,6.001960192038408,22994264.032198474,0.010645492607499292
5.19,3.03,6.1269801960392085,22171696.431918398,0.010264674274036293
5.19,3.03,6.252000200040008,21367130.21140261,0.009892189912686391
5.19,3.03,6.377020204040808,20581252.575332694,0.009528357673765133
5.19,3.03,6.502040208041609,19814609.71085713,0.009173430421693114
5.19,3.03,6.627060212042409,19067620.892773837,0.008827602265173071
5.19,3.03,6.752080216043209,18340591.42255392,0.008491014547478665
5.19,3.03,6.877100220044009,17633724.48933652,0.008163761337655794
5.19,3.03,7.002120224044809,16947132.034705624,0.00784589446051186
5.19,3.03,7.12714022804561,16280844.69717475,0.0075374281005438646
5.19,3.03,7.25216023204641,15634820.906832814,0.007238343012422597
5.19,3.03,7.377180236047209,15008955.19550863,0.006948590368291031
5.19,3.03,7.50220024004801,14403085.783074573,0.0066680952699419305
5.19,3.03,7.62722024404881,13817001.49610212,0.006396759951899128
5.19,3.03,7.752240248049611,13250448.070980914,0.006134466699528199
5.19,3.03,7.8772602520504105,12703133.889803398,0.005881080504538609
5.19,3.03,8.00228025605121,12174735.193770614,0.005636451478597505
5.19,3.03,8.12730026005201,11664900.815581802,0.005400417044250833
5.19,3.03,8.25232026405281,11173256.469206568,0.005172803920928965
5.19,3.03,8.37734026805361,10699408.63259324,0.004953429922496869
5.19,3.03,8.50236027205441,10242948.056222841,0.0047421055815846476
5.19,3.03,8.627380276055211,9803452.92796095,0.004538635614796735
5.19,3.03,8.75240028005601,9380491.722378463,0.00434282024184188
5.19,3.03,8.87742028405681,8973625.760593206,0.004154456370645002
5.19,3.03,9.002440288057612,8582411.504717095,0.003973338659591247
5.19,3.03,9.12746029205841,8206402.609166369,0.0037992604672066515
5.19,3.03,9.252480296059211,7845151.749398908,0.0036320146987957897
5.19,3.03,9.377500300060012,7498212.24706788,0.0034713945588277216
5.19,3.03,9.50252030406081,7165139.509123279,0.0033171942171867025
5.19,3.03,9.627540308061612,6845492.29703819,0.003169209396776939
5.19,3.03,9.752560312062412,6538833.841082398,0.003027237889389998
5.19,3.03,9.877580316063213,6244732.813401606,0.0028910800062044465
5.19,3.03,10.002600320064012,5962764.172582392,0.0027605389687881438
5.19,3.03,10.127620324064813,5692509.891383288,0.002635421246010781
5.19,3.03,10.252640328065613,5433559.578386525,0.002515536841845613
5.19,3.03,10.377660332066412,5185511.00346729,0.0024006995386422632
5.19,3.03,10.502680336067213,4947970.5361833535,0.0022907271000848855
5.19,3.03,10.627700340068014,4720553.505452947,0.0021854414377096973
5.19,3.03,10.752720344068813,4502884.488208203,0.002084668744540834
5.19,3.03,10.877740348069613,4294597.534082503,0.0019882395991122695
5.19,3.03,11.002760352070414,4095336.3326081196,0.001895989042874129
5.19,3.03,11.127780356071213,3904754.328862099,0.0018077566337324528
5.19,3.03,11.252800360072014,3722514.7930013696,0.0017233864782413744
5.19,3.03,11.377820364072814,3548290.8486685483,0.0016427272447539572
5.19,3.03,11.502840368073615,3381765.4648254206,0.0015656321596413982
5.19,3.03,11.627860372074414,3222631.4151794557,0.001491958988509007
5.19,3.03,11.752880376075215,3070591.20900716,0.001421570004169981
5.19,3.03,11.877900380076015,2925356.9968445315,0.001354331942983579
5.19,3.03,12.002920384076814,2786650.4542073053,0.0012901159510219004
5.19,3.03,12.127940388077615,2654202.646220316,0.0012287975213982943
5.19,3.03,12.252960392078416,2527753.8757741866,0.0011702564239695307
5.19,3.03,12.377980396079215,2407053.517587023,0.0011143766285125103
5.19,3.03,12.503000400080015,2291859.840327558,0.0010610462223738693
5.19,3.03,12.628020404080816,2181939.8187526423,0.0010101573234965935
5.19,3.03,12.753040408081615,2077068.937624842,0.0009616059896411304
5.19,3.03,12.878060412082416,1977030.9890039037,0.0009152921245388441
5.19,3.03,13.003080416083217,1881617.864348039,0.0008711193816426105
5.19,3.03,13.128100420084015,1790629.3427160517,0.000828995066072246
5.19,3.03,13.253120424084816,1703872.8762284715,0.0007888300352909589
5.19,3.03,13.378140428085617,1621163.3738241321,0.0007505385989926536
5.19,3.03,13.503160432086418,1542322.9842370918,0.0007140384186282831
5.19,3.03,13.628180436087217,1467180.8790168806,0.0006792504069522594
5.19,3.03,13.753200440088017,1395573.0363216747,0.0006460986279267011
5.19,3.03,13.878220444088818,1327342.0261289745,0.0006145101972819325
5.19,3.03,14.003240448089617,1262336.7974305472,0.0005844151839956236
5.19,3.03,14.128260452090418,1200412.4679075708,0.0005557465129201715
5.19,3.03,14.253280456091218,1141430.1165174572,0.0005284398687580819
5.19,3.03,14.378300460092017,1085256.5793650812,0.0005024336015579078
5.19,3.03,14.503320464092818,1031764.2491779396,0.0004776686338786756
5.19,3.03,14.628340468093619,980830.8786563457,0.0004540883697483081
5.19,3.03,14.753360472094418,932339.3879260006,0.0004316386055212965
5.19,3.03,14.878380476095218,886177.6762806785,0.0004102674427225362
5.19,3.03,15.003400480096019,842238.438366995,0.00038992520294768275
5.19,3.03,15.12842048409682,800418.9849309924,0.00037056434487545934
5.19,3.03,15.253440488097619,760621.0682172724,0.0003521393834339223
5.19,3.03,15.37846049209842,722750.712085432,0.0003346068111506629
5.19,3.03,15.50348049609922,686718.0468852158,0.00031792502170611834
5.19,3.03,15.628500500100019,652437.1491110213,0.00030205423569954685
5.19,3.03,15.75352050410082,619825.8858378923,0.0002869564286286538
5.19,3.03,15.87854050810162,588805.763924683,0.00027259526107624205
5.19,3.03,16.00356051210242,559301.7839555654,0.0002589360110905395
5.19,3.03,16.128580516103224,531242.2988782778,0.00024594550873994337
5.19,3.03,16.253600520104023,504558.877286323,0.00023359207281774207
5.19,3.03,16.37862052410482,479186.17128253647,0.00022184544966784091
5.19,3.03,16.503640528105624,455061.7888530817,0.0002106767540986489
5.19,3.03,16.628660532106423,432126.17067363265,0.00020005841234890397
5.19,3.03,16.753680536107222,410322.47126335267,0.00018996410706636693
5.19,3.03,16.878700540108024,389596.4443971537,0.00018036872425794147
5.19,3.03,17.003720544108823,369896.33268237143,0.0001712483021677645
5.19,3.03,17.128740548109622,351172.76120255474,0.00016257998203821975
5.19,3.03,17.253760552110425,333378.63512829255,0.00015434196070754282
5.19,3.03,17.378780556111224,316469.0411928878,0.0001465134449967073
5.19,3.03,17.503800560112023,300401.1529291782,0.00013907460783758248
5.19,3.03,17.628820564112825,285134.1395627912,0.0001320065460938848
5.19,3.03,17.753840568113624,270629.078456602,0.0001252912400262046
5.19,3.03,17.878860572114423,256848.87100102394,0.00011891151435232587
5.19,3.03,18.003880576115225,243758.1618450475,0.00011285100085418864
5.19,3.03,18.128900580116024,231323.26136349162,0.00010709410248309795
5.19,3.03,18.253920584116823,219512.07125682515,0.0001016259589151968
5.19,3.03,18.378940588117626,208294.01318102155,9.643241350973218e-05
5.19,3.03,18.503960592118425,197639.9603062684,9.149998162327239e-05
5.19,3.03,18.628980596119224,187522.17170486378,8.681582023373322e-05
5.19,3.03,18.754000600120026,177914.22947034694,8.23676988288643e-05
5.19,3.03,18.879020604120825,168790.97847174772,7.8143971514698e-05
5.19,3.03,19.004040608121624,160128.46864876497,7.413355030035414e-05
5.19,3.03,19.129060612122426,151903.8997557849,7.032587951656707e-05
5.19,3.03,19.254080616123225,144095.56846472796,6.671091132626292e-05
5.19,3.03,19.379100620124028,136682.81773895025,6.327908228655103e-05
5.19,3.03,19.504120624124827,129645.98839264917,6.002129092252275e-05
5.19,3.03,19.629140628125626,122966.37275249607,5.692887627430372e-05
5.19,3.03,19.75416063212643,116626.17034054999,5.3993597379884244e-05
5.19,3.03,19.879180636127227,110608.44549978842,5.120761365730944e-05
5.19,3.03,20.004200640128026,104897.08688594197,4.856346615089905e-05
5.19,3.03,20.12922064412883,99476.76875161676,4.6054059607229976e-05
5.19,3.03,20.254240648129628,94332.9139510062,4.367264534768804e-05
5.19,3.03,20.379260652130426,89451.65859577425,4.141280490545103e-05
5.19,3.03,20.50428065613123,84819.81829495536,3.926843439581266e-05
5.19,3.03,20.629300660132028,80424.85591396084,3.723372958979668e-05
5.19,3.03,20.754320664132827,76254.85078996576,3.530317166202118e-05
5.19,3.03,20.87934066813363,72298.469343135,3.347151358478472e-05
5.19,3.03,21.00436067213443,68544.93702525618,3.17337671413223e-05
5.19,3.03,21.129380676135227,64984.01154943765,3.0085190532147054e-05
5.19,3.03,21.25440068013603,61605.95734656818,2.8521276549337114e-05
5.19,3.03,21.37942068413683,58401.521196218506,2.70377412945456e-05
5.19,3.03,21.504440688137628,55361.9089816165,2.563051341741504e-05
5.19,3.03,21.62946069213843,52478.76352021394,2.4295723851950893e-05
5.19,3.03,21.75448069613923,49744.14342321269,2.302969602926513e-05
5.19,3.03,21.879500700140028,47150.50293920379,2.1828936545927675e-05
5.19,3.03,22.00452070414083,44690.672738820445,2.0690126267972423e-05
5.19,3.03,22.12954070814163,42357.84159899535,1.961011185138673e-05
5.19,3.03,22.25456071214243,40145.53894704733,1.8585897660670055e-05
5.19,3.03,22.37958071614323,38047.61822642028,1.7614638067787162e-05
5.19,3.03,22.50460072014403,36058.24104742508,1.6693630114548644e-05
5.19,3.03,22.62962072414483,34171.86208783218,1.5820306522144524e-05
5.19,3.03,22.75464072814563,32383.214709595013,1.499222903221991e-05
5.19,3.03,22.87966073214643,30687.297259379568,1.4207082064527574e-05
5.19,3.03,23.004680736147233,29079.3600219139,1.3462666676811987e-05
5.19,3.03,23.12970074014803,27554.892796468706,1.2756894813179954e-05
5.19,3.03,23.25472074414883,26109.613068030183,1.2087783827791748e-05
5.19,3.03,23.379740748149633,24739.4547459278,1.1453451271262868e-05
5.19,3.03,23.504760752150432,23440.557443843863,1.085210992770549e-05
5.19,3.03,23.62978075615123,22209.256276245094,1.0282063090854207e-05
5.19,3.03,23.754800760152033,21042.072147353923,9.741700068219407e-06
5.19,3.03,23.879820764152832,19935.702509812672,9.22949190269105e-06
5.19,3.03,24.00484076815363,18887.012571184765,8.743987301474426e-06
5.19,3.03,24.129860772154434,17893.026927398823,8.28380876268464e-06
5.19,3.03,24.254880776155233,16950.921603155217,7.847648890349635e-06
5.19,3.03,24.37990078015603,16058.016480200567,7.434266888981743e-06
5.19,3.03,24.504920784156834,15211.768095221225,7.042485229269084e-06
5.19,3.03,24.629940788157633,14409.762789921362,6.671186476815444e-06
5.19,3.03,24.754960792158432,13649.710196629849,6.319310276217521e-06
5.19,3.03,24.879980796159234,12929.437043529906,5.985850483115696e-06
3.03,0.7,0.001,-54400769.77268934,-0.023347969859523324
3.03,0.7,0.12602000400080016,-48348340.292149544,-0.020750360640407528
3.03,0.7,0.2510400080016003,-42792410.35509467,-0.018365841354117885
3.03,0.7,0.37606001200240047,-37696923.58272648,-0.016178937159968446
3.03,0.7,0.5010800160032006,-33028274.607620955,-0.014175225153485389
3.03,0.7,0.6261000200040008,-28755149.23841667,-0.012341265767560804
3.03,0.7,0.7511200240048009,-24848374.754614472,-0.010664538521293765
3.03,0.7,0.8761400280056011,-21280779.702658176,-0.009133381846634411
3.03,0.7,1.0011600320064011,-18027062.60290408,-0.0077369367394438116
3.03,0.7,1.1261800360072014,-15063669.013180017,-0.006465093997072969
3.03,0.7,1.2512000400080014,-12368676.428562999,-0.005308444819125751
3.03,0.7,1.3762200440088017,-9921686.528869748,-0.004258234561746673
3.03,0.7,1.5012400480096018,-7703724.315309525,-0.003306319448630697
3.03,0.7,1.626260052010402,-5697143.705874324,-0.002445126054023315
3.03,0.7,1.751280056011202,-3885539.1854737997,-0.0016676133843235193
3.03,0.7,1.8763000600120023,-2253663.131659031,-0.0009672373955618159
3.03,0.7,2.0013200640128024,-787348.4600893259,-0.0003379177940297536
3.03,0.7,2.1263400680136026,526563.7441821098,0.0002259930232541244
3.03,0.7,2.251360072014403,1700291.9229569435,0.000729739022728302
3.03,0.7,2.3763800760152027,2745177.3626936674,0.0011781877093105869
3.03,0.7,2.501400080016003,3671743.409735799,0.001575855540659141
3.03,0.7,2.6264200840168033,4489750.84178406,0.0019269316917528154
3.03,0.7,2.7514400880176035,5208249.638421059,0.0022353002740004542
3.03,0.7,2.876460092018404,5835627.378464282,0.0025045611066370306
3.03,0.7,3.0014800960192036,6379654.477803528,0.0027380491321045185
3.03,0.7,3.126500100020004,6847526.468120754,0.0029388525614252163
3.03,0.7,3.251520104020804,7245903.504447818,0.0031098298302351148
3.03,0.7,3.3765401080216044,7580947.277825773,0.003253625441126941
3.03,0.7,3.5015601120224042,7858355.498363674,0.003372684763246212
3.03,0.7,3.6265801160232045,8083394.10369283,0.0034692678556621586
3.03,0.7,3.751600120024005,8260927.338142931,0.0035454623768853785
3.03,0.7,3.876620124024805,8395445.838895857,0.0036031956390110975
3.03,0.7,4.001640128025605,8491092.85684827,0.0036442458613082703
3.03,0.7,4.126660132026406,8551688.731926262,0.0036702526746464647
3.03,0.7,4.251680136027206,8580753.735084832,0.0036827269249291123
3.03,0.7,4.376700140028006,8581529.382190645,0.00368305982068268
3.03,0.7,4.501720144028806,8556998.318371862,0.003672531467112387
3.03,0.7,4.626740148029606,8509902.865225106,0.0036523188262768697
3.03,0.7,4.751760152030406,8442762.317446083,0.0036235031405347996
3.03,0.7,4.876780156031207,8357889.069996506,0.0035870768540757535
3.03,0.7,5.001800160032007,8257403.65179643,0.0035439500651486826
3.03,0.7,5.126820164032807,8143248.737129301,0.0034949565395404726
3.03,0.7,5.251840168033607,8017202.201438636,0.0034408593139221614
3.03,0.7,5.376860172034407,7880889.283970624,0.0033823559158672207
3.03,0.7,5.501880176035208,7735793.915751651,0.0033200832256444855
3.03,0.7,5.6269001800360074,7583269.2676706165,0.00325462200329211
3.03,0.7,5.751920184036808,7424547.569952697,0.00318650110298399
3.03,0.7,5.876940188037608,7260749.251036748,0.0031162013952947417
3.03,0.7,6.001960192038408,7092891.440807566,0.003044159416655608
3.03,0.7,6.1269801960392085,6921895.880257115,0.0029707707640588476
3.03,0.7,6.252000200040008,6748596.276954919,0.0028963932519119823
3.03,0.7,6.377020204040808,6573745.143181056,0.002821349846858822
3.03,0.7,6.502040208041609,6398020.151209205,0.0027459313953687578
3.03,0.7,6.627060212042409,6222030.038004965,0.002670399157942045
3.03,0.7,6.752080216043209,6046320.089526236,0.0025949871628867965
3.03,0.7,6.877100220044009,5871377.23286362,0.0025199043917869613
3.03,0.7,7.002120224044809,5697634.762630142,0.002445336807995769
3.03,0.7,7.12714022804561,5525476.72629977,0.0023714492387552663
3.03,0.7,7.25216023204641,5355241.991590053,0.0022983871208541
3.03,0.7,7.377180236047209,5187228.017481551,0.002226278119090794
3.03,0.7,7.50220024004801,5021694.34906017,0.0021552336262060817
3.03,0.7,7.62722024404881,4858865.855049856,0.0020853501523819123
3.03,0.7,7.752240248049611,4698935.725669265,0.0020167106118752207
3.03,0.7,7.8772602520504105,4542068.247289032,0.0019493855138579535
3.03,0.7,8.00228025605121,4388401.369285107,0.0018834340640708613
3.03,0.7,8.12730026005201,4238049.077468492,0.001818905183462872
3.03,0.7,8.25232026405281,4091103.587524399,0.0017558384495812871
3.03,0.7,8.37734026805361,3947637.371004738,0.001694264966096454
3.03,0.7,8.50236027205441,3807705.0255861394,0.0016342081654876135
3.03,0.7,8.627380276055211,3671345.000528965,0.001575684549583247
3.03,0.7,8.75240028005601,3538581.187543221,0.0015187043723361464
3.03,0.7,8.87742028405681,3409424.3865867816,0.0014632722689213655
3.03,0.7,9.002440288057612,3283873.6554834843,0.0014093878349714524
3.03,0.7,9.12746029205841,3161917.551653214,0.001357046159507817
3.03,0.7,9.252480296059211,3043535.2736867815,0.0013062383148870307
3.03,0.7,9.377500300060012,2928697.7099785917,0.0012569518068577647
3.03,0.7,9.50252030406081,2817368.40114104,0.0012091709876141802
3.03,0.7,9.627540308061612,2709504.42246902,0.00116287743453606
3.03,0.7,9.752560312062412,2605057.192296304,0.001118050297122877
3.03,0.7,9.877580316063213,2503973.2116873153,0.0010746666144580753
3.03,0.7,10.002600320064012,2406194.7405351233,0.0010327016053798812
3.03,0.7,10.127620324064813,2311660.414787963,0.0009921289333853919
3.03,0.7,10.252640328065613,2220305.8092022706,0.0009529209481554809
3.03,0.7,10.377660332066412,2132063.9497155324,0.00091504890545731
3.03,0.7,10.502680336067213,2046865.7792485002,0.0008784831670594421
3.03,0.7,10.627700340068014,1964640.5804817937,0.0008431933821810274
3.03,0.7,10.752720344068813,1885316.3589037526,0.0008091486518900226
3.03,0.7,10.877740348069613,1808820.1891955286,0.0007763176777663213
3.03,0.7,11.002760352070414,1735078.5278037358,0.0007446688960531055
3.03,0.7,11.127780356071213,1664017.4943496417,0.0007141705984333226
3.03,0.7,11.252800360072014,1595563.124335654,0.0006847910404874052
3.03,0.7,11.377820364072814,1529641.5954351109,0.0006564985388133523
3.03,0.7,11.502840368073615,1466179.429487369,0.0006292615577199009
3.03,0.7,11.627860372074414,1405103.6721678684,0.0006030487863381409
3.03,0.7,11.752880376075215,1346342.0521607595,0.0005778292069359483
3.03,0.7,11.877900380076015,1289823.1215289012,0.0005535721551626185
3.03,0.7,12.002920384076814,1235476.3788525239,0.0005302473728980789
3.03,0.7,12.127940388077615,1183232.37659288,0.0005078250543317082
3.03,0.7,12.252960392078416,1133022.814029675,0.0004862758858496459
3.03,0.7,12.377980396079215,1084780.6170212543,0.0004655710802666327
3.03,0.7,12.503000400080015,1038440.005743552,0.0004456824058985202
3.03,0.7,12.628020404080816,993936.5514770923,0.0004265822109343744
3.03,0.7,12.753040408081615,951207.2234305851,0.00040824344353243997
3.03,0.7,12.878060412082416,910190.426514932,0.0003906396680321596
3.03,0.7,13.003080416083217,870826.0309113711,0.0003737450776443653
3.03,0.7,13.128100420084015,833055.394212658,0.0003575345039539305
3.03,0.7,13.253120424084816,796821.3768559247,0.00034198342354331535
3.03,0.7,13.378140428085617,762068.3515096358,0.0003270679620213029
3.03,0.7,13.503160432086418,728742.2070249626,0.0003127648957188681
3.03,0.7,13.628180436087217,696790.3475135015,0.0002990516512933483
3.03,0.7,13.753200440088017,666161.6870683334,0.00028590630346280404
3.03,0.7,13.878220444088818,636806.6406035358,0.00027330757107447886
3.03,0.7,14.003240448089617,608677.1112487246,0.0002612348116947316
3.03,0.7,14.128260452090418,581726.4746991247,0.0002496680148923282
3.03,0.7,14.253280456091218,555909.5608883947,0.00023858779437270158
3.03,0.7,14.378300460092017,531182.633320611,0.00022797537910755836
3.03,0.7,14.503320464092818,507503.36636910937,0.00021781260359189243
3.03,0.7,14.628340468093619,484830.8208234571,0.00020808189734912322
3.03,0.7,14.753360472094418,463125.4179412874,0.00019876627379454394
3.03,0.7,14.878380476095218,442348.9122390214,0.0001898493185575199
3.03,0.7,15.003400480096019,422464.3632345076,0.00018131517735386592
3.03,0.7,15.12842048409682,403436.10633524763,0.0001731485434915226
3.03,0.7,15.253440488097619,385229.7230479398,0.0001653346450849527
3.03,0.7,15.37846049209842,367812.0106684733,0.00015785923204655506
3.03,0.7,15.50348049609922,351150.9515963439,0.0001507085629168858
3.03,0.7,15.628500500100019,335215.6824032911,0.00014386939158939532
3.03,0.7,15.75352050410082,319976.4627729929,0.00013732895397982527
3.03,0.7,15.87854050810162,305404.6444167625,0.0001310749546853058
3.03,0.7,16.00356051210242,291472.64005912247,0.00012509555367344312
3.03,0.7,16.128580516103224,278153.8925770528,0.00011937935303736172
3.03,0.7,16.253600520104023,265422.84436741343,0.0001139153838486753
3.03,0.7,16.37862052410482,253254.9070085158,0.00010869309313670206
3.03,0.7,16.503640528105624,241626.43127396575,0.00010370233101886942
3.03,0.7,16.628660532106423,230514.6775497737,9.893333800419472e-05
3.03,0.7,16.753680536107222,219897.78669912054,9.437673248889294e-05
3.03,0.7,16.878700540108024,209754.75141319085,9.002349846059694e-05
3.03,0.7,17.003720544108823,200065.38808100938,8.586497342532592e-05
3.03,0.7,17.128740548109622,190810.3092061903,8.189283656918038e-05
3.03,0.7,17.253760552110425,181970.89639397792,7.809909716479739e-05
3.03,0.7,17.378780556111224,173529.27392781526,7.4476083230822e-05
3.03,0.7,17.503800560112023,165468.28295089514,7.101643045102796e-05
3.03,0.7,17.628820564112825,157771.45626475476,6.771307135826384e-05
3.03,0.7,17.753840568113624,150422.9937538922,6.45592247870782e-05
3.03,0.7,17.878860572114423,143407.73844258115,6.154838559767432e-05
3.03,0.7,18.003880576115225,136711.15318755282,5.867431467276945e-05
3.03,0.7,18.128900580116024,130319.2980079818,5.593102918797502e-05
3.03,0.7,18.253920584116823,124218.80805214302,5.331279315542619e-05
3.03,0.7,18.378940588117626,118396.87219834822,5.081410823963443e-05
3.03,0.7,18.503960592118425,112841.21228613006,4.8429704843832646e-05
3.03,0.7,18.628980596119224,107540.06297221198,4.615453346446866e-05
3.03,0.7,18.754000600120026,102482.15220457996,4.398375631097853e-05
3.03,0.7,18.879020604120825,97656.68230679998,4.19127391874678e-05
3.03,0.7,19.004040608121624,93053.31166381598,3.993704363253905e-05
3.03,0.7,19.129060612122426,88662.13699958948,3.805241931312853e-05
3.03,0.7,19.254080616123225,84473.67623622829,3.6254796667909134e-05
3.03,0.7,19.379100620124028,80478.8519236269,3.454027979554803e-05
3.03,0.7,19.504120624124827,76668.97522814278,3.29051395828939e-05
3.03,0.7,19.629140628125626,73035.73046837476,3.1345807067972e-05
3.03,0.7,19.75416063212643,69571.16018577348,2.9858867032520806e-05
3.03,0.7,19.879180636127227,66267.65073754804,2.8441051818690148e-05
3.03,0.7,20.004200640128026,63117.91839908849,2.708923536441566e-05
3.03,0.7,20.12922064412883,60114.9959630105,2.5800427451935837e-05
3.03,0.7,20.254240648129628,57252.21982180662,2.4571768163865503e-05
3.03,0.7,20.379260652130426,54523.21752104332,2.340052254122031e-05
3.03,0.7,20.50428065613123,51921.89577004744,2.2284075437788603e-05
3.03,0.7,20.629300660132028,49442.42889704928,2.12199265652572e-05
3.03,0.7,20.754320664132827,47079.24773582097,2.0205685723528314e-05
3.03,0.7,20.87934066813363,44827.02893094673,1.9239068210706753e-05
3.03,0.7,21.00436067213443,42680.68464899741,1.8317890407295026e-05
3.03,0.7,21.129380676135227,40635.35268301355,1.7440065529190366e-05
3.03,0.7,21.25440068013603,38686.3869378907,1.6603599544159097e-05
3.03,0.7,21.37942068413683,36829.348284447115,1.5806587246543827e-05
3.03,0.7,21.504440688137628,35059.99577014713,1.5047208485041687e-05
3.03,0.7,21.62946069213843,33374.27817469233,1.4323724538494561e-05
3.03,0.7,21.75448069613923,31768.325898910683,1.3634474634725615e-05
3.03,0.7,21.879500700140028,30238.443175615917,1.297787260756048e-05
3.03,0.7,22.00452070414083,28781.100591364433,1.2352403687280872e-05
3.03,0.7,22.12954070814163,27392.927908285157,1.1756621419864875e-05
3.03,0.7,22.25456071214243,26070.707175420903,1.1189144710481075e-05
3.03,0.7,22.37958071614323,24811.36611928064,1.0648654986815724e-05
3.03,0.7,22.50460072014403,23611.97180357499,1.013389347792918e-05
3.03,0.7,22.62962072414483,22469.724548362363,9.643658604447365e-06
3.03,0.7,22.75464072814563,21381.952099113936,9.176803476014564e-06
3.03,0.7,22.87966073214643,20346.1040364655,8.732233492045279e-06
3.03,0.7,23.004680736147233,19359.746417690818,8.30890404192739e-06
3.03,0.7,23.12970074014803,18420.5566412005,7.90581830094442e-06
3.03,0.7,23.25472074414883,17526.318525627525,7.522025118295075e-06
3.03,0.7,23.379740748149633,16674.917595323343,7.156616993701006e-06
3.03,0.7,23.504760752150432,15864.336564342128,6.80872813920263e-06
3.03,0.7,23.62978075615123,15092.651011245904,6.4775326228523195e-06
3.03,0.7,23.754800760152033,14358.025237309073,6.162242591119774e-06
3.03,0.7,23.879820764152832,13658.708300945018,5.862106566929192e-06
3.03,0.7,24.00484076815363,12993.030221419482,5.576407820351709e-06
3.03,0.7,24.129860772154434,12359.398345144975,5.304462809075096e-06
3.03,0.7,24.254880776155233,11756.29386808469,5.045619685873257e-06
3.03,0.7,24.37990078015603,11182.268508015313,4.799256870392838e-06
3.03,0.7,24.504920784156834,10635.941320618706,4.564781682668972e-06
3.03,0.7,24.629940788157633,10115.995653584687,4.341629035873256e-06
3.03,0.7,24.754960792158432,9621.176233116938,4.129260185887098e-06
3.03,0.7,24.879980796159234,9150.286377435175,3.927161535379904e-06
