galaxy,distance_mpc,radius_kpc,v_obs_kms,v_err_kms,v_gas_kms,v_disk_ml1_kms,v_bulge_ml1_kms,sb_disk_lsun_pc2,sb_bulge_lsun_pc2,quality_flag,inclination_deg,n_points_galaxy,galaxy_point_index,signed_gas_negative_flag,source_file
CamB,3.36,0.16,1.99,1.5,1.86,3.75,0,30.32,0,2,65,9,0,0,CamB_rotmod.dat
CamB,3.36,0.41,4.84,1.5,4.24,9.47,0,23.77,0,2,65,9,1,0,CamB_rotmod.dat
CamB,3.36,0.57,6.79,1.5,5.61,11.76,0,15.87,0,2,65,9,2,0,CamB_rotmod.dat
CamB,3.36,0.73,8.87,1.5,6.77,13.72,0,12.4,0,2,65,9,3,0,CamB_rotmod.dat
CamB,3.36,0.9,10.9,1.5,7.77,14.8,0,9.63,0,2,65,9,4,0,CamB_rotmod.dat
CamB,3.36,1.06,12.9,1.5,8.44,15.24,0,5.86,0,2,65,9,5,0,CamB_rotmod.dat
CamB,3.36,1.22,14.7,1.5,8.64,15.11,0,5.19,0,2,65,9,6,0,CamB_rotmod.dat
CamB,3.36,1.47,16.8,1.5,8.08,15.9,0,3.02,0,2,65,9,7,0,CamB_rotmod.dat
CamB,3.36,1.79,20.1,1.5,6.91,14.91,0,0.88,0,2,65,9,8,0,CamB_rotmod.dat
D564-8,8.79,0.51,8.54,1.53,3.47,6.36,0,6.37,0,2,63,6,0,0,D564-8_rotmod.dat
D564-8,8.79,1.02,15.1,1.41,5.33,8.66,0,2.82,0,2,63,6,1,0,D564-8_rotmod.dat
D564-8,8.79,1.53,19.8,1.8,6.34,9.09,0,1.19,0,2,63,6,2,0,D564-8_rotmod.dat
D564-8,8.79,2.04,21.9,1.82,6.86,8.75,0,0.52,0,2,63,6,3,0,D564-8_rotmod.dat
D564-8,8.79,2.56,24,1.89,7.05,8.17,0,0.22,0,2,63,6,4,0,D564-8_rotmod.dat
D564-8,8.79,3.07,25,2.05,7.04,7.65,0,0,0,2,63,6,5,0,D564-8_rotmod.dat
D631-7,7.72,0.45,8.41,1.58,8.4,9.99,0,26.06,0,1,59,16,0,0,D631-7_rotmod.dat
D631-7,7.72,0.9,17.8,2.22,13.51,15.52,0,19.64,0,1,59,16,1,0,D631-7_rotmod.dat
D631-7,7.72,1.35,26,2.35,16.7,20.76,0,12.17,0,1,59,16,2,0,D631-7_rotmod.dat
D631-7,7.72,1.8,30.9,2.22,18.72,21.37,0,4.5,0,1,59,16,3,0,D631-7_rotmod.dat
D631-7,7.72,2.25,34.7,1.82,19.9,19.92,0,2.1,0,1,59,16,4,0,D631-7_rotmod.dat
D631-7,7.72,2.69,38.8,1.81,20.61,18.76,0,1.13,0,1,59,16,5,0,D631-7_rotmod.dat
D631-7,7.72,3.14,42.5,1.57,20.73,17.36,0,0.54,0,1,59,16,6,0,D631-7_rotmod.dat
D631-7,7.72,3.59,45.6,1.59,20.61,16.32,0,0.37,0,1,59,16,7,0,D631-7_rotmod.dat
D631-7,7.72,4.04,48.8,1.83,20.38,15.37,0,0.18,0,1,59,16,8,0,D631-7_rotmod.dat
D631-7,7.72,4.49,51.8,1.91,19.9,14.49,0,0.1,0,1,59,16,9,0,D631-7_rotmod.dat
D631-7,7.72,4.94,54.8,2.19,19.43,13.72,0,0.05,0,1,59,16,10,0,D631-7_rotmod.dat
D631-7,7.72,5.39,56.6,2.73,18.84,13.04,0,0.03,0,1,59,16,11,0,D631-7_rotmod.dat
D631-7,7.72,5.84,58.4,3.27,18.25,12.45,0,0.01,0,1,59,16,12,0,D631-7_rotmod.dat
D631-7,7.72,6.29,58.5,3.95,17.65,11.93,0,0.01,0,1,59,16,13,0,D631-7_rotmod.dat
D631-7,7.72,6.74,57.7,4.07,17.06,11.48,0,0,0,1,59,16,14,0,D631-7_rotmod.dat
D631-7,7.72,7.19,57.3,3.94,16.47,11.08,0,0,0,1,59,16,15,0,D631-7_rotmod.dat
DDO064,6.8,0.1,6.29,4.62,-1.13,1.96,0,28.5,0,1,60,14,0,1,DDO064_rotmod.dat
DDO064,6.8,0.3,13.9,4.62,-2.45,6.31,0,27.26,0,1,60,14,1,1,DDO064_rotmod.dat
DDO064,6.8,0.49,15.6,4.62,-0.64,9.67,0,24.99,0,1,60,14,2,1,DDO064_rotmod.dat
DDO064,6.8,0.69,18.4,4.62,2.49,13.92,0,20.86,0,1,60,14,3,0,DDO064_rotmod.dat
DDO064,6.8,0.89,22.5,4.62,1.87,15.16,0,13.91,0,1,60,14,4,0,DDO064_rotmod.dat
DDO064,6.8,1.09,26.5,4.62,4.97,16.41,0,11.73,0,1,60,14,5,0,DDO064_rotmod.dat
DDO064,6.8,1.29,35.3,4.62,9.29,17.34,0,10.3,0,1,60,14,6,0,DDO064_rotmod.dat
DDO064,6.8,1.48,40.5,4.62,13.62,18.34,0,7.96,0,1,60,14,7,0,DDO064_rotmod.dat
DDO064,6.8,1.68,44.2,4.89,16.26,19.12,0,6.72,0,1,60,14,8,0,DDO064_rotmod.dat
DDO064,6.8,1.88,46.3,4.62,18.16,19.54,0,3.97,0,1,60,14,9,0,DDO064_rotmod.dat
DDO064,6.8,2.08,46.4,4.62,19.64,19.1,0,2.84,0,1,60,14,10,0,DDO064_rotmod.dat
DDO064,6.8,2.27,46.3,4.62,20.17,18.77,0,2.16,0,1,60,14,11,0,DDO064_rotmod.dat
DDO064,6.8,2.37,46.4,6.73,20.59,18.61,0,1.86,0,1,60,14,12,0,DDO064_rotmod.dat
DDO064,6.8,2.98,46.9,8.65,22.17,17.21,0,0,0,1,60,14,13,0,DDO064_rotmod.dat
DDO154,4.04,0.49,13.8,1.6,3.74,12.31,0,15.93,0,2,64,12,0,0,DDO154_rotmod.dat
DDO154,4.04,0.99,21.6,0.8,7.46,14.55,0,5.52,0,2,64,12,1,0,DDO154_rotmod.dat
DDO154,4.04,1.48,28.9,0.7,10.87,12.95,0,1.26,0,2,64,12,2,0,DDO154_rotmod.dat
DDO154,4.04,1.97,34.3,0.5,13.32,11.54,0,0.29,0,2,64,12,3,0,DDO154_rotmod.dat
DDO154,4.04,2.47,38.2,0.4,14.77,10.18,0,0.08,0,2,64,12,4,0,DDO154_rotmod.dat
DDO154,4.04,2.96,42,0.2,16.2,9.16,0,0.02,0,2,64,12,5,0,DDO154_rotmod.dat
DDO154,4.04,3.46,44.6,0.2,17.6,8.37,0,0.01,0,2,64,12,6,0,DDO154_rotmod.dat
DDO154,4.04,3.95,46.3,0.2,17.91,7.77,0,0,0,2,64,12,7,0,DDO154_rotmod.dat
DDO154,4.04,4.44,47.4,0.3,17.48,7.29,0,0,0,2,64,12,8,0,DDO154_rotmod.dat
DDO154,4.04,4.94,48.2,0.6,16.93,6.89,0,0,0,2,64,12,9,0,DDO154_rotmod.dat
DDO154,4.04,5.43,47.4,0.7,16.28,6.55,0,0,0,2,64,12,10,0,DDO154_rotmod.dat
DDO154,4.04,5.92,45.5,1.3,15.64,6.26,0,0,0,2,64,12,11,0,DDO154_rotmod.dat
DDO161,7.5,0.6,16,3.53,6.82,12.59,0,30.32,0,1,70,31,0,0,DDO161_rotmod.dat
DDO161,7.5,0.73,16.6,4.83,8.12,14.22,0,27.69,0,1,70,31,1,0,DDO161_rotmod.dat
DDO161,7.5,0.85,18.6,2.5,9.3,15.27,0,27.15,0,1,70,31,2,0,DDO161_rotmod.dat
DDO161,7.5,0.98,20,7.58,10.41,17.04,0,25.71,0,1,70,31,3,0,DDO161_rotmod.dat
DDO161,7.5,1.07,21.4,4.03,11.27,18.03,0,24.23,0,1,70,31,4,0,DDO161_rotmod.dat
DDO161,7.5,1.54,28.9,2.74,15.22,22.44,0,17.21,0,1,70,31,5,0,DDO161_rotmod.dat
DDO161,7.5,2.02,32.9,2.65,18.74,24.92,0,11.77,0,1,70,31,6,0,DDO161_rotmod.dat
DDO161,7.5,2.49,35.2,2.88,21.52,25.85,0,7.54,0,1,70,31,7,0,DDO161_rotmod.dat
DDO161,7.5,2.96,37.6,3.05,23.28,26.01,0,5.12,0,1,70,31,8,0,DDO161_rotmod.dat
DDO161,7.5,3.43,40.6,3.68,24.59,25.36,0,3.64,0,1,70,31,9,0,DDO161_rotmod.dat
DDO161,7.5,3.9,42.7,3.25,25.62,25.01,0,2.55,0,1,70,31,10,0,DDO161_rotmod.dat
DDO161,7.5,4.37,45.5,2.99,26.35,24.48,0,1.74,0,1,70,31,11,0,DDO161_rotmod.dat
DDO161,7.5,4.86,48.9,1.96,27.08,23.7,0,1.09,0,1,70,31,12,0,DDO161_rotmod.dat
DDO161,7.5,5.34,51.5,1.53,27.81,22.69,0,0.64,0,1,70,31,13,0,DDO161_rotmod.dat
DDO161,7.5,5.81,53,1.86,28.4,21.59,0,0.46,0,1,70,31,14,0,DDO161_rotmod.dat
DDO161,7.5,6.28,55,1.48,28.98,20.86,0,0.36,0,1,70,31,15,0,DDO161_rotmod.dat
DDO161,7.5,6.75,57.6,0.99,29.57,20.11,0,0.24,0,1,70,31,16,0,DDO161_rotmod.dat
DDO161,7.5,7.22,59.7,1.19,30.3,19.38,0,0.16,0,1,70,31,17,0,DDO161_rotmod.dat
DDO161,7.5,7.69,60.5,1.26,31.18,18.7,0,0.11,0,1,70,31,18,0,DDO161_rotmod.dat
DDO161,7.5,8.16,61.8,1.33,32.06,18.06,0,0.07,0,1,70,31,19,0,DDO161_rotmod.dat
DDO161,7.5,8.64,62.9,1.35,32.64,17.47,0,0.05,0,1,70,31,20,0,DDO161_rotmod.dat
DDO161,7.5,9.11,63,2.09,33.23,16.94,0,0.03,0,1,70,31,21,0,DDO161_rotmod.dat
DDO161,7.5,9.58,64.5,2.38,33.38,16.44,0,0.02,0,1,70,31,22,0,DDO161_rotmod.dat
DDO161,7.5,10.05,65.6,1.08,33.38,15.98,0,0.02,0,1,70,31,23,0,DDO161_rotmod.dat
DDO161,7.5,10.52,67.5,3.22,32.79,15.57,0,0.01,0,1,70,31,24,0,DDO161_rotmod.dat
DDO161,7.5,10.99,66.8,2.37,32.06,15.18,0,0.01,0,1,70,31,25,0,DDO161_rotmod.dat
DDO161,7.5,11.46,66.8,0.95,31.18,14.81,0,0,0,1,70,31,26,0,DDO161_rotmod.dat
DDO161,7.5,11.94,66.6,0.96,30.3,14.47,0,0,0,1,70,31,27,0,DDO161_rotmod.dat
DDO161,7.5,12.41,66.8,0.99,29.42,14.16,0,0,0,1,70,31,28,0,DDO161_rotmod.dat
DDO161,7.5,12.9,66.3,0.74,28.69,13.86,0,0,0,1,70,31,29,0,DDO161_rotmod.dat
DDO161,7.5,13.37,66.1,1.31,27.81,13.59,0,0,0,1,70,31,30,0,DDO161_rotmod.dat
DDO168,4.25,0.41,15,4.1,10.41,8.28,0,20.43,0,2,63,10,0,0,DDO168_rotmod.dat
DDO168,4.25,0.82,23.4,1.3,18.08,12.66,0,14.59,0,2,63,10,1,0,DDO168_rotmod.dat
DDO168,4.25,1.24,29.2,1.5,20.09,15.11,0,8.79,0,2,63,10,2,0,DDO168_rotmod.dat
DDO168,4.25,1.64,36.2,1.1,20.2,15.99,0,5.9,0,2,63,10,3,0,DDO168_rotmod.dat
DDO168,4.25,2.06,44,1.1,22,16.89,0,4.09,0,2,63,10,4,0,DDO168_rotmod.dat
DDO168,4.25,2.47,52.1,1.2,22.63,17.03,0,2.87,0,2,63,10,5,0,DDO168_rotmod.dat
DDO168,4.25,2.89,52.9,1.7,22.95,16.99,0,2.09,0,2,63,10,6,0,DDO168_rotmod.dat
DDO168,4.25,3.3,54.8,2.2,22.74,17.19,0,1.56,0,2,63,10,7,0,DDO168_rotmod.dat
DDO168,4.25,3.71,55,2.5,22.74,17.16,0,0.82,0,2,63,10,8,0,DDO168_rotmod.dat
DDO168,4.25,4.12,52,2.7,22.74,16.37,0,0,0,2,63,10,9,0,DDO168_rotmod.dat
DDO170,15.4,1.87,27.7,3,8.68,18.19,0,9.38,0,2,66,8,0,0,DDO170_rotmod.dat
DDO170,15.4,3.36,42.4,1.5,15.07,19.75,0,3.58,0,2,66,8,1,0,DDO170_rotmod.dat
DDO170,15.4,4.86,52.5,1,20.59,19.94,0,2.02,0,2,66,8,2,0,DDO170_rotmod.dat
DDO170,15.4,6.35,55.6,1,24.61,19.17,0,0.91,0,2,66,8,3,0,DDO170_rotmod.dat
DDO170,15.4,7.85,58.6,1.1,26.94,18.71,0,0.47,0,2,66,8,4,0,DDO170_rotmod.dat
DDO170,15.4,9.34,59,1.2,27.6,17.41,0,0.18,0,2,66,8,5,0,DDO170_rotmod.dat
DDO170,15.4,10.83,60,1.3,26.77,16.05,0,0.09,0,2,66,8,6,0,DDO170_rotmod.dat
DDO170,15.4,12.33,62.2,1,24.9,15.01,0,0,0,2,66,8,7,0,DDO170_rotmod.dat
ESO079-G014,28.7,0.41,33.2,11.6,2.21,28.95,0,455.28,0,1,79,15,0,0,ESO079-G014_rotmod.dat
ESO079-G014,28.7,0.98,50.4,11.8,4.41,47.6,0,284.5,0,1,79,15,1,0,ESO079-G014_rotmod.dat
ESO079-G014,28.7,1.78,53.9,9.75,6.75,62.09,0,213.32,0,1,79,15,2,0,ESO079-G014_rotmod.dat
ESO079-G014,28.7,2.69,67.6,5.1,8.55,75.48,0,152.2,0,1,79,15,3,0,ESO079-G014_rotmod.dat
ESO079-G014,28.7,3.36,81.7,5.06,9.18,82.21,0,142.61,0,1,79,15,4,0,ESO079-G014_rotmod.dat
ESO079-G014,28.7,4.39,102,5.35,9.29,86.87,0,105.73,0,1,79,15,5,0,ESO079-G014_rotmod.dat
ESO079-G014,28.7,5.65,116,6.44,9.5,92.23,0,92.69,0,1,79,15,6,0,ESO079-G014_rotmod.dat
ESO079-G014,28.7,6.34,132,9.1,10.22,96.19,0,89.82,0,1,79,15,7,0,ESO079-G014_rotmod.dat
ESO079-G014,28.7,6.89,137,5.25,11.87,100.53,0,87.61,0,1,79,15,8,0,ESO079-G014_rotmod.dat
ESO079-G014,28.7,8.34,154,4.2,17.23,113.81,0,78.45,0,1,79,15,9,0,ESO079-G014_rotmod.dat
ESO079-G014,28.7,10.04,163,3.28,24.23,128.72,0,58.05,0,1,79,15,10,0,ESO079-G014_rotmod.dat
ESO079-G014,28.7,11.65,170,2.41,30.75,133.41,0,39.79,0,1,79,15,11,0,ESO079-G014_rotmod.dat
ESO079-G014,28.7,13.36,175,2.18,36.2,132.99,0,23.18,0,1,79,15,12,0,ESO079-G014_rotmod.dat
ESO079-G014,28.7,15.06,177,2.23,39.42,128.51,0,15.89,0,1,79,15,13,0,ESO079-G014_rotmod.dat
ESO079-G014,28.7,16.67,178,2.03,40.49,124.23,0,10.92,0,1,79,15,14,0,ESO079-G014_rotmod.dat
ESO116-G012,13,0.25,20.9,3.4,-0.22,17.33,0,276.94,0,1,74,15,0,1,ESO116-G012_rotmod.dat
ESO116-G012,13,0.83,40,3.29,-1.8,34.96,0,168.99,0,1,74,15,1,1,ESO116-G012_rotmod.dat
ESO116-G012,13,1.38,51.5,2.96,-1.55,51.34,0,141.01,0,1,74,15,2,1,ESO116-G012_rotmod.dat
ESO116-G012,13,1.85,67.9,3.45,5.01,61.73,0,81.24,0,1,74,15,3,0,ESO116-G012_rotmod.dat
ESO116-G012,13,2.68,80.2,2.93,12.54,60.49,0,46.01,0,1,74,15,4,0,ESO116-G012_rotmod.dat
ESO116-G012,13,3.19,83.3,3.08,16.68,63.17,0,41.4,0,1,74,15,5,0,ESO116-G012_rotmod.dat
ESO116-G012,13,3.68,91.4,2.83,20.19,65.14,0,30.23,0,1,74,15,6,0,ESO116-G012_rotmod.dat
ESO116-G012,13,4.13,102,5.4,22.31,66.32,0,24.2,0,1,74,15,7,0,ESO116-G012_rotmod.dat
ESO116-G012,13,5.23,105,4.21,25.63,64.52,0,9.48,0,1,74,15,8,0,ESO116-G012_rotmod.dat
ESO116-G012,13,6.05,109,2.1,27.28,60.09,0,3.57,0,1,74,15,9,0,ESO116-G012_rotmod.dat
ESO116-G012,13,6.81,108,2.1,28.58,55.74,0,2.78,0,1,74,15,10,0,ESO116-G012_rotmod.dat
ESO116-G012,13,7.56,109,2.1,30.7,53.61,0,2.04,0,1,74,15,11,0,ESO116-G012_rotmod.dat
ESO116-G012,13,8.32,110,2.1,33.83,51.18,0,1.21,0,1,74,15,12,0,ESO116-G012_rotmod.dat
ESO116-G012,13,9.09,111,2.33,35.49,49.08,0,0.72,0,1,74,15,13,0,ESO116-G012_rotmod.dat
ESO116-G012,13,9.86,112,4.74,33.74,46.34,0,0,0,1,74,15,14,0,ESO116-G012_rotmod.dat
ESO444-G084,4.83,0.26,18.3,1.8,4.59,8.31,0,31.29,0,2,32,7,0,0,ESO444-G084_rotmod.dat
ESO444-G084,4.83,0.77,35.3,3,11.55,14.79,0,10.44,0,2,32,7,1,0,ESO444-G084_rotmod.dat
ESO444-G084,4.83,1.29,47.8,4.63,16.45,14.54,0,3.29,0,2,32,7,2,0,ESO444-G084_rotmod.dat
ESO444-G084,4.83,1.81,52.8,1.26,19.03,13.66,0,1.03,0,2,32,7,3,0,ESO444-G084_rotmod.dat
ESO444-G084,4.83,2.32,58,3.11,20.09,12.28,0,0.34,0,2,32,7,4,0,ESO444-G084_rotmod.dat
ESO444-G084,4.83,3.39,63.1,1.35,17.39,9.97,0,0.03,0,2,32,7,5,0,ESO444-G084_rotmod.dat
ESO444-G084,4.83,4.44,62.7,7.36,14.45,8.53,0,0,0,2,32,7,6,0,ESO444-G084_rotmod.dat
ESO563-G021,60.8,0.45,18.9,9.78,0,65.19,0,2096.34,0,1,83,30,0,0,ESO563-G021_rotmod.dat
ESO563-G021,60.8,1.34,58.3,10.5,0,120.17,0,997.68,0,1,83,30,1,0,ESO563-G021_rotmod.dat
ESO563-G021,60.8,2.23,74.1,5.69,0,137.48,0,691.26,0,1,83,30,2,0,ESO563-G021_rotmod.dat
ESO563-G021,60.8,3.12,119,4.27,0,146.18,0,574.33,0,1,83,30,3,0,ESO563-G021_rotmod.dat
ESO563-G021,60.8,4.01,141,3.76,0,157.86,0,548.02,0,1,83,30,4,0,ESO563-G021_rotmod.dat
ESO563-G021,60.8,4.9,195,4.54,0,175.79,0,524.14,0,1,83,30,5,0,ESO563-G021_rotmod.dat
ESO563-G021,60.8,5.79,227,4.2,0,199.19,0,483.52,0,1,83,30,6,0,ESO563-G021_rotmod.dat
ESO563-G021,60.8,6.69,246,4.24,0,217.87,0,426.75,0,1,83,30,7,0,ESO563-G021_rotmod.dat
ESO563-G021,60.8,7.58,268,5.56,0,228.65,0,376.92,0,1,83,30,8,0,ESO563-G021_rotmod.dat
ESO563-G021,60.8,8.47,283,2.96,0,241.76,0,345.98,0,1,83,30,9,0,ESO563-G021_rotmod.dat
ESO563-G021,60.8,10.23,291,9.81,0,260.94,0,282.74,0,1,83,30,10,0,ESO563-G021_rotmod.dat
ESO563-G021,60.8,12.06,310,4.74,0.04,275.04,0,199.54,0,1,83,30,11,0,ESO563-G021_rotmod.dat
ESO563-G021,60.8,13.44,310,20.4,0.4,277.98,0,164.72,0,1,83,30,12,0,ESO563-G021_rotmod.dat
ESO563-G021,60.8,15.18,310,16.1,3.11,282.25,0,131.46,0,1,83,30,13,0,ESO563-G021_rotmod.dat
ESO563-G021,60.8,16.83,314,13.5,15.18,283.33,0,96.52,0,1,83,30,14,0,ESO563-G021_rotmod.dat
ESO563-G021,60.8,18.56,317,12.7,22.91,276.47,0,70.44,0,1,83,30,15,0,ESO563-G021_rotmod.dat
ESO563-G021,60.8,20.3,319,10.4,33.06,272.19,0,62.6,0,1,83,30,16,0,ESO563-G021_rotmod.dat
ESO563-G021,60.8,21.94,318,10.8,33.62,273,0,50.58,0,1,83,30,17,0,ESO563-G021_rotmod.dat
ESO563-G021,60.8,23.68,317,9.3,39.67,271.34,0,32.65,0,1,83,30,18,0,ESO563-G021_rotmod.dat
ESO563-G021,60.8,25.41,317,7.23,44.98,261.62,0,19.67,0,1,83,30,19,0,ESO563-G021_rotmod.dat
ESO563-G021,60.8,27.06,312,8.39,46.29,252.97,0,13.79,0,1,83,30,20,0,ESO563-G021_rotmod.dat
ESO563-G021,60.8,28.8,312,8.37,43.21,243.84,0,7.98,0,1,83,30,21,0,ESO563-G021_rotmod.dat
ESO563-G021,60.8,30.53,311,11.5,45.08,233.85,0,4.31,0,1,83,30,22,0,ESO563-G021_rotmod.dat
ESO563-G021,60.8,32.18,310,14.5,52.43,224.75,0,2.73,0,1,83,30,23,0,ESO563-G021_rotmod.dat
ESO563-G021,60.8,33.91,313,15.9,59.7,216.21,0,1.63,0,1,83,30,24,0,ESO563-G021_rotmod.dat
ESO563-G021,60.8,35.65,320,8.83,61.56,208.83,0,1.34,0,1,83,30,25,0,ESO563-G021_rotmod.dat
ESO563-G021,60.8,37.3,321,7.88,63.33,202.65,0,0.94,0,1,83,30,26,0,ESO563-G021_rotmod.dat
ESO563-G021,60.8,39.03,320,8,62.96,196.77,0,0.72,0,1,83,30,27,0,ESO563-G021_rotmod.dat
ESO563-G021,60.8,40.76,315,9.82,62.4,191.39,0,0.59,0,1,83,30,28,0,ESO563-G021_rotmod.dat
ESO563-G021,60.8,42.41,312,9.07,62.21,186.89,0,0.59,0,1,83,30,29,0,ESO563-G021_rotmod.dat
F565-V2,51.8,1.26,21.7,10,5.7,11.4,0,12.58,0,2,60,7,0,0,F565-V2_rotmod.dat
F565-V2,51.8,2.51,40.3,10,10.7,17.23,0,5.69,0,2,60,7,1,0,F565-V2_rotmod.dat
F565-V2,51.8,3.78,57.7,7,14.75,19.15,0,4.01,0,2,60,7,2,0,F565-V2_rotmod.dat
F565-V2,51.8,5.03,68.5,7,18.18,18.51,0,1.6,0,2,60,7,3,0,F565-V2_rotmod.dat
F565-V2,51.8,6.29,73.5,7,21.5,20.41,0,1.58,0,2,60,7,4,0,F565-V2_rotmod.dat
F565-V2,51.8,7.54,78.5,5,24.72,20.52,0,0.6,0,2,60,7,5,0,F565-V2_rotmod.dat
F565-V2,51.8,8.8,83.1,6,27.11,18.68,0,0.21,0,2,60,7,6,0,F565-V2_rotmod.dat
F568-3,82.4,0.64,12.4,8.6,1.18,13.56,0,67.54,0,1,40,18,0,0,F568-3_rotmod.dat
F568-3,82.4,1.18,21.9,6.2,1.55,21.17,0,56.11,0,1,40,18,1,0,F568-3_rotmod.dat
F568-3,82.4,1.8,32.3,1.88,1.6,27.72,0,46.3,0,1,40,18,2,0,F568-3_rotmod.dat
F568-3,82.4,2.03,37.9,6.2,1.54,29.76,0,44.1,0,1,40,18,3,0,F568-3_rotmod.dat
F568-3,82.4,2.78,53.1,9.5,1.46,36.4,0,37.67,0,1,40,18,4,0,F568-3_rotmod.dat
F568-3,82.4,3,62.4,11,1.62,38.08,0,35.56,0,1,40,18,5,0,F568-3_rotmod.dat
F568-3,82.4,3.64,68,6.2,2.96,42.4,0,30.26,0,1,40,18,6,0,F568-3_rotmod.dat
F568-3,82.4,4.19,78,7.98,5.28,45.43,0,25.29,0,1,40,18,7,0,F568-3_rotmod.dat
F568-3,82.4,4.6,82.3,6.2,6.86,46.43,0,21.07,0,1,40,18,8,0,F568-3_rotmod.dat
F568-3,82.4,5.14,85.7,6.3,8.92,47.19,0,19.58,0,1,40,18,9,0,F568-3_rotmod.dat
F568-3,82.4,5.39,85.5,6.51,9.95,47.91,0,19.11,0,1,40,18,10,0,F568-3_rotmod.dat
F568-3,82.4,6.31,89.5,15.6,14.48,50.48,0,14.95,0,1,40,18,11,0,F568-3_rotmod.dat
F568-3,82.4,9.1,95.2,15.5,26.69,51.31,0,7.98,0,1,40,18,12,0,F568-3_rotmod.dat
F568-3,82.4,10.17,97.5,6.2,29.9,52.01,0,6.77,0,1,40,18,13,0,F568-3_rotmod.dat
F568-3,82.4,11.99,101,10.2,33.72,51.6,0,4.47,0,1,40,18,14,0,F568-3_rotmod.dat
F568-3,82.4,14.02,107,10.7,36.41,50.13,0,3.11,0,1,40,18,15,0,F568-3_rotmod.dat
F568-3,82.4,15.94,117,11.7,38.69,49.27,0,2.41,0,1,40,18,16,0,F568-3_rotmod.dat
F568-3,82.4,17.98,120,12,39,48.97,0,1.66,0,1,40,18,17,0,F568-3_rotmod.dat
F568-V1,80.6,0.39,17.4,30.4,-1.11,12.25,0,99.83,0,1,40,15,0,1,F568-V1_rotmod.dat
F568-V1,80.6,1.18,46.3,37.1,-2.76,28.99,0,60.79,0,1,40,15,1,1,F568-V1_rotmod.dat
F568-V1,80.6,1.95,69.1,13.1,-2.63,34.78,0,34.2,0,1,40,15,2,1,F568-V1_rotmod.dat
F568-V1,80.6,2.74,85.2,6.2,-0.03,37.08,0,27.14,0,1,40,15,3,1,F568-V1_rotmod.dat
F568-V1,80.6,3.53,93.2,6.2,3.84,41.2,0,22.68,0,1,40,15,4,0,F568-V1_rotmod.dat
F568-V1,80.6,4.3,100,12.4,7.34,44.37,0,16.78,0,1,40,15,5,0,F568-V1_rotmod.dat
F568-V1,80.6,5.09,108,6.2,9.92,45.35,0,11.52,0,1,40,15,6,0,F568-V1_rotmod.dat
F568-V1,80.6,5.87,112,6.2,12.15,44.94,0,9.36,0,1,40,15,7,0,F568-V1_rotmod.dat
F568-V1,80.6,6.4,113,24.9,13.65,45.12,0,8.08,0,1,40,15,8,0,F568-V1_rotmod.dat
F568-V1,80.6,7.44,113,15.5,17.06,45.76,0,6.21,0,1,40,15,9,0,F568-V1_rotmod.dat
F568-V1,80.6,8.21,112,13.1,19.87,46.01,0,4.32,0,1,40,15,10,0,F568-V1_rotmod.dat
F568-V1,80.6,9,111,26.4,22.99,44.52,0,3.01,0,1,40,15,11,0,F568-V1_rotmod.dat
F568-V1,80.6,9.72,111,19.4,26.1,43.69,0,2.45,0,1,40,15,12,0,F568-V1_rotmod.dat
F568-V1,80.6,11.79,113,12.5,34.23,40.77,0,1.17,0,1,40,15,13,0,F568-V1_rotmod.dat
F568-V1,80.6,17.63,118,14.6,36.03,33.12,0,0,0,1,40,15,14,0,F568-V1_rotmod.dat
F571-8,53.3,0.22,12.4,7,0.92,38.29,0,1846.57,0,1,85,13,0,0,F571-8_rotmod.dat
F571-8,53.3,0.78,37.5,4,2.67,85.69,0,705.48,0,1,85,13,1,0,F571-8_rotmod.dat
F571-8,53.3,1.33,56.5,4,3.9,104,0,403.21,0,1,85,13,2,0,F571-8_rotmod.dat
F571-8,53.3,2.33,69.1,4,5.34,114.45,0,121.25,0,1,85,13,3,0,F571-8_rotmod.dat
F571-8,53.3,3.44,85.5,7.5,7.09,107.32,0,35.98,0,1,85,13,4,0,F571-8_rotmod.dat
F571-8,53.3,3.78,87.1,8.4,7.29,103.7,0,25.02,0,1,85,13,5,0,F571-8_rotmod.dat
F571-8,53.3,4.77,105,4,8.42,92.03,0,8.51,0,1,85,13,6,0,F571-8_rotmod.dat
F571-8,53.3,5.44,112,6.7,8.94,86.43,0,6.64,0,1,85,13,7,0,F571-8_rotmod.dat
F571-8,53.3,6.11,116,4,9.45,81.42,0,6.17,0,1,85,13,8,0,F571-8_rotmod.dat
F571-8,53.3,7.22,124,4,10.47,76.23,0,5.4,0,1,85,13,9,0,F571-8_rotmod.dat
F571-8,53.3,9.33,135,4,11.28,68.45,0,2.8,0,1,85,13,10,0,F571-8_rotmod.dat
F571-8,53.3,11.1,140,4,11.8,64.24,0,1.77,0,1,85,13,11,0,F571-8_rotmod.dat
F571-8,53.3,15.55,144,5,11.28,55.43,0,0,0,1,85,13,12,0,F571-8_rotmod.dat
F571-V1,80.1,1.95,32,10,7.85,23.82,0,23.44,0,2,30,7,0,0,F571-V1_rotmod.dat
F571-V1,80.1,3.88,57.6,10,15.1,35.57,0,10.77,0,2,30,7,1,0,F571-V1_rotmod.dat
F571-V1,80.1,5.83,70.9,7,20.84,33.21,0,4.16,0,2,30,7,2,0,F571-V1_rotmod.dat
F571-V1,80.1,7.78,77,6,25.68,32.58,0,2.09,0,2,30,7,3,0,F571-V1_rotmod.dat
F571-V1,80.1,9.72,82.5,6,29.5,31.97,0,1.23,0,2,30,7,4,0,F571-V1_rotmod.dat
F571-V1,80.1,11.66,84.3,6,30.81,29.08,0,0.46,0,2,30,7,5,0,F571-V1_rotmod.dat
F571-V1,80.1,13.59,83.9,6,28.8,26.58,0,0,0,2,30,7,6,0,F571-V1_rotmod.dat
F574-1,96.8,0.47,15.3,4.4,0.25,12.99,0,104.59,0,1,65,14,0,0,F574-1_rotmod.dat
F574-1,96.8,1.41,41,4.36,0.88,32.88,0,69.17,0,1,65,14,1,0,F574-1_rotmod.dat
F574-1,96.8,2.35,60.7,4.4,1.88,41.13,0,36.87,0,1,65,14,2,0,F574-1_rotmod.dat
F574-1,96.8,3.29,74.9,4.4,3.41,42.43,0,24.85,0,1,65,14,3,0,F574-1_rotmod.dat
F574-1,96.8,4.22,83,6.28,5.43,44.37,0,21.2,0,1,65,14,4,0,F574-1_rotmod.dat
F574-1,96.8,5.17,86.8,4.4,7.8,46.69,0,16.81,0,1,65,14,5,0,F574-1_rotmod.dat
F574-1,96.8,6.11,89.4,4.4,10.44,48.85,0,13.72,0,1,65,14,6,0,F574-1_rotmod.dat
F574-1,96.8,7.05,92.5,4.4,13.15,49.34,0,10.54,0,1,65,14,7,0,F574-1_rotmod.dat
F574-1,96.8,7.99,94.7,4.4,16.07,50.15,0,8.66,0,1,65,14,8,0,F574-1_rotmod.dat
F574-1,96.8,8.92,96.3,4.4,18.98,49.17,0,6.85,0,1,65,14,9,0,F574-1_rotmod.dat
F574-1,96.8,9.87,97.8,4.4,21.99,49.76,0,6.33,0,1,65,14,10,0,F574-1_rotmod.dat
F574-1,96.8,10.79,98.8,4.62,25,50.33,0,5.29,0,1,65,14,11,0,F574-1_rotmod.dat
F574-1,96.8,11.8,99.5,4.4,27.82,50.68,0,4.09,0,1,65,14,12,0,F574-1_rotmod.dat
F574-1,96.8,12.6,99.7,5.14,30.02,50.19,0,3.23,0,1,65,14,13,0,F574-1_rotmod.dat
F583-1,35.4,0.26,14.6,13,-0.5,5.06,0,34.28,0,1,63,25,0,1,F583-1_rotmod.dat
F583-1,35.4,0.44,10,7,-0.86,8.17,0,31.74,0,1,63,25,1,1,F583-1_rotmod.dat
F583-1,35.4,0.77,10.7,7.13,-1.55,13.14,0,26.03,0,1,63,25,2,1,F583-1_rotmod.dat
F583-1,35.4,0.89,17.4,9.6,-1.78,14.55,0,23.16,0,1,63,25,3,1,F583-1_rotmod.dat
F583-1,35.4,1.22,23.5,11.2,-2.43,17.29,0,17.48,0,1,63,25,4,1,F583-1_rotmod.dat
F583-1,35.4,1.55,31,5.2,-2.98,18.37,0,11.3,0,1,63,25,5,1,F583-1_rotmod.dat
F583-1,35.4,1.8,32.3,2.41,-3.18,18.25,0,10.51,0,1,63,25,6,1,F583-1_rotmod.dat
F583-1,35.4,2.21,40.9,5.9,-3.53,19.06,0,10.14,0,1,63,25,7,1,F583-1_rotmod.dat
F583-1,35.4,2.31,43.8,4.26,-3.66,19.39,0,9.91,0,1,63,25,8,1,F583-1_rotmod.dat
F583-1,35.4,2.54,44.8,4.5,-4.08,20.16,0,9.2,0,1,63,25,9,1,F583-1_rotmod.dat
F583-1,35.4,3.1,51.7,12.7,-5.16,22.16,0,8.56,0,1,63,25,10,1,F583-1_rotmod.dat
F583-1,35.4,3.43,55.7,4.5,-4.94,23.71,0,7.6,0,1,63,25,11,1,F583-1_rotmod.dat
F583-1,35.4,3.86,59.4,9.85,-3.07,24.94,0,6.05,0,1,63,25,12,1,F583-1_rotmod.dat
F583-1,35.4,4.09,62,4.5,1.31,25.34,0,5.43,0,1,63,25,13,0,F583-1_rotmod.dat
F583-1,35.4,4.37,63,3.2,4.42,25.74,0,4.75,0,1,63,25,14,0,F583-1_rotmod.dat
F583-1,35.4,4.76,66.6,6.9,7.13,26.09,0,3.9,0,1,63,25,15,0,F583-1_rotmod.dat
F583-1,35.4,5.4,71.3,2.95,11.25,26.17,0,2.77,0,1,63,25,16,0,F583-1_rotmod.dat
F583-1,35.4,5.86,72.3,15.5,13.88,25.92,0,2.15,0,1,63,25,17,0,F583-1_rotmod.dat
F583-1,35.4,6.08,73.4,6,14.94,25.73,0,1.92,0,1,63,25,18,0,F583-1_rotmod.dat
F583-1,35.4,6.43,72.4,5.81,16.72,25.39,0,1.61,0,1,63,25,19,0,F583-1_rotmod.dat
F583-1,35.4,6.97,77.1,12.1,19.67,24.74,0,1.25,0,1,63,25,20,0,F583-1_rotmod.dat
F583-1,35.4,7.96,80.3,13.5,24.09,23.76,0,0.92,0,1,63,25,21,0,F583-1_rotmod.dat
F583-1,35.4,10.29,84.7,6,31.66,22.09,0,0.37,0,1,63,25,22,0,F583-1_rotmod.dat
F583-1,35.4,15.49,86.9,5.6,39.34,17.78,0,0,0,1,63,25,23,0,F583-1_rotmod.dat
F583-1,35.4,16.26,85.8,8.6,39.55,17.09,0,0,0,1,63,25,24,0,F583-1_rotmod.dat
F583-4,53.3,0.22,10.7,4.9,0.47,5.59,0,69.18,0,1,55,12,0,0,F583-4_rotmod.dat
F583-4,53.3,0.76,24.7,4.9,1.87,17.63,0,60.07,0,1,55,12,1,0,F583-4_rotmod.dat
F583-4,53.3,1.31,38.9,4.9,3.27,26.64,0,42.04,0,1,55,12,2,0,F583-4_rotmod.dat
F583-4,53.3,1.94,42.7,7.89,4.87,32.27,0,31.07,0,1,55,12,3,0,F583-4_rotmod.dat
F583-4,53.3,3.92,55,4.9,8.5,38.26,0,9.64,0,1,55,12,4,0,F583-4_rotmod.dat
F583-4,53.3,4.35,57.2,4.9,9.17,38.43,0,8.68,0,1,55,12,5,0,F583-4_rotmod.dat
F583-4,53.3,5,59.8,4.9,10.3,39.09,0,6.38,0,1,55,12,6,0,F583-4_rotmod.dat
F583-4,53.3,5.05,62.5,3.43,10.4,39.06,0,6.2,0,1,55,12,7,0,F583-4_rotmod.dat
F583-4,53.3,5.83,61.8,3.98,12.1,38.38,0,3.7,0,1,55,12,8,0,F583-4_rotmod.dat
F583-4,53.3,6.09,64.4,4.9,12.72,38.13,0,3.52,0,1,55,12,9,0,F583-4_rotmod.dat
F583-4,53.3,6.74,67.2,4.9,14.18,39.23,0,2.89,0,1,55,12,10,0,F583-4_rotmod.dat
F583-4,53.3,7.29,69.9,4.9,15.33,36.96,0,0,0,1,55,12,11,0,F583-4_rotmod.dat
IC2574,3.91,0.85,10.3,0.2,0,9.59,0,16.75,0,2,75,34,0,0,IC2574_rotmod.dat
IC2574,3.91,1.14,12.9,2.7,0,11.99,0,14.92,0,2,75,34,1,0,IC2574_rotmod.dat
IC2574,3.91,1.42,16.4,1.8,0.94,13.83,0,13.07,0,2,75,34,2,0,IC2574_rotmod.dat
IC2574,3.91,1.71,18.6,2.1,3.44,15.27,0,11.58,0,2,75,34,3,0,IC2574_rotmod.dat
IC2574,3.91,1.99,19.8,2,5.14,16.76,0,10.8,0,2,75,34,4,0,IC2574_rotmod.dat
IC2574,3.91,2.28,26.1,0.6,5.82,17.77,0,9.24,0,2,75,34,5,0,IC2574_rotmod.dat
IC2574,3.91,2.55,27.7,2.7,6.87,18.7,0,8.42,0,2,75,34,6,0,IC2574_rotmod.dat
IC2574,3.91,2.84,29.7,2.6,7.58,19.36,0,7.37,0,2,75,34,7,0,IC2574_rotmod.dat
IC2574,3.91,3.13,33,3.4,8.21,19.89,0,6.93,0,2,75,34,8,0,IC2574_rotmod.dat
IC2574,3.91,3.41,34.8,1.2,8.78,20.19,0,5.88,0,2,75,34,9,0,IC2574_rotmod.dat
IC2574,3.91,3.7,35,0.9,8.64,20.15,0,5.69,0,2,75,34,10,0,IC2574_rotmod.dat
IC2574,3.91,3.98,39,10.2,7.98,20.39,0,5.87,0,2,75,34,11,0,IC2574_rotmod.dat
IC2574,3.91,4.26,35.9,5.4,7.97,21.28,0,6.08,0,2,75,34,12,0,IC2574_rotmod.dat
IC2574,3.91,4.55,40,4.1,10.01,22.72,0,6.5,0,2,75,34,13,0,IC2574_rotmod.dat
IC2574,3.91,4.84,38.7,1.4,11.42,24.6,0,5.76,0,2,75,34,14,0,IC2574_rotmod.dat
IC2574,3.91,5.12,41.8,0.5,12.67,25.34,0,4.6,0,2,75,34,15,0,IC2574_rotmod.dat
IC2574,3.91,5.41,42.9,0.4,13.13,25.74,0,4.3,0,2,75,34,16,0,IC2574_rotmod.dat
IC2574,3.91,5.68,44.4,1.7,13.93,26.48,0,4.03,0,2,75,34,17,0,IC2574_rotmod.dat
IC2574,3.91,5.97,46.1,1.3,14.5,27.15,0,3.42,0,2,75,34,18,0,IC2574_rotmod.dat
IC2574,3.91,6.26,49,0.9,15.98,27.39,0,2.76,0,2,75,34,19,0,IC2574_rotmod.dat
IC2574,3.91,6.54,51.9,0.6,17.58,27.31,0,2.14,0,2,75,34,20,0,IC2574_rotmod.dat
IC2574,3.91,6.83,53.1,2.1,18.38,26.75,0,1.67,0,2,75,34,21,0,IC2574_rotmod.dat
IC2574,3.91,7.1,54,0.5,19.29,26.25,0,1.55,0,2,75,34,22,0,IC2574_rotmod.dat
IC2574,3.91,7.39,55.9,1.1,19.86,26.04,0,1.54,0,2,75,34,23,0,IC2574_rotmod.dat
IC2574,3.91,7.68,58.8,3.6,21.01,25.86,0,1.4,0,2,75,34,24,0,IC2574_rotmod.dat
IC2574,3.91,7.96,57.3,4.6,21.81,25.77,0,1.25,0,2,75,34,25,0,IC2574_rotmod.dat
IC2574,3.91,8.25,54,9,22.49,25.57,0,1.12,0,2,75,34,26,0,IC2574_rotmod.dat
IC2574,3.91,8.52,63.8,12,22.38,25.47,0,1.02,0,2,75,34,27,0,IC2574_rotmod.dat
IC2574,3.91,8.81,60.5,6.2,22.6,25.41,0,0.92,0,2,75,34,28,0,IC2574_rotmod.dat
IC2574,3.91,9.1,61,5.7,22.95,25.38,0,0.83,0,2,75,34,29,0,IC2574_rotmod.dat
IC2574,3.91,9.38,66,1.3,23.63,25.51,0,0.75,0,2,75,34,30,0,IC2574_rotmod.dat
IC2574,3.91,9.67,65.2,3.4,24.89,25.74,0,0.67,0,2,75,34,31,0,IC2574_rotmod.dat
IC2574,3.91,9.96,67.1,4.7,25.8,24.84,0,0,0,2,75,34,32,0,IC2574_rotmod.dat
IC2574,3.91,10.23,67.5,9.3,27.17,23.97,0,0,0,2,75,34,33,0,IC2574_rotmod.dat
IC4202,100.4,0.77,35.1,3.96,2.22,20.98,133.76,335.17,2678.7,1,90,32,0,0,IC4202_rotmod.dat
IC4202,100.4,1.59,77.9,3.95,3.89,40.96,176.62,322.39,948.63,1,90,32,1,0,IC4202_rotmod.dat
IC4202,100.4,2.36,115,6.7,4.02,58.24,176.92,310.83,463.05,1,90,32,2,0,IC4202_rotmod.dat
IC4202,100.4,3.13,156,3.16,0.9,74.68,172.53,299.69,349.2,1,90,32,3,0,IC4202_rotmod.dat
IC4202,100.4,3.95,192,3.14,0,91.45,173.49,288.26,188.22,1,90,32,4,0,IC4202_rotmod.dat
IC4202,100.4,4.73,204,2.9,0,107.35,174.08,276.77,83.53,1,90,32,5,0,IC4202_rotmod.dat
IC4202,100.4,5.5,209,3.36,0,120.52,167.74,257.54,24.93,1,90,32,6,0,IC4202_rotmod.dat
IC4202,100.4,6.27,220,3.25,0,132.68,159.21,255.77,7.38,1,90,32,7,0,IC4202_rotmod.dat
IC4202,100.4,7.08,231,3.49,0,150.86,150.44,254.06,2.06,1,90,32,8,0,IC4202_rotmod.dat
IC4202,100.4,7.86,235,4.65,0.24,170.8,142.84,239.48,0.6,1,90,32,9,0,IC4202_rotmod.dat
IC4202,100.4,8.66,245,6,0,187.59,136.33,211.03,0.17,1,90,32,10,0,IC4202_rotmod.dat
IC4202,100.4,9.45,246,5.57,3.8,199.82,130.53,180.74,0.05,1,90,32,11,0,IC4202_rotmod.dat
IC4202,100.4,10.24,239,6.95,0,208.12,125.41,151.13,0.01,1,90,32,12,0,IC4202_rotmod.dat
IC4202,100.4,11.02,240,7.16,3.35,212.98,120.9,124.69,0,1,90,32,13,0,IC4202_rotmod.dat
IC4202,100.4,11.79,240,4.85,15.63,214.9,116.92,101.97,0,1,90,32,14,0,IC4202_rotmod.dat
IC4202,100.4,12.47,246,7.68,22.51,214.77,113.67,85.47,0,1,90,32,15,0,IC4202_rotmod.dat
IC4202,100.4,13.34,241,6.21,30.77,213.03,109.94,69.15,0,1,90,32,16,0,IC4202_rotmod.dat
IC4202,100.4,14.11,250,5.62,37.16,210.67,106.85,58.36,0,1,90,32,17,0,IC4202_rotmod.dat
IC4202,100.4,14.59,242,5.1,39.71,209.26,105.08,53,0,1,90,32,18,0,IC4202_rotmod.dat
IC4202,100.4,14.98,244,7.41,41.88,208.03,103.7,48.81,0,1,90,32,19,0,IC4202_rotmod.dat
IC4202,100.4,15.75,248,5.08,44.73,205.55,101.13,41.91,0,1,90,32,20,0,IC4202_rotmod.dat
IC4202,100.4,16.52,249,5.22,46.3,203.07,98.75,35.71,0,1,90,32,21,0,IC4202_rotmod.dat
IC4202,100.4,17.1,246,6.35,46.79,201.06,97.06,31.62,0,1,90,32,22,0,IC4202_rotmod.dat
IC4202,100.4,17.88,241,16.2,46.99,198.19,94.92,26.82,0,1,90,32,23,0,IC4202_rotmod.dat
IC4202,100.4,18.65,247,14.6,47.18,195.23,92.94,22.81,0,1,90,32,24,0,IC4202_rotmod.dat
IC4202,100.4,19.62,234,20.9,47.77,191.47,90.61,18.65,0,1,90,32,25,0,IC4202_rotmod.dat
IC4202,100.4,20.78,249,10,51.51,186.83,88.05,14.6,0,1,90,32,26,0,IC4202_rotmod.dat
IC4202,100.4,22.13,236,16.1,57.31,181.4,85.32,10.95,0,1,90,32,27,0,IC4202_rotmod.dat
IC4202,100.4,23,245,22.1,59.87,177.88,83.69,9.17,0,1,90,32,28,0,IC4202_rotmod.dat
IC4202,100.4,23.58,243,4.2,61.24,175.64,82.65,8.14,0,1,90,32,29,0,IC4202_rotmod.dat
IC4202,100.4,25.03,238,7.76,61.05,170.07,80.22,6.11,0,1,90,32,30,0,IC4202_rotmod.dat
IC4202,100.4,25.9,247,6.14,60.16,166.98,78.87,5.18,0,1,90,32,31,0,IC4202_rotmod.dat
KK98-251,6.8,0.25,4.25,2,1.87,2.88,0,8.69,0,2,59,15,0,0,KK98-251_rotmod.dat
KK98-251,6.8,0.41,6.84,2,3.32,3.93,0,6.61,0,2,59,15,1,0,KK98-251_rotmod.dat
KK98-251,6.8,0.57,9.56,2,4.8,4.8,0,6.95,0,2,59,15,2,0,KK98-251_rotmod.dat
KK98-251,6.8,0.74,12.3,2,6.44,6.36,0,6.78,0,2,59,15,3,0,KK98-251_rotmod.dat
KK98-251,6.8,0.9,15.1,2,8.03,7.43,0,5.71,0,2,59,15,4,0,KK98-251_rotmod.dat
KK98-251,6.8,1.07,17.5,2,9.79,8.56,0,5.63,0,2,59,15,5,0,KK98-251_rotmod.dat
KK98-251,6.8,1.24,19.7,2,11.57,9.52,0,4.46,0,2,59,15,6,0,KK98-251_rotmod.dat
KK98-251,6.8,1.4,21.8,2,13.11,10.08,0,3.87,0,2,59,15,7,0,KK98-251_rotmod.dat
KK98-251,6.8,1.57,24.4,2,14.44,10.55,0,3.42,0,2,59,15,8,0,KK98-251_rotmod.dat
KK98-251,6.8,1.72,27.3,2,15.54,10.95,0,3.02,0,2,59,15,9,0,KK98-251_rotmod.dat
KK98-251,6.8,1.89,30.3,2,16.53,11.36,0,2.62,0,2,59,15,10,0,KK98-251_rotmod.dat
KK98-251,6.8,2.06,32.6,2,17.3,11.57,0,2.28,0,2,59,15,11,0,KK98-251_rotmod.dat
KK98-251,6.8,2.46,33.3,2,18.07,12.23,0,1.69,0,2,59,15,12,0,KK98-251_rotmod.dat
KK98-251,6.8,2.79,34.6,2,18.07,12.94,0,1.34,0,2,59,15,13,0,KK98-251_rotmod.dat
KK98-251,6.8,3.13,34.2,2,17.41,12.45,0,0,0,2,59,15,14,0,KK98-251_rotmod.dat
NGC0024,7.3,0.21,17.4,6.51,1.51,18.55,0,410.75,0,1,64,29,0,0,NGC0024_rotmod.dat
NGC0024,7.3,0.32,31,8.86,2.27,25.65,0,307.43,0,1,64,29,1,0,NGC0024_rotmod.dat
NGC0024,7.3,0.43,36.1,8.16,3.03,29.58,0,268.58,0,1,64,29,2,0,NGC0024_rotmod.dat
NGC0024,7.3,0.54,46,8.52,3.84,33.96,0,241.26,0,1,64,29,3,0,NGC0024_rotmod.dat
NGC0024,7.3,0.64,58,6.9,4.53,36.83,0,222.69,0,1,64,29,4,0,NGC0024_rotmod.dat
NGC0024,7.3,0.74,63.4,9.55,5.28,39.62,0,212.03,0,1,64,29,5,0,NGC0024_rotmod.dat
NGC0024,7.3,0.85,71.9,8.52,6.04,43.11,0,206.1,0,1,64,29,6,0,NGC0024_rotmod.dat
NGC0024,7.3,0.96,76.4,6.82,6.8,46.75,0,191.46,0,1,64,29,7,0,NGC0024_rotmod.dat
NGC0024,7.3,1.07,78.1,6.65,7.62,50.04,0,179.91,0,1,64,29,8,0,NGC0024_rotmod.dat
NGC0024,7.3,1.17,80.5,6.14,8.31,52.76,0,167.35,0,1,64,29,9,0,NGC0024_rotmod.dat
NGC0024,7.3,1.28,82.8,5.8,9.07,55.72,0,159.14,0,1,64,29,10,0,NGC0024_rotmod.dat
NGC0024,7.3,1.38,85.6,6.48,9.82,58.31,0,150.35,0,1,64,29,11,0,NGC0024_rotmod.dat
NGC0024,7.3,1.48,88,7.5,10.57,61.08,0,139.46,0,1,64,29,12,0,NGC0024_rotmod.dat
NGC0024,7.3,1.59,92,8.52,11.19,63.47,0,125.67,0,1,64,29,13,0,NGC0024_rotmod.dat
NGC0024,7.3,1.7,92.4,8.52,11.92,65.59,0,111.41,0,1,64,29,14,0,NGC0024_rotmod.dat
NGC0024,7.3,1.8,95.1,9.2,12.54,66.83,0,99.69,0,1,64,29,15,0,NGC0024_rotmod.dat
NGC0024,7.3,1.91,96.5,8.52,13.26,68.03,0,87.79,0,1,64,29,16,0,NGC0024_rotmod.dat
NGC0024,7.3,2.02,101,8.86,13.88,68.59,0,77.06,0,1,64,29,17,0,NGC0024_rotmod.dat
NGC0024,7.3,2.13,99.9,9.55,14.61,69,0,68.97,0,1,64,29,18,0,NGC0024_rotmod.dat
NGC0024,7.3,2.23,103,8.18,15.23,69.17,0,63.99,0,1,64,29,19,0,NGC0024_rotmod.dat
NGC0024,7.3,2.34,104,8.52,15.96,69.56,0,57.94,0,1,64,29,20,0,NGC0024_rotmod.dat
NGC0024,7.3,2.44,107,9.2,16.58,69.75,0,52.31,0,1,64,29,21,0,NGC0024_rotmod.dat
NGC0024,7.3,2.54,107,9.55,17.3,69.69,0,47.47,0,1,64,29,22,0,NGC0024_rotmod.dat
NGC0024,7.3,2.65,106,11.2,17.92,69.65,0,43.16,0,1,64,29,23,0,NGC0024_rotmod.dat
NGC0024,7.3,2.76,107,11.2,18.55,69.52,0,39.28,0,1,64,29,24,0,NGC0024_rotmod.dat
NGC0024,7.3,7.07,104,3.11,26.32,52.21,0,1.7,0,1,64,29,25,0,NGC0024_rotmod.dat
NGC0024,7.3,8.49,106,2.55,24.76,47.19,0,0.49,0,1,64,29,26,0,NGC0024_rotmod.dat
NGC0024,7.3,9.91,109,4.95,22.59,43.11,0,0.19,0,1,64,29,27,0,NGC0024_rotmod.dat
NGC0024,7.3,11.27,110,2.83,20.52,40.05,0,0,0,1,64,29,28,0,NGC0024_rotmod.dat
NGC0055,2.11,1.23,28.7,3.4,13.65,27.5,0,58,0,2,77,21,0,0,NGC0055_rotmod.dat
NGC0055,2.11,1.84,37.6,2.6,18.65,32.63,0,38.02,0,2,77,21,1,0,NGC0055_rotmod.dat
NGC0055,2.11,2.46,43.1,1.2,21.85,36.38,0,29.5,0,2,77,21,2,0,NGC0055_rotmod.dat
NGC0055,2.11,3.07,50.1,2.8,25.04,38.7,0,21.65,0,2,77,21,3,0,NGC0055_rotmod.dat
NGC0055,2.11,3.68,58.1,4.5,28.73,39.68,0,16.32,0,2,77,21,4,0,NGC0055_rotmod.dat
NGC0055,2.11,4.3,64.6,4.1,32.28,39.98,0,13.06,0,2,77,21,5,0,NGC0055_rotmod.dat
NGC0055,2.11,4.91,68.5,2.7,34.59,39.99,0,10.93,0,2,77,21,6,0,NGC0055_rotmod.dat
NGC0055,2.11,5.52,72.3,0.8,36.37,39.87,0,9.36,0,2,77,21,7,0,NGC0055_rotmod.dat
NGC0055,2.11,6.14,74.2,2.4,37.73,39.71,0,8.35,0,2,77,21,8,0,NGC0055_rotmod.dat
NGC0055,2.11,6.75,78.9,2.6,38.68,39.75,0,7.82,0,2,77,21,9,0,NGC0055_rotmod.dat
NGC0055,2.11,7.37,82.4,2.3,39.3,40.35,0,7.39,0,2,77,21,10,0,NGC0055_rotmod.dat
NGC0055,2.11,7.98,84.3,4.8,39.72,41.04,0,6.69,0,2,77,21,11,0,NGC0055_rotmod.dat
NGC0055,2.11,8.59,85.4,7.3,40.39,41.57,0,5.95,0,2,77,21,12,0,NGC0055_rotmod.dat
NGC0055,2.11,9.21,85.3,4.6,40.44,42.03,0,5.36,0,2,77,21,13,0,NGC0055_rotmod.dat
NGC0055,2.11,9.82,86.8,4,39.94,42.44,0,4.85,0,2,77,21,14,0,NGC0055_rotmod.dat
NGC0055,2.11,10.43,85.4,5.7,39.15,42.87,0,4.39,0,2,77,21,15,0,NGC0055_rotmod.dat
NGC0055,2.11,11.05,85.4,7,37.71,43.32,0,3.97,0,2,77,21,16,0,NGC0055_rotmod.dat
NGC0055,2.11,11.66,86.2,4.1,36.23,43.95,0,3.59,0,2,77,21,17,0,NGC0055_rotmod.dat
NGC0055,2.11,12.28,86.1,6.2,35.41,44.71,0,3.25,0,2,77,21,18,0,NGC0055_rotmod.dat
NGC0055,2.11,12.89,87.4,2.5,34.67,45.88,0,2.94,0,2,77,21,19,0,NGC0055_rotmod.dat
NGC0055,2.11,13.5,86.5,5.5,33.61,48,0,0,0,2,77,21,20,0,NGC0055_rotmod.dat
NGC0100,13.5,0.23,6.81,8.19,-0.86,9.67,0,142.64,0,1,89,21,0,1,NGC0100_rotmod.dat
NGC0100,13.5,0.69,20,4.09,-1.93,23.77,0,114.33,0,1,89,21,1,1,NGC0100_rotmod.dat
NGC0100,13.5,1.15,33,4,-3.62,34.7,0,92.98,0,1,89,21,2,1,NGC0100_rotmod.dat
NGC0100,13.5,1.59,42.7,4,-4.31,41.73,0,70,0,1,89,21,3,1,NGC0100_rotmod.dat
NGC0100,13.5,2.05,49.9,4,-3.92,46.7,0,54.62,0,1,89,21,4,1,NGC0100_rotmod.dat
NGC0100,13.5,2.51,55.5,4,3.21,50.33,0,43.18,0,1,89,21,5,0,NGC0100_rotmod.dat
NGC0100,13.5,2.97,61.9,4,7.43,53.12,0,33.14,0,1,89,21,6,0,NGC0100_rotmod.dat
NGC0100,13.5,3.42,67.9,4,10.05,55.1,0,25.5,0,1,89,21,7,0,NGC0100_rotmod.dat
NGC0100,13.5,3.88,73.1,4,11.97,55.08,0,16.1,0,1,89,21,8,0,NGC0100_rotmod.dat
NGC0100,13.5,4.34,76.1,3,13.61,54.16,0,13.06,0,1,89,21,9,0,NGC0100_rotmod.dat
NGC0100,13.5,4.79,77.8,5.34,14.82,53.32,0,9.76,0,1,89,21,10,0,NGC0100_rotmod.dat
NGC0100,13.5,5.24,79,4,15.7,52.48,0,7.4,0,1,89,21,11,0,NGC0100_rotmod.dat
NGC0100,13.5,5.7,78.5,5.6,16.36,50.92,0,5.05,0,1,89,21,12,0,NGC0100_rotmod.dat
NGC0100,13.5,6.16,79.8,7.15,16.58,49.36,0,4.2,0,1,89,21,13,0,NGC0100_rotmod.dat
NGC0100,13.5,7.16,83.4,5.12,17.02,46.44,0,2.37,0,1,89,21,14,0,NGC0100_rotmod.dat
NGC0100,13.5,7.52,84.6,4,17.46,45.44,0,2.01,0,1,89,21,15,0,NGC0100_rotmod.dat
NGC0100,13.5,7.98,86.1,5.53,18.01,44.24,0,1.61,0,1,89,21,16,0,NGC0100_rotmod.dat
NGC0100,13.5,8.44,87.5,10.2,18.77,43.11,0,1.27,0,1,89,21,17,0,NGC0100_rotmod.dat
NGC0100,13.5,8.9,89,7.77,19.76,41.91,0,0.96,0,1,89,21,18,0,NGC0100_rotmod.dat
NGC0100,13.5,9.35,90.4,5.16,20.86,40.72,0,0.84,0,1,89,21,19,0,NGC0100_rotmod.dat
NGC0100,13.5,9.62,91.2,13.7,21.63,40.12,0,0.83,0,1,89,21,20,0,NGC0100_rotmod.dat
NGC0247,3.7,1.08,34.6,0.9,2.87,22.18,0,66.02,0,2,74,26,0,0,NGC0247_rotmod.dat
NGC0247,3.7,1.61,47,0.8,4.22,29.63,0,54.33,0,2,74,26,1,0,NGC0247_rotmod.dat
NGC0247,3.7,2.15,59.1,3.1,5.53,34.54,0,44.47,0,2,74,26,2,0,NGC0247_rotmod.dat
NGC0247,3.7,2.7,64.4,1.4,7.02,38.17,0,37.92,0,2,74,26,3,0,NGC0247_rotmod.dat
NGC0247,3.7,3.22,67.4,2.3,8.74,41.49,0,33.35,0,2,74,26,4,0,NGC0247_rotmod.dat
NGC0247,3.7,3.77,69.8,0.7,10.74,44.33,0,29.03,0,2,74,26,5,0,NGC0247_rotmod.dat
NGC0247,3.7,4.31,71.3,1.1,12.87,46.65,0,25.59,0,2,74,26,6,0,NGC0247_rotmod.dat
NGC0247,3.7,4.85,73.2,1.7,14.02,48.71,0,22.37,0,2,74,26,7,0,NGC0247_rotmod.dat
NGC0247,3.7,5.38,75.1,3,14.25,50.36,0,19.55,0,2,74,26,8,0,NGC0247_rotmod.dat
NGC0247,3.7,5.92,78.5,3.8,15.4,51.67,0,17.02,0,2,74,26,9,0,NGC0247_rotmod.dat
NGC0247,3.7,6.46,81.4,5,17.47,52.6,0,14.83,0,2,74,26,10,0,NGC0247_rotmod.dat
NGC0247,3.7,6.99,83.5,7,20.12,53.23,0,13.01,0,2,74,26,11,0,NGC0247_rotmod.dat
NGC0247,3.7,7.53,87.1,7.2,23.34,53.67,0,11.5,0,2,74,26,12,0,NGC0247_rotmod.dat
NGC0247,3.7,8.07,90.7,4.8,25.63,54.09,0,10.34,0,2,74,26,13,0,NGC0247_rotmod.dat
NGC0247,3.7,8.62,93.1,1.4,27.36,54.75,0,9.41,0,2,74,26,14,0,NGC0247_rotmod.dat
NGC0247,3.7,9.14,95.9,2.1,29.31,55.29,0,8.09,0,2,74,26,15,0,NGC0247_rotmod.dat
NGC0247,3.7,9.69,98.4,5.2,31.5,55.46,0,6.86,0,2,74,26,16,0,NGC0247_rotmod.dat
NGC0247,3.7,10.23,101,8.2,33.45,55.35,0,5.8,0,2,74,26,17,0,NGC0247_rotmod.dat
NGC0247,3.7,10.76,103,9.4,35.18,54.98,0,4.92,0,2,74,26,18,0,NGC0247_rotmod.dat
NGC0247,3.7,11.3,104,9.4,36.44,54.45,0,4.17,0,2,74,26,19,0,NGC0247_rotmod.dat
NGC0247,3.7,11.84,105,8.9,37.01,53.82,0,3.57,0,2,74,26,20,0,NGC0247_rotmod.dat
NGC0247,3.7,12.38,105,8.4,37.01,53.2,0,3.12,0,2,74,26,21,0,NGC0247_rotmod.dat
NGC0247,3.7,12.91,105,9,36.33,52.54,0,2.63,0,2,74,26,22,0,NGC0247_rotmod.dat
NGC0247,3.7,13.48,106,8.4,35.29,51.7,0,2.23,0,2,74,26,23,0,NGC0247_rotmod.dat
NGC0247,3.7,14.01,108,7.7,34.03,50.9,0,1.96,0,2,74,26,24,0,NGC0247_rotmod.dat
NGC0247,3.7,14.54,107,9.2,32.65,50.18,0,1.79,0,2,74,26,25,0,NGC0247_rotmod.dat
NGC0289,20.8,1.5,164,28.2,3.86,179.05,0,1392.39,0,2,46,28,0,0,NGC0289_rotmod.dat
NGC0289,20.8,2.52,194,32,5.64,226.49,0,684.62,0,2,46,28,1,0,NGC0289_rotmod.dat
NGC0289,20.8,3.46,175,25.2,6.85,215.85,0,390.61,0,2,46,28,2,0,NGC0289_rotmod.dat
NGC0289,20.8,4.32,185,31.5,7.4,220.68,0,299.95,0,2,46,28,3,0,NGC0289_rotmod.dat
NGC0289,20.8,5.43,175,27.9,6,221.66,0,148.1,0,2,46,28,4,0,NGC0289_rotmod.dat
NGC0289,20.8,6.38,167,27.2,4.74,211.57,0,68.44,0,2,46,28,5,0,NGC0289_rotmod.dat
NGC0289,20.8,7.57,176,7.18,7.37,198.06,0,40.47,0,2,46,28,6,0,NGC0289_rotmod.dat
NGC0289,20.8,10.6,185,4.29,21.99,170.85,0,14.69,0,2,46,28,7,0,NGC0289_rotmod.dat
NGC0289,20.8,13.57,183,4.22,32.44,151.82,0,5.42,0,2,46,28,8,0,NGC0289_rotmod.dat
NGC0289,20.8,16.64,172,4.33,38.81,136.17,0,3.34,0,2,46,28,9,0,NGC0289_rotmod.dat
NGC0289,20.8,19.71,161,4.24,42.5,127.01,0,3.06,0,2,46,28,10,0,NGC0289_rotmod.dat
NGC0289,20.8,22.68,156,5.08,49.56,119.49,0,1.47,0,2,46,28,11,0,NGC0289_rotmod.dat
NGC0289,20.8,25.75,159,6.49,54.94,111.5,0,0.76,0,2,46,28,12,0,NGC0289_rotmod.dat
NGC0289,20.8,28.72,173,6.97,55.53,105.68,0,0.64,0,2,46,28,13,0,NGC0289_rotmod.dat
NGC0289,20.8,31.79,177,6.57,60.71,100.59,0,0.4,0,2,46,28,14,0,NGC0289_rotmod.dat
NGC0289,20.8,34.77,179,4.47,65.78,96.09,0,0.25,0,2,46,28,15,0,NGC0289_rotmod.dat
NGC0289,20.8,37.84,181,4.26,67.48,92.02,0,0.16,0,2,46,28,16,0,NGC0289_rotmod.dat
NGC0289,20.8,40.81,182,4.26,68.67,88.49,0,0.1,0,2,46,28,17,0,NGC0289_rotmod.dat
NGC0289,20.8,43.88,182,4.83,68.27,85.15,0,0.06,0,2,46,28,18,0,NGC0289_rotmod.dat
NGC0289,20.8,46.85,180,5.5,67.18,82.29,0,0.04,0,2,46,28,19,0,NGC0289_rotmod.dat
NGC0289,20.8,49.92,177,8.5,65.98,79.64,0,0.03,0,2,46,28,20,0,NGC0289_rotmod.dat
NGC0289,20.8,52.99,175,11,65.09,77.21,0,0.02,0,2,46,28,21,0,NGC0289_rotmod.dat
NGC0289,20.8,55.96,172,11.6,64.29,75.06,0,0.01,0,2,46,28,22,0,NGC0289_rotmod.dat
NGC0289,20.8,59.03,168,12.6,62.6,72.97,0,0.01,0,2,46,28,23,0,NGC0289_rotmod.dat
NGC0289,20.8,62,158,5.38,59.81,71.15,0,0,0,2,46,28,24,0,NGC0289_rotmod.dat
NGC0289,20.8,65.07,158,6.5,57.13,69.42,0,0,0,2,46,28,25,0,NGC0289_rotmod.dat
NGC0289,20.8,68.05,166,15.5,55.14,67.85,0,0,0,2,46,28,26,0,NGC0289_rotmod.dat
NGC0289,20.8,71.12,165,8.75,53.24,66.34,0,0,0,2,46,28,27,0,NGC0289_rotmod.dat
NGC0300,2.08,0.91,33.1,3.9,0,31.52,0,90.5,0,2,42,25,0,0,NGC0300_rotmod.dat
NGC0300,2.08,1.36,46.7,2.7,0,37.5,0,67.25,0,2,42,25,1,0,NGC0300_rotmod.dat
NGC0300,2.08,1.82,53.9,4.7,0,42.04,0,53.8,0,2,42,25,2,0,NGC0300_rotmod.dat
NGC0300,2.08,2.27,58.8,2.5,2.86,46.16,0,41.88,0,2,42,25,3,0,NGC0300_rotmod.dat
NGC0300,2.08,2.72,65.6,2.6,7.4,48.37,0,31.96,0,2,42,25,4,0,NGC0300_rotmod.dat
NGC0300,2.08,3.17,70.8,2.7,8.38,49.78,0,24.71,0,2,42,25,5,0,NGC0300_rotmod.dat
NGC0300,2.08,3.63,82.1,4.9,8.42,50.48,0,18.99,0,2,42,25,6,0,NGC0300_rotmod.dat
NGC0300,2.08,4.08,84.1,6.6,9.19,50.65,0,14.68,0,2,42,25,7,0,NGC0300_rotmod.dat
NGC0300,2.08,4.54,83.4,6.2,12,50.39,0,11.28,0,2,42,25,8,0,NGC0300_rotmod.dat
NGC0300,2.08,4.99,81.5,2.7,12.98,49.84,0,8.72,0,2,42,25,9,0,NGC0300_rotmod.dat
NGC0300,2.08,5.45,80.8,4,13.57,49.05,0,6.7,0,2,42,25,10,0,NGC0300_rotmod.dat
NGC0300,2.08,5.9,82.8,12.4,15.44,48.12,0,5.18,0,2,42,25,11,0,NGC0300_rotmod.dat
NGC0300,2.08,6.36,88.2,11.7,20.16,47.07,0,3.98,0,2,42,25,12,0,NGC0300_rotmod.dat
NGC0300,2.08,6.81,88.5,8.5,24.2,45.98,0,3.08,0,2,42,25,13,0,NGC0300_rotmod.dat
NGC0300,2.08,7.26,88.4,8.9,27.05,44.86,0,2.38,0,2,42,25,14,0,NGC0300_rotmod.dat
NGC0300,2.08,7.71,88.2,10.8,28.23,43.73,0,1.84,0,2,42,25,15,0,NGC0300_rotmod.dat
NGC0300,2.08,8.17,89.5,3.1,27.84,42.59,0,1.41,0,2,42,25,16,0,NGC0300_rotmod.dat
NGC0300,2.08,8.62,89.7,9.5,26.95,41.5,0,1.09,0,2,42,25,17,0,NGC0300_rotmod.dat
NGC0300,2.08,9.07,93.7,7.3,26.46,40.45,0,0.84,0,2,42,25,18,0,NGC0300_rotmod.dat
NGC0300,2.08,9.53,97,5.7,26.26,39.41,0,0.65,0,2,42,25,19,0,NGC0300_rotmod.dat
NGC0300,2.08,9.96,96.2,1.5,25.18,38.5,0,0.51,0,2,42,25,20,0,NGC0300_rotmod.dat
NGC0300,2.08,10.45,94.8,2.1,24.1,37.5,0,0.38,0,2,42,25,21,0,NGC0300_rotmod.dat
NGC0300,2.08,10.93,92.5,13.9,23.02,36.62,0,0.29,0,2,42,25,22,0,NGC0300_rotmod.dat
NGC0300,2.08,11.32,92.8,10.6,22.03,35.97,0,0.23,0,2,42,25,23,0,NGC0300_rotmod.dat
NGC0300,2.08,11.8,93.5,12.1,21.74,35.19,0,0,0,2,42,25,24,0,NGC0300_rotmod.dat
NGC0801,80.7,1.17,123,6.2,2.58,183.66,0,2905.87,0,1,80,13,0,0,NGC0801_rotmod.dat
NGC0801,80.7,1.56,142,6.2,3.43,210.66,0,2304.03,0,1,80,13,1,0,NGC0801_rotmod.dat
NGC0801,80.7,1.96,205,6.2,4.28,232.37,0,1870.29,0,1,80,13,2,0,NGC0801_rotmod.dat
NGC0801,80.7,2.73,228,6.2,5.96,264.64,0,1313.72,0,1,80,13,3,0,NGC0801_rotmod.dat
NGC0801,80.7,3.52,238,6.2,7.61,281.54,0,825.59,0,1,80,13,4,0,NGC0801_rotmod.dat
NGC0801,80.7,10.59,229,4.2,23.2,269.17,0,159.49,0,1,80,13,5,0,NGC0801_rotmod.dat
NGC0801,80.7,17.65,225,6.9,37.46,243.6,0,48.01,0,1,80,13,6,0,NGC0801_rotmod.dat
NGC0801,80.7,24.61,220,4,47.21,226.69,0,36.25,0,1,80,13,7,0,NGC0801_rotmod.dat
NGC0801,80.7,31.67,222,2.4,59.26,219.45,0,15.29,0,1,80,13,8,0,NGC0801_rotmod.dat
NGC0801,80.7,38.74,219,4.1,61.77,202.4,0,5.94,0,1,80,13,9,0,NGC0801_rotmod.dat
NGC0801,80.7,45.8,214,4.7,58.45,183.36,0,2.13,0,1,80,13,10,0,NGC0801_rotmod.dat
NGC0801,80.7,52.86,216,2.6,58.96,169.7,0,1.2,0,1,80,13,11,0,NGC0801_rotmod.dat
NGC0801,80.7,59.82,216,8.8,66.89,158.21,0,0,0,1,80,13,12,0,NGC0801_rotmod.dat
NGC0891,9.91,0.92,234,12,-5.19,121.44,254.98,2850.07,1353.62,1,90,18,0,1,NGC0891_rotmod.dat
NGC0891,9.91,2.32,192,12,-10.42,280.89,185.98,1970.54,19.18,1,90,18,1,1,NGC0891_rotmod.dat
NGC0891,9.91,3.24,212,6.3,-11.44,325.09,158.37,904.93,1.73,1,90,18,2,1,NGC0891_rotmod.dat
NGC0891,9.91,4.17,223,4.41,-11.64,311.44,139.66,398.34,0.15,1,90,18,3,1,NGC0891_rotmod.dat
NGC0891,9.91,5.1,222,4.01,-11.54,293.95,126.35,271.63,0.01,1,90,18,4,1,NGC0891_rotmod.dat
NGC0891,9.91,6.03,224,3.85,-11.44,280.55,116.3,183.28,0,1,90,18,5,1,NGC0891_rotmod.dat
NGC0891,9.91,6.96,224,3.23,-9.02,271.7,108.06,131.67,0,1,90,18,6,1,NGC0891_rotmod.dat
NGC0891,9.91,7.89,226,3.4,6.44,260.33,101.6,102.27,0,1,90,18,7,0,NGC0891_rotmod.dat
NGC0891,9.91,8.8,226,3.21,16.24,254.4,96.17,60.87,0,1,90,18,8,0,NGC0891_rotmod.dat
NGC0891,9.91,9.73,227,2.75,25.64,241.26,91.46,35.23,0,1,90,18,9,0,NGC0891_rotmod.dat
NGC0891,9.91,10.64,227,2.65,32.27,231.49,87.46,35.29,0,1,90,18,10,0,NGC0891_rotmod.dat
NGC0891,9.91,11.58,224,2.35,35.44,224.36,83.84,17.47,0,1,90,18,11,0,NGC0891_rotmod.dat
NGC0891,9.91,12.52,220,2.43,42.18,213.5,80.63,15.2,0,1,90,18,12,0,NGC0891_rotmod.dat
NGC0891,9.91,13.46,218,2.3,46.37,208,77.76,12.53,0,1,90,18,13,0,NGC0891_rotmod.dat
NGC0891,9.91,14.4,217,2.77,49.33,200.84,75.18,6.77,0,1,90,18,14,0,NGC0891_rotmod.dat
NGC0891,9.91,15.33,216,4.43,49.33,193.84,72.86,4.92,0,1,90,18,15,0,NGC0891_rotmod.dat
NGC0891,9.91,16.27,210,4.47,47.29,188.07,70.73,3.39,0,1,90,18,16,0,NGC0891_rotmod.dat
NGC0891,9.91,17.11,208,4.35,45.04,182.56,68.97,0,0,1,90,18,17,0,NGC0891_rotmod.dat
NGC1003,11.4,1.25,47,7.6,2.05,56.98,0,175.71,0,1,67,36,0,0,NGC1003_rotmod.dat
NGC1003,11.4,2.08,59.5,4.5,6.07,64.63,0,107.61,0,1,67,36,1,0,NGC1003_rotmod.dat
NGC1003,11.4,2.9,71.6,3.7,10.81,74.91,0,67.61,0,1,67,36,2,0,NGC1003_rotmod.dat
NGC1003,11.4,3.73,77.6,3.1,14.74,77.71,0,47.27,0,1,67,36,3,0,NGC1003_rotmod.dat
NGC1003,11.4,4.56,83.4,3.6,17,79.57,0,29.91,0,1,67,36,4,0,NGC1003_rotmod.dat
NGC1003,11.4,5.39,89.7,3.8,19.26,79.39,0,14.66,0,1,67,36,5,0,NGC1003_rotmod.dat
NGC1003,11.4,6.22,93.8,2.4,21.62,73.38,0,7.84,0,1,67,36,6,0,NGC1003_rotmod.dat
NGC1003,11.4,7.04,99,3,23.59,69.52,0,5.24,0,1,67,36,7,0,NGC1003_rotmod.dat
NGC1003,11.4,7.87,103,2.5,27.03,65.95,0,3.23,0,1,67,36,8,0,NGC1003_rotmod.dat
NGC1003,11.4,8.7,100,2.3,28.5,62.8,0,2.03,0,1,67,36,9,0,NGC1003_rotmod.dat
NGC1003,11.4,9.54,98.3,2,29.19,59.81,0,1.06,0,1,67,36,10,0,NGC1003_rotmod.dat
NGC1003,11.4,10.34,98.4,1.7,29.29,56.87,0,0.59,0,1,67,36,11,0,NGC1003_rotmod.dat
NGC1003,11.4,11.21,94.5,1.8,30.27,54.18,0,0.37,0,1,67,36,12,0,NGC1003_rotmod.dat
NGC1003,11.4,11.98,94.9,2.4,31.35,52.09,0,0.22,0,1,67,36,13,0,NGC1003_rotmod.dat
NGC1003,11.4,12.85,95.3,1.6,32.24,49.97,0,0.13,0,1,67,36,14,0,NGC1003_rotmod.dat
NGC1003,11.4,13.72,96.9,1.8,32.83,48.07,0,0.08,0,1,67,36,15,0,NGC1003_rotmod.dat
NGC1003,11.4,14.49,97.2,1.3,33.03,46.57,0,0.05,0,1,67,36,16,0,NGC1003_rotmod.dat
NGC1003,11.4,15.36,100,1.8,33.12,45.03,0,0.03,0,1,67,36,17,0,NGC1003_rotmod.dat
NGC1003,11.4,16.13,104,2.7,32.83,43.81,0,0.02,0,1,67,36,18,0,NGC1003_rotmod.dat
NGC1003,11.4,17,104,3.2,33.52,42.53,0,0.01,0,1,67,36,19,0,NGC1003_rotmod.dat
NGC1003,11.4,17.78,105,3.4,32.34,41.49,0,0.01,0,1,67,36,20,0,NGC1003_rotmod.dat
NGC1003,11.4,18.65,109,3.9,31.65,40.42,0,0,0,1,67,36,21,0,NGC1003_rotmod.dat
NGC1003,11.4,19.52,110,3.8,29.88,39.42,0,0,0,1,67,36,22,0,NGC1003_rotmod.dat
NGC1003,11.4,20.29,107,3.8,29.39,38.61,0,0,0,1,67,36,23,0,NGC1003_rotmod.dat
NGC1003,11.4,21.16,106,3.8,29,37.75,0,0,0,1,67,36,24,0,NGC1003_rotmod.dat
NGC1003,11.4,21.93,106,4,27.91,37.04,0,0,0,1,67,36,25,0,NGC1003_rotmod.dat
NGC1003,11.4,22.8,108,3.4,27.03,36.29,0,0,0,1,67,36,26,0,NGC1003_rotmod.dat
NGC1003,11.4,23.67,109,3.2,25.65,35.58,0,0,0,1,67,36,27,0,NGC1003_rotmod.dat
NGC1003,11.4,24.44,110,3.3,26.24,34.99,0,0,0,1,67,36,28,0,NGC1003_rotmod.dat
NGC1003,11.4,25.31,110,2.7,25.85,34.35,0,0,0,1,67,36,29,0,NGC1003_rotmod.dat
NGC1003,11.4,26.08,110,2.4,25.26,33.82,0,0,0,1,67,36,30,0,NGC1003_rotmod.dat
NGC1003,11.4,26.95,113,2.5,26.83,33.25,0,0,0,1,67,36,31,0,NGC1003_rotmod.dat
NGC1003,11.4,27.73,114,2.2,30.76,32.76,0,0,0,1,67,36,32,0,NGC1003_rotmod.dat
NGC1003,11.4,28.6,112,1.7,31.75,32.24,0,0,0,1,67,36,33,0,NGC1003_rotmod.dat
NGC1003,11.4,29.47,113,1.8,34.6,31.75,0,0,0,1,67,36,34,0,NGC1003_rotmod.dat
NGC1003,11.4,30.24,115,1.6,37.45,31.33,0,0,0,1,67,36,35,0,NGC1003_rotmod.dat
NGC1090,37,0.35,20.9,9.81,-0.82,48.76,0,1540.43,0,1,64,24,0,1,NGC1090_rotmod.dat
NGC1090,37,1.07,61.7,8.19,-2.5,98.26,0,772.11,0,1,64,24,1,1,NGC1090_rotmod.dat
NGC1090,37,1.6,81.3,4.32,-3.73,114.22,0,533.24,0,1,64,24,2,1,NGC1090_rotmod.dat
NGC1090,37,3.7,124,3.41,-7.4,144.04,0,300.12,0,1,64,24,3,1,NGC1090_rotmod.dat
NGC1090,37,5.09,156,7.02,-9.39,154.24,0,183.64,0,1,64,24,4,1,NGC1090_rotmod.dat
NGC1090,37,6.61,166,6.34,-10.89,166.19,0,152.68,0,1,64,24,5,1,NGC1090_rotmod.dat
NGC1090,37,8.17,165,12.1,-5.79,171.87,0,89.5,0,1,64,24,6,1,NGC1090_rotmod.dat
NGC1090,37,9.11,174,4.84,9.64,169.05,0,67.81,0,1,64,24,7,0,NGC1090_rotmod.dat
NGC1090,37,10.37,164,5.86,17.85,166.21,0,59,0,1,64,24,8,0,NGC1090_rotmod.dat
NGC1090,37,11.28,176,7.35,22.68,167.76,0,48.87,0,1,64,24,9,0,NGC1090_rotmod.dat
NGC1090,37,13.62,174,3.28,31.86,164.88,0,24.37,0,1,64,24,10,0,NGC1090_rotmod.dat
NGC1090,37,15.04,168,2.23,35.59,159.31,0,14.96,0,1,64,24,11,0,NGC1090_rotmod.dat
NGC1090,37,16.37,166,2.23,38.11,153,0,8.69,0,1,64,24,12,0,NGC1090_rotmod.dat
NGC1090,37,17.59,167,4.59,40.13,146.12,0,5.36,0,1,64,24,13,0,NGC1090_rotmod.dat
NGC1090,37,18.8,167,5.3,41.74,140.2,0,3.94,0,1,64,24,14,0,NGC1090_rotmod.dat
NGC1090,37,20.13,165,3.48,42.85,134.43,0,2.74,0,1,64,24,15,0,NGC1090_rotmod.dat
NGC1090,37,21.35,165,3.12,43.55,129.7,0,2.05,0,1,64,24,16,0,NGC1090_rotmod.dat
NGC1090,37,22.57,165,2.39,44.16,125.69,0,1.61,0,1,64,24,17,0,NGC1090_rotmod.dat
NGC1090,37,23.89,165,2.23,45.07,121.68,0,1.08,0,1,64,24,18,0,NGC1090_rotmod.dat
NGC1090,37,25.11,163,2.23,46.68,118.15,0,0.76,0,1,64,24,19,0,NGC1090_rotmod.dat
NGC1090,37,26.33,162,2.23,48.39,114.89,0,0.54,0,1,64,24,20,0,NGC1090_rotmod.dat
NGC1090,37,27.65,162,2.23,50.01,111.67,0,0.37,0,1,64,24,21,0,NGC1090_rotmod.dat
NGC1090,37,28.87,162,2.23,51.42,108.99,0,0.26,0,1,64,24,22,0,NGC1090_rotmod.dat
NGC1090,37,30.09,160,2.23,52.53,106.1,0,0,0,1,64,24,23,0,NGC1090_rotmod.dat
NGC2403,3.16,0.16,24.5,2.83,0,23.21,0,1105.79,0,1,63,73,0,0,NGC2403_rotmod.dat
NGC2403,3.16,0.26,35.3,2.46,0,35.33,0,1006.36,0,1,63,73,1,0,NGC2403_rotmod.dat
NGC2403,3.16,0.36,43.2,1.12,1.92,46.97,0,938.26,0,1,63,73,2,0,NGC2403_rotmod.dat
NGC2403,3.16,0.46,52,1.25,2.29,56.68,0,789.78,0,1,63,73,3,0,NGC2403_rotmod.dat
NGC2403,3.16,0.56,60.9,2.93,2.64,63.77,0,624.65,0,1,63,73,4,0,NGC2403_rotmod.dat
NGC2403,3.16,0.66,65.8,1.25,3,67.56,0,511.64,0,1,63,73,5,0,NGC2403_rotmod.dat
NGC2403,3.16,0.76,71.7,1.25,3.34,70.83,0,469.31,0,1,63,73,6,0,NGC2403_rotmod.dat
NGC2403,3.16,0.86,74.6,1.6,3.68,72.8,0,402.53,0,1,63,73,7,0,NGC2403_rotmod.dat
NGC2403,3.16,0.96,74.6,1.03,4.02,74.87,0,381.19,0,1,63,73,8,0,NGC2403_rotmod.dat
NGC2403,3.16,1.06,76.6,1.12,4.37,77.12,0,359.63,0,1,63,73,9,0,NGC2403_rotmod.dat
NGC2403,3.16,1.16,78.5,1.6,4.75,79.47,0,345.41,0,1,63,73,10,0,NGC2403_rotmod.dat
NGC2403,3.16,1.27,83.4,1.8,5.15,82.18,0,332.26,0,1,63,73,11,0,NGC2403_rotmod.dat
NGC2403,3.16,1.36,86.4,1.6,5.51,85.19,0,317.57,0,1,63,73,12,0,NGC2403_rotmod.dat
NGC2403,3.16,1.47,87.4,1.41,5.76,87.94,0,297.25,0,1,63,73,13,0,NGC2403_rotmod.dat
NGC2403,3.16,1.57,90.3,1.41,5.98,90.77,0,286.72,0,1,63,73,14,0,NGC2403_rotmod.dat
NGC2403,3.16,1.67,93.3,1.6,6.21,93.98,0,271.01,0,1,63,73,15,0,NGC2403_rotmod.dat
NGC2403,3.16,1.77,93.3,1.41,6.42,96.86,0,252.38,0,1,63,73,16,0,NGC2403_rotmod.dat
NGC2403,3.16,1.87,95.2,1.25,6.61,99.21,0,231.06,0,1,63,73,17,0,NGC2403_rotmod.dat
NGC2403,3.16,1.97,97.2,1.6,6.81,101.42,0,214.5,0,1,63,73,18,0,NGC2403_rotmod.dat
NGC2403,3.16,2.08,99.1,2.02,7.01,103.79,0,203.15,0,1,63,73,19,0,NGC2403_rotmod.dat
NGC2403,3.16,2.18,98.2,2.02,7.27,106.07,0,177.77,0,1,63,73,20,0,NGC2403_rotmod.dat
NGC2403,3.16,2.28,98.2,1.6,7.54,106.73,0,143.26,0,1,63,73,21,0,NGC2403_rotmod.dat
NGC2403,3.16,2.37,98.2,1,7.81,106.19,0,125.45,0,1,63,73,22,0,NGC2403_rotmod.dat
NGC2403,3.16,2.47,97.2,1.12,8.25,105.57,0,115.5,0,1,63,73,23,0,NGC2403_rotmod.dat
NGC2403,3.16,2.57,98.2,1.41,8.77,105.08,0,108.64,0,1,63,73,24,0,NGC2403_rotmod.dat
NGC2403,3.16,2.68,98.2,1.12,9.31,104.39,0,99.02,0,1,63,73,25,0,NGC2403_rotmod.dat
NGC2403,3.16,2.78,98.2,1.6,9.95,103.8,0,91.66,0,1,63,73,26,0,NGC2403_rotmod.dat
NGC2403,3.16,2.88,99.1,2.69,10.97,103.16,0,86.76,0,1,63,73,27,0,NGC2403_rotmod.dat
NGC2403,3.16,2.98,100,2.69,11.96,102.68,0,83.79,0,1,63,73,28,0,NGC2403_rotmod.dat
NGC2403,3.16,3.08,102,3.16,13.06,102.46,0,81.8,0,1,63,73,29,0,NGC2403_rotmod.dat
NGC2403,3.16,3.19,101,3.4,14.06,102.29,0,78.36,0,1,63,73,30,0,NGC2403_rotmod.dat
NGC2403,3.16,3.29,101,3.4,15.05,102.51,0,75.36,0,1,63,73,31,0,NGC2403_rotmod.dat
NGC2403,3.16,3.39,103,2.93,16.15,102.82,0,71.99,0,1,63,73,32,0,NGC2403_rotmod.dat
NGC2403,3.16,3.49,107,2.46,17.15,103.06,0,67.49,0,1,63,73,33,0,NGC2403_rotmod.dat
NGC2403,3.16,3.59,110,2.46,18.14,102.95,0,62.39,0,1,63,73,34,0,NGC2403_rotmod.dat
NGC2403,3.16,3.69,112,3.4,19.24,103.12,0,56.77,0,1,63,73,35,0,NGC2403_rotmod.dat
NGC2403,3.16,3.79,114,5.1,20.24,102.93,0,52.43,0,1,63,73,36,0,NGC2403_rotmod.dat
NGC2403,3.16,3.9,118,5.1,21.03,102.5,0,47.97,0,1,63,73,37,0,NGC2403_rotmod.dat
NGC2403,3.16,3.99,118,4.85,21.83,101.99,0,44.58,0,1,63,73,38,0,NGC2403_rotmod.dat
NGC2403,3.16,4.47,118,5.36,25.72,99.49,0,31.94,0,1,63,73,39,0,NGC2403_rotmod.dat
NGC2403,3.16,4.97,121,2.57,27.81,97.06,0,24.17,0,1,63,73,40,0,NGC2403_rotmod.dat
NGC2403,3.16,5.47,124,0.22,29.41,94.4,0,15.97,0,1,63,73,41,0,NGC2403_rotmod.dat
NGC2403,3.16,5.96,125,0.88,30.7,91.13,0,11.31,0,1,63,73,42,0,NGC2403_rotmod.dat
NGC2403,3.16,6.46,126,0.45,31.7,87.9,0,7.9,0,1,63,73,43,0,NGC2403_rotmod.dat
NGC2403,3.16,6.96,126,0.55,33.29,84.95,0,5.51,0,1,63,73,44,0,NGC2403_rotmod.dat
NGC2403,3.16,7.45,126,0.45,34.99,81.98,0,3.88,0,1,63,73,45,0,NGC2403_rotmod.dat
NGC2403,3.16,7.95,126,0.24,36.58,79.11,0,2.71,0,1,63,73,46,0,NGC2403_rotmod.dat
NGC2403,3.16,8.45,127,1.45,38.38,76.42,0,1.9,0,1,63,73,47,0,NGC2403_rotmod.dat
NGC2403,3.16,8.94,128,1.12,39.97,74.09,0,1.34,0,1,63,73,48,0,NGC2403_rotmod.dat
NGC2403,3.16,9.44,128,1.68,41.47,71.75,0,0.93,0,1,63,73,49,0,NGC2403_rotmod.dat
NGC2403,3.16,9.94,127,2.56,42.57,69.58,0,0.65,0,1,63,73,50,0,NGC2403_rotmod.dat
NGC2403,3.16,10.43,127,1.24,43.96,67.61,0,0.46,0,1,63,73,51,0,NGC2403_rotmod.dat
NGC2403,3.16,10.93,128,0.21,45.06,65.75,0,0.32,0,1,63,73,52,0,NGC2403_rotmod.dat
NGC2403,3.16,11.43,130,1.13,45.76,64.12,0,0.22,0,1,63,73,53,0,NGC2403_rotmod.dat
NGC2403,3.16,11.92,130,2.23,46.15,62.55,0,0.16,0,1,63,73,54,0,NGC2403_rotmod.dat
NGC2403,3.16,12.42,132,2.68,46.65,61.06,0,0.11,0,1,63,73,55,0,NGC2403_rotmod.dat
NGC2403,3.16,12.92,133,2.68,46.95,59.67,0,0.08,0,1,63,73,56,0,NGC2403_rotmod.dat
NGC2403,3.16,13.42,133,3.37,46.75,58.37,0,0.05,0,1,63,73,57,0,NGC2403_rotmod.dat
NGC2403,3.16,13.91,133,3.81,46.25,57.26,0,0.04,0,1,63,73,58,0,NGC2403_rotmod.dat
NGC2403,3.16,14.41,133,2.56,45.95,56.12,0,0.03,0,1,63,73,59,0,NGC2403_rotmod.dat
NGC2403,3.16,14.91,134,0.56,45.66,55.05,0,0.02,0,1,63,73,60,0,NGC2403_rotmod.dat
NGC2403,3.16,15.4,134,0.79,45.26,54.06,0,0.01,0,1,63,73,61,0,NGC2403_rotmod.dat
NGC2403,3.16,15.9,133,0.67,44.76,53.11,0,0.01,0,1,63,73,62,0,NGC2403_rotmod.dat
NGC2403,3.16,16.4,134,2.35,44.16,52.26,0,0.01,0,1,63,73,63,0,NGC2403_rotmod.dat
NGC2403,3.16,16.89,134,4.13,43.36,51.43,0,0,0,1,63,73,64,0,NGC2403_rotmod.dat
NGC2403,3.16,17.39,136,3.91,42.67,50.61,0,0,0,1,63,73,65,0,NGC2403_rotmod.dat
NGC2403,3.16,17.89,136,6.38,41.87,49.84,0,0,0,1,63,73,66,0,NGC2403_rotmod.dat
NGC2403,3.16,18.38,135,8.39,41.07,49.16,0,0,0,1,63,73,67,0,NGC2403_rotmod.dat
NGC2403,3.16,18.88,133,7.83,40.27,48.46,0,0,0,1,63,73,68,0,NGC2403_rotmod.dat
NGC2403,3.16,19.38,134,6.26,39.87,47.78,0,0,0,1,63,73,69,0,NGC2403_rotmod.dat
NGC2403,3.16,19.87,136,5.6,39.87,47.15,0,0,0,1,63,73,70,0,NGC2403_rotmod.dat
NGC2403,3.16,20.37,135,5.24,39.87,46.52,0,0,0,1,63,73,71,0,NGC2403_rotmod.dat
NGC2403,3.16,20.87,134,3.12,39.87,45.97,0,0,0,1,63,73,72,0,NGC2403_rotmod.dat
NGC2683,9.81,2.89,189,10,7.68,203.92,89.57,755.39,0,2,80,11,0,0,NGC2683_rotmod.dat
NGC2683,9.81,5.77,212,5,21.36,229.24,63.44,149.71,0,2,80,11,1,0,NGC2683_rotmod.dat
NGC2683,9.81,8.66,206,5,17.89,197.87,51.78,56.22,0,2,80,11,2,0,NGC2683_rotmod.dat
NGC2683,9.81,11.54,200,5,24.41,185,44.86,16.1,0,2,80,11,3,0,NGC2683_rotmod.dat
NGC2683,9.81,14.43,172,12,25.8,159.52,40.12,2.72,0,2,80,11,4,0,NGC2683_rotmod.dat
NGC2683,9.81,17.31,190,10,25.8,143.29,36.63,0.92,0,2,80,11,5,0,NGC2683_rotmod.dat
NGC2683,9.81,20.2,169,10,23.72,130.86,33.91,0.25,0,2,80,11,6,0,NGC2683_rotmod.dat
NGC2683,9.81,23.08,150,10,20.53,121.26,31.72,0.07,0,2,80,11,7,0,NGC2683_rotmod.dat
NGC2683,9.81,28.85,160,10,17.48,107.36,28.37,0,0,2,80,11,8,0,NGC2683_rotmod.dat
NGC2683,9.81,31.74,155,10,16.5,102.03,27.05,0,0,2,80,11,9,0,NGC2683_rotmod.dat
NGC2683,9.81,34.62,151,12,15.67,97.49,25.9,0,0,2,80,11,10,0,NGC2683_rotmod.dat
NGC2841,14.1,3.44,285,14.4,-0.57,163.4,239.5,560.42,13.23,1,76,50,0,1,NGC2841_rotmod.dat
NGC2841,14.1,3.77,297,13.6,-0.57,171.13,229.25,537.66,5.28,1,76,50,1,1,NGC2841_rotmod.dat
NGC2841,14.1,4.13,303,8.47,-0.43,180.88,219.24,507.23,1.94,1,76,50,2,1,NGC2841_rotmod.dat
NGC2841,14.1,4.47,306,5.93,-0.1,188.37,210.91,465.98,0.76,1,76,50,3,1,NGC2841_rotmod.dat
NGC2841,14.1,4.8,307,5.93,-0.19,194.64,203.54,438.69,0.3,1,76,50,4,1,NGC2841_rotmod.dat
NGC2841,14.1,5.13,304,8.47,-0.28,200.57,196.88,413.05,0.12,1,76,50,5,1,NGC2841_rotmod.dat
NGC2841,14.1,5.48,308,8.47,-0.38,206.64,190.44,383.91,0.05,1,76,50,6,1,NGC2841_rotmod.dat
NGC2841,14.1,5.83,313,12.7,-0.48,211.29,184.57,352.6,0.02,1,76,50,7,1,NGC2841_rotmod.dat
NGC2841,14.1,6.16,314,9.32,-0.53,215.14,179.57,340.73,0.01,1,76,50,8,1,NGC2841_rotmod.dat
NGC2841,14.1,6.51,315,6.78,3.83,221.84,174.68,329.32,0,1,76,50,9,0,NGC2841_rotmod.dat
NGC2841,14.1,6.86,317,8.47,8.02,227.72,170.15,300.88,0,1,76,50,10,0,NGC2841_rotmod.dat
NGC2841,14.1,7.18,320,7.63,12.15,231.73,166.32,276.7,0,1,76,50,11,0,NGC2841_rotmod.dat
NGC2841,14.1,7.51,316,20.5,16.24,235.48,162.63,259.76,0,1,76,50,12,0,NGC2841_rotmod.dat
NGC2841,14.1,7.85,318,23.4,20.27,239.96,159.08,241.28,0,1,76,50,13,0,NGC2841_rotmod.dat
NGC2841,14.1,8.21,321,8.48,24.66,243.42,155.54,214.54,0,1,76,50,14,0,NGC2841_rotmod.dat
NGC2841,14.1,8.57,323,8.66,27.1,245.15,152.23,187.05,0,1,76,50,15,0,NGC2841_rotmod.dat
NGC2841,14.1,8.9,321,12.7,29.42,245.8,149.38,167.67,0,1,76,50,16,0,NGC2841_rotmod.dat
NGC2841,14.1,9.24,323,11,31.74,245.24,146.61,150.42,0,1,76,50,17,0,NGC2841_rotmod.dat
NGC2841,14.1,9.6,323,10.4,34.31,244.14,143.83,136.11,0,1,76,50,18,0,NGC2841_rotmod.dat
NGC2841,14.1,9.93,322,13.6,36.63,243.64,141.42,126.37,0,1,76,50,19,0,NGC2841_rotmod.dat
NGC2841,14.1,10.27,321,13.6,38.95,243.6,139.06,118.7,0,1,76,50,20,0,NGC2841_rotmod.dat
NGC2841,14.1,10.6,323,9.32,41.02,243.38,136.88,108.16,0,1,76,50,21,0,NGC2841_rotmod.dat
NGC2841,14.1,10.93,322,11.9,43.22,243.08,134.8,97.33,0,1,76,50,22,0,NGC2841_rotmod.dat
NGC2841,14.1,11.27,321,11,45.42,242.44,132.75,86.07,0,1,76,50,23,0,NGC2841_rotmod.dat
NGC2841,14.1,12.31,323,4.24,52.25,237.3,127.02,60.76,0,1,76,50,24,0,NGC2841_rotmod.dat
NGC2841,14.1,14.35,319,4.24,56.77,222.06,117.64,30.36,0,1,76,50,25,0,NGC2841_rotmod.dat
NGC2841,14.1,16.4,308,4.24,51.89,207.98,110.04,19.68,0,1,76,50,26,0,NGC2841_rotmod.dat
NGC2841,14.1,18.48,299,5.66,48.35,196.87,103.67,11.59,0,1,76,50,27,0,NGC2841_rotmod.dat
NGC2841,14.1,20.57,299,5.66,54.45,185.72,98.26,7,0,1,76,50,28,0,NGC2841_rotmod.dat
NGC2841,14.1,22.51,298,5.66,63.61,176.98,93.93,4.66,0,1,76,50,29,0,NGC2841_rotmod.dat
NGC2841,14.1,24.59,296,5.66,66.17,168.93,89.87,3.04,0,1,76,50,30,0,NGC2841_rotmod.dat
NGC2841,14.1,26.68,293,4.24,61.9,161.21,86.28,1.15,0,1,76,50,31,0,NGC2841_rotmod.dat
NGC2841,14.1,28.77,289,4.24,58.85,153.59,83.08,0.69,0,1,76,50,32,0,NGC2841_rotmod.dat
NGC2841,14.1,30.7,289,4.24,57.01,147.56,80.43,0.41,0,1,76,50,33,0,NGC2841_rotmod.dat
NGC2841,14.1,32.79,288,4.24,57.38,141.95,77.82,0.23,0,1,76,50,34,0,NGC2841_rotmod.dat
NGC2841,14.1,34.88,285,4.24,60.43,136.82,75.46,0.13,0,1,76,50,35,0,NGC2841_rotmod.dat
NGC2841,14.1,36.96,283,2.83,64.09,132.38,73.3,0.07,0,1,76,50,36,0,NGC2841_rotmod.dat
NGC2841,14.1,38.9,275,2.83,66.9,128.66,71.45,0.04,0,1,76,50,37,0,NGC2841_rotmod.dat
NGC2841,14.1,40.99,272,2.83,68.61,124.87,69.61,0.02,0,1,76,50,38,0,NGC2841_rotmod.dat
NGC2841,14.1,43.08,271,2.83,68.98,121.52,67.9,0.01,0,1,76,50,39,0,NGC2841_rotmod.dat
NGC2841,14.1,45.16,274,4.24,67.76,118.47,66.31,0.01,0,1,76,50,40,0,NGC2841_rotmod.dat
NGC2841,14.1,47.1,277,4.24,65.19,115.75,64.93,0,0,1,76,50,41,0,NGC2841_rotmod.dat
NGC2841,14.1,49.19,281,4.24,62.26,113.11,63.54,0,0,1,76,50,42,0,NGC2841_rotmod.dat
NGC2841,14.1,51.27,286,4.24,60.55,110.59,62.24,0,0,1,76,50,43,0,NGC2841_rotmod.dat
NGC2841,14.1,53.36,282,4.24,60.55,108.3,61.01,0,0,1,76,50,44,0,NGC2841_rotmod.dat
NGC2841,14.1,55.3,283,4.24,62.39,106.31,59.93,0,0,1,76,50,45,0,NGC2841_rotmod.dat
NGC2841,14.1,57.38,288,5.66,64.95,104.23,58.83,0,0,1,76,50,46,0,NGC2841_rotmod.dat
NGC2841,14.1,59.47,287,5.66,67.27,102.32,57.79,0,0,1,76,50,47,0,NGC2841_rotmod.dat
NGC2841,14.1,61.56,289,7.07,68.49,100.51,56.8,0,0,1,76,50,48,0,NGC2841_rotmod.dat
NGC2841,14.1,63.64,294,7.07,68.73,98.76,55.86,0,0,1,76,50,49,0,NGC2841_rotmod.dat
NGC2903,6.6,0.32,44,8,0.01,197.82,0,7393.57,0,1,66,34,0,0,NGC2903_rotmod.dat
NGC2903,6.6,0.64,64,8,0.03,204.19,0,3002.08,0,1,66,34,1,0,NGC2903_rotmod.dat
NGC2903,6.6,0.96,128,8,0.08,209.11,0,2411.81,0,1,66,34,2,0,NGC2903_rotmod.dat
NGC2903,6.6,1.28,148,8,0.07,219.11,0,1895.47,0,1,66,34,3,0,NGC2903_rotmod.dat
NGC2903,6.6,1.6,157,8,1.76,225.96,0,1625.63,0,1,66,34,4,0,NGC2903_rotmod.dat
NGC2903,6.6,1.92,189,8,5.17,232.02,0,1474.21,0,1,66,34,5,0,NGC2903_rotmod.dat
NGC2903,6.6,2.24,195,6,8.23,251.26,0,1493.06,0,1,66,34,6,0,NGC2903_rotmod.dat
NGC2903,6.6,2.56,201,6,11.05,278.7,0,1371.3,0,1,66,34,7,0,NGC2903_rotmod.dat
NGC2903,6.6,2.88,214,4,13.64,291.79,0,1009.96,0,1,66,34,8,0,NGC2903_rotmod.dat
NGC2903,6.6,3.2,215,4,16.01,300.53,0,706.79,0,1,66,34,9,0,NGC2903_rotmod.dat
NGC2903,6.6,3.52,215,4,18.18,298.29,0,476.79,0,1,66,34,10,0,NGC2903_rotmod.dat
NGC2903,6.6,3.84,216,3,20.14,289.57,0,365.53,0,1,66,34,11,0,NGC2903_rotmod.dat
NGC2903,6.6,4.8,214,2,24.78,274.65,0,195.17,0,1,66,34,12,0,NGC2903_rotmod.dat
NGC2903,6.6,5.76,210,2,25.77,255.87,0,83.13,0,1,66,34,13,0,NGC2903_rotmod.dat
NGC2903,6.6,6.72,205,2,24.89,236.77,0,50.66,0,1,66,34,14,0,NGC2903_rotmod.dat
NGC2903,6.6,7.68,203,1,25.19,221.37,0,32.24,0,1,66,34,15,0,NGC2903_rotmod.dat
NGC2903,6.6,8.64,201,1,25.4,209.59,0,23.57,0,1,66,34,16,0,NGC2903_rotmod.dat
NGC2903,6.6,9.6,201,1,27.64,199.24,0,14.07,0,1,66,34,17,0,NGC2903_rotmod.dat
NGC2903,6.6,10.56,199,1,32.7,189.8,0,10.06,0,1,66,34,18,0,NGC2903_rotmod.dat
NGC2903,6.6,11.52,197,1,37.22,181.59,0,6.57,0,1,66,34,19,0,NGC2903_rotmod.dat
NGC2903,6.6,12.48,196,2,37.86,174.1,0,4.46,0,1,66,34,20,0,NGC2903_rotmod.dat
NGC2903,6.6,13.44,193,3,36.33,167.37,0,2.89,0,1,66,34,21,0,NGC2903_rotmod.dat
NGC2903,6.6,14.4,190,3,35.33,161.19,0,1.89,0,1,66,34,22,0,NGC2903_rotmod.dat
NGC2903,6.6,15.36,188,5,35.01,155.25,0,1.25,0,1,66,34,23,0,NGC2903_rotmod.dat
NGC2903,6.6,16.32,187,5,34.43,150.2,0,0.83,0,1,66,34,24,0,NGC2903_rotmod.dat
NGC2903,6.6,17.28,188,3,33.18,145.58,0,0.55,0,1,66,34,25,0,NGC2903_rotmod.dat
NGC2903,6.6,18.24,186,3,32.48,141.36,0,0.37,0,1,66,34,26,0,NGC2903_rotmod.dat
NGC2903,6.6,19.2,185,3,31.94,137.48,0,0.24,0,1,66,34,27,0,NGC2903_rotmod.dat
NGC2903,6.6,20.16,185,3,31.23,133.91,0,0.16,0,1,66,34,28,0,NGC2903_rotmod.dat
NGC2903,6.6,21.12,181,3,30.85,130.6,0,0.11,0,1,66,34,29,0,NGC2903_rotmod.dat
NGC2903,6.6,22.08,178,3,30.69,127.55,0,0.07,0,1,66,34,30,0,NGC2903_rotmod.dat
NGC2903,6.6,23.04,177,3,30.33,124.7,0,0.05,0,1,66,34,31,0,NGC2903_rotmod.dat
NGC2903,6.6,24,182,4,30.72,122.05,0,0.03,0,1,66,34,32,0,NGC2903_rotmod.dat
NGC2903,6.6,24.96,180,8,30.86,119.57,0,0,0,1,66,34,33,0,NGC2903_rotmod.dat
NGC2915,4.06,0.34,13.5,10.1,4.08,44.78,0,329.95,0,2,56,30,0,0,NGC2915_rotmod.dat
NGC2915,4.06,0.67,31.3,12.5,7.65,48.88,0,91.07,0,2,56,30,1,0,NGC2915_rotmod.dat
NGC2915,4.06,1,35.3,13.4,10.36,46.82,0,36.28,0,2,56,30,2,0,NGC2915_rotmod.dat
NGC2915,4.06,1.34,50.5,9.38,11.92,43.88,0,16.86,0,2,56,30,3,0,NGC2915_rotmod.dat
NGC2915,4.06,1.68,61,10.1,12.33,40.74,0,8.72,0,2,56,30,4,0,NGC2915_rotmod.dat
NGC2915,4.06,2.01,66.5,11.9,12.44,38.01,0,4.56,0,2,56,30,5,0,NGC2915_rotmod.dat
NGC2915,4.06,2.34,74.4,11.6,12.54,35.66,0,2.91,0,2,56,30,6,0,NGC2915_rotmod.dat
NGC2915,4.06,2.67,83,9.17,12.44,33.66,0,1.6,0,2,56,30,7,0,NGC2915_rotmod.dat
NGC2915,4.06,3.01,86.4,7.66,12.13,31.74,0,0.88,0,2,56,30,8,0,NGC2915_rotmod.dat
NGC2915,4.06,3.35,83.6,8.18,12.02,29.95,0,0.43,0,2,56,30,9,0,NGC2915_rotmod.dat
NGC2915,4.06,3.68,79.8,7.93,12.54,28.46,0,0.24,0,2,56,30,10,0,NGC2915_rotmod.dat
NGC2915,4.06,4.02,82.8,6.95,13.47,27.13,0,0.13,0,2,56,30,11,0,NGC2915_rotmod.dat
NGC2915,4.06,4.35,83.5,7.19,14.61,25.93,0,0.07,0,2,56,30,12,0,NGC2915_rotmod.dat
NGC2915,4.06,4.68,80.4,7.85,15.44,24.93,0,0.04,0,2,56,30,13,0,NGC2915_rotmod.dat
NGC2915,4.06,5.02,80.3,7.57,15.86,24,0,0.02,0,2,56,30,14,0,NGC2915_rotmod.dat
NGC2915,4.06,5.35,82.1,7.92,15.86,23.2,0,0.01,0,2,56,30,15,0,NGC2915_rotmod.dat
NGC2915,4.06,5.69,82.4,8.33,15.65,22.42,0,0.01,0,2,56,30,16,0,NGC2915_rotmod.dat
NGC2915,4.06,6.03,80.9,7.88,15.44,21.74,0,0,0,2,56,30,17,0,NGC2915_rotmod.dat
NGC2915,4.06,6.36,79,6.15,15.65,21.15,0,0,0,2,56,30,18,0,NGC2915_rotmod.dat
NGC2915,4.06,6.69,81.4,6.11,16.27,20.57,0,0,0,2,56,30,19,0,NGC2915_rotmod.dat
NGC2915,4.06,7.02,79.7,5.59,17.1,20.07,0,0,0,2,56,30,20,0,NGC2915_rotmod.dat
NGC2915,4.06,7.36,77.5,6.33,17.83,19.59,0,0,0,2,56,30,21,0,NGC2915_rotmod.dat
NGC2915,4.06,7.7,79.9,6.41,17.93,19.12,0,0,0,2,56,30,22,0,NGC2915_rotmod.dat
NGC2915,4.06,8.03,81.5,7.86,18.24,18.72,0,0,0,2,56,30,23,0,NGC2915_rotmod.dat
NGC2915,4.06,8.37,82.2,7.82,18.65,18.33,0,0,0,2,56,30,24,0,NGC2915_rotmod.dat
NGC2915,4.06,8.7,82,7.09,18.97,17.95,0,0,0,2,56,30,25,0,NGC2915_rotmod.dat
NGC2915,4.06,9.03,84.7,5.74,19.38,17.62,0,0,0,2,56,30,26,0,NGC2915_rotmod.dat
NGC2915,4.06,9.37,86.1,5.54,19.59,17.3,0,0,0,2,56,30,27,0,NGC2915_rotmod.dat
NGC2915,4.06,9.7,85.3,5.23,19.9,16.98,0,0,0,2,56,30,28,0,NGC2915_rotmod.dat
NGC2915,4.06,10.04,86.5,6.45,19.9,16.69,0,0,0,2,56,30,29,0,NGC2915_rotmod.dat
NGC2955,97.9,0.75,169,4.27,0,53.73,163.04,1391.81,4469.43,1,56,24,0,0,NGC2955_rotmod.dat
NGC2955,97.9,1.55,203,4.92,0.16,99.45,214.33,1172.91,2105.83,1,56,24,1,0,NGC2955_rotmod.dat
NGC2955,97.9,2.3,232,5.49,0,134.15,231.92,999.07,1340.93,1,56,24,2,0,NGC2955_rotmod.dat
NGC2955,97.9,3.06,256,4.38,1.12,162.98,250.27,849.17,745.19,1,56,24,3,0,NGC2955_rotmod.dat
NGC2955,97.9,3.85,248,3.47,10.81,187.48,252.3,717.13,308.69,1,56,24,4,0,NGC2955_rotmod.dat
NGC2955,97.9,4.61,253,5.68,18.83,206.85,245.12,606.7,124.46,1,56,24,5,0,NGC2955_rotmod.dat
NGC2955,97.9,5.36,269,8.42,25.11,220.81,233.77,503.2,47.18,1,56,24,6,0,NGC2955_rotmod.dat
NGC2955,97.9,6.12,268,4.67,29.26,232.37,221.48,437.22,17.54,1,56,24,7,0,NGC2955_rotmod.dat
NGC2955,97.9,6.91,260,5.58,31.48,243.48,209.61,380.24,6.29,1,56,24,8,0,NGC2955_rotmod.dat
NGC2955,97.9,7.66,245,8.47,32.44,254.23,199.62,318.5,2.38,1,56,24,9,0,NGC2955_rotmod.dat
NGC2955,97.9,8.42,247,6,32.35,258.51,190.58,235.35,0.89,1,56,24,10,0,NGC2955_rotmod.dat
NGC2955,97.9,8.86,267,10.3,32.44,258.41,185.85,200.23,0.5,1,56,24,11,0,NGC2955_rotmod.dat
NGC2955,97.9,9.21,255,7.27,32.44,257.39,182.29,180.71,0.32,1,56,24,12,0,NGC2955_rotmod.dat
NGC2955,97.9,10.82,253,11.2,33.51,252.03,168.18,131.46,0.04,1,56,24,13,0,NGC2955_rotmod.dat
NGC2955,97.9,11.56,271,11.3,34.86,249.34,162.76,112.34,0.02,1,56,24,14,0,NGC2955_rotmod.dat
NGC2955,97.9,12.4,276,8.71,37.47,246.01,157.16,103.42,0.01,1,56,24,15,0,NGC2955_rotmod.dat
NGC2955,97.9,14.17,275,10.1,44.03,245.22,146.96,81.02,0,1,56,24,16,0,NGC2955_rotmod.dat
NGC2955,97.9,16.88,275,10,57.16,236.05,134.67,50.98,0,1,56,24,17,0,NGC2955_rotmod.dat
NGC2955,97.9,19.49,276,11.7,67.4,232.49,125.34,36.11,0,1,56,24,18,0,NGC2955_rotmod.dat
NGC2955,97.9,22.19,267,15.7,77.25,219.85,117.47,17.62,0,1,56,24,19,0,NGC2955_rotmod.dat
NGC2955,97.9,24.8,257,15.1,79.95,209.2,111.12,12.8,0,1,56,24,20,0,NGC2955_rotmod.dat
NGC2955,97.9,27.51,254,13.6,78.21,199.59,105.5,9.61,0,1,56,24,21,0,NGC2955_rotmod.dat
NGC2955,97.9,30.12,248,11.6,75.51,191.82,100.83,6.7,0,1,56,24,22,0,NGC2955_rotmod.dat
NGC2955,97.9,35.43,227,11.2,77.83,176.46,92.96,3.71,0,1,56,24,23,0,NGC2955_rotmod.dat
NGC2976,3.58,0.11,6.8,3.62,1.06,11.98,0,401.24,0,2,61,27,0,0,NGC2976_rotmod.dat
NGC2976,3.58,0.17,9.5,4.31,1.76,15.44,0,385.05,0,2,61,27,1,0,NGC2976_rotmod.dat
NGC2976,3.58,0.24,14,3.11,2.47,19.52,0,353.55,0,2,61,27,2,0,NGC2976_rotmod.dat
NGC2976,3.58,0.31,19.8,5.5,2.93,23.11,0,326.8,0,2,61,27,3,0,NGC2976_rotmod.dat
NGC2976,3.58,0.38,26.1,3.9,3.29,26.27,0,306.5,0,2,61,27,4,0,NGC2976_rotmod.dat
NGC2976,3.58,0.45,28.7,3.5,3.99,29.18,0,294.93,0,2,61,27,5,0,NGC2976_rotmod.dat
NGC2976,3.58,0.52,28.7,2.7,4.46,32.19,0,286.81,0,2,61,27,6,0,NGC2976_rotmod.dat
NGC2976,3.58,0.59,31.7,2.5,4.93,35.22,0,277.28,0,2,61,27,7,0,NGC2976_rotmod.dat
NGC2976,3.58,0.66,35.5,2.3,5.88,38.01,0,266.34,0,2,61,27,8,0,NGC2976_rotmod.dat
NGC2976,3.58,0.73,39.4,2.1,6.93,40.66,0,258.37,0,2,61,27,9,0,NGC2976_rotmod.dat
NGC2976,3.58,0.8,42.9,2.3,7.52,43.36,0,250.06,0,2,61,27,10,0,NGC2976_rotmod.dat
NGC2976,3.58,0.87,46,2.6,8.45,45.92,0,244.56,0,2,61,27,11,0,NGC2976_rotmod.dat
NGC2976,3.58,0.94,49.1,3.1,9.28,48.76,0,245.53,0,2,61,27,12,0,NGC2976_rotmod.dat
NGC2976,3.58,1.01,49.2,3.2,10.11,52.24,0,248.27,0,2,61,27,13,0,NGC2976_rotmod.dat
NGC2976,3.58,1.08,51.4,3.2,11.31,55.81,0,237.88,0,2,61,27,14,0,NGC2976_rotmod.dat
NGC2976,3.58,1.14,57.2,3.1,13.04,58.54,0,230,0,2,61,27,15,0,NGC2976_rotmod.dat
NGC2976,3.58,1.21,63.8,2.9,15.48,61.95,0,228.85,0,2,61,27,16,0,NGC2976_rotmod.dat
NGC2976,3.58,1.29,67.8,2.8,17.62,66.07,0,216.32,0,2,61,27,17,0,NGC2976_rotmod.dat
NGC2976,3.58,1.35,69.8,3.3,19.66,68.88,0,203.26,0,2,61,27,18,0,NGC2976_rotmod.dat
NGC2976,3.58,1.42,71.7,3.9,21.7,71.85,0,189.42,0,2,61,27,19,0,NGC2976_rotmod.dat
NGC2976,3.58,1.49,74.1,4.4,23.73,74.58,0,174.06,0,2,61,27,20,0,NGC2976_rotmod.dat
NGC2976,3.58,1.56,76.7,4.8,25.98,76.94,0,155.41,0,2,61,27,21,0,NGC2976_rotmod.dat
NGC2976,3.58,1.63,79.9,4.4,27.71,78.73,0,134.59,0,2,61,27,22,0,NGC2976_rotmod.dat
NGC2976,3.58,1.74,83.6,3.35,30.15,80.17,0,99.94,0,2,61,27,23,0,NGC2976_rotmod.dat
NGC2976,3.58,1.93,83.9,3.95,29.44,78.52,0,58.42,0,2,61,27,24,0,NGC2976_rotmod.dat
NGC2976,3.58,2.1,88.7,4.44,29.75,75.56,0,46.09,0,2,61,27,25,0,NGC2976_rotmod.dat
NGC2976,3.58,2.27,85.3,5.36,29.85,73.66,0,41.53,0,2,61,27,26,0,NGC2976_rotmod.dat
NGC2998,68.1,0.33,90,20,0,44.56,0,2070.29,0,1,58,13,0,0,NGC2998_rotmod.dat
NGC2998,68.1,0.99,125,15,0.66,93.23,0,1190.44,0,1,58,13,1,0,NGC2998_rotmod.dat
NGC2998,68.1,1.98,148,15,2.66,132.13,0,888.44,0,1,58,13,2,0,NGC2998_rotmod.dat
NGC2998,68.1,2.64,180,17,4.03,154.64,0,784.11,0,1,58,13,3,0,NGC2998_rotmod.dat
NGC2998,68.1,3.63,201,15,6.22,196.69,0,702.55,0,1,58,13,4,0,NGC2998_rotmod.dat
NGC2998,68.1,7.59,206,10,16.84,221.58,0,192.87,0,1,58,13,5,0,NGC2998_rotmod.dat
NGC2998,68.1,12.5,214,5,32.06,213.19,0,56.1,0,1,58,13,6,0,NGC2998_rotmod.dat
NGC2998,68.1,17.48,212,5,44.76,198.92,0,17.41,0,1,58,13,7,0,NGC2998_rotmod.dat
NGC2998,68.1,22.46,213,2,52.43,175.78,0,10.54,0,1,58,13,8,0,NGC2998_rotmod.dat
NGC2998,68.1,27.44,214,2,58.37,162.69,0,5.26,0,1,58,13,9,0,NGC2998_rotmod.dat
NGC2998,68.1,32.32,213,2,63.92,151.18,0,2.5,0,1,58,13,10,0,NGC2998_rotmod.dat
NGC2998,68.1,37.3,213,3,66.04,139.68,0,0.96,0,1,58,13,11,0,NGC2998_rotmod.dat
NGC2998,68.1,42.28,203,3,64.42,130.09,0,0.33,0,1,58,13,12,0,NGC2998_rotmod.dat
NGC3109,1.33,0.26,6.1,1.6,1,2.78,0,10.55,0,1,70,25,0,0,NGC3109_rotmod.dat
NGC3109,1.33,0.52,11.2,0.7,2.12,4.73,0,8.77,0,1,70,25,1,0,NGC3109_rotmod.dat
NGC3109,1.33,0.77,14.9,1.5,4.53,7,0,8.41,0,1,70,25,2,0,NGC3109_rotmod.dat
NGC3109,1.33,1.03,19.1,2.2,6.54,8.59,0,7.93,0,1,70,25,3,0,NGC3109_rotmod.dat
NGC3109,1.33,1.29,24.3,0.9,8.22,10.63,0,6.67,0,1,70,25,4,0,NGC3109_rotmod.dat
NGC3109,1.33,1.55,29.8,1.9,10.06,11.72,0,5.17,0,1,70,25,5,0,NGC3109_rotmod.dat
NGC3109,1.33,1.81,34.3,1.6,11.73,12.56,0,4.71,0,1,70,25,6,0,NGC3109_rotmod.dat
NGC3109,1.33,2.06,38.2,3.5,12.92,13.39,0,3.81,0,1,70,25,7,0,NGC3109_rotmod.dat
NGC3109,1.33,2.32,42.5,5.6,13.76,13.69,0,2.97,0,1,70,25,8,0,NGC3109_rotmod.dat
NGC3109,1.33,2.58,42.3,3,14.44,13.73,0,2.43,0,1,70,25,9,0,NGC3109_rotmod.dat
NGC3109,1.33,2.84,47.3,4.4,15.04,13.74,0,2.3,0,1,70,25,10,0,NGC3109_rotmod.dat
NGC3109,1.33,3.1,49.3,4,15.37,14.32,0,2.42,0,1,70,25,11,0,NGC3109_rotmod.dat
NGC3109,1.33,3.35,50.6,3.5,15.75,15.08,0,1.97,0,1,70,25,12,0,NGC3109_rotmod.dat
NGC3109,1.33,3.61,53,3.5,16.29,15.34,0,1.22,0,1,70,25,13,0,NGC3109_rotmod.dat
NGC3109,1.33,3.87,54.7,3.3,16.37,14.77,0,0.78,0,1,70,25,14,0,NGC3109_rotmod.dat
NGC3109,1.33,4.13,55.2,3.1,16.42,14.16,0,0.69,0,1,70,25,15,0,NGC3109_rotmod.dat
NGC3109,1.33,4.38,57.5,2.6,16.88,13.87,0,0.81,0,1,70,25,16,0,NGC3109_rotmod.dat
NGC3109,1.33,4.64,59.1,2.4,17.22,13.96,0,0.75,0,1,70,25,17,0,NGC3109_rotmod.dat
NGC3109,1.33,4.9,61.2,1.9,17.66,14.01,0,0.64,0,1,70,25,18,0,NGC3109_rotmod.dat
NGC3109,1.33,5.16,62.7,1.9,18.09,14.01,0,0.51,0,1,70,25,19,0,NGC3109_rotmod.dat
NGC3109,1.33,5.42,64.4,2.9,18.73,13.96,0,0.43,0,1,70,25,20,0,NGC3109_rotmod.dat
NGC3109,1.33,5.67,66.6,3.2,19.3,13.99,0,0.36,0,1,70,25,21,0,NGC3109_rotmod.dat
NGC3109,1.33,5.93,66.3,3.4,19.36,13.93,0,0,0,1,70,25,22,0,NGC3109_rotmod.dat
NGC3109,1.33,6.19,66.2,3.2,19.43,13.15,0,0,0,1,70,25,23,0,NGC3109_rotmod.dat
NGC3109,1.33,6.45,67.3,3,19.41,12.62,0,0,0,1,70,25,24,0,NGC3109_rotmod.dat
NGC3198,13.8,0.32,24.4,35.9,0,63.28,0,1084.92,0,1,73,43,0,0,NGC3198_rotmod.dat
NGC3198,13.8,0.64,43.3,16.3,0,73.66,0,590.57,0,1,73,43,1,0,NGC3198_rotmod.dat
NGC3198,13.8,0.96,45.5,16.1,0,78.98,0,410.97,0,1,73,43,2,0,NGC3198_rotmod.dat
NGC3198,13.8,1.28,58.5,15.4,0.35,82.7,0,329.34,0,1,73,43,3,0,NGC3198_rotmod.dat
NGC3198,13.8,1.61,68.8,7.61,0.15,84.22,0,268.62,0,1,73,43,4,0,NGC3198_rotmod.dat
NGC3198,13.8,1.93,76.9,10.3,-0.05,83.17,0,247.67,0,1,73,43,5,1,NGC3198_rotmod.dat
NGC3198,13.8,2.24,82,8.09,-0.47,87.04,0,227.56,0,1,73,43,6,1,NGC3198_rotmod.dat
NGC3198,13.8,2.57,86.9,7.6,-0.95,88.91,0,205.02,0,1,73,43,7,1,NGC3198_rotmod.dat
NGC3198,13.8,2.89,97.6,3.03,-1.43,88.98,0,200.2,0,1,73,43,8,1,NGC3198_rotmod.dat
NGC3198,13.8,3.21,100,5.31,-1.14,93.81,0,208.58,0,1,73,43,9,1,NGC3198_rotmod.dat
NGC3198,13.8,3.54,107,7.51,-0.39,101.22,0,208.47,0,1,73,43,10,1,NGC3198_rotmod.dat
NGC3198,13.8,3.85,113,7.32,0.36,108.53,0,196.07,0,1,73,43,11,0,NGC3198_rotmod.dat
NGC3198,13.8,4.17,117,5.21,1.52,115.51,0,179.96,0,1,73,43,12,0,NGC3198_rotmod.dat
NGC3198,13.8,4.5,119,5.67,3.07,120.51,0,164.19,0,1,73,43,13,0,NGC3198_rotmod.dat
NGC3198,13.8,4.82,127,5.39,4.63,125.42,0,150.99,0,1,73,43,14,0,NGC3198_rotmod.dat
NGC3198,13.8,5.15,132,4.34,6.02,129.4,0,138.08,0,1,73,43,15,0,NGC3198_rotmod.dat
NGC3198,13.8,5.46,134,2.36,7.16,133.15,0,126,0,1,73,43,16,0,NGC3198_rotmod.dat
NGC3198,13.8,5.78,137,0.89,8.31,136.45,0,113.63,0,1,73,43,17,0,NGC3198_rotmod.dat
NGC3198,13.8,6.1,140,2.84,9.46,139.41,0,101.19,0,1,73,43,18,0,NGC3198_rotmod.dat
NGC3198,13.8,6.43,142,0.88,10.61,141.85,0,86.52,0,1,73,43,19,0,NGC3198_rotmod.dat
NGC3198,13.8,6.74,144,1.23,11.77,142.32,0,70.23,0,1,73,43,20,0,NGC3198_rotmod.dat
NGC3198,13.8,7.06,146,1.57,12.87,140.94,0,57.67,0,1,73,43,21,0,NGC3198_rotmod.dat
NGC3198,13.8,8.04,147,3,16.39,135.68,0,40.74,0,1,73,43,22,0,NGC3198_rotmod.dat
NGC3198,13.8,9.04,148,3,20.03,130.79,0,31.83,0,1,73,43,23,0,NGC3198_rotmod.dat
NGC3198,13.8,10.04,152,2,23.68,128.1,0,26.64,0,1,73,43,24,0,NGC3198_rotmod.dat
NGC3198,13.8,11.04,155,2,27.08,126.67,0,21.02,0,1,73,43,25,0,NGC3198_rotmod.dat
NGC3198,13.8,12.05,156,2,30.11,124.98,0,15.42,0,1,73,43,26,0,NGC3198_rotmod.dat
NGC3198,13.8,14.05,157,2,34.48,118.12,0,6.42,0,1,73,43,27,0,NGC3198_rotmod.dat
NGC3198,13.8,16.07,153,2,36.43,108.22,0,2.95,0,1,73,43,28,0,NGC3198_rotmod.dat
NGC3198,13.8,18.13,153,2,37.76,101.1,0,2.39,0,1,73,43,29,0,NGC3198_rotmod.dat
NGC3198,13.8,20.05,154,2,39.83,96.4,0,1.44,0,1,73,43,30,0,NGC3198_rotmod.dat
NGC3198,13.8,22.12,153,2,40.92,91.56,0,0.72,0,1,73,43,31,0,NGC3198_rotmod.dat
NGC3198,13.8,24.03,150,2,41.77,87.03,0,0.28,0,1,73,43,32,0,NGC3198_rotmod.dat
NGC3198,13.8,26.1,149,2,43.71,82.67,0,0.16,0,1,73,43,33,0,NGC3198_rotmod.dat
NGC3198,13.8,28.16,148,2,45.41,79.06,0,0.08,0,1,73,43,34,0,NGC3198_rotmod.dat
NGC3198,13.8,30.08,146,2,45.29,76.07,0,0.04,0,1,73,43,35,0,NGC3198_rotmod.dat
NGC3198,13.8,32.14,147,2,44.56,73.27,0,0.02,0,1,73,43,36,0,NGC3198_rotmod.dat
NGC3198,13.8,34.06,148,2,44.81,70.91,0,0.01,0,1,73,43,37,0,NGC3198_rotmod.dat
NGC3198,13.8,36.12,148,2,45.9,68.62,0,0.01,0,1,73,43,38,0,NGC3198_rotmod.dat
NGC3198,13.8,38.19,149,2,46.75,66.59,0,0,0,1,73,43,39,0,NGC3198_rotmod.dat
NGC3198,13.8,40.1,150,2,47.48,64.84,0,0,0,1,73,43,40,0,NGC3198_rotmod.dat
NGC3198,13.8,42.17,150,3,48.93,63.1,0,0,0,1,73,43,41,0,NGC3198_rotmod.dat
NGC3198,13.8,44.08,149,3,47.84,61.63,0,0,0,1,73,43,42,0,NGC3198_rotmod.dat
NGC3521,7.7,0.51,143,33.1,-3.74,195.66,0,5592.84,0,1,75,41,0,1,NGC3521_rotmod.dat
NGC3521,7.7,0.69,160,15,-4.96,213.36,0,4363.43,0,1,75,41,1,1,NGC3521_rotmod.dat
NGC3521,7.7,0.86,178,7.92,-6.2,228.63,0,3675.14,0,1,75,41,2,1,NGC3521_rotmod.dat
NGC3521,7.7,1.03,188,8.01,-7.39,242.31,0,2808.28,0,1,75,41,3,1,NGC3521_rotmod.dat
NGC3521,7.7,1.2,187,8.03,-8.46,244.99,0,2150.5,0,1,75,41,4,1,NGC3521_rotmod.dat
NGC3521,7.7,1.38,195,5.6,-9.15,248.08,0,2033.53,0,1,75,41,5,1,NGC3521_rotmod.dat
NGC3521,7.7,1.55,199,7.52,-9.58,251.75,0,1846.64,0,1,75,41,6,1,NGC3521_rotmod.dat
NGC3521,7.7,1.71,203,6.87,-9.77,258.35,0,1668.78,0,1,75,41,7,1,NGC3521_rotmod.dat
NGC3521,7.7,1.89,206,9.22,-9.95,262.92,0,1505.22,0,1,75,41,8,1,NGC3521_rotmod.dat
NGC3521,7.7,2.06,211,12,-9.95,270.25,0,1378.94,0,1,75,41,9,1,NGC3521_rotmod.dat
NGC3521,7.7,2.23,219,13.3,-9.95,275.1,0,1175.03,0,1,75,41,10,1,NGC3521_rotmod.dat
NGC3521,7.7,2.41,216,9.9,-10.14,276.83,0,926.08,0,1,75,41,11,1,NGC3521_rotmod.dat
NGC3521,7.7,2.58,214,10.5,-10.6,274.55,0,830.56,0,1,75,41,12,1,NGC3521_rotmod.dat
NGC3521,7.7,2.75,213,8.39,-11.16,274.06,0,769.64,0,1,75,41,13,1,NGC3521_rotmod.dat
NGC3521,7.7,2.92,210,13.3,-11.53,273.74,0,727.61,0,1,75,41,14,1,NGC3521_rotmod.dat
NGC3521,7.7,3.09,214,6.67,-11.25,275.23,0,682.48,0,1,75,41,15,1,NGC3521_rotmod.dat
NGC3521,7.7,3.26,213,9.98,-9.77,276.33,0,633.6,0,1,75,41,16,1,NGC3521_rotmod.dat
NGC3521,7.7,3.43,212,11.2,-7.06,278.46,0,575.82,0,1,75,41,17,1,NGC3521_rotmod.dat
NGC3521,7.7,3.61,215,9.11,2.4,278.97,0,523.07,0,1,75,41,18,0,NGC3521_rotmod.dat
NGC3521,7.7,3.78,217,10.1,7.87,280.87,0,481.98,0,1,75,41,19,0,NGC3521_rotmod.dat
NGC3521,7.7,3.95,219,8.05,10.51,281.76,0,430.64,0,1,75,41,20,0,NGC3521_rotmod.dat
NGC3521,7.7,4.12,220,8.29,12.28,282.78,0,369.64,0,1,75,41,21,0,NGC3521_rotmod.dat
NGC3521,7.7,4.29,218,8.42,13.95,281.57,0,310.22,0,1,75,41,22,0,NGC3521_rotmod.dat
NGC3521,7.7,4.46,220,9.71,15.63,279.92,0,258.02,0,1,75,41,23,0,NGC3521_rotmod.dat
NGC3521,7.7,4.64,220,20.1,17.49,276.26,0,208.23,0,1,75,41,24,0,NGC3521_rotmod.dat
NGC3521,7.7,4.81,216,23.5,19.07,272.38,0,177.5,0,1,75,41,25,0,NGC3521_rotmod.dat
NGC3521,7.7,4.98,220,14.6,20,268.13,0,157.71,0,1,75,41,26,0,NGC3521_rotmod.dat
NGC3521,7.7,5.15,218,12.2,20.46,264.51,0,143.45,0,1,75,41,27,0,NGC3521_rotmod.dat
NGC3521,7.7,5.32,213,23.1,20.65,260.81,0,128.98,0,1,75,41,28,0,NGC3521_rotmod.dat
NGC3521,7.7,5.49,215,21.2,20.74,257.41,0,118.36,0,1,75,41,29,0,NGC3521_rotmod.dat
NGC3521,7.7,5.67,216,18.3,21.02,254.02,0,108.99,0,1,75,41,30,0,NGC3521_rotmod.dat
NGC3521,7.7,5.84,208,31.7,21.3,251.09,0,100.28,0,1,75,41,31,0,NGC3521_rotmod.dat
NGC3521,7.7,6.01,212,25.3,21.67,248.27,0,93.06,0,1,75,41,32,0,NGC3521_rotmod.dat
NGC3521,7.7,6.19,213,23.8,22.04,245.66,0,85.94,0,1,75,41,33,0,NGC3521_rotmod.dat
NGC3521,7.7,6.35,216,19.6,22.51,243.33,0,77.79,0,1,75,41,34,0,NGC3521_rotmod.dat
NGC3521,7.7,6.64,210,25,23.63,238.82,0,62.26,0,1,75,41,35,0,NGC3521_rotmod.dat
NGC3521,7.7,8.82,210,10.7,34.97,209.65,0,27.97,0,1,75,41,36,0,NGC3521_rotmod.dat
NGC3521,7.7,11.07,210,10.7,43.44,188.05,0,11.92,0,1,75,41,37,0,NGC3521_rotmod.dat
NGC3521,7.7,13.32,206,6.25,45.95,172.02,0,6.19,0,1,75,41,38,0,NGC3521_rotmod.dat
NGC3521,7.7,15.49,206,6.25,45.39,159.31,0,1.91,0,1,75,41,39,0,NGC3521_rotmod.dat
NGC3521,7.7,17.74,206,10.7,42.23,147.38,0,0,0,1,75,41,40,0,NGC3521_rotmod.dat
NGC3726,18,3.5,102,7,0,138.23,0,367.95,0,2,53,12,0,0,NGC3726_rotmod.dat
NGC3726,18,5.24,125,6.1,0,163.99,0,200.43,0,2,53,12,1,0,NGC3726_rotmod.dat
NGC3726,18,6.98,145,4.9,8.76,177.95,0,156.27,0,2,53,12,2,0,NGC3726_rotmod.dat
NGC3726,18,8.72,164,3.9,23.82,182.72,0,66.34,0,2,53,12,3,0,NGC3726_rotmod.dat
NGC3726,18,10.47,162,4.8,31.14,173.68,0,42.03,0,2,53,12,4,0,NGC3726_rotmod.dat
NGC3726,18,12.19,160,4.8,37.29,166.41,0,26.8,0,2,53,12,5,0,NGC3726_rotmod.dat
NGC3726,18,13.94,156,4.8,46.45,159.41,0,15.65,0,2,53,12,6,0,NGC3726_rotmod.dat
NGC3726,18,16.03,146,4.85,53.13,148.01,0,6.69,0,2,53,12,7,0,NGC3726_rotmod.dat
NGC3726,18,22.3,158,4.9,48.17,124.21,0,1.41,0,2,53,12,8,0,NGC3726_rotmod.dat
NGC3726,18,27.52,168,10.6,42.67,109.5,0,0.29,0,2,53,12,9,0,NGC3726_rotmod.dat
NGC3726,18,30.08,169,10.6,40.52,103.96,0,0.14,0,2,53,12,10,0,NGC3726_rotmod.dat
NGC3726,18,32.52,167,15.2,39.01,99.53,0,0,0,2,53,12,11,0,NGC3726_rotmod.dat
NGC3741,3.21,0.23,13.1,2.19,2.45,11.6,0,35.93,0,1,70,21,0,0,NGC3741_rotmod.dat
NGC3741,3.21,0.47,17.3,2.39,4.75,13.88,0,9.96,0,1,70,21,1,0,NGC3741_rotmod.dat
NGC3741,3.21,0.7,23.6,2.21,6.71,13.02,0,2.76,0,1,70,21,2,0,NGC3741_rotmod.dat
NGC3741,3.21,0.93,26.2,2.21,7.8,11.93,0,1.21,0,1,70,21,3,0,NGC3741_rotmod.dat
NGC3741,3.21,1.17,27.4,2.24,8.39,10.78,0,0.32,0,1,70,21,4,0,NGC3741_rotmod.dat
NGC3741,3.21,1.4,26.9,2.23,8.84,9.72,0,0.1,0,1,70,21,5,0,NGC3741_rotmod.dat
NGC3741,3.21,1.64,27.4,2.21,9.23,8.89,0,0.03,0,1,70,21,6,0,NGC3741_rotmod.dat
NGC3741,3.21,1.87,31,2.2,9.41,8.25,0,0.01,0,1,70,21,7,0,NGC3741_rotmod.dat
NGC3741,3.21,2.1,32.5,2.19,9.55,7.73,0,0,0,1,70,21,8,0,NGC3741_rotmod.dat
NGC3741,3.21,2.33,33,2.19,10.05,7.3,0,0,0,1,70,21,9,0,NGC3741_rotmod.dat
NGC3741,3.21,2.57,36.5,2.2,10.65,6.92,0,0,0,1,70,21,10,0,NGC3741_rotmod.dat
NGC3741,3.21,2.8,38.9,2.21,11.28,6.62,0,0,0,1,70,21,11,0,NGC3741_rotmod.dat
NGC3741,3.21,3.26,41.5,2.21,12,6.11,0,0,0,1,70,21,12,0,NGC3741_rotmod.dat
NGC3741,3.21,3.73,42.7,2.2,12.41,5.7,0,0,0,1,70,21,13,0,NGC3741_rotmod.dat
NGC3741,3.21,4.21,44.7,2.22,13.14,5.36,0,0,0,1,70,21,14,0,NGC3741_rotmod.dat
NGC3741,3.21,4.67,46.7,2.24,13.55,5.09,0,0,0,1,70,21,15,0,NGC3741_rotmod.dat
NGC3741,3.21,5.14,48.5,2.27,13.86,4.84,0,0,0,1,70,21,16,0,NGC3741_rotmod.dat
NGC3741,3.21,5.61,50,2.32,13.86,4.63,0,0,0,1,70,21,17,0,NGC3741_rotmod.dat
NGC3741,3.21,6.07,50.2,2.4,13.76,4.45,0,0,0,1,70,21,18,0,NGC3741_rotmod.dat
NGC3741,3.21,6.54,50.1,2.57,13.55,4.29,0,0,0,1,70,21,19,0,NGC3741_rotmod.dat
NGC3741,3.21,7,51.6,3.24,13.34,4.14,0,0,0,1,70,21,20,0,NGC3741_rotmod.dat
NGC3769,18,1.74,87.5,9.4,11.85,126.23,0,363.15,0,2,70,12,0,0,NGC3769_rotmod.dat
NGC3769,18,3.5,106,7.1,22.09,136.2,0,106.15,0,2,70,12,1,0,NGC3769_rotmod.dat
NGC3769,18,5.24,116,5.3,28.99,123.81,0,34.23,0,2,70,12,2,0,NGC3769_rotmod.dat
NGC3769,18,6.98,125,5.7,34.81,109.91,0,11.25,0,2,70,12,3,0,NGC3769_rotmod.dat
NGC3769,18,8.72,126,4.4,36.96,98.62,0,3.98,0,2,70,12,4,0,NGC3769_rotmod.dat
NGC3769,18,10.47,123,4.4,36.75,89.83,0,2.58,0,2,70,12,5,0,NGC3769_rotmod.dat
NGC3769,18,12.31,118,4.6,34.7,83.14,0,1.42,0,2,70,12,6,0,NGC3769_rotmod.dat
NGC3769,18,14.52,115,6.4,34.16,76.18,0,0.61,0,2,70,12,7,0,NGC3769_rotmod.dat
NGC3769,18,17.07,122,15.2,34.92,70.2,0,0.41,0,2,70,12,8,0,NGC3769_rotmod.dat
NGC3769,18,31.82,121,10.2,33.73,50.64,0,0,0,2,70,12,9,0,NGC3769_rotmod.dat
NGC3769,18,34.61,118,10.4,32.54,48.51,0,0,0,2,70,12,10,0,NGC3769_rotmod.dat
NGC3769,18,37.16,113,10.5,31.57,46.75,0,0,0,2,70,12,11,0,NGC3769_rotmod.dat
NGC3877,18,0.87,37.8,9,0,101.87,0,753.73,0,2,76,13,0,0,NGC3877_rotmod.dat
NGC3877,18,1.74,80.1,9,0,114.98,0,473.06,0,2,76,13,1,0,NGC3877_rotmod.dat
NGC3877,18,2.61,121,8.5,0,122,0,368.22,0,2,76,13,2,0,NGC3877_rotmod.dat
NGC3877,18,3.5,142,7.3,8.66,132.74,0,317.36,0,2,76,13,3,0,NGC3877_rotmod.dat
NGC3877,18,4.37,153,6.2,14.44,143.94,0,289.49,0,2,76,13,4,0,NGC3877_rotmod.dat
NGC3877,18,5.24,160,5.3,18.43,159.88,0,271.83,0,2,76,13,5,0,NGC3877_rotmod.dat
NGC3877,18,6.11,162,5.3,22.09,181.37,0,236.6,0,2,76,13,6,0,NGC3877_rotmod.dat
NGC3877,18,6.98,167,4.5,25.11,193.57,0,173.2,0,2,76,13,7,0,NGC3877_rotmod.dat
NGC3877,18,7.85,169,5.3,26.73,197.84,0,132.05,0,2,76,13,8,0,NGC3877_rotmod.dat
NGC3877,18,8.72,171,4.9,28.23,200.86,0,101.24,0,2,76,13,9,0,NGC3877_rotmod.dat
NGC3877,18,9.6,171,4.9,29.63,201.7,0,66.99,0,2,76,13,10,0,NGC3877_rotmod.dat
NGC3877,18,10.47,170,5.7,30.28,195.05,0,43.34,0,2,76,13,11,0,NGC3877_rotmod.dat
NGC3877,18,11.35,169,7,30.28,189.75,0,31.05,0,2,76,13,12,0,NGC3877_rotmod.dat
NGC3893,18,1.74,145,6.8,17.89,202.16,0,1038.77,0,1,49,10,0,0,NGC3893_rotmod.dat
NGC3893,18,3.5,174,6.8,17.67,210.45,0,328.04,0,1,49,10,1,0,NGC3893_rotmod.dat
NGC3893,18,5.24,194,6.4,27.48,211.51,0,137,0,1,49,10,2,0,NGC3893_rotmod.dat
NGC3893,18,6.98,190,5.5,42.57,187.95,0,48.78,0,1,49,10,3,0,NGC3893_rotmod.dat
NGC3893,18,8.81,186,5.8,48.28,172.49,0,34.3,0,1,49,10,4,0,NGC3893_rotmod.dat
NGC3893,18,10.9,188,7,45.48,161.01,0,15.26,0,1,49,10,5,0,NGC3893_rotmod.dat
NGC3893,18,13.12,187,8.5,43.32,148.11,0,5.31,0,1,49,10,6,0,NGC3893_rotmod.dat
NGC3893,18,15.33,179,12.6,43.11,134.96,0,1.91,0,1,49,10,7,0,NGC3893_rotmod.dat
NGC3893,18,17.3,176,11.7,43.21,126.37,0,0.93,0,1,49,10,8,0,NGC3893_rotmod.dat
NGC3893,18,19.05,167,13.5,44.51,119.3,0,0,0,1,49,10,9,0,NGC3893_rotmod.dat
NGC3917,18,0.87,24.3,3.9,0,35.64,0,188.65,0,1,79,17,0,0,NGC3917_rotmod.dat
NGC3917,18,1.74,49.6,3.9,0,47.54,0,151.56,0,1,79,17,1,0,NGC3917_rotmod.dat
NGC3917,18,2.61,73.6,5.2,0,60.47,0,133.11,0,1,79,17,2,0,NGC3917_rotmod.dat
NGC3917,18,3.5,101,4.4,7.38,73.72,0,113.1,0,1,79,17,3,0,NGC3917_rotmod.dat
NGC3917,18,4.37,107,3.5,13.36,85.03,0,102.47,0,1,79,17,4,0,NGC3917_rotmod.dat
NGC3917,18,5.24,115,3.5,14.01,96.27,0,83.86,0,1,79,17,5,0,NGC3917_rotmod.dat
NGC3917,18,6.11,123,3.9,12.18,104.34,0,66.19,0,1,79,17,6,0,NGC3917_rotmod.dat
NGC3917,18,6.98,130,3.9,18.32,107.5,0,47.17,0,1,79,17,7,0,NGC3917_rotmod.dat
NGC3917,18,7.85,134,3.5,21.34,109.28,0,36.52,0,1,79,17,8,0,NGC3917_rotmod.dat
NGC3917,18,8.72,136,3.9,21.77,108.62,0,26.62,0,1,79,17,9,0,NGC3917_rotmod.dat
NGC3917,18,9.6,137,4,27.37,107.75,0,19.83,0,1,79,17,10,0,NGC3917_rotmod.dat
NGC3917,18,10.47,136,3.5,29.53,106.05,0,13.97,0,1,79,17,11,0,NGC3917_rotmod.dat
NGC3917,18,11.35,137,3.5,32.11,103.37,0,9.49,0,1,79,17,12,0,NGC3917_rotmod.dat
NGC3917,18,12.19,137,3.5,32.87,100.58,0,6.45,0,1,79,17,13,0,NGC3917_rotmod.dat
NGC3917,18,13.12,137,5,30.82,96.92,0,3.54,0,1,79,17,14,0,NGC3917_rotmod.dat
NGC3917,18,13.94,138,5,32.01,93.04,0,1.82,0,1,79,17,15,0,NGC3917_rotmod.dat
NGC3917,18,14.86,137,7.5,31.79,88.38,0,0.79,0,1,79,17,16,0,NGC3917_rotmod.dat
NGC3949,18,1.74,123,5.5,5.18,160.38,0,751.83,0,2,55,7,0,0,NGC3949_rotmod.dat
NGC3949,18,2.61,145,5.5,14.22,184.96,0,538.79,0,2,55,7,1,0,NGC3949_rotmod.dat
NGC3949,18,3.5,152,6.2,24.46,199.67,0,237.3,0,2,55,7,2,0,NGC3949_rotmod.dat
NGC3949,18,4.37,157,6.6,32.44,188.3,0,108.7,0,2,55,7,3,0,NGC3949_rotmod.dat
NGC3949,18,5.24,161,8.8,37.39,178.75,0,59.44,0,2,55,7,4,0,NGC3949_rotmod.dat
NGC3949,18,6.11,165,11.2,41.38,166.45,0,30.08,0,2,55,7,5,0,NGC3949_rotmod.dat
NGC3949,18,7.07,169,25.5,46.55,155.24,0,18.9,0,2,55,7,6,0,NGC3949_rotmod.dat
NGC3953,18,3.5,181,7.5,0,204.12,0,498.34,0,1,62,8,0,0,NGC3953_rotmod.dat
NGC3953,18,5.24,203,6.5,0,218.93,0,347.36,0,1,62,8,1,0,NGC3953_rotmod.dat
NGC3953,18,6.98,216,5.6,0,229.11,0,268.13,0,1,62,8,2,0,NGC3953_rotmod.dat
NGC3953,18,8.72,223,6.1,9.06,244.28,0,182.72,0,1,62,8,3,0,NGC3953_rotmod.dat
NGC3953,18,10.47,224,5.6,19.18,247.46,0,118.64,0,1,62,8,4,0,NGC3953_rotmod.dat
NGC3953,18,12.19,223,6.1,28.88,242.84,0,62.87,0,1,62,8,5,0,NGC3953_rotmod.dat
NGC3953,18,13.94,224,6.1,35.56,233.58,0,35.3,0,1,62,8,6,0,NGC3953_rotmod.dat
NGC3953,18,15.68,215,9.7,37.5,218.76,0,14.86,0,1,62,8,7,0,NGC3953_rotmod.dat
NGC3972,18,0.87,39.6,4.9,0,48.19,0,254.81,0,1,77,10,0,0,NGC3972_rotmod.dat
NGC3972,18,1.74,73,5.2,5.93,61.19,0,156.18,0,1,77,10,1,0,NGC3972_rotmod.dat
NGC3972,18,2.61,89.4,6.6,7.31,74.23,0,134.66,0,1,77,10,2,0,NGC3972_rotmod.dat
NGC3972,18,3.5,102,5.3,13.47,83.56,0,89.27,0,1,77,10,3,0,NGC3972_rotmod.dat
NGC3972,18,4.37,110,4.4,16.7,88.18,0,79.83,0,1,77,10,4,0,NGC3972_rotmod.dat
NGC3972,18,5.24,116,4.4,20.91,99.34,0,68.87,0,1,77,10,5,0,NGC3972_rotmod.dat
NGC3972,18,6.11,123,4.4,24.68,106.44,0,37.78,0,1,77,10,6,0,NGC3972_rotmod.dat
NGC3972,18,6.98,130,3.9,28.34,102.6,0,19.69,0,1,77,10,7,0,NGC3972_rotmod.dat
NGC3972,18,7.85,134,6.1,30.6,97.1,0,11.87,0,1,77,10,8,0,NGC3972_rotmod.dat
NGC3972,18,8.72,134,4.9,30.07,92.41,0,8.09,0,1,77,10,9,0,NGC3972_rotmod.dat
NGC3992,23.7,9.19,248,7,0,218.11,0,212.17,0,1,56,9,0,0,NGC3992_rotmod.dat
NGC3992,23.7,13.79,264,6.6,6.57,246.64,0,123.44,0,1,56,9,1,0,NGC3992_rotmod.dat
NGC3992,23.7,18.35,272,5.7,31.53,243.17,0,50.16,0,1,56,9,2,0,NGC3992_rotmod.dat
NGC3992,23.7,22.94,271,5.7,46.25,231.91,0,20.58,0,1,56,9,3,0,NGC3992_rotmod.dat
NGC3992,23.7,27.52,264,5.3,52.31,206.95,0,5.11,0,1,56,9,4,0,NGC3992_rotmod.dat
NGC3992,23.7,32.11,242,7.4,49.34,187.25,0,2.48,0,1,56,9,5,0,NGC3992_rotmod.dat
NGC3992,23.7,36.7,244,5.3,46.74,173.25,0,1.13,0,1,56,9,6,0,NGC3992_rotmod.dat
NGC3992,23.7,41.44,241,6.2,45.26,161.14,0,0.43,0,1,56,9,7,0,NGC3992_rotmod.dat
NGC3992,23.7,46.02,237,8.6,44.89,151.17,0,0,0,1,56,9,8,0,NGC3992_rotmod.dat
NGC4010,18,0.87,39.3,6.6,0,32.75,0,255.76,0,2,89,12,0,0,NGC4010_rotmod.dat
NGC4010,18,1.74,54.6,5.6,11.53,62.91,0,223.85,0,2,89,12,1,0,NGC4010_rotmod.dat
NGC4010,18,2.61,65.5,6.7,13.36,83.12,0,159.05,0,2,89,12,2,0,NGC4010_rotmod.dat
NGC4010,18,3.5,83.9,5.2,15.73,93.77,0,100.83,0,2,89,12,3,0,NGC4010_rotmod.dat
NGC4010,18,4.37,94.3,6.3,19.72,97.55,0,71.56,0,2,89,12,4,0,NGC4010_rotmod.dat
NGC4010,18,5.24,104,5.7,22.31,98.14,0,51.09,0,2,89,12,5,0,NGC4010_rotmod.dat
NGC4010,18,6.11,115,5.1,25.86,98.57,0,39.41,0,2,89,12,6,0,NGC4010_rotmod.dat
NGC4010,18,6.98,127,5.1,29.63,99.07,0,31,0,2,89,12,7,0,NGC4010_rotmod.dat
NGC4010,18,7.85,129,5.1,33.19,99.28,0,20.82,0,2,89,12,8,0,NGC4010_rotmod.dat
NGC4010,18,8.72,127,5.1,36.53,96.65,0,13.73,0,2,89,12,9,0,NGC4010_rotmod.dat
NGC4010,18,9.6,124,5.1,35.56,93.39,0,9.74,0,2,89,12,10,0,NGC4010_rotmod.dat
NGC4010,18,10.47,122,3.9,33.73,90.22,0,6.87,0,2,89,12,11,0,NGC4010_rotmod.dat
NGC4013,18,5.49,198,10,0,186.83,108.11,258.72,6.53,2,89,36,0,0,NGC4013_rotmod.dat
NGC4013,18,6.17,195,5,10.14,197.4,102.7,211.17,3.26,2,89,36,1,0,NGC4013_rotmod.dat
NGC4013,18,6.92,194,4,19.07,203.18,97.43,152.63,1.51,2,89,36,2,0,NGC4013_rotmod.dat
NGC4013,18,7.69,195,3,24.03,205.95,92.74,114.26,0.69,2,89,36,3,0,NGC4013_rotmod.dat
NGC4013,18,8.36,195,3,26.62,205.73,88.92,79.51,0.35,2,89,36,4,0,NGC4013_rotmod.dat
NGC4013,18,9.12,195,3,28.67,202.75,85.21,49.71,0.16,2,89,36,5,0,NGC4013_rotmod.dat
NGC4013,18,9.88,192,7,29.74,195.44,81.9,20.91,0.07,2,89,36,6,0,NGC4013_rotmod.dat
NGC4013,18,10.56,188,8,29.63,185.44,79.23,9.67,0.04,2,89,36,7,0,NGC4013_rotmod.dat
NGC4013,18,11.31,186,7,29.42,175.66,76.58,4.66,0.02,2,89,36,8,0,NGC4013_rotmod.dat
NGC4013,18,12.08,186,6,29.85,166.96,74.1,2.88,0.01,2,89,36,9,0,NGC4013_rotmod.dat
NGC4013,18,12.77,186,5,30.5,160.29,72.07,1.8,0,2,89,36,10,0,NGC4013_rotmod.dat
NGC4013,18,13.47,185,6,31.57,154.56,70.18,1.31,0,2,89,36,11,0,NGC4013_rotmod.dat
NGC4013,18,14.17,180,10,32.44,149.44,68.41,0.82,0,2,89,36,12,0,NGC4013_rotmod.dat
NGC4013,18,14.98,163,8,32.98,144.15,66.54,0.43,0,2,89,36,13,0,NGC4013_rotmod.dat
NGC4013,18,15.68,162,6,32.44,140.03,65.04,0.22,0,2,89,36,14,0,NGC4013_rotmod.dat
NGC4013,18,16.37,164,5,31.79,136.17,63.66,0,0,2,89,36,15,0,NGC4013_rotmod.dat
NGC4013,18,17.19,166,5,30.82,132.07,62.12,0,0,2,89,36,16,0,NGC4013_rotmod.dat
NGC4013,18,17.88,166,5,29.63,128.95,60.91,0,0,2,89,36,17,0,NGC4013_rotmod.dat
NGC4013,18,18.58,166,5,28.56,126.05,59.75,0,0,2,89,36,18,0,NGC4013_rotmod.dat
NGC4013,18,19.39,166,5,27.91,122.95,58.49,0,0,2,89,36,19,0,NGC4013_rotmod.dat
NGC4013,18,20.09,168,5,27.26,120.47,57.46,0,0,2,89,36,20,0,NGC4013_rotmod.dat
NGC4013,18,20.79,172,5,26.4,118.15,56.49,0,0,2,89,36,21,0,NGC4013_rotmod.dat
NGC4013,18,21.48,173,5,25.97,116,55.57,0,0,2,89,36,22,0,NGC4013_rotmod.dat
NGC4013,18,22.3,171,5,26.08,113.61,54.54,0,0,2,89,36,23,0,NGC4013_rotmod.dat
NGC4013,18,22.99,170,5,26.4,111.72,53.72,0,0,2,89,36,24,0,NGC4013_rotmod.dat
NGC4013,18,23.69,172,5,27.16,109.89,52.92,0,0,2,89,36,25,0,NGC4013_rotmod.dat
NGC4013,18,24.39,173,5,28.88,108.16,52.15,0,0,2,89,36,26,0,NGC4013_rotmod.dat
NGC4013,18,25.2,176,5,30.17,106.26,51.31,0,0,2,89,36,27,0,NGC4013_rotmod.dat
NGC4013,18,25.9,178,5,29.96,104.71,50.61,0,0,2,89,36,28,0,NGC4013_rotmod.dat
NGC4013,18,26.59,180,6,29.63,103.24,49.95,0,0,2,89,36,29,0,NGC4013_rotmod.dat
NGC4013,18,27.41,180,8,29.1,101.58,49.19,0,0,2,89,36,30,0,NGC4013_rotmod.dat
NGC4013,18,28.1,180,5,28.45,100.24,48.59,0,0,2,89,36,31,0,NGC4013_rotmod.dat
NGC4013,18,28.8,180,5,28.02,98.94,47.99,0,0,2,89,36,32,0,NGC4013_rotmod.dat
NGC4013,18,29.61,178,5,27.59,97.5,47.33,0,0,2,89,36,33,0,NGC4013_rotmod.dat
NGC4013,18,30.31,174,5,27.59,96.31,46.78,0,0,2,89,36,34,0,NGC4013_rotmod.dat
NGC4013,18,31.01,170,10,26.19,95.16,46.25,0,0,2,89,36,35,0,NGC4013_rotmod.dat
NGC4051,18,1.74,121,14.8,0,169,0,395.16,0,2,49,7,0,0,NGC4051_rotmod.dat
NGC4051,18,3.5,116,7.8,0,138.74,0,255.5,0,2,49,7,1,0,NGC4051_rotmod.dat
NGC4051,18,5.24,140,7,9.08,151.11,0,263.4,0,2,49,7,2,0,NGC4051_rotmod.dat
NGC4051,18,6.98,160,6.6,18.43,181.17,0,178.76,0,2,49,7,3,0,NGC4051_rotmod.dat
NGC4051,18,8.72,161,5.2,29.1,195.63,0,87.69,0,2,49,7,4,0,NGC4051_rotmod.dat
NGC4051,18,10.47,154,7.4,34.92,181.53,0,46.6,0,2,49,7,5,0,NGC4051_rotmod.dat
NGC4051,18,12.19,153,9.8,38.79,169.17,0,35.22,0,2,49,7,6,0,NGC4051_rotmod.dat
NGC4068,4.37,0.21,4.68,3.65,0.92,6.84,0,43.41,0,2,44,6,0,0,NGC4068_rotmod.dat
NGC4068,4.37,0.64,13.1,3.44,4.01,16.7,0,35.39,0,2,44,6,1,0,NGC4068_rotmod.dat
NGC4068,4.37,1.06,22.5,2.45,7.7,21.47,0,19.75,0,2,44,6,2,0,NGC4068_rotmod.dat
NGC4068,4.37,1.48,30.4,1.71,12.5,23.36,0,11.73,0,2,44,6,3,0,NGC4068_rotmod.dat
NGC4068,4.37,1.91,36,1.7,17.24,23.95,0,5.17,0,2,44,6,4,0,NGC4068_rotmod.dat
NGC4068,4.37,2.33,41.9,4.97,19.86,22.61,0,2.22,0,2,44,6,5,0,NGC4068_rotmod.dat
NGC4085,18,0.87,42.2,7.3,0,94.8,0,888.2,0,2,82,7,0,0,NGC4085_rotmod.dat
NGC4085,18,1.74,79.9,5.9,11.42,129.33,0,459.63,0,2,82,7,1,0,NGC4085_rotmod.dat
NGC4085,18,2.71,112,6.2,11.32,142.76,0,257.04,0,2,82,7,2,0,NGC4085_rotmod.dat
NGC4085,18,3.58,127,4.9,18.54,148.78,0,177.75,0,2,82,7,3,0,NGC4085_rotmod.dat
NGC4085,18,4.45,130,4.9,23.17,155.31,0,98.21,0,2,82,7,4,0,NGC4085_rotmod.dat
NGC4085,18,5.32,133,4.5,25.76,149.59,0,42.75,0,2,82,7,5,0,NGC4085_rotmod.dat
NGC4085,18,6.2,136,7.4,25,139.16,0,13.28,0,2,82,7,6,0,NGC4085_rotmod.dat
NGC4088,18,1.74,84.9,11.3,0,137.12,0,790.04,0,1,69,12,0,0,NGC4088_rotmod.dat
NGC4088,18,3.5,136,9.9,0,180.27,0,652.93,0,1,69,12,1,0,NGC4088_rotmod.dat
NGC4088,18,5.24,162,8,16.92,240.94,0,469.12,0,1,69,12,2,0,NGC4088_rotmod.dat
NGC4088,18,6.98,179,6.5,31.57,264.14,0,205.9,0,1,69,12,3,0,NGC4088_rotmod.dat
NGC4088,18,8.72,182,6.1,42.24,243.55,0,95.39,0,1,69,12,4,0,NGC4088_rotmod.dat
NGC4088,18,10.47,179,7,48.71,230.28,0,52.19,0,1,69,12,5,0,NGC4088_rotmod.dat
NGC4088,18,12.19,174,6.2,53.67,219.07,0,21.94,0,1,69,12,6,0,NGC4088_rotmod.dat
NGC4088,18,13.94,171,7.2,54.74,199.15,0,5.09,0,1,69,12,7,0,NGC4088_rotmod.dat
NGC4088,18,15.68,168,6.1,54.64,184.18,0,3.51,0,1,69,12,8,0,NGC4088_rotmod.dat
NGC4088,18,17.42,165,5.6,53.77,172.93,0,1.72,0,1,69,12,9,0,NGC4088_rotmod.dat
NGC4088,18,19.28,171,8.6,52.37,162.7,0,0.85,0,1,69,12,10,0,NGC4088_rotmod.dat
NGC4088,18,21.48,174,7.6,50.22,152.44,0,0,0,1,69,12,11,0,NGC4088_rotmod.dat
NGC4100,18,2.61,120,10.5,5.71,126.18,0,351.27,0,1,73,24,0,0,NGC4100_rotmod.dat
NGC4100,18,3.5,148,7.5,9.28,135.14,0,336.69,0,1,73,24,1,0,NGC4100_rotmod.dat
NGC4100,18,4.37,168,6.2,13.15,152.52,0,312.74,0,1,73,24,2,0,NGC4100_rotmod.dat
NGC4100,18,5.24,182,6.1,16.38,177.98,0,278.01,0,1,73,24,3,0,NGC4100_rotmod.dat
NGC4100,18,6.11,190,5.2,19.18,196.88,0,213.01,0,1,73,24,4,0,NGC4100_rotmod.dat
NGC4100,18,6.98,194,5.7,21.66,207.03,0,123.77,0,1,73,24,5,0,NGC4100_rotmod.dat
NGC4100,18,7.85,195,6.1,23.38,198.89,0,64.81,0,1,73,24,6,0,NGC4100_rotmod.dat
NGC4100,18,8.72,193,4.8,24.46,191.25,0,40.14,0,1,73,24,7,0,NGC4100_rotmod.dat
NGC4100,18,9.6,192,3.9,25,180.26,0,21.59,0,1,73,24,8,0,NGC4100_rotmod.dat
NGC4100,18,10.47,192,3.5,25.65,169.65,0,15.04,0,1,73,24,9,0,NGC4100_rotmod.dat
NGC4100,18,11.35,191,4.4,26.73,162.03,0,13.24,0,1,73,24,10,0,NGC4100_rotmod.dat
NGC4100,18,12.19,189,4.8,28.34,157.28,0,11.29,0,1,73,24,11,0,NGC4100_rotmod.dat
NGC4100,18,13.12,185,5.3,30.6,152.13,0,6.56,0,1,73,24,12,0,NGC4100_rotmod.dat
NGC4100,18,13.94,182,4.5,32.54,146.63,0,4.29,0,1,73,24,13,0,NGC4100_rotmod.dat
NGC4100,18,14.86,179,6.6,34.38,141.01,0,2.82,0,1,73,24,14,0,NGC4100_rotmod.dat
NGC4100,18,15.68,176,6.2,36.42,136.34,0,2.06,0,1,73,24,15,0,NGC4100_rotmod.dat
NGC4100,18,16.61,174,6.6,38.36,131.69,0,1.52,0,1,73,24,16,0,NGC4100_rotmod.dat
NGC4100,18,17.42,178,8.7,38.9,128.17,0,1.33,0,1,73,24,17,0,NGC4100_rotmod.dat
NGC4100,18,18.35,177,6.2,37.93,124.63,0,0.81,0,1,73,24,18,0,NGC4100_rotmod.dat
NGC4100,18,19.16,169,5.9,36.96,121.38,0,0.36,0,1,73,24,19,0,NGC4100_rotmod.dat
NGC4100,18,20.09,158,6.3,36.1,117.8,0,0.2,0,1,73,24,20,0,NGC4100_rotmod.dat
NGC4100,18,21.02,158,7.6,34.92,114.69,0,0.16,0,1,73,24,21,0,NGC4100_rotmod.dat
NGC4100,18,21.95,158,8.9,33.73,111.9,0,0.11,0,1,73,24,22,0,NGC4100_rotmod.dat
NGC4100,18,22.76,159,9,32.65,109.45,0,0,0,1,73,24,23,0,NGC4100_rotmod.dat
NGC4138,18,2.61,179,14.7,8.52,197.55,118.24,455.38,0,2,53,7,0,0,NGC4138_rotmod.dat
NGC4138,18,5.24,195,6.8,19.72,177.52,83.47,58.82,0,2,53,7,1,0,NGC4138_rotmod.dat
NGC4138,18,7.85,181,9.8,23.38,148.4,68.2,14.08,0,2,53,7,2,0,NGC4138_rotmod.dat
NGC4138,18,10.65,162,20.4,20.04,126.45,58.55,2.75,0,2,53,7,3,0,NGC4138_rotmod.dat
NGC4138,18,13.47,145,9.6,20.8,110.59,52.06,0.23,0,2,53,7,4,0,NGC4138_rotmod.dat
NGC4138,18,16.03,147,17.9,22.85,100.09,47.73,0.06,0,2,53,7,5,0,NGC4138_rotmod.dat
NGC4138,18,18.58,150,21,23.38,92.33,44.33,0,0,2,53,7,6,0,NGC4138_rotmod.dat
NGC4157,18,1.74,96.4,12.1,5.73,129.95,70.64,1123.87,0.01,1,82,17,0,0,NGC4157_rotmod.dat
NGC4157,18,3.5,157,10.5,16.49,217.21,49.8,658.27,0,1,82,17,1,0,NGC4157_rotmod.dat
NGC4157,18,5.24,192,8.4,21.44,237.63,40.7,352.95,0,1,82,17,2,0,NGC4157_rotmod.dat
NGC4157,18,6.98,201,6.9,24.35,246.25,35.27,198.18,0,1,82,17,3,0,NGC4157_rotmod.dat
NGC4157,18,8.72,201,7.3,30.5,251.02,31.55,108.77,0,1,82,17,4,0,NGC4157_rotmod.dat
NGC4157,18,10.47,194,6.4,41.92,230.73,28.8,29.25,0,1,82,17,5,0,NGC4157_rotmod.dat
NGC4157,18,12.19,190,6,51.62,208.57,26.69,13.48,0,1,82,17,6,0,NGC4157_rotmod.dat
NGC4157,18,13.94,186,6.4,50.11,192.8,24.96,7.5,0,1,82,17,7,0,NGC4157_rotmod.dat
NGC4157,18,15.68,184,6.4,48.39,179.28,23.53,4.2,0,1,82,17,8,0,NGC4157_rotmod.dat
NGC4157,18,17.42,182,7.3,52.05,169.24,22.32,2.43,0,1,82,17,9,0,NGC4157_rotmod.dat
NGC4157,18,19.16,181,6.6,50.54,160.07,21.29,0.66,0,1,82,17,10,0,NGC4157_rotmod.dat
NGC4157,18,20.9,183,6.5,48.06,151.49,20.38,0.54,0,1,82,17,11,0,NGC4157_rotmod.dat
NGC4157,18,22.65,185,6.5,52.27,145,19.58,0.28,0,1,82,17,12,0,NGC4157_rotmod.dat
NGC4157,18,24.39,186,9.1,50.33,138.91,18.87,0.07,0,1,82,17,13,0,NGC4157_rotmod.dat
NGC4157,18,26.13,186,11.4,47.42,133.62,18.23,0.04,0,1,82,17,14,0,NGC4157_rotmod.dat
NGC4157,18,27.87,184,13.6,44.83,128.95,17.65,0.02,0,1,82,17,15,0,NGC4157_rotmod.dat
NGC4157,18,29.61,185,13.6,43,124.77,17.12,0,0,1,82,17,16,0,NGC4157_rotmod.dat
NGC4183,18,0.87,47.1,8.2,2.5,39.16,0,160.21,0,1,82,23,0,0,NGC4183_rotmod.dat
NGC4183,18,1.74,65.9,6.6,5.78,48.78,0,95.41,0,1,82,23,1,0,NGC4183_rotmod.dat
NGC4183,18,2.61,76.1,5.6,11.64,56.83,0,69.97,0,1,82,23,2,0,NGC4183_rotmod.dat
NGC4183,18,3.5,85.7,5.6,13.9,59.49,0,54.44,0,1,82,23,3,0,NGC4183_rotmod.dat
NGC4183,18,4.37,96.6,5.2,17.89,65.42,0,44.82,0,1,82,23,4,0,NGC4183_rotmod.dat
NGC4183,18,5.24,99.3,5.2,23.49,68.37,0,36.54,0,1,82,23,5,0,NGC4183_rotmod.dat
NGC4183,18,6.11,103,5.2,25.97,71.96,0,32.09,0,1,82,23,6,0,NGC4183_rotmod.dat
NGC4183,18,6.98,107,5.2,27.48,75.74,0,24.66,0,1,82,23,7,0,NGC4183_rotmod.dat
NGC4183,18,7.85,111,5.2,31.47,78.27,0,19.68,0,1,82,23,8,0,NGC4183_rotmod.dat
NGC4183,18,8.72,114,6.1,35.45,80.37,0,13.34,0,1,82,23,9,0,NGC4183_rotmod.dat
NGC4183,18,9.6,115,6.1,36.42,78.73,0,7.13,0,1,82,23,10,0,NGC4183_rotmod.dat
NGC4183,18,10.47,111,5.6,37.82,74.74,0,3.83,0,1,82,23,11,0,NGC4183_rotmod.dat
NGC4183,18,11.35,110,5.6,41.81,70.87,0,2.47,0,1,82,23,12,0,NGC4183_rotmod.dat
NGC4183,18,12.31,111,5.2,40.2,67.15,0,1.7,0,1,82,23,13,0,NGC4183_rotmod.dat
NGC4183,18,13.12,109,4.8,38.58,64.51,0,1.38,0,1,82,23,14,0,NGC4183_rotmod.dat
NGC4183,18,14.05,108,4.4,38.15,61.97,0,1.09,0,1,82,23,15,0,NGC4183_rotmod.dat
NGC4183,18,14.98,109,5.2,39.01,59.84,0,0.89,0,1,82,23,16,0,NGC4183_rotmod.dat
NGC4183,18,16.03,111,5.3,38.26,57.82,0,0.71,0,1,82,23,17,0,NGC4183_rotmod.dat
NGC4183,18,16.95,110,4.9,36.53,56.23,0,0.5,0,1,82,23,18,0,NGC4183_rotmod.dat
NGC4183,18,17.88,109,4.9,37.39,54.53,0,0.34,0,1,82,23,19,0,NGC4183_rotmod.dat
NGC4183,18,18.93,110,5.3,36.86,52.76,0,0.26,0,1,82,23,20,0,NGC4183_rotmod.dat
NGC4183,18,19.97,112,10.2,35.67,51.32,0,0.18,0,1,82,23,21,0,NGC4183_rotmod.dat
NGC4183,18,21.02,113,11.5,35.35,49.87,0,0,0,1,82,23,22,0,NGC4183_rotmod.dat
NGC4217,18,0.87,47.8,8.2,3.06,22.47,153.43,149.17,3961.96,1,86,19,0,0,NGC4217_rotmod.dat
NGC4217,18,1.74,98.9,8.2,12.07,39.91,217.64,130.84,2479.37,1,86,19,1,0,NGC4217_rotmod.dat
NGC4217,18,2.61,146,7.7,14.22,54.38,259.32,114.76,1223.98,1,86,19,2,0,NGC4217_rotmod.dat
NGC4217,18,3.5,164,6.4,13.58,67.47,273.94,99.78,265.76,1,86,19,3,0,NGC4217_rotmod.dat
NGC4217,18,4.37,174,5.95,15.41,76.15,256.31,85.76,44.82,1,86,19,4,0,NGC4217_rotmod.dat
NGC4217,18,5.24,175,6,20.15,86.2,236.55,77.15,7.58,1,86,19,5,0,NGC4217_rotmod.dat
NGC4217,18,6.11,184,6.4,23.71,98.08,219.32,66.37,1.29,1,86,19,6,0,NGC4217_rotmod.dat
NGC4217,18,6.98,185,6.4,21.44,106.18,205.28,49.85,0.22,1,86,19,7,0,NGC4217_rotmod.dat
NGC4217,18,7.85,188,6.65,24.46,114.52,193.65,30.1,0.04,1,86,19,8,0,NGC4217_rotmod.dat
NGC4217,18,8.72,190,7.35,27.91,106.83,183.73,8.06,0.01,1,86,19,9,0,NGC4217_rotmod.dat
NGC4217,18,9.6,191,6.4,30.71,97.81,175.09,4.44,0,1,86,19,10,0,NGC4217_rotmod.dat
NGC4217,18,10.47,191,5.55,32.87,91.79,167.63,3.82,0,1,86,19,11,0,NGC4217_rotmod.dat
NGC4217,18,11.35,189,5.95,33.95,87.56,161.03,3.27,0,1,86,19,12,0,NGC4217_rotmod.dat
NGC4217,18,12.19,186,6.85,32.87,84.33,155.43,2.45,0,1,86,19,13,0,NGC4217_rotmod.dat
NGC4217,18,13.12,183,6.4,32.44,81.01,149.82,1.62,0,1,86,19,14,0,NGC4217_rotmod.dat
NGC4217,18,13.94,179,6.85,31.36,78.12,145.35,1.12,0,1,86,19,15,0,NGC4217_rotmod.dat
NGC4217,18,14.86,177,7.25,30.5,75.23,140.78,0.75,0,1,86,19,16,0,NGC4217_rotmod.dat
NGC4217,18,15.79,177,8.55,31.36,72.41,136.57,0.5,0,1,86,19,17,0,NGC4217_rotmod.dat
NGC4217,18,16.72,178,12,33.41,69.87,132.72,0.36,0,1,86,19,18,0,NGC4217_rotmod.dat
NGC4559,9,0.67,43.8,10.9,-1.86,59.04,0,523.98,0,1,67,32,0,1,NGC4559_rotmod.dat
NGC4559,9,1.32,64.2,7.71,-3.8,76.34,0,311.22,0,1,67,32,1,1,NGC4559_rotmod.dat
NGC4559,9,1.97,73.3,8.62,-4.48,88.63,0,232.08,0,1,67,32,2,1,NGC4559_rotmod.dat
NGC4559,9,2.62,84.2,8.4,7.23,96.45,0,182.74,0,1,67,32,3,0,NGC4559_rotmod.dat
NGC4559,9,3.28,96.2,5.67,12.91,105.73,0,154.57,0,1,67,32,4,0,NGC4559_rotmod.dat
NGC4559,9,3.93,102,4.79,15.03,114.11,0,115.04,0,1,67,32,5,0,NGC4559_rotmod.dat
NGC4559,9,4.58,104,5.67,16.47,116.44,0,74.83,0,1,67,32,6,0,NGC4559_rotmod.dat
NGC4559,9,5.22,106,5.37,19.07,115.33,0,58.17,0,1,67,32,7,0,NGC4559_rotmod.dat
NGC4559,9,5.9,106,5.24,21.96,114.16,0,42.87,0,1,67,32,8,0,NGC4559_rotmod.dat
NGC4559,9,6.54,108,5.22,24.08,111.48,0,31.37,0,1,67,32,9,0,NGC4559_rotmod.dat
NGC4559,9,7.19,111,4.68,26.59,108.69,0,28.23,0,1,67,32,10,0,NGC4559_rotmod.dat
NGC4559,9,7.87,114,4.61,28.42,108.61,0,23.82,0,1,67,32,11,0,NGC4559_rotmod.dat
NGC4559,9,8.51,116,4.47,29.67,108.62,0,17.55,0,1,67,32,12,0,NGC4559_rotmod.dat
NGC4559,9,9.16,117,5.22,30.73,106.75,0,10.87,0,1,67,32,13,0,NGC4559_rotmod.dat
NGC4559,9,9.84,118,5.22,33.62,102.47,0,5.62,0,1,67,32,14,0,NGC4559_rotmod.dat
NGC4559,9,10.48,120,4.5,36.6,98.04,0,4.16,0,1,67,32,15,0,NGC4559_rotmod.dat
NGC4559,9,11.13,121,3.62,38.63,94.48,0,2.94,0,1,67,32,16,0,NGC4559_rotmod.dat
NGC4559,9,11.78,122,3.17,39.4,91.23,0,2.24,0,1,67,32,17,0,NGC4559_rotmod.dat
NGC4559,9,12.43,122,2.74,39.69,88.36,0,1.71,0,1,67,32,18,0,NGC4559_rotmod.dat
NGC4559,9,13.08,122,3.18,40.46,85.84,0,1.3,0,1,67,32,19,0,NGC4559_rotmod.dat
NGC4559,9,13.73,123,3.56,42,83.43,0,0.82,0,1,67,32,20,0,NGC4559_rotmod.dat
NGC4559,9,14.38,124,4.31,43.44,80.87,0,0.52,0,1,67,32,21,0,NGC4559_rotmod.dat
NGC4559,9,15.03,124,4.76,44.21,78.55,0,0.5,0,1,67,32,22,0,NGC4559_rotmod.dat
NGC4559,9,15.68,123,5.23,45.27,76.81,0,0.52,0,1,67,32,23,0,NGC4559_rotmod.dat
NGC4559,9,16.33,123,5.66,46.72,75.17,0,0.37,0,1,67,32,24,0,NGC4559_rotmod.dat
NGC4559,9,16.98,123,5.62,48.07,73.49,0,0.21,0,1,67,32,25,0,NGC4559_rotmod.dat
NGC4559,9,17.72,121,5.67,49.41,71.61,0,0.14,0,1,67,32,26,0,NGC4559_rotmod.dat
NGC4559,9,18.28,122,6.32,50.57,70.3,0,0.12,0,1,67,32,27,0,NGC4559_rotmod.dat
NGC4559,9,19.02,122,6.35,51.53,68.7,0,0.08,0,1,67,32,28,0,NGC4559_rotmod.dat
NGC4559,9,19.67,121,5.86,52.02,67.38,0,0.06,0,1,67,32,29,0,NGC4559_rotmod.dat
NGC4559,9,20.32,120,5.94,52.11,66.16,0,0.04,0,1,67,32,30,0,NGC4559_rotmod.dat
NGC4559,9,20.97,119,6.13,51.82,65.01,0,0,0,1,67,32,31,0,NGC4559_rotmod.dat
NGC5005,16.9,0.49,211,40.1,64.37,73.17,233.76,3509.72,10533.68,1,68,18,0,0,NGC5005_rotmod.dat
NGC5005,16.9,0.98,233,17.4,75.6,130.38,272.92,2885.72,1394.2,1,68,18,1,0,NGC5005_rotmod.dat
NGC5005,16.9,1.47,227,14.4,68.11,176.13,246.78,2383.47,5.62,1,68,18,2,0,NGC5005_rotmod.dat
NGC5005,16.9,1.97,234,10.8,61.94,213.49,213.16,1967.84,0,1,68,18,3,0,NGC5005_rotmod.dat
NGC5005,16.9,2.46,245,7.67,60.52,244.17,190.74,1571.81,0,1,68,18,4,0,NGC5005_rotmod.dat
NGC5005,16.9,2.95,244,23.3,69.43,261.9,174.18,1161.8,0,1,68,18,5,0,NGC5005_rotmod.dat
NGC5005,16.9,3.44,261,23.3,75.4,273.58,161.3,867.89,0,1,68,18,6,0,NGC5005_rotmod.dat
NGC5005,16.9,3.93,259,22.7,73.37,276.37,150.91,643.49,0,1,68,18,7,0,NGC5005_rotmod.dat
NGC5005,16.9,4.42,258,22.7,68.82,276.54,142.3,560.73,0,1,68,18,8,0,NGC5005_rotmod.dat
NGC5005,16.9,4.92,258,22.5,65.78,278.71,134.88,482.38,0,1,68,18,9,0,NGC5005_rotmod.dat
NGC5005,16.9,5.74,261,22.4,61.84,282.13,124.87,387.42,0,1,68,18,10,0,NGC5005_rotmod.dat
NGC5005,16.9,6.56,263,22.4,59.41,284.24,116.81,278.87,0,1,68,18,11,0,NGC5005_rotmod.dat
NGC5005,16.9,7.37,264,22.3,58.09,281.24,110.2,208.81,0,1,68,18,12,0,NGC5005_rotmod.dat
NGC5005,16.9,8.19,265,22.2,58.09,279.02,104.54,169.08,0,1,68,18,13,0,NGC5005_rotmod.dat
NGC5005,16.9,9.01,265,22.2,58.19,277.3,99.67,124.55,0,1,68,18,14,0,NGC5005_rotmod.dat
NGC5005,16.9,9.83,264,22,57.28,272.35,95.42,80.7,0,1,68,18,15,0,NGC5005_rotmod.dat
NGC5005,16.9,10.65,264,21.9,55.06,264.11,91.67,49.29,0,1,68,18,16,0,NGC5005_rotmod.dat
NGC5005,16.9,11.47,265,22,51.82,254.75,88.34,31.13,0,1,68,18,17,0,NGC5005_rotmod.dat
NGC5033,15.7,0.76,206,16,2.44,95.41,277.3,2166.2,3616.11,1,66,22,0,0,NGC5033_rotmod.dat
NGC5033,15.7,2.28,214,10,5.15,214.07,218.08,1233.88,0,1,66,22,1,0,NGC5033_rotmod.dat
NGC5033,15.7,3.8,222,8,8.48,237.47,168.95,307.23,0,1,66,22,2,0,NGC5033_rotmod.dat
NGC5033,15.7,5.33,224,8,16.65,222.81,142.66,137.83,0,1,66,22,3,0,NGC5033_rotmod.dat
NGC5033,15.7,6.85,225,8,22.4,206.17,125.84,63.77,0,1,66,22,4,0,NGC5033_rotmod.dat
NGC5033,15.7,8,222,6,24.58,191.74,116.44,46.48,0,1,66,22,5,0,NGC5033_rotmod.dat
NGC5033,15.7,10.28,220,3,28.49,177.55,102.72,37.35,0,1,66,22,6,0,NGC5033_rotmod.dat
NGC5033,15.7,12.56,218,2,30.21,168.02,92.93,20.51,0,1,66,22,7,0,NGC5033_rotmod.dat
NGC5033,15.7,14.91,219,2,36.41,156.39,85.29,11.48,0,1,66,22,8,0,NGC5033_rotmod.dat
NGC5033,15.7,17.15,217,2,41.69,147.04,79.53,8.58,0,1,66,22,9,0,NGC5033_rotmod.dat
NGC5033,15.7,19.39,218,2,45.72,140.32,74.79,7.31,0,1,66,22,10,0,NGC5033_rotmod.dat
NGC5033,15.7,21.64,220,2,51.92,136.88,70.8,5.24,0,1,66,22,11,0,NGC5033_rotmod.dat
NGC5033,15.7,24.01,222,2,56.74,130.88,67.21,2.49,0,1,66,22,12,0,NGC5033_rotmod.dat
NGC5033,15.7,26.25,218,3,58.35,124.11,64.28,1.28,0,1,66,22,13,0,NGC5033_rotmod.dat
NGC5033,15.7,28.5,217,3,56.74,118.34,61.69,0.89,0,1,66,22,14,0,NGC5033_rotmod.dat
NGC5033,15.7,30.87,207,3,53.3,113.45,59.28,0.64,0,1,66,22,15,0,NGC5033_rotmod.dat
NGC5033,15.7,33.12,199,3,51.34,109.2,57.23,0.4,0,1,66,22,16,0,NGC5033_rotmod.dat
NGC5033,15.7,35.36,191,3,48.7,105.32,55.39,0.26,0,1,66,22,17,0,NGC5033_rotmod.dat
NGC5033,15.7,37.73,193,3,46.75,101.61,53.62,0.16,0,1,66,22,18,0,NGC5033_rotmod.dat
NGC5033,15.7,39.98,192,3,45.26,98.44,52.09,0.11,0,1,66,22,19,0,NGC5033_rotmod.dat
NGC5033,15.7,42.22,194,4,43.99,95.58,50.69,0.07,0,1,66,22,20,0,NGC5033_rotmod.dat
NGC5033,15.7,44.59,196,5,42.84,92.77,49.32,0,0,1,66,22,21,0,NGC5033_rotmod.dat
NGC5055,9.9,0.72,125,17.6,2.2,201.48,0,4079.93,0,1,55,28,0,0,NGC5055_rotmod.dat
NGC5055,9.9,1.43,162,8.5,3.72,240.13,0,2087.92,0,1,55,28,1,0,NGC5055_rotmod.dat
NGC5055,9.9,2.16,178,5.22,4.09,263.27,0,1497.11,0,1,55,28,2,0,NGC5055_rotmod.dat
NGC5055,9.9,2.87,193,1.88,5.34,280.74,0,897.98,0,1,55,28,3,0,NGC5055_rotmod.dat
NGC5055,9.9,3.59,192,3.59,6.03,273.32,0,618.08,0,1,55,28,4,0,NGC5055_rotmod.dat
NGC5055,9.9,4.3,190,0.97,5.11,272.18,0,518.18,0,1,55,28,5,0,NGC5055_rotmod.dat
NGC5055,9.9,5.03,195,0.99,8.42,273.73,0,418.28,0,1,55,28,6,0,NGC5055_rotmod.dat
NGC5055,9.9,5.75,201,0.45,14.42,276.2,0,347.11,0,1,55,28,7,0,NGC5055_rotmod.dat
NGC5055,9.9,6.46,204,0.81,19.11,279.72,0,262.38,0,1,55,28,8,0,NGC5055_rotmod.dat
NGC5055,9.9,7.18,204,0.65,22.51,275.62,0,205.49,0,1,55,28,9,0,NGC5055_rotmod.dat
NGC5055,9.9,7.91,206,0.66,25.8,271.43,0,160.87,0,1,55,28,10,0,NGC5055_rotmod.dat
NGC5055,9.9,8.62,206,1.54,28.49,267.09,0,129.11,0,1,55,28,11,0,NGC5055_rotmod.dat
NGC5055,9.9,11.49,206,1.9,33.07,245.58,0,52.63,0,1,55,28,12,0,NGC5055_rotmod.dat
NGC5055,9.9,14.3,206,0.42,45.73,225.03,0,25.15,0,1,55,28,13,0,NGC5055_rotmod.dat
NGC5055,9.9,17.19,203,4.19,47.26,208.52,0,9.46,0,1,55,28,14,0,NGC5055_rotmod.dat
NGC5055,9.9,20.07,200,1.23,44.56,190.41,0,3.58,0,1,55,28,15,0,NGC5055_rotmod.dat
NGC5055,9.9,22.96,194,4.09,40.45,175.86,0,1.78,0,1,55,28,16,0,NGC5055_rotmod.dat
NGC5055,9.9,25.85,188,5.2,37.41,164.23,0,0.59,0,1,55,28,17,0,NGC5055_rotmod.dat
NGC5055,9.9,28.74,184,1.16,38.46,154.38,0,0.15,0,1,55,28,18,0,NGC5055_rotmod.dat
NGC5055,9.9,31.62,182,2.47,40.22,146.2,0,0.09,0,1,55,28,19,0,NGC5055_rotmod.dat
NGC5055,9.9,34.51,180,3.85,42.57,139.3,0,0.04,0,1,55,28,20,0,NGC5055_rotmod.dat
NGC5055,9.9,37.4,181,8.43,40.57,133.34,0,0.01,0,1,55,28,21,0,NGC5055_rotmod.dat
NGC5055,9.9,40.29,180,4.55,41.86,128.12,0,0.01,0,1,55,28,22,0,NGC5055_rotmod.dat
NGC5055,9.9,43.17,179,0.44,42.92,123.52,0,0,0,1,55,28,23,0,NGC5055_rotmod.dat
NGC5055,9.9,45.92,179,1.96,44.68,119.59,0,0,0,1,55,28,24,0,NGC5055_rotmod.dat
NGC5055,9.9,48.81,179,2.99,44.56,115.83,0,0,0,1,55,28,25,0,NGC5055_rotmod.dat
NGC5055,9.9,51.7,174,3.39,43.74,112.43,0,0,0,1,55,28,26,0,NGC5055_rotmod.dat
NGC5055,9.9,54.59,172,4.84,41.74,109.32,0,0,0,1,55,28,27,0,NGC5055_rotmod.dat
NGC5371,39.7,1.45,216,10,0,240.9,0,1579.45,0,1,53,19,0,0,NGC5371_rotmod.dat
NGC5371,39.7,2.88,215,7,0,232.56,0,725.11,0,1,53,19,1,0,NGC5371_rotmod.dat
NGC5371,39.7,4.33,215,5,0,235.54,0,586.66,0,1,53,19,2,0,NGC5371_rotmod.dat
NGC5371,39.7,5.78,214,4,0,243.76,0,431.16,0,1,53,19,3,0,NGC5371_rotmod.dat
NGC5371,39.7,7.22,215,4,0,245.32,0,356.04,0,1,53,19,4,0,NGC5371_rotmod.dat
NGC5371,39.7,8.66,221,3,0,253,0,328.2,0,1,53,19,5,0,NGC5371_rotmod.dat
NGC5371,39.7,11.55,233,3,11.24,281.58,0,253.05,0,1,53,19,6,0,NGC5371_rotmod.dat
NGC5371,39.7,14.48,237,3,27.45,299.81,0,153.39,0,1,53,19,7,0,NGC5371_rotmod.dat
NGC5371,39.7,17.28,242,3,40.74,295.15,0,98.5,0,1,53,19,8,0,NGC5371_rotmod.dat
NGC5371,39.7,20.2,241,3,51.22,293.48,0,65.35,0,1,53,19,9,0,NGC5371_rotmod.dat
NGC5371,39.7,23.12,240,3,57.81,284.89,0,32.44,0,1,53,19,10,0,NGC5371_rotmod.dat
NGC5371,39.7,26.04,234,3,56.95,267.33,0,13.89,0,1,53,19,11,0,NGC5371_rotmod.dat
NGC5371,39.7,28.84,226,3,55.22,249.73,0,7.22,0,1,53,19,12,0,NGC5371_rotmod.dat
NGC5371,39.7,31.76,213,3,52.84,235.27,0,4.16,0,1,53,19,13,0,NGC5371_rotmod.dat
NGC5371,39.7,34.68,207,3,50.68,223.76,0,1.44,0,1,53,19,14,0,NGC5371_rotmod.dat
NGC5371,39.7,37.48,208,4,48.19,210.28,0,0,0,1,53,19,15,0,NGC5371_rotmod.dat
NGC5371,39.7,40.4,209,4,45.17,200.01,0,0,0,1,53,19,16,0,NGC5371_rotmod.dat
NGC5371,39.7,43.32,207,4,42.57,191.48,0,0,0,1,53,19,17,0,NGC5371_rotmod.dat
NGC5371,39.7,46.24,213,6,40.95,184.17,0,0,0,1,53,19,18,0,NGC5371_rotmod.dat
NGC5585,7.06,0.09,11.2,2.02,0.32,12.72,0,658.83,0,1,51,24,0,0,NGC5585_rotmod.dat
NGC5585,7.06,0.26,26.5,1.03,0.96,26.94,0,391.72,0,1,51,24,1,0,NGC5585_rotmod.dat
NGC5585,7.06,0.43,33.7,1.03,1.6,35.34,0,269.11,0,1,51,24,2,0,NGC5585_rotmod.dat
NGC5585,7.06,0.6,32.7,1.12,2.25,40.03,0,185.65,0,1,51,24,3,0,NGC5585_rotmod.dat
NGC5585,7.06,0.77,33.7,1.03,2.89,43.26,0,148.52,0,1,51,24,4,0,NGC5585_rotmod.dat
NGC5585,7.06,0.94,35.7,2.24,3.55,45.85,0,129.01,0,1,51,24,5,0,NGC5585_rotmod.dat
NGC5585,7.06,1.11,37.8,3.35,4.2,48.05,0,100.97,0,1,51,24,6,0,NGC5585_rotmod.dat
NGC5585,7.06,1.28,41.8,3.35,4.86,48.94,0,87.29,0,1,51,24,7,0,NGC5585_rotmod.dat
NGC5585,7.06,1.46,43.9,2.14,5.23,50.17,0,78.88,0,1,51,24,8,0,NGC5585_rotmod.dat
NGC5585,7.06,1.63,44.9,1.25,5.36,51.3,0,68.73,0,1,51,24,9,0,NGC5585_rotmod.dat
NGC5585,7.06,2.05,53.2,1.6,5.65,53.95,0,54.74,0,1,51,24,10,0,NGC5585_rotmod.dat
NGC5585,7.06,2.74,64.3,0.9,9.45,56.61,0,33.95,0,1,51,24,11,0,NGC5585_rotmod.dat
NGC5585,7.06,3.42,73.1,2.4,11.66,56.83,0,23.05,0,1,51,24,12,0,NGC5585_rotmod.dat
NGC5585,7.06,4.11,76.2,4.4,15.23,58.16,0,15.08,0,1,51,24,13,0,NGC5585_rotmod.dat
NGC5585,7.06,4.79,78.4,3.8,19.76,56.9,0,8.6,0,1,51,24,14,0,NGC5585_rotmod.dat
NGC5585,7.06,5.48,83.1,3.1,23.04,53.88,0,3.37,0,1,51,24,15,0,NGC5585_rotmod.dat
NGC5585,7.06,6.16,88,3,26.02,50.76,0,1.42,0,1,51,24,16,0,NGC5585_rotmod.dat
NGC5585,7.06,6.85,89.9,2.4,27.47,47.3,0,0,0,1,51,24,17,0,NGC5585_rotmod.dat
NGC5585,7.06,7.53,90.6,2.8,29.11,43.89,0,0,0,1,51,24,18,0,NGC5585_rotmod.dat
NGC5585,7.06,8.21,91.6,2.6,31.03,41.41,0,0,0,1,51,24,19,0,NGC5585_rotmod.dat
NGC5585,7.06,8.9,92.3,1.4,32.1,39.37,0,0,0,1,51,24,20,0,NGC5585_rotmod.dat
NGC5585,7.06,9.57,90.9,1,32.38,37.7,0,0,0,1,51,24,21,0,NGC5585_rotmod.dat
NGC5585,7.06,10.31,89.6,2.7,32.77,36.11,0,0,0,1,51,24,22,0,NGC5585_rotmod.dat
NGC5585,7.06,10.96,89.4,2.7,32.48,34.88,0,0,0,1,51,24,23,0,NGC5585_rotmod.dat
NGC5907,17.3,5.03,214,6,0,178.85,0,374.65,0,1,88,19,0,0,NGC5907_rotmod.dat
NGC5907,17.3,7.55,220,6,0,207.41,0,244.19,0,1,88,19,1,0,NGC5907_rotmod.dat
NGC5907,17.3,10.07,235,4,0,227.06,0,167.7,0,1,88,19,2,0,NGC5907_rotmod.dat
NGC5907,17.3,12.58,235,4,16.93,232.81,0,90.71,0,1,88,19,3,0,NGC5907_rotmod.dat
NGC5907,17.3,15.1,230,2,24.45,224.63,0,54.89,0,1,88,19,4,0,NGC5907_rotmod.dat
NGC5907,17.3,17.61,231,2,31.1,217.25,0,36.13,0,1,88,19,5,0,NGC5907_rotmod.dat
NGC5907,17.3,20.13,232,2,42.26,208.93,0,21.37,0,1,88,19,6,0,NGC5907_rotmod.dat
NGC5907,17.3,22.65,225,7,53.67,198.38,0,12.2,0,1,88,19,7,0,NGC5907_rotmod.dat
NGC5907,17.3,25.16,224,7,49.79,187.6,0,7.37,0,1,88,19,8,0,NGC5907_rotmod.dat
NGC5907,17.3,27.68,229,2,54.3,177.97,0,4.72,0,1,88,19,9,0,NGC5907_rotmod.dat
NGC5907,17.3,30.2,218,2,64.08,169.55,0,3.15,0,1,88,19,10,0,NGC5907_rotmod.dat
NGC5907,17.3,32.71,214,2,61.58,162.23,0,2.08,0,1,88,19,11,0,NGC5907_rotmod.dat
NGC5907,17.3,35.23,213,2,64.96,155.53,0,1.3,0,1,88,19,12,0,NGC5907_rotmod.dat
NGC5907,17.3,37.75,211,2,61.95,149.39,0,0.8,0,1,88,19,13,0,NGC5907_rotmod.dat
NGC5907,17.3,40.26,217,2,63.21,143.82,0,0.5,0,1,88,19,14,0,NGC5907_rotmod.dat
NGC5907,17.3,42.78,216,3,60.7,138.81,0,0.31,0,1,88,19,15,0,NGC5907_rotmod.dat
NGC5907,17.3,45.29,215,3,60.57,134.25,0,0.2,0,1,88,19,16,0,NGC5907_rotmod.dat
NGC5907,17.3,47.81,217,5,60.07,130.16,0,0.12,0,1,88,19,17,0,NGC5907_rotmod.dat
NGC5907,17.3,50.33,214,5,62.33,126.52,0,0,0,1,88,19,18,0,NGC5907_rotmod.dat
NGC5985,39.7,3.54,223,8,-9.23,117.85,111.1,339.07,0.95,1,60,33,0,1,NGC5985_rotmod.dat
NGC5985,39.7,4.23,230,6.13,-10.88,124.82,101.71,298.47,0.1,1,60,33,1,1,NGC5985_rotmod.dat
NGC5985,39.7,4.97,248,5.1,-12.52,131.42,93.86,286.51,0.01,1,60,33,2,1,NGC5985_rotmod.dat
NGC5985,39.7,5.74,258,6.6,-13.93,141.81,87.33,272.43,0,1,60,33,3,1,NGC5985_rotmod.dat
NGC5985,39.7,6.47,263,7,-14.91,151.83,82.27,259.83,0,1,60,33,4,1,NGC5985_rotmod.dat
NGC5985,39.7,7.22,272,6.25,-15.46,163.57,77.87,245.34,0,1,60,33,5,1,NGC5985_rotmod.dat
NGC5985,39.7,8.02,287,4.01,-16,173.43,73.88,221.13,0,1,60,33,6,1,NGC5985_rotmod.dat
NGC5985,39.7,8.79,289,7.25,-16.33,181.85,70.57,206.96,0,1,60,33,7,1,NGC5985_rotmod.dat
NGC5985,39.7,9.5,292,6.93,-16.22,190.1,67.89,195.87,0,1,60,33,8,1,NGC5985_rotmod.dat
NGC5985,39.7,10.27,302,10.4,-15.46,200.43,65.29,182.8,0,1,60,33,9,1,NGC5985_rotmod.dat
NGC5985,39.7,11.08,302,10.3,-13.5,209.52,62.86,157,0,1,60,33,10,1,NGC5985_rotmod.dat
NGC5985,39.7,11.82,304,10.4,-9.2,214.14,60.86,137.98,0,1,60,33,11,1,NGC5985_rotmod.dat
NGC5985,39.7,12.56,303,10.4,5.72,217.36,59.04,121.99,0,1,60,33,12,0,NGC5985_rotmod.dat
NGC5985,39.7,13.39,305,10.1,13.39,220.24,57.18,107.78,0,1,60,33,13,0,NGC5985_rotmod.dat
NGC5985,39.7,14.1,300,8.78,17.64,222.33,55.72,94.35,0,1,60,33,14,0,NGC5985_rotmod.dat
NGC5985,39.7,14.93,295,9.72,21.66,222.27,54.15,78.95,0,1,60,33,15,0,NGC5985_rotmod.dat
NGC5985,39.7,15.64,294,5.32,24.38,221.26,52.91,70.86,0,1,60,33,16,0,NGC5985_rotmod.dat
NGC5985,39.7,16.35,290,5.32,26.24,221.1,51.75,65.3,0,1,60,33,17,0,NGC5985_rotmod.dat
NGC5985,39.7,17.18,291,4.03,27.98,220.98,50.48,55.24,0,1,60,33,18,0,NGC5985_rotmod.dat
NGC5985,39.7,17.89,286,3.25,29.72,218.99,49.47,45.95,0,1,60,33,19,0,NGC5985_rotmod.dat
NGC5985,39.7,18.72,287,3.61,31.57,215.15,48.36,40.15,0,1,60,33,20,0,NGC5985_rotmod.dat
NGC5985,39.7,19.44,294,3.35,33.2,212.39,47.46,37.57,0,1,60,33,21,0,NGC5985_rotmod.dat
NGC5985,39.7,20.26,290,3.75,35.16,210.49,46.49,34.32,0,1,60,33,22,0,NGC5985_rotmod.dat
NGC5985,39.7,20.98,288,3.04,37.01,208.75,45.68,31.09,0,1,60,33,23,0,NGC5985_rotmod.dat
NGC5985,39.7,21.69,290,6.4,38.65,206.74,44.93,28.12,0,1,60,33,24,0,NGC5985_rotmod.dat
NGC5985,39.7,22.52,294,4.19,40.5,204.38,44.09,25.48,0,1,60,33,25,0,NGC5985_rotmod.dat
NGC5985,39.7,23.23,297,4.12,41.91,202.43,43.41,23.71,0,1,60,33,26,0,NGC5985_rotmod.dat
NGC5985,39.7,24.06,293,5.15,43.22,200.72,42.66,22,0,1,60,33,27,0,NGC5985_rotmod.dat
NGC5985,39.7,24.77,291,6.21,44.2,199.42,42.04,20.53,0,1,60,33,28,0,NGC5985_rotmod.dat
NGC5985,39.7,25.95,297,4,45.18,197.86,41.07,18.46,0,1,60,33,29,0,NGC5985_rotmod.dat
NGC5985,39.7,28.92,292,4,43.33,193.43,38.91,10.08,0,1,60,33,30,0,NGC5985_rotmod.dat
NGC5985,39.7,31.76,288,4,45.72,184.74,37.13,6.27,0,1,60,33,31,0,NGC5985_rotmod.dat
NGC5985,39.7,34.72,285,4,47.57,180.34,35.51,3.62,0,1,60,33,32,0,NGC5985_rotmod.dat
NGC6015,17,0.34,35.5,2.1,-2.27,41.97,0,934.63,0,2,60,44,0,1,NGC6015_rotmod.dat
NGC6015,17,0.67,62.4,4.2,-3.73,62.26,0,735.05,0,2,60,44,1,1,NGC6015_rotmod.dat
NGC6015,17,1,90.7,3.8,-5.02,80.4,0,565.71,0,2,60,44,2,1,NGC6015_rotmod.dat
NGC6015,17,1.32,104,2,-6.13,86.74,0,426.63,0,2,60,44,3,1,NGC6015_rotmod.dat
NGC6015,17,1.65,105,2.4,-7.07,92.13,0,379.56,0,2,60,44,4,1,NGC6015_rotmod.dat
NGC6015,17,1.98,108,2,-7.85,97.94,0,356.73,0,2,60,44,5,1,NGC6015_rotmod.dat
NGC6015,17,2.31,116,2.3,-8.46,104.95,0,324.56,0,2,60,44,6,1,NGC6015_rotmod.dat
NGC6015,17,2.63,130,3.3,-8.8,112.27,0,313.54,0,2,60,44,7,1,NGC6015_rotmod.dat
NGC6015,17,2.96,141,2.2,-8.85,120.94,0,291.35,0,2,60,44,8,1,NGC6015_rotmod.dat
NGC6015,17,3.28,146,1.6,-8.55,129.34,0,267.64,0,2,60,44,9,1,NGC6015_rotmod.dat
NGC6015,17,3.61,150,1.4,-7.82,137.29,0,237.08,0,2,60,44,10,1,NGC6015_rotmod.dat
NGC6015,17,3.94,152,1.1,-6.39,143.65,0,203.58,0,2,60,44,11,1,NGC6015_rotmod.dat
NGC6015,17,4.27,155,1.3,-3.64,148.22,0,167.76,0,2,60,44,12,1,NGC6015_rotmod.dat
NGC6015,17,4.6,152,1.8,4.74,149.97,0,135.4,0,2,60,44,13,0,NGC6015_rotmod.dat
NGC6015,17,4.94,150,2.4,8.31,149.81,0,108.33,0,2,60,44,14,0,NGC6015_rotmod.dat
NGC6015,17,5.3,147,5.5,11.17,147.82,0,88.44,0,2,60,44,15,0,NGC6015_rotmod.dat
NGC6015,17,5.63,145,3.8,13.71,145.9,0,80.36,0,2,60,44,16,0,NGC6015_rotmod.dat
NGC6015,17,5.96,152,4.1,15.93,145.72,0,73.42,0,2,60,44,17,0,NGC6015_rotmod.dat
NGC6015,17,6.27,149,1.4,18.03,145.22,0,63.15,0,2,60,44,18,0,NGC6015_rotmod.dat
NGC6015,17,8.24,149,4,27.98,136.77,0,23.82,0,2,60,44,19,0,NGC6015_rotmod.dat
NGC6015,17,10.3,146,4,36.61,123.8,0,11.23,0,2,60,44,20,0,NGC6015_rotmod.dat
NGC6015,17,11.13,149,3.2,39.92,119.88,0,8.66,0,2,60,44,21,0,NGC6015_rotmod.dat
NGC6015,17,11.95,152,2.8,43.13,116.47,0,5.98,0,2,60,44,22,0,NGC6015_rotmod.dat
NGC6015,17,12.72,153,2.4,45.67,112.55,0,3.85,0,2,60,44,23,0,NGC6015_rotmod.dat
NGC6015,17,13.58,156,2.2,47.33,108.33,0,2.84,0,2,60,44,24,0,NGC6015_rotmod.dat
NGC6015,17,14.43,158,2.8,48.11,104.74,0,2.01,0,2,60,44,25,0,NGC6015_rotmod.dat
NGC6015,17,15.29,158,3.1,48.44,101.4,0,1.41,0,2,60,44,26,0,NGC6015_rotmod.dat
NGC6015,17,16.02,159,3.8,48.44,98.71,0,0.96,0,2,60,44,27,0,NGC6015_rotmod.dat
NGC6015,17,16.88,161,3.6,48.11,95.6,0,0.61,0,2,60,44,28,0,NGC6015_rotmod.dat
NGC6015,17,17.73,163,4,47.66,92.8,0,0.44,0,2,60,44,29,0,NGC6015_rotmod.dat
NGC6015,17,18.59,162,4.8,47,90.22,0,0.3,0,2,60,44,30,0,NGC6015_rotmod.dat
NGC6015,17,19.32,164,5.7,46.67,88.2,0,0.22,0,2,60,44,31,0,NGC6015_rotmod.dat
NGC6015,17,20.18,165,7,46.56,85.97,0,0.15,0,2,60,44,32,0,NGC6015_rotmod.dat
NGC6015,17,21.04,166,6.3,46.12,83.92,0,0.1,0,2,60,44,33,0,NGC6015_rotmod.dat
NGC6015,17,21.89,163,7,45.56,82.02,0,0.07,0,2,60,44,34,0,NGC6015_rotmod.dat
NGC6015,17,22.63,159,8.5,45.34,80.48,0,0.05,0,2,60,44,35,0,NGC6015_rotmod.dat
NGC6015,17,23.48,155,9.1,45.12,78.82,0,0.04,0,2,60,44,36,0,NGC6015_rotmod.dat
NGC6015,17,24.34,154,8,44.68,77.25,0,0.03,0,2,60,44,37,0,NGC6015_rotmod.dat
NGC6015,17,25.19,149,5.4,44.57,75.79,0,0.02,0,2,60,44,38,0,NGC6015_rotmod.dat
NGC6015,17,25.93,153,3.1,46.56,74.58,0,0.01,0,2,60,44,39,0,NGC6015_rotmod.dat
NGC6015,17,26.78,156,3,42.58,73.28,0,0.01,0,2,60,44,40,0,NGC6015_rotmod.dat
NGC6015,17,27.64,151,9.4,40.7,72.03,0,0.01,0,2,60,44,41,0,NGC6015_rotmod.dat
NGC6015,17,28.37,158,7.7,39.26,71.03,0,0,0,2,60,44,42,0,NGC6015_rotmod.dat
NGC6015,17,29.23,152,3.4,38.26,69.88,0,0,0,2,60,44,43,0,NGC6015_rotmod.dat
NGC6195,127.8,1.33,175,13.6,0,53.18,236.8,581.62,2991.9,1,62,23,0,0,NGC6195_rotmod.dat
NGC6195,127.8,2.34,237,3.65,0,84.9,258.48,514.34,1233,1,62,23,1,0,NGC6195_rotmod.dat
NGC6195,127.8,3.33,247,3.81,0,110.89,258.69,455.95,695.85,1,62,23,2,0,NGC6195_rotmod.dat
NGC6195,127.8,4.34,242,3.56,0,133.39,255.32,403.21,384.39,1,62,23,3,0,NGC6195_rotmod.dat
NGC6195,127.8,5.35,240,4.2,0.11,152.34,247.96,356.56,251.03,1,62,23,4,0,NGC6195_rotmod.dat
NGC6195,127.8,6.34,233,4.59,0,168.35,242.98,316.08,149.16,1,62,23,5,0,NGC6195_rotmod.dat
NGC6195,127.8,7.34,233,4.63,0,182.51,235.83,279.86,69.12,1,62,23,6,0,NGC6195_rotmod.dat
NGC6195,127.8,8.32,247,6.41,1.96,192.78,226.67,230.3,32.44,1,62,23,7,0,NGC6195_rotmod.dat
NGC6195,127.8,9.34,248,7.64,15.34,198.8,216.7,211.43,14.68,1,62,23,8,0,NGC6195_rotmod.dat
NGC6195,127.8,10.38,242,9.05,25.14,207.14,206.98,188.77,6.55,1,62,23,9,0,NGC6195_rotmod.dat
NGC6195,127.8,11.36,252,12.5,33.65,211.69,198.54,161.01,3.07,1,62,23,10,0,NGC6195_rotmod.dat
NGC6195,127.8,12.34,245,8.72,41.56,213.57,190.81,145.9,1.44,1,62,23,11,0,NGC6195_rotmod.dat
NGC6195,127.8,13.32,247,4.44,48.79,217.57,183.83,140.98,0.68,1,62,23,12,0,NGC6195_rotmod.dat
NGC6195,127.8,14.3,238,9.29,54.63,223.69,177.48,132.1,0.32,1,62,23,13,0,NGC6195_rotmod.dat
NGC6195,127.8,15.47,249,9.98,60.46,231.69,170.69,115.4,0.13,1,62,23,14,0,NGC6195_rotmod.dat
NGC6195,127.8,16.35,250,6.15,63.83,234.56,166.06,99.41,0.06,1,62,23,15,0,NGC6195_rotmod.dat
NGC6195,127.8,17.92,253,6.96,68.08,238.09,158.63,84.92,0.02,1,62,23,16,0,NGC6195_rotmod.dat
NGC6195,127.8,19.1,258,15.4,69.27,241.54,153.66,72.44,0.01,1,62,23,17,0,NGC6195_rotmod.dat
NGC6195,127.8,22.52,254,6.51,67.69,240.74,141.52,36.49,0,1,62,23,18,0,NGC6195_rotmod.dat
NGC6195,127.8,26.05,256,7.73,66.4,225.1,131.58,17.4,0,1,62,23,19,0,NGC6195_rotmod.dat
NGC6195,127.8,29.48,255,8.5,63.14,208.87,123.68,9.64,0,1,62,23,20,0,NGC6195_rotmod.dat
NGC6195,127.8,33,244,5.75,61.55,195.11,116.89,7.64,0,1,62,23,21,0,NGC6195_rotmod.dat
NGC6195,127.8,36.43,246,4.24,65.91,185.57,111.25,6.5,0,1,62,23,22,0,NGC6195_rotmod.dat
NGC6503,6.26,0.76,77,10,4.04,70.72,0,834.73,0,1,74,31,0,0,NGC6503_rotmod.dat
NGC6503,6.26,1.52,100,5,7.62,123.17,0,563.29,0,1,74,31,1,0,NGC6503_rotmod.dat
NGC6503,6.26,2.28,110,2,9.72,142.64,0,225.6,0,1,74,31,2,0,NGC6503_rotmod.dat
NGC6503,6.26,3.04,118,2,12.42,134.42,0,66.48,0,1,74,31,3,0,NGC6503_rotmod.dat
NGC6503,6.26,3.79,121,2,13.35,121.97,0,28.63,0,1,74,31,4,0,NGC6503_rotmod.dat
NGC6503,6.26,4.55,121,2,14.78,111.53,0,14.64,0,1,74,31,5,0,NGC6503_rotmod.dat
NGC6503,6.26,5.31,117,2,17.55,103.23,0,8.92,0,1,74,31,6,0,NGC6503_rotmod.dat
NGC6503,6.26,6.07,116,2,19.2,96.65,0,6.87,0,1,74,31,7,0,NGC6503_rotmod.dat
NGC6503,6.26,6.83,116,2,20.33,91.96,0,5.31,0,1,74,31,8,0,NGC6503_rotmod.dat
NGC6503,6.26,7.59,116,2,21.66,87.62,0,2.98,0,1,74,31,9,0,NGC6503_rotmod.dat
NGC6503,6.26,8.35,115,1,22.79,83.25,0,1.95,0,1,74,31,10,0,NGC6503_rotmod.dat
NGC6503,6.26,9.11,115,1,23.92,79.58,0,1.74,0,1,74,31,11,0,NGC6503_rotmod.dat
NGC6503,6.26,9.86,116,1,24.84,76.81,0,1.53,0,1,74,31,12,0,NGC6503_rotmod.dat
NGC6503,6.26,10.64,117,1,25.46,74.18,0,0.83,0,1,74,31,13,0,NGC6503_rotmod.dat
NGC6503,6.26,11.38,117,1,26.38,71.5,0,0.58,0,1,74,31,14,0,NGC6503_rotmod.dat
NGC6503,6.26,12.12,118,1,27.2,69.18,0,0.42,0,1,74,31,15,0,NGC6503_rotmod.dat
NGC6503,6.26,12.86,117,1,28.13,67.04,0,0.3,0,1,74,31,16,0,NGC6503_rotmod.dat
NGC6503,6.26,13.7,116,1,28.74,64.84,0,0.2,0,1,74,31,17,0,NGC6503_rotmod.dat
NGC6503,6.26,14.44,115,1,28.64,63.05,0,0.14,0,1,74,31,18,0,NGC6503_rotmod.dat
NGC6503,6.26,15.18,117,1,28.33,61.39,0,0.1,0,1,74,31,19,0,NGC6503_rotmod.dat
NGC6503,6.26,15.91,116,1,28.13,59.88,0,0.07,0,1,74,31,20,0,NGC6503_rotmod.dat
NGC6503,6.26,16.65,115,2,28.33,58.45,0,0.05,0,1,74,31,21,0,NGC6503_rotmod.dat
NGC6503,6.26,17.49,115,2,28.23,56.93,0,0.03,0,1,74,31,22,0,NGC6503_rotmod.dat
NGC6503,6.26,18.23,115,2,27.82,55.71,0,0.02,0,1,74,31,23,0,NGC6503_rotmod.dat
NGC6503,6.26,18.97,114,2,27.2,54.55,0,0.02,0,1,74,31,24,0,NGC6503_rotmod.dat
NGC6503,6.26,19.71,115,2,26.9,53.46,0,0.01,0,1,74,31,25,0,NGC6503_rotmod.dat
NGC6503,6.26,20.45,114,2,26.69,52.44,0,0.01,0,1,74,31,26,0,NGC6503_rotmod.dat
NGC6503,6.26,21.29,116,2,26.49,51.35,0,0.01,0,1,74,31,27,0,NGC6503_rotmod.dat
NGC6503,6.26,22.03,115,3,26.18,50.44,0,0,0,1,74,31,28,0,NGC6503_rotmod.dat
NGC6503,6.26,22.76,118,4,25.87,49.61,0,0,0,1,74,31,29,0,NGC6503_rotmod.dat
NGC6503,6.26,23.5,115,10,25.46,48.79,0,0,0,1,74,31,30,0,NGC6503_rotmod.dat
NGC6674,51.2,2.5,206,75,0,122.77,171.6,669.71,11.84,1,54,15,0,0,NGC6674_rotmod.dat
NGC6674,51.2,7.49,285,8,0,218.15,99.53,282.14,0,1,54,15,1,0,NGC6674_rotmod.dat
NGC6674,51.2,12.54,291,7,0,234.07,76.92,106.66,0,1,54,15,2,0,NGC6674_rotmod.dat
NGC6674,51.2,17.45,274,5,0,221.55,65.21,40.36,0,1,54,15,3,0,NGC6674_rotmod.dat
NGC6674,51.2,22.47,266,4,23.41,205.25,57.46,19.71,0,1,54,15,4,0,NGC6674_rotmod.dat
NGC6674,51.2,27.48,255,2,35.47,190.15,51.96,8.34,0,1,54,15,5,0,NGC6674_rotmod.dat
NGC6674,51.2,32.5,250,2,42.22,174.2,47.78,3.62,0,1,54,15,6,0,NGC6674_rotmod.dat
NGC6674,51.2,37.51,242,2,45.59,160.68,44.48,1.58,0,1,54,15,7,0,NGC6674_rotmod.dat
NGC6674,51.2,42.42,237,2,49.68,149.48,41.82,0.7,0,1,54,15,8,0,NGC6674_rotmod.dat
NGC6674,51.2,47.44,235,2,50.91,139.94,39.55,0.3,0,1,54,15,9,0,NGC6674_rotmod.dat
NGC6674,51.2,52.45,236,2,48.66,131.98,37.61,0.13,0,1,54,15,10,0,NGC6674_rotmod.dat
NGC6674,51.2,57.47,242,2,50.7,125.25,35.93,0.06,0,1,54,15,11,0,NGC6674_rotmod.dat
NGC6674,51.2,62.48,246,2,51.01,119.5,34.46,0.03,0,1,54,15,12,0,NGC6674_rotmod.dat
NGC6674,51.2,67.4,242,4,48.35,114.62,33.18,0.01,0,1,54,15,13,0,NGC6674_rotmod.dat
NGC6674,51.2,72.41,242,5,44.77,110.24,32.01,0,0,1,54,15,14,0,NGC6674_rotmod.dat
NGC6946,5.52,0.19,153,8,0.96,24.4,233.17,1609.94,5052.7,1,38,58,0,0,NGC6946_rotmod.dat
NGC6946,5.52,0.56,130,9,2.86,62.52,168.53,1346.02,485.78,1,38,58,1,0,NGC6946_rotmod.dat
NGC6946,5.52,0.94,128,3,4.5,91.94,137.01,1105.63,4.79,1,38,58,2,0,NGC6946_rotmod.dat
NGC6946,5.52,1.22,134,3,5.34,109.48,120.39,984.97,0.11,1,38,58,3,0,NGC6946_rotmod.dat
NGC6946,5.52,1.59,129,4,6.46,127.82,105.47,802.43,0,1,38,58,4,0,NGC6946_rotmod.dat
NGC6946,5.52,1.96,131,7,6.51,138.39,94.99,679.4,0,1,38,58,5,0,NGC6946_rotmod.dat
NGC6946,5.52,2.34,138,8,6.51,151.17,86.94,641.26,0,1,38,58,6,0,NGC6946_rotmod.dat
NGC6946,5.52,2.71,139,5,6.44,166.55,80.79,529.81,0,1,38,58,7,0,NGC6946_rotmod.dat
NGC6946,5.52,2.99,143,3,6.38,170.5,76.91,471.62,0,1,38,58,8,0,NGC6946_rotmod.dat
NGC6946,5.52,3.37,146,2,7.55,177.07,72.44,404.45,0,1,38,58,9,0,NGC6946_rotmod.dat
NGC6946,5.52,3.74,154,2,10.54,180.71,68.77,348.88,0,1,38,58,10,0,NGC6946_rotmod.dat
NGC6946,5.52,4.12,161,1,12.86,184.13,65.52,319.37,0,1,38,58,11,0,NGC6946_rotmod.dat
NGC6946,5.52,4.4,167,2,13.54,187.91,63.4,300.02,0,1,38,58,12,0,NGC6946_rotmod.dat
NGC6946,5.52,4.77,173,2,14.41,193.15,60.89,267.87,0,1,38,58,13,0,NGC6946_rotmod.dat
NGC6946,5.52,5.15,176,4,17.51,197.95,58.6,241.97,0,1,38,58,14,0,NGC6946_rotmod.dat
NGC6946,5.52,5.52,178,5,20.8,204.45,56.6,207.99,0,1,38,58,15,0,NGC6946_rotmod.dat
NGC6946,5.52,5.89,180,3,23.41,204.89,54.8,141.7,0,1,38,58,16,0,NGC6946_rotmod.dat
NGC6946,5.52,6.17,179,4,25.15,201.57,53.54,126.19,0,1,38,58,17,0,NGC6946_rotmod.dat
NGC6946,5.52,6.55,180,5,27.66,200.86,51.96,123.94,0,1,38,58,18,0,NGC6946_rotmod.dat
NGC6946,5.52,6.92,181,4,31.15,201.34,50.55,98.46,0,1,38,58,19,0,NGC6946_rotmod.dat
NGC6946,5.52,7.3,179,4,34.05,198.33,49.22,72.51,0,1,38,58,20,0,NGC6946_rotmod.dat
NGC6946,5.52,7.58,179,2,34.92,194.96,48.3,60.13,0,1,38,58,21,0,NGC6946_rotmod.dat
NGC6946,5.52,7.95,179,1,35.89,189.92,47.17,49.35,0,1,38,58,22,0,NGC6946_rotmod.dat
NGC6946,5.52,8.33,178,1,37.34,184.93,46.08,46.41,0,1,38,58,23,0,NGC6946_rotmod.dat
NGC6946,5.52,8.7,177,2,38.88,182.77,45.09,46.83,0,1,38,58,24,0,NGC6946_rotmod.dat
NGC6946,5.52,9.08,176,2,39.08,181.24,44.13,41.04,0,1,38,58,25,0,NGC6946_rotmod.dat
NGC6946,5.52,9.36,173,3,38.4,179.87,43.47,35.55,0,1,38,58,26,0,NGC6946_rotmod.dat
NGC6946,5.52,9.73,172,2,37.72,177.19,42.63,30.1,0,1,38,58,27,0,NGC6946_rotmod.dat
NGC6946,5.52,10.1,172,2,37.43,174.69,41.85,25.97,0,1,38,58,28,0,NGC6946_rotmod.dat
NGC6946,5.52,10.48,170,2,37.14,171.99,41.08,22.33,0,1,38,58,29,0,NGC6946_rotmod.dat
NGC6946,5.52,10.76,171,2,36.66,170.15,40.54,19.9,0,1,38,58,30,0,NGC6946_rotmod.dat
NGC6946,5.52,11.13,174,2,35.89,167.51,39.86,17.13,0,1,38,58,31,0,NGC6946_rotmod.dat
NGC6946,5.52,11.51,174,2,36.08,164.95,39.2,14.62,0,1,38,58,32,0,NGC6946_rotmod.dat
NGC6946,5.52,11.88,175,2,36.76,162.35,38.58,12.58,0,1,38,58,33,0,NGC6946_rotmod.dat
NGC6946,5.52,12.26,174,2,37.82,159.81,37.98,10.77,0,1,38,58,34,0,NGC6946_rotmod.dat
NGC6946,5.52,12.54,173,6,38.79,158,37.55,9.59,0,1,38,58,35,0,NGC6946_rotmod.dat
NGC6946,5.52,12.91,173,6,40.14,155.62,37.01,8.27,0,1,38,58,36,0,NGC6946_rotmod.dat
NGC6946,5.52,13.29,173,8,42.08,153.17,36.48,7.06,0,1,38,58,37,0,NGC6946_rotmod.dat
NGC6946,5.52,13.66,175,9,44.01,150.89,35.98,6.08,0,1,38,58,38,0,NGC6946_rotmod.dat
NGC6946,5.52,14.03,174,9,45.46,148.68,35.5,5.22,0,1,38,58,39,0,NGC6946_rotmod.dat
NGC6946,5.52,14.31,171,9,46.53,147.06,35.16,4.65,0,1,38,58,40,0,NGC6946_rotmod.dat
NGC6946,5.52,14.69,167,8,45.94,144.87,34.7,3.99,0,1,38,58,41,0,NGC6946_rotmod.dat
NGC6946,5.52,15.06,165,7,44.59,142.8,34.27,3.42,0,1,38,58,42,0,NGC6946_rotmod.dat
NGC6946,5.52,15.44,163,8,44.01,140.8,33.84,2.94,0,1,38,58,43,0,NGC6946_rotmod.dat
NGC6946,5.52,15.72,162,8,44.2,139.35,33.54,2.61,0,1,38,58,44,0,NGC6946_rotmod.dat
NGC6946,5.52,16.09,161,9,33.85,137.46,33.15,2.25,0,1,38,58,45,0,NGC6946_rotmod.dat
NGC6946,5.52,16.47,159,10,33.85,135.59,32.77,1.93,0,1,38,58,46,0,NGC6946_rotmod.dat
NGC6946,5.52,16.84,158,10,33.85,133.88,32.41,1.65,0,1,38,58,47,0,NGC6946_rotmod.dat
NGC6946,5.52,17.21,157,10,33.85,132.2,32.06,1.42,0,1,38,58,48,0,NGC6946_rotmod.dat
NGC6946,5.52,17.5,157,10,33.85,130.89,31.79,1.26,0,1,38,58,49,0,NGC6946_rotmod.dat
NGC6946,5.52,17.87,157,9,33.85,129.3,31.46,1.09,0,1,38,58,50,0,NGC6946_rotmod.dat
NGC6946,5.52,18.24,160,11,33.85,127.8,31.14,0.93,0,1,38,58,51,0,NGC6946_rotmod.dat
NGC6946,5.52,18.62,159,12,33.85,126.3,30.82,0.8,0,1,38,58,52,0,NGC6946_rotmod.dat
NGC6946,5.52,18.9,160,14,33.85,125.2,30.59,0.71,0,1,38,58,53,0,NGC6946_rotmod.dat
NGC6946,5.52,19.27,158,16,33.85,123.92,30.3,0.61,0,1,38,58,54,0,NGC6946_rotmod.dat
NGC6946,5.52,19.65,155,18,33.85,122.75,30,0.52,0,1,38,58,55,0,NGC6946_rotmod.dat
NGC6946,5.52,20.02,157,19,33.85,121.08,29.72,0,0,1,38,58,56,0,NGC6946_rotmod.dat
NGC6946,5.52,20.4,154,21,33.85,119.5,29.44,0,0,1,38,58,57,0,NGC6946_rotmod.dat
NGC7331,14.7,2.67,221,20,-12.02,317.9,136.84,2029.41,0,1,75,36,0,1,NGC7331_rotmod.dat
NGC7331,14.7,3.21,237,13,-12.52,344.05,124.77,1695.43,0,1,75,36,1,1,NGC7331_rotmod.dat
NGC7331,14.7,3.74,249,8,-12.91,365.51,115.63,1209.56,0,1,75,36,2,1,NGC7331_rotmod.dat
NGC7331,14.7,4.27,250,5,-12.71,368.89,108.22,879.42,0,1,75,36,3,1,NGC7331_rotmod.dat
NGC7331,14.7,4.81,253,5,-11.52,367.77,101.96,718.98,0,1,75,36,4,1,NGC7331_rotmod.dat
NGC7331,14.7,5.35,257,5,-9.56,371.23,96.68,558.39,0,1,75,36,5,1,NGC7331_rotmod.dat
NGC7331,14.7,5.88,257,5,-6.26,365.05,92.22,415.53,0,1,75,36,6,1,NGC7331_rotmod.dat
NGC7331,14.7,6.41,257,5,4.8,360.1,88.33,334.62,0,1,75,36,7,0,NGC7331_rotmod.dat
NGC7331,14.7,7.48,257,5,12.22,345.54,81.76,196.95,0,1,75,36,8,0,NGC7331_rotmod.dat
NGC7331,14.7,8.55,255,5,16.59,324.23,76.48,125.71,0,1,75,36,9,0,NGC7331_rotmod.dat
NGC7331,14.7,9.62,248,6,22.45,311.29,72.1,108.76,0,1,75,36,10,0,NGC7331_rotmod.dat
NGC7331,14.7,10.66,247,6,28.21,299.93,68.49,79.7,0,1,75,36,11,0,NGC7331_rotmod.dat
NGC7331,14.7,11.74,246,6,33.77,288.64,65.26,68.87,0,1,75,36,12,0,NGC7331_rotmod.dat
NGC7331,14.7,12.83,244,6,38.94,280.42,62.43,55.08,0,1,75,36,13,0,NGC7331_rotmod.dat
NGC7331,14.7,13.91,242,4,43.31,272.13,59.96,43.42,0,1,75,36,14,0,NGC7331_rotmod.dat
NGC7331,14.7,15,238,3,45.59,263.74,57.74,35.37,0,1,75,36,15,0,NGC7331_rotmod.dat
NGC7331,14.7,16.08,236,3,47.38,256.44,55.77,30.67,0,1,75,36,16,0,NGC7331_rotmod.dat
NGC7331,14.7,17.07,233,3,49.66,250.86,54.12,27.32,0,1,75,36,17,0,NGC7331_rotmod.dat
NGC7331,14.7,18.15,234,3,53.93,245.89,52.49,23.83,0,1,75,36,18,0,NGC7331_rotmod.dat
NGC7331,14.7,19.24,236,3,57.71,242,50.98,19.98,0,1,75,36,19,0,NGC7331_rotmod.dat
NGC7331,14.7,20.32,237,3,60.09,237.62,49.61,14.17,0,1,75,36,20,0,NGC7331_rotmod.dat
NGC7331,14.7,21.41,238,3,61.78,231.06,48.33,9.38,0,1,75,36,21,0,NGC7331_rotmod.dat
NGC7331,14.7,22.49,240,3,63.67,224.49,47.15,7.57,0,1,75,36,22,0,NGC7331_rotmod.dat
NGC7331,14.7,23.48,238,3,64.56,219.56,46.15,6.48,0,1,75,36,23,0,NGC7331_rotmod.dat
NGC7331,14.7,24.57,237,3,62.97,214.35,45.11,5.34,0,1,75,36,24,0,NGC7331_rotmod.dat
NGC7331,14.7,25.65,236,3,61.48,209.72,44.15,4.39,0,1,75,36,25,0,NGC7331_rotmod.dat
NGC7331,14.7,26.74,238,3,60.79,205.21,43.24,3.53,0,1,75,36,26,0,NGC7331_rotmod.dat
NGC7331,14.7,27.82,239,3,59.4,200.95,42.4,2.83,0,1,75,36,27,0,NGC7331_rotmod.dat
NGC7331,14.7,28.91,239,3,57.31,196.85,41.59,2.28,0,1,75,36,28,0,NGC7331_rotmod.dat
NGC7331,14.7,29.89,241,4,55.13,193.34,40.9,1.87,0,1,75,36,29,0,NGC7331_rotmod.dat
NGC7331,14.7,30.98,236,4,52.84,189.65,40.18,1.51,0,1,75,36,30,0,NGC7331_rotmod.dat
NGC7331,14.7,32.06,236,5,51.55,186.2,39.49,1.22,0,1,75,36,31,0,NGC7331_rotmod.dat
NGC7331,14.7,33.15,239,5,51.35,182.89,38.84,0.98,0,1,75,36,32,0,NGC7331_rotmod.dat
NGC7331,14.7,34.23,237,5,50.86,179.88,38.22,0.79,0,1,75,36,33,0,NGC7331_rotmod.dat
NGC7331,14.7,35.32,241,7,49.27,177.27,37.63,0,0,1,75,36,34,0,NGC7331_rotmod.dat
NGC7331,14.7,36.31,238,9,47.97,173.78,37.11,0,0,1,75,36,35,0,NGC7331_rotmod.dat
NGC7793,3.61,0.11,9.1,8.5,0.65,27.23,0,1208.98,0,1,47,46,0,0,NGC7793_rotmod.dat
NGC7793,3.61,0.14,17.6,7.4,0.65,29.91,0,1005.64,0,1,47,46,1,0,NGC7793_rotmod.dat
NGC7793,3.61,0.17,19.3,7.4,0.65,32.32,0,927.7,0,1,47,46,2,0,NGC7793_rotmod.dat
NGC7793,3.61,0.21,24.8,6.4,0.65,35.62,0,855.59,0,1,47,46,3,0,NGC7793_rotmod.dat
NGC7793,3.61,0.24,30,7.2,0.74,37.98,0,779.54,0,1,47,46,4,0,NGC7793_rotmod.dat
NGC7793,3.61,0.28,35,7.3,0.9,40.67,0,719.48,0,1,47,46,5,0,NGC7793_rotmod.dat
NGC7793,3.61,0.32,38.3,7.6,1.05,43.2,0,673.21,0,1,47,46,6,0,NGC7793_rotmod.dat
NGC7793,3.61,0.35,42.7,8.8,1.21,45.04,0,639.89,0,1,47,46,7,0,NGC7793_rotmod.dat
NGC7793,3.61,0.39,47,5.3,1.36,47.33,0,592.88,0,1,47,46,8,0,NGC7793_rotmod.dat
NGC7793,3.61,0.42,49.8,5.6,1.52,48.89,0,570.71,0,1,47,46,9,0,NGC7793_rotmod.dat
NGC7793,3.61,0.46,52.2,6.2,1.67,51,0,547.08,0,1,47,46,10,0,NGC7793_rotmod.dat
NGC7793,3.61,0.49,53.4,6.3,1.83,52.6,0,532.24,0,1,47,46,11,0,NGC7793_rotmod.dat
NGC7793,3.61,0.53,54.6,5.9,1.99,54.8,0,510.29,0,1,47,46,12,0,NGC7793_rotmod.dat
NGC7793,3.61,0.56,55.5,6.9,2.12,56.23,0,470.53,0,1,47,46,13,0,NGC7793_rotmod.dat
NGC7793,3.61,0.6,55.9,7.5,2.23,57.57,0,435.19,0,1,47,46,14,0,NGC7793_rotmod.dat
NGC7793,3.61,0.63,58.3,7.4,2.35,58.53,0,427.73,0,1,47,46,15,0,NGC7793_rotmod.dat
NGC7793,3.61,0.66,59.3,6.3,2.47,59.59,0,418.4,0,1,47,46,16,0,NGC7793_rotmod.dat
NGC7793,3.61,0.7,59.5,6.7,2.59,61.08,0,407.7,0,1,47,46,17,0,NGC7793_rotmod.dat
NGC7793,3.61,0.87,59.1,5.1,3.18,66.09,0,332.63,0,1,47,46,18,0,NGC7793_rotmod.dat
NGC7793,3.61,1.05,62.6,5.5,3.96,69.65,0,278.38,0,1,47,46,19,0,NGC7793_rotmod.dat
NGC7793,3.61,1.22,65.6,4.8,5.5,72.34,0,246.3,0,1,47,46,20,0,NGC7793_rotmod.dat
NGC7793,3.61,1.4,70.7,4.6,7.05,75.45,0,231.32,0,1,47,46,21,0,NGC7793_rotmod.dat
NGC7793,3.61,1.57,73.9,4,8.58,78.94,0,213.33,0,1,47,46,22,0,NGC7793_rotmod.dat
NGC7793,3.61,1.75,78.5,4.2,10.09,82.71,0,201.89,0,1,47,46,23,0,NGC7793_rotmod.dat
NGC7793,3.61,1.92,82.4,4.6,11.55,87.55,0,189.35,0,1,47,46,24,0,NGC7793_rotmod.dat
NGC7793,3.61,2.1,87.1,4.9,13.06,92.38,0,166.62,0,1,47,46,25,0,NGC7793_rotmod.dat
NGC7793,3.61,2.27,89.6,5.4,14.78,95.96,0,136.43,0,1,47,46,26,0,NGC7793_rotmod.dat
NGC7793,3.61,2.45,94.9,5.7,16.4,96.45,0,101.1,0,1,47,46,27,0,NGC7793_rotmod.dat
NGC7793,3.61,2.62,98.1,5,18.13,95.98,0,91.89,0,1,47,46,28,0,NGC7793_rotmod.dat
NGC7793,3.61,2.79,99.3,5.7,20.29,96.23,0,81.24,0,1,47,46,29,0,NGC7793_rotmod.dat
NGC7793,3.61,2.97,98.6,7.2,22.34,96.64,0,70.11,0,1,47,46,30,0,NGC7793_rotmod.dat
NGC7793,3.61,3.16,101,8.7,24.5,96.45,0,55.69,0,1,47,46,31,0,NGC7793_rotmod.dat
NGC7793,3.61,3.33,103,9.4,26.22,95.51,0,46.58,0,1,47,46,32,0,NGC7793_rotmod.dat
NGC7793,3.61,3.51,107,9.1,27.95,94.38,0,39.61,0,1,47,46,33,0,NGC7793_rotmod.dat
NGC7793,3.61,3.68,114,7.4,29.68,93.3,0,34.08,0,1,47,46,34,0,NGC7793_rotmod.dat
NGC7793,3.61,3.85,112,8.1,29.78,92.28,0,29.83,0,1,47,46,35,0,NGC7793_rotmod.dat
NGC7793,3.61,4.03,114,7.6,30,91.15,0,24.84,0,1,47,46,36,0,NGC7793_rotmod.dat
NGC7793,3.61,4.2,116,7.2,30.11,89.82,0,20.34,0,1,47,46,37,0,NGC7793_rotmod.dat
NGC7793,3.61,4.38,114,7.8,30.65,88.18,0,17.27,0,1,47,46,38,0,NGC7793_rotmod.dat
NGC7793,3.61,4.73,114,11.4,31.83,85.52,0,14.11,0,1,47,46,39,0,NGC7793_rotmod.dat
NGC7793,3.61,5.25,109,9.9,33.35,82.4,0,8.84,0,1,47,46,40,0,NGC7793_rotmod.dat
NGC7793,3.61,5.78,107,12.6,34.64,77.56,0,3.77,0,1,47,46,41,0,NGC7793_rotmod.dat
NGC7793,3.61,6.3,105,12.5,34.75,74.17,0,4.92,0,1,47,46,42,0,NGC7793_rotmod.dat
NGC7793,3.61,6.82,101,5.2,33.99,71.94,0,2.59,0,1,47,46,43,0,NGC7793_rotmod.dat
NGC7793,3.61,7.35,94.5,4.6,32.7,69.09,0,1.7,0,1,47,46,44,0,NGC7793_rotmod.dat
NGC7793,3.61,7.87,90.8,6.1,30.97,66.92,0,0,0,1,47,46,45,0,NGC7793_rotmod.dat
NGC7814,14.4,0.63,265,15,-0.69,39.69,345.22,482.94,6648.99,1,90,18,0,1,NGC7814_rotmod.dat
NGC7814,14.4,1.72,250,15,-2.33,81.63,298.99,314.38,709.44,1,90,18,1,1,NGC7814_rotmod.dat
NGC7814,14.4,2.79,233,7.29,-3.94,104.82,255.24,206.27,199.44,1,90,18,2,1,NGC7814_rotmod.dat
NGC7814,14.4,3.91,230,6.45,-5.06,118.95,225.3,132.93,74.66,1,90,18,3,1,NGC7814_rotmod.dat
NGC7814,14.4,5.03,228,5.37,-3.48,122.96,203.41,76.78,26.96,1,90,18,4,1,NGC7814_rotmod.dat
NGC7814,14.4,6.14,228,5.16,1.4,120.03,186.27,47.7,9.82,1,90,18,5,0,NGC7814_rotmod.dat
NGC7814,14.4,7.26,227,5.94,-1.38,115.88,172.25,31.38,3.55,1,90,18,6,1,NGC7814_rotmod.dat
NGC7814,14.4,8.37,226,3,5.96,113.5,160.83,22.99,1.29,1,90,18,7,0,NGC7814_rotmod.dat
NGC7814,14.4,9.5,223,3.92,11.22,109.97,151.12,14.94,0.47,1,90,18,8,0,NGC7814_rotmod.dat
NGC7814,14.4,10.65,219,2.9,16.09,105.99,142.79,9.9,0.16,1,90,18,9,0,NGC7814_rotmod.dat
NGC7814,14.4,11.74,216,2.55,18.57,102.02,136.04,6.36,0.06,1,90,18,10,0,NGC7814_rotmod.dat
NGC7814,14.4,12.82,214,2.55,19.07,97.84,130.19,4.05,0.02,1,90,18,11,0,NGC7814_rotmod.dat
NGC7814,14.4,14.01,214,3.07,17.78,93.27,124.54,2.46,0.01,1,90,18,12,0,NGC7814_rotmod.dat
NGC7814,14.4,15.09,214,3.61,20.16,89.43,120.01,1.62,0,1,90,18,13,0,NGC7814_rotmod.dat
NGC7814,14.4,16.18,214,4.46,23.24,85.93,115.89,1.06,0,1,90,18,14,0,NGC7814_rotmod.dat
NGC7814,14.4,17.36,214,5.07,23.44,82.48,111.88,0.66,0,1,90,18,15,0,NGC7814_rotmod.dat
NGC7814,14.4,18.44,214,4.78,23.34,79.67,108.55,0.43,0,1,90,18,16,0,NGC7814_rotmod.dat
NGC7814,14.4,19.53,214,4.87,22.64,77.35,105.49,0,0,1,90,18,17,0,NGC7814_rotmod.dat
UGC00128,64.5,1.25,34.1,18.8,1.71,29.4,0,81.19,0,1,57,22,0,0,UGC00128_rotmod.dat
UGC00128,64.5,3.75,78.4,6.54,4.27,49.15,0,28.11,0,1,57,22,1,0,UGC00128_rotmod.dat
UGC00128,64.5,6.25,96.9,2.44,7.23,50.52,0,15.91,0,1,57,22,2,0,UGC00128_rotmod.dat
UGC00128,64.5,8.76,108,1.26,11.57,51.47,0,10.69,0,1,57,22,3,0,UGC00128_rotmod.dat
UGC00128,64.5,11.25,113,1,13.37,53.63,0,8.58,0,1,57,22,4,0,UGC00128_rotmod.dat
UGC00128,64.5,13.74,114,0.86,16.66,57.25,0,6.03,0,1,57,22,5,0,UGC00128_rotmod.dat
UGC00128,64.5,16.22,121,0.68,23.15,57.75,0,3.5,0,1,57,22,6,0,UGC00128_rotmod.dat
UGC00128,64.5,18.71,126,0.55,30.33,55.23,0,2.13,0,1,57,22,7,0,UGC00128_rotmod.dat
UGC00128,64.5,21.3,128,0.63,35.52,52.6,0,1.35,0,1,57,22,8,0,UGC00128_rotmod.dat
UGC00128,64.5,23.79,129,0.61,39.51,50.52,0,0.8,0,1,57,22,9,0,UGC00128_rotmod.dat
UGC00128,64.5,26.28,129,0.65,42,47.75,0,0.59,0,1,57,22,10,0,UGC00128_rotmod.dat
UGC00128,64.5,28.77,131,0.73,44.9,45.88,0,0.38,0,1,57,22,11,0,UGC00128_rotmod.dat
UGC00128,64.5,31.25,131,0.83,45.1,43.92,0,0.25,0,1,57,22,12,0,UGC00128_rotmod.dat
UGC00128,64.5,33.74,131,0.75,43,42.1,0,0.17,0,1,57,22,13,0,UGC00128_rotmod.dat
UGC00128,64.5,36.23,127,1.24,42.3,40.43,0,0.11,0,1,57,22,14,0,UGC00128_rotmod.dat
UGC00128,64.5,38.82,126,1.4,42.4,38.83,0,0.07,0,1,57,22,15,0,UGC00128_rotmod.dat
UGC00128,64.5,41.31,130,1.62,41.7,37.43,0,0.05,0,1,57,22,16,0,UGC00128_rotmod.dat
UGC00128,64.5,43.8,132,2.01,40.21,36.18,0,0.03,0,1,57,22,17,0,UGC00128_rotmod.dat
UGC00128,64.5,46.28,134,2.1,38.81,35.02,0,0.02,0,1,57,22,18,0,UGC00128_rotmod.dat
UGC00128,64.5,48.77,129,2.66,37.11,33.97,0,0.01,0,1,57,22,19,0,UGC00128_rotmod.dat
UGC00128,64.5,51.26,132,4.67,35.72,33.04,0,0.01,0,1,57,22,20,0,UGC00128_rotmod.dat
UGC00128,64.5,53.75,125,5.95,34.72,32.1,0,0,0,1,57,22,21,0,UGC00128_rotmod.dat
UGC00191,17.1,0.62,29.9,1.42,1.81,21.8,0,93.29,0,1,45,9,0,0,UGC00191_rotmod.dat
UGC00191,17.1,0.87,34.4,2.31,2.95,28.35,0,79.29,0,1,45,9,1,0,UGC00191_rotmod.dat
UGC00191,17.1,1.12,46.3,2.05,4.13,31.91,0,60.27,0,1,45,9,2,0,UGC00191_rotmod.dat
UGC00191,17.1,1.37,49.8,1.87,5.34,34.28,0,48.3,0,1,45,9,3,0,UGC00191_rotmod.dat
UGC00191,17.1,1.62,57.6,2.76,6.6,35.59,0,40.48,0,1,45,9,4,0,UGC00191_rotmod.dat
UGC00191,17.1,2.3,71.3,7.5,10.14,39.66,0,30.93,0,1,45,9,5,0,UGC00191_rotmod.dat
UGC00191,17.1,4.97,76.65,1.09,23.98,41.54,0,5.25,0,1,45,9,6,0,UGC00191_rotmod.dat
UGC00191,17.1,7.45,81,0.63,33.08,37.03,0,1.18,0,1,45,9,7,0,UGC00191_rotmod.dat
UGC00191,17.1,9.98,83.85,1.04,33.72,31.94,0,0,0,1,45,9,8,0,UGC00191_rotmod.dat
UGC00731,12.5,0.91,29.6,2.38,0.8,7.82,0,8.65,0,1,57,12,0,0,UGC00731_rotmod.dat
UGC00731,12.5,1.81,44.6,2.4,5.58,11.42,0,3.94,0,1,57,12,1,0,UGC00731_rotmod.dat
UGC00731,12.5,2.73,50.4,2.86,7.79,12.3,0,2.74,0,1,57,12,2,0,UGC00731_rotmod.dat
UGC00731,12.5,3.64,56.8,3.43,14,13.66,0,2.16,0,1,57,12,3,0,UGC00731_rotmod.dat
UGC00731,12.5,4.55,60.7,2.98,16.12,14.46,0,1.44,0,1,57,12,4,0,UGC00731_rotmod.dat
UGC00731,12.5,5.45,64.7,2.46,18.25,14.91,0,0.97,0,1,57,12,5,0,UGC00731_rotmod.dat
UGC00731,12.5,6.36,68,2.38,23.38,14.47,0,0.68,0,1,57,12,6,0,UGC00731_rotmod.dat
UGC00731,12.5,7.28,71.5,2.52,30,14.77,0,0.58,0,1,57,12,7,0,UGC00731_rotmod.dat
UGC00731,12.5,8.19,73.4,2.68,33.62,14.75,0,0.24,0,1,57,12,8,0,UGC00731_rotmod.dat
UGC00731,12.5,9.09,74,2.83,34.88,13.66,0,0.15,0,1,57,12,9,0,UGC00731_rotmod.dat
UGC00731,12.5,10,73.8,3.22,36,13.17,0,0.13,0,1,57,12,10,0,UGC00731_rotmod.dat
UGC00731,12.5,10.91,73.9,3.42,35.75,12.83,0,0,0,1,57,12,11,0,UGC00731_rotmod.dat
UGC00891,10.2,1.48,24.35,2.92,9.7,18.56,0,11.7,0,2,60,5,0,0,UGC00891_rotmod.dat
UGC00891,10.2,2.97,43.55,1.4,18.44,19.59,0,3.03,0,2,60,5,1,0,UGC00891_rotmod.dat
UGC00891,10.2,4.45,54.15,0.67,22.96,18.92,0,1.26,0,2,60,5,2,0,UGC00891_rotmod.dat
UGC00891,10.2,5.94,60.15,0.48,21.83,18.18,0,0.53,0,2,60,5,3,0,UGC00891_rotmod.dat
UGC00891,10.2,7.39,63.75,0.95,21.02,16.53,0,0,0,2,60,5,4,0,UGC00891_rotmod.dat
UGC01281,5.27,0.08,1.41,4,-5.85,1.5,0,25.4,0,1,90,25,0,1,UGC01281_rotmod.dat
UGC01281,5.27,0.23,4.46,4,-5.85,3.55,0,21.88,0,1,90,25,1,1,UGC01281_rotmod.dat
UGC01281,5.27,0.38,7.71,4,-0.98,5.31,0,22.81,0,1,90,25,2,1,UGC01281_rotmod.dat
UGC01281,5.27,0.54,11,4,-2.22,8.22,0,20.9,0,1,90,25,3,1,UGC01281_rotmod.dat
UGC01281,5.27,0.69,14.2,4,-3.47,10.22,0,20.6,0,1,90,25,4,1,UGC01281_rotmod.dat
UGC01281,5.27,0.84,17.2,5.78,-4.43,12.07,0,18.77,0,1,90,25,5,1,UGC01281_rotmod.dat
UGC01281,5.27,1,20.2,4.74,-5.15,13.91,0,17.42,0,1,90,25,6,1,UGC01281_rotmod.dat
UGC01281,5.27,1.15,23.2,4,-5.85,15.41,0,15.5,0,1,90,25,7,1,UGC01281_rotmod.dat
UGC01281,5.27,1.3,26.4,7.13,-1.76,16.74,0,13.82,0,1,90,25,8,1,UGC01281_rotmod.dat
UGC01281,5.27,1.46,29.3,4.38,2.33,17.86,0,11.93,0,1,90,25,9,0,UGC01281_rotmod.dat
UGC01281,5.27,1.61,31.6,4.94,5.46,18.77,0,9.92,0,1,90,25,10,0,UGC01281_rotmod.dat
UGC01281,5.27,1.76,34.6,4,7.63,19.16,0,8.28,0,1,90,25,11,0,UGC01281_rotmod.dat
UGC01281,5.27,1.92,37.4,7.09,9.79,19.52,0,7.06,0,1,90,25,12,0,UGC01281_rotmod.dat
UGC01281,5.27,2.07,39.9,4,11.26,19.66,0,6.14,0,1,90,25,13,0,UGC01281_rotmod.dat
UGC01281,5.27,2.22,42.2,4.37,12.73,19.81,0,5.37,0,1,90,25,14,0,UGC01281_rotmod.dat
UGC01281,5.27,2.38,44.4,4.58,13.9,19.88,0,4.87,0,1,90,25,15,0,UGC01281_rotmod.dat
UGC01281,5.27,2.53,46.7,5.91,14.68,20.02,0,4.22,0,1,90,25,16,0,UGC01281_rotmod.dat
UGC01281,5.27,2.68,48.5,7.72,15.47,19.97,0,3.59,0,1,90,25,17,0,UGC01281_rotmod.dat
UGC01281,5.27,2.76,49.3,9.73,15.76,19.92,0,3.33,0,1,90,25,18,0,UGC01281_rotmod.dat
UGC01281,5.27,3.07,53,4,16.84,19.61,0,2.64,0,1,90,25,19,0,UGC01281_rotmod.dat
UGC01281,5.27,3.46,54.1,4,18.3,19.28,0,2.1,0,1,90,25,20,0,UGC01281_rotmod.dat
UGC01281,5.27,3.83,55,4,18.5,18.95,0,1.62,0,1,90,25,21,0,UGC01281_rotmod.dat
UGC01281,5.27,4.23,55.7,4,18.21,18.54,0,1.37,0,1,90,25,22,0,UGC01281_rotmod.dat
UGC01281,5.27,4.62,56.4,4,19.58,18.33,0,1.19,0,1,90,25,23,0,UGC01281_rotmod.dat
UGC01281,5.27,4.99,56.9,4,20.46,18.23,0,0.96,0,1,90,25,24,0,UGC01281_rotmod.dat
UGC02259,10.5,1.02,56.1,3.4,4.05,24.58,0,54.4,0,2,41,8,0,0,UGC02259_rotmod.dat
UGC02259,10.5,2.04,71.1,3,7.98,36.06,0,30.79,0,2,41,8,1,0,UGC02259_rotmod.dat
UGC02259,10.5,3.05,80.7,1.5,14.47,40.35,0,17.94,0,2,41,8,2,0,UGC02259_rotmod.dat
UGC02259,10.5,4.07,82.8,1.5,19.07,42.21,0,8.16,0,2,41,8,3,0,UGC02259_rotmod.dat
UGC02259,10.5,5.09,83.7,1.5,21.9,39.32,0,4.45,0,2,41,8,4,0,UGC02259_rotmod.dat
UGC02259,10.5,6.11,86,1.5,24.6,37.93,0,2.49,0,2,41,8,5,0,UGC02259_rotmod.dat
UGC02259,10.5,7.13,88.3,2.3,26.68,36.09,0,1.32,0,2,41,8,6,0,UGC02259_rotmod.dat
UGC02259,10.5,8.14,90,3,25.72,33.53,0,0,0,2,41,8,7,0,UGC02259_rotmod.dat
UGC02487,69.1,9.93,377,10.3,-13.26,255.96,207.88,296.2,20.38,1,36,17,0,1,UGC02487_rotmod.dat
UGC02487,69.1,10.05,377,19.7,-13.37,257.66,206.72,291.07,19.35,1,36,17,1,1,UGC02487_rotmod.dat
UGC02487,69.1,10.35,378,10.8,-13.47,261.62,204.38,276.87,17.03,1,36,17,2,1,UGC02487_rotmod.dat
UGC02487,69.1,15.07,367,10.7,-11.85,272.35,172.87,136.01,2.35,1,36,17,3,1,UGC02487_rotmod.dat
UGC02487,69.1,20.09,364,6.67,13.97,269.96,151.39,75.01,0.29,1,36,17,4,0,UGC02487_rotmod.dat
UGC02487,69.1,25.12,375,6.19,27.34,262.34,134.72,44.66,0.03,1,36,17,5,0,UGC02487_rotmod.dat
UGC02487,69.1,30.14,383,3.82,34.12,253.37,123.32,22.26,0,1,36,17,6,0,UGC02487_rotmod.dat
UGC02487,69.1,35.17,378,2.21,36.15,235.34,114.11,10.73,0,1,36,17,7,0,UGC02487_rotmod.dat
UGC02487,69.1,40.19,364,4,36.15,219.18,106.71,6.11,0,1,36,17,8,0,UGC02487_rotmod.dat
UGC02487,69.1,45.21,349,3,35.84,206.41,100.63,3.48,0,1,36,17,9,0,UGC02487_rotmod.dat
UGC02487,69.1,50.24,338,3.08,37.87,194.11,95.47,1.63,0,1,36,17,10,0,UGC02487_rotmod.dat
UGC02487,69.1,55.26,332,2.19,41.62,183.23,91.03,1.27,0,1,36,17,11,0,UGC02487_rotmod.dat
UGC02487,69.1,60.28,330,1.61,44.55,174.98,87.16,0.47,0,1,36,17,12,0,UGC02487_rotmod.dat
UGC02487,69.1,65.31,329,2.2,46.17,166.27,83.74,0.25,0,1,36,17,13,0,UGC02487_rotmod.dat
UGC02487,69.1,70.33,330,3.53,46.48,159.17,80.69,0.13,0,1,36,17,14,0,UGC02487_rotmod.dat
UGC02487,69.1,75.35,332,13.4,44.86,152.96,77.96,0.07,0,1,36,17,15,0,UGC02487_rotmod.dat
UGC02487,69.1,80.38,333,15.3,42.32,147.51,75.48,0,0,1,36,17,16,0,UGC02487_rotmod.dat
UGC02885,80.6,1.7,305,10,0,92.31,265.84,879.93,1173.44,1,64,19,0,0,UGC02885_rotmod.dat
UGC02885,80.6,3.41,257,10,0,152.76,236.42,657.78,159.82,1,64,19,1,0,UGC02885_rotmod.dat
UGC02885,80.6,6.82,256,10,0,220.93,175.44,363.12,0.01,1,64,19,2,0,UGC02885_rotmod.dat
UGC02885,80.6,13.67,271,10,0,244.9,123.9,125.25,0,1,64,19,3,0,UGC02885_rotmod.dat
UGC02885,80.6,19.49,282,10,0,240.52,103.77,61.48,0,1,64,19,4,0,UGC02885_rotmod.dat
UGC02885,80.6,23.36,287,10,28.79,238.85,94.78,47.36,0,1,64,19,5,0,UGC02885_rotmod.dat
UGC02885,80.6,27.24,283,10,40.2,232.97,87.77,30.75,0,1,64,19,6,0,UGC02885_rotmod.dat
UGC02885,80.6,31.22,280,10,45.05,223.71,81.99,18.49,0,1,64,19,7,0,UGC02885_rotmod.dat
UGC02885,80.6,35.1,280,10,50.3,214.74,77.32,13.99,0,1,64,19,8,0,UGC02885_rotmod.dat
UGC02885,80.6,38.97,281,10,59.7,206.96,73.38,9.86,0,1,64,19,9,0,UGC02885_rotmod.dat
UGC02885,80.6,42.85,282,10,67.17,198.69,69.98,6.64,0,1,64,19,10,0,UGC02885_rotmod.dat
UGC02885,80.6,46.73,287,10,65.05,189.07,67.02,5.23,0,1,64,19,11,0,UGC02885_rotmod.dat
UGC02885,80.6,50.71,292,10,71.21,184.25,64.33,4.79,0,1,64,19,12,0,UGC02885_rotmod.dat
UGC02885,80.6,54.58,298,10,79.19,180.41,62.01,3.46,0,1,64,19,13,0,UGC02885_rotmod.dat
UGC02885,80.6,58.46,298,10,83.33,174.83,59.92,1.94,0,1,64,19,14,0,UGC02885_rotmod.dat
UGC02885,80.6,62.34,298,10,83.33,168.07,58.02,1.38,0,1,64,19,15,0,UGC02885_rotmod.dat
UGC02885,80.6,66.21,298,10,82.83,162.78,56.3,1,0,1,64,19,16,0,UGC02885_rotmod.dat
UGC02885,80.6,70.19,298,10,85.86,158.17,54.68,0.71,0,1,64,19,17,0,UGC02885_rotmod.dat
UGC02885,80.6,74.07,298,10,86.26,152.97,53.23,0,0,1,64,19,18,0,UGC02885_rotmod.dat
UGC02916,65.4,0.37,183,47.6,-2.62,11.2,123.59,213.07,8848.49,2,50,43,0,1,UGC02916_rotmod.dat
UGC02916,65.4,0.74,196,40.7,-3.79,21.14,191.42,200.63,5187.42,2,50,43,1,1,UGC02916_rotmod.dat
UGC02916,65.4,1.11,205,14.1,-4.87,30.05,218.87,188.92,3807.55,2,50,43,2,1,UGC02916_rotmod.dat
UGC02916,65.4,1.48,211,7.89,-5.72,38.06,240.05,177.89,2861.06,2,50,43,3,1,UGC02916_rotmod.dat
UGC02916,65.4,1.84,214,1.48,-6.31,45.23,258.74,167.77,2139.16,2,50,43,4,1,UGC02916_rotmod.dat
UGC02916,65.4,2.21,214,1.5,-6.65,51.92,273.65,157.98,1447.96,2,50,43,5,1,UGC02916_rotmod.dat
UGC02916,65.4,2.6,213,2.64,-6.69,58.41,280.2,148.27,808.78,2,50,43,6,1,UGC02916_rotmod.dat
UGC02916,65.4,2.96,211,4.5,-6.41,63.99,275.3,139.85,573.6,2,50,43,7,1,UGC02916_rotmod.dat
UGC02916,65.4,3.17,210,8.68,-6.08,66.97,274.94,135.15,462.34,2,50,43,8,1,UGC02916_rotmod.dat
UGC02916,65.4,3.33,209,3,-5.72,69.15,273.2,131.68,390.24,2,50,43,9,1,UGC02916_rotmod.dat
UGC02916,65.4,3.7,207,1.6,-4.34,74.09,268.56,123.99,254.51,2,50,43,10,1,UGC02916_rotmod.dat
UGC02916,65.4,4.07,206,1.73,0.84,78.64,262.81,116.75,150.84,2,50,43,11,0,UGC02916_rotmod.dat
UGC02916,65.4,4.44,205,3.45,5.14,83.02,255.92,109.94,84.07,2,50,43,12,0,UGC02916_rotmod.dat
UGC02916,65.4,4.81,205,2.77,7.67,87.31,248.41,103.48,50.43,2,50,43,13,0,UGC02916_rotmod.dat
UGC02916,65.4,5.18,206,7.48,9.9,90.63,241.01,89.73,30.04,2,50,43,14,0,UGC02916_rotmod.dat
UGC02916,65.4,5.55,207,5.02,12.08,91.17,233.88,79.83,17.93,2,50,43,15,0,UGC02916_rotmod.dat
UGC02916,65.4,5.92,208,7.7,14.21,91.98,227.13,78.76,10.75,2,50,43,16,0,UGC02916_rotmod.dat
UGC02916,65.4,6.28,210,1.95,16.44,93.75,220.9,77.91,6.52,2,50,43,17,0,UGC02916_rotmod.dat
UGC02916,65.4,6.34,210,4.78,16.75,94.14,219.93,77.94,6.01,2,50,43,18,0,UGC02916_rotmod.dat
UGC02916,65.4,6.65,212,1.96,18.67,96.53,214.9,75.88,3.89,2,50,43,19,0,UGC02916_rotmod.dat
UGC02916,65.4,7.03,214,0.76,20.8,99.17,209.22,70.88,2.31,2,50,43,20,0,UGC02916_rotmod.dat
UGC02916,65.4,7.39,215,2.22,22.73,101.39,204.19,67.18,1.39,2,50,43,21,0,UGC02916_rotmod.dat
UGC02916,65.4,7.77,216,1.76,24.56,103.08,199.24,63.61,0.82,2,50,43,22,0,UGC02916_rotmod.dat
UGC02916,65.4,8.14,217,1.53,26.28,105.18,194.76,60.05,0.49,2,50,43,23,0,UGC02916_rotmod.dat
UGC02916,65.4,8.51,218,7.7,27.91,106.86,190.42,56.59,0.29,2,50,43,24,0,UGC02916_rotmod.dat
UGC02916,65.4,8.88,218,6.86,29.33,108.2,186.31,53.33,0.18,2,50,43,25,0,UGC02916_rotmod.dat
UGC02916,65.4,9.25,218,8.37,30.55,109.65,182.7,50.25,0.11,2,50,43,26,0,UGC02916_rotmod.dat
UGC02916,65.4,9.52,218,3.93,31.16,110.49,180.08,48.1,0.07,2,50,43,27,0,UGC02916_rotmod.dat
UGC02916,65.4,9.62,218,4.05,31.36,110.78,179.14,47.33,0.06,2,50,43,28,0,UGC02916_rotmod.dat
UGC02916,65.4,9.99,217,20.2,32.17,111.77,175.79,44.58,0.04,2,50,43,29,0,UGC02916_rotmod.dat
UGC02916,65.4,10.4,217,4.2,33.08,112.69,172.23,41.71,0.02,2,50,43,30,0,UGC02916_rotmod.dat
UGC02916,65.4,10.71,216,3.16,34,113.45,169.76,39.66,0.01,2,50,43,31,0,UGC02916_rotmod.dat
UGC02916,65.4,11.12,215,6.72,35.01,114.16,166.6,37.11,0.01,2,50,43,32,0,UGC02916_rotmod.dat
UGC02916,65.4,12.67,212,1.82,39.99,115.88,156.1,28.84,0,2,50,43,33,0,UGC02916_rotmod.dat
UGC02916,65.4,12.98,211,16.6,41,116.15,154.24,27.43,0,2,50,43,34,0,UGC02916_rotmod.dat
UGC02916,65.4,15.86,209,8.38,52.47,115.82,139.51,17.17,0,2,50,43,35,0,UGC02916_rotmod.dat
UGC02916,65.4,19.05,215,13.2,66.17,112.66,127.33,10.22,0,2,50,43,36,0,UGC02916_rotmod.dat
UGC02916,65.4,22.14,215,13.9,76.32,108.18,118.11,6.19,0,2,50,43,37,0,UGC02916_rotmod.dat
UGC02916,65.4,25.34,210,10.6,79.67,102.95,110.4,3.68,0,2,50,43,38,0,UGC02916_rotmod.dat
UGC02916,65.4,28.53,196,12.8,78.35,97.69,104.04,2.19,0,2,50,43,39,0,UGC02916_rotmod.dat
UGC02916,65.4,31.72,185,11.5,74.49,92.71,98.67,1.3,0,2,50,43,40,0,UGC02916_rotmod.dat
UGC02916,65.4,34.91,182,10.8,72.76,88.3,94.06,0.78,0,2,50,43,41,0,UGC02916_rotmod.dat
UGC02916,65.4,38,181,10.3,70.63,85.07,90.15,0,0,2,50,43,42,0,UGC02916_rotmod.dat
UGC02953,16.5,0.09,231,52.9,-0.75,12.18,80.49,2863.21,29242.18,2,50,115,0,1,UGC02953_rotmod.dat
UGC02953,16.5,0.17,231,27.9,-0.9,23.29,154.33,2799.34,23293.66,2,50,115,1,1,UGC02953_rotmod.dat
UGC02953,16.5,0.26,231,16.4,-0.97,35.2,203.79,2729.19,15656.33,2,50,115,2,1,UGC02953_rotmod.dat
UGC02953,16.5,0.34,231,11.9,-1,45.31,224.63,2668.31,11345.04,2,50,115,3,1,UGC02953_rotmod.dat
UGC02953,16.5,0.43,232,8.04,-1.04,56.16,236.57,2601.44,8539.84,2,50,115,4,1,UGC02953_rotmod.dat
UGC02953,16.5,0.51,232,6.53,-1.11,65.37,243.18,2543.41,6949.05,2,50,115,5,1,UGC02953_rotmod.dat
UGC02953,16.5,0.6,232,4.75,-1.21,75.35,248.89,2479.67,5592.32,2,50,115,6,1,UGC02953_rotmod.dat
UGC02953,16.5,0.69,232,4,-1.34,84.97,252.61,2417.53,4572.83,2,50,115,7,1,UGC02953_rotmod.dat
UGC02953,16.5,0.77,233,5.69,-1.48,93.17,255.01,2363.6,3849.38,2,50,115,8,1,UGC02953_rotmod.dat
UGC02953,16.5,0.86,233,4.83,-1.64,102.03,256.4,2304.36,3221.94,2,50,115,9,1,UGC02953_rotmod.dat
UGC02953,16.5,0.95,234,10.8,-1.82,110.51,257.17,2246.61,2765.52,2,50,115,10,1,UGC02953_rotmod.dat
UGC02953,16.5,1.03,235,10.3,-2,117.74,258.4,2196.5,2416.65,2,50,115,11,1,UGC02953_rotmod.dat
UGC02953,16.5,1.11,235,10.6,-2.17,124.74,258.76,2147.5,2096.14,2,50,115,12,1,UGC02953_rotmod.dat
UGC02953,16.5,1.2,236,10.2,-2.35,132.45,259.47,2093.68,1752.88,2,50,115,13,1,UGC02953_rotmod.dat
UGC02953,16.5,1.29,237,10.6,-2.54,139.94,259.74,2041.21,1444.87,2,50,115,14,1,UGC02953_rotmod.dat
UGC02953,16.5,1.38,238,14.2,-2.73,147.1,259.48,1990.06,1174.7,2,50,115,15,1,UGC02953_rotmod.dat
UGC02953,16.5,1.46,238,14.1,-2.94,153.23,258.65,1945.67,969.16,2,50,115,16,1,UGC02953_rotmod.dat
UGC02953,16.5,1.55,239,19.6,-3.15,159.87,257.13,1896.9,770.65,2,50,115,17,1,UGC02953_rotmod.dat
UGC02953,16.5,1.63,240,17.8,-3.37,165.58,255.36,1854.59,629.73,2,50,115,18,1,UGC02953_rotmod.dat
UGC02953,16.5,1.72,241,7.14,-3.59,171.83,252.89,1808.11,495.74,2,50,115,19,1,UGC02953_rotmod.dat
UGC02953,16.5,1.8,242,11.9,-3.81,177.21,250.43,1767.23,402.06,2,50,115,20,1,UGC02953_rotmod.dat
UGC02953,16.5,1.89,243,10.9,-4.02,183.03,247.35,1719.56,316.59,2,50,115,21,1,UGC02953_rotmod.dat
UGC02953,16.5,1.98,244,17.6,-4.24,188.55,244.09,1672.1,250.14,2,50,115,22,1,UGC02953_rotmod.dat
UGC02953,16.5,2.07,246,11.4,-4.48,193.82,240.73,1628.43,196.88,2,50,115,23,1,UGC02953_rotmod.dat
UGC02953,16.5,2.15,247,12.9,-4.72,198.33,237.68,1591.58,160.14,2,50,115,24,1,UGC02953_rotmod.dat
UGC02953,16.5,2.23,248,15.4,-4.99,202.68,234.62,1556.82,129.09,2,50,115,25,1,UGC02953_rotmod.dat
UGC02953,16.5,2.32,249,17.6,-5.25,207.44,231.17,1520.1,101.99,2,50,115,26,1,UGC02953_rotmod.dat
UGC02953,16.5,2.4,251,24,-5.52,211.55,228.14,1490.64,82.62,2,50,115,27,1,UGC02953_rotmod.dat
UGC02953,16.5,2.49,252,10.1,-5.8,216.16,224.74,1462.65,65.01,2,50,115,28,1,UGC02953_rotmod.dat
UGC02953,16.5,2.58,253,12,-6.06,220.83,221.41,1439.08,51.48,2,50,115,29,1,UGC02953_rotmod.dat
UGC02953,16.5,2.67,254,6.34,-6.31,225.64,218.17,1415.29,40.48,2,50,115,30,1,UGC02953_rotmod.dat
UGC02953,16.5,2.75,256,6.22,-6.56,230,215.36,1394.11,32.75,2,50,115,31,1,UGC02953_rotmod.dat
UGC02953,16.5,2.83,257,5.6,-6.82,234.46,212.6,1373.66,26.62,2,50,115,32,1,UGC02953_rotmod.dat
UGC02953,16.5,2.92,259,8.73,-7.07,239.57,209.57,1344.19,20.95,2,50,115,33,1,UGC02953_rotmod.dat
UGC02953,16.5,3,260,5.19,-7.31,243.97,206.96,1311.28,16.93,2,50,115,34,1,UGC02953_rotmod.dat
UGC02953,16.5,3.09,262,11,-7.55,248.68,204.14,1269.31,13.39,2,50,115,35,1,UGC02953_rotmod.dat
UGC02953,16.5,3.18,263,16,-7.78,252.98,201.42,1224.91,10.58,2,50,115,36,1,UGC02953_rotmod.dat
UGC02953,16.5,3.27,264,13.1,-8,256.93,198.78,1182.82,8.31,2,50,115,37,1,UGC02953_rotmod.dat
UGC02953,16.5,3.35,266,11.8,-8.21,260.17,196.48,1144.53,6.73,2,50,115,38,1,UGC02953_rotmod.dat
UGC02953,16.5,3.43,267,12.7,-8.4,263.1,194.27,1105.43,5.47,2,50,115,39,1,UGC02953_rotmod.dat
UGC02953,16.5,4.21,280,5.52,-9.93,282.25,175.61,838.68,0.7,2,50,115,40,1,UGC02953_rotmod.dat
UGC02953,16.5,4.29,282,2.35,-10.07,283.7,173.97,817.02,0.56,2,50,115,41,1,UGC02953_rotmod.dat
UGC02953,16.5,4.38,283,5.1,-10.2,285.12,172.2,793.56,0.44,2,50,115,42,1,UGC02953_rotmod.dat
UGC02953,16.5,4.47,285,4.61,-10.32,286.54,170.45,771.06,0.35,2,50,115,43,1,UGC02953_rotmod.dat
UGC02953,16.5,4.8,290,10.8,-10.66,290.98,164.51,698.48,0.15,2,50,115,44,1,UGC02953_rotmod.dat
UGC02953,16.5,5.25,296,2.85,-10.87,296.92,157.31,618.22,0.04,2,50,115,45,1,UGC02953_rotmod.dat
UGC02953,16.5,5.32,298,1.92,-10.98,297.8,156.27,605.44,0.04,2,50,115,46,1,UGC02953_rotmod.dat
UGC02953,16.5,5.41,299,4.29,-10.98,298.79,154.97,589.09,0.03,2,50,115,47,1,UGC02953_rotmod.dat
UGC02953,16.5,5.5,300,4.92,-10.87,299.65,153.7,572.85,0.02,2,50,115,48,1,UGC02953_rotmod.dat
UGC02953,16.5,5.58,301,2.24,-10.87,300.25,152.59,558.57,0.02,2,50,115,49,1,UGC02953_rotmod.dat
UGC02953,16.5,5.67,302,4.59,-10.87,300.59,151.39,543.65,0.01,2,50,115,50,1,UGC02953_rotmod.dat
UGC02953,16.5,5.76,303,5.07,-10.77,301.15,150.21,529.17,0.01,2,50,115,51,1,UGC02953_rotmod.dat
UGC02953,16.5,6,306,7.89,-10.56,302.48,147.17,492.68,0.01,2,50,115,52,1,UGC02953_rotmod.dat
UGC02953,16.5,6.18,307,4.41,-10.25,303.22,145.01,468.31,0,2,50,115,53,1,UGC02953_rotmod.dat
UGC02953,16.5,6.27,308,3.2,-10.11,303.58,143.96,458.48,0,2,50,115,54,1,UGC02953_rotmod.dat
UGC02953,16.5,6.36,309,6.66,-9.94,303.97,142.94,449.61,0,2,50,115,55,1,UGC02953_rotmod.dat
UGC02953,16.5,6.45,310,5.83,-9.76,304.41,141.93,441.7,0,2,50,115,56,1,UGC02953_rotmod.dat
UGC02953,16.5,6.53,310,3.83,-9.58,304.83,141.06,435.47,0,2,50,115,57,1,UGC02953_rotmod.dat
UGC02953,16.5,6.61,311,2.41,-9.37,305.34,140.2,430.01,0,2,50,115,58,1,UGC02953_rotmod.dat
UGC02953,16.5,6.7,312,1.25,-9.15,306.03,139.26,424.77,0,2,50,115,59,1,UGC02953_rotmod.dat
UGC02953,16.5,6.79,312,3.61,-8.91,306.85,138.35,417.48,0,2,50,115,60,1,UGC02953_rotmod.dat
UGC02953,16.5,6.87,313,13.8,-8.64,307.19,137.53,408.19,0,2,50,115,61,1,UGC02953_rotmod.dat
UGC02953,16.5,6.96,313,4.58,-8.36,307.95,136.63,397.12,0,2,50,115,62,1,UGC02953_rotmod.dat
UGC02953,16.5,7.05,314,3.05,-8.05,308.63,135.75,385.39,0,2,50,115,63,1,UGC02953_rotmod.dat
UGC02953,16.5,7.2,315,1.38,-7.43,309.44,134.31,364.37,0,2,50,115,64,1,UGC02953_rotmod.dat
UGC02953,16.5,7.39,316,0.75,-6.59,309.73,132.58,335.1,0,2,50,115,65,1,UGC02953_rotmod.dat
UGC02953,16.5,7.47,316,8.57,-6.16,309.53,131.86,325.32,0,2,50,115,66,1,UGC02953_rotmod.dat
UGC02953,16.5,7.99,318,1.36,-2.38,307.52,127.53,288.76,0,2,50,115,67,1,UGC02953_rotmod.dat
UGC02953,16.5,8.08,318,16,-0.67,307.34,126.82,285.24,0,2,50,115,68,1,UGC02953_rotmod.dat
UGC02953,16.5,8.16,318,5.5,2,307.11,126.2,282.8,0,2,50,115,69,0,UGC02953_rotmod.dat
UGC02953,16.5,8.25,319,2.94,2.92,307.22,125.51,276.89,0,2,50,115,70,0,UGC02953_rotmod.dat
UGC02953,16.5,8.34,319,1.74,3.49,307.32,124.83,270.93,0,2,50,115,71,0,UGC02953_rotmod.dat
UGC02953,16.5,8.4,319,2.2,3.85,307.36,124.38,266.95,0,2,50,115,72,0,UGC02953_rotmod.dat
UGC02953,16.5,9.59,319,3.23,7.94,304.71,116.41,195.24,0,2,50,115,73,0,UGC02953_rotmod.dat
UGC02953,16.5,10.8,317,4.08,12.02,299.89,109.7,155.37,0,2,50,115,74,0,UGC02953_rotmod.dat
UGC02953,16.5,12.02,312,2.62,17.77,298.77,103.98,118.88,0,2,50,115,75,0,UGC02953_rotmod.dat
UGC02953,16.5,13.22,308,0.76,22.79,295.36,99.15,82.4,0,2,50,115,76,0,UGC02953_rotmod.dat
UGC02953,16.5,14.42,303,1.86,24.88,287.38,94.93,50.37,0,2,50,115,77,0,UGC02953_rotmod.dat
UGC02953,16.5,15.63,298,1.34,24.46,274.79,91.19,30.81,0,2,50,115,78,0,UGC02953_rotmod.dat
UGC02953,16.5,16.83,296,1.41,24.25,262.23,87.87,22.51,0,2,50,115,79,0,UGC02953_rotmod.dat
UGC02953,16.5,18.03,294,1.15,25.92,253.58,84.9,18.71,0,2,50,115,80,0,UGC02953_rotmod.dat
UGC02953,16.5,19.23,294,0.59,28.33,245.5,82.21,12.92,0,2,50,115,81,0,UGC02953_rotmod.dat
UGC02953,16.5,20.43,294,0.5,31.05,237.34,79.76,9.23,0,2,50,115,82,0,UGC02953_rotmod.dat
UGC02953,16.5,21.64,292,1.21,33.56,229.62,77.5,6.57,0,2,50,115,83,0,UGC02953_rotmod.dat
UGC02953,16.5,22.84,290,1.21,34.91,222.49,75.43,4.66,0,2,50,115,84,0,UGC02953_rotmod.dat
UGC02953,16.5,24.04,287,0.81,34.6,215.84,73.53,3.32,0,2,50,115,85,0,UGC02953_rotmod.dat
UGC02953,16.5,25.24,283,1.08,32.72,209.67,71.76,2.37,0,2,50,115,86,0,UGC02953_rotmod.dat
UGC02953,16.5,26.44,279,1.87,31.05,203.93,70.11,1.69,0,2,50,115,87,0,UGC02953_rotmod.dat
UGC02953,16.5,27.65,276,1.55,30.52,198.57,68.56,1.2,0,2,50,115,88,0,UGC02953_rotmod.dat
UGC02953,16.5,28.85,273,1.9,30.21,193.62,67.12,0.86,0,2,50,115,89,0,UGC02953_rotmod.dat
UGC02953,16.5,30.05,271,1.12,30,189.02,65.76,0.61,0,2,50,115,90,0,UGC02953_rotmod.dat
UGC02953,16.5,31.25,270,1.41,30.73,184.73,64.49,0.43,0,2,50,115,91,0,UGC02953_rotmod.dat
UGC02953,16.5,32.34,268,1.76,31.88,181.07,63.39,0.32,0,2,50,115,92,0,UGC02953_rotmod.dat
UGC02953,16.5,33.55,267,1.81,33.03,177.28,62.24,0.23,0,2,50,115,93,0,UGC02953_rotmod.dat
UGC02953,16.5,34.75,266,2.18,33.45,173.75,61.15,0.16,0,2,50,115,94,0,UGC02953_rotmod.dat
UGC02953,16.5,35.95,265,3.01,33.24,170.44,60.13,0.12,0,2,50,115,95,0,UGC02953_rotmod.dat
UGC02953,16.5,37.15,264,2.04,32.93,167.32,59.15,0.08,0,2,50,115,96,0,UGC02953_rotmod.dat
UGC02953,16.5,38.35,264,1.58,32.82,164.38,58.21,0.06,0,2,50,115,97,0,UGC02953_rotmod.dat
UGC02953,16.5,39.56,264,3.23,33.03,161.57,57.32,0.04,0,2,50,115,98,0,UGC02953_rotmod.dat
UGC02953,16.5,40.76,264,2.94,33.76,158.94,56.47,0.03,0,2,50,115,99,0,UGC02953_rotmod.dat
UGC02953,16.5,41.96,264,1.62,34.29,156.44,55.65,0.02,0,2,50,115,100,0,UGC02953_rotmod.dat
UGC02953,16.5,43.16,264,2.15,34.29,154.06,54.87,0.02,0,2,50,115,101,0,UGC02953_rotmod.dat
UGC02953,16.5,44.36,262,4.45,34.08,151.79,54.13,0.01,0,2,50,115,102,0,UGC02953_rotmod.dat
UGC02953,16.5,45.57,260,7.43,34.39,149.61,53.4,0.01,0,2,50,115,103,0,UGC02953_rotmod.dat
UGC02953,16.5,46.77,258,7.22,34.81,147.54,52.71,0.01,0,2,50,115,104,0,UGC02953_rotmod.dat
UGC02953,16.5,47.97,257,5.37,34.81,145.56,52.05,0,0,2,50,115,105,0,UGC02953_rotmod.dat
UGC02953,16.5,49.17,258,5.43,34.6,143.67,51.41,0,0,2,50,115,106,0,UGC02953_rotmod.dat
UGC02953,16.5,50.37,260,6.47,34.6,141.84,50.79,0,0,2,50,115,107,0,UGC02953_rotmod.dat
UGC02953,16.5,51.58,263,5.75,34.6,140.1,50.2,0,0,2,50,115,108,0,UGC02953_rotmod.dat
UGC02953,16.5,52.78,265,5.54,34.18,138.41,49.62,0,0,2,50,115,109,0,UGC02953_rotmod.dat
UGC02953,16.5,53.98,266,4.43,33.56,136.79,49.07,0,0,2,50,115,110,0,UGC02953_rotmod.dat
UGC02953,16.5,55.18,266,4.71,33.14,135.22,48.53,0,0,2,50,115,111,0,UGC02953_rotmod.dat
UGC02953,16.5,57.59,262,5.28,32.72,132.24,47.5,0,0,2,50,115,112,0,UGC02953_rotmod.dat
UGC02953,16.5,59.99,263,4.7,31.36,129.47,46.54,0,0,2,50,115,113,0,UGC02953_rotmod.dat
UGC02953,16.5,62.39,272,5.04,30.52,126.87,45.64,0,0,2,50,115,114,0,UGC02953_rotmod.dat
UGC03205,50,0.28,107,30.2,-1.6,13.69,91.46,618.49,5800.33,1,67,48,0,1,UGC03205_rotmod.dat
UGC03205,50,0.55,121,15.6,-2.32,26,143.82,603.26,3274.79,1,67,48,1,1,UGC03205_rotmod.dat
UGC03205,50,0.83,134,8.69,-3.04,37.95,161.88,587.86,1870.98,1,67,48,2,1,UGC03205_rotmod.dat
UGC03205,50,1.39,157,12.5,-4.39,60.02,171.18,558.23,849.89,1,67,48,3,1,UGC03205_rotmod.dat
UGC03205,50,1.65,168,11.7,-4.98,69.62,173.79,544.98,599.88,1,67,48,4,1,UGC03205_rotmod.dat
UGC03205,50,3.04,207,8.04,-7.06,115.86,156.1,470.23,10.13,1,67,48,5,1,UGC03205_rotmod.dat
UGC03205,50,3.32,213,6.53,-7.33,124.12,149.78,462.95,3.88,1,67,48,6,1,UGC03205_rotmod.dat
UGC03205,50,3.59,218,11.2,-7.54,132.68,144.22,455.55,1.53,1,67,48,7,1,UGC03205_rotmod.dat
UGC03205,50,3.87,222,6.05,-7.69,142.15,138.97,450.84,0.59,1,67,48,8,1,UGC03205_rotmod.dat
UGC03205,50,4.15,226,5.41,-7.79,153.48,134.27,445.2,0.23,1,67,48,9,1,UGC03205_rotmod.dat
UGC03205,50,4.43,229,5.96,-7.83,164.2,129.95,417.46,0.09,1,67,48,10,1,UGC03205_rotmod.dat
UGC03205,50,4.7,232,7.41,-7.81,172.5,126.18,387.64,0.03,1,67,48,11,1,UGC03205_rotmod.dat
UGC03205,50,4.97,234,6.1,-7.72,178.86,122.67,357.56,0.01,1,67,48,12,1,UGC03205_rotmod.dat
UGC03205,50,5.25,235,3.89,-7.58,184.4,119.35,339.44,0.01,1,67,48,13,1,UGC03205_rotmod.dat
UGC03205,50,5.52,236,9.03,-7.35,190.48,116.43,324.46,0,1,67,48,14,1,UGC03205_rotmod.dat
UGC03205,50,5.8,237,10,-7.05,196.76,113.55,303.79,0,1,67,48,15,1,UGC03205_rotmod.dat
UGC03205,50,6.08,237,7.36,-6.7,202.21,110.91,281.08,0,1,67,48,16,1,UGC03205_rotmod.dat
UGC03205,50,6.36,237,10.2,-6.27,207.12,108.43,256.11,0,1,67,48,17,1,UGC03205_rotmod.dat
UGC03205,50,6.63,236,10.4,-5.76,210.37,106.22,231.86,0,1,67,48,18,1,UGC03205_rotmod.dat
UGC03205,50,6.91,236,5.83,-5.16,212.88,104.02,209.52,0,1,67,48,19,1,UGC03205_rotmod.dat
UGC03205,50,7.19,235,5.43,-4.56,214.54,101.99,188.62,0,1,67,48,20,1,UGC03205_rotmod.dat
UGC03205,50,7.27,234,8.36,-4.39,214.82,101.43,183.32,0,1,67,48,21,1,UGC03205_rotmod.dat
UGC03205,50,7.46,234,7.88,-3.95,215.36,100.13,171.57,0,1,67,48,22,1,UGC03205_rotmod.dat
UGC03205,50,8.02,231,8.17,1.42,216.46,96.57,142.56,0,1,67,48,23,0,UGC03205_rotmod.dat
UGC03205,50,8.29,229,5.82,3.82,216.57,94.99,129.68,0,1,67,48,24,0,UGC03205_rotmod.dat
UGC03205,50,8.56,228,7.21,5.49,216.49,93.48,117.85,0,1,67,48,25,0,UGC03205_rotmod.dat
UGC03205,50,8.84,226,18.2,7.01,215.92,91.98,106.56,0,1,67,48,26,0,UGC03205_rotmod.dat
UGC03205,50,9.12,224,9.11,8.51,215.26,90.56,96.24,0,1,67,48,27,0,UGC03205_rotmod.dat
UGC03205,50,9.69,221,5.56,11.96,213.03,87.86,78.11,0,1,67,48,28,0,UGC03205_rotmod.dat
UGC03205,50,12.11,216,3.21,24.01,197.34,78.59,33.45,0,1,67,48,29,0,UGC03205_rotmod.dat
UGC03205,50,14.58,220,1.89,33.03,180.81,71.62,16.19,0,1,67,48,30,0,UGC03205_rotmod.dat
UGC03205,50,14.68,220,7.66,33.34,180.14,71.38,15.84,0,1,67,48,31,0,UGC03205_rotmod.dat
UGC03205,50,15.2,221,9.52,34.96,176.93,70.15,14.51,0,1,67,48,32,0,UGC03205_rotmod.dat
UGC03205,50,15.5,221,13.6,35.77,175.4,69.47,13.84,0,1,67,48,33,0,UGC03205_rotmod.dat
UGC03205,50,15.71,221,8.15,36.68,174.35,69,13.25,0,1,67,48,34,0,UGC03205_rotmod.dat
UGC03205,50,16.02,221,4.11,37.49,172.9,68.33,12.42,0,1,67,48,35,0,UGC03205_rotmod.dat
UGC03205,50,16.32,221,5.37,38.3,171.46,67.7,11.67,0,1,67,48,36,0,UGC03205_rotmod.dat
UGC03205,50,16.53,221,5.06,39.11,170.51,67.27,11.18,0,1,67,48,37,0,UGC03205_rotmod.dat
UGC03205,50,16.84,221,11.4,39.92,169.21,66.64,10.5,0,1,67,48,38,0,UGC03205_rotmod.dat
UGC03205,50,16.94,221,2.56,40.33,168.81,66.45,10.27,0,1,67,48,39,0,UGC03205_rotmod.dat
UGC03205,50,19.4,218,1.7,47.22,157.9,62.09,4.85,0,1,67,48,40,0,UGC03205_rotmod.dat
UGC03205,50,21.77,216,1.13,52.28,148.59,58.61,2.49,0,1,67,48,41,0,UGC03205_rotmod.dat
UGC03205,50,24.23,215,1.77,54.82,138.99,55.56,0.86,0,1,67,48,42,0,UGC03205_rotmod.dat
UGC03205,50,26.69,212,2.47,55.53,130.82,52.94,0.4,0,1,67,48,43,0,UGC03205_rotmod.dat
UGC03205,50,29.06,208,1.44,54.01,124.32,50.73,0.19,0,1,67,48,44,0,UGC03205_rotmod.dat
UGC03205,50,31.52,209,2.88,51.78,118.54,48.71,0.09,0,1,67,48,45,0,UGC03205_rotmod.dat
UGC03205,50,36.34,220,4.09,47.22,109.34,45.37,0.02,0,1,67,48,46,0,UGC03205_rotmod.dat
UGC03205,50,40.04,220,6.32,42.76,103.66,43.22,0,0,1,67,48,47,0,UGC03205_rotmod.dat
UGC03546,28.7,0.63,262,73.6,-0.79,82.82,389.26,1981.83,3538.94,1,55,30,0,1,UGC03546_rotmod.dat
UGC03546,28.7,0.79,250,55.5,-0.85,98.9,366.12,1833.29,1444.35,1,55,30,1,1,UGC03546_rotmod.dat
UGC03546,28.7,0.95,241,42.9,-0.88,113.48,343.54,1695.88,614.37,1,55,30,2,1,UGC03546_rotmod.dat
UGC03546,28.7,1.11,234,31.9,-0.87,126.74,322.48,1568.78,245.76,1,55,30,3,1,UGC03546_rotmod.dat
UGC03546,28.7,1.27,228,28.8,-0.8,138.83,303.96,1451.19,56.22,1,55,30,4,1,UGC03546_rotmod.dat
UGC03546,28.7,1.43,225,24.2,-0.68,149.76,286.96,1332.14,9.44,1,55,30,5,1,UGC03546_rotmod.dat
UGC03546,28.7,1.59,222,12.2,-0.44,159.73,272.22,1252.07,1.58,1,55,30,6,1,UGC03546_rotmod.dat
UGC03546,28.7,1.9,221,6.34,0.78,176.94,249.03,1066.65,0.05,1,55,30,7,0,UGC03546_rotmod.dat
UGC03546,28.7,2.06,221,12.2,1.08,185.04,239.17,987.42,0.01,1,55,30,8,0,UGC03546_rotmod.dat
UGC03546,28.7,2.22,222,16.9,1.32,192.44,230.43,907.47,0,1,55,30,9,0,UGC03546_rotmod.dat
UGC03546,28.7,2.38,222,26,1.56,199.32,222.52,828.95,0,1,55,30,10,0,UGC03546_rotmod.dat
UGC03546,28.7,2.79,221,13.1,2.09,211.11,205.57,608.92,0,1,55,30,11,0,UGC03546_rotmod.dat
UGC03546,28.7,2.86,221,11.8,2.18,212.46,203.04,578.56,0,1,55,30,12,0,UGC03546_rotmod.dat
UGC03546,28.7,3.02,220,22.9,2.37,214.79,197.59,513.59,0,1,55,30,13,0,UGC03546_rotmod.dat
UGC03546,28.7,4.17,205,8.45,2.86,211.54,168.15,210.33,0,1,55,30,14,0,UGC03546_rotmod.dat
UGC03546,28.7,5.56,190,13.3,-1.54,194.36,145.62,128.85,0,1,55,30,15,1,UGC03546_rotmod.dat
UGC03546,28.7,6.96,190,8.87,-5.89,186.95,130.15,94.62,0,1,55,30,16,1,UGC03546_rotmod.dat
UGC03546,28.7,8.35,198,3.19,-6.18,182.36,118.83,73.26,0,1,55,30,17,1,UGC03546_rotmod.dat
UGC03546,28.7,9.73,204,2.56,5.96,181.71,110.08,49.74,0,1,55,30,18,0,UGC03546_rotmod.dat
UGC03546,28.7,11.14,204,1.09,14.87,174.04,102.88,28.48,0,1,55,30,19,0,UGC03546_rotmod.dat
UGC03546,28.7,12.51,201,0.57,22.04,166.83,97.08,22.2,0,1,55,30,20,0,UGC03546_rotmod.dat
UGC03546,28.7,13.88,203,0.75,28.09,161.75,92.17,16.63,0,1,55,30,21,0,UGC03546_rotmod.dat
UGC03546,28.7,15.35,202,0.89,32.2,157.11,87.64,10.43,0,1,55,30,22,0,UGC03546_rotmod.dat
UGC03546,28.7,16.72,198,1.58,34.45,151.02,83.97,5.62,0,1,55,30,23,0,UGC03546_rotmod.dat
UGC03546,28.7,18.08,195,1.5,34.96,144.44,80.75,2.73,0,1,55,30,24,0,UGC03546_rotmod.dat
UGC03546,28.7,19.45,194,2.16,34.55,137.88,77.86,1.14,0,1,55,30,25,0,UGC03546_rotmod.dat
UGC03546,28.7,20.92,192,6.21,33.63,131.28,75.07,0,0,1,55,30,26,0,UGC03546_rotmod.dat
UGC03546,28.7,22.92,190,3.14,31.78,123.21,71.72,0,0,1,55,30,27,0,UGC03546_rotmod.dat
UGC03546,28.7,25.02,191,14.6,29.63,116.76,68.65,0,0,1,55,30,28,0,UGC03546_rotmod.dat
UGC03546,28.7,29.23,193,18.6,26.35,106.8,63.51,0,0,1,55,30,29,0,UGC03546_rotmod.dat
UGC03580,20.7,0.11,56.2,28.5,-1.03,10.27,44.15,655.22,4452.47,2,63,47,0,1,UGC03580_rotmod.dat
UGC03580,20.7,0.23,64.6,22.7,-1.23,20.21,75.69,599.52,2773.9,2,63,47,1,1,UGC03580_rotmod.dat
UGC03580,20.7,0.34,70.2,17.2,-1.32,28.3,90.09,552.64,1731.65,2,63,47,2,1,UGC03580_rotmod.dat
UGC03580,20.7,0.46,71.6,11.7,-1.38,36.17,97.29,505.66,1079.38,2,63,47,3,1,UGC03580_rotmod.dat
UGC03580,20.7,0.57,71,11.3,-1.41,42.64,98.4,466.11,777.25,2,63,47,4,1,UGC03580_rotmod.dat
UGC03580,20.7,0.69,69,9.37,-1.36,48.95,99.3,426.49,601.37,2,63,47,5,1,UGC03580_rotmod.dat
UGC03580,20.7,0.8,67.7,6.23,-1.23,54.16,100.36,393.14,459.37,2,63,47,6,1,UGC03580_rotmod.dat
UGC03580,20.7,0.92,66.9,4,-0.91,59.24,100.84,359.72,348.84,2,63,47,7,1,UGC03580_rotmod.dat
UGC03580,20.7,1.03,66.6,3.1,0.49,63.4,101.52,331.59,233.68,2,63,47,8,0,UGC03580_rotmod.dat
UGC03580,20.7,1.14,66.8,3.02,1.27,67.15,100.91,305.66,159.27,2,63,47,9,0,UGC03580_rotmod.dat
UGC03580,20.7,1.26,67.4,3.09,1.89,70.78,99.65,279.67,96.37,2,63,47,10,0,UGC03580_rotmod.dat
UGC03580,20.7,1.37,68.3,2.71,2.47,73.73,97.83,257.8,50.26,2,63,47,11,0,UGC03580_rotmod.dat
UGC03580,20.7,1.49,69.6,2.75,2.98,76.63,95.14,239.14,24.69,2,63,47,12,0,UGC03580_rotmod.dat
UGC03580,20.7,1.61,71.2,2.61,3.52,79.45,92.26,221.75,12.13,2,63,47,13,0,UGC03580_rotmod.dat
UGC03580,20.7,1.71,72.9,4.09,4.06,81.6,89.85,205.51,6.74,2,63,47,14,0,UGC03580_rotmod.dat
UGC03580,20.7,1.83,74.9,6.17,4.62,83.69,87.09,183.4,3.33,2,63,47,15,0,UGC03580_rotmod.dat
UGC03580,20.7,1.94,77,7.74,5.19,85.04,84.69,167.21,1.73,2,63,47,16,0,UGC03580_rotmod.dat
UGC03580,20.7,2.06,79.2,5.36,5.77,86.25,82.25,154.41,0.85,2,63,47,17,0,UGC03580_rotmod.dat
UGC03580,20.7,2.18,81.4,6.34,6.34,87.49,79.96,146.81,0.42,2,63,47,18,0,UGC03580_rotmod.dat
UGC03580,20.7,2.29,83.6,2.03,6.95,88.91,78.04,140.69,0.22,2,63,47,19,0,UGC03580_rotmod.dat
UGC03580,20.7,2.4,85.7,1.94,7.56,90.4,76.26,131.91,0.11,2,63,47,20,0,UGC03580_rotmod.dat
UGC03580,20.7,2.52,87.8,1.7,8.2,91.9,74.41,120.79,0.06,2,63,47,21,0,UGC03580_rotmod.dat
UGC03580,20.7,2.63,89.7,2.16,8.89,92.95,72.86,108.91,0.03,2,63,47,22,0,UGC03580_rotmod.dat
UGC03580,20.7,2.75,91.4,1.88,9.58,93.65,71.23,96.05,0.01,2,63,47,23,0,UGC03580_rotmod.dat
UGC03580,20.7,2.86,92.8,3.36,10.31,93.97,69.85,86.65,0.01,2,63,47,24,0,UGC03580_rotmod.dat
UGC03580,20.7,2.98,94.1,1.4,11.11,94.1,68.43,77.7,0,2,63,47,25,0,UGC03580_rotmod.dat
UGC03580,20.7,3.09,95.2,5.51,11.94,93.98,67.21,70.44,0,2,63,47,26,0,UGC03580_rotmod.dat
UGC03580,20.7,3.2,96.1,6.23,12.77,93.74,66.06,64.18,0,2,63,47,27,0,UGC03580_rotmod.dat
UGC03580,20.7,4.52,97.4,2.3,19.31,88.08,55.57,28.91,0,2,63,47,28,0,UGC03580_rotmod.dat
UGC03580,20.7,4.69,96.9,11.7,19.73,87.36,54.55,26.51,0,2,63,47,29,0,UGC03580_rotmod.dat
UGC03580,20.7,6.03,96.8,2.3,22.95,81.5,48.11,14.16,0,2,63,47,30,0,UGC03580_rotmod.dat
UGC03580,20.7,7.53,105,1.02,26.37,76.78,43.05,8.19,0,2,63,47,31,0,UGC03580_rotmod.dat
UGC03580,20.7,8.58,110,7.12,28.87,73,40.33,5.41,0,2,63,47,32,0,UGC03580_rotmod.dat
UGC03580,20.7,8.7,110,5.26,29.07,72.69,40.05,5.18,0,2,63,47,33,0,UGC03580_rotmod.dat
UGC03580,20.7,8.82,110,5.16,29.38,72.31,39.78,4.95,0,2,63,47,34,0,UGC03580_rotmod.dat
UGC03580,20.7,9.03,111,0.82,29.9,71.64,39.31,4.58,0,2,63,47,35,0,UGC03580_rotmod.dat
UGC03580,20.7,9.05,111,7.81,29.9,71.58,39.27,4.54,0,2,63,47,36,0,UGC03580_rotmod.dat
UGC03580,20.7,10.53,112,1.43,33.33,67.3,36.41,2.67,0,2,63,47,37,0,UGC03580_rotmod.dat
UGC03580,20.7,12.07,112,1.21,36.03,63.57,34,1.5,0,2,63,47,38,0,UGC03580_rotmod.dat
UGC03580,20.7,13.58,114,1.35,37.9,59.74,32.06,0.69,0,2,63,47,39,0,UGC03580_rotmod.dat
UGC03580,20.7,15.09,118,1.36,39.04,56.25,30.41,0.37,0,2,63,47,40,0,UGC03580_rotmod.dat
UGC03580,20.7,16.6,122,1.44,39.66,53.26,29,0.2,0,2,63,47,41,0,UGC03580_rotmod.dat
UGC03580,20.7,18.11,125,1.64,40.08,50.67,27.76,0.11,0,2,63,47,42,0,UGC03580_rotmod.dat
UGC03580,20.7,19.62,128,1.97,40.18,48.42,26.67,0.06,0,2,63,47,43,0,UGC03580_rotmod.dat
UGC03580,20.7,21.02,131,1.81,39.87,46.57,25.77,0.03,0,2,63,47,44,0,UGC03580_rotmod.dat
UGC03580,20.7,24.04,127,1.93,37.17,43.23,24.09,0.01,0,2,63,47,45,0,UGC03580_rotmod.dat
UGC03580,20.7,27.06,124,1.92,34.89,40.56,22.71,0,0,2,63,47,46,0,UGC03580_rotmod.dat
UGC04278,9.51,0.14,5.23,5.31,-0.97,4.32,0,79.35,0,1,90,25,0,1,UGC04278_rotmod.dat
UGC04278,9.51,0.42,15.4,7.78,0.23,11.34,0,66.89,0,1,90,25,1,0,UGC04278_rotmod.dat
UGC04278,9.51,0.69,24.4,4,3.77,17.59,0,63.43,0,1,90,25,2,0,UGC04278_rotmod.dat
UGC04278,9.51,0.97,32.1,4,5.25,23.49,0,52.56,0,1,90,25,3,0,UGC04278_rotmod.dat
UGC04278,9.51,1.25,34.6,4,5.18,27.96,0,40.76,0,1,90,25,4,0,UGC04278_rotmod.dat
UGC04278,9.51,1.52,37.9,4,-5.25,30.3,0,26.46,0,1,90,25,5,1,UGC04278_rotmod.dat
UGC04278,9.51,1.8,40.5,4,-9.36,30.65,0,21.33,0,1,90,25,6,1,UGC04278_rotmod.dat
UGC04278,9.51,2.07,43,4,-9.36,30.82,0,17.73,0,1,90,25,7,1,UGC04278_rotmod.dat
UGC04278,9.51,2.35,45.1,4,-7.81,31.07,0,15.71,0,1,90,25,8,1,UGC04278_rotmod.dat
UGC04278,9.51,2.63,45.6,4,-5.6,31.29,0,14.32,0,1,90,25,9,1,UGC04278_rotmod.dat
UGC04278,9.51,2.91,49.2,13,-4.88,31.96,0,13.15,0,1,90,25,10,1,UGC04278_rotmod.dat
UGC04278,9.51,3.19,50.3,4,-6.06,32.66,0,11.82,0,1,90,25,11,1,UGC04278_rotmod.dat
UGC04278,9.51,3.46,53.7,4.19,-7.65,33.34,0,10.46,0,1,90,25,12,1,UGC04278_rotmod.dat
UGC04278,9.51,3.74,58,7.53,-8.9,33.79,0,9.02,0,1,90,25,13,1,UGC04278_rotmod.dat
UGC04278,9.51,4.01,64.4,4,-9.52,33.93,0,7.85,0,1,90,25,14,1,UGC04278_rotmod.dat
UGC04278,9.51,4.29,67.5,4,-10.37,34.12,0,7.26,0,1,90,25,15,1,UGC04278_rotmod.dat
UGC04278,9.51,4.57,71.3,4,-8.76,34.51,0,6.6,0,1,90,25,16,1,UGC04278_rotmod.dat
UGC04278,9.51,4.85,75.6,4,1.41,34.99,0,5.83,0,1,90,25,17,0,UGC04278_rotmod.dat
UGC04278,9.51,5.13,80,4,9.52,35.27,0,4.74,0,1,90,25,18,0,UGC04278_rotmod.dat
UGC04278,9.51,5.4,82.8,4,17.13,35.21,0,4,0,1,90,25,19,0,UGC04278_rotmod.dat
UGC04278,9.51,5.68,84.8,15.7,23.98,35.26,0,3.57,0,1,90,25,20,0,UGC04278_rotmod.dat
UGC04278,9.51,5.86,86.3,16.8,27.31,35.38,0,3.09,0,1,90,25,21,0,UGC04278_rotmod.dat
UGC04278,9.51,6.36,90.2,8.07,36.83,34.91,0,1.48,0,1,90,25,22,0,UGC04278_rotmod.dat
UGC04278,9.51,6.51,91.3,4,39.02,34.54,0,1.14,0,1,90,25,23,0,UGC04278_rotmod.dat
UGC04278,9.51,6.69,92.8,8.75,38.64,34.02,0,0.79,0,1,90,25,24,0,UGC04278_rotmod.dat
UGC04325,9.6,0.7,41.3,3.05,2.87,20.97,0,87.42,0,1,41,8,0,0,UGC04325_rotmod.dat
UGC04325,9.6,1.4,68.7,3.07,6.75,32.22,0,61.1,0,1,41,8,1,0,UGC04325_rotmod.dat
UGC04325,9.6,2.09,83.8,3.05,14.14,40.91,0,42.17,0,1,41,8,2,0,UGC04325_rotmod.dat
UGC04325,9.6,2.79,88.7,3.05,20.18,46.75,0,29.93,0,1,41,8,3,0,UGC04325_rotmod.dat
UGC04325,9.6,3.49,90.1,3.05,24.08,50.1,0,17.39,0,1,41,8,4,0,UGC04325_rotmod.dat
UGC04325,9.6,4.19,91.6,3.05,26.71,49.34,0,9.83,0,1,41,8,5,0,UGC04325_rotmod.dat
UGC04325,9.6,4.89,92.7,3.05,28.08,47.94,0,4.64,0,1,41,8,6,0,UGC04325_rotmod.dat
UGC04325,9.6,5.59,91.5,3.05,29.25,45.47,0,1.75,0,1,41,8,7,0,UGC04325_rotmod.dat
UGC04483,3.34,0.08,5.11,2.79,1.47,3.91,0,41.7,0,2,58,8,0,0,UGC04483_rotmod.dat
UGC04483,3.34,0.24,10.8,1.94,4.46,8.92,0,19.51,0,2,58,8,1,0,UGC04483_rotmod.dat
UGC04483,3.34,0.4,17.3,1.56,7.28,9.95,0,6.19,0,2,58,8,2,0,UGC04483_rotmod.dat
UGC04483,3.34,0.57,20.8,1.25,9.38,9.7,0,2.73,0,2,58,8,3,0,UGC04483_rotmod.dat
UGC04483,3.34,0.73,20.8,1.62,10.63,9.13,0,1.13,0,2,58,8,4,0,UGC04483_rotmod.dat
UGC04483,3.34,0.89,22.9,1.76,11.34,8.44,0,0.46,0,2,58,8,5,0,UGC04483_rotmod.dat
UGC04483,3.34,1.05,24.3,2.23,11.95,7.79,0,0.19,0,2,58,8,6,0,UGC04483_rotmod.dat
UGC04483,3.34,1.21,24.2,1.23,12.36,7.22,0,0,0,2,58,8,7,0,UGC04483_rotmod.dat
UGC04499,12.5,0.91,26,4.1,-3.26,30.14,0,60.69,0,1,50,9,0,1,UGC04499_rotmod.dat
UGC04499,12.5,1.82,45.1,3.02,5.75,35.45,0,25.56,0,1,50,9,1,0,UGC04499_rotmod.dat
UGC04499,12.5,2.73,57,2.97,15.79,36.37,0,15.15,0,1,50,9,2,0,UGC04499_rotmod.dat
UGC04499,12.5,3.63,62,2.85,22.36,38.25,0,9.97,0,1,50,9,3,0,UGC04499_rotmod.dat
UGC04499,12.5,4.55,66.9,2.75,25.59,37.1,0,5.38,0,1,50,9,4,0,UGC04499_rotmod.dat
UGC04499,12.5,5.45,70.6,2.86,27.95,35.74,0,3.28,0,1,50,9,5,0,UGC04499_rotmod.dat
UGC04499,12.5,6.37,72.8,2.66,28.63,34.29,0,2.46,0,1,50,9,6,0,UGC04499_rotmod.dat
UGC04499,12.5,7.28,73.3,2.66,31.18,33.63,0,1.53,0,1,50,9,7,0,UGC04499_rotmod.dat
UGC04499,12.5,8.18,74.3,2.67,32.26,33.14,0,0,0,1,50,9,8,0,UGC04499_rotmod.dat
UGC05005,53.7,0.78,14.5,8.1,3.09,15.78,0,53.49,0,1,41,11,0,0,UGC05005_rotmod.dat
UGC05005,53.7,2.34,32.6,26.8,8.01,29.57,0,27.34,0,1,41,11,1,0,UGC05005_rotmod.dat
UGC05005,53.7,3.91,48.6,11.3,11.69,39.92,0,21.36,0,1,41,11,2,0,UGC05005_rotmod.dat
UGC05005,53.7,5.47,58.1,6.1,14.84,44.43,0,11.76,0,1,41,11,3,0,UGC05005_rotmod.dat
UGC05005,53.7,7.04,65.9,8.71,17.28,44.27,0,7.46,0,1,41,11,4,0,UGC05005_rotmod.dat
UGC05005,53.7,8.6,72.5,12.2,20.43,44.23,0,4.27,0,1,41,11,5,0,UGC05005_rotmod.dat
UGC05005,53.7,10.17,78.6,28.4,23.88,42.94,0,2.88,0,1,41,11,6,0,UGC05005_rotmod.dat
UGC05005,53.7,17.97,97.1,10,35.26,33.89,0,0.23,0,1,41,11,7,0,UGC05005_rotmod.dat
UGC05005,53.7,21.07,99.4,10,36.58,30.93,0,0.09,0,1,41,11,8,0,UGC05005_rotmod.dat
UGC05005,53.7,22.72,100,10,37.09,29.59,0,0.05,0,1,41,11,9,0,UGC05005_rotmod.dat
UGC05005,53.7,28.61,99.1,10,39.02,25.82,0,0,0,1,41,11,10,0,UGC05005_rotmod.dat
UGC05253,22.9,0.13,232,33.4,-2.47,8.23,149.99,789.02,34497.8,2,37,73,0,1,UGC05253_rotmod.dat
UGC05253,22.9,0.25,233,16.9,-2.73,15.54,220.78,767.45,20300.24,2,37,73,1,1,UGC05253_rotmod.dat
UGC05253,22.9,0.38,234,14.6,-2.63,23.07,253.99,744.75,12406.57,2,37,73,2,1,UGC05253_rotmod.dat
UGC05253,22.9,0.51,235,10.6,-2.41,30.21,269.15,722.72,8657.54,2,37,73,3,1,UGC05253_rotmod.dat
UGC05253,22.9,0.63,236,9.12,-2.13,36.51,276.27,702.97,6495.51,2,37,73,4,1,UGC05253_rotmod.dat
UGC05253,22.9,0.76,237,10.3,-1.79,43.02,278.6,682.17,5042.31,2,37,73,5,1,UGC05253_rotmod.dat
UGC05253,22.9,0.89,238,9.95,-1.58,49.25,279.31,662,4041.77,2,37,73,6,1,UGC05253_rotmod.dat
UGC05253,22.9,1.01,239,3.51,-1.03,54.76,280.44,643.9,3369.65,2,37,73,7,1,UGC05253_rotmod.dat
UGC05253,22.9,1.14,240,3.18,0.66,60.48,280.12,624.86,2769.16,2,37,73,8,0,UGC05253_rotmod.dat
UGC05253,22.9,1.27,240,5.19,1.42,65.96,277.94,606.37,2377.1,2,37,73,9,0,UGC05253_rotmod.dat
UGC05253,22.9,1.39,241,3.54,1.91,70.82,277.61,589.8,2088.11,2,37,73,10,0,UGC05253_rotmod.dat
UGC05253,22.9,1.52,242,2.6,2.31,75.88,276.52,572.35,1763.1,2,37,73,11,0,UGC05253_rotmod.dat
UGC05253,22.9,1.65,242,1.75,2.69,80.73,274.47,555.42,1547.08,2,37,73,12,0,UGC05253_rotmod.dat
UGC05253,22.9,1.77,243,1.94,3.02,85.03,272.42,540.24,1396.25,2,37,73,13,0,UGC05253_rotmod.dat
UGC05253,22.9,1.9,244,3.09,3.34,89.52,270.29,524.26,1264.29,2,37,73,14,0,UGC05253_rotmod.dat
UGC05253,22.9,2.03,244,1.6,3.66,93.85,268.35,508.76,1155.08,2,37,73,15,0,UGC05253_rotmod.dat
UGC05253,22.9,2.16,244,3,3.96,97.99,266.67,493.71,1069.65,2,37,73,16,0,UGC05253_rotmod.dat
UGC05253,22.9,2.28,245,2.19,4.26,101.66,265.58,480.21,994.58,2,37,73,17,0,UGC05253_rotmod.dat
UGC05253,22.9,2.41,245,3.01,4.56,105.49,264.78,466.01,911.52,2,37,73,18,0,UGC05253_rotmod.dat
UGC05253,22.9,2.54,246,2.64,4.87,109.17,264.37,452.22,823.77,2,37,73,19,0,UGC05253_rotmod.dat
UGC05253,22.9,2.66,246,2.38,5.17,112.45,264,439.86,744.22,2,37,73,20,0,UGC05253_rotmod.dat
UGC05253,22.9,2.79,246,3.72,5.46,115.87,263.68,426.85,660,2,37,73,21,0,UGC05253_rotmod.dat
UGC05253,22.9,2.92,247,3.54,5.76,119.17,263.16,414.23,582.56,2,37,73,22,0,UGC05253_rotmod.dat
UGC05253,22.9,3.04,247,3.74,6.05,122.1,262.58,402.9,515.24,2,37,73,23,0,UGC05253_rotmod.dat
UGC05253,22.9,3.17,247,5.11,6.34,125.13,261.72,390.98,447.13,2,37,73,24,0,UGC05253_rotmod.dat
UGC05253,22.9,3.3,247,3.63,6.65,128.05,260.64,379.43,390.04,2,37,73,25,0,UGC05253_rotmod.dat
UGC05253,22.9,3.42,247,3.84,6.94,130.65,259.42,369.05,346.72,2,37,73,26,0,UGC05253_rotmod.dat
UGC05253,22.9,3.55,248,5.12,7.23,133.35,257.92,358.13,306.25,2,37,73,27,0,UGC05253_rotmod.dat
UGC05253,22.9,3.68,248,2.77,7.53,135.94,256.73,347.54,261.67,2,37,73,28,0,UGC05253_rotmod.dat
UGC05253,22.9,3.8,248,3.24,7.83,138.27,255.39,338.03,221.06,2,37,73,29,0,UGC05253_rotmod.dat
UGC05253,22.9,3.93,248,6.79,8.14,140.68,253.66,328.04,184.97,2,37,73,30,0,UGC05253_rotmod.dat
UGC05253,22.9,4.06,248,8.39,8.44,143,251.85,318.34,152.68,2,37,73,31,0,UGC05253_rotmod.dat
UGC05253,22.9,4.18,248,2.73,8.74,145.04,249.97,309.63,127.51,2,37,73,32,0,UGC05253_rotmod.dat
UGC05253,22.9,4.31,248,13.7,9.04,147.17,247.82,300.48,105.36,2,37,73,33,0,UGC05253_rotmod.dat
UGC05253,22.9,4.44,248,4.89,9.34,149.24,245.63,291.59,85.3,2,37,73,34,0,UGC05253_rotmod.dat
UGC05253,22.9,4.56,248,5.71,9.66,151.08,243.5,283.61,69.26,2,37,73,35,0,UGC05253_rotmod.dat
UGC05253,22.9,4.69,248,15.1,9.96,152.98,241.12,275.22,55.53,2,37,73,36,0,UGC05253_rotmod.dat
UGC05253,22.9,4.82,248,10.5,10.27,154.8,238.76,267.1,44.24,2,37,73,37,0,UGC05253_rotmod.dat
UGC05253,22.9,4.94,248,1.58,10.63,156.43,236.51,259.78,33.76,2,37,73,38,0,UGC05253_rotmod.dat
UGC05253,22.9,4.99,248,4.77,10.73,157.09,235.57,256.79,30.21,2,37,73,39,0,UGC05253_rotmod.dat
UGC05253,22.9,5.07,248,4.36,10.94,158.13,234.04,252.09,25.33,2,37,73,40,0,UGC05253_rotmod.dat
UGC05253,22.9,5.2,248,8.45,11.25,159.77,231.52,244.64,19.11,2,37,73,41,0,UGC05253_rotmod.dat
UGC05253,22.9,5.45,247,8.25,11.88,162.71,226.76,228.88,10.99,2,37,73,42,0,UGC05253_rotmod.dat
UGC05253,22.9,5.58,247,2.34,12.19,164.01,224.24,219.73,8.25,2,37,73,43,0,UGC05253_rotmod.dat
UGC05253,22.9,5.7,247,2.34,12.5,165.02,222.01,210.92,6.36,2,37,73,44,0,UGC05253_rotmod.dat
UGC05253,22.9,5.83,247,6.13,12.81,165.84,219.54,201.41,4.8,2,37,73,45,0,UGC05253_rotmod.dat
UGC05253,22.9,6.47,247,6.89,14.58,169.31,208.79,180.58,1.17,2,37,73,46,0,UGC05253_rotmod.dat
UGC05253,22.9,6.59,246,5.95,14.9,170.15,206.9,177.24,0.89,2,37,73,47,0,UGC05253_rotmod.dat
UGC05253,22.9,6.66,246,2.29,15.11,170.65,205.85,175.39,0.77,2,37,73,48,0,UGC05253_rotmod.dat
UGC05253,22.9,6.72,246,4.73,15.31,171.08,204.88,173.85,0.67,2,37,73,49,0,UGC05253_rotmod.dat
UGC05253,22.9,6.85,246,3.02,15.63,172.07,202.98,170.68,0.51,2,37,73,50,0,UGC05253_rotmod.dat
UGC05253,22.9,6.97,246,5.81,16.04,173.03,201.26,167.96,0.39,2,37,73,51,0,UGC05253_rotmod.dat
UGC05253,22.9,7.1,246,6.32,16.36,174.15,199.41,164.62,0.29,2,37,73,52,0,UGC05253_rotmod.dat
UGC05253,22.9,7.23,246,8.92,16.67,175.27,197.66,160.61,0.22,2,37,73,53,0,UGC05253_rotmod.dat
UGC05253,22.9,8.32,246,2.13,19.69,182.58,184.24,121.4,0.02,2,37,73,54,0,UGC05253_rotmod.dat
UGC05253,22.9,10,245,2.18,23.65,183.56,168.07,79.12,0,2,37,73,55,0,UGC05253_rotmod.dat
UGC05253,22.9,11.61,245,0.94,26.98,182.9,155.97,46.64,0,2,37,73,56,0,UGC05253_rotmod.dat
UGC05253,22.9,13.35,246,2.02,29.27,173.27,145.45,28.47,0,2,37,73,57,0,UGC05253_rotmod.dat
UGC05253,22.9,14.98,245,1.33,30.52,164.53,137.31,21.41,0,2,37,73,58,0,UGC05253_rotmod.dat
UGC05253,22.9,16.61,245,1.36,32.19,157.52,130.4,17.84,0,2,37,73,59,0,UGC05253_rotmod.dat
UGC05253,22.9,18.34,245,1.59,34.17,152.73,124.1,16.28,0,2,37,73,60,0,UGC05253_rotmod.dat
UGC05253,22.9,19.97,245,2.03,36.46,150.07,118.93,12.88,0,2,37,73,61,0,UGC05253_rotmod.dat
UGC05253,22.9,21.6,245,2.36,38.96,146.26,114.35,10.52,0,2,37,73,62,0,UGC05253_rotmod.dat
UGC05253,22.9,23.33,244,4.61,41.25,143.04,110.03,8.66,0,2,37,73,63,0,UGC05253_rotmod.dat
UGC05253,22.9,26.7,243,10.6,44.17,136.92,102.85,5.39,0,2,37,73,64,0,UGC05253_rotmod.dat
UGC05253,22.9,29.95,239,17,44.8,130.32,97.11,3.23,0,2,37,73,65,0,UGC05253_rotmod.dat
UGC05253,22.9,33.32,231,18.3,44.07,123.68,92.07,2.03,0,2,37,73,66,0,UGC05253_rotmod.dat
UGC05253,22.9,36.68,219,12.1,44.17,117.57,87.75,1.23,0,2,37,73,67,0,UGC05253_rotmod.dat
UGC05253,22.9,39.94,210,7.5,43.75,111.91,84.09,0.83,0,2,37,73,68,0,UGC05253_rotmod.dat
UGC05253,22.9,43.3,210,3.56,43.34,107.39,80.76,0.78,0,2,37,73,69,0,UGC05253_rotmod.dat
UGC05253,22.9,46.67,212,2.64,44.9,104,77.79,0.53,0,2,37,73,70,0,UGC05253_rotmod.dat
UGC05253,22.9,49.92,213,6.5,46.88,101.06,75.22,0.32,0,2,37,73,71,0,UGC05253_rotmod.dat
UGC05253,22.9,53.29,218,6.53,47.82,96.26,72.8,0,0,2,37,73,72,0,UGC05253_rotmod.dat
UGC05414,9.4,0.68,20.5,2.47,1.03,19.12,0,63.16,0,1,55,6,0,0,UGC05414_rotmod.dat
UGC05414,9.4,1.37,34.6,2.45,11.15,29.14,0,33.43,0,1,55,6,1,0,UGC05414_rotmod.dat
UGC05414,9.4,2.05,46,2.45,16.87,32.19,0,19.96,0,1,55,6,2,0,UGC05414_rotmod.dat
UGC05414,9.4,2.74,51.8,2.46,20.26,33.36,0,12.1,0,1,55,6,3,0,UGC05414_rotmod.dat
UGC05414,9.4,3.42,56.8,2.44,21.81,33.94,0,8.99,0,1,55,6,4,0,UGC05414_rotmod.dat
UGC05414,9.4,4.11,61.4,2.44,23.37,34.3,0,5.91,0,1,55,6,5,0,UGC05414_rotmod.dat
UGC05716,21.3,1.03,39.15,4.06,3.65,21.66,0,30.68,0,2,54,12,0,0,UGC05716_rotmod.dat
UGC05716,21.3,2.07,49.15,1.65,7.45,27.59,0,10.3,0,2,54,12,1,0,UGC05716_rotmod.dat
UGC05716,21.3,3.09,55.05,0.6,11.19,26.88,0,4.2,0,2,54,12,2,0,UGC05716_rotmod.dat
UGC05716,21.3,4.13,59.35,0.41,14.76,25.3,0,2.03,0,2,54,12,3,0,UGC05716_rotmod.dat
UGC05716,21.3,5.16,63.85,0.46,18.24,24,0,0.95,0,2,54,12,4,0,UGC05716_rotmod.dat
UGC05716,21.3,6.2,68.2,0.86,21.81,21.76,0,0.28,0,2,54,12,5,0,UGC05716_rotmod.dat
UGC05716,21.3,7.23,71.7,1.07,25.2,19.92,0,0.12,0,2,54,12,6,0,UGC05716_rotmod.dat
UGC05716,21.3,8.26,73.5,1.07,27.64,18.42,0,0.05,0,2,54,12,7,0,UGC05716_rotmod.dat
UGC05716,21.3,9.28,73.15,1,28.96,17.21,0,0.02,0,2,54,12,8,0,UGC05716_rotmod.dat
UGC05716,21.3,10.34,72.5,0.74,29.43,16.16,0,0.01,0,2,54,12,9,0,UGC05716_rotmod.dat
UGC05716,21.3,11.4,73,1.07,28.96,15.29,0,0,0,2,54,12,10,0,UGC05716_rotmod.dat
UGC05716,21.3,12.37,74.7,2.09,27.83,14.6,0,0,0,2,54,12,11,0,UGC05716_rotmod.dat
UGC05721,6.18,0.09,16.5,4.57,1.23,16.63,0,657.92,0,1,61,23,0,0,UGC05721_rotmod.dat
UGC05721,6.18,0.27,38.5,6.88,3.67,32.22,0,309.01,0,1,61,23,1,0,UGC05721_rotmod.dat
UGC05721,6.18,0.45,47.4,4.57,5.99,40.27,0,181.32,0,1,61,23,2,0,UGC05721_rotmod.dat
UGC05721,6.18,0.63,55.5,4.57,8.14,43.48,0,105.94,0,1,61,23,3,0,UGC05721_rotmod.dat
UGC05721,6.18,0.81,56.4,5.45,10.08,44.07,0,62.77,0,1,61,23,4,0,UGC05721_rotmod.dat
UGC05721,6.18,0.99,59.8,4.57,11.72,43.71,0,45.1,0,1,61,23,5,0,UGC05721_rotmod.dat
UGC05721,6.18,1.17,67.8,4.57,13.25,44.14,0,29.74,0,1,61,23,6,0,UGC05721_rotmod.dat
UGC05721,6.18,1.35,76.4,4.57,15.37,42.83,0,15.24,0,1,61,23,7,0,UGC05721_rotmod.dat
UGC05721,6.18,1.53,81.2,4.57,18.44,40.98,0,9.18,0,1,61,23,8,0,UGC05721_rotmod.dat
UGC05721,6.18,1.71,82.2,19.2,21.32,38.82,0,5.33,0,1,61,23,9,0,UGC05721_rotmod.dat
UGC05721,6.18,1.89,82.6,4.57,22.09,36.95,0,3.32,0,1,61,23,10,0,UGC05721_rotmod.dat
UGC05721,6.18,2.07,82.3,4.57,20.36,35.17,0,2.34,0,1,61,23,11,0,UGC05721_rotmod.dat
UGC05721,6.18,2.25,82.1,4.57,17.96,33.75,0,1.51,0,1,61,23,12,0,UGC05721_rotmod.dat
UGC05721,6.18,2.67,81.4,4.57,18.44,30.81,0,0.67,0,1,61,23,13,0,UGC05721_rotmod.dat
UGC05721,6.18,3.15,79.3,4.57,20.36,27.99,0,0.13,0,1,61,23,14,0,UGC05721_rotmod.dat
UGC05721,6.18,3.61,78.5,4.57,20.55,25.88,0,0.04,0,1,61,23,15,0,UGC05721_rotmod.dat
UGC05721,6.18,4.04,78.2,4.57,20.74,24.31,0,0.01,0,1,61,23,16,0,UGC05721_rotmod.dat
UGC05721,6.18,4.49,78.1,4.57,21.71,22.96,0,0,0,1,61,23,17,0,UGC05721_rotmod.dat
UGC05721,6.18,4.93,78.2,4.57,23.34,21.83,0,0,0,1,61,23,18,0,UGC05721_rotmod.dat
UGC05721,6.18,5.38,78.3,4.57,24.59,20.85,0,0,0,1,61,23,19,0,UGC05721_rotmod.dat
UGC05721,6.18,5.86,78.6,4.57,24.78,19.94,0,0,0,1,61,23,20,0,UGC05721_rotmod.dat
UGC05721,6.18,6.28,78.9,4.57,24.59,19.24,0,0,0,1,61,23,21,0,UGC05721_rotmod.dat
UGC05721,6.18,6.74,79.5,4.57,24.59,18.55,0,0,0,1,61,23,22,0,UGC05721_rotmod.dat
UGC05750,58.7,0.31,3.1,4.5,1,4.05,0,29.26,0,1,64,11,0,0,UGC05750_rotmod.dat
UGC05750,58.7,1.47,15.7,8.5,4.69,16.67,0,21.05,0,1,64,11,1,0,UGC05750_rotmod.dat
UGC05750,58.7,2.52,28,10,7.69,21.39,0,16.18,0,1,64,11,2,0,UGC05750_rotmod.dat
UGC05750,58.7,3.35,36,11,9.58,24.52,0,12.24,0,1,64,11,3,0,UGC05750_rotmod.dat
UGC05750,58.7,4.09,43.6,4.5,11.47,24.68,0,10.94,0,1,64,11,4,0,UGC05750_rotmod.dat
UGC05750,58.7,4.82,49.8,4.5,13,26.85,0,11.55,0,1,64,11,5,0,UGC05750_rotmod.dat
UGC05750,58.7,6.6,61.5,4.5,16.38,35.05,0,8.67,0,1,64,11,6,0,UGC05750_rotmod.dat
UGC05750,58.7,7.86,68.1,12.2,18.53,38.67,0,7.08,0,1,64,11,7,0,UGC05750_rotmod.dat
UGC05750,58.7,9.43,73.4,12.2,20.89,42.63,0,4.37,0,1,64,11,8,0,UGC05750_rotmod.dat
UGC05750,58.7,11.43,77.6,11,23.34,39.29,0,0.82,0,1,64,11,9,0,UGC05750_rotmod.dat
UGC05750,58.7,22.85,78.9,11,36.96,26.56,0,0,0,1,64,11,10,0,UGC05750_rotmod.dat
UGC05764,7.47,0.36,21.45,1.99,2.75,5.37,0,14.8,0,2,60,10,0,0,UGC05764_rotmod.dat
UGC05764,7.47,0.73,31.3,1.58,6.05,10.22,0,11.43,0,2,60,10,1,0,UGC05764_rotmod.dat
UGC05764,7.47,1.09,41.7,1.16,9.4,11.44,0,3.66,0,2,60,10,2,0,UGC05764_rotmod.dat
UGC05764,7.47,1.45,48.35,0.44,12.81,11.24,0,2.65,0,2,60,10,3,0,UGC05764_rotmod.dat
UGC05764,7.47,1.81,50.6,0.37,16.05,11.43,0,2.03,0,2,60,10,4,0,UGC05764_rotmod.dat
UGC05764,7.47,2.17,54.05,0.59,18.46,11.43,0,1.59,0,2,60,10,5,0,UGC05764_rotmod.dat
UGC05764,7.47,2.54,55.8,0.76,20.04,11.39,0,1.06,0,2,60,10,6,0,UGC05764_rotmod.dat
UGC05764,7.47,2.9,54.55,0.71,20.71,11.38,0,0.81,0,2,60,10,7,0,UGC05764_rotmod.dat
UGC05764,7.47,3.26,50,2.65,20.29,11.12,0,0.56,0,2,60,10,8,0,UGC05764_rotmod.dat
UGC05764,7.47,3.62,49.9,2.77,19.63,11.17,0,0.44,0,2,60,10,9,0,UGC05764_rotmod.dat
UGC05829,8.64,0.63,14.8,5.06,-2.24,7.48,0,16.55,0,2,34,11,0,1,UGC05829_rotmod.dat
UGC05829,8.64,1.26,27.2,5.06,-3.7,13.07,0,13.49,0,2,34,11,1,1,UGC05829_rotmod.dat
UGC05829,8.64,1.88,34.1,5.06,3.88,16.73,0,9.83,0,2,34,11,2,0,UGC05829_rotmod.dat
UGC05829,8.64,2.52,38.8,5.06,-2.84,19.07,0,6.78,0,2,34,11,3,1,UGC05829_rotmod.dat
UGC05829,8.64,3.14,42.8,5.06,11.17,20.36,0,4.99,0,2,34,11,4,0,UGC05829_rotmod.dat
UGC05829,8.64,3.77,47.9,5.06,17.24,21.25,0,3.62,0,2,34,11,5,0,UGC05829_rotmod.dat
UGC05829,8.64,4.4,51.9,5.06,20.77,21.39,0,2.6,0,2,34,11,6,0,UGC05829_rotmod.dat
UGC05829,8.64,5.03,57.6,5.06,26.16,21.32,0,1.84,0,2,34,11,7,0,UGC05829_rotmod.dat
UGC05829,8.64,5.65,60.7,5.06,31.16,20.9,0,1.34,0,2,34,11,8,0,UGC05829_rotmod.dat
UGC05829,8.64,6.29,65.6,5.06,33.7,20.41,0,1.04,0,2,34,11,9,0,UGC05829_rotmod.dat
UGC05829,8.64,6.91,68.6,5.06,34.59,20.24,0,0.91,0,2,34,11,10,0,UGC05829_rotmod.dat
UGC05918,7.66,0.56,16.9,3.93,3.56,6.92,0,13.38,0,2,46,8,0,0,UGC05918_rotmod.dat
UGC05918,7.66,1.11,27.4,3.93,3.93,11.04,0,9.28,0,2,46,8,1,0,UGC05918_rotmod.dat
UGC05918,7.66,1.67,33.5,3.93,3.56,13.76,0,6.42,0,2,46,8,2,0,UGC05918_rotmod.dat
UGC05918,7.66,2.23,36.4,3.93,8.55,16.36,0,4.67,0,2,46,8,3,0,UGC05918_rotmod.dat
UGC05918,7.66,2.79,39.8,3.93,12.27,16.13,0,2.61,0,2,46,8,4,0,UGC05918_rotmod.dat
UGC05918,7.66,3.34,41.2,3.93,12.47,16.4,0,2.22,0,2,46,8,5,0,UGC05918_rotmod.dat
UGC05918,7.66,3.9,42.6,3.93,13.27,17.86,0,2.07,0,2,46,8,6,0,UGC05918_rotmod.dat
UGC05918,7.66,4.46,44.5,3.93,15.66,16.94,0,0,0,2,46,8,7,0,UGC05918_rotmod.dat
UGC05986,8.63,0.63,29.5,2.53,-2.22,32.45,0,190.91,0,2,90,15,0,1,UGC05986_rotmod.dat
UGC05986,8.63,1.26,50.8,3.76,-8.54,43.44,0,121.97,0,2,90,15,1,1,UGC05986_rotmod.dat
UGC05986,8.63,1.88,68.2,2.58,-2.13,53.72,0,104.98,0,2,90,15,2,1,UGC05986_rotmod.dat
UGC05986,8.63,2.51,84.3,2.28,8.88,65.57,0,78.13,0,2,90,15,3,0,UGC05986_rotmod.dat
UGC05986,8.63,3.13,95.3,2.01,11.55,69.99,0,48.41,0,2,90,15,4,0,UGC05986_rotmod.dat
UGC05986,8.63,3.77,106,3.58,16.04,70.54,0,33.32,0,2,90,15,5,0,UGC05986_rotmod.dat
UGC05986,8.63,4.39,112,4.25,20.82,71.78,0,24.23,0,2,90,15,6,0,UGC05986_rotmod.dat
UGC05986,8.63,5.02,115,3.18,24.3,71.41,0,12.56,0,2,90,15,7,0,UGC05986_rotmod.dat
UGC05986,8.63,5.65,116,2.32,25.4,67.79,0,6.6,0,2,90,15,8,0,UGC05986_rotmod.dat
UGC05986,8.63,6.28,116,2.01,24.6,64.52,0,2.89,0,2,90,15,9,0,UGC05986_rotmod.dat
UGC05986,8.63,6.9,116,2.28,25.5,61.11,0,0,0,2,90,15,10,0,UGC05986_rotmod.dat
UGC05986,8.63,7.54,114,3.05,25.7,56.38,0,0,0,2,90,15,11,0,UGC05986_rotmod.dat
UGC05986,8.63,8.16,112,3.69,24.6,53.17,0,0,0,2,90,15,12,0,UGC05986_rotmod.dat
UGC05986,8.63,8.79,109,5.1,24.9,50.65,0,0,0,2,90,15,13,0,UGC05986_rotmod.dat
UGC05986,8.63,9.41,107,6.39,27.79,48.55,0,0,0,2,90,15,14,0,UGC05986_rotmod.dat
UGC06399,18,0.87,24.8,6.5,2.79,20.37,0,60.4,0,1,75,9,0,0,UGC06399_rotmod.dat
UGC06399,18,1.74,46.2,5.6,5.75,32.61,0,37.93,0,1,75,9,1,0,UGC06399_rotmod.dat
UGC06399,18,2.61,60.5,5.8,9.11,37.1,0,26.87,0,1,75,9,2,0,UGC06399_rotmod.dat
UGC06399,18,3.5,69.6,3.9,13.36,42.69,0,19.23,0,1,75,9,3,0,UGC06399_rotmod.dat
UGC06399,18,4.37,77.5,3.7,16.6,44.26,0,11.73,0,1,75,9,4,0,UGC06399_rotmod.dat
UGC06399,18,5.24,82.9,4.5,20.91,44.12,0,7.5,0,1,75,9,5,0,UGC06399_rotmod.dat
UGC06399,18,6.11,84.1,4.9,23.38,43.61,0,4.83,0,1,75,9,6,0,UGC06399_rotmod.dat
UGC06399,18,6.98,85.6,4.9,23.92,43.31,0,3.4,0,1,75,9,7,0,UGC06399_rotmod.dat
UGC06399,18,7.85,87.6,4.9,25.86,40.62,0,0,0,1,75,9,8,0,UGC06399_rotmod.dat
UGC06446,12,0.58,31.3,6.3,0,21.35,0,74.79,0,1,51,17,0,0,UGC06446_rotmod.dat
UGC06446,12,1.16,54.8,5.8,2.75,29.36,0,33.7,0,1,51,17,1,0,UGC06446_rotmod.dat
UGC06446,12,1.74,61.1,4.1,6.18,30.8,0,20.14,0,1,51,17,2,0,UGC06446_rotmod.dat
UGC06446,12,2.33,63.9,4.1,7.45,31.81,0,12.32,0,1,51,17,3,0,UGC06446_rotmod.dat
UGC06446,12,2.91,67.2,4.1,14.25,31.67,0,9.18,0,1,51,17,4,0,UGC06446_rotmod.dat
UGC06446,12,3.49,70.4,3.6,16.89,31.97,0,6.44,0,1,51,17,5,0,UGC06446_rotmod.dat
UGC06446,12,4.07,73.7,3.6,15.31,32.15,0,4.92,0,1,51,17,6,0,UGC06446_rotmod.dat
UGC06446,12,4.65,78,4.1,18.83,31.31,0,2.36,0,1,51,17,7,0,UGC06446_rotmod.dat
UGC06446,12,5.23,80.8,4.1,23.23,29.91,0,1.67,0,1,51,17,8,0,UGC06446_rotmod.dat
UGC06446,12,5.81,80.5,3.6,26.13,28.44,0,1.22,0,1,51,17,9,0,UGC06446_rotmod.dat
UGC06446,12,6.4,81.3,3.6,28.95,27.55,0,0.87,0,1,51,17,10,0,UGC06446_rotmod.dat
UGC06446,12,6.98,82.1,4.6,31.41,26.52,0,0.59,0,1,51,17,11,0,UGC06446_rotmod.dat
UGC06446,12,7.62,82.8,4.6,34.05,25.42,0,0.38,0,1,51,17,12,0,UGC06446_rotmod.dat
UGC06446,12,8.28,84.9,5.5,34.49,24.36,0,0.25,0,1,51,17,13,0,UGC06446_rotmod.dat
UGC06446,12,8.9,84.3,5.5,32.03,23.44,0,0.16,0,1,51,17,14,0,UGC06446_rotmod.dat
UGC06446,12,9.52,83.2,7,32.29,22.66,0,0.11,0,1,51,17,15,0,UGC06446_rotmod.dat
UGC06446,12,10.22,80.1,10.8,33.08,21.62,0,0,0,1,51,17,16,0,UGC06446_rotmod.dat
UGC06614,88.7,3.23,194,16.7,-7.97,37.15,248.5,78.56,371.12,1,36,13,0,1,UGC06614_rotmod.dat
UGC06614,88.7,9.18,172,8.1,-15.63,83.53,176.71,55.52,1.14,1,36,13,1,1,UGC06614_rotmod.dat
UGC06614,88.7,10.64,170,10.7,-16.24,92.09,164.32,54.39,0.17,1,36,13,2,1,UGC06614_rotmod.dat
UGC06614,88.7,11.58,170,6.8,-16.14,99.29,157.52,52.22,0.05,1,36,13,3,1,UGC06614_rotmod.dat
UGC06614,88.7,12.52,171,6.8,-16.04,107.74,151.54,52.54,0.01,1,36,13,4,1,UGC06614_rotmod.dat
UGC06614,88.7,13.57,172,12.1,-16.04,120.8,145.51,47.48,0,1,36,13,5,1,UGC06614_rotmod.dat
UGC06614,88.7,15.76,174,19.6,-15.53,131.65,135.02,27.3,0,1,36,13,6,1,UGC06614_rotmod.dat
UGC06614,88.7,24.94,193,23.2,18.69,111.71,107.35,3.42,0,1,36,13,7,0,UGC06614_rotmod.dat
UGC06614,88.7,26.3,194,23,21.04,108.26,104.53,2.78,0,1,36,13,8,0,UGC06614_rotmod.dat
UGC06614,88.7,34.96,201,7.2,34.22,92.64,90.67,0,0,1,36,13,9,0,UGC06614_rotmod.dat
UGC06614,88.7,36.84,202,17.1,37.39,88.8,88.32,0,0,1,36,13,10,0,UGC06614_rotmod.dat
UGC06614,88.7,47.38,205,16,54.35,75.25,77.88,0,0,1,36,13,11,0,UGC06614_rotmod.dat
UGC06614,88.7,64.59,204,16,61.29,63.17,66.7,0,0,1,36,13,12,0,UGC06614_rotmod.dat
UGC06667,18,0.87,26.6,4.4,0,6.92,0,10.79,0,1,89,9,0,0,UGC06667_rotmod.dat
UGC06667,18,1.74,45.2,2.7,0,10.96,0,8.69,0,1,89,9,1,0,UGC06667_rotmod.dat
UGC06667,18,2.61,57,3.9,8.65,14.33,0,6.97,0,1,89,9,2,0,UGC06667_rotmod.dat
UGC06667,18,3.5,69.3,3,16.06,16.78,0,5.78,0,1,89,9,3,0,UGC06667_rotmod.dat
UGC06667,18,4.37,77.3,3.4,18.32,18.48,0,4.81,0,1,89,9,4,0,UGC06667_rotmod.dat
UGC06667,18,5.24,80.7,3.9,22.41,20.02,0,4.19,0,1,89,9,5,0,UGC06667_rotmod.dat
UGC06667,18,6.11,84,3,23.49,21.36,0,3.64,0,1,89,9,6,0,UGC06667_rotmod.dat
UGC06667,18,6.98,85,3,25.65,22.68,0,3.22,0,1,89,9,7,0,UGC06667_rotmod.dat
UGC06667,18,7.85,85.7,3.4,24.46,24,0,2.82,0,1,89,9,8,0,UGC06667_rotmod.dat
UGC06786,29.3,0.16,160,36,-1.22,8.07,119.49,516.57,16013.38,1,64,45,0,1,UGC06786_rotmod.dat
UGC06786,29.3,0.32,177,30.9,-1.2,15.74,184.15,504.88,8275.13,1,64,45,1,1,UGC06786_rotmod.dat
UGC06786,29.3,0.49,180,25.3,-1.08,23.42,201.67,492.74,4561.05,1,64,45,2,1,UGC06786_rotmod.dat
UGC06786,29.3,0.65,180,32,-0.96,30.3,207.64,481.58,2982.73,1,64,45,3,1,UGC06786_rotmod.dat
UGC06786,29.3,1.3,182,4.72,-0.33,55.43,203.18,438.8,756.43,1,64,45,4,1,UGC06786_rotmod.dat
UGC06786,29.3,1.46,183,10.8,0.44,61.06,200.04,428.86,576.9,1,64,45,5,0,UGC06786_rotmod.dat
UGC06786,29.3,1.62,184,7.43,0.74,66.51,196.81,419.15,433.08,1,64,45,6,0,UGC06786_rotmod.dat
UGC06786,29.3,3.72,206,8.42,4.94,126.3,147.67,305.74,0.87,1,64,45,7,0,UGC06786_rotmod.dat
UGC06786,29.3,3.89,207,4.54,5.38,130.52,144.55,297.38,0.48,1,64,45,8,0,UGC06786_rotmod.dat
UGC06786,29.3,4.05,209,5.36,5.86,134.47,141.56,291.65,0.28,1,64,45,9,0,UGC06786_rotmod.dat
UGC06786,29.3,4.22,210,2.43,6.37,138.94,138.76,286.76,0.16,1,64,45,10,0,UGC06786_rotmod.dat
UGC06786,29.3,4.26,210,4.6,6.53,140.05,138.12,285.57,0.13,1,64,45,11,0,UGC06786_rotmod.dat
UGC06786,29.3,4.38,211,2.8,6.92,143.43,136.21,282.2,0.09,1,64,45,12,0,UGC06786_rotmod.dat
UGC06786,29.3,4.54,213,2.18,7.46,148.24,133.79,278.12,0.05,1,64,45,13,0,UGC06786_rotmod.dat
UGC06786,29.3,4.71,214,7.61,7.98,153.86,131.35,269.69,0.03,1,64,45,14,0,UGC06786_rotmod.dat
UGC06786,29.3,4.86,215,4.7,8.49,158.53,129.31,255.82,0.02,1,64,45,15,0,UGC06786_rotmod.dat
UGC06786,29.3,5.02,215,2.34,9,162.82,127.24,236.68,0.01,1,64,45,16,0,UGC06786_rotmod.dat
UGC06786,29.3,5.18,216,2.95,9.51,166.08,125.27,217.59,0.01,1,64,45,17,0,UGC06786_rotmod.dat
UGC06786,29.3,5.35,217,4.48,10.02,168.84,123.26,198.81,0,1,64,45,18,0,UGC06786_rotmod.dat
UGC06786,29.3,5.51,217,3.99,10.53,170.67,121.46,180.68,0,1,64,45,19,0,UGC06786_rotmod.dat
UGC06786,29.3,5.68,218,5.14,11.06,171.8,119.61,163.83,0,1,64,45,20,0,UGC06786_rotmod.dat
UGC06786,29.3,5.84,218,2.51,11.59,172.47,117.97,151.85,0,1,64,45,21,0,UGC06786_rotmod.dat
UGC06786,29.3,6,219,3.95,12.13,172.94,116.4,142.07,0,1,64,45,22,0,UGC06786_rotmod.dat
UGC06786,29.3,6.15,219,7.84,12.55,173.44,114.95,134.81,0,1,64,45,23,0,UGC06786_rotmod.dat
UGC06786,29.3,6.48,219,7.74,13.72,174.41,111.99,115.63,0,1,64,45,24,0,UGC06786_rotmod.dat
UGC06786,29.3,6.64,219,6.69,14.25,174.58,110.63,107,0,1,64,45,25,0,UGC06786_rotmod.dat
UGC06786,29.3,6.81,220,6.26,14.68,174.53,109.24,98.11,0,1,64,45,26,0,UGC06786_rotmod.dat
UGC06786,29.3,7.1,220,2.52,15.64,174.07,106.99,82.68,0,1,64,45,27,0,UGC06786_rotmod.dat
UGC06786,29.3,7.13,220,11.4,15.74,173.95,106.76,81.11,0,1,64,45,28,0,UGC06786_rotmod.dat
UGC06786,29.3,8.52,220,2.93,20.1,162.17,97.67,42.84,0,1,64,45,29,0,UGC06786_rotmod.dat
UGC06786,29.3,10.66,225,1.79,25.95,149.89,87.32,25.13,0,1,64,45,30,0,UGC06786_rotmod.dat
UGC06786,29.3,11.99,228,5.71,28.72,144.35,82.33,18.64,0,1,64,45,31,0,UGC06786_rotmod.dat
UGC06786,29.3,12.1,228,9.96,29.04,143.9,81.96,18.15,0,1,64,45,32,0,UGC06786_rotmod.dat
UGC06786,29.3,12.33,228,8.24,29.36,143.03,81.19,17.16,0,1,64,45,33,0,UGC06786_rotmod.dat
UGC06786,29.3,12.78,229,1.74,30.21,141.37,79.75,15.35,0,1,64,45,34,0,UGC06786_rotmod.dat
UGC06786,29.3,14.93,228,1.64,33.5,133.3,73.78,8.44,0,1,64,45,35,0,UGC06786_rotmod.dat
UGC06786,29.3,17.08,226,1.34,35.21,125.19,68.98,4.75,0,1,64,45,36,0,UGC06786_rotmod.dat
UGC06786,29.3,19.23,226,1.39,35.84,117.76,65.01,2.4,0,1,64,45,37,0,UGC06786_rotmod.dat
UGC06786,29.3,21.27,227,1.11,35.52,111,61.81,1.83,0,1,64,45,38,0,UGC06786_rotmod.dat
UGC06786,29.3,23.42,227,1.37,34.46,106.04,58.91,1.1,0,1,64,45,39,0,UGC06786_rotmod.dat
UGC06786,29.3,25.57,224,2.79,32.87,101.01,56.38,0.42,0,1,64,45,40,0,UGC06786_rotmod.dat
UGC06786,29.3,27.72,218,9.41,31.59,96.03,54.15,0.24,0,1,64,45,41,0,UGC06786_rotmod.dat
UGC06786,29.3,29.87,215,8.18,30.53,91.96,52.16,0.13,0,1,64,45,42,0,UGC06786_rotmod.dat
UGC06786,29.3,32.02,219,5.06,29.67,88.37,50.38,0.07,0,1,64,45,43,0,UGC06786_rotmod.dat
UGC06786,29.3,34.05,211,7.05,29.04,85.42,48.86,0,0,1,64,45,44,0,UGC06786_rotmod.dat
UGC06787,21.3,0.12,134,41.1,-0.73,7.68,179.06,623.48,50762.31,2,66,71,0,1,UGC06787_rotmod.dat
UGC06787,21.3,0.24,208,35.5,-0.84,14.95,278.38,601.67,27720.83,2,66,71,1,1,UGC06787_rotmod.dat
UGC06787,21.3,0.35,252,27.1,-0.93,21.23,309.46,582.34,16719.99,2,66,71,2,1,UGC06787_rotmod.dat
UGC06787,21.3,0.47,272,11.6,-1.09,27.71,321.2,561.97,10847.48,2,66,71,3,1,UGC06787_rotmod.dat
UGC06787,21.3,0.59,276,12.6,-1.27,33.83,323.58,542.31,7620.2,2,66,71,4,1,UGC06787_rotmod.dat
UGC06787,21.3,0.71,271,16.3,-1.49,39.63,323.15,523.34,5650.81,2,66,71,5,1,UGC06787_rotmod.dat
UGC06787,21.3,0.83,266,11.9,-1.72,45.13,320.31,505.02,4439.61,2,66,71,6,1,UGC06787_rotmod.dat
UGC06787,21.3,0.94,262,12.2,-1.96,49.93,316.84,488.8,3710.23,2,66,71,7,1,UGC06787_rotmod.dat
UGC06787,21.3,1.06,260,12.1,-2.21,54.94,314.79,471.7,3081.8,2,66,71,8,1,UGC06787_rotmod.dat
UGC06787,21.3,1.18,260,11.9,-2.45,59.69,313.21,455.2,2524.16,2,66,71,9,1,UGC06787_rotmod.dat
UGC06787,21.3,1.3,259,8.04,-2.69,64.21,311.21,439.27,2069.24,2,66,71,10,1,UGC06787_rotmod.dat
UGC06787,21.3,1.42,257,10.2,-2.93,68.53,309.11,423.91,1658.71,2,66,71,11,1,UGC06787_rotmod.dat
UGC06787,21.3,1.53,254,9.68,-3.17,72.32,306.55,410.29,1386.92,2,66,71,12,1,UGC06787_rotmod.dat
UGC06787,21.3,1.66,244,4.95,-3.41,76.57,303.54,394.76,1102.98,2,66,71,13,1,UGC06787_rotmod.dat
UGC06787,21.3,1.89,228,9.83,-3.87,83.6,297.2,368.72,719.64,2,66,71,14,1,UGC06787_rotmod.dat
UGC06787,21.3,2.01,220,18.6,-4.09,87.03,293.4,355.81,572.02,2,66,71,15,1,UGC06787_rotmod.dat
UGC06787,21.3,2.13,215,4.11,-4.3,90.32,289.39,343.36,456.41,2,66,71,16,1,UGC06787_rotmod.dat
UGC06787,21.3,2.24,213,16.1,-4.5,93.19,285.56,332.33,371.14,2,66,71,17,1,UGC06787_rotmod.dat
UGC06787,21.3,3.1,228,9.59,-5.53,112.13,255.35,256.86,45.54,2,66,71,18,1,UGC06787_rotmod.dat
UGC06787,21.3,3.79,236,7.22,-5.65,121.66,232.68,200.21,5.71,2,66,71,19,1,UGC06787_rotmod.dat
UGC06787,21.3,3.9,236,7.24,-5.61,122.76,229.34,193.29,4.09,2,66,71,20,1,UGC06787_rotmod.dat
UGC06787,21.3,4.14,237,8.26,-5.45,124.89,222.83,179.91,2,2,66,71,21,1,UGC06787_rotmod.dat
UGC06787,21.3,4.25,237,4.07,-5.32,125.78,219.95,174.78,1.43,2,66,71,22,1,UGC06787_rotmod.dat
UGC06787,21.3,4.37,237,4.04,-5.15,126.75,216.93,169.83,1,2,66,71,23,1,UGC06787_rotmod.dat
UGC06787,21.3,4.49,237,1.94,-4.93,127.73,214.04,165.47,0.7,2,66,71,24,1,UGC06787_rotmod.dat
UGC06787,21.3,4.61,237,1.49,-4.62,128.73,211.23,161.16,0.48,2,66,71,25,1,UGC06787_rotmod.dat
UGC06787,21.3,4.72,236,2.38,-4.24,129.65,208.76,157.54,0.35,2,66,71,26,1,UGC06787_rotmod.dat
UGC06787,21.3,5.16,235,2.4,-1.43,133.7,199.77,143.97,0.09,2,66,71,27,1,UGC06787_rotmod.dat
UGC06787,21.3,5.43,234,4.05,3.32,136.22,194.84,135.04,0.04,2,66,71,28,0,UGC06787_rotmod.dat
UGC06787,21.3,5.56,233,3.03,4.2,137.4,192.59,129.83,0.03,2,66,71,29,0,UGC06787_rotmod.dat
UGC06787,21.3,5.67,233,2.48,4.99,138.33,190.72,125.11,0.02,2,66,71,30,0,UGC06787_rotmod.dat
UGC06787,21.3,5.79,233,3.03,5.73,139.24,188.73,119.65,0.01,2,66,71,31,0,UGC06787_rotmod.dat
UGC06787,21.3,5.91,232,6.7,6.43,139.93,186.59,113.87,0.01,2,66,71,32,0,UGC06787_rotmod.dat
UGC06787,21.3,6.03,232,7.44,7.14,140.45,184.7,109,0.01,2,66,71,33,0,UGC06787_rotmod.dat
UGC06787,21.3,6.2,232,1.64,8.18,141.04,182.21,103.32,0,2,66,71,34,0,UGC06787_rotmod.dat
UGC06787,21.3,6.5,233,14.3,9.96,142.01,177.9,95.03,0,2,66,71,35,0,UGC06787_rotmod.dat
UGC06787,21.3,6.85,235,7.57,11.78,143.12,173.33,87.04,0,2,66,71,36,0,UGC06787_rotmod.dat
UGC06787,21.3,6.98,236,3.05,12.31,143.59,171.7,84.55,0,2,66,71,37,0,UGC06787_rotmod.dat
UGC06787,21.3,7.09,236,2.91,12.85,144.05,170.36,82.66,0,2,66,71,38,0,UGC06787_rotmod.dat
UGC06787,21.3,7.21,237,4.07,13.38,144.62,168.93,80.65,0,2,66,71,39,0,UGC06787_rotmod.dat
UGC06787,21.3,7.22,238,2.02,13.48,144.67,168.82,80.38,0,2,66,71,40,0,UGC06787_rotmod.dat
UGC06787,21.3,7.33,238,6.76,13.91,145.21,167.55,77.25,0,2,66,71,41,0,UGC06787_rotmod.dat
UGC06787,21.3,7.45,239,3.49,14.44,145.73,166.2,73.54,0,2,66,71,42,0,UGC06787_rotmod.dat
UGC06787,21.3,7.56,240,10.1,14.86,146.08,164.99,69.89,0,2,66,71,43,0,UGC06787_rotmod.dat
UGC06787,21.3,8.26,247,0.85,17.52,144.87,157.97,48.37,0,2,66,71,44,0,UGC06787_rotmod.dat
UGC06787,21.3,8.98,252,8.91,19.64,141.68,151.5,37.69,0,2,66,71,45,0,UGC06787_rotmod.dat
UGC06787,21.3,9.09,253,7.13,19.85,141.18,150.58,36.21,0,2,66,71,46,0,UGC06787_rotmod.dat
UGC06787,21.3,9.3,254,0.73,20.28,140.17,148.87,33.6,0,2,66,71,47,0,UGC06787_rotmod.dat
UGC06787,21.3,10.32,253,0.96,21.76,134.57,141.32,26.44,0,2,66,71,48,0,UGC06787_rotmod.dat
UGC06787,21.3,11.38,247,1.99,22.29,131.1,134.58,22.01,0,2,66,71,49,0,UGC06787_rotmod.dat
UGC06787,21.3,12.4,238,3.15,22.29,127.84,128.93,18.41,0,2,66,71,50,0,UGC06787_rotmod.dat
UGC06787,21.3,13.41,229,1.67,21.87,125.7,123.98,15.63,0,2,66,71,51,0,UGC06787_rotmod.dat
UGC06787,21.3,14.43,223,3.52,21.55,123.24,119.52,12.46,0,2,66,71,52,0,UGC06787_rotmod.dat
UGC06787,21.3,15.44,220,1.13,21.55,120.61,115.54,10.23,0,2,66,71,53,0,UGC06787_rotmod.dat
UGC06787,21.3,16.57,220,1.12,22.08,117.78,111.53,8.33,0,2,66,71,54,0,UGC06787_rotmod.dat
UGC06787,21.3,17.58,224,1.93,22.61,115.53,108.28,6.91,0,2,66,71,55,0,UGC06787_rotmod.dat
UGC06787,21.3,18.6,228,2.04,23.25,113.08,105.27,5.45,0,2,66,71,56,0,UGC06787_rotmod.dat
UGC06787,21.3,19.61,234,2.55,24.2,110.31,102.52,4.48,0,2,66,71,57,0,UGC06787_rotmod.dat
UGC06787,21.3,20.62,239,2.91,26.01,107.85,99.98,3.92,0,2,66,71,58,0,UGC06787_rotmod.dat
UGC06787,21.3,21.64,243,3.08,28.66,105.68,97.6,3.37,0,2,66,71,59,0,UGC06787_rotmod.dat
UGC06787,21.3,22.77,245,3.6,31.74,103.62,95.14,2.89,0,2,66,71,60,0,UGC06787_rotmod.dat
UGC06787,21.3,23.78,247,2.67,34.4,101.87,93.1,2.36,0,2,66,71,61,0,UGC06787_rotmod.dat
UGC06787,21.3,24.79,249,3.37,36.31,99.95,91.18,1.81,0,2,66,71,62,0,UGC06787_rotmod.dat
UGC06787,21.3,25.81,250,2.08,37.37,97.79,89.36,1.47,0,2,66,71,63,0,UGC06787_rotmod.dat
UGC06787,21.3,26.82,251,1.68,37.79,95.84,87.67,1.26,0,2,66,71,64,0,UGC06787_rotmod.dat
UGC06787,21.3,27.84,251,2.78,37.79,94.22,86.04,1.08,0,2,66,71,65,0,UGC06787_rotmod.dat
UGC06787,21.3,29.41,248,3.4,37.26,91.66,83.72,0.68,0,2,66,71,66,0,UGC06787_rotmod.dat
UGC06787,21.3,30.99,246,2.91,36.63,88.64,81.55,0.41,0,2,66,71,67,0,UGC06787_rotmod.dat
UGC06787,21.3,32.57,249,3.46,35.88,86,79.55,0.4,0,2,66,71,68,0,UGC06787_rotmod.dat
UGC06787,21.3,34.03,252,3.23,35.14,84.24,77.83,0.34,0,2,66,71,69,0,UGC06787_rotmod.dat
UGC06787,21.3,37.19,255,4.16,33.12,79.85,74.45,0,0,2,66,71,70,0,UGC06787_rotmod.dat
UGC06818,18,0.87,23.4,5.55,3.13,27.44,0,76.66,0,2,75,8,0,0,UGC06818_rotmod.dat
UGC06818,18,1.74,28,5.2,4.07,38.72,0,36.41,0,2,75,8,1,0,UGC06818_rotmod.dat
UGC06818,18,2.61,36.7,4.25,7.08,40.85,0,18.57,0,2,75,8,2,0,UGC06818_rotmod.dat
UGC06818,18,3.5,47.6,4.25,10.56,41.42,0,10.76,0,2,75,8,3,0,UGC06818_rotmod.dat
UGC06818,18,4.37,63.3,4.75,13.36,40.22,0,6.42,0,2,75,8,4,0,UGC06818_rotmod.dat
UGC06818,18,5.24,71.2,5.25,17.35,39.25,0,3.11,0,2,75,8,5,0,UGC06818_rotmod.dat
UGC06818,18,6.11,68.1,6,19.51,37.01,0,1.37,0,2,75,8,6,0,UGC06818_rotmod.dat
UGC06818,18,6.98,74.4,6,20.91,34.75,0,0.86,0,2,75,8,7,0,UGC06818_rotmod.dat
UGC06917,18,1.74,59.2,3.5,0,56.25,0,84.05,0,1,56,11,0,0,UGC06917_rotmod.dat
UGC06917,18,2.61,71.2,4,0,59.09,0,59.41,0,1,56,11,1,0,UGC06917_rotmod.dat
UGC06917,18,3.5,84.5,4.4,6.4,61.72,0,38.85,0,1,56,11,2,0,UGC06917_rotmod.dat
UGC06917,18,4.37,93.5,4.5,14.66,63.73,0,29.86,0,1,56,11,3,0,UGC06917_rotmod.dat
UGC06917,18,5.24,97.5,3.5,17.89,64.38,0,19.57,0,1,56,11,4,0,UGC06917_rotmod.dat
UGC06917,18,6.11,100,3.5,20.91,64.3,0,16.34,0,1,56,11,5,0,UGC06917_rotmod.dat
UGC06917,18,6.98,101,4,24.79,64.23,0,10.95,0,1,56,11,6,0,UGC06917_rotmod.dat
UGC06917,18,7.85,103,3.5,27.59,62.94,0,8.29,0,1,56,11,7,0,UGC06917_rotmod.dat
UGC06917,18,8.72,105,4,29.1,61.95,0,6.21,0,1,56,11,8,0,UGC06917_rotmod.dat
UGC06917,18,9.6,110,4.9,32.76,60.68,0,4.78,0,1,56,11,9,0,UGC06917_rotmod.dat
UGC06917,18,10.47,111,6,36.86,60.19,0,3.35,0,1,56,11,10,0,UGC06917_rotmod.dat
UGC06923,18,0.93,40.5,7.35,9.26,50.64,0,139.38,0,2,65,6,0,0,UGC06923_rotmod.dat
UGC06923,18,1.94,53.9,5.9,16.49,55.16,0,51.5,0,2,65,6,1,0,UGC06923_rotmod.dat
UGC06923,18,2.87,73,4.7,21.98,56.07,0,27.77,0,2,65,6,2,0,UGC06923_rotmod.dat
UGC06923,18,3.72,78.4,3.9,25,55.82,0,15.87,0,2,65,6,3,0,UGC06923_rotmod.dat
UGC06923,18,4.47,79.3,5.3,28.23,53.8,0,8.68,0,2,65,6,4,0,UGC06923_rotmod.dat
UGC06923,18,5.16,81.1,5.1,30.82,51.88,0,5.5,0,2,65,6,5,0,UGC06923_rotmod.dat
UGC06930,18,1.74,54.7,8.3,0,52.62,0,88.43,0,1,32,10,0,0,UGC06930_rotmod.dat
UGC06930,18,3.5,85.4,7,5.24,59.95,0,40.84,0,1,32,10,1,0,UGC06930_rotmod.dat
UGC06930,18,5.24,93.8,6.2,17.89,62.66,0,24.98,0,1,32,10,2,0,UGC06930_rotmod.dat
UGC06930,18,6.98,98.7,5.2,25.97,65.09,0,17.98,0,1,32,10,3,0,UGC06930_rotmod.dat
UGC06930,18,8.72,103,5.2,29.85,66.99,0,10.91,0,1,32,10,4,0,UGC06930_rotmod.dat
UGC06930,18,10.47,107,5.2,34.48,67.16,0,6.05,0,1,32,10,5,0,UGC06930_rotmod.dat
UGC06930,18,12.19,109,5.2,40.3,63.93,0,2.66,0,1,32,10,6,0,UGC06930_rotmod.dat
UGC06930,18,13.94,108,7.4,42.57,59.68,0,0.84,0,1,32,10,7,0,UGC06930_rotmod.dat
UGC06930,18,15.68,108,7.4,40.84,54.03,0,0,0,1,32,10,8,0,UGC06930_rotmod.dat
UGC06930,18,16.61,108,7.4,39.98,51.7,0,0,0,1,32,10,9,0,UGC06930_rotmod.dat
UGC06983,18,1.74,56.9,6.6,0,57.53,0,98.9,0,1,49,17,0,0,UGC06983_rotmod.dat
UGC06983,18,2.61,87.4,4.8,0,63.17,0,46.82,0,1,49,17,1,0,UGC06983_rotmod.dat
UGC06983,18,3.5,92.1,5.7,0,61.1,0,24.53,0,1,49,17,2,0,UGC06983_rotmod.dat
UGC06983,18,4.37,93.5,5.2,8.69,59.01,0,17.42,0,1,49,17,3,0,UGC06983_rotmod.dat
UGC06983,18,5.24,98.2,4.4,16.6,57.64,0,11.69,0,1,49,17,4,0,UGC06983_rotmod.dat
UGC06983,18,6.11,99.7,4.4,18.86,56.44,0,10.25,0,1,49,17,5,0,UGC06983_rotmod.dat
UGC06983,18,6.98,102,3.5,23.82,56.03,0,7.82,0,1,49,17,6,0,UGC06983_rotmod.dat
UGC06983,18,7.85,107,4.4,29.74,55.57,0,5.78,0,1,49,17,7,0,UGC06983_rotmod.dat
UGC06983,18,8.72,108,4.4,30.17,54.32,0,3.82,0,1,49,17,8,0,UGC06983_rotmod.dat
UGC06983,18,9.6,110,4.4,31.9,52.55,0,2.7,0,1,49,17,9,0,UGC06983_rotmod.dat
UGC06983,18,10.47,113,4.4,35.89,51.23,0,1.88,0,1,49,17,10,0,UGC06983_rotmod.dat
UGC06983,18,11.35,110,5.2,38.26,49.57,0,1.1,0,1,49,17,11,0,UGC06983_rotmod.dat
UGC06983,18,12.19,108,5.7,39.33,47.76,0,0.58,0,1,49,17,12,0,UGC06983_rotmod.dat
UGC06983,18,13.12,109,8.6,40.63,45.68,0,0,0,1,49,17,13,0,UGC06983_rotmod.dat
UGC06983,18,13.94,108,9.8,40.95,43.38,0,0,0,1,49,17,14,0,UGC06983_rotmod.dat
UGC06983,18,14.86,108,9.8,40.63,41.42,0,0,0,1,49,17,15,0,UGC06983_rotmod.dat
UGC06983,18,15.68,109,12.3,40.09,39.99,0,0,0,1,49,17,16,0,UGC06983_rotmod.dat
UGC07089,18,0.87,20.9,4.7,4.05,19.26,0,68.02,0,2,80,12,0,0,UGC07089_rotmod.dat
UGC07089,18,1.74,36.4,3.9,8.89,32.89,0,56.39,0,2,80,12,1,0,UGC07089_rotmod.dat
UGC07089,18,2.61,43.4,3.9,12.07,42.35,0,36.37,0,2,80,12,2,0,UGC07089_rotmod.dat
UGC07089,18,3.5,51.2,4.7,13.47,46.88,0,25.35,0,2,80,12,3,0,UGC07089_rotmod.dat
UGC07089,18,4.37,59.7,3.9,14.33,50.13,0,17.79,0,2,80,12,4,0,UGC07089_rotmod.dat
UGC07089,18,5.24,64.5,4.4,18.1,50.81,0,11.52,0,2,80,12,5,0,UGC07089_rotmod.dat
UGC07089,18,6.11,67.9,3.9,21.23,49.78,0,7.62,0,2,80,12,6,0,UGC07089_rotmod.dat
UGC07089,18,6.55,72.8,7.3,22.41,49.26,0,6.38,0,2,80,12,7,0,UGC07089_rotmod.dat
UGC07089,18,6.98,70.3,6.1,23.49,48.73,0,5.35,0,2,80,12,8,0,UGC07089_rotmod.dat
UGC07089,18,7.85,73.7,6.1,25.32,47.5,0,3.71,0,2,80,12,9,0,UGC07089_rotmod.dat
UGC07089,18,8.72,77.6,6.1,26.4,46.22,0,2.54,0,2,80,12,10,0,UGC07089_rotmod.dat
UGC07089,18,9.16,79.1,7.3,26.4,45.5,0,2.07,0,2,80,12,11,0,UGC07089_rotmod.dat
UGC07125,19.8,1.44,26.1,3.3,9.09,27.58,0,52.23,0,1,90,13,0,0,UGC07125_rotmod.dat
UGC07125,19.8,2.88,43,3.47,16.12,37.24,0,20.28,0,1,90,13,1,0,UGC07125_rotmod.dat
UGC07125,19.8,4.33,48.5,2.35,15.32,39.71,0,10.63,0,1,90,13,2,0,UGC07125_rotmod.dat
UGC07125,19.8,5.76,52.5,2,18.34,39.12,0,5.58,0,1,90,13,3,0,UGC07125_rotmod.dat
UGC07125,19.8,7.2,56.4,2.05,17.63,37.66,0,3.45,0,1,90,13,4,0,UGC07125_rotmod.dat
UGC07125,19.8,8.64,58.5,2.21,22.27,36.69,0,2.77,0,1,90,13,5,0,UGC07125_rotmod.dat
UGC07125,19.8,10.08,61.5,2.1,25.8,36.12,0,1.68,0,1,90,13,6,0,UGC07125_rotmod.dat
UGC07125,19.8,11.47,64.6,2.01,29.52,34.86,0,1.05,0,1,90,13,7,0,UGC07125_rotmod.dat
UGC07125,19.8,13,65.6,2.12,36.98,33.7,0,0.49,0,1,90,13,8,0,UGC07125_rotmod.dat
UGC07125,19.8,14.42,65.4,2.65,38.39,31.99,0,0,0,1,90,13,9,0,UGC07125_rotmod.dat
UGC07125,19.8,15.84,65.5,3.05,37.89,29.33,0,0,0,1,90,13,10,0,UGC07125_rotmod.dat
UGC07125,19.8,17.26,65.1,3.22,39,27.53,0,0,0,1,90,13,11,0,UGC07125_rotmod.dat
UGC07125,19.8,18.68,64.9,3.48,34.46,26.15,0,0,0,1,90,13,12,0,UGC07125_rotmod.dat
UGC07151,6.87,0.5,24.2,2.18,-0.51,24.79,0,167.58,0,1,90,11,0,1,UGC07151_rotmod.dat
UGC07151,6.87,1,42,2.91,-5.39,39.13,0,101.17,0,1,90,11,1,1,UGC07151_rotmod.dat
UGC07151,6.87,1.5,59.4,2.4,-5.79,45.87,0,67.11,0,1,90,11,2,1,UGC07151_rotmod.dat
UGC07151,6.87,2,63.9,2.01,7.68,49.56,0,35.27,0,1,90,11,3,0,UGC07151_rotmod.dat
UGC07151,6.87,2.49,66,2,15.55,48.96,0,24.9,0,1,90,11,4,0,UGC07151_rotmod.dat
UGC07151,6.87,3,67.2,2.07,19.33,48.14,0,18.24,0,1,90,11,5,0,UGC07151_rotmod.dat
UGC07151,6.87,3.49,68.7,2.38,19.89,46.88,0,13.06,0,1,90,11,6,0,UGC07151_rotmod.dat
UGC07151,6.87,4,71.3,2.91,25.08,45.84,0,12.13,0,1,90,11,7,0,UGC07151_rotmod.dat
UGC07151,6.87,4.49,72.5,3.21,25.36,46.88,0,11.01,0,1,90,11,8,0,UGC07151_rotmod.dat
UGC07151,6.87,5.01,74,3.41,26.06,48.01,0,7.73,0,1,90,11,9,0,UGC07151_rotmod.dat
UGC07151,6.87,5.5,76.2,3.17,28.3,47.84,0,5,0,1,90,11,10,0,UGC07151_rotmod.dat
UGC07261,13.1,0.95,46.8,5.66,3.86,27.74,0,97.09,0,2,30,7,0,0,UGC07261_rotmod.dat
UGC07261,13.1,1.9,63,5.66,4.52,51.06,0,46.46,0,2,30,7,1,0,UGC07261_rotmod.dat
UGC07261,13.1,2.86,66.8,5.66,4.73,51.26,0,20.02,0,2,30,7,2,0,UGC07261_rotmod.dat
UGC07261,13.1,3.81,69.6,5.66,12.72,49.4,0,7.49,0,2,30,7,3,0,UGC07261_rotmod.dat
UGC07261,13.1,4.76,73.4,5.66,18.24,44.13,0,1.46,0,2,30,7,4,0,UGC07261_rotmod.dat
UGC07261,13.1,5.72,74.7,5.66,23.64,39.21,0,0,0,2,30,7,5,0,UGC07261_rotmod.dat
UGC07261,13.1,6.67,76.1,5.66,29.52,35.32,0,0,0,2,30,7,6,0,UGC07261_rotmod.dat
UGC07323,8,0.58,23.9,3.87,1.43,21.96,0,135.84,0,1,47,10,0,0,UGC07323_rotmod.dat
UGC07323,8,1.17,34.7,3.87,3.24,34.79,0,96.51,0,1,47,10,1,0,UGC07323_rotmod.dat
UGC07323,8,1.75,42.8,3.87,-0.61,43.08,0,71.26,0,1,47,10,2,1,UGC07323_rotmod.dat
UGC07323,8,2.33,51.3,3.87,-3.66,48.67,0,55.55,0,1,47,10,3,1,UGC07323_rotmod.dat
UGC07323,8,2.91,57.7,3.87,9.71,52.39,0,42.67,0,1,47,10,4,0,UGC07323_rotmod.dat
UGC07323,8,3.5,67.3,3.87,13.91,55.75,0,35.03,0,1,47,10,5,0,UGC07323_rotmod.dat
UGC07323,8,4.07,75.4,3.87,18.68,58.69,0,28.37,0,1,47,10,6,0,UGC07323_rotmod.dat
UGC07323,8,4.65,79.5,3.87,24.75,61.08,0,21.05,0,1,47,10,7,0,UGC07323_rotmod.dat
UGC07323,8,5.23,82.8,3.87,27.13,61.82,0,14.07,0,1,47,10,8,0,UGC07323_rotmod.dat
UGC07323,8,5.82,85.6,3.87,28.72,60.87,0,9.18,0,1,47,10,9,0,UGC07323_rotmod.dat
UGC07399,8.43,0.61,47.3,2.77,2.98,31.89,0,131.44,0,1,55,10,0,0,UGC07399_rotmod.dat
UGC07399,8.43,1.22,70.4,3.27,8.37,39,0,39.39,0,1,55,10,1,0,UGC07399_rotmod.dat
UGC07399,8.43,1.84,83.7,2.5,14.43,37.15,0,17.04,0,1,55,10,2,0,UGC07399_rotmod.dat
UGC07399,8.43,2.45,89.1,2.45,17.93,36.43,0,13.6,0,1,55,10,3,0,UGC07399_rotmod.dat
UGC07399,8.43,3.07,91.7,2.48,20.44,35.9,0,7.77,0,1,55,10,4,0,UGC07399_rotmod.dat
UGC07399,8.43,3.68,95.1,3.01,21.54,34.58,0,5.32,0,1,55,10,5,0,UGC07399_rotmod.dat
UGC07399,8.43,4.3,96.9,3.62,21.34,33.94,0,4.08,0,1,55,10,6,0,UGC07399_rotmod.dat
UGC07399,8.43,4.91,100,3.9,23.04,32.94,0,2.41,0,1,55,10,7,0,UGC07399_rotmod.dat
UGC07399,8.43,5.52,103,4.82,25.45,31.6,0,1.92,0,1,55,10,8,0,UGC07399_rotmod.dat
UGC07399,8.43,6.13,106,4.97,25.55,31.05,0,1.31,0,1,55,10,9,0,UGC07399_rotmod.dat
UGC07524,4.74,0.35,14.4,2.82,-0.61,15.45,0,54.27,0,1,46,31,0,1,UGC07524_rotmod.dat
UGC07524,4.74,0.69,24.4,3.97,-1.22,17.95,0,43.05,0,1,46,31,1,1,UGC07524_rotmod.dat
UGC07524,4.74,1.03,29.2,3.26,-2.04,20.19,0,30.93,0,1,46,31,2,1,UGC07524_rotmod.dat
UGC07524,4.74,1.38,32.9,3.73,-1.72,21.43,0,26.57,0,1,46,31,3,1,UGC07524_rotmod.dat
UGC07524,4.74,1.72,37.8,3.41,3.47,22.82,0,24.96,0,1,46,31,4,0,UGC07524_rotmod.dat
UGC07524,4.74,2.07,42,3.12,3.53,25.15,0,21.49,0,1,46,31,5,0,UGC07524_rotmod.dat
UGC07524,4.74,2.41,45.1,2.92,4.13,26.82,0,19.73,0,1,46,31,6,0,UGC07524_rotmod.dat
UGC07524,4.74,2.76,47.6,2.79,6.88,28.98,0,17.35,0,1,46,31,7,0,UGC07524_rotmod.dat
UGC07524,4.74,3.1,52.3,2.78,9.39,30.06,0,14.95,0,1,46,31,8,0,UGC07524_rotmod.dat
UGC07524,4.74,3.45,57.3,2.78,11.99,30.89,0,12.04,0,1,46,31,9,0,UGC07524_rotmod.dat
UGC07524,4.74,3.79,61.4,2.93,14.78,31.14,0,11.79,0,1,46,31,10,0,UGC07524_rotmod.dat
UGC07524,4.74,4.14,64.5,3.42,16.87,32.08,0,10.85,0,1,46,31,11,0,UGC07524_rotmod.dat
UGC07524,4.74,4.48,66.4,4.53,18.27,32.77,0,9.51,0,1,46,31,12,0,UGC07524_rotmod.dat
UGC07524,4.74,4.82,66.9,5.46,19.32,33.02,0,8.75,0,1,46,31,13,0,UGC07524_rotmod.dat
UGC07524,4.74,5.17,69.4,4.77,19.78,33.86,0,8.46,0,1,46,31,14,0,UGC07524_rotmod.dat
UGC07524,4.74,5.51,70.2,4.44,19.55,34.37,0,6.93,0,1,46,31,15,0,UGC07524_rotmod.dat
UGC07524,4.74,5.86,70.9,4.24,19.78,34.15,0,6.35,0,1,46,31,16,0,UGC07524_rotmod.dat
UGC07524,4.74,6.2,72.3,4.38,20.48,34.36,0,6.28,0,1,46,31,17,0,UGC07524_rotmod.dat
UGC07524,4.74,6.55,73.9,3.51,21.53,34.78,0,5.87,0,1,46,31,18,0,UGC07524_rotmod.dat
UGC07524,4.74,6.89,75,3.22,22.81,35.14,0,5.48,0,1,46,31,19,0,UGC07524_rotmod.dat
UGC07524,4.74,7.25,75.5,3.23,24.09,35.58,0,5.16,0,1,46,31,20,0,UGC07524_rotmod.dat
UGC07524,4.74,7.58,77.1,2.98,25.37,36.1,0,4.85,0,1,46,31,21,0,UGC07524_rotmod.dat
UGC07524,4.74,7.94,77,2.79,26.77,36.68,0,4.42,0,1,46,31,22,0,UGC07524_rotmod.dat
UGC07524,4.74,8.27,77,2.82,28.28,37.11,0,4.01,0,1,46,31,23,0,UGC07524_rotmod.dat
UGC07524,4.74,8.63,78.2,2.93,29.91,37.49,0,3.56,0,1,46,31,24,0,UGC07524_rotmod.dat
UGC07524,4.74,8.97,79.6,3.14,31.07,37.76,0,3.14,0,1,46,31,25,0,UGC07524_rotmod.dat
UGC07524,4.74,9.3,80.3,3.39,32.12,37.98,0,2.76,0,1,46,31,26,0,UGC07524_rotmod.dat
UGC07524,4.74,9.66,81.2,3.66,33.05,38.12,0,2.36,0,1,46,31,27,0,UGC07524_rotmod.dat
UGC07524,4.74,9.99,82.3,3.9,33.75,38.33,0,2.09,0,1,46,31,28,0,UGC07524_rotmod.dat
UGC07524,4.74,10.35,83.8,4.1,34.21,38.96,0,1.89,0,1,46,31,29,0,UGC07524_rotmod.dat
UGC07524,4.74,10.69,79,2.78,34.56,38.32,0,0,0,1,46,31,30,0,UGC07524_rotmod.dat
UGC07559,4.97,0.36,9.31,3.23,2.82,9.53,0,30.89,0,2,61,7,0,0,UGC07559_rotmod.dat
UGC07559,4.97,0.72,15.9,3.23,5.91,14.9,0,16.96,0,2,61,7,1,0,UGC07559_rotmod.dat
UGC07559,4.97,1.08,21.4,3.23,7.85,16.55,0,9,0,2,61,7,2,0,UGC07559_rotmod.dat
UGC07559,4.97,1.45,26.1,3.23,9.57,17.31,0,4.91,0,2,61,7,3,0,UGC07559_rotmod.dat
UGC07559,4.97,1.8,29.7,3.23,11.59,16.91,0,2.03,0,2,61,7,4,0,UGC07559_rotmod.dat
UGC07559,4.97,2.17,31.1,3.23,14.33,15.67,0,1.39,0,2,61,7,5,0,UGC07559_rotmod.dat
UGC07559,4.97,2.53,32.1,3.23,16.45,15.47,0,0,0,2,61,7,6,0,UGC07559_rotmod.dat
UGC07577,2.59,0.19,3.74,3.17,-1.81,3.43,0,14.37,0,2,63,9,0,1,UGC07577_rotmod.dat
UGC07577,2.59,0.38,5.4,3.17,-1.88,6.16,0,13.48,0,2,63,9,1,1,UGC07577_rotmod.dat
UGC07577,2.59,0.57,7.31,3.17,1.42,8.66,0,11.74,0,2,63,9,2,0,UGC07577_rotmod.dat
UGC07577,2.59,0.75,8.85,3.17,4.71,10.45,0,8.8,0,2,63,9,3,0,UGC07577_rotmod.dat
UGC07577,2.59,0.94,10.7,3.17,5.82,11.68,0,6.16,0,2,63,9,4,0,UGC07577_rotmod.dat
UGC07577,2.59,1.13,12.4,3.17,6.52,12.49,0,4.5,0,2,63,9,5,0,UGC07577_rotmod.dat
UGC07577,2.59,1.32,14.1,3.17,7.99,13.06,0,2.8,0,2,63,9,6,0,UGC07577_rotmod.dat
UGC07577,2.59,1.51,15.9,3.17,8.69,12.91,0,1.01,0,2,63,9,7,0,UGC07577_rotmod.dat
UGC07577,2.59,1.69,17.8,3.17,9.12,11.87,0,0,0,2,63,9,8,0,UGC07577_rotmod.dat
UGC07603,4.7,0.34,19.6,2.89,4.29,19.73,0,106.8,0,1,78,12,0,0,UGC07603_rotmod.dat
UGC07603,4.7,0.68,32.5,2.89,6.17,28,0,66.32,0,1,78,12,1,0,UGC07603_rotmod.dat
UGC07603,4.7,1.02,41.9,2.89,5.94,31.57,0,28.35,0,1,78,12,2,0,UGC07603_rotmod.dat
UGC07603,4.7,1.37,50.6,2.89,8.81,31.98,0,17.64,0,1,78,12,3,0,UGC07603_rotmod.dat
UGC07603,4.7,1.71,57,2.89,15.21,31.44,0,8.3,0,1,78,12,4,0,UGC07603_rotmod.dat
UGC07603,4.7,2.05,60.5,2.89,17.87,29.65,0,4.37,0,1,78,12,5,0,UGC07603_rotmod.dat
UGC07603,4.7,2.39,60.5,2.89,17.46,27.89,0,2.3,0,1,78,12,6,0,UGC07603_rotmod.dat
UGC07603,4.7,2.74,60,2.89,15.96,26.14,0,1.18,0,1,78,12,7,0,UGC07603_rotmod.dat
UGC07603,4.7,3.08,61.5,2.89,15.55,24.58,0,0.62,0,1,78,12,8,0,UGC07603_rotmod.dat
UGC07603,4.7,3.42,61.5,2.89,16.29,23.19,0,0.33,0,1,78,12,9,0,UGC07603_rotmod.dat
UGC07603,4.7,3.76,63,2.89,16.96,21.99,0,0.17,0,1,78,12,10,0,UGC07603_rotmod.dat
UGC07603,4.7,4.11,64,2.89,17.21,20.84,0,0,0,1,78,12,11,0,UGC07603_rotmod.dat
UGC07690,8.11,0.59,45.3,4.31,4.24,45.76,0,180.6,0,2,41,7,0,0,UGC07690_rotmod.dat
UGC07690,8.11,1.18,59.8,4.31,11.75,48.85,0,41.99,0,2,41,7,1,0,UGC07690_rotmod.dat
UGC07690,8.11,1.77,60.7,4.31,15.81,45.2,0,16.24,0,2,41,7,2,0,UGC07690_rotmod.dat
UGC07690,8.11,2.36,58.8,4.31,19.15,42.05,0,6.57,0,2,41,7,3,0,UGC07690_rotmod.dat
UGC07690,8.11,2.95,57.9,4.31,20.97,38.14,0,2.06,0,2,41,7,4,0,UGC07690_rotmod.dat
UGC07690,8.11,3.54,56.9,4.31,21.99,34.5,0,0.42,0,2,41,7,5,0,UGC07690_rotmod.dat
UGC07690,8.11,4.13,55.9,4.31,22.39,31.16,0,0,0,2,41,7,6,0,UGC07690_rotmod.dat
UGC07866,4.57,0.33,12.2,4.07,3.43,9.04,0,34.04,0,2,44,7,0,0,UGC07866_rotmod.dat
UGC07866,4.57,0.66,19.4,4.07,3.44,13.22,0,17.51,0,2,44,7,1,0,UGC07866_rotmod.dat
UGC07866,4.57,1,23.9,4.07,5.29,17.22,0,11.44,0,2,44,7,2,0,UGC07866_rotmod.dat
UGC07866,4.57,1.33,26,4.07,8.85,17.5,0,5.83,0,2,44,7,3,0,UGC07866_rotmod.dat
UGC07866,4.57,1.67,28.2,4.07,11.12,17.11,0,3.3,0,2,44,7,4,0,UGC07866_rotmod.dat
UGC07866,4.57,2,30.6,4.07,13.66,16.29,0,2.18,0,2,44,7,5,0,UGC07866_rotmod.dat
UGC07866,4.57,2.32,33.1,4.07,14.34,16.35,0,1.63,0,2,44,7,6,0,UGC07866_rotmod.dat
UGC08286,6.5,0.47,22.2,2.81,-3.85,16.14,0,82.49,0,1,90,17,0,1,UGC08286_rotmod.dat
UGC08286,6.5,0.95,43.4,3.47,-1.38,24.37,0,52.72,0,1,90,17,1,1,UGC08286_rotmod.dat
UGC08286,6.5,1.42,60.2,3.04,-0.63,30.01,0,40.22,0,1,90,17,2,1,UGC08286_rotmod.dat
UGC08286,6.5,1.9,69.6,2.05,8.67,34.64,0,31.23,0,1,90,17,3,0,UGC08286_rotmod.dat
UGC08286,6.5,2.37,72.5,2,11.4,38.52,0,22.7,0,1,90,17,4,0,UGC08286_rotmod.dat
UGC08286,6.5,2.84,74.3,2.02,11.54,39.29,0,15.52,0,1,90,17,5,0,UGC08286_rotmod.dat
UGC08286,6.5,3.3,75.8,2.01,12.92,40.32,0,11.35,0,1,90,17,6,0,UGC08286_rotmod.dat
UGC08286,6.5,3.78,77.2,2.05,16.18,39.87,0,7.3,0,1,90,17,7,0,UGC08286_rotmod.dat
UGC08286,6.5,4.25,79.3,2.08,18.85,39.64,0,4.23,0,1,90,17,8,0,UGC08286_rotmod.dat
UGC08286,6.5,4.73,81.3,2.08,23.39,37.47,0,2.11,0,1,90,17,9,0,UGC08286_rotmod.dat
UGC08286,6.5,5.2,81.6,2.03,23.16,35.37,0,1.36,0,1,90,17,10,0,UGC08286_rotmod.dat
UGC08286,6.5,5.67,82.1,2.02,23.39,33.69,0,0.93,0,1,90,17,11,0,UGC08286_rotmod.dat
UGC08286,6.5,6.15,82.9,2,22.11,32.23,0,0.61,0,1,90,17,12,0,UGC08286_rotmod.dat
UGC08286,6.5,6.62,83.2,2,22.46,30.9,0,0.37,0,1,90,17,13,0,UGC08286_rotmod.dat
UGC08286,6.5,7.1,83.5,2.02,26.07,29.56,0,0.21,0,1,90,17,14,0,UGC08286_rotmod.dat
UGC08286,6.5,7.57,83.8,2,25.72,28.4,0,0.17,0,1,90,17,15,0,UGC08286_rotmod.dat
UGC08286,6.5,8.04,84.3,2,26.3,27.44,0,0.12,0,1,90,17,16,0,UGC08286_rotmod.dat
UGC08490,4.65,0.34,38.8,3.69,0.91,27.87,0,246.74,0,1,50,30,0,0,UGC08490_rotmod.dat
UGC08490,4.65,0.68,50.1,3.69,7.1,39.52,0,115.82,0,1,50,30,1,0,UGC08490_rotmod.dat
UGC08490,4.65,1.02,60.2,3.69,10.23,44.52,0,75.75,0,1,50,30,2,0,UGC08490_rotmod.dat
UGC08490,4.65,1.36,68.2,3.69,12.18,46.26,0,41.22,0,1,50,30,3,0,UGC08490_rotmod.dat
UGC08490,4.65,1.69,72.8,3.69,14.42,45.8,0,27.51,0,1,50,30,4,0,UGC08490_rotmod.dat
UGC08490,4.65,2.03,75.3,3.69,15.29,45.05,0,15.53,0,1,50,30,5,0,UGC08490_rotmod.dat
UGC08490,4.65,2.37,76.6,3.69,18.41,43.11,0,9.72,0,1,50,30,6,0,UGC08490_rotmod.dat
UGC08490,4.65,2.7,77.6,3.69,20.65,41.2,0,6.89,0,1,50,30,7,0,UGC08490_rotmod.dat
UGC08490,4.65,3.05,78.5,3.69,21.24,39.62,0,4.81,0,1,50,30,8,0,UGC08490_rotmod.dat
UGC08490,4.65,3.38,78.2,3.69,22.11,38.18,0,3.48,0,1,50,30,9,0,UGC08490_rotmod.dat
UGC08490,4.65,3.72,78.8,3.69,23.77,36.93,0,2.42,0,1,50,30,10,0,UGC08490_rotmod.dat
UGC08490,4.65,4.06,79.2,3.69,25.04,35.68,0,1.42,0,1,50,30,11,0,UGC08490_rotmod.dat
UGC08490,4.65,4.39,79.2,3.69,24.74,34.2,0,0.59,0,1,50,30,12,0,UGC08490_rotmod.dat
UGC08490,4.65,4.74,79.2,3.69,24.74,32.41,0,0.26,0,1,50,30,13,0,UGC08490_rotmod.dat
UGC08490,4.65,5.08,78.8,3.69,23.87,31.05,0,0.18,0,1,50,30,14,0,UGC08490_rotmod.dat
UGC08490,4.65,5.41,78.5,3.69,22.31,29.85,0,0.11,0,1,50,30,15,0,UGC08490_rotmod.dat
UGC08490,4.65,5.75,80.1,3.69,22.6,28.79,0,0.07,0,1,50,30,16,0,UGC08490_rotmod.dat
UGC08490,4.65,6.09,80.1,3.69,23.18,27.84,0,0.04,0,1,50,30,17,0,UGC08490_rotmod.dat
UGC08490,4.65,6.42,80.1,3.69,22.99,26.98,0,0.02,0,1,50,30,18,0,UGC08490_rotmod.dat
UGC08490,4.65,6.77,80.1,3.69,22.99,26.18,0,0.01,0,1,50,30,19,0,UGC08490_rotmod.dat
UGC08490,4.65,7.11,79.8,3.69,22.8,25.47,0,0.01,0,1,50,30,20,0,UGC08490_rotmod.dat
UGC08490,4.65,7.44,79.8,3.69,23.87,24.82,0,0.01,0,1,50,30,21,0,UGC08490_rotmod.dat
UGC08490,4.65,7.78,79.5,3.69,24.06,24.22,0,0,0,1,50,30,22,0,UGC08490_rotmod.dat
UGC08490,4.65,8.12,79.5,3.69,22.89,23.66,0,0,0,1,50,30,23,0,UGC08490_rotmod.dat
UGC08490,4.65,8.46,78.8,3.69,23.09,23.15,0,0,0,1,50,30,24,0,UGC08490_rotmod.dat
UGC08490,4.65,8.8,77.9,3.69,23.38,22.65,0,0,0,1,50,30,25,0,UGC08490_rotmod.dat
UGC08490,4.65,9.13,77.2,3.69,22.8,22.21,0,0,0,1,50,30,26,0,UGC08490_rotmod.dat
UGC08490,4.65,9.47,77.6,3.69,22.21,21.79,0,0,0,1,50,30,27,0,UGC08490_rotmod.dat
UGC08490,4.65,9.77,76.6,3.69,22.21,21.43,0,0,0,1,50,30,28,0,UGC08490_rotmod.dat
UGC08490,4.65,10.15,77.6,3.69,22.5,21,0,0,0,1,50,30,29,0,UGC08490_rotmod.dat
UGC08550,6.7,0.49,25,2.04,3.42,17.04,0,58.85,0,1,90,11,0,0,UGC08550_rotmod.dat
UGC08550,6.7,0.97,42.5,2.7,4.1,26.7,0,34.44,0,1,90,11,1,0,UGC08550_rotmod.dat
UGC08550,6.7,1.47,48,2.15,10.21,28.91,0,12.1,0,1,90,11,2,0,UGC08550_rotmod.dat
UGC08550,6.7,1.95,49.2,2.08,12.59,27.91,0,4.42,0,1,90,11,3,0,UGC08550_rotmod.dat
UGC08550,6.7,2.44,50.4,2.06,13.04,24.63,0,0.9,0,1,90,11,4,0,UGC08550_rotmod.dat
UGC08550,6.7,2.92,51.6,2.04,12.14,22.08,0,0.36,0,1,90,11,5,0,UGC08550_rotmod.dat
UGC08550,6.7,3.41,53.2,2,13.38,20.22,0,0.14,0,1,90,11,6,0,UGC08550_rotmod.dat
UGC08550,6.7,3.89,55.1,2.05,14.95,18.69,0,0.05,0,1,90,11,7,0,UGC08550_rotmod.dat
UGC08550,6.7,4.39,57.8,2.24,18.33,17.42,0,0.02,0,1,90,11,8,0,UGC08550_rotmod.dat
UGC08550,6.7,4.88,57.3,2,21.25,16.4,0,0.01,0,1,90,11,9,0,UGC08550_rotmod.dat
UGC08550,6.7,5.36,57.5,2,22.04,15.57,0,0,0,1,90,11,10,0,UGC08550_rotmod.dat
UGC08699,39.3,0.22,152,39.4,0.62,26.39,158.03,1284.41,17156.5,2,73,41,0,0,UGC08699_rotmod.dat
UGC08699,39.3,0.43,167,32.9,1.83,47.21,231.8,1125.76,7720.07,2,73,41,1,0,UGC08699_rotmod.dat
UGC08699,39.3,0.65,179,20.9,2.76,65.47,250.59,980.53,2738.14,2,73,41,2,0,UGC08699_rotmod.dat
UGC08699,39.3,0.87,188,15.7,3.59,80.81,244.02,854.03,1058.7,2,73,41,3,0,UGC08699_rotmod.dat
UGC08699,39.3,1.08,195,10.6,4.38,93.2,231.39,748.54,443.76,2,73,41,4,0,UGC08699_rotmod.dat
UGC08699,39.3,1.31,199,8.88,5.12,104.66,217.32,647.89,128.19,2,73,41,5,0,UGC08699_rotmod.dat
UGC08699,39.3,1.52,202,4.4,5.84,113.51,203.82,567.07,14.44,2,73,41,6,0,UGC08699_rotmod.dat
UGC08699,39.3,1.73,202,2.3,6.53,120.8,191.4,494.29,1.36,2,73,41,7,0,UGC08699_rotmod.dat
UGC08699,39.3,1.96,202,3.38,7.2,127.95,179.83,433.23,0.1,2,73,41,8,0,UGC08699_rotmod.dat
UGC08699,39.3,2.17,200,4.47,7.85,133.72,170.88,374.57,0.01,2,73,41,9,0,UGC08699_rotmod.dat
UGC08699,39.3,2.39,196,2.88,8.49,138.13,162.54,305.03,0,2,73,41,10,0,UGC08699_rotmod.dat
UGC08699,39.3,2.6,193,3.32,9.1,140.07,156.06,243.47,0,2,73,41,11,0,UGC08699_rotmod.dat
UGC08699,39.3,2.83,189,2.21,9.69,139.86,149.58,190.61,0,2,73,41,12,0,UGC08699_rotmod.dat
UGC08699,39.3,3.04,184,14,10.26,138.24,144.32,155.5,0,2,73,41,13,0,UGC08699_rotmod.dat
UGC08699,39.3,5.87,170,5.45,16.97,124.36,103.86,85.65,0,2,73,41,14,0,UGC08699_rotmod.dat
UGC08699,39.3,6.08,172,6.66,17.59,125.28,102.05,83.33,0,2,73,41,15,0,UGC08699_rotmod.dat
UGC08699,39.3,6.3,174,3.96,18.32,126.27,100.25,80.59,0,2,73,41,16,0,UGC08699_rotmod.dat
UGC08699,39.3,6.52,176,5.18,18.94,127.31,98.55,77.61,0,2,73,41,17,0,UGC08699_rotmod.dat
UGC08699,39.3,6.74,178,3.04,19.56,128.27,96.92,74.35,0,2,73,41,18,0,UGC08699_rotmod.dat
UGC08699,39.3,6.95,180,2.75,20.18,129.11,95.45,71.73,0,2,73,41,19,0,UGC08699_rotmod.dat
UGC08699,39.3,7.16,182,2.34,20.9,130.08,94.04,69.78,0,2,73,41,20,0,UGC08699_rotmod.dat
UGC08699,39.3,7.39,183,3.39,21.52,131.37,92.56,68.08,0,2,73,41,21,0,UGC08699_rotmod.dat
UGC08699,39.3,7.6,184,7.58,22.25,132.89,91.28,66.23,0,2,73,41,22,0,UGC08699_rotmod.dat
UGC08699,39.3,7.82,185,6.08,22.97,134.56,89.98,63.37,0,2,73,41,23,0,UGC08699_rotmod.dat
UGC08699,39.3,8.03,186,6.73,23.7,136.18,88.8,60.28,0,2,73,41,24,0,UGC08699_rotmod.dat
UGC08699,39.3,8.26,187,6.83,24.42,137.94,87.55,56.45,0,2,73,41,25,0,UGC08699_rotmod.dat
UGC08699,39.3,8.47,187,6.11,25.15,139.4,86.46,52.04,0,2,73,41,26,0,UGC08699_rotmod.dat
UGC08699,39.3,8.68,188,4.78,25.77,140.55,85.41,47.02,0,2,73,41,27,0,UGC08699_rotmod.dat
UGC08699,39.3,8.91,188,4.14,26.49,141.3,84.3,40.84,0,2,73,41,28,0,UGC08699_rotmod.dat
UGC08699,39.3,9.53,187,5.93,28.25,140.15,81.51,26.78,0,2,73,41,29,0,UGC08699_rotmod.dat
UGC08699,39.3,9.78,187,7.63,28.97,138.99,80.46,22.33,0,2,73,41,30,0,UGC08699_rotmod.dat
UGC08699,39.3,9.99,186,7.89,29.6,137.71,79.61,18.95,0,2,73,41,31,0,UGC08699_rotmod.dat
UGC08699,39.3,10.21,186,9.86,30.11,136.12,78.75,16.15,0,2,73,41,32,0,UGC08699_rotmod.dat
UGC08699,39.3,11.46,182,2.51,33.53,126.5,74.33,7.76,0,2,73,41,33,0,UGC08699_rotmod.dat
UGC08699,39.3,13.39,177,3.62,37.77,114.46,68.77,4.2,0,2,73,41,34,0,UGC08699_rotmod.dat
UGC08699,39.3,15.21,175,6.71,39.12,106.58,64.52,2.6,0,2,73,41,35,0,UGC08699_rotmod.dat
UGC08699,39.3,17.13,177,6.13,39.12,99.72,60.8,1.56,0,2,73,41,36,0,UGC08699_rotmod.dat
UGC08699,39.3,19.06,180,3.95,39.01,94,57.64,1.03,0,2,73,41,37,0,UGC08699_rotmod.dat
UGC08699,39.3,20.99,181,4.46,38.7,89.28,54.92,0.79,0,2,73,41,38,0,UGC08699_rotmod.dat
UGC08699,39.3,22.92,182,7.09,37.05,85.64,52.56,0.5,0,2,73,41,39,0,UGC08699_rotmod.dat
UGC08699,39.3,25.7,183,7.49,34.05,80.57,49.64,0.18,0,2,73,41,40,0,UGC08699_rotmod.dat
UGC08837,7.21,0.52,7.31,2.12,-3.67,11.19,0,32.26,0,2,80,8,0,1,UGC08837_rotmod.dat
UGC08837,7.21,1.05,14.6,2.05,-4.64,16.58,0,21.96,0,2,80,8,1,1,UGC08837_rotmod.dat
UGC08837,7.21,1.57,21,2.05,2.4,20.63,0,16.46,0,2,80,8,2,0,UGC08837_rotmod.dat
UGC08837,7.21,2.09,28.1,2.06,12.6,23.82,0,11.7,0,2,80,8,3,0,UGC08837_rotmod.dat
UGC08837,7.21,2.63,35.3,2.5,16.76,25.79,0,8.74,0,2,80,8,4,0,UGC08837_rotmod.dat
UGC08837,7.21,3.15,43,3.38,17.12,27.83,0,5.69,0,2,80,8,5,0,UGC08837_rotmod.dat
UGC08837,7.21,3.68,46.6,3.15,20.09,26.92,0,2.58,0,2,80,8,6,0,UGC08837_rotmod.dat
UGC08837,7.21,4.2,48,3,22.95,25.81,0,1.25,0,2,80,8,7,0,UGC08837_rotmod.dat
UGC09037,83.6,2.43,62.2,5.69,10.89,136.53,0,402.36,0,2,65,22,0,0,UGC09037_rotmod.dat
UGC09037,83.6,3.65,88.2,3.85,14.29,148.1,0,235.2,0,2,65,22,1,0,UGC09037_rotmod.dat
UGC09037,83.6,4.86,107,4.42,16.72,150.72,0,147.3,0,2,65,22,2,0,UGC09037_rotmod.dat
UGC09037,83.6,6.08,120,3.93,25.95,151.05,0,121.61,0,2,65,22,3,0,UGC09037_rotmod.dat
UGC09037,83.6,7.29,124,5.15,32.85,157.64,0,90.72,0,2,65,22,4,0,UGC09037_rotmod.dat
UGC09037,83.6,8.51,128,4.29,38.2,155.32,0,62.19,0,2,65,22,5,0,UGC09037_rotmod.dat
UGC09037,83.6,9.73,133,5.36,40.33,153.04,0,48.99,0,2,65,22,6,0,UGC09037_rotmod.dat
UGC09037,83.6,10.96,138,6.78,39.17,152.74,0,39.66,0,2,65,22,7,0,UGC09037_rotmod.dat
UGC09037,83.6,12.19,143,6.42,46.36,150.89,0,25.26,0,2,65,22,8,0,UGC09037_rotmod.dat
UGC09037,83.6,13.41,146,5.4,53.75,145.59,0,18.66,0,2,65,22,9,0,UGC09037_rotmod.dat
UGC09037,83.6,14.55,148,4.5,56.66,141.61,0,14.96,0,2,65,22,10,0,UGC09037_rotmod.dat
UGC09037,83.6,15.78,154,4.46,60.84,137.81,0,10.66,0,2,65,22,11,0,UGC09037_rotmod.dat
UGC09037,83.6,17,158,4.02,62.11,133.01,0,7.68,0,2,65,22,12,0,UGC09037_rotmod.dat
UGC09037,83.6,18.23,159,5.07,60.94,128.36,0,5.88,0,2,65,22,13,0,UGC09037_rotmod.dat
UGC09037,83.6,19.46,160,7.33,60.06,123.99,0,4.69,0,2,65,22,14,0,UGC09037_rotmod.dat
UGC09037,83.6,20.69,158,7.82,64.05,120.09,0,3.96,0,2,65,22,15,0,UGC09037_rotmod.dat
UGC09037,83.6,21.92,155,8.07,63.17,117,0,3.38,0,2,65,22,16,0,UGC09037_rotmod.dat
UGC09037,83.6,23.14,156,7.93,61.23,113.92,0,2.58,0,2,65,22,17,0,UGC09037_rotmod.dat
UGC09037,83.6,24.28,154,9.09,62.4,110.72,0,2.11,0,2,65,22,18,0,UGC09037_rotmod.dat
UGC09037,83.6,25.51,150,13.4,60.16,107.64,0,1.93,0,2,65,22,19,0,UGC09037_rotmod.dat
UGC09037,83.6,26.73,141,20.1,64.54,105.08,0,1.77,0,2,65,22,20,0,UGC09037_rotmod.dat
UGC09037,83.6,27.96,152,16,66.58,102.79,0,1.67,0,2,65,22,21,0,UGC09037_rotmod.dat
UGC09133,57.1,0.32,284,34.7,-3.24,26.79,189.88,1402.59,19827.42,1,53,68,0,1,UGC09133_rotmod.dat
UGC09133,57.1,0.63,282,18.8,-2.41,50.47,292.13,1303.47,10165.91,1,53,68,1,1,UGC09133_rotmod.dat
UGC09133,57.1,0.95,281,12.6,-0.21,72.14,320.6,1208.5,5354.8,1,53,68,2,1,UGC09133_rotmod.dat
UGC09133,57.1,1.26,280,10.6,2.45,90.82,326.59,1123.1,3300.36,1,53,68,3,0,UGC09133_rotmod.dat
UGC09133,57.1,1.58,280,10.8,3.54,108.12,325.9,1041.27,2103.94,1,53,68,4,0,UGC09133_rotmod.dat
UGC09133,57.1,1.89,279,7.67,4.4,123.29,320.4,967.69,1429.43,1,53,68,5,0,UGC09133_rotmod.dat
UGC09133,57.1,2.21,279,11.2,5.23,137.43,313.32,897.18,1006.49,1,53,68,6,0,UGC09133_rotmod.dat
UGC09133,57.1,2.52,279,4.45,6.01,149.84,305.5,833.78,748.35,1,53,68,7,0,UGC09133_rotmod.dat
UGC09133,57.1,2.84,279,5.03,6.75,161.33,297.22,773.03,612.35,1,53,68,8,0,UGC09133_rotmod.dat
UGC09133,57.1,3.15,279,4.26,7.48,171.56,290.7,718.39,534.72,1,53,68,9,0,UGC09133_rotmod.dat
UGC09133,57.1,3.47,279,4.14,8.19,181.11,286.88,666.05,422.4,1,53,68,10,0,UGC09133_rotmod.dat
UGC09133,57.1,3.79,279,5.73,8.9,189.8,283.42,617.52,288.59,1,53,68,11,0,UGC09133_rotmod.dat
UGC09133,57.1,4.1,280,4.52,9.6,197.34,279.37,573.89,189.15,1,53,68,12,0,UGC09133_rotmod.dat
UGC09133,57.1,4.42,280,4.86,10.25,204.41,274.03,532.06,95.7,1,53,68,13,0,UGC09133_rotmod.dat
UGC09133,57.1,4.73,280,1.59,10.97,210.6,267.5,487.58,49.26,1,53,68,14,0,UGC09133_rotmod.dat
UGC09133,57.1,5.05,281,1.85,11.69,215.35,260.4,441.24,24.96,1,53,68,15,0,UGC09133_rotmod.dat
UGC09133,57.1,5.36,282,4.81,12.31,218.91,253.49,408.32,12.96,1,53,68,16,0,UGC09133_rotmod.dat
UGC09133,57.1,5.68,282,20.3,13.02,222.04,246.69,380.67,6.52,1,53,68,17,0,UGC09133_rotmod.dat
UGC09133,57.1,5.99,283,12.8,13.74,224.98,240.45,359.58,3.4,1,53,68,18,0,UGC09133_rotmod.dat
UGC09133,57.1,6.31,284,8.08,14.46,228.22,234.35,341.54,1.71,1,53,68,19,0,UGC09133_rotmod.dat
UGC09133,57.1,6.62,284,7.81,15.07,231.93,228.92,326.7,0.89,1,53,68,20,0,UGC09133_rotmod.dat
UGC09133,57.1,6.94,285,10.4,15.79,235.94,223.68,306.23,0.45,1,53,68,21,0,UGC09133_rotmod.dat
UGC09133,57.1,7.57,286,6.82,17.23,242.45,214.14,257.47,0.12,1,53,68,22,0,UGC09133_rotmod.dat
UGC09133,57.1,7.89,287,13.4,17.95,243.91,209.75,227.66,0.06,1,53,68,23,0,UGC09133_rotmod.dat
UGC09133,57.1,8.2,287,10.5,18.77,244.06,205.73,209.07,0.03,1,53,68,24,0,UGC09133_rotmod.dat
UGC09133,57.1,8.31,288,2.93,18.97,244.14,204.35,204.24,0.02,1,53,68,25,0,UGC09133_rotmod.dat
UGC09133,57.1,8.52,288,5.58,19.59,244.43,201.86,197.13,0.02,1,53,68,26,0,UGC09133_rotmod.dat
UGC09133,57.1,8.83,288,5.74,20.3,245.34,198.26,187.41,0.01,1,53,68,27,0,UGC09133_rotmod.dat
UGC09133,57.1,9.15,288,7,21.12,245.9,194.78,171.33,0,1,53,68,28,0,UGC09133_rotmod.dat
UGC09133,57.1,9.78,289,12.7,22.56,245.25,188.37,138.98,0,1,53,68,29,0,UGC09133_rotmod.dat
UGC09133,57.1,10.1,289,3.89,23.18,244,185.3,127.27,0,1,53,68,30,0,UGC09133_rotmod.dat
UGC09133,57.1,11.04,288,5.02,25.23,239.18,177.32,102.81,0,1,53,68,31,0,UGC09133_rotmod.dat
UGC09133,57.1,11.36,288,3.39,25.74,237.64,174.8,97.25,0,1,53,68,32,0,UGC09133_rotmod.dat
UGC09133,57.1,11.67,288,10.7,26.35,236.26,172.47,92.94,0,1,53,68,33,0,UGC09133_rotmod.dat
UGC09133,57.1,13.57,285,4.07,29.02,230.28,159.94,69.68,0,1,53,68,34,0,UGC09133_rotmod.dat
UGC09133,57.1,13.88,284,8.92,29.38,229.01,158.15,65.64,0,1,53,68,35,0,UGC09133_rotmod.dat
UGC09133,57.1,14.2,284,5.69,29.84,228.03,156.35,61.84,0,1,53,68,36,0,UGC09133_rotmod.dat
UGC09133,57.1,16.61,278,9.14,32.61,219.86,144.57,45.35,0,1,53,68,37,0,UGC09133_rotmod.dat
UGC09133,57.1,19.35,273,6.1,35.69,212.46,133.94,26.39,0,1,53,68,38,0,UGC09133_rotmod.dat
UGC09133,57.1,22.19,269,2.26,39.89,201.82,125.08,19.6,0,1,53,68,39,0,UGC09133_rotmod.dat
UGC09133,57.1,24.92,265,1.32,44.61,194.49,118.03,14.04,0,1,53,68,40,0,UGC09133_rotmod.dat
UGC09133,57.1,27.66,262,3.15,49.22,187.22,112.03,9.81,0,1,53,68,41,0,UGC09133_rotmod.dat
UGC09133,57.1,30.5,257,4.71,51.48,179.93,106.69,6.71,0,1,53,68,42,0,UGC09133_rotmod.dat
UGC09133,57.1,33.23,252,4.96,51.89,173.14,102.21,4.38,0,1,53,68,43,0,UGC09133_rotmod.dat
UGC09133,57.1,35.96,247,2.58,50.25,166.11,98.25,2.89,0,1,53,68,44,0,UGC09133_rotmod.dat
UGC09133,57.1,38.8,242,2.52,48.3,159.33,94.59,1.9,0,1,53,68,45,0,UGC09133_rotmod.dat
UGC09133,57.1,41.54,238,2.3,47.17,153.43,91.42,1.28,0,1,53,68,46,0,UGC09133_rotmod.dat
UGC09133,57.1,44.27,235,0.63,47.68,147.95,88.55,0.87,0,1,53,68,47,0,UGC09133_rotmod.dat
UGC09133,57.1,47.11,236,1.4,49.73,142.73,85.84,0.58,0,1,53,68,48,0,UGC09133_rotmod.dat
UGC09133,57.1,49.84,239,2.07,50.56,138.21,83.46,0.39,0,1,53,68,49,0,UGC09133_rotmod.dat
UGC09133,57.1,52.58,242,2.63,49.43,133.98,81.25,0.26,0,1,53,68,50,0,UGC09133_rotmod.dat
UGC09133,57.1,55.42,245,1.64,49.12,129.96,79.14,0.18,0,1,53,68,51,0,UGC09133_rotmod.dat
UGC09133,57.1,58.15,247,1.31,50.56,126.43,77.26,0.12,0,1,53,68,52,0,UGC09133_rotmod.dat
UGC09133,57.1,60.89,246,2.14,53.22,123.2,75.51,0.08,0,1,53,68,53,0,UGC09133_rotmod.dat
UGC09133,57.1,63.62,243,4,53.84,120.17,73.87,0.05,0,1,53,68,54,0,UGC09133_rotmod.dat
UGC09133,57.1,66.46,239,4.67,53.63,117.27,72.27,0.04,0,1,53,68,55,0,UGC09133_rotmod.dat
UGC09133,57.1,69.19,234,5.12,53.12,114.7,70.83,0.02,0,1,53,68,56,0,UGC09133_rotmod.dat
UGC09133,57.1,71.93,230,2.1,53.02,112.26,69.47,0.02,0,1,53,68,57,0,UGC09133_rotmod.dat
UGC09133,57.1,74.77,228,1.32,53.32,109.91,68.14,0.01,0,1,53,68,58,0,UGC09133_rotmod.dat
UGC09133,57.1,77.5,228,1.6,54.04,107.81,66.93,0.01,0,1,53,68,59,0,UGC09133_rotmod.dat
UGC09133,57.1,80.23,227,3.16,54.66,105.81,65.78,0.01,0,1,53,68,60,0,UGC09133_rotmod.dat
UGC09133,57.1,83.07,226,3.48,54.96,103.86,64.64,0,0,1,53,68,61,0,UGC09133_rotmod.dat
UGC09133,57.1,85.81,224,3.71,54.86,102.09,63.6,0,0,1,53,68,62,0,UGC09133_rotmod.dat
UGC09133,57.1,88.54,222,1.49,54.35,100.4,62.62,0,0,1,53,68,63,0,UGC09133_rotmod.dat
UGC09133,57.1,91.38,222,1.18,53.73,98.74,61.64,0,0,1,53,68,64,0,UGC09133_rotmod.dat
UGC09133,57.1,94.12,224,1.22,53.22,97.22,60.73,0,0,1,53,68,65,0,UGC09133_rotmod.dat
UGC09133,57.1,99.69,227,2.8,52.91,94.34,59.01,0,0,1,53,68,66,0,UGC09133_rotmod.dat
UGC09133,57.1,108.31,229,4.12,51.38,90.37,56.61,0,0,1,53,68,67,0,UGC09133_rotmod.dat
UGC09992,10.7,0.78,28.1,5.66,6.39,20.31,0,36.38,0,2,30,5,0,0,UGC09992_rotmod.dat
UGC09992,10.7,1.55,31.3,5.66,10.35,23.49,0,10.22,0,2,30,5,1,0,UGC09992_rotmod.dat
UGC09992,10.7,2.34,33,5.66,14.5,22.94,0,4.68,0,2,30,5,2,0,UGC09992_rotmod.dat
UGC09992,10.7,3.12,33.4,5.66,17.55,22.52,0,2.51,0,2,30,5,3,0,UGC09992_rotmod.dat
UGC09992,10.7,3.89,34.3,5.66,17.55,22.05,0,1.24,0,2,30,5,4,0,UGC09992_rotmod.dat
UGC10310,15.2,1.1,33.2,5.06,3.45,21.28,0,48.94,0,1,34,7,0,0,UGC10310_rotmod.dat
UGC10310,15.2,2.21,54.6,5.06,6.51,35.54,0,27.59,0,1,34,7,1,0,UGC10310_rotmod.dat
UGC10310,15.2,3.31,65.7,5.06,11.85,39.59,0,15.03,0,1,34,7,2,0,UGC10310_rotmod.dat
UGC10310,15.2,4.42,69.2,5.06,18.75,38.75,0,7.39,0,1,34,7,3,0,UGC10310_rotmod.dat
UGC10310,15.2,5.52,70.9,5.06,26.75,39.1,0,4.76,0,1,34,7,4,0,UGC10310_rotmod.dat
UGC10310,15.2,6.64,72.4,5.06,30.8,37.98,0,2.41,0,1,34,7,5,0,UGC10310_rotmod.dat
UGC10310,15.2,7.74,73.2,5.06,30.9,35.45,0,0,0,1,34,7,6,0,UGC10310_rotmod.dat
UGC11455,78.6,0.62,35.1,4.01,0.82,71.2,0,1873.58,0,1,90,36,0,0,UGC11455_rotmod.dat
UGC11455,78.6,1.23,64.6,4.19,1,112.64,0,1393.4,0,1,90,36,1,0,UGC11455_rotmod.dat
UGC11455,78.6,1.83,80.1,6.32,2.09,139.71,0,1127.85,0,1,90,36,2,0,UGC11455_rotmod.dat
UGC11455,78.6,2.47,113,10.4,3.39,159.08,0,925.97,0,1,90,36,3,0,UGC11455_rotmod.dat
UGC11455,78.6,3.08,136,7.59,2.17,171.23,0,805.41,0,1,90,36,4,0,UGC11455_rotmod.dat
UGC11455,78.6,3.68,150,7.75,0.18,180.9,0,736.52,0,1,90,36,5,0,UGC11455_rotmod.dat
UGC11455,78.6,4.32,171,9.19,0,190.21,0,674.92,0,1,90,36,6,0,UGC11455_rotmod.dat
UGC11455,78.6,4.91,192,9.16,0.2,198.61,0,662.92,0,1,90,36,7,0,UGC11455_rotmod.dat
UGC11455,78.6,5.53,197,9.96,0.2,213.09,0,650.45,0,1,90,36,8,0,UGC11455_rotmod.dat
UGC11455,78.6,6.17,195,12.4,0,230.24,0,650,0,1,90,36,9,0,UGC11455_rotmod.dat
UGC11455,78.6,6.78,196,7.09,0.58,253.17,0,639.7,0,1,90,36,10,0,UGC11455_rotmod.dat
UGC11455,78.6,7.38,216,5.99,2.58,275.53,0,565.76,0,1,90,36,11,0,UGC11455_rotmod.dat
UGC11455,78.6,8,225,5.24,0,287.96,0,471.02,0,1,90,36,12,0,UGC11455_rotmod.dat
UGC11455,78.6,8.62,240,6.15,0,290.86,0,408.2,0,1,90,36,13,0,UGC11455_rotmod.dat
UGC11455,78.6,9.23,247,4.37,7.92,295.63,0,389.51,0,1,90,36,14,0,UGC11455_rotmod.dat
UGC11455,78.6,9.85,254,6.48,16.06,302.1,0,358.51,0,1,90,36,15,0,UGC11455_rotmod.dat
UGC11455,78.6,10.43,257,7.41,21.24,307.81,0,328.15,0,1,90,36,16,0,UGC11455_rotmod.dat
UGC11455,78.6,11.05,273,5.38,23.48,312.49,0,295.55,0,1,90,36,17,0,UGC11455_rotmod.dat
UGC11455,78.6,11.67,272,5.98,24.19,316.07,0,269.2,0,1,90,36,18,0,UGC11455_rotmod.dat
UGC11455,78.6,12.19,270,20.9,23.78,319.44,0,249.24,0,1,90,36,19,0,UGC11455_rotmod.dat
UGC11455,78.6,12.91,279,9.4,22.46,323.2,0,220.87,0,1,90,36,20,0,UGC11455_rotmod.dat
UGC11455,78.6,14.56,287,10.8,23.48,326.62,0,154.04,0,1,90,36,21,0,UGC11455_rotmod.dat
UGC11455,78.6,16.63,291,10,24.49,316.26,0,98.46,0,1,90,36,22,0,UGC11455_rotmod.dat
UGC11455,78.6,17.77,286,9.67,24.49,310.12,0,85.89,0,1,90,36,23,0,UGC11455_rotmod.dat
UGC11455,78.6,18.49,288,6.96,26.12,307.21,0,77.89,0,1,90,36,24,0,UGC11455_rotmod.dat
UGC11455,78.6,20.24,289,6.63,41.26,301.54,0,61.63,0,1,90,36,25,0,UGC11455_rotmod.dat
UGC11455,78.6,22.62,288,10,55.9,294.39,0,42.2,0,1,90,36,26,0,UGC11455_rotmod.dat
UGC11455,78.6,24.89,269,8.23,53.66,286.32,0,25.35,0,1,90,36,27,0,UGC11455_rotmod.dat
UGC11455,78.6,27.06,267,7.11,52.14,273.02,0,13.51,0,1,90,36,28,0,UGC11455_rotmod.dat
UGC11455,78.6,29.13,272,5.36,47.05,261.41,0,8.93,0,1,90,36,29,0,UGC11455_rotmod.dat
UGC11455,78.6,31.3,274,5.78,45.53,250.43,0,5.08,0,1,90,36,30,0,UGC11455_rotmod.dat
UGC11455,78.6,33.46,259,5.81,50.92,239.85,0,2.15,0,1,90,36,31,0,UGC11455_rotmod.dat
UGC11455,78.6,35.53,272,6.69,49.39,229.51,0,0.6,0,1,90,36,32,0,UGC11455_rotmod.dat
UGC11455,78.6,37.7,274,6.39,46.04,219.93,0,0.46,0,1,90,36,33,0,UGC11455_rotmod.dat
UGC11455,78.6,39.87,272,5.59,49.19,212.13,0,0.19,0,1,90,36,34,0,UGC11455_rotmod.dat
UGC11455,78.6,41.93,266,8.82,49.09,205.47,0,0,0,1,90,36,35,0,UGC11455_rotmod.dat
UGC11557,24.2,0.33,4,7.9,1.71,21.94,0,329.26,0,2,30,12,0,0,UGC11557_rotmod.dat
UGC11557,24.2,0.99,17,8.6,2.41,47.32,0,226.54,0,2,30,12,1,0,UGC11557_rotmod.dat
UGC11557,24.2,1.76,33.3,7.9,-7.34,59.39,0,158.62,0,2,30,12,2,1,UGC11557_rotmod.dat
UGC11557,24.2,2.42,44.9,10.5,-10.59,70.77,0,134.99,0,2,30,12,3,1,UGC11557_rotmod.dat
UGC11557,24.2,3.19,53,7.9,0.97,81.19,0,93.5,0,2,30,12,4,0,UGC11557_rotmod.dat
UGC11557,24.2,3.85,60.8,7.9,9.74,83.68,0,70.65,0,2,30,12,5,0,UGC11557_rotmod.dat
UGC11557,24.2,4.62,69,7.9,11.43,87.03,0,55.35,0,2,30,12,6,0,UGC11557_rotmod.dat
UGC11557,24.2,5.28,76.6,7.9,16.36,90.49,0,49.76,0,2,30,12,7,0,UGC11557_rotmod.dat
UGC11557,24.2,5.94,85,7.9,17.72,93.96,0,36.24,0,2,30,12,8,0,UGC11557_rotmod.dat
UGC11557,24.2,7.04,78.1,6.7,24.54,93.48,0,19.51,0,2,30,12,9,0,UGC11557_rotmod.dat
UGC11557,24.2,8.8,81.6,6.7,35.45,87.18,0,7.06,0,2,30,12,10,0,UGC11557_rotmod.dat
UGC11557,24.2,10.56,84.5,6.7,33.35,79.1,0,1.49,0,2,30,12,11,0,UGC11557_rotmod.dat
UGC11820,18.1,0.26,16,5.09,-0.43,8.55,0,76.79,0,1,45,10,0,1,UGC11820_rotmod.dat
UGC11820,18.1,0.44,18.9,4.44,1.29,13.84,0,73.61,0,1,45,10,1,0,UGC11820_rotmod.dat
UGC11820,18.1,0.61,25.8,3.36,1.97,18.2,0,57.73,0,1,45,10,2,0,UGC11820_rotmod.dat
UGC11820,18.1,0.79,35.8,3.79,2.55,21.35,0,46.68,0,1,45,10,3,0,UGC11820_rotmod.dat
UGC11820,18.1,1.01,44.1,7.91,3.22,24.45,0,34.99,0,1,45,10,4,0,UGC11820_rotmod.dat
UGC11820,18.1,5.26,59.65,0.98,17.11,26.68,0,1.91,0,1,45,10,5,0,UGC11820_rotmod.dat
UGC11820,18.1,7.91,69.15,1.23,28.49,24.35,0,0.98,0,1,45,10,6,0,UGC11820_rotmod.dat
UGC11820,18.1,10.52,76.95,0.54,35.7,21.4,0,0.18,0,1,45,10,7,0,UGC11820_rotmod.dat
UGC11820,18.1,13.14,81.25,0.73,35.45,18.93,0,0.05,0,1,45,10,8,0,UGC11820_rotmod.dat
UGC11820,18.1,15.82,84.45,1.31,35.37,17.02,0,0,0,1,45,10,9,0,UGC11820_rotmod.dat
UGC11914,16.9,0.28,168,49.7,0.42,42.14,211.56,2455.96,12097.58,1,31,65,0,0,UGC11914_rotmod.dat
UGC11914,16.9,0.37,187,40.2,0.61,53.98,220.85,2366.93,9071.84,1,31,65,1,0,UGC11914_rotmod.dat
UGC11914,16.9,0.47,204,26.9,0.79,66.33,227.4,2271.79,7025.23,1,31,65,2,0,UGC11914_rotmod.dat
UGC11914,16.9,0.56,218,23.5,0.96,76.79,231.5,2189.44,5778.11,1,31,65,3,0,UGC11914_rotmod.dat
UGC11914,16.9,0.65,232,8.63,1.14,86.68,234.01,2110.07,4930.85,1,31,65,4,0,UGC11914_rotmod.dat
UGC11914,16.9,0.75,243,4.97,1.31,97.06,236.69,2025.25,4308.68,1,31,65,5,0,UGC11914_rotmod.dat
UGC11914,16.9,0.84,253,3.65,1.48,105.9,240.47,1951.84,3831,1,31,65,6,0,UGC11914_rotmod.dat
UGC11914,16.9,0.93,262,2.86,1.66,114.28,245.03,1881.09,3289.15,1,31,65,7,0,UGC11914_rotmod.dat
UGC11914,16.9,1.03,269,3.8,1.83,123.11,249.19,1805.48,2710.31,1,31,65,8,0,UGC11914_rotmod.dat
UGC11914,16.9,1.12,275,5.39,2,130.64,251.82,1740.03,2281.17,1,31,65,9,0,UGC11914_rotmod.dat
UGC11914,16.9,1.21,280,5.01,2.17,137.79,253.43,1676.95,1896.93,1,31,65,10,0,UGC11914_rotmod.dat
UGC11914,16.9,1.3,284,10,2.33,144.6,253.93,1616.16,1591.52,1,31,65,11,0,UGC11914_rotmod.dat
UGC11914,16.9,1.41,287,6.59,2.5,152.47,253.45,1544.84,1300.3,1,31,65,12,0,UGC11914_rotmod.dat
UGC11914,16.9,1.5,289,3.56,2.66,158.56,252.44,1488.85,1111.18,1,31,65,13,0,UGC11914_rotmod.dat
UGC11914,16.9,1.59,290,6.13,2.82,164.36,251.04,1434.87,947.25,1,31,65,14,0,UGC11914_rotmod.dat
UGC11914,16.9,1.68,291,10.2,2.97,169.88,249.18,1382.86,815.68,1,31,65,15,0,UGC11914_rotmod.dat
UGC11914,16.9,1.78,292,8.61,3.12,175.7,246.75,1327.26,702.47,1,31,65,16,0,UGC11914_rotmod.dat
UGC11914,16.9,1.87,292,11.2,3.26,180.66,244.32,1279.15,628.74,1,31,65,17,0,UGC11914_rotmod.dat
UGC11914,16.9,1.96,291,5.15,3.39,185.38,241.92,1232.78,572.76,1,31,65,18,0,UGC11914_rotmod.dat
UGC11914,16.9,2.05,291,4.92,3.5,189.88,239.71,1188.09,519.08,1,31,65,19,0,UGC11914_rotmod.dat
UGC11914,16.9,2.16,291,9.32,3.61,195.08,237.06,1135.66,458.42,1,31,65,20,0,UGC11914_rotmod.dat
UGC11914,16.9,2.25,290,7.19,3.7,199.1,234.93,1094.49,420.15,1,31,65,21,0,UGC11914_rotmod.dat
UGC11914,16.9,2.34,290,12.2,3.76,202.92,232.89,1054.8,389.55,1,31,65,22,0,UGC11914_rotmod.dat
UGC11914,16.9,2.43,290,7.94,3.79,206.55,231.12,1016.61,360.37,1,31,65,23,0,UGC11914_rotmod.dat
UGC11914,16.9,2.46,290,5.16,3.79,207.71,230.63,1004.15,346.65,1,31,65,24,0,UGC11914_rotmod.dat
UGC11914,16.9,2.53,290,3.56,3.79,210.36,229.44,975.69,317.07,1,31,65,25,0,UGC11914_rotmod.dat
UGC11914,16.9,2.62,290,3.79,3.8,213.61,227.9,940.34,283.46,1,31,65,26,0,UGC11914_rotmod.dat
UGC11914,16.9,2.71,290,5.65,3.81,216.71,226.55,906.26,244.45,1,31,65,27,0,UGC11914_rotmod.dat
UGC11914,16.9,2.8,290,9.38,3.84,219.64,225.09,873.37,204.32,1,31,65,28,0,UGC11914_rotmod.dat
UGC11914,16.9,2.99,290,10.6,3.94,225.37,221.46,807.89,139.93,1,31,65,29,0,UGC11914_rotmod.dat
UGC11914,16.9,3.28,291,15.3,4.12,233.01,215.11,716.23,77.11,1,31,65,30,0,UGC11914_rotmod.dat
UGC11914,16.9,3.74,292,18.8,4.56,241.64,204.42,581.87,29.88,1,31,65,31,0,UGC11914_rotmod.dat
UGC11914,16.9,3.83,292,15.2,4.69,242.91,202.36,560.67,24.89,1,31,65,32,0,UGC11914_rotmod.dat
UGC11914,16.9,4.02,292,19.8,5.12,245.41,198.15,516.93,16.81,1,31,65,33,0,UGC11914_rotmod.dat
UGC11914,16.9,4.09,292,2.4,5.35,246.19,196.62,500.74,14.54,1,31,65,34,0,UGC11914_rotmod.dat
UGC11914,16.9,4.12,292,9,5.4,246.51,195.97,493.88,13.67,1,31,65,35,0,UGC11914_rotmod.dat
UGC11914,16.9,4.3,291,8.71,6.12,248.01,192.16,453.79,9.51,1,31,65,36,0,UGC11914_rotmod.dat
UGC11914,16.9,4.39,291,7.92,6.56,248.54,190.25,435.97,7.86,1,31,65,37,0,UGC11914_rotmod.dat
UGC11914,16.9,4.49,291,8.84,7.04,249.06,188.24,417.35,6.39,1,31,65,38,0,UGC11914_rotmod.dat
UGC11914,16.9,4.58,290,4.2,7.58,249.41,186.48,401.66,5.31,1,31,65,39,0,UGC11914_rotmod.dat
UGC11914,16.9,4.87,289,10.6,9.59,250.14,181.04,356.31,2.93,1,31,65,40,0,UGC11914_rotmod.dat
UGC11914,16.9,4.91,288,2.26,10.06,250.19,180.31,350.52,2.69,1,31,65,41,0,UGC11914_rotmod.dat
UGC11914,16.9,4.96,288,6.97,10.42,250.25,179.41,343.49,2.43,1,31,65,42,0,UGC11914_rotmod.dat
UGC11914,16.9,5.05,287,3.23,11.18,250.32,177.88,331.38,2.02,1,31,65,43,0,UGC11914_rotmod.dat
UGC11914,16.9,5.14,287,10.2,12.03,250.34,176.33,319.97,1.69,1,31,65,44,0,UGC11914_rotmod.dat
UGC11914,16.9,5.24,286,10.3,12.78,250.33,174.68,307.99,1.37,1,31,65,45,0,UGC11914_rotmod.dat
UGC11914,16.9,5.33,286,17.8,13.42,250.26,173.23,297.78,1.14,1,31,65,46,0,UGC11914_rotmod.dat
UGC11914,16.9,5.42,285,11.4,14.16,250.17,171.83,288.19,0.94,1,31,65,47,0,UGC11914_rotmod.dat
UGC11914,16.9,5.51,285,12,14.91,250.09,170.39,279.23,0.78,1,31,65,48,0,UGC11914_rotmod.dat
UGC11914,16.9,5.61,284,4.03,15.66,250.01,168.9,270.01,0.64,1,31,65,49,0,UGC11914_rotmod.dat
UGC11914,16.9,5.71,284,4.73,16.4,249.99,167.49,261.54,0.52,1,31,65,50,0,UGC11914_rotmod.dat
UGC11914,16.9,5.8,283,6.44,17.15,249.96,166.22,253.28,0.43,1,31,65,51,0,UGC11914_rotmod.dat
UGC11914,16.9,5.89,283,4.96,17.89,249.9,164.93,245.26,0.36,1,31,65,52,0,UGC11914_rotmod.dat
UGC11914,16.9,5.98,283,5.37,18.64,249.84,163.71,237.48,0.3,1,31,65,53,0,UGC11914_rotmod.dat
UGC11914,16.9,6.08,283,11,19.38,249.76,162.34,229.11,0.24,1,31,65,54,0,UGC11914_rotmod.dat
UGC11914,16.9,6.15,283,1.14,20.02,249.7,161.44,223.42,0.21,1,31,65,55,0,UGC11914_rotmod.dat
UGC11914,16.9,6.17,283,17.3,20.24,249.69,161.19,221.83,0.2,1,31,65,56,0,UGC11914_rotmod.dat
UGC11914,16.9,6.26,283,7.94,21.09,249.61,160,214.79,0.17,1,31,65,57,0,UGC11914_rotmod.dat
UGC11914,16.9,6.35,283,18.3,21.83,249.49,158.86,207.63,0.14,1,31,65,58,0,UGC11914_rotmod.dat
UGC11914,16.9,6.73,284,10.5,24.6,248.66,154.26,178.26,0.06,1,31,65,59,0,UGC11914_rotmod.dat
UGC11914,16.9,6.83,284,9.37,25.24,248.3,153.14,170.86,0.05,1,31,65,60,0,UGC11914_rotmod.dat
UGC11914,16.9,6.92,285,12.9,25.88,247.92,152.15,164.37,0.04,1,31,65,61,0,UGC11914_rotmod.dat
UGC11914,16.9,7.37,288,1.24,28.33,245.58,147.41,136.76,0.02,1,31,65,62,0,UGC11914_rotmod.dat
UGC11914,16.9,8.6,297,2.13,31.2,235.09,136.47,77.68,0,1,31,65,63,0,UGC11914_rotmod.dat
UGC11914,16.9,9.83,305,5.07,29.29,222.03,127.66,54.07,0,1,31,65,64,0,UGC11914_rotmod.dat
UGC12506,100.6,0.82,107,25.6,8.12,32.7,0,413.25,0,2,86,31,0,0,UGC12506_rotmod.dat
UGC12506,100.6,2.46,159,26.5,22.67,79.76,0,306.2,0,2,86,31,1,0,UGC12506_rotmod.dat
UGC12506,100.6,4.1,194,13.9,31.68,107.57,0,228.25,0,2,86,31,2,0,UGC12506_rotmod.dat
UGC12506,100.6,5.74,198,14.6,34.72,124.14,0,177.01,0,2,86,31,3,0,UGC12506_rotmod.dat
UGC12506,100.6,7.38,211,13.2,31.78,137.6,0,158.86,0,2,86,31,4,0,UGC12506_rotmod.dat
UGC12506,100.6,9.02,222,13.6,23.89,155.68,0,132.54,0,2,86,31,5,0,UGC12506_rotmod.dat
UGC12506,100.6,10.65,230,11.6,14.68,168.58,0,103.66,0,2,86,31,6,0,UGC12506_rotmod.dat
UGC12506,100.6,12.29,239,11.6,14.98,175.29,0,76.77,0,2,86,31,7,0,UGC12506_rotmod.dat
UGC12506,100.6,13.93,237,11.6,26.72,175.91,0,57.94,0,2,86,31,8,0,UGC12506_rotmod.dat
UGC12506,100.6,15.57,240,11.6,39.88,176.17,0,46.35,0,2,86,31,9,0,UGC12506_rotmod.dat
UGC12506,100.6,17.21,245,11.6,50.51,175.33,0,35.14,0,2,86,31,10,0,UGC12506_rotmod.dat
UGC12506,100.6,18.85,249,11.6,57.09,172.3,0,26.49,0,2,86,31,11,0,UGC12506_rotmod.dat
UGC12506,100.6,20.49,248,11.6,60.02,168.12,0,20.79,0,2,86,31,12,0,UGC12506_rotmod.dat
UGC12506,100.6,22.13,250,11.6,60.43,164.68,0,17.2,0,2,86,31,13,0,UGC12506_rotmod.dat
UGC12506,100.6,23.77,255,11.6,58.91,161.19,0,13.63,0,2,86,31,14,0,UGC12506_rotmod.dat
UGC12506,100.6,25.41,244,14.9,57.29,157.33,0,11.03,0,2,86,31,15,0,UGC12506_rotmod.dat
UGC12506,100.6,27.05,244,11.6,58,153.64,0,9,0,2,86,31,16,0,UGC12506_rotmod.dat
UGC12506,100.6,28.68,249,11.6,61.94,149.77,0,7.43,0,2,86,31,17,0,UGC12506_rotmod.dat
UGC12506,100.6,30.32,251,11.6,65.99,146.07,0,6.46,0,2,86,31,18,0,UGC12506_rotmod.dat
UGC12506,100.6,31.96,249,11.6,67.21,143.32,0,5.72,0,2,86,31,19,0,UGC12506_rotmod.dat
UGC12506,100.6,33.6,244,12.9,64.98,140.67,0,4.88,0,2,86,31,20,0,UGC12506_rotmod.dat
UGC12506,100.6,35.24,239,16.2,62.25,138,0,4.23,0,2,86,31,21,0,UGC12506_rotmod.dat
UGC12506,100.6,36.88,238,18.4,61.64,135.58,0,3.76,0,2,86,31,22,0,UGC12506_rotmod.dat
UGC12506,100.6,38.52,241,24.9,63.36,133.6,0,3.31,0,2,86,31,23,0,UGC12506_rotmod.dat
UGC12506,100.6,40.16,237,23,64.98,131.71,0,2.88,0,2,86,31,24,0,UGC12506_rotmod.dat
UGC12506,100.6,41.8,228,14,64.88,130.03,0,2.53,0,2,86,31,25,0,UGC12506_rotmod.dat
UGC12506,100.6,43.44,233,16.9,63.87,129.69,0,2.26,0,2,86,31,26,0,UGC12506_rotmod.dat
UGC12506,100.6,45.08,233,13.7,64.47,130.42,0,0,0,2,86,31,27,0,UGC12506_rotmod.dat
UGC12506,100.6,46.71,230,11.6,69.03,123.79,0,0,0,2,86,31,28,0,UGC12506_rotmod.dat
UGC12506,100.6,48.35,226,11.6,76.21,119.55,0,0,0,2,86,31,29,0,UGC12506_rotmod.dat
UGC12506,100.6,49.99,225,11.6,82.59,116.42,0,0,0,2,86,31,30,0,UGC12506_rotmod.dat
UGC12632,9.77,0.71,24.1,7.55,0.75,14.22,0,33.37,0,1,46,15,0,0,UGC12632_rotmod.dat
UGC12632,9.77,1.42,33.6,5.02,2.55,19.97,0,21.72,0,1,46,15,1,0,UGC12632_rotmod.dat
UGC12632,9.77,2.14,44.8,3.38,7.39,23.97,0,15.26,0,1,46,15,2,0,UGC12632_rotmod.dat
UGC12632,9.77,2.85,54.4,2.9,10.7,26.52,0,10.49,0,1,46,15,3,0,UGC12632_rotmod.dat
UGC12632,9.77,3.55,57.4,2.89,12.26,27.06,0,8.02,0,1,46,15,4,0,UGC12632_rotmod.dat
UGC12632,9.77,4.26,61.4,3.44,12.02,28.45,0,6.75,0,1,46,15,5,0,UGC12632_rotmod.dat
UGC12632,9.77,4.97,63.8,3.64,14.16,29.24,0,4.61,0,1,46,15,6,0,UGC12632_rotmod.dat
UGC12632,9.77,5.69,65.5,3.82,15.95,29.3,0,4.19,0,1,46,15,7,0,UGC12632_rotmod.dat
UGC12632,9.77,6.4,67.6,3.54,18.56,30.76,0,2.51,0,1,46,15,8,0,UGC12632_rotmod.dat
UGC12632,9.77,7.11,69.2,2.91,22.61,29.42,0,1.98,0,1,46,15,9,0,UGC12632_rotmod.dat
UGC12632,9.77,7.82,70.3,2.79,26.3,28.8,0,1.14,0,1,46,15,10,0,UGC12632_rotmod.dat
UGC12632,9.77,8.52,71.4,2.93,28.44,27.59,0,1.1,0,1,46,15,11,0,UGC12632_rotmod.dat
UGC12632,9.77,9.25,73.2,3,29.27,27.31,0,0.81,0,1,46,15,12,0,UGC12632_rotmod.dat
UGC12632,9.77,9.95,73,2.81,30.7,26.87,0,0.61,0,1,46,15,13,0,UGC12632_rotmod.dat
UGC12632,9.77,10.66,73.1,2.79,31.41,26.73,0,0,0,1,46,15,14,0,UGC12632_rotmod.dat
UGC12732,13.2,0.96,34.2,3.32,1.81,20.68,0,44.6,0,1,39,16,0,0,UGC12732_rotmod.dat
UGC12732,13.2,1.92,49.5,4.6,-7.24,30.32,0,24.65,0,1,39,16,1,1,UGC12732_rotmod.dat
UGC12732,13.2,2.88,59.9,4.38,-2.56,33.18,0,15.63,0,1,39,16,2,1,UGC12732_rotmod.dat
UGC12732,13.2,3.84,65.3,4.31,8.12,35.24,0,8.99,0,1,39,16,3,0,UGC12732_rotmod.dat
UGC12732,13.2,4.8,69.8,3.83,11.3,34.72,0,5.81,0,1,39,16,4,0,UGC12732_rotmod.dat
UGC12732,13.2,5.76,73.8,3.45,16,34.11,0,4.38,0,1,39,16,5,0,UGC12732_rotmod.dat
UGC12732,13.2,6.72,76.2,3.24,18.2,34.88,0,2.64,0,1,39,16,6,0,UGC12732_rotmod.dat
UGC12732,13.2,7.68,79.3,3.19,19.2,33.08,0,1.24,0,1,39,16,7,0,UGC12732_rotmod.dat
UGC12732,13.2,8.64,80.3,3.31,23.3,31.11,0,0.86,0,1,39,16,8,0,UGC12732_rotmod.dat
UGC12732,13.2,9.6,81.9,3.69,25.5,29.68,0,0.52,0,1,39,16,9,0,UGC12732_rotmod.dat
UGC12732,13.2,10.6,84,3.89,27.8,28.19,0,0.32,0,1,39,16,10,0,UGC12732_rotmod.dat
UGC12732,13.2,11.5,85.6,3.67,31.1,26.95,0,0.2,0,1,39,16,11,0,UGC12732_rotmod.dat
UGC12732,13.2,12.5,87.9,3.43,35.1,25.7,0,0.12,0,1,39,16,12,0,UGC12732_rotmod.dat
UGC12732,13.2,13.4,90.8,3.36,38.3,24.69,0,0.08,0,1,39,16,13,0,UGC12732_rotmod.dat
UGC12732,13.2,14.4,95.5,3.18,41.4,23.69,0,0.05,0,1,39,16,14,0,UGC12732_rotmod.dat
UGC12732,13.2,15.4,98,3.18,43.4,22.77,0,0,0,1,39,16,15,0,UGC12732_rotmod.dat
UGCA442,4.35,0.42,14.2,1.91,4.87,4.78,0,11.05,0,1,64,8,0,0,UGCA442_rotmod.dat
UGCA442,4.35,1.26,28.6,1.82,13.14,10.76,0,5.81,0,1,64,8,1,0,UGCA442_rotmod.dat
UGCA442,4.35,2.11,41,1.74,19.65,13.6,0,2.75,0,1,64,8,2,0,UGCA442_rotmod.dat
UGCA442,4.35,2.96,49,1.91,22.42,13.29,0,1,0,1,64,8,3,0,UGCA442_rotmod.dat
UGCA442,4.35,3.79,54.8,2.05,22.82,12.56,0,0.72,0,1,64,8,4,0,UGCA442_rotmod.dat
UGCA442,4.35,4.65,56.4,3.12,21.37,12.33,0,0.43,0,1,64,8,5,0,UGCA442_rotmod.dat
UGCA442,4.35,5.48,57.8,2.83,18.73,12.04,0,0.18,0,1,64,8,6,0,UGCA442_rotmod.dat
UGCA442,4.35,6.33,56.5,0.65,16.75,10.62,0,0,0,1,64,8,7,0,UGCA442_rotmod.dat
UGCA444,0.98,0.12,6.48,2.6,-0.66,2.2,0,2.83,0,2,78,36,0,1,UGCA444_rotmod.dat
UGCA444,0.98,0.19,8.6,2.65,0.47,2.24,0,3.38,0,2,78,36,1,0,UGCA444_rotmod.dat
UGCA444,0.98,0.26,10.2,3.03,1.82,2.72,0,2.43,0,2,78,36,2,0,UGCA444_rotmod.dat
UGCA444,0.98,0.33,11.7,3.55,3.08,2.9,0,2.23,0,2,78,36,3,0,UGCA444_rotmod.dat
UGCA444,0.98,0.4,12.7,3.75,4.2,2.92,0,1.76,0,2,78,36,4,0,UGCA444_rotmod.dat
UGCA444,0.98,0.47,14.1,3.43,5.32,3.03,0,2.11,0,2,78,36,5,0,UGCA444_rotmod.dat
UGCA444,0.98,0.55,16,3.33,6.65,3.44,0,2,0,2,78,36,6,0,UGCA444_rotmod.dat
UGCA444,0.98,0.62,18.1,2.66,7.97,3.69,0,1.59,0,2,78,36,7,0,UGCA444_rotmod.dat
UGCA444,0.98,0.69,21.2,3.78,9.25,3.81,0,1.38,0,2,78,36,8,0,UGCA444_rotmod.dat
UGCA444,0.98,0.76,21.6,3.33,10.36,3.95,0,1.39,0,2,78,36,9,0,UGCA444_rotmod.dat
UGCA444,0.98,0.83,23.3,3.09,11.58,4.15,0,1.29,0,2,78,36,10,0,UGCA444_rotmod.dat
UGCA444,0.98,0.9,24.5,3.26,12.39,4.32,0,1.17,0,2,78,36,11,0,UGCA444_rotmod.dat
UGCA444,0.98,0.97,24.4,3.29,13.1,4.46,0,1.08,0,2,78,36,12,0,UGCA444_rotmod.dat
UGCA444,0.98,1.04,25.3,2.78,13.71,4.57,0,0.99,0,2,78,36,13,0,UGCA444_rotmod.dat
UGCA444,0.98,1.11,25.4,2.78,14.22,4.69,0,0.91,0,2,78,36,14,0,UGCA444_rotmod.dat
UGCA444,0.98,1.19,25.9,2.73,14.63,4.81,0,0.83,0,2,78,36,15,0,UGCA444_rotmod.dat
UGCA444,0.98,1.26,26.7,2.67,14.83,4.88,0,0.76,0,2,78,36,16,0,UGCA444_rotmod.dat
UGCA444,0.98,1.33,27.1,3.16,15.03,4.95,0,0.7,0,2,78,36,17,0,UGCA444_rotmod.dat
UGCA444,0.98,1.4,28.6,3.34,15.13,5.03,0,0.64,0,2,78,36,18,0,UGCA444_rotmod.dat
UGCA444,0.98,1.48,28.9,3.21,15.24,5.09,0,0.58,0,2,78,36,19,0,UGCA444_rotmod.dat
UGCA444,0.98,1.55,30.4,4.14,15.34,5.13,0,0.54,0,2,78,36,20,0,UGCA444_rotmod.dat
UGCA444,0.98,1.62,30.8,4.35,15.54,5.17,0,0.49,0,2,78,36,21,0,UGCA444_rotmod.dat
UGCA444,0.98,1.69,30.5,4.56,15.54,5.21,0,0.45,0,2,78,36,22,0,UGCA444_rotmod.dat
UGCA444,0.98,1.75,33,4.04,15.54,5.22,0,0.42,0,2,78,36,23,0,UGCA444_rotmod.dat
UGCA444,0.98,1.83,32.1,4.35,15.64,5.25,0,0.38,0,2,78,36,24,0,UGCA444_rotmod.dat
UGCA444,0.98,1.9,32.9,4.36,15.64,5.28,0,0.35,0,2,78,36,25,0,UGCA444_rotmod.dat
UGCA444,0.98,1.97,34.2,4.9,15.64,5.3,0,0.32,0,2,78,36,26,0,UGCA444_rotmod.dat
UGCA444,0.98,2.04,32.6,3.98,15.64,5.31,0,0.3,0,2,78,36,27,0,UGCA444_rotmod.dat
UGCA444,0.98,2.11,33.7,4.73,15.74,5.33,0,0.27,0,2,78,36,28,0,UGCA444_rotmod.dat
UGCA444,0.98,2.19,33.8,4.67,15.64,5.35,0,0.25,0,2,78,36,29,0,UGCA444_rotmod.dat
UGCA444,0.98,2.26,34.9,3.74,15.64,5.36,0,0.23,0,2,78,36,30,0,UGCA444_rotmod.dat
UGCA444,0.98,2.33,36.1,5.47,15.64,5.39,0,0.21,0,2,78,36,31,0,UGCA444_rotmod.dat
UGCA444,0.98,2.4,37.2,5.39,15.24,5.42,0,0.19,0,2,78,36,32,0,UGCA444_rotmod.dat
UGCA444,0.98,2.48,37.6,7.1,14.73,5.5,0,0.17,0,2,78,36,33,0,UGCA444_rotmod.dat
UGCA444,0.98,2.55,35.6,4.73,14.22,5.46,0,0,0,2,78,36,34,0,UGCA444_rotmod.dat
UGCA444,0.98,2.62,38.3,7.78,13.81,5.25,0,0,0,2,78,36,35,0,UGCA444_rotmod.dat
