R_bin_kpc,absZ_bin_kpc,phi_bin_deg,n,age_median_gyr,old_fraction_gt8,FeH_median,aFe_median,ecc_median,zmax_median_kpc,radial_excursion_median_kpc,Vr_median_kms,Vphi_median_kms,Vz_median_kms,Vr_sigma_kms,Vphi_sigma_kms,Vz_sigma_kms,age_median_gyr_anom,old_fraction_gt8_anom,FeH_median_anom,aFe_median_anom,ecc_median_anom,zmax_median_kpc_anom,radial_excursion_median_kpc_anom,Vr_median_kms_anom,Vphi_median_kms_anom,Vz_median_kms_anom,age_median_gyr_anom_z,old_fraction_gt8_anom_z,FeH_median_anom_z,aFe_median_anom_z,Vr_median_kms_anom_z,Vphi_median_kms_anom_z,Vz_median_kms_anom_z,history_anomaly_strength,kinematic_anomaly_strength,candidate_score
3.0,0.75,135.0,20,7.080654797197544,0.1,-1.6557289342562944,0.39413568872673044,0.43216766070261836,1.2893808760700254,2.574276532494307,-27.48869150006243,-80.75935274810415,-3.6963576229895283,146.52772662977057,133.91766434209939,141.45904462177194,0.0,0.0,0.0,0.0,0.0,0.0,0.0,0.0,0.0,0.0,0.0,0.0,0.0,0.0,0.0,0.0,0.0,0.0,0.0,0.0
3.0,1.0,195.0,27,7.059931860462543,0.25925925925925924,-1.4057100338598694,0.37506267559228,0.5837332273423583,1.4277948531006013,2.5896586037740663,21.766581554849957,-43.973123455231246,-48.53648919119727,145.5682802904193,129.4167126546792,85.17901463230156,0.0,0.0,0.0,0.0,0.0,0.0,0.0,0.0,0.0,0.0,0.0,0.0,0.0,0.0,0.0,0.0,0.0,0.0,0.0,0.0
3.0,1.25,195.0,64,7.126448870502914,0.3125,-1.4803912000029336,0.3404532332648709,0.5309745512679762,1.7919257443710848,2.771014395672427,-10.275306068856029,-83.53612262208875,7.819717072344885,163.03490722288046,107.80006335907038,121.8798175065429,-0.43232429834911645,-0.0879360465116279,-0.15690332592816447,-0.023427584800966017,0.036065181423893866,0.11471264389381153,0.1314115156754374,3.9635013500067853,14.195900274339749,5.079849897688318,-0.46023799603133353,-0.7396022200436047,-0.7615329819808209,-1.0019045188638016,0.20231470203212484,0.39177138256613636,0.4020792570837201,1.5305474851988987,0.5967275624882143,0.9133198701152052
3.0,1.25,210.0,43,7.991097467201147,0.4883720930232558,-1.1665845481466046,0.38730840286680296,0.4588441884201885,1.5625004565834615,2.508191364321552,-18.2023087688696,-111.92792317076825,-2.33998272303175,112.71990252450652,107.33181211915897,86.61583332672618,0.43232429834911645,0.0879360465116279,0.15690332592816447,0.023427584800966017,-0.036065181423893866,-0.11471264389381175,-0.1314115156754374,-3.9635013500067853,-14.195900274339749,-5.079849897688318,0.46023799603133353,0.7396022200436047,0.7615329819808209,1.0019045188638016,-0.20231470203212484,-0.39177138256613636,-0.4020792570837201,1.5305474851988987,0.5967275624882143,0.9133198701152052
3.0,1.5,195.0,39,7.460761190933947,0.4358974358974359,-1.4947471326326949,0.3834271388962168,0.5698610482034586,2.0539542150485453,2.759216048495616,-23.494432315287863,-63.475052896536226,8.317293864371567,156.8010415233972,115.20683592273515,107.8384596771575,-0.4098318873222331,-0.017227564102564097,0.0,0.017679729870199223,0.04939030288886859,0.0,0.09330116393813093,0.0,0.0,0.0,-0.43629332714166963,-0.14489558220604204,0.0,0.7560916500668706,0.0,0.0,0.0,0.8848848401639724,0.0,0.0
3.0,1.5,210.0,64,7.87059307825618,0.453125,-1.5114888916260625,0.3657474090260176,0.52047074531459,2.2155198192377576,2.665914884557485,-38.50719168509892,-38.034859153463046,7.580091606404178,134.77730869793868,112.12095327361668,109.2287849846779,0.0,0.0,-0.016741758993367606,0.0,0.0,0.1615656041892124,0.0,-15.012759369811054,25.44019374307318,-0.7372022579673896,0.0,0.0,-0.08125641425638457,0.0,-0.7663178766365536,0.7020857911695709,-0.058350884804461975,0.08125641425638457,1.0409478238472964,0.08458368759381794
3.0,1.5,225.0,30,8.015331521835238,0.5333333333333333,-1.3402593631810684,0.3471177875155068,0.45822687834228293,1.7603287578993525,2.503245051858927,-15.221021196620555,-82.64703053215597,26.662180847265123,101.46158996946917,108.86458467138796,91.37197981480035,0.14473844357905818,0.08020833333333333,0.15448776945162646,-0.018629621510510785,-0.062243866972307105,-0.29362545714919275,-0.16266983269855784,8.273411118667308,-19.17197763561974,18.344886982893556,0.1540837086323721,0.6746068734337122,0.7498090372152186,-0.7967147332802909,0.42231162738460515,-0.5290986862179214,1.4520308036509666,1.2945285556778623,1.6020880079237332,2.073948674966334
3.0,1.75,210.0,26,8.057230505911374,0.5,-1.6530508094054701,0.33895558685217764,0.42334282379027344,2.2105206670925313,2.4963541368287574,14.357645603662885,-90.51564229341801,8.741007102317775,119.82977116799955,127.75626202850862,85.08400873135199,-0.19096356094245692,-0.15000000000000002,0.0,-0.0032423682900499795,-0.12032376204864015,-0.0679294597217055,-0.6787154129486286,60.08193398684848,-25.688155514178064,0.5457086781060845,-0.20329342333701247,-1.2616024646033062,0.0,-0.1386631814256765,3.066848601437271,-0.7089289165798631,0.04319382349799032,1.2853779493006359,3.1480162419036564,4.046390661383216
3.0,1.75,225.0,24,8.355523106946983,0.6666666666666666,-1.728761266188739,0.4000390933454151,0.5661307461777162,2.742696735875035,3.175069549777386,-52.77340332662574,-64.82748677923995,-7.2029897490543835,139.33085417691083,126.84371436283823,127.89677341027114,0.10732904009315192,0.016666666666666607,-0.07571045678326893,0.05784113820318748,0.022464160338802608,0.4642466090607984,0.0,-7.049114943440145,0.0,-15.398288173266074,0.11425890822483734,0.14017805162258906,-0.3674619998029212,2.4736351712878926,-0.35981811621430376,0.0,-1.2188022074993476,2.5073101655353853,1.2708060031969055,3.1863048102389944
3.0,1.75,240.0,20,8.24819406685383,0.65,-1.2905899820734241,0.3421979551422276,0.5436665858389136,2.2784501268142368,3.30046090105009,-45.724288383185595,-18.645877593792402,8.19529842421169,137.69889936859687,140.66652154099407,89.5653267069386,0.0,0.0,0.362460827332046,0.0,0.0,0.0,0.12539135127270384,0.0,46.18160918544754,0.0,0.0,0.0,1.7592098386479211,0.0,0.0,1.274497039995109,0.0,1.7592098386479211,1.274497039995109,2.2421077320870486
3.0,2.0,270.0,28,9.245988452188959,0.9285714285714286,-1.1401944694993462,0.31460793995179626,0.5463696978708188,2.6219951729422712,2.4922778481006356,3.176430889884135,-17.14216649867472,16.02099887478227,150.98375098033887,136.6508836559943,111.95602779993949,0.0,0.0,0.0,0.0,0.0,0.0,0.0,0.0,0.0,0.0,0.0,0.0,0.0,0.0,0.0,0.0,0.0,0.0,0.0,0.0
3.5,1.0,195.0,59,6.561750494249852,0.13559322033898305,-1.4120085077739135,0.35775666085125973,0.4864116586516124,1.3031479107948134,2.9905741351455117,20.613016202514,-90.36936587542833,-9.060656679739362,129.73002576821747,127.53979041544311,77.94127072710477,0.0,0.0,0.0,0.0,0.0,0.0,0.0,0.0,0.0,0.0,0.0,0.0,0.0,0.0,0.0,0.0,0.0,0.0,0.0,0.0
3.5,1.25,195.0,51,7.156322441410006,0.3333333333333333,-1.3338509956485476,0.37980949695775545,0.5340548333395119,1.73744599899275,3.244298601349355,5.537885612934907,-79.91599769093064,-10.651117288794381,145.97103067640597,124.22617218775764,113.09525204926695,0.0,0.0,0.0,0.0,0.0,0.0,0.0,0.0,0.0,0.0,0.0,0.0,0.0,0.0,0.0,0.0,0.0,0.0,0.0,0.0
3.5,1.5,195.0,25,8.03200136393651,0.52,-1.5994324283569343,0.388410108429111,0.4056984525654451,1.8534258489337898,2.480765043339689,14.380115034086472,-101.89288193548953,0.6054416265854404,98.71757530634461,137.88474087552163,104.3528714109126,0.0,0.0,0.0,0.0,0.0,0.0,0.0,0.0,0.0,0.0,0.0,0.0,0.0,0.0,0.0,0.0,0.0,0.0,0.0,0.0
3.5,1.75,195.0,21,9.168976654414893,0.8095238095238095,-1.3996602175971475,0.35655207933071326,0.4869484250780377,1.8696898770351131,2.8102751734044356,37.499446391381035,-83.39480835628044,-19.808975842381887,82.8342638410097,84.42502859072002,87.09781069893278,0.0,0.0,0.0,0.0,0.0,0.0,0.0,0.0,0.0,0.0,0.0,0.0,0.0,0.0,0.0,0.0,0.0,0.0,0.0,0.0
3.5,2.0,195.0,25,9.449771329897189,0.84,-1.4067293687275946,0.3795840320175498,0.5641747313819857,2.396201148472693,2.8370992988665726,-10.804258158609784,-42.74655930934495,7.226311559492228,105.5158617905441,111.59576887113927,78.36888375506602,0.0,0.0,0.0,0.0,0.0,0.0,0.0,0.0,0.0,0.0,0.0,0.0,0.0,0.0,0.0,0.0,0.0,0.0,0.0,0.0
4.0,1.0,180.0,46,7.364113477204205,0.391304347826087,-1.4879940757678025,0.3639866563498647,0.48899256905661803,1.3654166774561998,3.244882146397652,3.9038665315690064,-86.99059113499494,12.116658919715558,157.0745107227963,128.01322823099912,88.35800925548602,-0.2563243374841946,-0.04572713643178411,0.04022713734599859,0.009361078089465125,-0.022406261724792764,-0.13162219587306612,-0.2127267849761325,10.89426621707645,-8.57394347254548,18.973208203815037,-0.27287432112483306,-0.38459645347726973,0.19524310066999942,0.40033603629876946,0.556091705018012,-0.23661941992891825,1.5017635585170133,0.648662961386942,1.6188021867933773,1.0500570203850499
4.0,1.0,195.0,29,7.876762152172595,0.4827586206896552,-1.5684483504598,0.34526450017093446,0.5338050925062034,1.628661069202332,3.670335716349917,-17.88466590258389,-69.84270418990397,-25.829757487914517,163.94305247930455,129.07592858128348,99.1861312774151,0.2563243374841955,0.04572713643178411,-0.04022713734599881,-0.009361078089465125,0.022406261724792653,0.13162219587306612,0.2127267849761325,-10.89426621707645,8.573943472545494,-18.973208203815037,0.272874321124834,0.38459645347726973,-0.1952431006700005,-0.40033603629876946,-0.556091705018012,0.23661941992891866,-1.5017635585170133,0.6486629613869427,1.6188021867933773,1.0500570203850508
4.0,1.25,195.0,21,8.482641502170395,0.5238095238095238,-1.552150346748723,0.33375169523634884,0.5167371767111546,1.6605936167704922,3.227136124509518,0.18917890748006966,-77.19649127599229,-4.2687327618899635,142.1862197835279,109.15625964143749,104.35515251185234,0.0,0.0,0.0,0.0,0.0,0.0,0.0,0.0,0.0,0.0,0.0,0.0,0.0,0.0,0.0,0.0,0.0,0.0,0.0,0.0
4.0,1.5,195.0,28,7.712585233510817,0.4642857142857143,-1.3465534805988884,0.3740532929241259,0.49295231574972964,1.9815226211709622,3.800338390761704,4.988289690569557,-71.23522373631894,-14.695875259373492,168.75986791644445,146.53845419749854,115.80139950563787,0.0,0.0,0.0,0.0,0.0,0.0,0.0,0.0,0.0,0.0,0.0,0.0,0.0,0.0,0.0,0.0,0.0,0.0,0.0,0.0
4.0,1.75,165.0,33,8.394651193968329,0.6363636363636364,-1.777381848731169,0.38492968434980324,0.5898727700610163,3.049258913766704,4.87209566311475,-150.57169300882035,-88.20823064344307,-53.918293908780164,71.99585144145358,53.87470881395994,34.11006251565167,-0.1503773671576596,-0.03181818181818186,-0.17808693885935445,0.0158441062480823,0.04270903938306658,0.47042078810023735,0.5851478328901702,-50.999241572611,-24.29909969591141,-24.253916606053448,-0.1600867181728944,-0.2676126440067622,-0.8643480104653181,0.677589336765832,-2.6032276645016115,-0.6705944462139691,-1.9197411275420369,1.1416957024802061,3.3033160886139714,3.771381782304295
4.0,1.75,210.0,20,8.695405928283648,0.7,-1.42120797101246,0.35324147185363863,0.5044546912948831,2.1084173375662294,3.701799997334409,-48.57320986359835,-39.610031251620256,-5.410460696673272,133.78075962726422,109.11454891962298,99.79702791867477,0.1503773671576596,0.031818181818181746,0.17808693885935445,-0.0158441062480823,-0.042709039383066694,-0.47042078810023735,-0.5851478328901702,50.999241572611,24.29909969591141,24.253916606053444,0.1600867181728944,0.26761264400676127,0.8643480104653181,-0.677589336765832,2.6032276645016115,0.6705944462139691,1.9197411275420366,1.141695702480206,3.3033160886139714,3.771381782304294
4.0,2.0,195.0,20,8.268622554005837,0.6,-1.2945918024936796,0.3294692235348561,0.5588721834471462,2.4586459164798606,3.442134998114975,-19.52670654083697,-52.47928266357573,-10.404407617805672,149.02875217662557,100.29314602285726,84.63781839800998,0.0,0.0,0.0,0.0,0.0,0.0,0.0,0.0,0.0,0.0,0.0,0.0,0.0,0.0,0.0,0.0,0.0,0.0,0.0,0.0
4.5,0.75,180.0,51,7.822958109640735,0.47058823529411764,-1.5495768429375671,0.3769107249431539,0.5876075942503047,1.1699574647252295,4.243083564002265,35.24784869864648,-60.90994960549799,-14.549980575456125,137.76394784580856,131.5895812489136,97.11688267097934,0.0,0.0,0.0,0.0,0.0,0.0,0.0,0.0,0.0,0.0,0.0,0.0,0.0,0.0,0.0,0.0,0.0,0.0,0.0,0.0
4.5,1.25,195.0,28,8.543038396967141,0.5714285714285714,-1.476589388841001,0.36122780757471595,0.5886125235323068,1.6023564019513974,4.071155278885695,-22.648363790834832,-53.25874136083583,42.17719486302538,136.60018094020282,140.25485178388715,80.2697718548332,-0.07974489404097795,0.0031055900621117516,0.06022106004247063,0.0004849090656425248,0.127802188215477,0.03251223772598788,0.6075868045539732,-2.377782410646933,10.119569511226807,18.86562484880438,-0.08489374843676475,0.02612013384271813,0.29228394720698964,0.02073762994490309,-0.12137256870278049,0.27927483722562557,1.4932481424459707,0.30618485430575476,1.5239802328308767,0.4666196655541722
4.5,1.25,210.0,23,8.702528185049095,0.5652173913043478,-1.5970315089259424,0.3602579894434309,0.33300814710135274,1.5373319264994216,2.8559816697777483,-17.892798969540962,-73.49788038328944,4.445945165416615,134.26533542275834,119.26166312315071,92.17969249473263,0.07974489404097618,-0.0031055900621118626,-0.06022106004247063,-0.0004849090656425248,-0.127802188215477,-0.03251223772598788,-0.6075868045539736,2.3777824106469367,-10.119569511226807,-18.865624848804384,0.08489374843676287,-0.026120133842719065,-0.29228394720698964,-0.02073762994490309,0.12137256870278067,-0.27927483722562557,-1.493248142445971,0.30618485430575426,1.523980232830877,0.4666196655541715
4.5,1.5,165.0,20,8.379520095292165,0.65,-1.7508343703906775,0.3164412895396529,0.5808497173626659,2.6540090226870827,4.987884153125975,-148.88001946161302,-104.30446825352259,-57.0355469282122,113.72389282658787,71.02411417766304,43.72479447706346,0.030067668762733035,0.015476190476190532,-0.3188889899616971,-0.026290316570368732,0.033724387112602505,0.5427893891224622,0.8716015482491226,-130.77165342547488,0.9689919846583877,-54.21560575680205,0.03200903504507465,0.1301653336495479,-1.5477331790759201,-1.1243321579237733,-6.675165658005378,0.02674175798567148,-4.291262719191538,1.9176987217398351,7.935583621168496,15.218058566574395
4.5,1.5,180.0,21,8.3193847577667,0.6190476190476191,-1.2135501486234075,0.3762764718457838,0.4335537549175309,2.1966321808283578,4.142865624699125,-28.640123476368128,-114.03132742796394,4.717545890415548,158.40072387577263,133.8113717915653,91.61561910882624,-0.03006766876273126,-0.015476190476190421,0.21839523180557285,0.03354486573576215,-0.11357157533253248,0.08541254726373726,0.02658301982227229,-10.531757440229999,-8.75786718978297,7.537487061825697,-0.03200903504507276,-0.13016533364954697,1.0599850012321286,1.4345803398374115,-0.5375876479494824,-0.24169525503597955,0.5966056594459989,1.7887304287381354,0.8386628574211207,1.5001417725216308
4.5,1.5,195.0,24,6.610271266455575,0.3333333333333333,-1.2254575500093345,0.339382964505368,0.5134009431374609,1.7113261345068653,4.08969958505458,10.35527491748801,-106.24245222283935,-10.357428233235847,132.0318643041783,110.09827481733457,86.04657007586768,-1.7391811600738567,-0.3011904761904762,0.2064878304196458,-0.003348641604653646,-0.033724387112602505,-0.3998934990577552,-0.02658301982227229,28.46364095362614,-0.9689919846583734,-7.537487061825697,-1.8514741246430282,-2.533217647179654,1.0021922244925257,-0.14320806793619964,1.452910578237194,-0.026741757985671088,-0.5966056594459989,3.296975263443811,1.5708604593841864,5.179088076911644
4.5,1.5,210.0,20,8.556163824295552,0.65,-1.6384332108486261,0.34608024771467527,0.6221040147442543,2.0258070863008837,4.070033814328472,-7.5766085959081275,-65.73669347053519,5.684210746132137,140.32850617881877,123.4193693002429,91.24202286966378,0.2067113977661208,0.015476190476190532,-0.2064878304196458,0.003348641604653646,0.07497868449419087,-0.08541254726373682,-0.046248790548380825,10.531757440230002,39.53676676764579,8.504151917542286,0.22005804399152562,0.1301653336495479,-1.0021922244925257,0.14320806793619964,0.5375876479494825,1.09111598978712,0.6731189216217851,1.0441582075359894,1.3901883559583783,1.4515765818949042
4.5,1.75,210.0,22,8.391870707562635,0.5454545454545454,-1.5202269532679882,0.3558084618451991,0.5423312936623206,2.2420818519885235,3.8360144542021493,-16.40986098959691,-39.02923381349798,23.901846779690207,121.73509927217644,129.2676027234507,109.57762825964238,-0.4958782232821264,-0.14031620553359692,0.0190162478548368,0.01795025594282762,0.03575324818257808,0.12255161607758858,-0.16334566918633087,4.909665808641414,23.440494695695257,18.842666380850332,-0.5278953799970018,-1.1801551381664661,0.09229568493411264,0.7676609730226749,0.25061113582083133,0.6468990932238592,1.4914309384095,1.506406832606141,1.6448862034366694,2.4778678157165737
4.5,1.75,240.0,23,9.38362715412689,0.8260869565217391,-1.558259448977662,0.3199079499595438,0.4708247972971645,1.9969786198333466,4.162705792574811,-26.22919260687974,-85.9102232048885,-13.783485982010458,128.8653385440466,114.82112415702402,79.3808089815902,0.49587822328212816,0.1403162055335968,-0.01901624785483702,-0.017950255942827675,-0.035753248182578024,-0.12255161607758835,0.16334566918633087,-4.909665808641414,-23.440494695695257,-18.842666380850332,0.5278953799970036,1.1801551381664652,-0.09229568493411372,-0.7676609730226772,-0.25061113582083133,-0.6468990932238592,-1.4914309384095,1.5064068326061424,1.6448862034366694,2.477867815716576
4.5,2.0,195.0,25,9.225162715671937,0.64,-1.6085888920948233,0.3491874565836828,0.4183711082401703,2.413777600315459,3.91173674109875,9.304303831316114,-68.34690109771495,-8.294921772286148,101.88791930389563,112.26734695846262,97.56634123014648,0.0,0.0,0.0,0.0,0.0,0.0,0.0,0.0,0.0,0.0,0.0,0.0,0.0,0.0,0.0,0.0,0.0,0.0,0.0,0.0
5.0,0.75,180.0,38,8.288177343033306,0.5263157894736842,-1.496082530688804,0.4058561170876529,0.399542531003681,1.0952795828843198,3.7286289528998457,-9.224229857474857,-155.19207919665104,-3.5428388851173214,108.84976889563606,120.80121369304051,69.80168549635322,0.2657243289954003,0.03815789473684206,-0.348040013356929,0.003764227113465468,0.003097530600297549,-0.06039807415620113,-0.18495403094678764,13.83387837213554,5.434304055929232,-8.382374103540034,0.2828812378592131,0.32093396029382304,-1.6892181708225404,0.1609810053853774,0.706142557716668,0.149973215656108,-0.6634799885884317,1.7499695181158368,0.9804769107379209,1.7158047070077438
5.0,0.75,195.0,20,7.756728685042504,0.45,-0.8000025039749459,0.39832766286072196,0.3933474698030859,1.2160757311967223,4.098537014793421,-36.891986601745934,-166.0606873085095,13.221909321962748,111.14391473442149,89.1895442743152,69.5207394289714,-0.2657243289954012,-0.03815789473684211,0.348040013356929,-0.003764227113465468,-0.003097530600297549,0.06039807415620135,0.18495403094678764,-13.833878372135537,-5.434304055929232,8.382374103540034,-0.28288123785921404,-0.3209339602938235,1.6892181708225404,-0.1609810053853774,-0.7061425577166678,-0.149973215656108,0.6634799885884317,1.749969518115837,0.9804769107379206,1.7158047070077436
5.0,1.0,150.0,24,5.634728881261621,0.25,-0.9009417617094388,0.3900087867523037,0.3589933605861323,1.382139350938223,3.6469747220633373,-30.25447178754709,-176.01493095190088,-12.971042699005244,106.44132740730859,110.16474289542742,93.9524419922086,-3.192818702633401,-0.39,0.17966784599167185,0.0019627433934375493,-0.016753017885101196,0.0,0.0,-7.839144411260058,-38.466479744867314,0.0,-3.398968059400453,-3.2801664079685957,0.8720209703314435,0.08393871975971108,-0.40014472702227294,-1.0615787418103608,0.0,4.804158804011663,1.134488972016651,5.450265182967935
5.0,1.0,180.0,20,9.923846099903095,0.85,-1.0806096077011107,0.38804604335886617,0.3757463784712335,1.3415335769476129,3.527530776341404,-22.41532737628703,-137.54845120703357,-13.417290232231698,135.34249489198564,76.53103937001674,64.31970630772906,1.0962985160080727,0.20999999999999996,0.0,0.0,0.0,-0.04060577399061005,-0.11944394572193318,0.0,0.0,-0.4462475332264546,1.1670827524300575,1.766243450444628,0.0,0.0,0.0,0.0,-0.035321294969126386,2.1170021438955287,0.035321294969126386,0.07477525717480692
5.0,1.0,195.0,25,8.827547583895022,0.64,-1.3917673240354826,0.36082873270270144,0.4543784274272336,1.895464990768384,3.921625635734686,11.225933073153293,-108.1798561077201,8.343190927976677,131.53180566282614,113.65274036701605,104.04576668690206,0.0,0.0,-0.31115771633437195,-0.027217310656164728,0.07863204895600012,0.5133256398301611,0.27465091367134864,33.641260449440324,29.368595099313467,21.31423362698192,0.0,0.0,-1.5102093099985867,-1.1639760039031817,1.717199259639958,0.8104998544460561,1.6870599318191826,1.906717676445264,2.5400501028355413,4.843158430133137
5.0,1.25,180.0,20,10.472125222121777,0.8,-1.4089291223176432,0.4311039690748285,0.5603700197720943,2.0585130077010723,4.338499053403335,-20.574009050208844,-52.458453438545185,10.590528171582102,114.24744427844695,111.36949152536303,104.85876903266072,0.7732210122407377,0.1261904761904762,0.029768358327181943,0.023001808948074243,0.014447106456929704,0.1637721145010429,-0.14688874152423015,4.793257572434719,12.901793031692598,-5.823008308129834,0.8231452419443304,1.0613481051424638,0.14448123742100502,0.983695780973852,0.2446691427337841,0.35605725568140767,-0.4609015820704922,1.6710954811432979,0.6317198960651332,1.055664263662758
5.0,1.25,195.0,42,8.925683197640302,0.5476190476190477,-1.468465838972007,0.38510035117868,0.5314758068582348,1.7309687786989865,4.632276536451796,-30.16052419507828,-78.26203950193039,22.236544787841773,157.61406493485748,129.70171600375903,97.38679717634467,-0.7732210122407377,-0.1261904761904762,-0.029768358327181943,-0.023001808948074243,-0.014447106456929815,-0.1637721145010429,0.14688874152423104,-4.793257572434719,-12.901793031692605,5.823008308129836,-0.8231452419443304,-1.0613481051424638,-0.14448123742100502,-0.983695780973852,-0.2446691427337841,-0.3560572556814079,0.46090158207049237,1.6710954811432979,0.6317198960651336,1.0556642636627585
5.0,1.5,180.0,21,9.798606288593197,0.6666666666666666,-1.1890238949100402,0.3622810108767419,0.5435874334238006,1.7246666694775707,4.45287922152953,6.856885805291433,-91.99587285408933,-10.200928610934117,152.7513678832084,90.44205022464897,102.77220157368153,1.466964446570529,0.1333333333333333,0.023478243358990403,-0.03585204886956822,0.06186362764109188,0.046827984151109,0.3351391600171638,22.396574399965676,12.087183605585807,-15.886296146048114,1.5616813112679266,1.1214244129807163,0.11395205659967445,-1.5332493758155175,1.1432205709382726,0.33357607062447,-1.2574289163783692,2.4617635856504627,1.7318642407689382,4.263440323215158
5.0,1.5,195.0,20,6.864677395452139,0.4,-1.2359803816280208,0.43398510861587836,0.41986017814161686,1.6310107011753527,3.7826009014952025,-37.93626299463992,-116.17024006526094,21.57166368116211,121.08129550880574,117.92527437616756,67.0916102603976,-1.466964446570529,-0.1333333333333333,-0.02347824335899018,0.03585204886956822,-0.06186362764109182,-0.046827984151109,-0.3351391600171638,-22.396574399965676,-12.087183605585807,15.886296146048114,-1.5616813112679266,-1.1214244129807163,-0.11395205659967336,1.5332493758155175,-1.1432205709382726,-0.33357607062447,1.2574289163783692,2.4617635856504627,1.7318642407689382,4.263440323215158
5.5,0.5,180.0,26,8.19685088418937,0.5,-1.397391470725763,0.3951474152705472,0.37427371419348165,1.073881205470276,4.011334464911383,-23.77961278400167,-142.52083604051444,-11.191878144539896,150.44858990995434,140.7291721645157,63.23969100694431,0.0,0.0,0.0,0.0,0.0,0.0,0.0,0.0,0.0,0.0,0.0,0.0,0.0,0.0,0.0,0.0,0.0,0.0,0.0,0.0
5.5,0.75,165.0,24,8.709772794821896,0.5416666666666666,-0.7151575621139945,0.3677500170454292,0.2230773421640388,1.1304679663736739,2.7644990064765995,-23.674293420169665,-191.6688592257471,4.584442937763303,129.09463054301128,113.08772482511868,75.39343376714346,0.0,0.0,0.06349687552645045,-3.784228145842228e-07,-0.094997210024509,0.0,-0.30485868486931045,-2.0708363926360924,-6.779214910650865,0.0,0.0,0.0,0.3081831738115055,-1.618363699007751e-05,-0.10570468147632499,-0.1870893953136186,0.0,0.30818317423643155,0.2148858336997271,0.06622419832802386
5.5,0.75,180.0,46,10.478699980234138,0.8043478260869565,-0.778654437640445,0.40825550946827427,0.3653782975499372,1.4310015071141826,3.6303798775571416,46.38555777846588,-184.88964431509623,4.700288160589585,104.61738929969023,99.6021492142858,80.56780205147537,1.7689271854122417,0.2626811594202899,0.0,0.040505114000030484,0.04730374536138943,0.30053354074050875,0.5610221862112317,67.98901480599946,0.0,0.11584522282628207,1.8831407488506275,2.2093279875299445,0.0,1.732242444046157,3.470461104273361,0.0,0.009169357770174694,3.3805344431642492,3.470473217501641,11.732054245843349
5.5,0.75,195.0,23,8.240235007908817,0.5217391304347826,-0.9629076964209318,0.3677503954682438,0.3180745521885478,1.0972979593223682,3.06935769134591,-21.603457027533572,-138.33432065399444,-7.559148364588355,121.15390416555728,140.67723899488817,75.02686824798211,-0.46953778691307946,-0.019927536231884035,-0.18425325878048682,0.0,0.0,-0.03317000705130568,0.0,0.0,46.555323661101795,-12.143591302351657,-0.49985423196212686,-0.16760419215744385,-0.8942763499036903,0.0,0.0,1.2848106258884036,-0.9611870955871823,1.0381115587624794,1.6045619268570082,1.665714283020456
5.5,1.0,180.0,43,10.754626906515158,0.8372093023255814,-0.8279774374099136,0.41634378884241596,0.3219547745364352,1.3328726912736557,3.844831759666775,10.140190680101314,-163.89761258983737,-7.258931973393936,98.64968650356928,109.49527992416675,61.098968008877556,1.3963407231317593,0.16860465116279066,0.0814185182583218,-0.010047013311896391,-0.01886510610906378,-0.07097545185769305,0.18818476975577436,-3.4670499693346617,-11.108265382689524,-11.815117619633401,1.4864976561464127,1.4180802896703824,0.3951661740179216,-0.42967075453115827,-0.17697361992199873,-0.30656037326172564,-0.9351878127384878,2.135743489295414,0.9999375829006837,2.1356101823819285
5.5,1.0,195.0,32,7.961945460251638,0.5,-0.9908144739265572,0.4364378154662088,0.3596849867545628,1.4748235949890418,3.4684622201552266,17.07429061877064,-141.6810818244583,16.371303265872868,110.2891484157148,84.57552930223846,60.628523006374785,-1.396340723131761,-0.16860465116279078,-0.0814185182583218,0.010047013311896447,0.018865106109063834,0.07097545185769305,-0.18818476975577392,3.4670499693346635,11.108265382689552,11.815117619633401,-1.4864976561464145,-1.4180802896703832,-0.3951661740179216,0.42967075453116066,0.1769736199219988,0.3065603732617264,0.9351878127384878,2.135743489295417,0.9999375829006839,2.1356101823819316
5.5,1.25,180.0,26,11.026361672655753,0.9230769230769231,-0.8826422391780127,0.4018001581445057,0.38723661553510513,1.6717171067474457,3.6235861605604547,5.498077940211974,-143.1369594921219,0.7226254817802822,125.11763419653276,136.0889792154902,66.9797341242219,0.6850385304500577,0.15201465201465203,0.37154879907188954,-0.01316917739048512,-0.0820989586060592,-0.0016796082078047725,-0.6930765359783151,4.987259639472512,-58.81401860695446,5.090210699391084,0.7292691196458829,1.2785470642499928,1.8033184652704635,-0.5631932804572324,0.25457186936873283,-1.6231199810248516,0.4028993331756014,2.3949238406907547,1.6916421554659098,4.051354128042804
5.5,1.25,210.0,21,9.656284611755636,0.6190476190476191,-1.6257398373217917,0.42813851292547594,0.5514345327472235,1.6750763231630554,5.009739232517084,-4.476441338733051,-25.50892227821296,-9.457795917001885,144.38859958282018,131.2488356165633,89.14458517412805,-0.6850385304500595,-0.15201465201465203,-0.37154879907188954,0.01316917739048512,0.0820989586060592,0.0016796082078049945,0.6930765359783146,-4.987259639472512,58.81401860695446,-5.090210699391084,-0.7292691196458848,-1.2785470642499928,-1.8033184652704635,0.5631932804572324,-0.25457186936873283,1.6231199810248516,-0.4028993331756014,2.394923840690755,1.6916421554659098,4.051354128042804
5.5,1.75,195.0,21,8.504128620207643,0.5714285714285714,-1.4746563458124478,0.3512442186382737,0.4363000836571378,1.6928071554015425,4.457826853304907,16.602201450223507,-129.02013284773284,17.392261347360208,113.06499083454453,85.5619618405638,63.32268413061854,0.0,0.0,0.0,0.0,0.0,0.0,0.0,0.0,0.0,0.0,0.0,0.0,0.0,0.0,0.0,0.0,0.0,0.0,0.0,0.0
5.5,2.0,150.0,26,9.785841006636367,0.6923076923076923,-1.4891917233360532,0.38657209423475625,0.40435158928883663,2.4140910757596776,4.382109918875749,-49.70332582585314,-128.46285737801514,-0.11658633918167016,111.50202090433667,95.50654334588023,105.00004605762399,0.0,0.0,-0.5187973179794909,0.0,0.0,0.030384005724907404,0.0,-45.96417772165995,0.0,0.0,0.0,0.0,-2.5179916758772536,0.0,-2.3462156559864282,0.0,0.0,2.5179916758772536,2.3462156559864282,5.907751491586716
5.5,2.0,180.0,25,10.520177159674578,0.84,-0.9165444291041821,0.4210829477197204,0.3713463802985077,2.3837070700347702,4.413302213675932,14.969398456356968,-153.50821208438367,21.073173288841915,88.59153932217035,83.87159667278095,79.71836814586091,0.7343361530382104,0.14769230769230768,0.053849976252380194,0.03451085348496413,-0.03300520899032894,0.0,0.031192294800183262,18.70854656055016,-25.045354706368528,21.189759628023584,0.7817497207032831,1.242193195917101,0.26136178282063016,1.4758917895371957,0.9549672596542348,-0.6911892201658656,1.6772075908966324,2.097794822604176,2.050056171924638,4.300597223511242
5.5,2.0,195.0,25,8.611513411996768,0.68,-0.9703944053565623,0.32653166501222064,0.48862296930283633,2.0288093461564625,4.329914679235241,-3.739148104193193,-113.90078365025231,-9.409016376393973,106.13583878449285,99.15131444918477,61.61246230761992,-1.1743275946395997,-0.012307692307692242,0.0,-0.06004042922253561,0.0842713800139997,-0.35489772387830776,-0.05219523964050765,0.0,14.562073727762836,-9.292430037212302,-1.2501499011392083,-0.10351609965975789,0.0,-2.5676900911313845,0.0,0.4018768550852614,-0.7355125527557496,2.857730351572982,0.8381430199640748,2.3951867471103765
5.5,2.25,150.0,20,9.333105971562304,0.8,-1.4844395001596762,0.34901977958921576,0.5031853160000583,2.4805907876913427,4.735451131060598,15.46431399842253,-99.25265474646024,45.42795473632112,123.15532625477087,115.56680176063239,86.77147941697828,-0.1386314492374403,0.04285714285714293,-0.008131293044797205,0.009909971562933106,-0.10865295019355425,-0.08102494051474274,-0.353402118803511,44.315172141693495,-19.265687407036268,3.7737937501095757,-0.1475824066044875,0.36045784702951655,-0.03946537017704354,0.42381002459566564,2.2620430916047725,-0.5316848417979357,0.2987025636568021,0.576960032077887,2.342808344873673,1.3517067778106557
5.5,2.25,195.0,21,9.610368870037183,0.7142857142857143,-1.4681769140700816,0.32919983646334955,0.7204912163871667,2.642640668720828,5.44225536866762,-73.16603028496446,-60.72127993238771,37.88036723610197,121.14809051051685,135.37407810837246,112.37571640111004,0.13863144923743853,-0.042857142857142816,0.008131293044797427,-0.009909971562933106,0.10865295019355414,0.08102494051474274,0.353402118803511,-44.315172141693495,19.26568740703626,-3.7737937501095757,0.1475824066044856,-0.36045784702951567,0.039465370177044615,-0.42381002459566564,-2.2620430916047725,0.5316848417979355,-0.2987025636568021,0.576960032077886,2.342808344873673,1.3517067778106535
5.5,2.5,180.0,20,9.31465799219222,0.85,-1.4625508797997662,0.4012198524298686,0.59244696319388,2.9454863926977985,4.75489976116112,-15.464666980861395,-53.93831575032277,-19.06890941049129,147.77495737990864,102.22799720143907,124.24711766967233,0.0,0.0,0.0,0.0,0.0,0.0,0.0,0.0,0.0,0.0,0.0,0.0,0.0,0.0,0.0,0.0,0.0,0.0,0.0,0.0
5.5,3.0,195.0,23,10.145901497856167,0.8260869565217391,-1.6277753120911567,0.36648846492998255,0.5396987346375611,3.465431489267842,4.37403884148362,-3.911332913303257,-64.20869746586837,-2.6084438188696395,156.21098156108286,89.86774548496133,115.25901512329654,0.0,0.0,0.0,0.0,0.0,0.0,0.0,0.0,0.0,0.0,0.0,0.0,0.0,0.0,0.0,0.0,0.0,0.0,0.0,0.0
5.5,4.25,165.0,23,9.811279704452557,1.0,-1.3625775043495736,0.34621654623358056,0.7632952538973178,7.8360715212412915,14.859875686146017,-262.5948090782888,-131.4561418068512,-136.456626124814,173.86149720841513,69.55912853597025,125.5851415661384,0.0,0.0,0.0,0.0,0.0,0.0,0.0,0.0,0.0,0.0,0.0,0.0,0.0,0.0,0.0,0.0,0.0,0.0,0.0,0.0
6.0,0.25,180.0,22,6.549898300701086,0.4090909090909091,-1.1686959759157383,0.47742612664733,0.7775867932155245,0.4723540741723189,5.927007750879575,-62.052711062467594,-46.60853491449241,-1.7809803390085626,66.16038989059058,83.84576246685604,67.38236634931674,0.0,0.0,0.0,0.0,0.0,0.0,0.0,0.0,0.0,0.0,0.0,0.0,0.0,0.0,0.0,0.0,0.0,0.0,0.0,0.0
6.0,0.5,165.0,31,9.696926657736823,0.6129032258064516,-0.6139973000923822,0.36865126465110853,0.23490976029085306,0.7483894611395625,2.8994236228795276,-12.738564589562008,-181.54649620118883,9.487024789920179,78.6071897035414,75.38701324198622,50.91112953065897,1.1064797136053492,0.0808418568056648,0.2629166404535822,-0.02726911725258052,-0.28231714180669343,0.11749437840436738,-1.487668879528163,22.744130870252278,-69.77654303370194,5.831552932115056,1.1779213150490517,0.6799352385942284,1.276070421277513,-1.1661915657503337,1.160961395909923,-1.9256582680009238,0.4615779044290723,2.1995838336411873,2.2954401080774396,5.049012952818716
6.0,0.5,180.0,82,7.483967230526123,0.45121951219512196,-1.1398305809995466,0.42318949915626963,0.79954404390424,0.5134007043308276,5.874761381935853,-58.22682633006657,-41.99341013378494,-2.1760810743099332,60.75570573956771,86.83663308437733,40.51028542030427,-1.1064797136053501,-0.08084185680566486,-0.2629166404535822,0.027269117252580577,0.28231714180669354,-0.1174943784043675,1.4876688795281625,-22.744130870252285,69.77654303370196,-5.831552932115056,-1.1779213150490526,-0.6799352385942289,-1.276070421277513,1.1661915657503361,-1.1609613959099234,1.9256582680009242,-0.4615779044290723,2.199583833641189,2.29544010807744,5.049012952818721
6.0,0.75,165.0,24,9.788807280650275,0.7916666666666666,-0.58897951502212,0.33152670555587227,0.2919315102428747,1.0076407092411062,3.3986053719264744,-4.572559077523646,-193.04361347514288,-1.33440697737069,77.68214660374844,84.70872873520682,49.541805647669456,-0.7214790644484292,-0.09027777777777779,0.0027377787618481086,-0.007031295251806791,0.03026155630023758,0.006530473992769625,0.2539533115978849,-9.26287819624201,-0.5313528115740951,4.354889664719962,-0.7680624939849279,-0.7592977796223602,0.013287856150789881,-0.30070050097355033,-0.47281841905500044,-0.01466401014362359,0.34469735057900114,1.121182621704699,0.585310647508949,0.6562401262857583
6.0,0.75,180.0,36,11.231765409547133,0.9722222222222222,-0.5944550725458161,0.3455892960594859,0.2314083976423995,0.9945797612555669,2.8906987487307045,13.953197314960374,-191.9809078519947,-10.044186306810612,84.99805818559302,111.27650989250009,46.25884033946476,0.7214790644484292,0.09027777777777779,-0.0027377787618479976,0.007031295251806846,-0.030261556300237635,-0.006530473992769625,-0.2539533115978849,9.26287819624201,0.5313528115740951,-4.354889664719961,0.7680624939849279,0.7592977796223602,-0.013287856150789342,0.3007005009735527,0.47281841905500044,0.01466401014362359,-0.3446973505790011,1.1211826217046996,0.5853106475089489,0.6562401262857587
6.0,1.0,195.0,34,8.937056467488226,0.5588235294117647,-1.5478613238347114,0.3795197347285968,0.4088059655743953,1.1545624083584585,3.8677246267210794,-46.62780015460815,-110.18605599513943,-36.50504363415871,71.49181405798213,131.00598522574467,69.36846991559896,0.9250764134908529,0.11431742508324083,0.08276498077467509,-0.006093393213724541,-0.11939126416645174,-0.16438704514936386,-0.8467400777608542,23.95519833966155,-90.15808812613508,12.230561452494598,0.9848054258034593,0.9614876348808028,0.4017012529216879,-0.2605901653077318,1.2227796552159067,-2.4881379942166646,0.9680709394137187,1.4572478614067605,2.936525516186062,4.279245528428523
6.0,1.0,210.0,106,7.086903640506522,0.330188679245283,-1.7133912853840618,0.3917065211560459,0.6475884939072989,1.4833364986571862,5.561204782242789,-94.53819683393127,70.13012025713073,-60.966166539147906,13.70708554161916,35.097542939144674,12.304877091367826,-0.9250764134908511,-0.11431742508324089,-0.08276498077467531,0.006093393213724541,0.11939126416645185,0.16438704514936386,0.8467400777608551,-23.955198339661564,90.15808812613508,-12.230561452494598,-0.9848054258034574,-0.9614876348808032,-0.40170125292168896,0.2605901653077318,-1.2227796552159076,2.4881379942166646,-0.9680709394137187,1.45724786140676,2.936525516186063,4.279245528428523
6.0,1.25,210.0,157,6.33239747691124,0.1910828025477707,-1.7170842002014937,0.37663858852342424,0.5908658944712675,1.638858390656722,5.180140719562985,-79.31781897719638,81.0846494483151,-77.69312182194737,26.3265245649096,36.121547343357896,22.539582000292803,0.0,0.0,0.0,0.0,0.0,0.0,0.0,0.0,0.0,0.0,0.0,0.0,0.0,0.0,0.0,0.0,0.0,0.0,0.0,0.0
6.0,1.5,180.0,21,10.887652452624618,0.8571428571428571,-0.9099867731841198,0.3695754855299321,0.35130417210259524,1.8117815945526552,4.519807024613132,-7.335829307555447,-161.7931896066848,8.968144732525143,136.7902459594564,91.72797108173263,71.16059717918911,0.0,0.0,0.0,0.0,0.0,0.0,0.0,0.0,0.0,0.0,0.0,0.0,0.0,0.0,0.0,0.0,0.0,0.0,0.0,0.0
6.0,1.75,165.0,21,9.75840606187698,0.6190476190476191,-1.3651879883237465,0.3421054162915176,0.6776687705277568,2.1790705564176074,7.4821470326698165,-4.845882441728701,-42.405972808825666,18.905761404677946,181.49782721317467,141.46410719154304,96.90731795733424,-0.43344716352834034,-0.15047619047619043,-0.2442594507092477,-0.019675954358356007,0.21176297738722138,0.08855525865349412,2.0511575337833428,11.372069082394933,69.51598348608407,5.453905298777618,-0.4614333607653371,-1.2656075517925225,-1.1855174310375869,-0.8414622229339632,0.5804808841277502,1.918467475431355,0.43168641493430565,1.9819670717497762,2.0503240407224723,4.063674735128887
6.0,1.75,180.0,25,10.625300388933661,0.92,-0.8766690869052511,0.38145732500822954,0.254142815753314,2.001960039110619,3.37983196510313,-27.590020606518568,-181.43793978099382,7.99795080712271,82.1471457729703,99.68818410699366,87.57104197945958,0.43344716352834034,0.15047619047619054,0.2442594507092477,0.01967595435835595,-0.21176297738722138,-0.08855525865349412,-2.0511575337833436,-11.372069082394933,-69.51598348608408,-5.4539052987776175,0.4614333607653371,1.2656075517925234,1.1855174310375869,0.8414622229339609,-0.5804808841277502,-1.9184674754313555,-0.4316864149343056,1.981967071749776,2.0503240407224728,4.063674735128887
6.0,2.0,180.0,22,10.991930762684724,0.9545454545454546,-1.3235161935787638,0.41069382377306696,0.4374324436257022,2.2100865183810923,5.196601581613672,28.133664044940133,-142.54026971977555,-2.3524617348314574,115.53078108492873,87.40166987917914,68.51702597764331,1.692590671792546,0.2451298701298701,-0.17076421470293512,0.02171345965638427,0.02268640502221897,-0.053724852035635706,0.395933927988537,12.700912156212613,0.09756287107629191,-14.207075946064144,1.8018754482730128,2.061709655358216,-0.8288070432482554,0.9285982116688873,0.6483109330632493,0.0026924915045909844,-1.1245156169525765,3.007759562820628,1.2980175993452774,3.9041248471402326
6.0,2.0,195.0,28,7.606749419099632,0.4642857142857143,-0.9819877641728937,0.3672669044602984,0.3920596335812642,2.3175362224523632,4.404733725636598,2.731839732514905,-142.73539546192814,26.06169015729683,116.45734072315955,101.05991719755829,70.6184806469309,-1.692590671792546,-0.2451298701298702,0.170764214702935,-0.02171345965638427,-0.022686405022219025,0.05372485203563526,-0.395933927988537,-12.700912156212615,-0.09756287107629191,14.207075946064144,-1.8018754482730128,-2.061709655358217,0.8288070432482548,-0.9285982116688873,-0.6483109330632494,-0.0026924915045909844,1.1245156169525765,3.007759562820629,1.2980175993452774,3.904124847140234
6.0,2.25,195.0,28,9.131396467793127,0.7857142857142857,-1.4211490101833837,0.364667439597507,0.4701263524496635,2.381680547415975,5.017207108513761,-9.11742570445,-110.42343837245036,-9.589963994815577,107.75108267542363,103.36844936796044,85.85801504976199,0.0,0.0,0.0,0.0,0.0,0.0,0.0,0.0,0.0,0.0,0.0,0.0,0.0,0.0,0.0,0.0,0.0,0.0,0.0,0.0
6.0,4.5,165.0,22,9.591234102812827,1.0,-1.3018944072808298,0.32189423783934334,0.7671647170549256,8.490548863173665,16.174180920145865,-271.26758629186605,-121.90303925041513,-144.74906978594862,139.0817243172695,97.8041762163602,93.9360319455731,0.0,0.0,0.0,0.0,0.0,0.0,0.0,0.0,0.0,0.0,0.0,0.0,0.0,0.0,0.0,0.0,0.0,0.0,0.0,0.0
6.0,4.75,165.0,23,9.76870711505516,1.0,-1.302445280396615,0.30734060798846286,0.775439886330203,10.978021084608107,18.470894741935364,-282.16098990471806,-121.03917728847796,-153.55591225542386,113.00280621993107,77.44271634994962,57.72291441886672,0.0,0.0,0.0,0.0,0.0,0.0,0.0,0.0,0.0,0.0,0.0,0.0,0.0,0.0,0.0,0.0,0.0,0.0,0.0,0.0
6.0,5.0,165.0,23,9.623192795473125,1.0,-1.2419471088851148,0.269779128123295,0.7956846640818029,12.91873617618293,20.181914863934985,-286.25799113973255,-117.95208174090507,-163.29318000496357,154.9313310335683,73.56142926874624,104.3781849715197,0.0,0.0,0.0,0.0,0.0,0.0,0.0,0.0,0.0,0.0,0.0,0.0,0.0,0.0,0.0,0.0,0.0,0.0,0.0,0.0
6.5,0.25,180.0,25,6.414768045108116,0.36,-1.193462995497596,0.44372928607250745,0.7578226240305027,0.47335191655641706,5.880651891602735,-63.41573869563984,-53.73460114757128,0.8713795630206123,90.49385625157213,76.07999622651155,36.48340619138163,0.0,0.0,0.0,0.0,0.0,0.0,0.0,0.0,0.0,0.0,0.0,0.0,0.0,0.0,0.0,0.0,0.0,0.0,0.0,0.0
6.5,0.5,180.0,23,11.683377318787047,0.9565217391304348,-0.6968093230053349,0.3477560553711077,0.2056258996204075,0.7701960418986112,2.4205583599188714,-10.988689584611823,-185.48827879817384,3.3707540265133917,80.62670312532765,96.02590960710855,59.92367144507225,0.0,0.0,0.0,0.0,0.0,0.0,0.0,0.0,0.0,0.0,0.0,0.0,0.0,0.0,0.0,0.0,0.0,0.0,0.0,0.0
6.5,0.75,180.0,21,11.826572200255798,1.0,-0.8745557698925657,0.41482902571389496,0.4599731044958608,0.9848087167890147,4.979696296253515,4.307498486467904,-132.39306560942396,14.601402349421488,109.84139672508115,87.03146788850148,46.20505819619584,0.0,0.0,0.0,0.0,0.0,0.0,0.0,0.0,0.0,0.0,0.0,0.0,0.0,0.0,0.0,0.0,0.0,0.0,0.0,0.0
6.5,1.0,180.0,21,10.952259645719963,0.8571428571428571,-1.2969061271829279,0.4082614827642059,0.35710144980361314,1.4933652240246396,4.224625786043677,36.93296144985325,-141.62537733492624,-9.106200775728283,121.1951462107878,114.14286057017742,80.07788059907914,2.0409894840105647,0.277056277056277,0.2052215074143231,0.01136490897020842,-0.18357977849666607,0.17983088886840437,-0.9235088784241201,69.74719485187643,-99.64766189636929,19.00292319974329,2.1727691772797333,2.3302325464534364,0.996046104079273,0.4860319042899401,3.560206417997,-2.7500265228820937,1.504115553896348,3.3733135744734613,4.743424840215656,16.00105940299408
6.5,1.0,195.0,33,6.870280677698833,0.30303030303030304,-1.7073491420115743,0.38553166482378903,0.7242610067969453,1.1337034462878308,6.071643542891916,-102.5614282538996,57.66994645781232,-47.11204717521486,73.0752944341744,56.553379415870474,9.689010892868698,-2.0409894840105647,-0.27705627705627706,-0.20522150741432332,-0.01136490897020842,0.18357977849666607,-0.17983088886840437,0.9235088784241192,-69.74719485187643,99.64766189636927,-19.00292319974329,-2.1727691772797333,-2.330232546453437,-0.9960461040792741,-0.4860319042899401,-3.560206417997,2.7500265228820933,-1.504115553896348,3.3733135744734617,4.743424840215656,16.001059402994084
6.5,1.25,180.0,35,10.873267164985377,0.7714285714285715,-1.1757331611736936,0.4010884043369129,0.5134705000957186,1.5807480579224196,5.119554275853226,5.999943523312081,-109.88057175976343,12.64551358510294,114.53185882910438,126.29524369205417,75.72805450556594,1.3518619857273801,0.12380952380952381,0.3270384640842374,0.0006967612829369974,-0.027063755497763853,-0.16622768645145802,0.036713526757684356,39.62979134272453,-96.03436883066277,47.833713335774924,1.4391470791671273,1.0413226691963795,1.5872867914254443,0.029797705733419538,2.0228804582304147,-2.6503086612028834,3.7861244542592356,2.3824072864139336,5.044890457787692,12.018983785793523
6.5,1.25,210.0,42,8.169543193530615,0.5238095238095238,-1.8298100893421685,0.39969488177103896,0.5675980110912464,1.9132034308253358,5.046127222337858,-73.25963916213698,82.1881659015621,-83.02191308644692,29.529580648417255,63.4961097619571,24.865931558546173,-1.351861985727382,-0.12380952380952381,-0.3270384640842374,-0.0006967612829369418,0.027063755497763964,0.16622768645145825,-0.036713526757684356,-39.62979134272453,96.03436883066277,-47.83371333577493,-1.4391470791671293,-1.0413226691963795,-1.5872867914254443,-0.02979770573341716,-2.0228804582304147,2.6503086612028834,-3.786124454259236,2.382407286413935,5.044890457787693,12.018983785793532
6.5,1.5,165.0,22,9.519765980159075,0.6818181818181818,-1.379635133849548,0.4246847510512397,0.5861216090036947,1.8840506518206597,5.452691264821244,-48.85211353032443,-108.0300397468803,-5.3679310582581525,114.33773135755287,107.97472670790347,62.79132549182908,0.0,0.0,0.022696595672124564,0.011322975096874854,0.1352107737661229,0.0,0.8239689578694964,-0.7738343186878325,0.0,4.045595754040564,0.0,0.0,0.11015831615270726,0.4842385594981786,-0.03949993850949316,0.0,0.3202161811879363,0.49661034737757015,0.3226432206584217,0.16022796189019683
6.5,1.5,180.0,30,9.972718149415208,0.7,-1.4023317295216726,0.41336177595436485,0.39057222058842883,1.8419016283904586,4.628722306951747,-5.998065375328913,-156.05604471885385,-9.413526812298716,118.58822961971201,97.98800087865908,89.47286638453137,0.45295216925613246,0.018181818181818188,0.0,0.0,-0.060338614649142974,-0.042149023430201105,0.0,42.080213836307685,-48.02600497197355,0.0,0.48219773783833136,0.15292151086100683,0.0,0.0,2.1479608991999237,-1.325397755928749,0.0,0.5058652457526779,2.523968152713641,1.2767877698444183
6.5,1.5,225.0,24,6.284088367896164,0.2916666666666667,-1.718852271941408,0.36668089355872563,0.4509108352375718,2.736004913385475,4.297362078026238,-48.0782792116366,96.47132914962373,-108.98716447362932,66.4358923262135,48.864259488795305,48.963679336430374,-3.2356776122629114,-0.3901515151515151,-0.3165205424197355,-0.04668088239563922,0.0,0.8519542615648155,-0.33136022892550976,0.0,204.50136889650403,-99.57363766133061,-3.444594221879169,-3.281440753892437,-1.5362378783318114,-1.996355467884684,0.0,5.643726884590075,-7.881432534888622,5.383172368379451,9.693741896184655,52.183083521743455
6.5,1.75,165.0,24,9.787312932053041,0.7083333333333334,-1.3735039530282436,0.4048870642760825,0.6171012883762396,2.2251965382737824,6.059413155441689,0.7075688616988209,-101.71992071982125,-0.48126526812979264,151.44332451018226,109.45185352544831,77.7529961394541,0.4443359980812467,0.08750000000000002,-0.09408950432046725,0.006514955250973231,0.07366542927725217,0.14123781579917516,0.8468909205663948,-6.387209470031099,11.085418905569114,0.9209804474544927,0.47302525003199,0.7359347710185953,-0.45666502207268395,0.2786186950810389,-0.326031522795847,0.30592986756957113,0.0728972590842989,1.0254385374050092,0.45299409279781744,0.46451759997170294
6.5,1.75,180.0,30,8.898640935890548,0.5333333333333333,-1.1853249443873088,0.39185715377413605,0.4697704298217351,1.9427209066754316,4.3656313143089,13.481987801761019,-123.89075853095949,-2.323226163038778,147.26340916577647,92.6365304827574,91.39294940668354,-0.4443359980812467,-0.08750000000000002,0.09408950432046748,-0.006514955250973231,-0.07366542927725228,-0.1412378157991756,-0.8468909205663939,6.387209470031099,-11.085418905569128,-0.9209804474544927,-0.47302525003199,-0.7359347710185953,0.45666502207268506,-0.2786186950810389,0.326031522795847,-0.3059298675695715,-0.0728972590842989,1.02543853740501,0.4529940927978177,0.4645175999717035
6.5,2.0,165.0,21,9.13751220489998,0.7142857142857143,-1.5502177782741466,0.36005228007435097,0.4618164967015468,2.248745721842431,4.806378036336188,40.900654846564706,-108.12853602149922,-22.65531072673895,117.00289765517532,118.90354769055277,65.7515527087901,-0.6744990135258959,-0.050264550264550234,-0.09216950250774603,-0.022014050301442767,-0.059047952926669645,-0.07562771728198348,-0.49158066298803327,19.861861130057058,-14.866143339563578,4.731712807906472,-0.7180491022495963,-0.4227592033062222,-0.4473462603625619,-0.9414532766775464,1.0138375545965328,-0.4102684167269598,0.3745235801952213,1.334455996295427,1.1560513280110751,1.5426996266896706
6.5,2.0,180.0,27,10.48651023195177,0.8148148148148148,-1.3658787732586546,0.40408038067723656,0.579912402554886,2.400001156406398,5.789539362312254,1.1769325864505897,-78.39624934237206,-32.1187363425519,120.37705497222488,111.89301265672046,93.0486675675223,0.6744990135258941,0.050264550264550234,0.09216950250774603,0.022014050301442822,0.059047952926669534,0.07562771728198348,0.49158066298803327,-19.861861130057058,14.866143339563578,-4.731712807906476,0.7180491022495944,0.4227592033062222,0.4473462603625619,0.9414532766775489,-1.0138375545965328,0.4102684167269598,-0.3745235801952216,1.3344559962954277,1.1560513280110751,1.5426996266896715
6.5,2.25,165.0,25,9.819719422743796,0.84,-1.7026758054035493,0.3863535335459074,0.6682497789385121,2.701755135136555,5.972151748271764,-8.034380046622525,-58.895772667251464,-4.999100074542348,156.08474555191918,103.29571832406609,75.55843863353216,0.39611211310556094,0.0033333333333332993,-0.12699937214771762,0.013871594213868077,0.023958908459355555,0.17996318088085728,0.13528007862130753,-7.969816836196195,4.06889267538709,0.35825611741359786,0.4216877141432892,0.028035610324517624,-0.6163936297030591,0.5932328511365079,-0.40681482761772864,0.11229127270153116,0.028356616127753875,0.9541870079348821,0.42297958765499394,0.40360162716204884
6.5,2.25,195.0,24,9.027495196532676,0.8333333333333334,-1.4486770611081141,0.35861034511817125,0.6203319620198011,2.34182877337484,5.70159159102915,7.9052536257698645,-67.03355801802564,-5.7156123093695435,113.64908725580638,81.44437441123179,81.16699930881275,-0.39611211310555916,-0.0033333333333332993,0.12699937214771762,-0.013871594213868077,-0.023958908459355444,-0.17996318088085772,-0.13528007862130664,7.969816836196195,-4.06889267538709,-0.35825611741359786,-0.4216877141432873,-0.028035610324517624,0.6163936297030591,-0.5932328511365079,0.40681482761772864,-0.11229127270153116,-0.028356616127753875,0.9541870079348813,0.42297958765499394,0.4036016271620485
6.5,2.5,165.0,21,9.086736815090816,0.6666666666666666,-1.425798575351473,0.38776740030582924,0.6037419035819893,2.760049110308262,5.450688846113984,-6.075245836027152,-67.02808152275499,30.37638854369724,124.45014061691369,113.15881741589067,101.92900587196522,-0.10553902015350047,-0.08333333333333337,-0.018203702396460075,0.025419397002875155,0.03142484846551241,-0.06276186279221507,-0.018630231814464437,-6.2136961665955415,15.57602398819408,34.21964617326714,-0.11235331283492465,-0.700890258112948,-0.0883519816234773,1.0870863958167574,-0.31717463360035975,0.42985934916494156,2.7085465492349123,1.3013198397969963,2.7607251253314558,3.5925863778198726
6.5,2.5,195.0,24,9.297814855397815,0.8333333333333334,-1.3893911705585529,0.3369286063000789,0.5408922066509645,2.8855728358926918,5.4879493097429135,6.352146497163931,-98.18012949914316,-38.062903802837035,132.38545002740383,117.96640595486643,106.99764275025348,0.1055390201534987,0.08333333333333337,0.018203702396460075,-0.025419397002875155,-0.03142484846551241,0.06276186279221463,0.018630231814465326,6.2136961665955415,-15.576023988194095,-34.21964617326714,0.11235331283492277,0.700890258112948,0.0883519816234773,-1.0870863958167574,0.31717463360035975,-0.429859349164942,-2.7085465492349123,1.301319839796996,2.7607251253314558,3.5925863778198717
7.0,0.75,180.0,22,11.40942283722794,0.8181818181818182,-1.4221450290201638,0.409811115910813,0.6364948701455881,1.1528869641776862,6.310845527672089,38.81074395097821,-66.58161123633346,-1.6341437627596305,132.90108877850227,100.89895765189966,71.94738138472032,0.0,0.0,0.0,0.0,0.0,0.0,0.0,0.0,0.0,0.0,0.0,0.0,0.0,0.0,0.0,0.0,0.0,0.0,0.0,0.0
7.0,1.25,180.0,26,8.363006242458525,0.5384615384615384,-1.3605703008165904,0.43245241425887754,0.6466300566963799,1.5105231947816395,6.259231159224814,18.045900593733663,-63.9600095020525,10.160440001559563,136.121211524087,95.47604011730438,56.64965857458813,0.0,0.0,0.0,0.0,0.0,0.0,0.0,0.0,0.0,0.0,0.0,0.0,0.0,0.0,0.0,0.0,0.0,0.0,0.0,0.0
7.0,1.5,180.0,28,9.698419284123586,0.6428571428571429,-1.4023762192048883,0.3921188684273414,0.5945741350316786,1.714927086306215,5.541807861766767,17.5460727535238,-106.92726553745646,-22.481479963368677,123.01557638455346,104.3094549973335,60.129047470697664,0.0,0.0,0.0,0.0,0.0,0.0,0.0,0.0,0.0,0.0,0.0,0.0,0.0,0.0,0.0,0.0,0.0,0.0,0.0,0.0
7.0,2.0,180.0,26,9.624241084889405,0.6153846153846154,-1.4239984663747265,0.34071409760824256,0.5227149109253735,2.3373983075245675,5.753934925947334,-1.0610050022248645,-77.12151164035217,3.401219400619794,139.6775062060244,140.065339477513,65.1679933476476,0.0,0.0,0.0,0.0,0.0,0.0,0.0,0.0,0.0,0.0,0.0,0.0,0.0,0.0,0.0,0.0,0.0,0.0,0.0,0.0
7.0,2.25,195.0,31,8.703262654670686,0.5806451612903226,-0.8805391867967576,0.37847565649757064,0.11114641818835436,2.494928366665298,1.4924357646682065,-11.947443590786753,-188.96238624923828,41.21229112438104,116.90303446590679,60.3111914803455,78.04583216149318,0.0,0.0,0.0,0.0,0.0,0.0,0.0,0.0,0.0,0.0,0.0,0.0,0.0,0.0,0.0,0.0,0.0,0.0,0.0,0.0
7.0,2.5,195.0,87,9.143153551368327,0.7471264367816092,-0.8302875064220273,0.3791853013289068,0.1231240370008828,2.6514492157789498,1.6188938188594886,-13.333377433373451,-185.76379291432252,40.2302244526825,70.81843144067848,101.95657907414918,48.83657896308599,0.0,0.0,0.0,0.0,0.0,0.0,0.0,0.0,0.0,0.0,0.0,0.0,0.0,0.0,0.0,0.0,0.0,0.0,0.0,0.0
7.0,2.75,195.0,223,9.04188504713342,0.7802690582959642,-0.8298102908398394,0.37850121680848187,0.1220861865334208,2.8785628330660105,1.6273247241609452,-12.841351730054082,-183.63216033459878,42.361235221723604,36.218629046898876,66.91855138565326,51.016114173169676,0.0,0.0,0.0,0.0,0.0,0.0,0.0,0.0,0.0,0.0,0.0,0.0,0.0,0.0,0.0,0.0,0.0,0.0,0.0,0.0
7.0,3.0,195.0,149,9.326791543586303,0.8791946308724832,-0.8272883617167757,0.38049720278329835,0.1319969904837076,3.07901520792569,1.7307188242318299,-12.397527461148748,-180.14967464107494,44.45789367023951,37.1020836053845,48.43831028556339,40.223606141724865,0.0,0.0,0.0,0.0,0.0,0.0,0.0,0.0,0.0,0.0,0.0,0.0,0.0,0.0,0.0,0.0,0.0,0.0,0.0,0.0
7.0,3.25,195.0,31,10.871860193358327,1.0,-0.8766320752070575,0.30698163841963394,0.1907913273599423,3.333998566343731,2.4160038733303146,-16.536951307009527,-167.3540743241658,47.834935996588115,126.34049765822523,94.96310475666243,74.7697406074747,0.0,0.0,0.0,0.0,0.0,0.0,0.0,0.0,0.0,0.0,0.0,0.0,0.0,0.0,0.0,0.0,0.0,0.0,0.0,0.0
7.5,0.25,150.0,36,4.332081025351279,0.0,-0.1325572219469212,0.09235674528160177,0.05885201566670331,0.4803277519529504,0.9716577267670785,6.005557008221494,-240.23905181511515,15.768300669388312,1.7297603029167112,3.6118395559732774,1.109294057342365,0.0,0.0,0.0,0.0,0.0,0.0,0.0,0.0,0.0,0.0,0.0,0.0,0.0,0.0,0.0,0.0,0.0,0.0,0.0,0.0
7.5,0.75,180.0,25,12.192341733688563,0.88,-1.4399710207541523,0.47482521583500076,0.5796830736669887,0.9636966715699644,6.51079734606766,-6.498967429931982,-89.95641700641882,21.746587161304564,122.80310701924819,117.78093277343872,53.50297318888634,1.1140033093848682,0.09909090909090912,0.20726555288551385,0.020531099546124476,0.01482936724977657,-0.3634009393189108,0.13591852208390698,-24.362822494340982,-13.928989846732364,15.085869519631537,1.185930683612739,0.8334222341924872,1.005966913812095,0.8780333776299665,-1.243586601426465,-0.38440532157498675,1.1940737090825666,1.9707704713379217,1.7663768310371353,3.4811232998634396
7.5,0.75,195.0,22,9.964335114918825,0.6818181818181818,-1.85450212652518,0.43376301674275175,0.5500243391674355,1.6904985502077858,6.238960301899845,42.226677558749984,-62.09843731295409,-8.425151877958509,136.5429372820815,99.95416963087877,89.85796930660197,-1.11400330938487,-0.09909090909090912,-0.20726555288551385,-0.02053109954612453,-0.01482936724977657,0.3634009393189106,-0.13591852208390787,24.362822494340982,13.928989846732364,-15.085869519631537,-1.185930683612741,-0.8334222341924872,-1.005966913812095,-0.8780333776299689,1.243586601426465,0.38440532157498675,-1.1940737090825666,1.9707704713379237,1.7663768310371353,3.481123299863443
7.5,1.25,180.0,23,11.213009805719445,0.782608695652174,-1.4400235133301398,0.4257501024028966,0.6209606674006852,2.038593127286359,6.317094578836698,6.960222738241198,-93.33559679586955,-17.764082294928187,116.19478258771674,108.80829352100847,83.48648041509735,0.0,0.0,0.0,0.0,0.0,0.0,0.0,0.0,0.0,0.0,0.0,0.0,0.0,0.0,0.0,0.0,0.0,0.0,0.0,0.0
7.5,1.5,195.0,22,7.597770186479608,0.45454545454545453,-1.0633147691927374,0.36054909743095287,0.47328377876821337,1.767195181487911,5.572389288471291,-3.3150617577940267,-84.45022231495786,16.458953680748447,127.61862363668699,114.33642912528603,92.53439441772167,0.0,0.0,0.0,0.0,0.0,0.0,0.0,0.0,0.0,0.0,0.0,0.0,0.0,0.0,0.0,0.0,0.0,0.0,0.0,0.0
7.5,1.75,180.0,24,10.911335330544608,0.9166666666666666,-1.4558173965099326,0.4220930693609907,0.511245810227811,2.235074120145832,6.2220169755756976,7.544702355558305,-73.79415035154803,-1.652461561007888,119.36891034220754,102.12222423001522,70.04991484207716,1.6096847759723705,0.2537878787878788,-0.09235018146699936,0.020601257542527673,0.0676146981067729,0.2100195963556546,0.7194745426445861,7.069400407575834,20.35670009908752,1.1958477930309617,1.7136166030099425,2.1345294224348863,-0.44822318878844103,0.8810337557836674,0.3608535763465902,0.5617940664685774,0.09465350392063832,2.9102958995864143,0.6743790940456852,1.9626427121679584
7.5,1.75,195.0,22,7.691965778599869,0.4090909090909091,-1.2711170335759339,0.38089055427593543,0.3760164140142652,1.8150349274345225,4.783067890286525,-6.594098459593365,-114.50755054972306,-4.044157147069812,78.20392019985009,82.77086686201805,64.61677817618414,-1.6096847759723687,-0.25378787878787873,0.09235018146699936,-0.020601257542527618,-0.0676146981067729,-0.21001959635565481,-0.7194745426445861,-7.069400407575834,-20.35670009908752,-1.195847793030962,-1.7136166030099407,-2.134529422434886,0.44822318878844103,-0.881033755783665,-0.3608535763465902,-0.5617940664685774,-0.09465350392063833,2.9102958995864125,0.6743790940456852,1.9626427121679573
7.5,2.0,195.0,26,7.403246884224123,0.38461538461538464,-1.4485345725858676,0.361790523455788,0.5369000884129239,2.345959617739827,6.905117493610554,23.24936060555423,-72.25799108229498,0.9199377098976602,152.52346165993586,118.95291871715216,74.97750373074604,0.0,0.0,0.0,0.0,0.0,0.0,0.0,0.0,0.0,0.0,0.0,0.0,0.0,0.0,0.0,0.0,0.0,0.0,0.0,0.0
7.5,2.25,165.0,22,9.272062974522235,0.6818181818181818,-1.4866255350228172,0.3393571135039582,0.6630342503485348,2.5636618105833966,7.8851293719307005,14.044815439783683,-54.160911044912396,-19.257776158992115,129.87211606967344,139.25173339950962,98.97180793436974,0.0494323175157696,0.014822134387351693,-0.043988673324212524,-0.02631381142887962,0.017283112486585872,0.2578736879800685,0.424609265582788,2.035080300034899,10.523834027504464,2.0341254491346916,0.052623992774679725,0.12466427515842872,-0.21349978001935166,-1.1253369394713424,0.10387953179637568,0.2904315279182766,0.16100468830296677,1.1533758492024033,0.34794243660512925,0.40130840329299433
7.5,2.25,195.0,23,9.173198339490694,0.6521739130434783,-1.3986481883743924,0.39198473636171743,0.6284680253753631,2.0479144346232596,7.035910840765124,9.974654839713885,-75.20857909992132,-23.326027057261502,132.7683448411515,78.62474728134904,80.79490382895632,-0.04943231751577137,-0.014822134387351804,0.0439886733242123,0.02631381142887962,-0.017283112486585872,-0.2578736879800685,-0.4246092655827889,-2.035080300034899,-10.523834027504464,-2.034125449134695,-0.05262399277468162,-0.12466427515842966,0.21349978001935058,1.1253369394713424,-0.10387953179637568,-0.2904315279182766,-0.16100468830296705,1.1533758492024033,0.3479424366051294,0.4013084032929945
7.5,2.5,195.0,27,10.008256731119134,0.8518518518518519,-1.423168694383622,0.4153678826700971,0.580649638888488,2.7718861331463454,6.632038097840097,-28.819307134141848,-66.95188978770602,-4.675586683333367,179.6569107617227,91.6357334373528,120.94905958471409,0.0,0.0,0.0,0.0,0.0,0.0,0.0,0.0,0.0,0.0,0.0,0.0,0.0,0.0,0.0,0.0,0.0,0.0,0.0,0.0
7.5,2.75,195.0,23,10.226828812695347,1.0,-1.2888755526707523,0.34901665532617576,0.5613919782390249,3.3358454839102287,7.265425150073119,-5.549852597335379,-60.05115948105743,-28.082634190940936,144.40201603287292,110.54618518986754,77.50263197862763,0.0,0.0,0.0,0.0,0.0,0.0,0.0,0.0,0.0,0.0,0.0,0.0,0.0,0.0,0.0,0.0,0.0,0.0,0.0,0.0
7.5,3.0,195.0,33,9.956899114072552,0.9696969696969697,-0.9231205807978222,0.3766331685059314,0.21671017666593553,3.1247718598819128,3.4201924959760985,-13.220839872361363,-176.36306790120997,38.45716730746199,66.36739420978196,107.50356367249681,77.50625537946463,0.0,0.0,0.0,0.0,0.0,0.0,0.0,0.0,0.0,0.0,0.0,0.0,0.0,0.0,0.0,0.0,0.0,0.0,0.0,0.0
7.5,3.25,195.0,144,11.511408238069775,0.9722222222222222,-0.8127506638473039,0.28357378867877325,0.1409599289239378,3.3174918377444573,1.8443668213042406,-13.759649940788524,-176.47306179940693,46.957621545434286,45.451159954699015,55.558989901699626,35.80081923356531,0.0,0.0,0.0,0.0,0.0,0.0,0.0,0.0,0.0,0.0,0.0,0.0,0.0,0.0,0.0,0.0,0.0,0.0,0.0,0.0
7.5,3.5,195.0,31,10.202805498968507,1.0,-0.8851737077475788,0.3808730335752155,0.14737522181187024,3.438525047825742,1.9474391032884206,-9.672984987017307,-173.2203253704961,47.88284378910018,67.78034056072082,54.12103863960447,48.6410239794793,0.0,0.0,0.0,0.0,0.0,0.0,0.0,0.0,0.0,0.0,0.0,0.0,0.0,0.0,0.0,0.0,0.0,0.0,0.0,0.0
7.5,3.75,195.0,20,10.35931451780969,1.0,-1.3546304176284294,0.4077214214683338,0.3063806995387049,3.7070875936157153,4.33316829861057,-14.850099789051264,-115.33269787980716,41.61800165635397,88.6374240673187,102.15171974042532,80.14122653010344,0.0,0.0,0.0,0.0,0.0,0.0,0.0,0.0,0.0,0.0,0.0,0.0,0.0,0.0,0.0,0.0,0.0,0.0,0.0,0.0
8.0,0.0,165.0,23,9.876510867070255,0.6086956521739131,-0.263719975946943,0.09203433630371553,0.03638245606029494,0.1667557289853002,0.6099456822058169,-9.730361696253611,-231.59306282289347,2.8915264376242025,3.414588272604428,9.085556115260127,4.276823797570808,1.0040531657640663,0.061594202898550776,-0.025351619094274136,0.02161132296351566,-6.272357679978219e-05,0.04002481584061743,0.013436904023351515,-4.000651509498295,-0.7562977640856445,1.9572059485553983,1.0688814361921573,0.5180493212139183,-0.12304451784370375,0.9242302319989281,-0.20421101107411815,-0.020871928862665336,0.15491637146859588,1.5100410918112765,0.25717087044873055,0.3883385819944574
8.0,0.0,180.0,138,7.868404535542124,0.4855072463768116,-0.21301673775839475,0.048811690376684216,0.03650790321389451,0.08670609730406537,0.5830718741591139,-1.729058677257023,-230.0804672947222,-1.022885459486594,8.507568288368178,32.04761546017718,7.482203135211409,-1.0040531657640646,-0.06159420289855072,0.025351619094274136,-0.02161132296351566,6.272357679978219e-05,-0.0400248158406174,-0.013436904023351515,4.000651509498294,0.7562977640856161,-1.9572059485553983,-1.0688814361921553,-0.5180493212139179,0.12304451784370375,-0.9242302319989281,0.20421101107411813,0.020871928862664552,-0.15491637146859588,1.510041091811275,0.2571708704487305,0.388338581994457
8.0,0.25,180.0,22,12.331926748683845,0.7272727272727273,-0.813157422116913,0.37465000749477273,0.2458145653187736,0.45768163656442673,3.6546107723768224,-2.0677161531475816,-173.39866810578408,8.26562263330289,100.08134478406906,130.28753376863352,47.69105317965694,0.0,0.0,0.0,0.0,0.0,0.0,0.0,0.0,0.0,0.0,0.0,0.0,0.0,0.0,0.0,0.0,0.0,0.0,0.0,0.0
8.0,0.5,180.0,31,12.206207825113852,0.8387096774193549,-1.3337469679898106,0.4362220365633001,0.40659896996875344,1.08586354824228,6.459790085606119,37.51659173822089,-117.64755661267557,-9.860457244115045,128.95060984826944,111.7183749096087,58.12315953737274,2.2358898799794016,0.21935483870967742,-0.3227343214236622,0.03905571937943436,0.08442248009602643,0.07135476168625088,1.4409642457717595,13.583063768965758,45.93701243130087,-4.080960722715582,2.380253623582991,1.844924034258598,-1.566396561242055,1.6702576072680928,0.6933398670589461,1.2677467806461868,-0.3230153820734017,3.783214329967686,1.4806218315789192,5.601509730492369
8.0,0.5,195.0,20,7.734428065155049,0.4,-0.6882783251424862,0.35811059780443133,0.23775400977670058,0.9431540248697783,3.5778615940625995,10.350464200289375,-209.52158147527734,-1.698535798683881,108.15965971602282,117.27672794892186,50.57917622002227,-2.2358898799794016,-0.21935483870967742,0.3227343214236622,-0.03905571937943442,-0.08442248009602643,-0.07135476168625088,-1.4409642457717595,-13.583063768965756,-45.9370124313009,4.080960722715583,-2.380253623582991,-1.844924034258598,1.566396561242055,-1.670257607268095,-0.693339867058946,-1.2677467806461875,0.3230153820734018,3.783214329967687,1.48062183157892,5.601509730492373
8.0,0.75,180.0,25,12.221820283625735,0.76,-1.4781986134681324,0.42146861562121063,0.48888789625814744,0.9313052392362321,6.019487226135686,63.27993379895804,-136.54671726276072,-14.29489587971994,129.79681997083773,91.33016049935388,48.38864499493748,1.7199747006613588,0.07736842105263153,-0.02265911884845928,-0.0059660833046283335,0.018990532698771656,-0.10193064753756154,0.03179244162001815,23.83337272073797,1.4647471738971092,-1.4468007020025269,1.8310275699973142,0.6507212712164416,-0.10997642174663164,-0.2551456274134812,1.216561134868396,0.04042336268484395,-0.11451687808218651,1.962980957480796,1.2226075243056214,2.3999552886846742
8.0,0.75,195.0,38,8.781870882303018,0.6052631578947368,-1.432880375771214,0.4334007822304673,0.4509068308606041,1.135166534311355,5.95590234289565,15.613188357482098,-139.4762116105549,-11.401294475714886,97.93020275101732,119.29308557216868,49.75192751855012,-1.7199747006613588,-0.07736842105263164,0.02265911884845906,0.0059660833046283335,-0.018990532698771656,0.10193064753756143,-0.03179244162001815,-23.833372720737973,-1.4647471738970808,1.4468007020025269,-1.8310275699973142,-0.6507212712164425,0.10997642174663057,0.2551456274134812,-1.2165611348683962,-0.040423362684843166,0.11451687808218651,1.9629809574807964,1.2226075243056216,2.399955288684675
8.0,1.0,165.0,20,10.595023527789692,0.8,-1.5393289514179231,0.44431437734426527,0.7033234209633323,2.6222509466757624,7.431361951123755,-15.878566526760075,-17.452927765664768,-2.3375440546207633,121.91631503281135,107.45505266312678,86.64565396567322,1.7284252231708326,0.18048780487804883,-0.0040342705566482895,0.029854425427715547,0.061558067706559805,0.5977046366258469,0.31569705170097606,-24.745567090185403,30.227314702211977,-1.6772223776917536,1.840023713771859,1.51802572976658,-0.019580401300915484,1.27675490231828,-1.2631235845190878,0.8341983701838922,-0.13275516819766242,2.7056562708860503,1.5195367864151892,4.111344235006293
8.0,1.0,195.0,41,7.138173081448026,0.43902439024390244,-1.5312604103046266,0.3846055264888341,0.5802072855502127,1.4268416734240685,6.7999678477218035,33.61256765361073,-77.90755717008872,1.016900700762744,124.62986900276213,102.59111784430485,66.37634308711526,-1.7284252231708335,-0.18048780487804877,0.0040342705566482895,-0.029854425427715603,-0.061558067706559805,-0.5977046366258469,-0.3156970517009752,24.745567090185403,-30.227314702211977,1.6772223776917536,-1.84002371377186,-1.5180257297665796,0.019580401300915484,-1.2767549023182825,1.2631235845190878,-0.8341983701838922,0.13275516819766242,2.7056562708860517,1.5195367864151892,4.111344235006295
8.0,1.25,165.0,26,11.557197082647352,0.8461538461538461,-1.541687468828212,0.4162173642814041,0.6813261622274059,1.8476076399423609,7.071594435760019,-43.24753989926129,-40.7767076890301,-38.58562260766959,116.1194102747964,102.51271810615042,58.87496998281799,0.06982894383713045,0.0,-0.039760271819612614,0.0,0.15213608735645334,0.25627490017306265,0.41371998715487024,-43.138165467591996,32.626720781280746,-28.318218716929834,0.07433755932596921,0.0,-0.19297716083482008,0.0,-2.201963446479823,0.9004159836334262,-2.241437950522699,0.20680004190137394,3.2685525923960976,0.6759368130643574
8.0,1.25,180.0,26,11.487368138810222,0.8461538461538461,-1.5019271970085994,0.4331565913529267,0.5291900748709526,1.5913327397692982,6.245435879187918,10.662331021658513,-112.75465513384532,-4.747048908489914,117.08158030246463,93.14248364411976,63.672172144174226,0.0,0.0,0.0,0.016939227071522622,0.0,0.0,-0.41243856941723145,10.771705453327812,-39.351226663534476,5.520354982249845,0.0,0.0,0.0,0.7244232938735857,0.549835659615481,-1.085995546440491,0.4369460269114469,0.7244232938735857,1.2933009742156194,0.9368973517111964
8.0,1.25,195.0,20,8.704580437070025,0.6,-1.3646368700303704,0.3042285770900478,0.46217131226796704,1.5779486270032683,6.657874448605149,-0.10937443166929794,-73.40342847031084,-10.26740389073976,115.26653279965217,115.8733343839047,80.36574125854277,-2.7827877017401974,-0.24615384615384617,0.13729032697822907,-0.1119887871913563,-0.06701876260298556,-0.01338411276602991,0.0,0.0,0.0,0.0,-2.9624627626072138,-2.070321993195169,0.6663409553773237,-4.789314515445482,0.0,0.0,0.0,6.036883514861947,0.0,0.0
8.0,1.5,165.0,25,11.293085457120585,0.88,-1.5051406674394048,0.3875535498946302,0.5222414846772067,1.691661503599863,7.107913035944135,34.37330266562106,-68.40555371536536,0.365680854483698,130.7767046000284,99.16414631681468,67.30898358703655,2.4910689333631897,0.3114285714285715,-0.4087677282371833,0.014944941566861325,0.0766876885150542,-0.03134210051204711,0.9985698636044571,20.96448750682901,36.08212108258046,6.031301301926296,2.6519087135397625,2.6193270217478166,-1.9839611759696343,0.6391356436100237,1.0701204991876825,0.995776399471695,0.4773883472088751,4.270607707398798,1.5377347477953827,6.567061865869908
8.0,1.5,210.0,35,6.310947590394203,0.2571428571428571,-0.6876052109650382,0.35766366676090755,0.36886610764709826,1.754345704623957,5.1107733087352205,-7.5556723480369525,-140.56979588052627,-11.696921749368894,79.80191379703011,96.39308408882997,63.326117665807416,-2.4910689333631915,-0.3114285714285714,0.4087677282371832,-0.014944941566861325,-0.0766876885150542,0.03134210051204689,-0.9985698636044571,-20.964487506829006,-36.08212108258046,-6.0313013019262955,-2.6519087135397648,-2.6193270217478157,1.9839611759696338,-0.6391356436100237,-1.0701204991876823,-0.995776399471695,-0.47738834720887496,4.270607707398799,1.5377347477953824,6.567061865869909
8.0,1.75,165.0,29,11.13996649908853,0.7241379310344828,-1.4948882270652277,0.41168989411841905,0.6686262328872999,2.27151158477186,7.08805877900434,38.96260575788577,-7.557020604942062,14.92193746682116,153.10106008433377,109.5415978497963,81.93178900205623,3.7187348803147273,0.3010610079575597,-0.8629699095374801,0.07379614625360642,0.3310269005255032,0.3898951431811821,1.6380859573086592,17.135429163750906,128.7168910921091,20.37992370365993,3.958840841524421,2.5321287309014187,-4.188439248704487,3.155967336555049,0.8746683649927133,3.5522646262824478,1.613107620742785,7.041821489349811,3.998217717928209,28.154735445206022
8.0,1.75,195.0,24,6.616553886838144,0.4166666666666667,-0.6191727622408765,0.33789374786481263,0.3238889617074695,1.881616441590678,3.9418819525744717,21.827176594134862,-146.65526696595094,-5.45798623683877,99.14855563757294,98.02968892616954,51.298351543904495,-0.8046777319356586,-0.0064102564102563875,0.012745555286871157,0.0,-0.01371037065432723,0.0,-1.5080908691212094,0.0,-10.381355268899767,0.0,-0.8566330141778,-0.05391463523945733,0.06186077106521126,0.0,0.0,-0.286499470129327,0.0,0.8605542771197695,0.286499470129327,0.24654834441234003
8.0,1.75,210.0,26,7.4212316187738026,0.4230769230769231,-0.6319183175277476,0.3319827383209909,0.33759933236179673,1.8120110518493016,5.449972821695681,10.239640603607967,-136.27391169705118,-13.844944682395809,104.79845128885886,87.20688696289561,59.705178909104,0.0,0.0,0.0,-0.0059110095438217325,0.0,-0.06960538974137642,0.0,-11.587535990526895,0.0,-8.386958445557038,0.0,0.0,0.0,-0.25279034195440636,-0.5914792715299461,0.0,-0.6638428475054351,0.25279034195440636,0.8891203826443976,0.22476104556730991
8.0,2.0,210.0,23,8.786787696830924,0.6086956521739131,-0.514754968390041,0.30923490923484004,0.31225945102243263,1.9986226156812876,4.116512256113265,4.474678350671807,-159.06298315385206,-3.5529368868917035,108.65254663371141,124.72534045251072,51.16729583291643,0.0,0.0,0.0,0.0,0.0,0.0,0.0,0.0,0.0,0.0,0.0,0.0,0.0,0.0,0.0,0.0,0.0,0.0,0.0,0.0
8.0,2.25,165.0,22,10.350705247931113,0.7727272727272727,-1.5244954321666446,0.4017309178931934,0.6961469332935876,2.549037224574384,7.839383986904469,0.7144396796103956,-47.88514238225619,-2.013119475662264,156.57225628996537,85.17447160670729,79.65689371149153,0.6707540830702055,0.0,-0.434754093783293,0.02828692376960107,0.12822764060539804,0.20743233598588162,1.1767578085556494,16.24570668474412,35.0291810058891,1.3594220030861255,0.714062374474208,0.0,-2.11008644659795,1.2097190978197028,0.8292529803779879,0.9667178838698127,0.10760069688532935,2.534910290796466,1.278194774840561,3.2401090883856103
8.0,2.25,210.0,22,9.009197081790703,0.7727272727272727,-0.6549872446000586,0.34515707035399124,0.4396916520827914,2.134172552602621,5.485868369793171,-31.77697368987785,-117.94350439403439,-4.731963481834515,62.15504328798901,83.56887426027686,60.49384158736447,-0.6707540830702055,0.0,0.434754093783293,-0.02828692376960107,-0.12822764060539815,-0.20743233598588162,-1.1767578085556485,-16.24570668474412,-35.0291810058891,-1.3594220030861255,-0.714062374474208,0.0,2.11008644659795,-1.2097190978197028,-0.8292529803779879,-0.9667178838698127,-0.10760069688532935,2.534910290796466,1.278194774840561,3.2401090883856103
8.5,0.0,165.0,31,5.655346316867062,0.12903225806451613,-0.19957741321770253,0.03574614275337571,0.06563986140826421,0.16318382403036594,1.2054565023495432,-7.306417065214236,-238.21813645327543,2.8382898529904024,10.932857279849722,11.304733995643296,4.341125581338967,-1.7264242578941706,-0.24991686065846358,0.02203578684744198,-0.010913199621789514,0.013857984871855689,-0.01803781488401332,0.27693983697046587,1.5727078210408427,-4.421565317122713,7.121944944536236,-1.8378935530277698,-2.1019715156842578,0.10695106919472903,-0.46671409405730935,0.08027798809679368,-0.12202415654657796,0.5637147533814759,2.8329132605504617,0.5823304674613127,1.6496917032937017
8.5,0.0,180.0,97,9.108194832655403,0.6288659793814433,-0.24364898691258646,0.05757254199695474,0.03792389166455283,0.19925945379839258,0.6515768284086114,-10.451832707295923,-229.37500581903,-11.405600036082069,13.602625547556492,7.406043782124532,5.9420622353805435,1.7264242578941706,0.24991686065846358,-0.02203578684744195,0.010913199621789514,-0.013857984871855689,0.01803781488401332,-0.27693983697046587,-1.5727078210408436,4.421565317122713,-7.121944944536235,1.8378935530277698,2.1019715156842578,-0.10695106919472891,0.46671409405730935,-0.08027798809679373,0.12202415654657796,-0.5637147533814759,2.8329132605504617,0.5823304674613127,1.6496917032937017
8.5,0.25,180.0,83,7.420604793903959,0.3493975903614458,-0.1687815837357529,0.09241751687077547,0.07609985861528676,0.5250618770183937,1.3101840243421234,22.81761550726468,-222.85872855195385,-11.771297166420421,60.68459307293622,71.34575858161048,24.865136476390692,0.0,0.0,0.0,0.0,0.0,0.0,0.0,0.0,0.0,0.0,0.0,0.0,0.0,0.0,0.0,0.0,0.0,0.0,0.0,0.0
8.5,0.5,195.0,43,6.638250702869313,0.2558139534883721,-1.3088897002219118,0.2656789333422039,0.5320663484826677,6.429881827869626,18.16616250596169,-91.20813397356459,290.764468097534,139.44671377857534,82.7051004136037,233.43305348725147,72.56575584068946,0.2074637255141285,0.12790697674418605,0.05382251483255418,-0.0016090566550392427,-0.023963308823229945,-0.5804783859031231,-2.4484227796424776,1.1738233760664087,-7.512892179615108,-3.4913975519521614,0.22085894696279978,1.0757850473361523,0.26122849834876943,-0.06881294625493004,0.05991715546326526,-0.207337055022741,-0.2763503965957101,1.1309587492244804,0.3506397889614333,0.39655913715215835
8.5,0.5,210.0,20,6.223323251841057,0.0,-1.4165347298870201,0.2688970466522824,0.5799929661291277,7.590838599675873,23.063008065246645,-93.55578072569742,305.7902524567642,146.42950888247967,2.603130442285528,4.675725294493873,2.686059812462726,-0.20746372551412762,-0.12790697674418605,-0.05382251483255418,0.0016090566550392982,0.023963308823230056,0.580478385903124,2.4484227796424776,-1.173823376066423,7.512892179615108,3.4913975519521614,-0.22085894696279884,-1.0757850473361523,-0.26122849834876943,0.06881294625493241,-0.05991715546326599,0.207337055022741,0.2763503965957101,1.1309587492244804,0.35063978896143344,0.3965591371521585
8.5,0.75,195.0,27,8.184450542958032,0.5555555555555556,-1.2880403623569754,0.4216331614038523,0.5315748284785392,1.207208242859987,6.529404435996581,-4.860343063903644,-105.64214710732377,10.64664353634627,106.04582160173963,117.51678501200443,51.81596118085366,0.0,0.0,0.0,0.0,0.0,0.0,0.0,0.0,0.0,0.0,0.0,0.0,0.0,0.0,0.0,0.0,0.0,0.0,0.0,0.0
8.5,1.0,150.0,21,5.78289642162285,0.2857142857142857,-1.4546205404049852,0.4141915351889307,0.6569565073423214,2.056043961766386,7.261494281506819,-21.575208417335737,-50.57045186806394,-6.116074470648747,138.1630191925808,123.93048020289157,77.88432032771293,-1.705901631525375,-0.17421602787456447,-0.014601265429371457,0.007883832877730146,0.08440988519160642,0.39250579708860633,0.40583736977974816,-4.3278700205971035,34.93266871077735,0.03832872603748427,-1.816045851037985,-1.465275800932992,-0.07086749205184803,0.3371601406321295,-0.2209136963330087,0.9640543856372344,0.003033787611939138,2.3587612994393683,0.9890464718915752,2.3329245412448945
8.5,1.0,195.0,41,9.1946996846736,0.6341463414634146,-1.4254180095462425,0.3984238694334704,0.48813673695910864,1.2710323675891733,6.449819541947323,-12.919468376141527,-120.43578928961864,-6.192731922723715,105.9426681503639,98.01812567300705,53.76723394406238,1.705901631525375,0.17421602787456447,0.014601265429371235,-0.007883832877730146,-0.0844098851916063,-0.39250579708860633,-0.40583736977974727,4.327870020597107,-34.93266871077735,-0.03832872603748427,1.816045851037985,1.465275800932992,0.07086749205184695,-0.3371601406321295,0.22091369633300886,-0.9640543856372344,-0.003033787611939138,2.3587612994393683,0.9890464718915754,2.332924541244895
8.5,1.25,165.0,30,10.439346992978383,0.6666666666666666,-1.550321639939741,0.40980291643510935,0.7779395001222265,1.9766642927575397,9.430472396828863,-23.173002142815818,17.083098836933917,-28.903327533082077,161.96988186995537,94.48651863074673,86.61158404677818,1.316686337844331,0.10256410256410253,-0.20061616484147127,0.01632147096101,0.1885070190090472,0.39118669341220325,2.586078316505647,-13.85684185329075,101.89579410054435,-25.549381375398877,1.401700260303097,0.8626341638313201,-0.973693994958573,0.698004324784941,-0.7073147157247708,2.8120693553055616,-2.0222794943299176,2.03572870333441,3.5352004920961297,7.196709113802022
8.5,1.25,180.0,22,11.299526037525185,0.7727272727272727,-1.2901982797160723,0.465343651199163,0.6518448315479931,1.4069412807709218,7.027963897162781,4.5406815637656806,-73.10149218886161,-4.160638379580315,127.61539447265439,81.51077194872396,70.3599725021584,2.1768653823911333,0.2086247086247086,0.05950719538219751,0.07186220572506363,0.06241235043481386,-0.17853631857441465,0.1835698168395652,13.85684185329075,11.711203074748823,-0.8066922218971158,2.3174181165561714,1.7546763105205265,0.288819192841506,3.0732604006407263,0.7073147157247708,0.3231999472693201,-0.06385114044869934,4.240007275694783,0.7802751316890114,3.308372235405113
8.5,1.25,195.0,52,7.8059743172897225,0.46153846153846156,-0.8228572455641683,0.3544840267899846,0.3269289883368447,1.5172879539968933,4.525720760496453,8.495314125735018,-157.13303967953362,1.6099682763515368,122.26764674050763,98.02524888347939,50.49018671416753,-1.3166863378443292,-0.10256410256410253,0.5268482295341015,-0.03899741868411477,-0.26250349277633456,-0.06818964534844318,-2.318673319826763,17.811474415260086,-72.32034441592319,4.963914434034736,-1.401700260303095,-0.8626341638313201,2.5570669131138017,-1.6677643186687834,0.9091767154488266,-1.9958608310809056,0.3929027565897386,3.468274836443736,2.2281012842986057,7.727667617380825
8.5,1.25,210.0,20,6.697817885406236,0.3,-1.409212670480467,0.37715997451308936,0.5270201306783653,1.65366724469378,6.660824263483651,-43.467709892278975,-96.52389833835926,-2.5472539357860837,122.44322961042252,90.1521181842691,63.96634197921493,-2.4248427697278157,-0.2641025641025641,-0.05950719538219729,-0.01632147096101,-0.06241235043481397,0.0681896453484434,-0.1835698168395652,-34.1515496027539,-11.711203074748823,0.8066922218971158,-2.581406553580726,-2.2212829718656497,-0.2888191928415049,-0.698004324784941,-1.7432466830885924,-0.3231999472693201,0.06385114044869934,3.4883211434072283,1.774103765891632,6.188643677158168
8.5,1.5,165.0,24,10.785894985380319,0.875,-1.6054906145450776,0.3812052908659014,0.6883533123570891,2.285758292821792,8.38222856470312,15.401763940035455,-65.01636942574552,-4.011917107974728,151.28079568522702,94.87616888204377,70.01053646908095,2.7423031784492427,0.355,-0.37472324659619427,0.0055646327011715235,0.0,0.4824118162307014,0.5594253078214964,14.804603672113714,0.0,0.3137099628016973,2.9193642924521392,2.9857924995611573,-1.8187257007450779,0.2379771835845043,0.7556926858678273,0.0,0.02483070786018079,4.560925458384267,0.7561005221046792,3.448518120364867
8.5,1.5,195.0,47,7.283224374072022,0.44680851063829785,-0.8281291986088384,0.37564065816472986,0.42989685352568835,1.7144770099448396,5.641235114304514,0.5971602679217396,-119.53174265886402,-4.3256270707764255,116.13090871076272,88.18519165631064,56.440662849851165,-0.760367432859054,-0.07319148936170217,0.4026381693400449,0.0,-0.2584564588314007,-0.08886946664625106,-2.1815681425771087,0.0,-54.515373233118495,0.0,-0.8094617510116078,-0.615590422444734,1.9542112567913628,0.0,0.0,-1.5044881078273928,0.0,2.202980147601549,1.5044881078273928,3.314357433846365
8.5,1.5,210.0,25,8.043591806931076,0.52,-1.2307673679488833,0.3130377434995888,0.718804628593246,1.8033464765910907,7.822803256881623,-20.588396271000164,-45.667361651982404,-13.93542648177226,126.99260944709941,110.45519189881982,68.44995142530358,0.0,0.0,0.0,-0.06260291466514106,0.030451316236156933,0.0,0.0,-21.185556538921904,19.34900777376312,-9.609799410995835,0.0,0.0,0.0,-2.6772773903037366,-1.0814048438634647,0.5339842757639167,-0.7606329095777256,2.6772773903037366,1.425881504974083,3.817480314519377
8.5,1.75,150.0,27,7.6063843307676935,0.48148148148148145,-1.2609420906905096,0.3923502616339543,0.5845183200609988,2.4237971714986664,7.213063809039252,-21.482012965362564,-96.89163431734634,-4.9220873816147055,117.09883463711049,106.92340489888355,95.82834591399902,-0.7328631310677851,-0.08738425925925924,0.007449199336108103,0.023849870065297707,0.05347848609875383,0.3804434747532257,0.6802773018301895,1.8638242059330352,0.6780637163738135,-8.003968988340992,-0.7801815907546138,-0.7349613123267715,0.03615481666968076,1.0199639781797303,0.09513786058454557,0.018712864594567367,-0.6335285430417535,1.48002876077532,0.6409054522053514,0.9485585022016324
8.5,1.75,165.0,24,9.072110592903265,0.6666666666666666,-1.4952524650968382,0.3908310536264564,0.6176105527204464,2.1241909522337914,7.030896470211149,15.799300958140046,-60.21103183254679,19.422691409210135,100.91026693744364,100.51749944429146,64.00121818198711,0.732863131067786,0.09780092592592593,-0.22686117507022052,0.02233066205779982,0.08657071875820144,0.08083725548835075,0.4981099630020873,39.145138129435644,37.35866620117337,16.340809802483847,0.7801815907546148,0.8225725945908902,-1.1010746019876874,0.9549935008241882,1.99814160695305,1.0310058556072241,1.29340448986869,1.8465337401962556,2.5939233084549334,4.789766908543534
8.5,1.75,195.0,32,9.158154987440534,0.65625,-1.275840489362726,0.33043088239632146,0.4775613478634912,1.9625164412570895,6.034676544206975,-42.03523442655036,-98.24776175009396,11.085850595067278,128.45105617074043,95.04911644120271,69.1036141307525,0.8189075256050558,0.0873842592592593,-0.007449199336108325,-0.03806950917233515,-0.053478486098753775,-0.08083725548835119,-0.4981099630020873,-18.68939725525476,-0.6780637163737993,8.003968988340992,0.871781576836321,0.734961312326772,-0.03615481666968184,-1.628081323565064,-0.9539897941123208,-0.018712864594566975,0.6335285430417535,1.9879957784759257,1.1453406102205623,2.2769322980355184
8.5,1.75,210.0,36,7.35250576489371,0.3611111111111111,-0.6265513236579326,0.3461697295108568,0.4248137907245536,1.7540560839621424,5.392303671595694,-25.20966137722863,-134.06072039544404,-16.686530939505225,98.34670041373728,92.58211235355348,51.675850633991026,-0.9867416969417686,-0.2077546296296296,0.641839966368685,-0.02233066205779982,-0.10622604323769136,-0.28929761278329824,-1.1404828356133683,-1.8638242059330317,-36.49102236172388,-19.76841254623151,-1.0504522251819093,-1.7473583518232514,3.1151812789933793,-0.9549935008241882,-0.09513786058454539,-1.0070610532356163,-1.5647054126403142,3.8435762090380567,1.863203211087435,7.161363534738978
8.5,2.0,150.0,30,8.911834989622584,0.6,-1.5542589033474807,0.405344357416496,0.6682102812414273,2.3644533067089455,7.862586310579694,3.730730352216585,-48.44601463917039,-22.041950054316047,129.87539193192947,79.97924996402577,81.42902491798374,-0.12925662906103597,-0.048484848484848464,-0.16577332471121964,0.006295174202032627,0.10951183213060289,0.05566610380172632,0.5720055479773372,22.06877828634347,39.80048599138508,-8.481274440659835,-0.13760228643169484,-0.4077906956293513,-0.8045836731211655,0.2692195347337402,1.1264884022827346,1.0983939815239574,-0.671308128174319,0.9513473002056075,1.710584713505434,1.6273601489663772
8.5,2.0,165.0,33,9.170348247744657,0.696969696969697,-1.6188332097448594,0.3929067912068013,0.5540098774398153,2.253121099105493,7.4073241311354625,-27.087591405564975,-98.58590708100954,-1.558680773882538,124.42098273591122,96.29103578264079,56.364618871201166,0.12925662906103774,0.048484848484848575,-0.23034763110859835,-0.00614239200766209,-0.004688571671009112,-0.05566610380172632,0.11674336853310585,-8.749543471438091,-10.339406450454064,12.001994839773674,0.13760228643169672,0.40779069562935216,-1.1179961761337094,-0.26268564862289123,-0.44661553611886373,-0.28534178753915024,0.9499794808690887,1.2264366434981984,1.087817258040651,1.3341389466907896
8.5,2.0,180.0,20,9.74675598522342,0.8,-1.2227122539250415,0.4051915752221255,0.5633870207818334,2.489605122542611,7.173837394069251,-46.153564179800284,-77.90709418010141,-19.05661597285524,150.51611535353578,139.55061744667807,93.4745130704245,0.7056643665397999,0.1515151515151516,0.16577332471121964,0.006142392007662145,0.004688571671009001,0.18081791963539162,-0.11674336853310585,-27.8155162456734,10.339406450454064,-5.495940359199029,0.7512266952544322,1.2743459238417238,0.8045836731211655,0.2626856486228936,-1.4198274162574733,0.28534178753915024,-0.43501356557972165,1.7043056411103288,1.5121397521098348,2.5771483096679657
8.5,2.0,210.0,26,7.909161213788394,0.4230769230769231,-0.6039901747245355,0.33507896627859807,0.39836788765453934,1.9742233415739814,5.383012260106161,-9.58850446268879,-142.12018299011658,-8.064735254457185,64.8872040619344,83.68570776967348,45.646252978887254,-1.1319304048952255,-0.22540792540792537,0.7844954039117256,-0.0639702169358653,-0.1603305614562851,-0.3345638613332378,-1.9075685024961953,8.749543471438093,-53.8736823595611,5.495940359199027,-1.2050152702155636,-1.8958346282383787,3.807561890464088,-2.735751464150003,0.44661553611886384,-1.4867790428258536,0.4350135655797215,5.198857024615486,1.6122078530782824,8.38163812211628
8.5,2.25,150.0,20,8.616471503581216,0.6,-1.3585395280021513,0.33391865917842734,0.644367507137984,2.4008208241386924,7.664980335879382,-60.10361554831951,-29.126593863193783,-31.16956346184533,99.33291115063871,120.77795596191815,88.0583981386033,-0.9876634737081531,-0.14,0.19317384768722956,-0.0020613564715929455,-0.06872298709381885,0.10030588497496673,-0.378679827261732,-16.563875008326846,-7.689105993363697,-25.741305732424387,-1.051433517913706,-1.1774956336297524,0.9375725810765531,-0.08815600845858228,-0.8454937038942268,-0.2122001160548281,-2.037470652423822,1.8381572937111292,2.2161171341034334,4.0735718737704305
8.5,2.25,165.0,25,10.591798450997524,0.88,-1.7448872233766106,0.3380413721216132,0.7818134813256217,2.200209054188759,8.422339990402847,-26.97586553166582,-13.74838187646639,20.313048003003445,163.5348177450903,72.92796194525917,50.203543858093994,0.9876634737081549,0.14,-0.19317384768722978,0.0020613564715929455,0.06872298709381885,-0.10030588497496673,0.3786798272617329,16.563875008326843,7.689105993363697,25.741305732424387,1.0514335179137078,1.1774956336297524,-0.9375725810765542,0.08815600845858228,0.8454937038942266,0.2122001160548281,2.037470652423822,1.838157293711131,2.2161171341034334,4.073571873770435
8.5,2.5,165.0,25,10.336687407243613,0.96,-1.810088378981351,0.38216453740143397,0.6419846435305686,2.3632103664325093,9.103454092748526,-87.80775230693894,-58.57512972173639,23.68825106992785,129.2748111345585,113.47633574708705,81.72219455794391,0.0,0.0,0.0,0.0,0.0,0.0,0.0,0.0,0.0,0.0,0.0,0.0,0.0,0.0,0.0,0.0,0.0,0.0,0.0,0.0
8.5,2.75,165.0,23,10.293032837465624,0.782608695652174,-1.6777353526122512,0.3587703473665156,0.6639773148516797,3.2333952919399778,8.876555474380323,-15.262777254201536,32.7553955555754,-5.267074608585473,153.32038626030266,99.5340120881196,113.18506838073345,0.0,0.0,0.0,0.0,0.0,0.0,0.0,0.0,0.0,0.0,0.0,0.0,0.0,0.0,0.0,0.0,0.0,0.0,0.0,0.0
9.0,0.25,165.0,20,4.2250522813373745,0.3,-0.9531198847129945,0.03921622842476928,0.19961910545761008,0.5950849699827806,3.511148177789704,-13.01218179105142,-210.4506466408095,-11.50173457557166,96.09695839163295,125.89515753414703,49.258067922438805,0.0,0.0,0.0,0.0,0.0,0.0,0.0,0.0,0.0,0.0,0.0,0.0,0.0,0.0,0.0,0.0,0.0,0.0,0.0,0.0
9.0,1.0,150.0,22,6.072554869151925,0.22727272727272727,-1.556418154980884,0.3742143067171727,0.6632029246940597,2.110099372913,8.232230856712567,-15.380685164772906,-53.31438746429413,-13.823407229869215,136.75287471151185,99.96792402443484,91.16850815386476,-0.7272340856314932,-0.09090909090909091,-0.3667874746524453,0.029362030804155337,0.15787484303982835,0.2764268913630974,1.1982530266636635,-6.213871395579657,55.125758147104946,-6.197832000329815,-0.7741890971541818,-0.7646075543050339,-1.7802092955835347,1.2556971448669498,-0.3171835780655127,1.5213332065551033,-0.4905695515444974,2.435141459127532,1.6296375770287832,3.9683980271749273
9.0,1.0,195.0,22,7.52702304041491,0.4090909090909091,-0.8228432056759936,0.31549024510886203,0.3474532386144029,1.5572455901868052,5.83572480338524,-2.9529423736135914,-163.56590375850402,-1.4277432292095842,107.6414873095147,95.64041301235801,59.5898199209787,0.7272340856314923,0.09090909090909094,0.3667874746524451,-0.029362030804155337,-0.15787484303982846,-0.2764268913630974,-1.1982530266636635,6.213871395579657,-55.125758147104946,6.197832000329815,0.7741890971541809,0.7646075543050341,1.7802092955835336,-1.2556971448669498,0.3171835780655127,-1.5213332065551033,0.4905695515444974,2.4351414591275313,1.6296375770287832,3.968398027174926
9.0,1.25,150.0,23,6.2372745933461315,0.2608695652173913,-1.4158020820786648,0.3950714309025129,0.6371017325363931,1.6669194519965858,7.671013670686557,-29.817596883662056,-62.182600283112436,-0.22313709239232787,125.83685583113943,111.16387173389421,49.82815539146461,-0.46605748916831313,0.0,0.0,-0.004893996498116782,0.03577394831327274,0.06056429827197918,0.0,-45.10197618917944,0.0,-7.525599185991031,-0.49614922332449035,0.0,0.0,-0.20929674349379113,-2.3022050626419506,0.0,-0.5956647126896624,0.5384878630411282,2.3780169470375703,1.2805332640858489
9.0,1.25,180.0,20,10.564490719856629,0.85,-1.4488319296399732,0.4035813884881988,0.46275711525357094,1.5195428316206077,7.639124371826323,15.284379305517383,-126.27207315375124,11.260547735622637,96.35419952955624,93.82518520641482,83.13020502497734,3.861158637342184,0.5891304347826087,-0.033029847561308445,0.0036159610875691195,-0.13857066896954945,-0.08681232210399892,-0.03188929886023395,0.0,-64.0894728706388,3.958085642023934,4.110460412230663,4.95498938996371,-0.16031093132628166,0.15464025781786017,0.0,-1.768709339262588,0.313289598407809,6.441848947251797,1.7962413811248275,11.571115650009084
9.0,1.25,210.0,20,6.703332082514445,0.25,-1.370881083799247,0.3999654274006297,0.6013277842231204,1.6063551537246066,7.7030448639937195,41.447179950337194,-58.03840061447288,7.302462093598703,96.22738403419336,111.29393278353498,50.81723643092425,0.0,-0.010869565217391297,0.04492099827941787,0.0,0.0,0.0,0.0320311933071622,26.16280064481981,4.144199668639558,0.0,0.0,-0.09142046844951486,0.21802483517106794,0.0,1.335465475941756,0.11436955757908468,0.0,0.23641601215421107,1.34035384624105,0.31688111120386764
9.0,1.5,150.0,22,7.4687615274594386,0.3181818181818182,-1.1039025573869607,0.2735411574344728,0.406119797055695,1.752681613238484,5.529376970962263,-21.111867261293863,-136.47169329441286,-3.7636048214653934,113.33229946208273,113.9308126838083,56.16156420641699,0.0,-0.033169533169533194,0.0,-0.039417258178162884,0.0,-0.01086428331190481,-0.32603289356690723,0.0,0.0,0.35726928571472705,0.0,-0.27897843197616123,0.0,-1.6857191821281594,0.0,0.0,0.028278506623666124,1.7086480405580045,0.028278506623666124,0.04831801493243367
9.0,1.5,195.0,37,7.463713726747129,0.35135135135135137,-0.6032546381737908,0.3512039288672608,0.3738577805816114,1.7635458965503887,5.85540986452917,2.711419537520828,-146.63938203920065,-4.1208741071801205,98.04167300647107,111.28496860067166,46.720153863405244,-0.005047800712309147,0.0,0.50064791921317,0.03824551325462511,-0.03226201647408361,0.0,0.0,23.823286798814692,-10.167688744787796,0.0,-0.005373719897470685,0.0,2.429903257853513,1.6356083173581892,1.2160463046441996,-0.2806028078577022,0.0,2.9291079336896995,1.2480010219612963,3.655529694679686
9.0,1.5,210.0,29,7.471072591644677,0.3793103448275862,-1.3369421625512141,0.3129584156126357,0.6533492073052357,2.368750141068595,8.192996793427984,-26.43961911109874,-29.32252510237859,-33.108373556745015,114.93101436524502,99.89756023282436,79.26371177437964,0.0023110641852381875,0.027958993476234817,-0.23303960516425337,0.0,0.2472294102495407,0.6052042445182062,2.337586928898814,-5.327751849804876,107.14916819203427,-28.987499449564893,0.002460281675990567,0.23515423384963732,-1.131061718357821,0.0,-0.27195210315559254,2.9570493559526745,-2.2944127244192294,1.1552506989471516,3.752656204600649,4.335258703273265
9.0,1.75,150.0,31,6.874415933361243,0.3225806451612903,-1.0435743302771006,0.3212675437728158,0.6387053060916955,1.9772398641987101,7.7713237790596015,-6.60944249955869,-74.87353544614838,20.263605717115606,132.20543329092013,118.38033812773044,70.73401527552728,-1.5690266240535085,-0.23535161865332638,0.05206517791177734,-0.02657179706110674,0.061339575271551205,0.05908154704324309,0.4168573138410956,-4.779881306318957,17.34574411271832,22.182711629842874,-1.670333293621758,-1.9794678809427597,0.2526992334800509,-1.1363699577242368,-0.24398635873687488,0.4786992033863198,1.7558015279720127,2.839630255312286,1.8361702742940893,5.214044664790555
9.0,1.75,165.0,20,10.62678985422448,0.75,-1.5239950085221192,0.39914585659705404,0.6983432680125279,1.9470045099136861,8.970732853553246,-15.079702014976334,-47.55819300527309,8.267611404686345,152.50415557816552,106.01087733992115,82.24369742649962,2.1833472968097283,0.1920677361853833,-0.4283555003332413,0.0513065157631315,0.12097753719238358,0.02884619275821909,1.61626638833474,-13.2501408217366,44.66108655359361,10.186717317413613,2.3243185459649567,1.6154208622817143,-2.0790307636054064,2.1941753888398563,-0.6763460020592007,1.2325344140120789,0.8062969996360393,4.141112871972926,1.6207096741389688,6.711541693307931
9.0,1.75,195.0,33,8.875994120228185,0.6060606060606061,-0.5933555583804201,0.3591311182303187,0.32540291945606076,1.8225375280738931,4.889285593984626,14.152866241707166,-156.45336007056162,-12.105823230140881,88.96520223645382,107.38011014014826,63.408400486190374,0.4325515628134333,0.048128342245989386,0.5022839498084578,0.011291777396396141,-0.25196281136408355,-0.0956207890815739,-2.46518087123388,15.9824274349469,-64.23408051169491,-10.186717317413613,0.460479934182915,0.4047922346320775,2.437843760392075,0.4829043580705311,0.8158140388285231,-1.7727001488887015,-0.8062969996360393,2.5597221220534108,2.1114291878824187,5.404672001371894
9.0,1.75,210.0,51,8.010890994601318,0.5098039215686274,-1.1477046861006552,0.33654756343752645,0.516026155548593,1.889312124397248,6.937609151377411,2.950320113079224,-109.56502367158502,-13.667505832316715,95.18622178522403,92.31771042247465,55.55583221440311,-0.4325515628134333,-0.048128342245989275,-0.05206517791177734,-0.011291777396396085,-0.061339575271551317,-0.02884619275821909,-0.4168573138410947,4.779881306318957,-17.34574411271832,-11.748399919589447,-0.460479934182915,-0.40479223463207653,-0.2526992334800509,-0.4829043580705287,0.24398635873687488,-0.4786992033863198,-0.9299069867675837,0.8203365435285974,1.0739689355896396,0.8810159644786918
9.0,2.0,150.0,26,7.611021567151193,0.5,-1.3610402643983779,0.33589081648083,0.7273853774188039,1.824113441894717,8.128391673423803,-67.36544629740845,-65.95099846648202,-15.238878293135688,111.94642077001613,89.99610349561483,44.752061758791115,-0.568698539925613,-0.018292682926829285,-0.2554781462249842,-0.005269957112171264,0.14048191974202195,-0.18228825939013804,0.9044290561935036,-44.27758563265853,29.113080392686214,-0.010219104958483882,-0.6054174548152468,-0.1538539590979643,-1.2399675620306363,-0.22537508197110884,-2.2601245093452196,0.8034482868845196,-0.0008088605396859439,1.406596892427526,2.398685598759456,3.3739837091257106
9.0,2.0,165.0,20,8.191747867257199,0.5,-1.1681188786118293,0.253592657061145,0.6953569009491274,2.030234879535511,8.372167333324391,-15.821061736707371,-15.487377148081979,-1.734108995264349,132.37886118026145,124.96370842808493,58.28564279980076,0.012027760180393088,-0.018292682926829285,-0.06255676043843561,-0.08756811653185631,0.1084534432723454,0.02383317825065623,1.1482047160940922,7.266798928042551,79.57670171108626,13.494550192912856,0.012804351416998948,-0.1538539590979643,-0.30362030911666227,-3.7449396686439966,0.3709296730406755,2.1961181641828125,1.0681179218926373,3.760398038244998,2.470101153488252,9.28856353184393
9.0,2.0,195.0,25,8.307168210727301,0.56,-1.0430053577349583,0.34643073070517255,0.47845001440443663,2.1822405750617766,6.319533561036795,-30.354659592792473,-124.17715925185445,-15.21844008321872,112.75837272235513,103.58833531522885,65.51405301223265,0.12744810365049553,0.04170731707317077,0.06255676043843539,0.005269957112171264,-0.10845344327234535,0.17583887377692164,-0.9044290561935044,-7.266798928042551,-29.113080392686214,0.010219104958483882,0.13567699073608552,0.35078702674335854,0.3036203091166612,0.22537508197110884,-0.3709296730406755,-0.8034482868845196,0.0008088605396859439,0.5333282325437371,0.8849398998209451,0.4719634326789364
9.0,2.0,210.0,41,8.167692346896413,0.5365853658536586,-0.5904197542237855,0.35206007770458364,0.40694713663079124,1.9825685230341985,5.466146377295043,13.834943884852407,-139.91007682584308,-17.300903362415724,85.4465783373285,77.46868152766805,41.09229627231863,-0.012027760180393088,0.018292682926829285,0.5151423639496082,0.010899304111582353,-0.17995632104599074,-0.02383317825065645,-1.7578162399352557,36.92280454960233,-44.845997966674844,-2.07224417423852,-0.012804351416998948,0.1538539590979643,2.5002522938411222,0.4661198384143675,1.8847038365788347,-1.2376375070569094,-0.1640218539632554,2.5480118188043317,2.260698635171562,5.760286841171962
9.0,2.25,150.0,30,9.08822400044447,0.8,-1.3776280582195919,0.3503287550188475,0.6668426929261744,2.605024048649078,9.111445644907462,-23.739300232957174,-4.9401561293172325,-19.037599620727182,161.953707691359,91.42893541805265,76.15596045340772,0.0,0.10000000000000009,-0.002476348428918973,0.0,0.0,0.15834016613771063,0.6784022405154602,0.0,45.46683568463283,-18.520156213142535,0.0,0.841068309735538,-0.012018999548560096,0.0,0.0,1.2547710770604446,-1.4659036785011101,0.84115418205674,1.9295916797267016,1.6230841110640046
9.0,2.25,165.0,20,9.381523381084993,0.7,-1.375151709790673,0.3715246516011507,0.7268395020824483,2.4466838825113673,8.433043404392002,-51.74558452107319,-50.40699181395006,-0.5174434075846488,146.70345789252917,101.9696403980377,77.85535782451923,0.29329938064052286,0.0,0.0,0.021195896582303198,0.05999680915627392,0.0,0.0,-28.006284288116017,0.0,0.0,0.3122367160455519,0.0,0.0,0.9064640998035667,-1.4295650639219466,0.0,0.0,0.9587329821590583,1.4295650639219466,1.3705711769242928
9.0,2.25,210.0,24,9.006778817450073,0.625,-0.9770663405605242,0.34912247449381634,0.5260674837620161,2.252742514569423,6.86302051558809,-7.009009730472905,-110.16205335318801,2.934842008195653,145.87859388257652,83.27584242084548,68.11407198561949,-0.08144518299439696,-0.07499999999999996,0.3980853692301487,-0.0012062805250311892,-0.1407752091641583,-0.19394136794194416,-1.570022888803912,16.73029050248427,-59.75506153923796,3.452285415780302,-0.0867038192183146,-0.6308012323016526,1.9321141634152845,-0.05158781493328808,0.8539882893985133,-1.6490904149888888,0.2732546006624297,2.0349826019059383,1.8770890421131352,3.8198435429285134
9.0,2.5,150.0,22,8.437229918703817,0.5,-1.2207690814519632,0.35306572860123675,0.5591418319444343,2.316554066776183,7.04709378589781,-1.2713335499945624,-91.87346553438158,-5.736508164075602,51.70533159773847,83.29379250013751,43.24374321730238,-0.9428743265928645,-0.19999999999999996,0.2754889388645638,-0.02242511869096081,-0.06401016129044412,-0.25769708912930955,-0.5073135262264925,15.609695851266157,-27.180763093935326,-19.296011372255947,-1.003752489132745,-1.6821366194710743,1.3370902871256785,-0.9590330349206245,0.7967881643223361,-0.7501211568639964,-1.5273140099604814,2.55825281471567,1.8788936142849344,4.806684877295732
9.0,2.5,165.0,20,10.322978571889546,0.9,-1.7717469591810908,0.39791596598315837,0.6871621545253226,2.831948245034802,8.061720838350794,-32.49072525252687,-37.51193934651094,32.85551458043629,158.8767839344758,75.09779202399203,87.89154878668386,0.9428743265928645,0.20000000000000007,-0.2754889388645638,0.02242511869096081,0.06401016129044412,0.25769708912930955,0.5073135262264916,-15.609695851266153,27.18076309393531,19.296011372255947,1.003752489132745,1.6821366194710752,-1.3370902871256785,0.9590330349206245,-0.796788164322336,0.750121156863996,1.5273140099604814,2.5582528147156705,1.8788936142849342,4.806684877295732
9.0,2.75,165.0,28,10.186551598838962,0.9285714285714286,-1.785118282523597,0.30659601676412873,0.7546330998448606,3.6782720513295875,9.044104668009236,-71.43983030791016,-26.57738759107936,19.193150463760986,119.5679151146363,91.80197458193813,78.94237187666286,0.0,0.0,0.0,0.0,0.0,0.0,0.0,0.0,0.0,0.0,0.0,0.0,0.0,0.0,0.0,0.0,0.0,0.0,0.0,0.0
9.0,3.0,165.0,25,10.401145159395274,0.96,-1.7341413907308676,0.3262655300201548,0.6616850945564358,2.9883713248455313,7.97730843854656,-22.979820430095604,-63.04378397325211,-24.783903564940427,119.63243100413936,85.78877296456743,94.45909139722764,0.0,0.0,0.0,0.0,0.0,0.0,0.0,0.0,0.0,0.0,0.0,0.0,0.0,0.0,0.0,0.0,0.0,0.0,0.0,0.0
9.0,3.75,165.0,20,11.112494488613832,1.0,-1.6556545756159968,0.3123978416054082,0.7039734094272477,3.6227750865050554,8.273814574790691,13.458475683256243,-56.36696818457712,3.0731866887150963,104.57239255676588,59.07952164389025,81.11397388452706,0.0,0.0,0.0,0.0,0.0,0.0,0.0,0.0,0.0,0.0,0.0,0.0,0.0,0.0,0.0,0.0,0.0,0.0,0.0,0.0
9.5,0.25,165.0,34,4.119282116145131,0.029411764705882353,-0.4598902253396925,-0.04776033795134122,0.10802879030412682,0.4008595067468217,2.125050788646572,-4.679244334866856,-232.71547612865302,2.934714834964337,27.684773435180844,35.646106778340105,17.91123906875065,-0.022262910636984046,-0.0593681917211329,-0.0053991030712519095,-0.03827765169462964,-0.0004636239513475804,0.0008799897107757415,-0.046943196272409615,-2.865896875221449,-7.231315909344659,-0.4748685721805077,-0.02370035044645123,-0.4993270466294856,-0.026204639306082644,-1.6369827504695549,-0.14628809760951197,-0.19956625341313328,-0.037586701686133275,1.7118085215826682,0.25027915843555054,0.42842999618451416
9.5,0.25,180.0,27,4.163807937419098,0.14814814814814814,-0.4490920191971886,0.02879496543791806,0.10895603820682197,0.39909952732527015,2.218937181191391,1.052549415576042,-218.25284430996373,3.8844519793253522,45.40892158772794,84.02282345235733,31.97055589716778,0.022262910636983158,0.05936819172113289,0.005399103071251965,0.03827765169462964,0.0004636239513475665,-0.000879989710775797,0.046943196272409615,2.865896875221449,7.23131590934463,0.4748685721805077,0.023700350446450285,0.49932704662948557,0.026204639306082914,1.6369827504695549,0.14628809760951197,0.1995662534131325,0.037586701686133275,1.7118085215826682,0.25027915843554993,0.4284299961845131
9.5,1.0,180.0,21,8.685271098221923,0.5714285714285714,-1.3551995826057672,0.35183750538937897,0.5517582017053586,1.4134916069023746,6.8426004099297035,0.9253229800999897,-74.1414527366991,2.982442768290903,88.98521820699021,97.69503497013642,58.03843837959455,0.0,0.0,0.0,0.0,0.0,0.0,0.0,0.0,0.0,0.0,0.0,0.0,0.0,0.0,0.0,0.0,0.0,0.0,0.0,0.0
9.5,1.25,210.0,27,6.539436176762856,0.2222222222222222,-1.4592735515377822,0.3344608113553971,0.6323271134866428,1.703200203202422,8.501375146157194,17.83232554181238,-37.13017588627607,-3.711698363331445,102.2834381840681,98.61423187071645,68.21938987603116,0.0,0.0,0.0,0.0,0.0,0.0,0.0,0.0,0.0,0.0,0.0,0.0,0.0,0.0,0.0,0.0,0.0,0.0,0.0,0.0
9.5,1.5,150.0,36,6.215294594755486,0.3055555555555556,-1.0892057385688112,0.33106281892677336,0.46049397543384085,1.57090483553104,6.601653466337456,-39.53126412971979,-154.36921841987487,10.021703715054574,108.8938635456665,93.35395445944569,58.047730087995795,-0.3309229647826122,0.0,0.0,0.005564406677632139,0.0,-0.24804650181443177,0.0,-46.38044442542169,0.0,15.152037515082682,-0.35228952601990215,0.0,0.0,0.2379675174576968,-2.3674637562645593,0.0,1.199311024946136,0.42513109684932077,2.653908734637205,1.1282591312943078
9.5,1.5,165.0,20,6.546217559538098,0.4,-1.0155326740666744,0.3254984122491412,0.414585351238266,1.8189513373454718,6.586845493928764,15.914870161127052,-155.34709607500508,-9.126490787343396,101.93962531570799,153.04104291745298,46.25432264702247,0.0,0.09444444444444444,0.07367306450213684,0.0,-0.04590862419557484,0.0,-0.014807972408692471,9.065689865425146,-0.9778776551302144,-3.996156987315289,0.0,0.7943422925280075,0.3575734814420958,0.0,0.4627530513736301,-0.026986980292006437,-0.3163030138707131,0.8711133521702393,0.5611740195737711,0.4888461813417552
9.5,1.5,210.0,25,7.35439744760053,0.24,-1.2742864713828963,0.3192194735371124,0.6429914491448958,1.860453115416928,9.472255204381218,6.849180295701907,-32.1732659631751,-5.130333800028107,123.53325933471798,125.68852265576629,77.28734662486562,0.8081798880624316,-0.06555555555555559,-0.1850807328140851,-0.0062789387120288365,0.18249747371105496,0.041501778071456163,2.870601738043762,0.0,122.19595245669977,0.0,0.8603612925182259,-0.5513670030488526,-0.8982925093100647,-0.2685252074721398,0.0,3.372303010925012,0.0,1.3868173437930584,3.372303010925012,4.676768304076359
9.5,1.75,135.0,20,7.12010606232003,0.3,-0.8748077758699898,0.3449725427526686,0.6968808930021859,1.89771912180793,8.866563755158463,-45.71430676108022,-70.4753021334315,1.6301207708905068,156.2444603487361,106.06908622338845,79.62058075117122,-0.5778938328098135,-0.15161290322580645,0.0122900790226671,0.0,0.0,0.0,0.0,-33.121202903982116,0.0,19.800084080060252,-0.6152064562341032,-1.2751680825022662,0.05965010920926307,0.0,-1.690653214096475,0.0,1.5672122715139114,1.41707119015006,2.3053118214936856,3.2667909665510595
9.5,1.75,165.0,22,7.697999895129843,0.45454545454545453,-1.2649372943227228,0.35370872984915436,0.7360386004572224,2.5034728867522213,8.899820071414528,-12.593103857098109,-45.92146004760017,-18.169963309169745,124.93700302712773,102.49149489958577,89.44553179257964,0.0,0.0029325513196480912,-0.3778394394300659,0.00873618709648577,0.03915770745503644,0.6057537649442915,0.03325631625606462,0.0,24.553842085831327,0.0,0.0,0.024664759816291393,-1.8338501960810916,0.37361193669642856,0.0,0.6776246997638287,0.0,1.871683940008438,0.6776246997638287,1.2682992679009977
9.5,1.75,210.0,31,7.807742236121098,0.45161290322580644,-0.8870978548926569,0.3176090805072333,0.48644586008466095,1.7705978654081334,7.592722360930497,24.610665433904867,-97.56822038584703,-25.36795045929043,86.57664581113048,109.49762192038479,34.906640117477394,0.10974234099125457,0.0,0.0,-0.02736346224543529,-0.21043503291752497,-0.12712125639979655,-1.2738413942279658,37.20376929100298,-27.09291825241553,-7.197987150120685,0.11682802768771439,0.0,0.0,-1.170226325435398,1.8990455241218218,-0.7476968586970304,-0.5697336307389185,1.176043553953439,2.1189669429199416,2.491997414261422
9.5,2.0,165.0,21,9.398342811740186,0.6190476190476191,-1.667677490984259,0.42672675791018594,0.6657399520523511,2.452890069015357,9.393978509223004,29.899777735785424,-55.14336807590907,19.076513261306292,114.44313234573207,103.77469271445048,62.068366955536064,0.031628185613577386,0.0,-0.6201735682772394,0.09454653453689149,0.007314894026124175,0.32549848398887704,0.45083713306023654,0.3671310757702173,0.0,17.59990310639594,0.03367030911860765,0.0,-3.0100230444578266,4.043378820317752,0.0187399997229868,0.0,1.3930639897421886,5.04086150399686,1.39319003266103,7.022878003393114
9.5,2.0,195.0,26,9.366714626126608,0.7692307692307693,-0.6507996591091907,0.33218022337329445,0.4924681890680347,1.834868527319607,6.651006255794158,3.6956618263167362,-124.0814355728099,-3.922439258712145,104.68797931136034,80.650607816582,46.762897372012084,0.0,0.1501831501831502,0.39670426359782907,0.0,-0.16595686895819228,-0.2925230577068729,-2.2921351203686093,-25.83698483369847,-68.93806749690083,-5.399049413622499,0.0,1.263142882753005,1.925410943554334,0.0,-1.318834390715998,-1.9025184379124982,-0.4273444729489967,2.3027673012721808,2.3540441489683888,5.420815891995504
9.5,2.0,210.0,29,7.822160261908249,0.4482758620689655,-1.0475039227070198,0.2822718350869019,0.658425058026227,2.12739158502648,8.943141376162767,29.532646660015207,-51.62043139361407,1.4766101549103536,140.9225719864646,91.58432763088922,47.4829206739896,-1.5445543642183592,-0.17077175697865354,0.0,-0.04990838828639255,0.0,0.0,0.0,0.0,3.522936682295004,0.0,-1.6442809438743657,-1.4363071299260408,0.0,-2.1343830436709834,0.0,0.09722425123050983,0.0,3.0532325445296444,0.09722425123050983,0.2968482479745189
9.5,2.25,195.0,22,8.272371094614218,0.5454545454545454,-1.181577037934455,0.3445258997764764,0.5436140567846154,3.773138935144505,8.949566492615386,18.661719540736446,-90.34316327261547,-22.392669963210224,143.89964008249444,88.25505904291927,78.29449506445859,-0.3360912763489896,-0.09393939393939399,-0.2200641150835816,0.01782747751311531,-0.0022268252645590847,0.8100883691648377,0.8103759488435873,3.0608868730125103,16.963993224080298,-3.4098418855898984,-0.35779153774410616,-0.7900944727818688,-1.0680849548294271,0.7624102284583998,0.15624125261531907,0.4681638325716974,-0.26989511890003864,1.57300314290618,0.562522958067571,0.8848503809971705
9.5,2.25,210.0,30,8.944553647312198,0.7333333333333333,-0.7414488077672918,0.3088709447502458,0.5480677073137334,2.1529621968148294,7.328814594928211,12.539945794711427,-124.27114972077605,-15.572986192030424,112.19668118882514,107.49158043177039,43.93589849366909,0.3360912763489896,0.09393939393939388,0.2200641150835816,-0.01782747751311531,0.0022268252645589737,-0.8100883691648377,-0.8103759488435873,-3.0608868730125085,-16.963993224080284,3.409841885589902,0.35779153774410616,0.7900944727818678,1.0680849548294271,-0.7624102284583998,-0.156241252615319,-0.468163832571697,0.2698951189000389,1.5730031429061795,0.5625229580675708,0.8848503809971698
9.5,2.5,195.0,23,10.266098370037103,0.8695652173913043,-1.1760572150114088,0.3147019174830531,0.5931268071597179,2.9922160850437067,8.605550746412932,10.70233036276816,-47.41734397230687,-11.2010204529022,135.29239878183836,127.73712320039273,77.48258404877846,0.0,0.0,0.0,0.0,0.0,0.0,0.0,0.0,0.0,0.0,0.0,0.0,0.0,0.0,0.0,0.0,0.0,0.0,0.0,0.0
9.5,2.75,195.0,20,9.86432137077755,0.95,-1.435681086702373,0.3457424120448804,0.8373873789040676,2.8344800623279296,10.613297500849296,34.94666715851529,-21.657538656561155,-6.421417565480092,160.04637903587204,89.93104453663491,64.70171247360167,0.0,0.0,0.0,0.0,0.0,0.0,0.0,0.0,0.0,0.0,0.0,0.0,0.0,0.0,0.0,0.0,0.0,0.0,0.0,0.0
9.5,3.5,165.0,20,10.683696592613998,1.0,-1.7556911047713817,0.3163471658650793,0.7660857685455928,4.515431669913338,11.031566483996574,-84.06018684399388,-17.156360455380522,58.76114899315806,152.04169282352927,130.02569625788934,91.09522041426814,0.0,0.0,0.0,0.0,0.0,0.0,0.0,0.0,0.0,0.0,0.0,0.0,0.0,0.0,0.0,0.0,0.0,0.0,0.0,0.0
9.5,3.75,165.0,20,11.207891282556332,1.0,-1.7866132734217557,0.2986286412487468,0.7614824312381765,4.786421507597883,9.658919757224503,30.14195915600632,-17.348932843990237,-17.37898255386172,142.34828323467605,75.38999710387306,109.86148898586676,0.0,0.0,0.0,0.0,0.0,0.0,0.0,0.0,0.0,0.0,0.0,0.0,0.0,0.0,0.0,0.0,0.0,0.0,0.0,0.0
10.0,0.25,165.0,40,4.346617846860873,0.05,-0.5074182441547264,0.07916725561106104,0.12206330918571393,0.434040170789757,2.4830438624184445,1.2736188553781627,-227.22740957156725,0.41088755243964503,37.02608749073253,44.085222777710534,13.010408422882207,0.007109830758178504,-0.013461538461538455,0.05153170304883681,-0.021172882357717457,0.0023528575465964624,0.008697942552185478,0.055851888407285166,-4.30510799124731,-2.2255537121993143,-0.29351140868501824,0.007568888153549001,-0.11322073400286074,0.2501100040881073,-0.9054798730552059,-0.21975182131925547,-0.06141972245181012,-0.02323195596849686,0.9462161683933816,0.22935337158478736,0.217017868469061
10.0,0.25,180.0,39,4.332398185344515,0.07692307692307693,-0.6104816502524,0.12151302032649597,0.117357594092521,0.4166442856853861,2.371340085603874,9.883834837872783,-222.77630214716862,0.9979103698096814,68.802745637479,90.28619108266736,21.679642241777227,-0.007109830758179392,0.01346153846153847,-0.05153170304883681,0.02117288235771747,-0.0023528575465964624,-0.008697942552185423,-0.055851888407285166,4.3051079912473105,2.2255537121993143,0.2935114086850181,-0.007568888153549946,0.11322073400286085,-0.2501100040881073,0.9054798730552066,0.21975182131925552,0.06141972245181012,0.02323195596849685,0.9462161683933823,0.2293533715847874,0.21701786846906118
10.0,0.5,165.0,23,4.419002508608795,0.13043478260869565,-0.5505934802752785,0.141460865393579,0.1395547255171643,0.6681855726840636,3.0433255303958937,-7.051286592408392,-211.77348897566674,3.612858857731284,40.772198194598765,88.16798250832444,33.135958947976384,0.0,0.0,0.0,0.0,0.0,0.0,0.0,0.0,0.0,0.0,0.0,0.0,0.0,0.0,0.0,0.0,0.0,0.0,0.0,0.0
10.0,1.5,150.0,28,7.06129954479832,0.32142857142857145,-0.5632257190093131,0.26673411747090636,0.2187902943758259,1.845689095261599,3.939899895436877,3.08726925904616,-186.86158948035825,4.504924796274511,83.83709105896939,97.35782109942203,88.95213591423254,0.0,0.0,0.0,0.0,0.0,0.0,0.0,0.0,0.0,0.0,0.0,0.0,0.0,0.0,0.0,0.0,0.0,0.0,0.0,0.0
10.0,1.75,150.0,36,7.33253293935911,0.4166666666666667,-0.5000748898612251,0.2876067288214601,0.23275830307686612,1.9153939291697355,4.463874952988458,-19.54718594918734,-181.528445719413,-13.450699555244675,77.57338576679444,92.09202902506995,28.304884112423867,-1.3222337474891006,-0.1485507246376811,0.7308749041374896,-0.02089386377327923,-0.45467695937785096,0.0,-3.90438570760418,-20.934766849845616,-128.99925928588493,0.0,-1.4076058471688435,-1.2494130688100369,3.547313875663746,-0.8935473591844585,-1.068603424931663,-3.560057283002376,0.0,4.113909315125857,3.7169774196292797,15.291308030725364
10.0,1.75,165.0,23,8.65476668684821,0.5652173913043478,-1.3549972926930294,0.38858215340418883,0.7540494185393888,1.82530253515062,8.368260660592638,1.3875809006582762,-52.52918643352809,-5.5090603770529905,131.89777895882187,87.68127358395857,48.89788124022295,0.0,0.0,-0.12404749869431475,0.0800815608094495,0.0666141560846717,-0.09009139401911548,0.0,0.0,0.0,7.941639178191685,0.0,0.0,-0.6020666612968629,3.4247694900818537,0.0,0.0,0.6285950264489881,3.4772877828619064,0.6285950264489881,2.1858058058388234
10.0,1.75,210.0,21,8.968354274022492,0.6666666666666666,-1.2309497939987146,0.30850059259473933,0.6874352624547171,2.202876816721039,8.589088219619585,17.39091689168162,-8.184493835402847,-28.48991302039145,109.45619210610397,106.1312743670325,49.579364396200766,0.3135875871742808,0.10144927536231885,0.0,0.0,0.0,0.2874828875513036,0.22082755902694728,16.003335991023345,44.34469259812524,-15.039213465146776,0.33383486251527983,0.853257705528806,0.0,0.0,0.8168813043392364,1.2238027312745303,-1.190380798444749,0.9162392850532433,1.8926158183212807,1.734088964259149
10.0,2.0,135.0,23,7.738925803827855,0.43478260869565216,-0.538411357971024,0.2929990746752763,0.3388758572043935,1.9807109766652455,5.567459464379727,-24.542963740639443,-159.36643662887823,-6.593429499389257,75.08748879028518,79.86590191231795,41.43940333863157,-0.8358481896096217,-0.10521739130434787,0.46877859973305813,-0.021482407939035664,-0.1887064621635569,-0.03612887984058788,-1.3486957478026964,-26.637025734268494,-78.98822718505185,-0.5344551972995335,-0.8898160414330933,-0.8849501345913049,2.275224969462734,-0.9187170497109007,-1.359672029490124,-2.179877737424801,-0.04230309024928488,2.756011430927134,2.5695066704219123,7.08158975552631
10.0,2.0,150.0,25,8.67048527909452,0.56,-1.3517933197737961,0.33596389055334763,0.6093748814553502,2.0529687363464215,7.541574232977515,7.9771902533715755,-36.57087238431597,-5.52451910479019,132.01674970934397,112.1466944179723,56.12978375749122,0.09571128565704257,0.020000000000000018,-0.344603362069714,0.021482407939035664,0.08179256208739982,0.0361288798405881,0.6254190207950918,5.883128259742525,43.80733705951041,0.5344551972995335,0.10189103521728947,0.1682136619471076,-1.6725383248900245,0.9187170497109007,0.300300980314929,1.2089730608609366,0.04230309024928488,1.9183594774647263,1.246429336990352,2.391099531605517
10.0,2.0,165.0,23,8.65241965818452,0.6086956521739131,-1.4860270424570217,0.35960755971705316,0.8139856503115512,2.0854768068780807,9.691833036059096,0.2356652355134763,-13.40512169703917,6.628998700826483,145.49649165069832,54.14943164390291,62.704548532463534,0.0776456647470436,0.06869565217391305,-0.4788370847529395,0.04512607710274119,0.2864033309436008,0.06863695037224726,2.7756778238766726,-1.8583967581155734,66.9730877467872,12.687973002916205,0.0826589791047148,0.5777773606009343,-2.3240439989261796,1.929862636372506,-0.09486081955667186,1.8482899058335576,1.0042758864257804,3.0767205738352392,2.1056457933730144,6.478483733680378
10.0,2.0,210.0,25,8.497128328690433,0.52,-0.6625865956343681,0.22867056653822485,0.44578975728055065,1.93441962292926,6.290736191387332,3.952458751744623,-124.1855465033368,-9.501070800513622,88.73457100482875,95.19225697524055,31.272949513205646,-0.0776456647470436,-0.020000000000000018,0.3446033620697141,-0.08581091607608712,-0.08179256208739977,-0.08242023357657335,-0.6254190207950918,1.8583967581155734,-43.80733705951042,-3.442096498423899,-0.0826589791047148,-0.1682136619471076,1.6725383248900252,-3.669791201905245,0.09486081955667186,-1.2089730608609368,-0.27244812952575015,4.037311018078662,1.2429168999802465,5.0180420948464235
10.0,2.25,210.0,30,8.915283668323237,0.7666666666666667,-0.5968665304550109,0.2905954057911009,0.40709770992560573,2.229165438743126,6.155383689533542,16.01030549209602,-135.0263361888897,-9.377551197813371,70.30379929100094,81.80672632164158,38.25270002934092,0.0,0.0,0.0,0.0,0.0,0.0,0.0,0.0,0.0,0.0,0.0,0.0,0.0,0.0,0.0,0.0,0.0,0.0,0.0,0.0
10.0,2.5,210.0,22,9.965025677818712,0.9090909090909091,-0.9008229008839884,0.31860440367962123,0.5369023239282055,2.247406990023089,8.190093813775999,12.054446656285508,-91.35570914737816,-4.660427993447405,141.60997231275718,73.62783458780554,73.04657081338632,0.0,0.0,0.0,0.0,0.0,0.0,0.0,0.0,0.0,0.0,0.0,0.0,0.0,0.0,0.0,0.0,0.0,0.0,0.0,0.0
10.0,2.75,135.0,20,9.361472094046267,0.75,-0.9011618507472237,0.34429684175903386,0.5290984541693244,2.6045933418854603,7.361912490185407,-56.03032932677188,-82.997348728248,-12.036932072925245,138.60669529843773,92.3236653110448,59.707709973066706,0.0,0.0,0.0,0.0,0.0,0.0,0.0,0.0,0.0,0.0,0.0,0.0,0.0,0.0,0.0,0.0,0.0,0.0,0.0,0.0
10.5,0.25,165.0,25,5.162424074732737,0.28,-0.6345982778088946,0.10900573341187089,0.1165577544535164,0.4984401037890832,2.6116017342311952,-6.900194958318762,-221.36066812014766,-1.0335810122822466,81.29822453641992,80.47799904742531,18.198034901805865,0.31605093445462096,0.08594594594594596,-0.0036825779641789236,-0.012754320149647072,0.011726341134809276,0.026473133385520042,0.33002744524770034,-4.803827698803582,-2.003200199901528,-1.7897082794482726,0.336457259683707,0.7228641148537862,-0.017873455274759347,-0.545451488129503,-0.24520868890216244,-0.055283321008584865,-0.1416586296623871,0.9662157121695784,0.28853199831679166,0.27878415023737046
10.5,0.25,180.0,37,4.530322205823495,0.10810810810810811,-0.6272331218805366,0.13451437371116504,0.09310507218389784,0.44549383701804307,1.9515468437357946,2.7074604392884023,-217.3542677203446,2.5458355466142986,26.711932395026412,74.02197113234008,25.07064456479925,-0.31605093445462096,-0.08594594594594596,0.0036825779641790346,0.012754320149647072,-0.01172634113480929,-0.026473133385520098,-0.33002744524770034,4.803827698803582,2.003200199901528,1.7897082794482726,-0.336457259683707,-0.7228641148537862,0.017873455274759885,0.545451488129503,0.24520868890216244,0.055283321008584865,0.1416586296623871,0.9662157121695784,0.28853199831679166,0.27878415023737046
10.5,0.5,180.0,28,4.9781479507177275,0.10714285714285714,-0.6529057555062001,0.16069001816593104,0.13813136234296328,0.6149902261310507,2.8559021857679863,13.920598823047365,-217.3107275677633,5.304315024004411,44.596726176920455,93.2393802478054,29.915575134324985,0.0,0.0,0.0,0.0,0.0,0.0,0.0,0.0,0.0,0.0,0.0,0.0,0.0,0.0,0.0,0.0,0.0,0.0,0.0,0.0
10.5,1.75,150.0,24,7.016801137570038,0.4166666666666667,-0.4371042938978879,0.21558232824312518,0.256074534597999,1.8112562469033768,4.985699771954282,-5.929219439200125,-184.51364093244888,0.26738560951290147,70.7908389212997,74.16214492205077,47.358631639154204,0.0,0.0,0.0,0.0,0.0,0.0,0.0,0.0,0.0,0.0,0.0,0.0,0.0,0.0,0.0,0.0,0.0,0.0,0.0,0.0
10.5,2.0,135.0,23,7.261011773867568,0.391304347826087,-1.2545853695204323,0.3210703500301223,0.750669982937454,2.1019468216427852,9.857262129273085,-14.943693527082027,-71.56705904702105,3.327681037808621,134.18739427566527,102.46020005788533,55.40867312641056,0.27007851492269186,0.023238380809595227,-0.36585361570037733,0.0013676842738995498,0.23294137761991884,0.05573376171025135,2.504132317961483,8.458158625107119,52.176725826489374,-1.2164399702138087,0.28751655864311737,0.19545065668517006,-1.7756767951517503,0.05849041060102848,0.4317419601676341,1.4399472819464212,-0.09628341178606231,1.8103358637737124,1.5063597811742855,2.7270171356061303
10.5,2.0,150.0,29,6.7208547440221835,0.3448275862068966,-0.5228781381196778,0.31833498148232314,0.28478722769761633,1.9904792982222823,4.84899749335012,-31.860010777296267,-175.9205106999998,5.760560978236238,36.80448687679098,67.3098456573456,27.704786799800313,-0.27007851492269275,-0.02323838080959517,0.3658536157003772,-0.0013676842738996053,-0.23294137761991884,-0.05573376171025157,-2.5041323179614823,-8.45815862510712,-52.176725826489374,1.2164399702138082,-0.2875165586431183,-0.1954506566851696,1.7756767951517496,-0.05849041060103085,-0.43174196016763416,-1.4399472819464212,0.09628341178606227,1.810335863773712,1.5063597811742855,2.72701713560613
10.5,2.25,135.0,26,7.131174449206562,0.46153846153846156,-1.1664615547435022,0.2763690577298991,0.6798839555344127,2.4398530736090955,9.578315164330974,-31.908012241134845,-59.220645885777,-0.8870088480694579,101.08026358709783,103.84565381476176,51.2325717169995,0.0,0.0,0.0,0.0,0.0,0.0,0.0,0.0,0.0,0.0,0.0,0.0,0.0,0.0,0.0,0.0,0.0,0.0,0.0,0.0
11.0,0.25,180.0,31,4.790155426429974,0.16129032258064516,-0.6768907636223372,0.13251242607642602,0.09175703748429498,0.4942240019112827,2.260022851217597,4.836206462013003,-222.59324663363114,-0.00324544159358812,37.740614299661814,54.352594005428664,13.60529654417747,0.0,0.0,0.0,0.0,0.0,0.0,0.0,0.0,0.0,0.0,0.0,0.0,0.0,0.0,0.0,0.0,0.0,0.0,0.0,0.0
11.0,2.0,150.0,20,7.413569339598772,0.45,-0.5232448565351882,0.2413890796053903,0.4509956008827614,2.078183629577056,7.6105473156394465,-24.055493531056072,-131.36226366695578,-12.287360927754907,98.35976496806532,98.83577797124532,57.5867502688612,0.0,0.0,0.0,0.0,0.0,0.0,0.0,0.0,0.0,0.0,0.0,0.0,0.0,0.0,0.0,0.0,0.0,0.0,0.0,0.0
11.5,0.5,180.0,25,5.244640873846798,0.08,-0.6318339785669236,0.16448350941596238,0.12239491154509219,0.7809809931153445,3.063830001852841,8.53446812723208,-225.39412478581914,3.5610280194072845,43.013672627341,88.09287964992771,32.017254053932554,0.0,0.0,0.0,0.0,0.0,0.0,0.0,0.0,0.0,0.0,0.0,0.0,0.0,0.0,0.0,0.0,0.0,0.0,0.0,0.0
12.0,1.75,165.0,23,8.209180068680414,0.5652173913043478,-0.6533059255160315,0.26368920450918915,0.24907245596357572,2.1931440913513773,5.1844923170596084,-21.37643588158824,-175.08725271142418,7.436461178913,98.40144081133309,112.6516909374542,50.67906582401608,0.0,0.0,0.0,0.0,0.0,0.0,0.0,0.0,0.0,0.0,0.0,0.0,0.0,0.0,0.0,0.0,0.0,0.0,0.0,0.0
12.5,0.5,180.0,20,6.858884119735361,0.4,-0.7581993674806489,0.168595419323535,0.11282731879087908,0.7295045069352788,2.8499784614361348,-4.319669910306349,-214.55898380874407,3.268876134001691,47.579205474414756,76.5974085510075,25.51322652919717,0.0,0.0,0.0,0.0,0.0,0.0,0.0,0.0,0.0,0.0,0.0,0.0,0.0,0.0,0.0,0.0,0.0,0.0,0.0,0.0
