galaxy,stationary_role,sample_index,source_artifact,source_radius_value,source_radius_unit,radius_kpc_frozen,sigma_source_msun_pc2,sigma_source_err_minus_msun_pc2,sigma_source_err_plus_msun_pc2,surface_density_multiplier_to_common_1p33,sigma_neutral_1p33_msun_pc2,sigma_neutral_1p33_err_minus_msun_pc2,sigma_neutral_1p33_err_plus_msun_pc2,radius_mapping_method,helium_mapping_method,inclination_amplitude_rescale,source_note
DDO154,calibration,0,data/stationary/source_reconstruction/leroy2008_things_hi_profiles_v1.csv,0.1,kpc_source,0.0939534883721,7.3,0.7,0.7,0.977941176471,7.13897058824,0.68455882353,0.68455882353,source_kpc_times_frozen_over_source_distance,source_includes_1p36_to_common_1p33,0,finite Leroy table7 measured row; source blank edge rows excluded under frozen missing-value policy
DDO154,calibration,1,data/stationary/source_reconstruction/leroy2008_things_hi_profiles_v1.csv,0.3,kpc_source,0.281860465116,7.2,0.8,0.8,0.977941176471,7.04117647059,0.782352941177,0.782352941177,source_kpc_times_frozen_over_source_distance,source_includes_1p36_to_common_1p33,0,finite Leroy table7 measured row; source blank edge rows excluded under frozen missing-value policy
DDO154,calibration,2,data/stationary/source_reconstruction/leroy2008_things_hi_profiles_v1.csv,0.5,kpc_source,0.469767441861,7.1,0.7,0.7,0.977941176471,6.94338235294,0.68455882353,0.68455882353,source_kpc_times_frozen_over_source_distance,source_includes_1p36_to_common_1p33,0,finite Leroy table7 measured row; source blank edge rows excluded under frozen missing-value policy
DDO154,calibration,3,data/stationary/source_reconstruction/leroy2008_things_hi_profiles_v1.csv,0.7,kpc_source,0.657674418605,6.8,0.5,0.5,0.977941176471,6.65,0.488970588235,0.488970588235,source_kpc_times_frozen_over_source_distance,source_includes_1p36_to_common_1p33,0,finite Leroy table7 measured row; source blank edge rows excluded under frozen missing-value policy
DDO154,calibration,4,data/stationary/source_reconstruction/leroy2008_things_hi_profiles_v1.csv,0.9,kpc_source,0.845581395349,6.6,0.4,0.4,0.977941176471,6.45441176471,0.391176470588,0.391176470588,source_kpc_times_frozen_over_source_distance,source_includes_1p36_to_common_1p33,0,finite Leroy table7 measured row; source blank edge rows excluded under frozen missing-value policy
DDO154,calibration,5,data/stationary/source_reconstruction/leroy2008_things_hi_profiles_v1.csv,1.1,kpc_source,1.03348837209,6.9,0.7,0.7,0.977941176471,6.74779411765,0.68455882353,0.68455882353,source_kpc_times_frozen_over_source_distance,source_includes_1p36_to_common_1p33,0,finite Leroy table7 measured row; source blank edge rows excluded under frozen missing-value policy
DDO154,calibration,6,data/stationary/source_reconstruction/leroy2008_things_hi_profiles_v1.csv,1.4,kpc_source,1.31534883721,7,0.8,0.8,0.977941176471,6.8455882353,0.782352941177,0.782352941177,source_kpc_times_frozen_over_source_distance,source_includes_1p36_to_common_1p33,0,finite Leroy table7 measured row; source blank edge rows excluded under frozen missing-value policy
DDO168,calibration,0,data/stationary/source_reconstruction/iorio2017_ddo168_hi_profile_v1.csv,15,arcsec,0.309068721707,16.43,2.87,2.87,1.33,21.8519,3.8171,3.8171,angular_radius_times_frozen_distance,raw_HI_to_common_1p33,0,
DDO168,calibration,1,data/stationary/source_reconstruction/iorio2017_ddo168_hi_profile_v1.csv,30,arcsec,0.618137443415,12.12,4.26,4.26,1.33,16.1196,5.6658,5.6658,angular_radius_times_frozen_distance,raw_HI_to_common_1p33,0,
DDO168,calibration,2,data/stationary/source_reconstruction/iorio2017_ddo168_hi_profile_v1.csv,45,arcsec,0.927206165122,9.26,4.49,4.49,1.33,12.3158,5.9717,5.9717,angular_radius_times_frozen_distance,raw_HI_to_common_1p33,0,
DDO168,calibration,3,data/stationary/source_reconstruction/iorio2017_ddo168_hi_profile_v1.csv,60,arcsec,1.23627488683,6.94,4.18,4.18,1.33,9.2302,5.5594,5.5594,angular_radius_times_frozen_distance,raw_HI_to_common_1p33,0,
DDO168,calibration,4,data/stationary/source_reconstruction/iorio2017_ddo168_hi_profile_v1.csv,75,arcsec,1.54534360854,5.23,3.66,3.66,1.33,6.9559,4.8678,4.8678,angular_radius_times_frozen_distance,raw_HI_to_common_1p33,0,
DDO168,calibration,5,data/stationary/source_reconstruction/iorio2017_ddo168_hi_profile_v1.csv,90,arcsec,1.85441233024,4.29,3.46,3.46,1.33,5.7057,4.6018,4.6018,angular_radius_times_frozen_distance,raw_HI_to_common_1p33,0,
DDO168,calibration,6,data/stationary/source_reconstruction/iorio2017_ddo168_hi_profile_v1.csv,105,arcsec,2.16348105195,3.65,3.01,3.01,1.33,4.8545,4.0033,4.0033,angular_radius_times_frozen_distance,raw_HI_to_common_1p33,0,
DDO168,calibration,7,data/stationary/source_reconstruction/iorio2017_ddo168_hi_profile_v1.csv,120,arcsec,2.47254977366,3.3,2.6,2.6,1.33,4.389,3.458,3.458,angular_radius_times_frozen_distance,raw_HI_to_common_1p33,0,
DDO168,calibration,8,data/stationary/source_reconstruction/iorio2017_ddo168_hi_profile_v1.csv,135,arcsec,2.78161849537,2.81,2.17,2.17,1.33,3.7373,2.8861,2.8861,angular_radius_times_frozen_distance,raw_HI_to_common_1p33,0,
DDO168,calibration,9,data/stationary/source_reconstruction/iorio2017_ddo168_hi_profile_v1.csv,150,arcsec,3.09068721707,2.37,1.91,1.91,1.33,3.1521,2.5403,2.5403,angular_radius_times_frozen_distance,raw_HI_to_common_1p33,0,
DDO168,calibration,10,data/stationary/source_reconstruction/iorio2017_ddo168_hi_profile_v1.csv,165,arcsec,3.39975593878,1.98,1.8,1.8,1.33,2.6334,2.394,2.394,angular_radius_times_frozen_distance,raw_HI_to_common_1p33,0,
DDO168,calibration,11,data/stationary/source_reconstruction/iorio2017_ddo168_hi_profile_v1.csv,180,arcsec,3.70882466049,1.62,1.74,1.74,1.33,2.1546,2.3142,2.3142,angular_radius_times_frozen_distance,raw_HI_to_common_1p33,0,
DDO168,calibration,12,data/stationary/source_reconstruction/iorio2017_ddo168_hi_profile_v1.csv,195,arcsec,4.0178933822,1.37,1.6,1.6,1.33,1.8221,2.128,2.128,angular_radius_times_frozen_distance,raw_HI_to_common_1p33,0,
DDO168,calibration,13,data/stationary/source_reconstruction/iorio2017_ddo168_hi_profile_v1.csv,210,arcsec,4.3269621039,1.1,1.37,1.37,1.33,1.463,1.8221,1.8221,angular_radius_times_frozen_distance,raw_HI_to_common_1p33,0,
DDO168,calibration,14,data/stationary/source_reconstruction/iorio2017_ddo168_hi_profile_v1.csv,225,arcsec,4.63603082561,0.86,1.07,1.07,1.33,1.1438,1.4231,1.4231,angular_radius_times_frozen_distance,raw_HI_to_common_1p33,0,
ESO079-G014,calibration,0,data/stationary/source_reconstruction/ge04_vector_hi_profiles_v1.csv,0,arcsec,0,4.958375635,,,1.33,6.59463959455,,,angular_radius_times_frozen_distance,raw_HI_to_common_1p33,0,
ESO079-G014,calibration,1,data/stationary/source_reconstruction/ge04_vector_hi_profiles_v1.csv,60.05977496,arcsec,8.35680876789,3.962436548,,,1.33,5.27004060884,,,angular_radius_times_frozen_distance,raw_HI_to_common_1p33,0,
ESO079-G014,calibration,2,data/stationary/source_reconstruction/ge04_vector_hi_profiles_v1.csv,72.01828411,arcsec,10.0207339854,3.919796954,,,1.33,5.21332994882,,,angular_radius_times_frozen_distance,raw_HI_to_common_1p33,0,
ESO079-G014,calibration,3,data/stationary/source_reconstruction/ge04_vector_hi_profiles_v1.csv,84.04360056,arcsec,11.6939548727,3.624365482,,,1.33,4.82040609106,,,angular_radius_times_frozen_distance,raw_HI_to_common_1p33,0,
ESO079-G014,calibration,4,data/stationary/source_reconstruction/ge04_vector_hi_profiles_v1.csv,96.0021097,arcsec,13.3578800888,2.951269036,,,1.33,3.92518781788,,,angular_radius_times_frozen_distance,raw_HI_to_common_1p33,0,
ESO079-G014,calibration,5,data/stationary/source_reconstruction/ge04_vector_hi_profiles_v1.csv,108.0274262,arcsec,15.031100983,2.150253807,,,1.33,2.85983756331,,,angular_radius_times_frozen_distance,raw_HI_to_common_1p33,0,
ESO079-G014,calibration,6,data/stationary/source_reconstruction/ge04_vector_hi_profiles_v1.csv,120.0527426,arcsec,16.7043218633,1.391878173,,,1.33,1.85119797009,,,angular_radius_times_frozen_distance,raw_HI_to_common_1p33,0,
ESO079-G014,calibration,7,data/stationary/source_reconstruction/ge04_vector_hi_profiles_v1.csv,132.0780591,arcsec,18.3775427575,0.7583756345,,,1.33,1.00863959389,,,angular_radius_times_frozen_distance,raw_HI_to_common_1p33,0,
ESO079-G014,calibration,8,data/stationary/source_reconstruction/ge04_vector_hi_profiles_v1.csv,144.0365682,arcsec,20.0414679681,0.3807106599,,,1.33,0.506345177667,,,angular_radius_times_frozen_distance,raw_HI_to_common_1p33,0,
ESO079-G014,calibration,9,data/stationary/source_reconstruction/ge04_vector_hi_profiles_v1.csv,156.0618847,arcsec,21.7146888623,0.1827411168,,,1.33,0.243045685344,,,angular_radius_times_frozen_distance,raw_HI_to_common_1p33,0,
ESO079-G014,calibration,10,data/stationary/source_reconstruction/ge04_vector_hi_profiles_v1.csv,168.0203938,arcsec,23.3786140728,0.1005076142,,,1.33,0.133675126886,,,angular_radius_times_frozen_distance,raw_HI_to_common_1p33,0,
ESO079-G014,calibration,11,data/stationary/source_reconstruction/ge04_vector_hi_profiles_v1.csv,180.0457103,arcsec,25.051834967,0.0578680203,,,1.33,0.076964466999,,,angular_radius_times_frozen_distance,raw_HI_to_common_1p33,0,
ESO116-G012,blind,0,data/stationary/source_reconstruction/ge04_vector_hi_profiles_v1.csv,0,arcsec,0,5.817258883,,,1.33,7.73695431439,,,angular_radius_times_frozen_distance,raw_HI_to_common_1p33,0,
ESO116-G012,blind,1,data/stationary/source_reconstruction/ge04_vector_hi_profiles_v1.csv,60.0281294,arcsec,3.78331958999,6.223350254,,,1.33,8.27705583782,,,angular_radius_times_frozen_distance,raw_HI_to_common_1p33,0,
ESO116-G012,blind,2,data/stationary/source_reconstruction/ge04_vector_hi_profiles_v1.csv,72.01828411,arcsec,4.53900842545,5.314720812,,,1.33,7.06857867996,,,angular_radius_times_frozen_distance,raw_HI_to_common_1p33,0,
ESO116-G012,blind,3,data/stationary/source_reconstruction/ge04_vector_hi_profiles_v1.csv,84.08579466,arcsec,5.29957267296,4.573604061,,,1.33,6.08289340113,,,angular_radius_times_frozen_distance,raw_HI_to_common_1p33,0,
ESO116-G012,blind,4,data/stationary/source_reconstruction/ge04_vector_hi_profiles_v1.csv,95.99859353,arcsec,6.05038609638,3.92893401,,,1.33,5.2254822333,,,angular_radius_times_frozen_distance,raw_HI_to_common_1p33,0,
ESO116-G012,blind,5,data/stationary/source_reconstruction/ge04_vector_hi_profiles_v1.csv,108.0661041,arcsec,6.81095034515,3.47715736,,,1.33,4.6246192888,,,angular_radius_times_frozen_distance,raw_HI_to_common_1p33,0,
ESO116-G012,blind,6,data/stationary/source_reconstruction/ge04_vector_hi_profiles_v1.csv,120.0562588,arcsec,7.56663917998,3.152284264,,,1.33,4.19253807112,,,angular_radius_times_frozen_distance,raw_HI_to_common_1p33,0,
ESO116-G012,blind,7,data/stationary/source_reconstruction/ge04_vector_hi_profiles_v1.csv,132.0464135,arcsec,8.32232801481,2.578680203,,,1.33,3.42964466999,,,angular_radius_times_frozen_distance,raw_HI_to_common_1p33,0,
ESO116-G012,blind,8,data/stationary/source_reconstruction/ge04_vector_hi_profiles_v1.csv,144.0365682,arcsec,9.07801684965,1.507614213,,,1.33,2.00512690329,,,angular_radius_times_frozen_distance,raw_HI_to_common_1p33,0,
ESO116-G012,blind,9,data/stationary/source_reconstruction/ge04_vector_hi_profiles_v1.csv,156.0267229,arcsec,9.83370568448,0.5837563452,,,1.33,0.776395939116,,,angular_radius_times_frozen_distance,raw_HI_to_common_1p33,0,
ESO116-G012,blind,10,data/stationary/source_reconstruction/ge04_vector_hi_profiles_v1.csv,168.0942335,arcsec,10.5942699351,0.2030456853,,,1.33,0.270050761449,,,angular_radius_times_frozen_distance,raw_HI_to_common_1p33,0,
ESO116-G012,blind,11,data/stationary/source_reconstruction/ge04_vector_hi_profiles_v1.csv,180.0070323,arcsec,11.3450833541,0.08629441624,,,1.33,0.114771573599,,,angular_radius_times_frozen_distance,raw_HI_to_common_1p33,0,
ESO116-G012,blind,12,data/stationary/source_reconstruction/ge04_vector_hi_profiles_v1.csv,192.0745429,arcsec,12.1056476048,0.03553299492,,,1.33,0.0472588832436,,,angular_radius_times_frozen_distance,raw_HI_to_common_1p33,0,
ESO116-G012,blind,13,data/stationary/source_reconstruction/ge04_vector_hi_profiles_v1.csv,204.0646976,arcsec,12.8613364396,0.0152284264,,,1.33,0.020253807112,,,angular_radius_times_frozen_distance,raw_HI_to_common_1p33,0,
IC2574,calibration,0,data/stationary/source_reconstruction/leroy2008_things_hi_profiles_v1.csv,0.1,kpc_source,0.09775,10.3,2.5,2.5,0.977941176471,10.0727941177,2.44485294118,2.44485294118,source_kpc_times_frozen_over_source_distance,source_includes_1p36_to_common_1p33,0,finite Leroy table7 measured row; source blank edge rows excluded under frozen missing-value policy
IC2574,calibration,1,data/stationary/source_reconstruction/leroy2008_things_hi_profiles_v1.csv,0.3,kpc_source,0.29325,10.7,2.3,2.3,0.977941176471,10.4639705882,2.24926470588,2.24926470588,source_kpc_times_frozen_over_source_distance,source_includes_1p36_to_common_1p33,0,finite Leroy table7 measured row; source blank edge rows excluded under frozen missing-value policy
IC2574,calibration,2,data/stationary/source_reconstruction/leroy2008_things_hi_profiles_v1.csv,0.5,kpc_source,0.48875,10.7,1.6,1.6,0.977941176471,10.4639705882,1.56470588235,1.56470588235,source_kpc_times_frozen_over_source_distance,source_includes_1p36_to_common_1p33,0,finite Leroy table7 measured row; source blank edge rows excluded under frozen missing-value policy
IC2574,calibration,3,data/stationary/source_reconstruction/leroy2008_things_hi_profiles_v1.csv,0.7,kpc_source,0.68425,9.6,1.3,1.3,0.977941176471,9.38823529412,1.27132352941,1.27132352941,source_kpc_times_frozen_over_source_distance,source_includes_1p36_to_common_1p33,0,finite Leroy table7 measured row; source blank edge rows excluded under frozen missing-value policy
IC2574,calibration,4,data/stationary/source_reconstruction/leroy2008_things_hi_profiles_v1.csv,0.9,kpc_source,0.87975,8.2,1.4,1.4,0.977941176471,8.01911764706,1.36911764706,1.36911764706,source_kpc_times_frozen_over_source_distance,source_includes_1p36_to_common_1p33,0,finite Leroy table7 measured row; source blank edge rows excluded under frozen missing-value policy
IC2574,calibration,5,data/stationary/source_reconstruction/leroy2008_things_hi_profiles_v1.csv,1.1,kpc_source,1.07525,7.7,1.6,1.6,0.977941176471,7.53014705883,1.56470588235,1.56470588235,source_kpc_times_frozen_over_source_distance,source_includes_1p36_to_common_1p33,0,finite Leroy table7 measured row; source blank edge rows excluded under frozen missing-value policy
IC2574,calibration,6,data/stationary/source_reconstruction/leroy2008_things_hi_profiles_v1.csv,1.3,kpc_source,1.27075,8,1.7,1.7,0.977941176471,7.82352941177,1.6625,1.6625,source_kpc_times_frozen_over_source_distance,source_includes_1p36_to_common_1p33,0,finite Leroy table7 measured row; source blank edge rows excluded under frozen missing-value policy
IC2574,calibration,7,data/stationary/source_reconstruction/leroy2008_things_hi_profiles_v1.csv,1.5,kpc_source,1.46625,8.5,1.7,1.7,0.977941176471,8.3125,1.6625,1.6625,source_kpc_times_frozen_over_source_distance,source_includes_1p36_to_common_1p33,0,finite Leroy table7 measured row; source blank edge rows excluded under frozen missing-value policy
IC2574,calibration,8,data/stationary/source_reconstruction/leroy2008_things_hi_profiles_v1.csv,1.6,kpc_source,1.564,9,1.4,1.4,0.977941176471,8.80147058824,1.36911764706,1.36911764706,source_kpc_times_frozen_over_source_distance,source_includes_1p36_to_common_1p33,0,finite Leroy table7 measured row; source blank edge rows excluded under frozen missing-value policy
IC2574,calibration,9,data/stationary/source_reconstruction/leroy2008_things_hi_profiles_v1.csv,1.8,kpc_source,1.7595,9.3,1.1,1.1,0.977941176471,9.09485294118,1.07573529412,1.07573529412,source_kpc_times_frozen_over_source_distance,source_includes_1p36_to_common_1p33,0,finite Leroy table7 measured row; source blank edge rows excluded under frozen missing-value policy
IC2574,calibration,10,data/stationary/source_reconstruction/leroy2008_things_hi_profiles_v1.csv,2,kpc_source,1.955,9.2,1.2,1.2,0.977941176471,8.99705882353,1.17352941177,1.17352941177,source_kpc_times_frozen_over_source_distance,source_includes_1p36_to_common_1p33,0,finite Leroy table7 measured row; source blank edge rows excluded under frozen missing-value policy
IC2574,calibration,11,data/stationary/source_reconstruction/leroy2008_things_hi_profiles_v1.csv,2.2,kpc_source,2.1505,8.8,1.2,1.2,0.977941176471,8.60588235294,1.17352941177,1.17352941177,source_kpc_times_frozen_over_source_distance,source_includes_1p36_to_common_1p33,0,finite Leroy table7 measured row; source blank edge rows excluded under frozen missing-value policy
IC2574,calibration,12,data/stationary/source_reconstruction/leroy2008_things_hi_profiles_v1.csv,2.4,kpc_source,2.346,7.9,1.1,1.1,0.977941176471,7.72573529412,1.07573529412,1.07573529412,source_kpc_times_frozen_over_source_distance,source_includes_1p36_to_common_1p33,0,finite Leroy table7 measured row; source blank edge rows excluded under frozen missing-value policy
IC2574,calibration,13,data/stationary/source_reconstruction/leroy2008_things_hi_profiles_v1.csv,2.6,kpc_source,2.5415,7.2,1.1,1.1,0.977941176471,7.04117647059,1.07573529412,1.07573529412,source_kpc_times_frozen_over_source_distance,source_includes_1p36_to_common_1p33,0,finite Leroy table7 measured row; source blank edge rows excluded under frozen missing-value policy
IC2574,calibration,14,data/stationary/source_reconstruction/leroy2008_things_hi_profiles_v1.csv,2.8,kpc_source,2.737,7.2,1.2,1.2,0.977941176471,7.04117647059,1.17352941177,1.17352941177,source_kpc_times_frozen_over_source_distance,source_includes_1p36_to_common_1p33,0,finite Leroy table7 measured row; source blank edge rows excluded under frozen missing-value policy
IC2574,calibration,15,data/stationary/source_reconstruction/leroy2008_things_hi_profiles_v1.csv,3,kpc_source,2.9325,7.5,1.3,1.3,0.977941176471,7.33455882353,1.27132352941,1.27132352941,source_kpc_times_frozen_over_source_distance,source_includes_1p36_to_common_1p33,0,finite Leroy table7 measured row; source blank edge rows excluded under frozen missing-value policy
IC2574,calibration,16,data/stationary/source_reconstruction/leroy2008_things_hi_profiles_v1.csv,3.2,kpc_source,3.128,7.9,1.3,1.3,0.977941176471,7.72573529412,1.27132352941,1.27132352941,source_kpc_times_frozen_over_source_distance,source_includes_1p36_to_common_1p33,0,finite Leroy table7 measured row; source blank edge rows excluded under frozen missing-value policy
IC2574,calibration,17,data/stationary/source_reconstruction/leroy2008_things_hi_profiles_v1.csv,3.4,kpc_source,3.3235,8.3,1.3,1.3,0.977941176471,8.11691176471,1.27132352941,1.27132352941,source_kpc_times_frozen_over_source_distance,source_includes_1p36_to_common_1p33,0,finite Leroy table7 measured row; source blank edge rows excluded under frozen missing-value policy
IC2574,calibration,18,data/stationary/source_reconstruction/leroy2008_things_hi_profiles_v1.csv,3.6,kpc_source,3.519,8.5,1.1,1.1,0.977941176471,8.3125,1.07573529412,1.07573529412,source_kpc_times_frozen_over_source_distance,source_includes_1p36_to_common_1p33,0,finite Leroy table7 measured row; source blank edge rows excluded under frozen missing-value policy
IC2574,calibration,19,data/stationary/source_reconstruction/leroy2008_things_hi_profiles_v1.csv,3.8,kpc_source,3.7145,8.7,1.1,1.1,0.977941176471,8.5080882353,1.07573529412,1.07573529412,source_kpc_times_frozen_over_source_distance,source_includes_1p36_to_common_1p33,0,finite Leroy table7 measured row; source blank edge rows excluded under frozen missing-value policy
IC2574,calibration,20,data/stationary/source_reconstruction/leroy2008_things_hi_profiles_v1.csv,4,kpc_source,3.91,9,1,1,0.977941176471,8.80147058824,0.977941176471,0.977941176471,source_kpc_times_frozen_over_source_distance,source_includes_1p36_to_common_1p33,0,finite Leroy table7 measured row; source blank edge rows excluded under frozen missing-value policy
IC2574,calibration,21,data/stationary/source_reconstruction/leroy2008_things_hi_profiles_v1.csv,4.2,kpc_source,4.1055,9.2,0.9,0.9,0.977941176471,8.99705882353,0.880147058824,0.880147058824,source_kpc_times_frozen_over_source_distance,source_includes_1p36_to_common_1p33,0,finite Leroy table7 measured row; source blank edge rows excluded under frozen missing-value policy
IC2574,calibration,22,data/stationary/source_reconstruction/leroy2008_things_hi_profiles_v1.csv,4.4,kpc_source,4.301,9.3,0.9,0.9,0.977941176471,9.09485294118,0.880147058824,0.880147058824,source_kpc_times_frozen_over_source_distance,source_includes_1p36_to_common_1p33,0,finite Leroy table7 measured row; source blank edge rows excluded under frozen missing-value policy
IC2574,calibration,23,data/stationary/source_reconstruction/leroy2008_things_hi_profiles_v1.csv,4.6,kpc_source,4.4965,9.4,0.9,0.9,0.977941176471,9.19264705883,0.880147058824,0.880147058824,source_kpc_times_frozen_over_source_distance,source_includes_1p36_to_common_1p33,0,finite Leroy table7 measured row; source blank edge rows excluded under frozen missing-value policy
IC2574,calibration,24,data/stationary/source_reconstruction/leroy2008_things_hi_profiles_v1.csv,4.8,kpc_source,4.692,9.5,0.9,0.9,0.977941176471,9.29044117647,0.880147058824,0.880147058824,source_kpc_times_frozen_over_source_distance,source_includes_1p36_to_common_1p33,0,finite Leroy table7 measured row; source blank edge rows excluded under frozen missing-value policy
IC2574,calibration,25,data/stationary/source_reconstruction/leroy2008_things_hi_profiles_v1.csv,4.9,kpc_source,4.78975,9.7,0.9,0.9,0.977941176471,9.48602941177,0.880147058824,0.880147058824,source_kpc_times_frozen_over_source_distance,source_includes_1p36_to_common_1p33,0,finite Leroy table7 measured row; source blank edge rows excluded under frozen missing-value policy
IC2574,calibration,26,data/stationary/source_reconstruction/leroy2008_things_hi_profiles_v1.csv,5.1,kpc_source,4.98525,10.1,1,1,0.977941176471,9.87720588236,0.977941176471,0.977941176471,source_kpc_times_frozen_over_source_distance,source_includes_1p36_to_common_1p33,0,finite Leroy table7 measured row; source blank edge rows excluded under frozen missing-value policy
IC2574,calibration,27,data/stationary/source_reconstruction/leroy2008_things_hi_profiles_v1.csv,5.3,kpc_source,5.18075,10.4,1,1,0.977941176471,10.1705882353,0.977941176471,0.977941176471,source_kpc_times_frozen_over_source_distance,source_includes_1p36_to_common_1p33,0,finite Leroy table7 measured row; source blank edge rows excluded under frozen missing-value policy
IC2574,calibration,28,data/stationary/source_reconstruction/leroy2008_things_hi_profiles_v1.csv,5.5,kpc_source,5.37625,10.4,1,1,0.977941176471,10.1705882353,0.977941176471,0.977941176471,source_kpc_times_frozen_over_source_distance,source_includes_1p36_to_common_1p33,0,finite Leroy table7 measured row; source blank edge rows excluded under frozen missing-value policy
IC2574,calibration,29,data/stationary/source_reconstruction/leroy2008_things_hi_profiles_v1.csv,5.7,kpc_source,5.57175,10.2,1,1,0.977941176471,9.975,0.977941176471,0.977941176471,source_kpc_times_frozen_over_source_distance,source_includes_1p36_to_common_1p33,0,finite Leroy table7 measured row; source blank edge rows excluded under frozen missing-value policy
IC2574,calibration,30,data/stationary/source_reconstruction/leroy2008_things_hi_profiles_v1.csv,5.9,kpc_source,5.76725,9.6,0.9,0.9,0.977941176471,9.38823529412,0.880147058824,0.880147058824,source_kpc_times_frozen_over_source_distance,source_includes_1p36_to_common_1p33,0,finite Leroy table7 measured row; source blank edge rows excluded under frozen missing-value policy
IC2574,calibration,31,data/stationary/source_reconstruction/leroy2008_things_hi_profiles_v1.csv,6.1,kpc_source,5.96275,8.6,0.7,0.7,0.977941176471,8.41029411765,0.68455882353,0.68455882353,source_kpc_times_frozen_over_source_distance,source_includes_1p36_to_common_1p33,0,finite Leroy table7 measured row; source blank edge rows excluded under frozen missing-value policy
IC2574,calibration,32,data/stationary/source_reconstruction/leroy2008_things_hi_profiles_v1.csv,6.3,kpc_source,6.15825,8,0.7,0.7,0.977941176471,7.82352941177,0.68455882353,0.68455882353,source_kpc_times_frozen_over_source_distance,source_includes_1p36_to_common_1p33,0,finite Leroy table7 measured row; source blank edge rows excluded under frozen missing-value policy
IC2574,calibration,33,data/stationary/source_reconstruction/leroy2008_things_hi_profiles_v1.csv,6.5,kpc_source,6.35375,7.7,0.8,0.8,0.977941176471,7.53014705883,0.782352941177,0.782352941177,source_kpc_times_frozen_over_source_distance,source_includes_1p36_to_common_1p33,0,finite Leroy table7 measured row; source blank edge rows excluded under frozen missing-value policy
IC2574,calibration,34,data/stationary/source_reconstruction/leroy2008_things_hi_profiles_v1.csv,6.7,kpc_source,6.54925,7.5,0.8,0.8,0.977941176471,7.33455882353,0.782352941177,0.782352941177,source_kpc_times_frozen_over_source_distance,source_includes_1p36_to_common_1p33,0,finite Leroy table7 measured row; source blank edge rows excluded under frozen missing-value policy
IC2574,calibration,35,data/stationary/source_reconstruction/leroy2008_things_hi_profiles_v1.csv,6.9,kpc_source,6.74475,7.3,0.8,0.8,0.977941176471,7.13897058824,0.782352941177,0.782352941177,source_kpc_times_frozen_over_source_distance,source_includes_1p36_to_common_1p33,0,finite Leroy table7 measured row; source blank edge rows excluded under frozen missing-value policy
IC2574,calibration,36,data/stationary/source_reconstruction/leroy2008_things_hi_profiles_v1.csv,7.1,kpc_source,6.94025,6.9,0.7,0.7,0.977941176471,6.74779411765,0.68455882353,0.68455882353,source_kpc_times_frozen_over_source_distance,source_includes_1p36_to_common_1p33,0,finite Leroy table7 measured row; source blank edge rows excluded under frozen missing-value policy
IC2574,calibration,37,data/stationary/source_reconstruction/leroy2008_things_hi_profiles_v1.csv,7.3,kpc_source,7.13575,6.5,0.6,0.6,0.977941176471,6.35661764706,0.586764705883,0.586764705883,source_kpc_times_frozen_over_source_distance,source_includes_1p36_to_common_1p33,0,finite Leroy table7 measured row; source blank edge rows excluded under frozen missing-value policy
IC2574,calibration,38,data/stationary/source_reconstruction/leroy2008_things_hi_profiles_v1.csv,7.5,kpc_source,7.33125,6,0.5,0.5,0.977941176471,5.86764705883,0.488970588235,0.488970588235,source_kpc_times_frozen_over_source_distance,source_includes_1p36_to_common_1p33,0,finite Leroy table7 measured row; source blank edge rows excluded under frozen missing-value policy
IC2574,calibration,39,data/stationary/source_reconstruction/leroy2008_things_hi_profiles_v1.csv,7.7,kpc_source,7.52675,5.7,0.5,0.5,0.977941176471,5.57426470588,0.488970588235,0.488970588235,source_kpc_times_frozen_over_source_distance,source_includes_1p36_to_common_1p33,0,finite Leroy table7 measured row; source blank edge rows excluded under frozen missing-value policy
IC2574,calibration,40,data/stationary/source_reconstruction/leroy2008_things_hi_profiles_v1.csv,7.9,kpc_source,7.72225,5.6,0.5,0.5,0.977941176471,5.47647058824,0.488970588235,0.488970588235,source_kpc_times_frozen_over_source_distance,source_includes_1p36_to_common_1p33,0,finite Leroy table7 measured row; source blank edge rows excluded under frozen missing-value policy
IC2574,calibration,41,data/stationary/source_reconstruction/leroy2008_things_hi_profiles_v1.csv,8,kpc_source,7.82,5.4,0.5,0.5,0.977941176471,5.28088235294,0.488970588235,0.488970588235,source_kpc_times_frozen_over_source_distance,source_includes_1p36_to_common_1p33,0,finite Leroy table7 measured row; source blank edge rows excluded under frozen missing-value policy
IC2574,calibration,42,data/stationary/source_reconstruction/leroy2008_things_hi_profiles_v1.csv,8.2,kpc_source,8.0155,5.2,0.5,0.5,0.977941176471,5.08529411765,0.488970588235,0.488970588235,source_kpc_times_frozen_over_source_distance,source_includes_1p36_to_common_1p33,0,finite Leroy table7 measured row; source blank edge rows excluded under frozen missing-value policy
IC2574,calibration,43,data/stationary/source_reconstruction/leroy2008_things_hi_profiles_v1.csv,8.4,kpc_source,8.211,4.9,0.6,0.6,0.977941176471,4.79191176471,0.586764705883,0.586764705883,source_kpc_times_frozen_over_source_distance,source_includes_1p36_to_common_1p33,0,finite Leroy table7 measured row; source blank edge rows excluded under frozen missing-value policy
IC2574,calibration,44,data/stationary/source_reconstruction/leroy2008_things_hi_profiles_v1.csv,8.6,kpc_source,8.4065,4.5,0.6,0.6,0.977941176471,4.40073529412,0.586764705883,0.586764705883,source_kpc_times_frozen_over_source_distance,source_includes_1p36_to_common_1p33,0,finite Leroy table7 measured row; source blank edge rows excluded under frozen missing-value policy
IC2574,calibration,45,data/stationary/source_reconstruction/leroy2008_things_hi_profiles_v1.csv,8.8,kpc_source,8.602,4,0.5,0.5,0.977941176471,3.91176470588,0.488970588235,0.488970588235,source_kpc_times_frozen_over_source_distance,source_includes_1p36_to_common_1p33,0,finite Leroy table7 measured row; source blank edge rows excluded under frozen missing-value policy
NGC0024,blind,0,data/stationary/source_reconstruction/ch06_ngc0024_hi_profile_v1.csv,0.5124606863,kpc_source,0.5501416194,8.1997450064,,,1.33,10.9056608585,,,explicit_frozen_radius,raw_HI_to_common_1p33,0,
NGC0024,blind,1,data/stationary/source_reconstruction/ch06_ngc0024_hi_profile_v1.csv,1.8316838908,kpc_source,1.9663665322,7.20017,,,1.33,9.5762261,,,explicit_frozen_radius,raw_HI_to_common_1p33,0,
NGC0024,blind,2,data/stationary/source_reconstruction/ch06_ngc0024_hi_profile_v1.csv,3.2235086422,kpc_source,3.4605313365,4.7998300042,,,1.33,6.38377390559,,,explicit_frozen_radius,raw_HI_to_common_1p33,0,
NGC0024,blind,3,data/stationary/source_reconstruction/ch06_ngc0024_hi_profile_v1.csv,4.5418464533,kpc_source,4.8758057498,3.09987299,,,1.33,4.1228310767,,,explicit_frozen_radius,raw_HI_to_common_1p33,0,
NGC0024,blind,4,data/stationary/source_reconstruction/ch06_ngc0024_hi_profile_v1.csv,5.8610696578,kpc_source,6.292030662,1.5503612405,,,1.33,2.06198044987,,,explicit_frozen_radius,raw_HI_to_common_1p33,0,
NGC0024,blind,5,data/stationary/source_reconstruction/ch06_ngc0024_hi_profile_v1.csv,7.2528944092,kpc_source,7.7861954664,0.7003824894,,,1.33,0.931508710902,,,explicit_frozen_radius,raw_HI_to_common_1p33,0,
NGC0024,blind,6,data/stationary/source_reconstruction/ch06_ngc0024_hi_profile_v1.csv,8.5712322203,kpc_source,9.2014698797,0.2498937516,,,1.33,0.332358689628,,,explicit_frozen_radius,raw_HI_to_common_1p33,0,
NGC0024,blind,7,data/stationary/source_reconstruction/ch06_ngc0024_hi_profile_v1.csv,9.8904554248,kpc_source,10.6176947919,0.1002975069,,,1.33,0.133395684177,,,explicit_frozen_radius,raw_HI_to_common_1p33,0,
NGC0024,blind,8,data/stationary/source_reconstruction/ch06_ngc0024_hi_profile_v1.csv,11.2087932359,kpc_source,12.0329692053,0.0501487606,,,1.33,0.066697851598,,,explicit_frozen_radius,raw_HI_to_common_1p33,0,
NGC0024,blind,9,data/stationary/source_reconstruction/ch06_ngc0024_hi_profile_v1.csv,12.527131047,kpc_source,13.4482436186,0.0501487606,,,1.33,0.066697851598,,,explicit_frozen_radius,raw_HI_to_common_1p33,0,
NGC0289,calibration,0,data/stationary/source_reconstruction/hix2018_ngc0289_hi_profile_v1.csv,0.82970056,kpc_source,0.74838559,4.18845053,,,1.33,5.5706392049,,,explicit_frozen_radius,raw_HI_to_common_1p33,0,
NGC0289,calibration,1,data/stationary/source_reconstruction/hix2018_ngc0289_hi_profile_v1.csv,2.48910371,kpc_source,2.24515859,4.37980491,,,1.33,5.8251405303,,,explicit_frozen_radius,raw_HI_to_common_1p33,0,
NGC0289,calibration,2,data/stationary/source_reconstruction/hix2018_ngc0289_hi_profile_v1.csv,4.14850686,kpc_source,3.7419316,4.65891188,,,1.33,6.1963528004,,,explicit_frozen_radius,raw_HI_to_common_1p33,0,
NGC0289,calibration,3,data/stationary/source_reconstruction/hix2018_ngc0289_hi_profile_v1.csv,5.80791001,kpc_source,5.2387046,4.79608818,,,1.33,6.3787972794,,,explicit_frozen_radius,raw_HI_to_common_1p33,0,
NGC0289,calibration,4,data/stationary/source_reconstruction/hix2018_ngc0289_hi_profile_v1.csv,7.46731316,kpc_source,6.73547761,4.94723345,,,1.33,6.5798204885,,,explicit_frozen_radius,raw_HI_to_common_1p33,0,
NGC0289,calibration,5,data/stationary/source_reconstruction/hix2018_ngc0289_hi_profile_v1.csv,9.12671631,kpc_source,8.23225062,5.27816588,,,1.33,7.0199606204,,,explicit_frozen_radius,raw_HI_to_common_1p33,0,
NGC0289,calibration,6,data/stationary/source_reconstruction/hix2018_ngc0289_hi_profile_v1.csv,10.78611946,kpc_source,9.72902362,5.82382635,,,1.33,7.7456890455,,,explicit_frozen_radius,raw_HI_to_common_1p33,0,
NGC0289,calibration,7,data/stationary/source_reconstruction/hix2018_ngc0289_hi_profile_v1.csv,12.44552261,kpc_source,11.22579663,6.28054703,,,1.33,8.3531275499,,,explicit_frozen_radius,raw_HI_to_common_1p33,0,
NGC0289,calibration,8,data/stationary/source_reconstruction/hix2018_ngc0289_hi_profile_v1.csv,14.10492576,kpc_source,12.72256963,6.33697541,,,1.33,8.4281772953,,,explicit_frozen_radius,raw_HI_to_common_1p33,0,
NGC0289,calibration,9,data/stationary/source_reconstruction/hix2018_ngc0289_hi_profile_v1.csv,15.76432891,kpc_source,14.21934264,6.11014197,,,1.33,8.1264888201,,,explicit_frozen_radius,raw_HI_to_common_1p33,0,
NGC0289,calibration,10,data/stationary/source_reconstruction/hix2018_ngc0289_hi_profile_v1.csv,17.42373206,kpc_source,15.71611564,5.86686144,,,1.33,7.8029257152,,,explicit_frozen_radius,raw_HI_to_common_1p33,0,
NGC0289,calibration,11,data/stationary/source_reconstruction/hix2018_ngc0289_hi_profile_v1.csv,19.08313521,kpc_source,17.21288865,5.630702,,,1.33,7.48883366,,,explicit_frozen_radius,raw_HI_to_common_1p33,0,
NGC0289,calibration,12,data/stationary/source_reconstruction/hix2018_ngc0289_hi_profile_v1.csv,20.74253836,kpc_source,18.70966166,5.33366876,,,1.33,7.0937794508,,,explicit_frozen_radius,raw_HI_to_common_1p33,0,
NGC0289,calibration,13,data/stationary/source_reconstruction/hix2018_ngc0289_hi_profile_v1.csv,22.40194151,kpc_source,20.20643466,5.00491539,,,1.33,6.6565374687,,,explicit_frozen_radius,raw_HI_to_common_1p33,0,
NGC0289,calibration,14,data/stationary/source_reconstruction/hix2018_ngc0289_hi_profile_v1.csv,24.06134465,kpc_source,21.70320767,4.6916212,,,1.33,6.239856196,,,explicit_frozen_radius,raw_HI_to_common_1p33,0,
NGC0289,calibration,15,data/stationary/source_reconstruction/hix2018_ngc0289_hi_profile_v1.csv,25.7207478,kpc_source,23.19998067,4.48447538,,,1.33,5.9643522554,,,explicit_frozen_radius,raw_HI_to_common_1p33,0,
NGC0289,calibration,16,data/stationary/source_reconstruction/hix2018_ngc0289_hi_profile_v1.csv,27.38015095,kpc_source,24.69675368,4.36630218,,,1.33,5.8071818994,,,explicit_frozen_radius,raw_HI_to_common_1p33,0,
NGC0289,calibration,17,data/stationary/source_reconstruction/hix2018_ngc0289_hi_profile_v1.csv,29.0395541,kpc_source,26.19352669,4.27510976,,,1.33,5.6858959808,,,explicit_frozen_radius,raw_HI_to_common_1p33,0,
NGC0289,calibration,18,data/stationary/source_reconstruction/hix2018_ngc0289_hi_profile_v1.csv,30.69895725,kpc_source,27.69029969,4.1740053,,,1.33,5.551427049,,,explicit_frozen_radius,raw_HI_to_common_1p33,0,
NGC0289,calibration,19,data/stationary/source_reconstruction/hix2018_ngc0289_hi_profile_v1.csv,32.3583604,kpc_source,29.1870727,4.01068176,,,1.33,5.3342067408,,,explicit_frozen_radius,raw_HI_to_common_1p33,0,
NGC0289,calibration,20,data/stationary/source_reconstruction/hix2018_ngc0289_hi_profile_v1.csv,34.01776355,kpc_source,30.6838457,3.80540649,,,1.33,5.0611906317,,,explicit_frozen_radius,raw_HI_to_common_1p33,0,
NGC0289,calibration,21,data/stationary/source_reconstruction/hix2018_ngc0289_hi_profile_v1.csv,35.6771667,kpc_source,32.18061871,3.62116925,,,1.33,4.8161551025,,,explicit_frozen_radius,raw_HI_to_common_1p33,0,
NGC0289,calibration,22,data/stationary/source_reconstruction/hix2018_ngc0289_hi_profile_v1.csv,37.33656985,kpc_source,33.67739171,3.48950357,,,1.33,4.6410397481,,,explicit_frozen_radius,raw_HI_to_common_1p33,0,
NGC0289,calibration,23,data/stationary/source_reconstruction/hix2018_ngc0289_hi_profile_v1.csv,38.995973,kpc_source,35.17416472,3.33807716,,,1.33,4.4396426228,,,explicit_frozen_radius,raw_HI_to_common_1p33,0,
NGC0289,calibration,24,data/stationary/source_reconstruction/hix2018_ngc0289_hi_profile_v1.csv,40.65537615,kpc_source,36.67093773,3.11058714,,,1.33,4.1370808962,,,explicit_frozen_radius,raw_HI_to_common_1p33,0,
NGC0289,calibration,25,data/stationary/source_reconstruction/hix2018_ngc0289_hi_profile_v1.csv,42.3147793,kpc_source,38.16771073,2.85868259,,,1.33,3.8020478447,,,explicit_frozen_radius,raw_HI_to_common_1p33,0,
NGC0289,calibration,26,data/stationary/source_reconstruction/hix2018_ngc0289_hi_profile_v1.csv,43.97418245,kpc_source,39.66448374,2.62144213,,,1.33,3.4865180329,,,explicit_frozen_radius,raw_HI_to_common_1p33,0,
NGC0289,calibration,27,data/stationary/source_reconstruction/hix2018_ngc0289_hi_profile_v1.csv,45.6335856,kpc_source,41.16125674,2.4263499,,,1.33,3.227045367,,,explicit_frozen_radius,raw_HI_to_common_1p33,0,
NGC0289,calibration,28,data/stationary/source_reconstruction/hix2018_ngc0289_hi_profile_v1.csv,47.29298875,kpc_source,42.65802975,2.29752334,,,1.33,3.0557060422,,,explicit_frozen_radius,raw_HI_to_common_1p33,0,
NGC0289,calibration,29,data/stationary/source_reconstruction/hix2018_ngc0289_hi_profile_v1.csv,48.9523919,kpc_source,44.15480276,2.22906022,,,1.33,2.9646500926,,,explicit_frozen_radius,raw_HI_to_common_1p33,0,
NGC0289,calibration,30,data/stationary/source_reconstruction/hix2018_ngc0289_hi_profile_v1.csv,50.61179505,kpc_source,45.65157576,2.18620419,,,1.33,2.9076515727,,,explicit_frozen_radius,raw_HI_to_common_1p33,0,
NGC0289,calibration,31,data/stationary/source_reconstruction/hix2018_ngc0289_hi_profile_v1.csv,52.2711982,kpc_source,47.14834877,2.11894014,,,1.33,2.8181903862,,,explicit_frozen_radius,raw_HI_to_common_1p33,0,
NGC0289,calibration,32,data/stationary/source_reconstruction/hix2018_ngc0289_hi_profile_v1.csv,53.93060135,kpc_source,48.64512177,1.9995525,,,1.33,2.659404825,,,explicit_frozen_radius,raw_HI_to_common_1p33,0,
NGC0289,calibration,33,data/stationary/source_reconstruction/hix2018_ngc0289_hi_profile_v1.csv,55.5900045,kpc_source,50.14189478,1.8632563,,,1.33,2.478130879,,,explicit_frozen_radius,raw_HI_to_common_1p33,0,
NGC0289,calibration,34,data/stationary/source_reconstruction/hix2018_ngc0289_hi_profile_v1.csv,57.24940765,kpc_source,51.63866778,1.80840534,,,1.33,2.4051791022,,,explicit_frozen_radius,raw_HI_to_common_1p33,0,
NGC0289,calibration,35,data/stationary/source_reconstruction/hix2018_ngc0289_hi_profile_v1.csv,58.9088108,kpc_source,53.13544079,1.77202802,,,1.33,2.3567972666,,,explicit_frozen_radius,raw_HI_to_common_1p33,0,
NGC0289,calibration,36,data/stationary/source_reconstruction/hix2018_ngc0289_hi_profile_v1.csv,60.56821395,kpc_source,54.6322138,1.64248714,,,1.33,2.1845078962,,,explicit_frozen_radius,raw_HI_to_common_1p33,0,
NGC0289,calibration,37,data/stationary/source_reconstruction/hix2018_ngc0289_hi_profile_v1.csv,62.2276171,kpc_source,56.1289868,1.76416862,,,1.33,2.3463442646,,,explicit_frozen_radius,raw_HI_to_common_1p33,0,
NGC0289,calibration,38,data/stationary/source_reconstruction/hix2018_ngc0289_hi_profile_v1.csv,63.88702025,kpc_source,57.62575981,1.89324384,,,1.33,2.5180143072,,,explicit_frozen_radius,raw_HI_to_common_1p33,0,
NGC0289,calibration,39,data/stationary/source_reconstruction/hix2018_ngc0289_hi_profile_v1.csv,65.5464234,kpc_source,59.12253281,1.92700741,,,1.33,2.5629198553,,,explicit_frozen_radius,raw_HI_to_common_1p33,0,
NGC0289,calibration,40,data/stationary/source_reconstruction/hix2018_ngc0289_hi_profile_v1.csv,67.20582655,kpc_source,60.61930582,1.88256208,,,1.33,2.5038075664,,,explicit_frozen_radius,raw_HI_to_common_1p33,0,
NGC0289,calibration,41,data/stationary/source_reconstruction/hix2018_ngc0289_hi_profile_v1.csv,68.8652297,kpc_source,62.11607882,1.94084169,,,1.33,2.5813194477,,,explicit_frozen_radius,raw_HI_to_common_1p33,0,
NGC0289,calibration,42,data/stationary/source_reconstruction/hix2018_ngc0289_hi_profile_v1.csv,70.52463285,kpc_source,63.61285183,2.03675869,,,1.33,2.7088890577,,,explicit_frozen_radius,raw_HI_to_common_1p33,0,
NGC0289,calibration,43,data/stationary/source_reconstruction/hix2018_ngc0289_hi_profile_v1.csv,72.184036,kpc_source,65.10962484,2.13794277,,,1.33,2.8434638841,,,explicit_frozen_radius,raw_HI_to_common_1p33,0,
NGC0289,calibration,44,data/stationary/source_reconstruction/hix2018_ngc0289_hi_profile_v1.csv,73.84343915,kpc_source,66.60639784,2.17062695,,,1.33,2.8869338435,,,explicit_frozen_radius,raw_HI_to_common_1p33,0,
NGC0289,calibration,45,data/stationary/source_reconstruction/hix2018_ngc0289_hi_profile_v1.csv,75.5028423,kpc_source,68.10317085,2.12770152,,,1.33,2.8298430216,,,explicit_frozen_radius,raw_HI_to_common_1p33,0,
NGC0289,calibration,46,data/stationary/source_reconstruction/hix2018_ngc0289_hi_profile_v1.csv,77.16224545,kpc_source,69.59994385,2.06730316,,,1.33,2.7495132028,,,explicit_frozen_radius,raw_HI_to_common_1p33,0,
NGC0289,calibration,47,data/stationary/source_reconstruction/hix2018_ngc0289_hi_profile_v1.csv,78.8216486,kpc_source,71.09671686,1.93292687,,,1.33,2.5707927371,,,explicit_frozen_radius,raw_HI_to_common_1p33,0,
NGC0289,calibration,48,data/stationary/source_reconstruction/hix2018_ngc0289_hi_profile_v1.csv,80.48105175,kpc_source,72.59348987,1.75028917,,,1.33,2.3278845961,,,explicit_frozen_radius,raw_HI_to_common_1p33,0,
NGC0289,calibration,49,data/stationary/source_reconstruction/hix2018_ngc0289_hi_profile_v1.csv,82.14045489,kpc_source,74.09026287,1.59436682,,,1.33,2.1205078706,,,explicit_frozen_radius,raw_HI_to_common_1p33,0,
NGC0289,calibration,50,data/stationary/source_reconstruction/hix2018_ngc0289_hi_profile_v1.csv,83.79985804,kpc_source,75.58703588,1.45502288,,,1.33,1.9351804304,,,explicit_frozen_radius,raw_HI_to_common_1p33,0,
NGC0289,calibration,51,data/stationary/source_reconstruction/hix2018_ngc0289_hi_profile_v1.csv,85.45926119,kpc_source,77.08380888,1.2485206,,,1.33,1.660532398,,,explicit_frozen_radius,raw_HI_to_common_1p33,0,
NGC0300,calibration,0,data/stationary/source_reconstruction/westmeier2011_ngc300_gas_profile_v1.csv,100,arcsec,1.00841245671,6.3,0.8,0.8,0.95,5.985,0.76,0.76,angular_radius_times_frozen_distance,source_includes_1p4_to_common_1p33,0,
NGC0300,calibration,1,data/stationary/source_reconstruction/westmeier2011_ngc300_gas_profile_v1.csv,200,arcsec,2.01682491342,7.4,1.2,1.2,0.95,7.03,1.14,1.14,angular_radius_times_frozen_distance,source_includes_1p4_to_common_1p33,0,
NGC0300,calibration,2,data/stationary/source_reconstruction/westmeier2011_ngc300_gas_profile_v1.csv,300,arcsec,3.02523737012,7,1.6,1.6,0.95,6.65,1.52,1.52,angular_radius_times_frozen_distance,source_includes_1p4_to_common_1p33,0,
NGC0300,calibration,3,data/stationary/source_reconstruction/westmeier2011_ngc300_gas_profile_v1.csv,400,arcsec,4.03364982683,7.1,1.7,1.7,0.95,6.745,1.615,1.615,angular_radius_times_frozen_distance,source_includes_1p4_to_common_1p33,0,
NGC0300,calibration,4,data/stationary/source_reconstruction/westmeier2011_ngc300_gas_profile_v1.csv,500,arcsec,5.04206228354,7.2,1.5,1.5,0.95,6.84,1.425,1.425,angular_radius_times_frozen_distance,source_includes_1p4_to_common_1p33,0,
NGC0300,calibration,5,data/stationary/source_reconstruction/westmeier2011_ngc300_gas_profile_v1.csv,600,arcsec,6.05047474025,6.8,2,2,0.95,6.46,1.9,1.9,angular_radius_times_frozen_distance,source_includes_1p4_to_common_1p33,0,
NGC0300,calibration,6,data/stationary/source_reconstruction/westmeier2011_ngc300_gas_profile_v1.csv,700,arcsec,7.05888719695,4.8,1.8,1.8,0.95,4.56,1.71,1.71,angular_radius_times_frozen_distance,source_includes_1p4_to_common_1p33,0,
NGC0300,calibration,7,data/stationary/source_reconstruction/westmeier2011_ngc300_gas_profile_v1.csv,800,arcsec,8.06729965366,3.5,1.5,1.5,0.95,3.325,1.425,1.425,angular_radius_times_frozen_distance,source_includes_1p4_to_common_1p33,0,
NGC0300,calibration,8,data/stationary/source_reconstruction/westmeier2011_ngc300_gas_profile_v1.csv,900,arcsec,9.07571211037,2.7,1.4,1.4,0.95,2.565,1.33,1.33,angular_radius_times_frozen_distance,source_includes_1p4_to_common_1p33,0,
NGC0300,calibration,9,data/stationary/source_reconstruction/westmeier2011_ngc300_gas_profile_v1.csv,1000,arcsec,10.0841245671,2.1,1,1,0.95,1.995,0.95,0.95,angular_radius_times_frozen_distance,source_includes_1p4_to_common_1p33,0,
NGC0300,calibration,10,data/stationary/source_reconstruction/westmeier2011_ngc300_gas_profile_v1.csv,1100,arcsec,11.0925370238,1.6,0.6,0.6,0.95,1.52,0.57,0.57,angular_radius_times_frozen_distance,source_includes_1p4_to_common_1p33,0,
NGC0300,calibration,11,data/stationary/source_reconstruction/westmeier2011_ngc300_gas_profile_v1.csv,1200,arcsec,12.1009494805,1.5,0.6,0.6,0.95,1.425,0.57,0.57,angular_radius_times_frozen_distance,source_includes_1p4_to_common_1p33,0,
NGC0300,calibration,12,data/stationary/source_reconstruction/westmeier2011_ngc300_gas_profile_v1.csv,1300,arcsec,13.1093619372,1.3,0.5,0.5,0.95,1.235,0.475,0.475,angular_radius_times_frozen_distance,source_includes_1p4_to_common_1p33,0,
NGC0300,calibration,13,data/stationary/source_reconstruction/westmeier2011_ngc300_gas_profile_v1.csv,1400,arcsec,14.1177743939,1.1,0.4,0.4,0.95,1.045,0.38,0.38,angular_radius_times_frozen_distance,source_includes_1p4_to_common_1p33,0,
NGC0300,calibration,14,data/stationary/source_reconstruction/westmeier2011_ngc300_gas_profile_v1.csv,1500,arcsec,15.1261868506,0.8,0.3,0.3,0.95,0.76,0.285,0.285,angular_radius_times_frozen_distance,source_includes_1p4_to_common_1p33,0,
NGC0300,calibration,15,data/stationary/source_reconstruction/westmeier2011_ngc300_gas_profile_v1.csv,1600,arcsec,16.1345993073,0.6,0.3,0.3,0.95,0.57,0.285,0.285,angular_radius_times_frozen_distance,source_includes_1p4_to_common_1p33,0,
NGC0300,calibration,16,data/stationary/source_reconstruction/westmeier2011_ngc300_gas_profile_v1.csv,1700,arcsec,17.143011764,0.4,0.2,0.2,0.95,0.38,0.19,0.19,angular_radius_times_frozen_distance,source_includes_1p4_to_common_1p33,0,
NGC0300,calibration,17,data/stationary/source_reconstruction/westmeier2011_ngc300_gas_profile_v1.csv,1800,arcsec,18.1514242207,0.3,0.1,0.1,0.95,0.285,0.095,0.095,angular_radius_times_frozen_distance,source_includes_1p4_to_common_1p33,0,
NGC0300,calibration,18,data/stationary/source_reconstruction/westmeier2011_ngc300_gas_profile_v1.csv,1900,arcsec,19.1598366774,0.2,0.1,0.1,0.95,0.19,0.095,0.095,angular_radius_times_frozen_distance,source_includes_1p4_to_common_1p33,0,
NGC0300,calibration,19,data/stationary/source_reconstruction/westmeier2011_ngc300_gas_profile_v1.csv,2000,arcsec,20.1682491342,0.1,0.1,0.1,0.95,0.095,0.095,0.095,angular_radius_times_frozen_distance,source_includes_1p4_to_common_1p33,0,
NGC2403,blind,0,data/stationary/source_reconstruction/leroy2008_things_hi_profiles_v1.csv,0.1,kpc_source,0.09875,6.7,0.3,0.3,0.977941176471,6.55220588236,0.293382352941,0.293382352941,source_kpc_times_frozen_over_source_distance,source_includes_1p36_to_common_1p33,0,finite Leroy table7 measured row; source blank edge rows excluded under frozen missing-value policy
NGC2403,blind,1,data/stationary/source_reconstruction/leroy2008_things_hi_profiles_v1.csv,0.2,kpc_source,0.1975,6.8,0.3,0.3,0.977941176471,6.65,0.293382352941,0.293382352941,source_kpc_times_frozen_over_source_distance,source_includes_1p36_to_common_1p33,0,finite Leroy table7 measured row; source blank edge rows excluded under frozen missing-value policy
NGC2403,blind,2,data/stationary/source_reconstruction/leroy2008_things_hi_profiles_v1.csv,0.4,kpc_source,0.395,6.9,0.4,0.4,0.977941176471,6.74779411765,0.391176470588,0.391176470588,source_kpc_times_frozen_over_source_distance,source_includes_1p36_to_common_1p33,0,finite Leroy table7 measured row; source blank edge rows excluded under frozen missing-value policy
NGC2403,blind,3,data/stationary/source_reconstruction/leroy2008_things_hi_profiles_v1.csv,0.5,kpc_source,0.49375,7.1,0.4,0.4,0.977941176471,6.94338235294,0.391176470588,0.391176470588,source_kpc_times_frozen_over_source_distance,source_includes_1p36_to_common_1p33,0,finite Leroy table7 measured row; source blank edge rows excluded under frozen missing-value policy
NGC2403,blind,4,data/stationary/source_reconstruction/leroy2008_things_hi_profiles_v1.csv,0.7,kpc_source,0.69125,7.2,0.4,0.4,0.977941176471,7.04117647059,0.391176470588,0.391176470588,source_kpc_times_frozen_over_source_distance,source_includes_1p36_to_common_1p33,0,finite Leroy table7 measured row; source blank edge rows excluded under frozen missing-value policy
NGC2403,blind,5,data/stationary/source_reconstruction/leroy2008_things_hi_profiles_v1.csv,0.9,kpc_source,0.88875,7.2,0.3,0.3,0.977941176471,7.04117647059,0.293382352941,0.293382352941,source_kpc_times_frozen_over_source_distance,source_includes_1p36_to_common_1p33,0,finite Leroy table7 measured row; source blank edge rows excluded under frozen missing-value policy
NGC2403,blind,6,data/stationary/source_reconstruction/leroy2008_things_hi_profiles_v1.csv,1,kpc_source,0.9875,7.3,0.3,0.3,0.977941176471,7.13897058824,0.293382352941,0.293382352941,source_kpc_times_frozen_over_source_distance,source_includes_1p36_to_common_1p33,0,finite Leroy table7 measured row; source blank edge rows excluded under frozen missing-value policy
NGC2403,blind,7,data/stationary/source_reconstruction/leroy2008_things_hi_profiles_v1.csv,1.2,kpc_source,1.185,7.3,0.3,0.3,0.977941176471,7.13897058824,0.293382352941,0.293382352941,source_kpc_times_frozen_over_source_distance,source_includes_1p36_to_common_1p33,0,finite Leroy table7 measured row; source blank edge rows excluded under frozen missing-value policy
NGC2403,blind,8,data/stationary/source_reconstruction/leroy2008_things_hi_profiles_v1.csv,1.3,kpc_source,1.28375,7.3,0.3,0.3,0.977941176471,7.13897058824,0.293382352941,0.293382352941,source_kpc_times_frozen_over_source_distance,source_includes_1p36_to_common_1p33,0,finite Leroy table7 measured row; source blank edge rows excluded under frozen missing-value policy
NGC2403,blind,9,data/stationary/source_reconstruction/leroy2008_things_hi_profiles_v1.csv,1.5,kpc_source,1.48125,7.4,0.4,0.4,0.977941176471,7.23676470589,0.391176470588,0.391176470588,source_kpc_times_frozen_over_source_distance,source_includes_1p36_to_common_1p33,0,finite Leroy table7 measured row; source blank edge rows excluded under frozen missing-value policy
NGC2403,blind,10,data/stationary/source_reconstruction/leroy2008_things_hi_profiles_v1.csv,1.6,kpc_source,1.58,7.4,0.5,0.5,0.977941176471,7.23676470589,0.488970588235,0.488970588235,source_kpc_times_frozen_over_source_distance,source_includes_1p36_to_common_1p33,0,finite Leroy table7 measured row; source blank edge rows excluded under frozen missing-value policy
NGC2403,blind,11,data/stationary/source_reconstruction/leroy2008_things_hi_profiles_v1.csv,1.8,kpc_source,1.7775,7.5,0.6,0.6,0.977941176471,7.33455882353,0.586764705883,0.586764705883,source_kpc_times_frozen_over_source_distance,source_includes_1p36_to_common_1p33,0,finite Leroy table7 measured row; source blank edge rows excluded under frozen missing-value policy
NGC2403,blind,12,data/stationary/source_reconstruction/leroy2008_things_hi_profiles_v1.csv,1.9,kpc_source,1.87625,7.6,0.6,0.6,0.977941176471,7.43235294118,0.586764705883,0.586764705883,source_kpc_times_frozen_over_source_distance,source_includes_1p36_to_common_1p33,0,finite Leroy table7 measured row; source blank edge rows excluded under frozen missing-value policy
NGC2403,blind,13,data/stationary/source_reconstruction/leroy2008_things_hi_profiles_v1.csv,2.1,kpc_source,2.07375,7.7,0.7,0.7,0.977941176471,7.53014705883,0.68455882353,0.68455882353,source_kpc_times_frozen_over_source_distance,source_includes_1p36_to_common_1p33,0,finite Leroy table7 measured row; source blank edge rows excluded under frozen missing-value policy
NGC2403,blind,14,data/stationary/source_reconstruction/leroy2008_things_hi_profiles_v1.csv,2.2,kpc_source,2.1725,7.9,0.7,0.7,0.977941176471,7.72573529412,0.68455882353,0.68455882353,source_kpc_times_frozen_over_source_distance,source_includes_1p36_to_common_1p33,0,finite Leroy table7 measured row; source blank edge rows excluded under frozen missing-value policy
NGC2403,blind,15,data/stationary/source_reconstruction/leroy2008_things_hi_profiles_v1.csv,2.4,kpc_source,2.37,8,0.7,0.7,0.977941176471,7.82352941177,0.68455882353,0.68455882353,source_kpc_times_frozen_over_source_distance,source_includes_1p36_to_common_1p33,0,finite Leroy table7 measured row; source blank edge rows excluded under frozen missing-value policy
NGC2403,blind,16,data/stationary/source_reconstruction/leroy2008_things_hi_profiles_v1.csv,2.6,kpc_source,2.5675,8.2,0.7,0.7,0.977941176471,8.01911764706,0.68455882353,0.68455882353,source_kpc_times_frozen_over_source_distance,source_includes_1p36_to_common_1p33,0,finite Leroy table7 measured row; source blank edge rows excluded under frozen missing-value policy
NGC2403,blind,17,data/stationary/source_reconstruction/leroy2008_things_hi_profiles_v1.csv,2.7,kpc_source,2.66625,8.4,0.7,0.7,0.977941176471,8.21470588236,0.68455882353,0.68455882353,source_kpc_times_frozen_over_source_distance,source_includes_1p36_to_common_1p33,0,finite Leroy table7 measured row; source blank edge rows excluded under frozen missing-value policy
NGC2403,blind,18,data/stationary/source_reconstruction/leroy2008_things_hi_profiles_v1.csv,2.9,kpc_source,2.86375,8.7,0.7,0.7,0.977941176471,8.5080882353,0.68455882353,0.68455882353,source_kpc_times_frozen_over_source_distance,source_includes_1p36_to_common_1p33,0,finite Leroy table7 measured row; source blank edge rows excluded under frozen missing-value policy
NGC2403,blind,19,data/stationary/source_reconstruction/leroy2008_things_hi_profiles_v1.csv,3,kpc_source,2.9625,8.9,0.7,0.7,0.977941176471,8.70367647059,0.68455882353,0.68455882353,source_kpc_times_frozen_over_source_distance,source_includes_1p36_to_common_1p33,0,finite Leroy table7 measured row; source blank edge rows excluded under frozen missing-value policy
NGC2403,blind,20,data/stationary/source_reconstruction/leroy2008_things_hi_profiles_v1.csv,3.2,kpc_source,3.16,9.2,0.7,0.7,0.977941176471,8.99705882353,0.68455882353,0.68455882353,source_kpc_times_frozen_over_source_distance,source_includes_1p36_to_common_1p33,0,finite Leroy table7 measured row; source blank edge rows excluded under frozen missing-value policy
NGC2403,blind,21,data/stationary/source_reconstruction/leroy2008_things_hi_profiles_v1.csv,3.3,kpc_source,3.25875,9.5,0.6,0.6,0.977941176471,9.29044117647,0.586764705883,0.586764705883,source_kpc_times_frozen_over_source_distance,source_includes_1p36_to_common_1p33,0,finite Leroy table7 measured row; source blank edge rows excluded under frozen missing-value policy
NGC2403,blind,22,data/stationary/source_reconstruction/leroy2008_things_hi_profiles_v1.csv,3.5,kpc_source,3.45625,9.7,0.6,0.6,0.977941176471,9.48602941177,0.586764705883,0.586764705883,source_kpc_times_frozen_over_source_distance,source_includes_1p36_to_common_1p33,0,finite Leroy table7 measured row; source blank edge rows excluded under frozen missing-value policy
NGC2403,blind,23,data/stationary/source_reconstruction/leroy2008_things_hi_profiles_v1.csv,3.6,kpc_source,3.555,9.7,0.6,0.6,0.977941176471,9.48602941177,0.586764705883,0.586764705883,source_kpc_times_frozen_over_source_distance,source_includes_1p36_to_common_1p33,0,finite Leroy table7 measured row; source blank edge rows excluded under frozen missing-value policy
NGC2403,blind,24,data/stationary/source_reconstruction/leroy2008_things_hi_profiles_v1.csv,3.8,kpc_source,3.7525,9.6,0.5,0.5,0.977941176471,9.38823529412,0.488970588235,0.488970588235,source_kpc_times_frozen_over_source_distance,source_includes_1p36_to_common_1p33,0,finite Leroy table7 measured row; source blank edge rows excluded under frozen missing-value policy
NGC2403,blind,25,data/stationary/source_reconstruction/leroy2008_things_hi_profiles_v1.csv,4,kpc_source,3.95,9.4,0.5,0.5,0.977941176471,9.19264705883,0.488970588235,0.488970588235,source_kpc_times_frozen_over_source_distance,source_includes_1p36_to_common_1p33,0,finite Leroy table7 measured row; source blank edge rows excluded under frozen missing-value policy
NGC2403,blind,26,data/stationary/source_reconstruction/leroy2008_things_hi_profiles_v1.csv,4.1,kpc_source,4.04875,9.2,0.5,0.5,0.977941176471,8.99705882353,0.488970588235,0.488970588235,source_kpc_times_frozen_over_source_distance,source_includes_1p36_to_common_1p33,0,finite Leroy table7 measured row; source blank edge rows excluded under frozen missing-value policy
NGC2403,blind,27,data/stationary/source_reconstruction/leroy2008_things_hi_profiles_v1.csv,4.3,kpc_source,4.24625,8.8,0.5,0.5,0.977941176471,8.60588235294,0.488970588235,0.488970588235,source_kpc_times_frozen_over_source_distance,source_includes_1p36_to_common_1p33,0,finite Leroy table7 measured row; source blank edge rows excluded under frozen missing-value policy
NGC2403,blind,28,data/stationary/source_reconstruction/leroy2008_things_hi_profiles_v1.csv,4.4,kpc_source,4.345,8.5,0.5,0.5,0.977941176471,8.3125,0.488970588235,0.488970588235,source_kpc_times_frozen_over_source_distance,source_includes_1p36_to_common_1p33,0,finite Leroy table7 measured row; source blank edge rows excluded under frozen missing-value policy
NGC2403,blind,29,data/stationary/source_reconstruction/leroy2008_things_hi_profiles_v1.csv,4.6,kpc_source,4.5425,8.2,0.4,0.4,0.977941176471,8.01911764706,0.391176470588,0.391176470588,source_kpc_times_frozen_over_source_distance,source_includes_1p36_to_common_1p33,0,finite Leroy table7 measured row; source blank edge rows excluded under frozen missing-value policy
NGC2403,blind,30,data/stationary/source_reconstruction/leroy2008_things_hi_profiles_v1.csv,4.7,kpc_source,4.64125,7.8,0.4,0.4,0.977941176471,7.62794117647,0.391176470588,0.391176470588,source_kpc_times_frozen_over_source_distance,source_includes_1p36_to_common_1p33,0,finite Leroy table7 measured row; source blank edge rows excluded under frozen missing-value policy
NGC2403,blind,31,data/stationary/source_reconstruction/leroy2008_things_hi_profiles_v1.csv,4.9,kpc_source,4.83875,7.4,0.4,0.4,0.977941176471,7.23676470589,0.391176470588,0.391176470588,source_kpc_times_frozen_over_source_distance,source_includes_1p36_to_common_1p33,0,finite Leroy table7 measured row; source blank edge rows excluded under frozen missing-value policy
NGC2403,blind,32,data/stationary/source_reconstruction/leroy2008_things_hi_profiles_v1.csv,5,kpc_source,4.9375,7.1,0.4,0.4,0.977941176471,6.94338235294,0.391176470588,0.391176470588,source_kpc_times_frozen_over_source_distance,source_includes_1p36_to_common_1p33,0,finite Leroy table7 measured row; source blank edge rows excluded under frozen missing-value policy
NGC2403,blind,33,data/stationary/source_reconstruction/leroy2008_things_hi_profiles_v1.csv,5.2,kpc_source,5.135,6.7,0.4,0.4,0.977941176471,6.55220588236,0.391176470588,0.391176470588,source_kpc_times_frozen_over_source_distance,source_includes_1p36_to_common_1p33,0,finite Leroy table7 measured row; source blank edge rows excluded under frozen missing-value policy
NGC2403,blind,34,data/stationary/source_reconstruction/leroy2008_things_hi_profiles_v1.csv,5.4,kpc_source,5.3325,6.4,0.4,0.4,0.977941176471,6.25882352941,0.391176470588,0.391176470588,source_kpc_times_frozen_over_source_distance,source_includes_1p36_to_common_1p33,0,finite Leroy table7 measured row; source blank edge rows excluded under frozen missing-value policy
NGC2403,blind,35,data/stationary/source_reconstruction/leroy2008_things_hi_profiles_v1.csv,5.5,kpc_source,5.43125,6.2,0.4,0.4,0.977941176471,6.06323529412,0.391176470588,0.391176470588,source_kpc_times_frozen_over_source_distance,source_includes_1p36_to_common_1p33,0,finite Leroy table7 measured row; source blank edge rows excluded under frozen missing-value policy
NGC2403,blind,36,data/stationary/source_reconstruction/leroy2008_things_hi_profiles_v1.csv,5.7,kpc_source,5.62875,6,0.4,0.4,0.977941176471,5.86764705883,0.391176470588,0.391176470588,source_kpc_times_frozen_over_source_distance,source_includes_1p36_to_common_1p33,0,finite Leroy table7 measured row; source blank edge rows excluded under frozen missing-value policy
NGC2403,blind,37,data/stationary/source_reconstruction/leroy2008_things_hi_profiles_v1.csv,5.8,kpc_source,5.7275,5.8,0.3,0.3,0.977941176471,5.67205882353,0.293382352941,0.293382352941,source_kpc_times_frozen_over_source_distance,source_includes_1p36_to_common_1p33,0,finite Leroy table7 measured row; source blank edge rows excluded under frozen missing-value policy
NGC2403,blind,38,data/stationary/source_reconstruction/leroy2008_things_hi_profiles_v1.csv,6,kpc_source,5.925,5.7,0.3,0.3,0.977941176471,5.57426470588,0.293382352941,0.293382352941,source_kpc_times_frozen_over_source_distance,source_includes_1p36_to_common_1p33,0,finite Leroy table7 measured row; source blank edge rows excluded under frozen missing-value policy
NGC2403,blind,39,data/stationary/source_reconstruction/leroy2008_things_hi_profiles_v1.csv,6.1,kpc_source,6.02375,5.7,0.3,0.3,0.977941176471,5.57426470588,0.293382352941,0.293382352941,source_kpc_times_frozen_over_source_distance,source_includes_1p36_to_common_1p33,0,finite Leroy table7 measured row; source blank edge rows excluded under frozen missing-value policy
NGC2403,blind,40,data/stationary/source_reconstruction/leroy2008_things_hi_profiles_v1.csv,6.3,kpc_source,6.22125,5.6,0.3,0.3,0.977941176471,5.47647058824,0.293382352941,0.293382352941,source_kpc_times_frozen_over_source_distance,source_includes_1p36_to_common_1p33,0,finite Leroy table7 measured row; source blank edge rows excluded under frozen missing-value policy
NGC2403,blind,41,data/stationary/source_reconstruction/leroy2008_things_hi_profiles_v1.csv,6.4,kpc_source,6.32,5.6,0.3,0.3,0.977941176471,5.47647058824,0.293382352941,0.293382352941,source_kpc_times_frozen_over_source_distance,source_includes_1p36_to_common_1p33,0,finite Leroy table7 measured row; source blank edge rows excluded under frozen missing-value policy
NGC2403,blind,42,data/stationary/source_reconstruction/leroy2008_things_hi_profiles_v1.csv,6.6,kpc_source,6.5175,5.6,0.3,0.3,0.977941176471,5.47647058824,0.293382352941,0.293382352941,source_kpc_times_frozen_over_source_distance,source_includes_1p36_to_common_1p33,0,finite Leroy table7 measured row; source blank edge rows excluded under frozen missing-value policy
NGC2403,blind,43,data/stationary/source_reconstruction/leroy2008_things_hi_profiles_v1.csv,6.7,kpc_source,6.61625,5.7,0.3,0.3,0.977941176471,5.57426470588,0.293382352941,0.293382352941,source_kpc_times_frozen_over_source_distance,source_includes_1p36_to_common_1p33,0,finite Leroy table7 measured row; source blank edge rows excluded under frozen missing-value policy
NGC2403,blind,44,data/stationary/source_reconstruction/leroy2008_things_hi_profiles_v1.csv,6.9,kpc_source,6.81375,5.8,0.3,0.3,0.977941176471,5.67205882353,0.293382352941,0.293382352941,source_kpc_times_frozen_over_source_distance,source_includes_1p36_to_common_1p33,0,finite Leroy table7 measured row; source blank edge rows excluded under frozen missing-value policy
NGC2403,blind,45,data/stationary/source_reconstruction/leroy2008_things_hi_profiles_v1.csv,7.1,kpc_source,7.01125,5.8,0.3,0.3,0.977941176471,5.67205882353,0.293382352941,0.293382352941,source_kpc_times_frozen_over_source_distance,source_includes_1p36_to_common_1p33,0,finite Leroy table7 measured row; source blank edge rows excluded under frozen missing-value policy
NGC2403,blind,46,data/stationary/source_reconstruction/leroy2008_things_hi_profiles_v1.csv,7.2,kpc_source,7.11,5.8,0.3,0.3,0.977941176471,5.67205882353,0.293382352941,0.293382352941,source_kpc_times_frozen_over_source_distance,source_includes_1p36_to_common_1p33,0,finite Leroy table7 measured row; source blank edge rows excluded under frozen missing-value policy
NGC2403,blind,47,data/stationary/source_reconstruction/leroy2008_things_hi_profiles_v1.csv,7.4,kpc_source,7.3075,5.7,0.3,0.3,0.977941176471,5.57426470588,0.293382352941,0.293382352941,source_kpc_times_frozen_over_source_distance,source_includes_1p36_to_common_1p33,0,finite Leroy table7 measured row; source blank edge rows excluded under frozen missing-value policy
NGC2403,blind,48,data/stationary/source_reconstruction/leroy2008_things_hi_profiles_v1.csv,7.5,kpc_source,7.40625,5.6,0.3,0.3,0.977941176471,5.47647058824,0.293382352941,0.293382352941,source_kpc_times_frozen_over_source_distance,source_includes_1p36_to_common_1p33,0,finite Leroy table7 measured row; source blank edge rows excluded under frozen missing-value policy
NGC2403,blind,49,data/stationary/source_reconstruction/leroy2008_things_hi_profiles_v1.csv,7.7,kpc_source,7.60375,5.4,0.2,0.2,0.977941176471,5.28088235294,0.195588235294,0.195588235294,source_kpc_times_frozen_over_source_distance,source_includes_1p36_to_common_1p33,0,finite Leroy table7 measured row; source blank edge rows excluded under frozen missing-value policy
NGC2403,blind,50,data/stationary/source_reconstruction/leroy2008_things_hi_profiles_v1.csv,7.8,kpc_source,7.7025,5.3,0.2,0.2,0.977941176471,5.1830882353,0.195588235294,0.195588235294,source_kpc_times_frozen_over_source_distance,source_includes_1p36_to_common_1p33,0,finite Leroy table7 measured row; source blank edge rows excluded under frozen missing-value policy
NGC2403,blind,51,data/stationary/source_reconstruction/leroy2008_things_hi_profiles_v1.csv,8,kpc_source,7.9,5.2,0.2,0.2,0.977941176471,5.08529411765,0.195588235294,0.195588235294,source_kpc_times_frozen_over_source_distance,source_includes_1p36_to_common_1p33,0,finite Leroy table7 measured row; source blank edge rows excluded under frozen missing-value policy
NGC2403,blind,52,data/stationary/source_reconstruction/leroy2008_things_hi_profiles_v1.csv,8.1,kpc_source,7.99875,5.1,0.2,0.2,0.977941176471,4.9875,0.195588235294,0.195588235294,source_kpc_times_frozen_over_source_distance,source_includes_1p36_to_common_1p33,0,finite Leroy table7 measured row; source blank edge rows excluded under frozen missing-value policy
NGC2403,blind,53,data/stationary/source_reconstruction/leroy2008_things_hi_profiles_v1.csv,8.3,kpc_source,8.19625,5.1,0.2,0.2,0.977941176471,4.9875,0.195588235294,0.195588235294,source_kpc_times_frozen_over_source_distance,source_includes_1p36_to_common_1p33,0,finite Leroy table7 measured row; source blank edge rows excluded under frozen missing-value policy
NGC2403,blind,54,data/stationary/source_reconstruction/leroy2008_things_hi_profiles_v1.csv,8.5,kpc_source,8.39375,5,0.2,0.2,0.977941176471,4.88970588235,0.195588235294,0.195588235294,source_kpc_times_frozen_over_source_distance,source_includes_1p36_to_common_1p33,0,finite Leroy table7 measured row; source blank edge rows excluded under frozen missing-value policy
NGC2403,blind,55,data/stationary/source_reconstruction/leroy2008_things_hi_profiles_v1.csv,8.6,kpc_source,8.4925,4.9,0.2,0.2,0.977941176471,4.79191176471,0.195588235294,0.195588235294,source_kpc_times_frozen_over_source_distance,source_includes_1p36_to_common_1p33,0,finite Leroy table7 measured row; source blank edge rows excluded under frozen missing-value policy
NGC2403,blind,56,data/stationary/source_reconstruction/leroy2008_things_hi_profiles_v1.csv,8.8,kpc_source,8.69,4.8,0.2,0.2,0.977941176471,4.69411764706,0.195588235294,0.195588235294,source_kpc_times_frozen_over_source_distance,source_includes_1p36_to_common_1p33,0,finite Leroy table7 measured row; source blank edge rows excluded under frozen missing-value policy
NGC2841,calibration,0,data/stationary/source_reconstruction/leroy2008_things_hi_profiles_v1.csv,3.8,kpc_source,3.8,1.3,0.2,0.2,0.977941176471,1.27132352941,0.195588235294,0.195588235294,source_kpc_times_frozen_over_source_distance,source_includes_1p36_to_common_1p33,0,finite Leroy table7 measured row; source blank edge rows excluded under frozen missing-value policy
NGC2841,calibration,1,data/stationary/source_reconstruction/leroy2008_things_hi_profiles_v1.csv,4.4,kpc_source,4.4,1.7,0.2,0.2,0.977941176471,1.6625,0.195588235294,0.195588235294,source_kpc_times_frozen_over_source_distance,source_includes_1p36_to_common_1p33,0,finite Leroy table7 measured row; source blank edge rows excluded under frozen missing-value policy
NGC2841,calibration,2,data/stationary/source_reconstruction/leroy2008_things_hi_profiles_v1.csv,5.1,kpc_source,5.1,2.1,0.2,0.2,0.977941176471,2.05367647059,0.195588235294,0.195588235294,source_kpc_times_frozen_over_source_distance,source_includes_1p36_to_common_1p33,0,finite Leroy table7 measured row; source blank edge rows excluded under frozen missing-value policy
NGC2841,calibration,3,data/stationary/source_reconstruction/leroy2008_things_hi_profiles_v1.csv,5.8,kpc_source,5.8,2.4,0.2,0.2,0.977941176471,2.34705882353,0.195588235294,0.195588235294,source_kpc_times_frozen_over_source_distance,source_includes_1p36_to_common_1p33,0,finite Leroy table7 measured row; source blank edge rows excluded under frozen missing-value policy
NGC2841,calibration,4,data/stationary/source_reconstruction/leroy2008_things_hi_profiles_v1.csv,6.5,kpc_source,6.5,2.5,0.2,0.2,0.977941176471,2.44485294118,0.195588235294,0.195588235294,source_kpc_times_frozen_over_source_distance,source_includes_1p36_to_common_1p33,0,finite Leroy table7 measured row; source blank edge rows excluded under frozen missing-value policy
NGC2841,calibration,5,data/stationary/source_reconstruction/leroy2008_things_hi_profiles_v1.csv,7.2,kpc_source,7.2,2.6,0.2,0.2,0.977941176471,2.54264705882,0.195588235294,0.195588235294,source_kpc_times_frozen_over_source_distance,source_includes_1p36_to_common_1p33,0,finite Leroy table7 measured row; source blank edge rows excluded under frozen missing-value policy
NGC2841,calibration,6,data/stationary/source_reconstruction/leroy2008_things_hi_profiles_v1.csv,7.9,kpc_source,7.9,2.6,0.1,0.1,0.977941176471,2.54264705882,0.0977941176471,0.0977941176471,source_kpc_times_frozen_over_source_distance,source_includes_1p36_to_common_1p33,0,finite Leroy table7 measured row; source blank edge rows excluded under frozen missing-value policy
NGC2841,calibration,7,data/stationary/source_reconstruction/leroy2008_things_hi_profiles_v1.csv,8.5,kpc_source,8.5,2.7,0.1,0.1,0.977941176471,2.64044117647,0.0977941176471,0.0977941176471,source_kpc_times_frozen_over_source_distance,source_includes_1p36_to_common_1p33,0,finite Leroy table7 measured row; source blank edge rows excluded under frozen missing-value policy
NGC2841,calibration,8,data/stationary/source_reconstruction/leroy2008_things_hi_profiles_v1.csv,9.2,kpc_source,9.2,2.8,0.1,0.1,0.977941176471,2.73823529412,0.0977941176471,0.0977941176471,source_kpc_times_frozen_over_source_distance,source_includes_1p36_to_common_1p33,0,finite Leroy table7 measured row; source blank edge rows excluded under frozen missing-value policy
NGC2841,calibration,9,data/stationary/source_reconstruction/leroy2008_things_hi_profiles_v1.csv,9.9,kpc_source,9.9,2.9,0.1,0.1,0.977941176471,2.83602941177,0.0977941176471,0.0977941176471,source_kpc_times_frozen_over_source_distance,source_includes_1p36_to_common_1p33,0,finite Leroy table7 measured row; source blank edge rows excluded under frozen missing-value policy
NGC2841,calibration,10,data/stationary/source_reconstruction/leroy2008_things_hi_profiles_v1.csv,10.6,kpc_source,10.6,3,0.1,0.1,0.977941176471,2.93382352941,0.0977941176471,0.0977941176471,source_kpc_times_frozen_over_source_distance,source_includes_1p36_to_common_1p33,0,finite Leroy table7 measured row; source blank edge rows excluded under frozen missing-value policy
NGC2841,calibration,11,data/stationary/source_reconstruction/leroy2008_things_hi_profiles_v1.csv,11.3,kpc_source,11.3,3,0.1,0.1,0.977941176471,2.93382352941,0.0977941176471,0.0977941176471,source_kpc_times_frozen_over_source_distance,source_includes_1p36_to_common_1p33,0,finite Leroy table7 measured row; source blank edge rows excluded under frozen missing-value policy
NGC2841,calibration,12,data/stationary/source_reconstruction/leroy2008_things_hi_profiles_v1.csv,12,kpc_source,12,2.8,0.1,0.1,0.977941176471,2.73823529412,0.0977941176471,0.0977941176471,source_kpc_times_frozen_over_source_distance,source_includes_1p36_to_common_1p33,0,finite Leroy table7 measured row; source blank edge rows excluded under frozen missing-value policy
NGC2841,calibration,13,data/stationary/source_reconstruction/leroy2008_things_hi_profiles_v1.csv,12.6,kpc_source,12.6,2.5,0.1,0.1,0.977941176471,2.44485294118,0.0977941176471,0.0977941176471,source_kpc_times_frozen_over_source_distance,source_includes_1p36_to_common_1p33,0,finite Leroy table7 measured row; source blank edge rows excluded under frozen missing-value policy
NGC2841,calibration,14,data/stationary/source_reconstruction/leroy2008_things_hi_profiles_v1.csv,13.3,kpc_source,13.3,2.2,0.2,0.2,0.977941176471,2.15147058824,0.195588235294,0.195588235294,source_kpc_times_frozen_over_source_distance,source_includes_1p36_to_common_1p33,0,finite Leroy table7 measured row; source blank edge rows excluded under frozen missing-value policy
NGC2841,calibration,15,data/stationary/source_reconstruction/leroy2008_things_hi_profiles_v1.csv,14,kpc_source,14,2.1,0.2,0.2,0.977941176471,2.05367647059,0.195588235294,0.195588235294,source_kpc_times_frozen_over_source_distance,source_includes_1p36_to_common_1p33,0,finite Leroy table7 measured row; source blank edge rows excluded under frozen missing-value policy
NGC2841,calibration,16,data/stationary/source_reconstruction/leroy2008_things_hi_profiles_v1.csv,14.7,kpc_source,14.7,2.2,0.1,0.1,0.977941176471,2.15147058824,0.0977941176471,0.0977941176471,source_kpc_times_frozen_over_source_distance,source_includes_1p36_to_common_1p33,0,finite Leroy table7 measured row; source blank edge rows excluded under frozen missing-value policy
NGC2841,calibration,17,data/stationary/source_reconstruction/leroy2008_things_hi_profiles_v1.csv,15.4,kpc_source,15.4,2.2,0.1,0.1,0.977941176471,2.15147058824,0.0977941176471,0.0977941176471,source_kpc_times_frozen_over_source_distance,source_includes_1p36_to_common_1p33,0,finite Leroy table7 measured row; source blank edge rows excluded under frozen missing-value policy
NGC2841,calibration,18,data/stationary/source_reconstruction/leroy2008_things_hi_profiles_v1.csv,16.1,kpc_source,16.1,2.1,0.1,0.1,0.977941176471,2.05367647059,0.0977941176471,0.0977941176471,source_kpc_times_frozen_over_source_distance,source_includes_1p36_to_common_1p33,0,finite Leroy table7 measured row; source blank edge rows excluded under frozen missing-value policy
NGC2841,calibration,19,data/stationary/source_reconstruction/leroy2008_things_hi_profiles_v1.csv,16.7,kpc_source,16.7,2,0.1,0.1,0.977941176471,1.95588235294,0.0977941176471,0.0977941176471,source_kpc_times_frozen_over_source_distance,source_includes_1p36_to_common_1p33,0,finite Leroy table7 measured row; source blank edge rows excluded under frozen missing-value policy
NGC2903,calibration,0,data/stationary/source_reconstruction/feasts2025_ngc2903_hi_profile_raw_v1.csv,45,arcsec,1.4398966329,5.43687028972,,,1.33,7.23103748532,,,explicit_frozen_radius,raw_HI_to_common_1p33,0,Official FEASTS 2025 machine-readable raw-HI profile; angular radius mapped to frozen distance during acquisition; no interpolation or continuation.
NGC2903,calibration,1,data/stationary/source_reconstruction/feasts2025_ngc2903_hi_profile_raw_v1.csv,108.080892949,arcsec,3.45834030751,5.0171790015,,,1.33,6.67284807199,,,explicit_frozen_radius,raw_HI_to_common_1p33,0,Official FEASTS 2025 machine-readable raw-HI profile; angular radius mapped to frozen distance during acquisition; no interpolation or continuation.
NGC2903,calibration,2,data/stationary/source_reconstruction/feasts2025_ngc2903_hi_profile_raw_v1.csv,144.242678848,arcsec,4.61543439095,4.56500834802,,,1.33,6.07146110286,,,explicit_frozen_radius,raw_HI_to_common_1p33,0,Official FEASTS 2025 machine-readable raw-HI profile; angular radius mapped to frozen distance during acquisition; no interpolation or continuation.
NGC2903,calibration,3,data/stationary/source_reconstruction/feasts2025_ngc2903_hi_profile_raw_v1.csv,180.404464746,arcsec,5.77252847439,4.17097731867,,,1.33,5.54739983384,,,explicit_frozen_radius,raw_HI_to_common_1p33,0,Official FEASTS 2025 machine-readable raw-HI profile; angular radius mapped to frozen distance during acquisition; no interpolation or continuation.
NGC2903,calibration,4,data/stationary/source_reconstruction/feasts2025_ngc2903_hi_profile_raw_v1.csv,216.566250645,arcsec,6.92962255783,3.71621151216,,,1.33,4.94256131117,,,explicit_frozen_radius,raw_HI_to_common_1p33,0,Official FEASTS 2025 machine-readable raw-HI profile; angular radius mapped to frozen distance during acquisition; no interpolation or continuation.
NGC2903,calibration,5,data/stationary/source_reconstruction/feasts2025_ngc2903_hi_profile_raw_v1.csv,252.728036544,arcsec,8.08671664127,3.40506616157,,,1.33,4.52873799489,,,explicit_frozen_radius,raw_HI_to_common_1p33,0,Official FEASTS 2025 machine-readable raw-HI profile; angular radius mapped to frozen distance during acquisition; no interpolation or continuation.
NGC2903,calibration,6,data/stationary/source_reconstruction/feasts2025_ngc2903_hi_profile_raw_v1.csv,288.889822442,arcsec,9.24381072471,3.02349875027,,,1.33,4.02125333786,,,explicit_frozen_radius,raw_HI_to_common_1p33,0,Official FEASTS 2025 machine-readable raw-HI profile; angular radius mapped to frozen distance during acquisition; no interpolation or continuation.
NGC2903,calibration,7,data/stationary/source_reconstruction/feasts2025_ngc2903_hi_profile_raw_v1.csv,325.051608341,arcsec,10.4009048082,2.62578880259,,,1.33,3.49229910744,,,explicit_frozen_radius,raw_HI_to_common_1p33,0,Official FEASTS 2025 machine-readable raw-HI profile; angular radius mapped to frozen distance during acquisition; no interpolation or continuation.
NGC2903,calibration,8,data/stationary/source_reconstruction/feasts2025_ngc2903_hi_profile_raw_v1.csv,361.213394239,arcsec,11.5579988916,2.34198548804,,,1.33,3.11484069909,,,explicit_frozen_radius,raw_HI_to_common_1p33,0,Official FEASTS 2025 machine-readable raw-HI profile; angular radius mapped to frozen distance during acquisition; no interpolation or continuation.
NGC2903,calibration,9,data/stationary/source_reconstruction/feasts2025_ngc2903_hi_profile_raw_v1.csv,397.375180138,arcsec,12.715092975,1.97664713468,,,1.33,2.62894068912,,,explicit_frozen_radius,raw_HI_to_common_1p33,0,Official FEASTS 2025 machine-readable raw-HI profile; angular radius mapped to frozen distance during acquisition; no interpolation or continuation.
NGC2903,calibration,10,data/stationary/source_reconstruction/feasts2025_ngc2903_hi_profile_raw_v1.csv,433.536966036,arcsec,13.8721870585,1.66201359726,,,1.33,2.21047808436,,,explicit_frozen_radius,raw_HI_to_common_1p33,0,Official FEASTS 2025 machine-readable raw-HI profile; angular radius mapped to frozen distance during acquisition; no interpolation or continuation.
NGC2903,calibration,11,data/stationary/source_reconstruction/feasts2025_ngc2903_hi_profile_raw_v1.csv,469.698751935,arcsec,15.0292811419,1.35500957771,,,1.33,1.80216273836,,,explicit_frozen_radius,raw_HI_to_common_1p33,0,Official FEASTS 2025 machine-readable raw-HI profile; angular radius mapped to frozen distance during acquisition; no interpolation or continuation.
NGC2903,calibration,12,data/stationary/source_reconstruction/feasts2025_ngc2903_hi_profile_raw_v1.csv,505.860537833,arcsec,16.1863752254,1.09462090275,,,1.33,1.45584580066,,,explicit_frozen_radius,raw_HI_to_common_1p33,0,Official FEASTS 2025 machine-readable raw-HI profile; angular radius mapped to frozen distance during acquisition; no interpolation or continuation.
NGC2903,calibration,13,data/stationary/source_reconstruction/feasts2025_ngc2903_hi_profile_raw_v1.csv,542.022323732,arcsec,17.3434693088,0.868434454363,,,1.33,1.1550178243,,,explicit_frozen_radius,raw_HI_to_common_1p33,0,Official FEASTS 2025 machine-readable raw-HI profile; angular radius mapped to frozen distance during acquisition; no interpolation or continuation.
NGC2903,calibration,14,data/stationary/source_reconstruction/feasts2025_ngc2903_hi_profile_raw_v1.csv,578.184109631,arcsec,18.5005633922,0.676540063928,,,1.33,0.899798285025,,,explicit_frozen_radius,raw_HI_to_common_1p33,0,Official FEASTS 2025 machine-readable raw-HI profile; angular radius mapped to frozen distance during acquisition; no interpolation or continuation.
NGC2903,calibration,15,data/stationary/source_reconstruction/feasts2025_ngc2903_hi_profile_raw_v1.csv,614.345895529,arcsec,19.6576574757,0.52957088808,,,1.33,0.704329281146,,,explicit_frozen_radius,raw_HI_to_common_1p33,0,Official FEASTS 2025 machine-readable raw-HI profile; angular radius mapped to frozen distance during acquisition; no interpolation or continuation.
NGC2903,calibration,16,data/stationary/source_reconstruction/feasts2025_ngc2903_hi_profile_raw_v1.csv,650.507681428,arcsec,20.8147515591,0.399092919806,,,1.33,0.530793583341,,,explicit_frozen_radius,raw_HI_to_common_1p33,0,Official FEASTS 2025 machine-readable raw-HI profile; angular radius mapped to frozen distance during acquisition; no interpolation or continuation.
NGC2903,calibration,17,data/stationary/source_reconstruction/feasts2025_ngc2903_hi_profile_raw_v1.csv,686.669467326,arcsec,21.9718456426,0.292588295138,,,1.33,0.389142432534,,,explicit_frozen_radius,raw_HI_to_common_1p33,0,Official FEASTS 2025 machine-readable raw-HI profile; angular radius mapped to frozen distance during acquisition; no interpolation or continuation.
NGC2903,calibration,18,data/stationary/source_reconstruction/feasts2025_ngc2903_hi_profile_raw_v1.csv,722.831253225,arcsec,23.128939726,0.212879981097,,,1.33,0.283130374859,,,explicit_frozen_radius,raw_HI_to_common_1p33,0,Official FEASTS 2025 machine-readable raw-HI profile; angular radius mapped to frozen distance during acquisition; no interpolation or continuation.
NGC2903,calibration,19,data/stationary/source_reconstruction/feasts2025_ngc2903_hi_profile_raw_v1.csv,758.993039123,arcsec,24.2860338094,0.153775561066,,,1.33,0.204521496218,,,explicit_frozen_radius,raw_HI_to_common_1p33,0,Official FEASTS 2025 machine-readable raw-HI profile; angular radius mapped to frozen distance during acquisition; no interpolation or continuation.
NGC2903,calibration,20,data/stationary/source_reconstruction/feasts2025_ngc2903_hi_profile_raw_v1.csv,795.154825022,arcsec,25.4431278929,0.108586611512,,,1.33,0.144420193311,,,explicit_frozen_radius,raw_HI_to_common_1p33,0,Official FEASTS 2025 machine-readable raw-HI profile; angular radius mapped to frozen distance during acquisition; no interpolation or continuation.
NGC2903,calibration,21,data/stationary/source_reconstruction/feasts2025_ngc2903_hi_profile_raw_v1.csv,831.316610921,arcsec,26.6002219763,0.076523148071,,,1.33,0.101775786934,,,explicit_frozen_radius,raw_HI_to_common_1p33,0,Official FEASTS 2025 machine-readable raw-HI profile; angular radius mapped to frozen distance during acquisition; no interpolation or continuation.
NGC2903,calibration,22,data/stationary/source_reconstruction/feasts2025_ngc2903_hi_profile_raw_v1.csv,867.478396819,arcsec,27.7573160598,0.055427185878,,,1.33,0.0737181572177,,,explicit_frozen_radius,raw_HI_to_common_1p33,0,Official FEASTS 2025 machine-readable raw-HI profile; angular radius mapped to frozen distance during acquisition; no interpolation or continuation.
NGC2903,calibration,23,data/stationary/source_reconstruction/feasts2025_ngc2903_hi_profile_raw_v1.csv,903.640182718,arcsec,28.9144101432,0.0399506722899,,,1.33,0.0531343941456,,,explicit_frozen_radius,raw_HI_to_common_1p33,0,Official FEASTS 2025 machine-readable raw-HI profile; angular radius mapped to frozen distance during acquisition; no interpolation or continuation.
NGC2903,calibration,24,data/stationary/source_reconstruction/feasts2025_ngc2903_hi_profile_raw_v1.csv,939.801968616,arcsec,30.0715042266,0.0297864991506,,,1.33,0.0396160438704,,,explicit_frozen_radius,raw_HI_to_common_1p33,0,Official FEASTS 2025 machine-readable raw-HI profile; angular radius mapped to frozen distance during acquisition; no interpolation or continuation.
NGC2903,calibration,25,data/stationary/source_reconstruction/feasts2025_ngc2903_hi_profile_raw_v1.csv,975.963754515,arcsec,31.2285983101,0.0221369998124,,,1.33,0.0294422097504,,,explicit_frozen_radius,raw_HI_to_common_1p33,0,Official FEASTS 2025 machine-readable raw-HI profile; angular radius mapped to frozen distance during acquisition; no interpolation or continuation.
NGC2903,calibration,26,data/stationary/source_reconstruction/feasts2025_ngc2903_hi_profile_raw_v1.csv,1012.12554041,arcsec,32.3856923935,0.0167452459594,,,1.33,0.0222711771261,,,explicit_frozen_radius,raw_HI_to_common_1p33,0,Official FEASTS 2025 machine-readable raw-HI profile; angular radius mapped to frozen distance during acquisition; no interpolation or continuation.
NGC2903,calibration,27,data/stationary/source_reconstruction/feasts2025_ngc2903_hi_profile_raw_v1.csv,1048.28732631,arcsec,33.542786477,0.0125719418386,,,1.33,0.0167206826453,,,explicit_frozen_radius,raw_HI_to_common_1p33,0,Official FEASTS 2025 machine-readable raw-HI profile; angular radius mapped to frozen distance during acquisition; no interpolation or continuation.
NGC2903,calibration,28,data/stationary/source_reconstruction/feasts2025_ngc2903_hi_profile_raw_v1.csv,1084.44911221,arcsec,34.6998805604,0.00937759079717,,,1.33,0.0124721957602,,,explicit_frozen_radius,raw_HI_to_common_1p33,0,Official FEASTS 2025 machine-readable raw-HI profile; angular radius mapped to frozen distance during acquisition; no interpolation or continuation.
NGC2903,calibration,29,data/stationary/source_reconstruction/feasts2025_ngc2903_hi_profile_raw_v1.csv,1120.61089811,arcsec,35.8569746438,0.00707779022347,,,1.33,0.00941346099721,,,explicit_frozen_radius,raw_HI_to_common_1p33,0,Official FEASTS 2025 machine-readable raw-HI profile; angular radius mapped to frozen distance during acquisition; no interpolation or continuation.
NGC2903,calibration,30,data/stationary/source_reconstruction/feasts2025_ngc2903_hi_profile_raw_v1.csv,1156.77268401,arcsec,37.0140687273,0.00541944646931,,,1.33,0.00720786380419,,,explicit_frozen_radius,raw_HI_to_common_1p33,0,Official FEASTS 2025 machine-readable raw-HI profile; angular radius mapped to frozen distance during acquisition; no interpolation or continuation.
NGC2903,calibration,31,data/stationary/source_reconstruction/feasts2025_ngc2903_hi_profile_raw_v1.csv,1192.93446991,arcsec,38.1711628107,0.00405301833965,,,1.33,0.00539051439173,,,explicit_frozen_radius,raw_HI_to_common_1p33,0,Official FEASTS 2025 machine-readable raw-HI profile; angular radius mapped to frozen distance during acquisition; no interpolation or continuation.
NGC2903,calibration,32,data/stationary/source_reconstruction/feasts2025_ngc2903_hi_profile_raw_v1.csv,1229.0962558,arcsec,39.3282568942,0.00287110667769,,,1.33,0.00381857188133,,,explicit_frozen_radius,raw_HI_to_common_1p33,0,Official FEASTS 2025 machine-readable raw-HI profile; angular radius mapped to frozen distance during acquisition; no interpolation or continuation.
NGC2903,calibration,33,data/stationary/source_reconstruction/feasts2025_ngc2903_hi_profile_raw_v1.csv,1265.2580417,arcsec,40.4853509776,0.00188330815991,,,1.33,0.00250479985268,,,explicit_frozen_radius,raw_HI_to_common_1p33,0,Official FEASTS 2025 machine-readable raw-HI profile; angular radius mapped to frozen distance during acquisition; no interpolation or continuation.
NGC2903,calibration,34,data/stationary/source_reconstruction/feasts2025_ngc2903_hi_profile_raw_v1.csv,1301.4198276,arcsec,41.642445061,0.00115622510191,,,1.33,0.00153777938554,,,explicit_frozen_radius,raw_HI_to_common_1p33,0,Official FEASTS 2025 machine-readable raw-HI profile; angular radius mapped to frozen distance during acquisition; no interpolation or continuation.
NGC2976,calibration,0,data/stationary/source_reconstruction/leroy2008_things_hi_profiles_v1.csv,0.1,kpc_source,0.0994444444444,6.7,0.3,0.3,0.977941176471,6.55220588236,0.293382352941,0.293382352941,source_kpc_times_frozen_over_source_distance,source_includes_1p36_to_common_1p33,0,finite Leroy table7 measured row; source blank edge rows excluded under frozen missing-value policy
NGC2976,calibration,1,data/stationary/source_reconstruction/leroy2008_things_hi_profiles_v1.csv,0.3,kpc_source,0.298333333333,6.8,0.4,0.4,0.977941176471,6.65,0.391176470588,0.391176470588,source_kpc_times_frozen_over_source_distance,source_includes_1p36_to_common_1p33,0,finite Leroy table7 measured row; source blank edge rows excluded under frozen missing-value policy
NGC2976,calibration,2,data/stationary/source_reconstruction/leroy2008_things_hi_profiles_v1.csv,0.4,kpc_source,0.397777777778,7,0.4,0.4,0.977941176471,6.8455882353,0.391176470588,0.391176470588,source_kpc_times_frozen_over_source_distance,source_includes_1p36_to_common_1p33,0,finite Leroy table7 measured row; source blank edge rows excluded under frozen missing-value policy
NGC2976,calibration,3,data/stationary/source_reconstruction/leroy2008_things_hi_profiles_v1.csv,0.6,kpc_source,0.596666666666,7.3,0.5,0.5,0.977941176471,7.13897058824,0.488970588235,0.488970588235,source_kpc_times_frozen_over_source_distance,source_includes_1p36_to_common_1p33,0,finite Leroy table7 measured row; source blank edge rows excluded under frozen missing-value policy
NGC2976,calibration,4,data/stationary/source_reconstruction/leroy2008_things_hi_profiles_v1.csv,0.8,kpc_source,0.795555555555,7.5,0.6,0.6,0.977941176471,7.33455882353,0.586764705883,0.586764705883,source_kpc_times_frozen_over_source_distance,source_includes_1p36_to_common_1p33,0,finite Leroy table7 measured row; source blank edge rows excluded under frozen missing-value policy
NGC2976,calibration,5,data/stationary/source_reconstruction/leroy2008_things_hi_profiles_v1.csv,1,kpc_source,0.994444444444,7.8,0.7,0.7,0.977941176471,7.62794117647,0.68455882353,0.68455882353,source_kpc_times_frozen_over_source_distance,source_includes_1p36_to_common_1p33,0,finite Leroy table7 measured row; source blank edge rows excluded under frozen missing-value policy
NGC2976,calibration,6,data/stationary/source_reconstruction/leroy2008_things_hi_profiles_v1.csv,1.1,kpc_source,1.09388888889,7.9,0.9,0.9,0.977941176471,7.72573529412,0.880147058824,0.880147058824,source_kpc_times_frozen_over_source_distance,source_includes_1p36_to_common_1p33,0,finite Leroy table7 measured row; source blank edge rows excluded under frozen missing-value policy
NGC2976,calibration,7,data/stationary/source_reconstruction/leroy2008_things_hi_profiles_v1.csv,1.3,kpc_source,1.29277777778,7.8,1,1,0.977941176471,7.62794117647,0.977941176471,0.977941176471,source_kpc_times_frozen_over_source_distance,source_includes_1p36_to_common_1p33,0,finite Leroy table7 measured row; source blank edge rows excluded under frozen missing-value policy
NGC2976,calibration,8,data/stationary/source_reconstruction/leroy2008_things_hi_profiles_v1.csv,1.5,kpc_source,1.49166666667,7.4,1,1,0.977941176471,7.23676470589,0.977941176471,0.977941176471,source_kpc_times_frozen_over_source_distance,source_includes_1p36_to_common_1p33,0,finite Leroy table7 measured row; source blank edge rows excluded under frozen missing-value policy
NGC2976,calibration,9,data/stationary/source_reconstruction/leroy2008_things_hi_profiles_v1.csv,1.7,kpc_source,1.69055555555,6.7,0.9,0.9,0.977941176471,6.55220588236,0.880147058824,0.880147058824,source_kpc_times_frozen_over_source_distance,source_includes_1p36_to_common_1p33,0,finite Leroy table7 measured row; source blank edge rows excluded under frozen missing-value policy
NGC2976,calibration,10,data/stationary/source_reconstruction/leroy2008_things_hi_profiles_v1.csv,1.8,kpc_source,1.79,5.8,0.8,0.8,0.977941176471,5.67205882353,0.782352941177,0.782352941177,source_kpc_times_frozen_over_source_distance,source_includes_1p36_to_common_1p33,0,finite Leroy table7 measured row; source blank edge rows excluded under frozen missing-value policy
NGC2976,calibration,11,data/stationary/source_reconstruction/leroy2008_things_hi_profiles_v1.csv,2,kpc_source,1.98888888889,4.8,0.7,0.7,0.977941176471,4.69411764706,0.68455882353,0.68455882353,source_kpc_times_frozen_over_source_distance,source_includes_1p36_to_common_1p33,0,finite Leroy table7 measured row; source blank edge rows excluded under frozen missing-value policy
NGC2976,calibration,12,data/stationary/source_reconstruction/leroy2008_things_hi_profiles_v1.csv,2.2,kpc_source,2.18777777778,3.8,0.7,0.7,0.977941176471,3.71617647059,0.68455882353,0.68455882353,source_kpc_times_frozen_over_source_distance,source_includes_1p36_to_common_1p33,0,finite Leroy table7 measured row; source blank edge rows excluded under frozen missing-value policy
NGC2976,calibration,13,data/stationary/source_reconstruction/leroy2008_things_hi_profiles_v1.csv,2.4,kpc_source,2.38666666667,3,0.6,0.6,0.977941176471,2.93382352941,0.586764705883,0.586764705883,source_kpc_times_frozen_over_source_distance,source_includes_1p36_to_common_1p33,0,finite Leroy table7 measured row; source blank edge rows excluded under frozen missing-value policy
NGC2976,calibration,14,data/stationary/source_reconstruction/leroy2008_things_hi_profiles_v1.csv,2.5,kpc_source,2.48611111111,2.3,0.5,0.5,0.977941176471,2.24926470588,0.488970588235,0.488970588235,source_kpc_times_frozen_over_source_distance,source_includes_1p36_to_common_1p33,0,finite Leroy table7 measured row; source blank edge rows excluded under frozen missing-value policy
NGC2976,calibration,15,data/stationary/source_reconstruction/leroy2008_things_hi_profiles_v1.csv,2.7,kpc_source,2.685,1.8,0.4,0.4,0.977941176471,1.76029411765,0.391176470588,0.391176470588,source_kpc_times_frozen_over_source_distance,source_includes_1p36_to_common_1p33,0,finite Leroy table7 measured row; source blank edge rows excluded under frozen missing-value policy
NGC2976,calibration,16,data/stationary/source_reconstruction/leroy2008_things_hi_profiles_v1.csv,2.9,kpc_source,2.88388888889,1.4,0.3,0.3,0.977941176471,1.36911764706,0.293382352941,0.293382352941,source_kpc_times_frozen_over_source_distance,source_includes_1p36_to_common_1p33,0,finite Leroy table7 measured row; source blank edge rows excluded under frozen missing-value policy
NGC2976,calibration,17,data/stationary/source_reconstruction/leroy2008_things_hi_profiles_v1.csv,3.1,kpc_source,3.08277777778,1.1,0.3,0.3,0.977941176471,1.07573529412,0.293382352941,0.293382352941,source_kpc_times_frozen_over_source_distance,source_includes_1p36_to_common_1p33,0,finite Leroy table7 measured row; source blank edge rows excluded under frozen missing-value policy
NGC3198,calibration,0,data/stationary/source_reconstruction/leroy2008_things_hi_profiles_v1.csv,0.3,kpc_source,0.3,4,0.6,0.6,0.977941176471,3.91176470588,0.586764705883,0.586764705883,source_kpc_times_frozen_over_source_distance,source_includes_1p36_to_common_1p33,0,finite Leroy table7 measured row; source blank edge rows excluded under frozen missing-value policy
NGC3198,calibration,1,data/stationary/source_reconstruction/leroy2008_things_hi_profiles_v1.csv,1,kpc_source,1,3.3,0.3,0.3,0.977941176471,3.22720588235,0.293382352941,0.293382352941,source_kpc_times_frozen_over_source_distance,source_includes_1p36_to_common_1p33,0,finite Leroy table7 measured row; source blank edge rows excluded under frozen missing-value policy
NGC3198,calibration,2,data/stationary/source_reconstruction/leroy2008_things_hi_profiles_v1.csv,1.7,kpc_source,1.7,3.6,0.3,0.3,0.977941176471,3.5205882353,0.293382352941,0.293382352941,source_kpc_times_frozen_over_source_distance,source_includes_1p36_to_common_1p33,0,finite Leroy table7 measured row; source blank edge rows excluded under frozen missing-value policy
NGC3198,calibration,3,data/stationary/source_reconstruction/leroy2008_things_hi_profiles_v1.csv,2.3,kpc_source,2.3,4.1,0.2,0.2,0.977941176471,4.00955882353,0.195588235294,0.195588235294,source_kpc_times_frozen_over_source_distance,source_includes_1p36_to_common_1p33,0,finite Leroy table7 measured row; source blank edge rows excluded under frozen missing-value policy
NGC3198,calibration,4,data/stationary/source_reconstruction/leroy2008_things_hi_profiles_v1.csv,3,kpc_source,3,4.9,0.5,0.5,0.977941176471,4.79191176471,0.488970588235,0.488970588235,source_kpc_times_frozen_over_source_distance,source_includes_1p36_to_common_1p33,0,finite Leroy table7 measured row; source blank edge rows excluded under frozen missing-value policy
NGC3198,calibration,5,data/stationary/source_reconstruction/leroy2008_things_hi_profiles_v1.csv,3.7,kpc_source,3.7,5.9,0.5,0.5,0.977941176471,5.76985294118,0.488970588235,0.488970588235,source_kpc_times_frozen_over_source_distance,source_includes_1p36_to_common_1p33,0,finite Leroy table7 measured row; source blank edge rows excluded under frozen missing-value policy
NGC3198,calibration,6,data/stationary/source_reconstruction/leroy2008_things_hi_profiles_v1.csv,4.3,kpc_source,4.3,6.2,0.4,0.4,0.977941176471,6.06323529412,0.391176470588,0.391176470588,source_kpc_times_frozen_over_source_distance,source_includes_1p36_to_common_1p33,0,finite Leroy table7 measured row; source blank edge rows excluded under frozen missing-value policy
NGC3198,calibration,7,data/stationary/source_reconstruction/leroy2008_things_hi_profiles_v1.csv,5,kpc_source,5,6.3,0.3,0.3,0.977941176471,6.16102941177,0.293382352941,0.293382352941,source_kpc_times_frozen_over_source_distance,source_includes_1p36_to_common_1p33,0,finite Leroy table7 measured row; source blank edge rows excluded under frozen missing-value policy
NGC3198,calibration,8,data/stationary/source_reconstruction/leroy2008_things_hi_profiles_v1.csv,5.7,kpc_source,5.7,6.5,0.3,0.3,0.977941176471,6.35661764706,0.293382352941,0.293382352941,source_kpc_times_frozen_over_source_distance,source_includes_1p36_to_common_1p33,0,finite Leroy table7 measured row; source blank edge rows excluded under frozen missing-value policy
NGC3198,calibration,9,data/stationary/source_reconstruction/leroy2008_things_hi_profiles_v1.csv,6.4,kpc_source,6.4,6.6,0.4,0.4,0.977941176471,6.45441176471,0.391176470588,0.391176470588,source_kpc_times_frozen_over_source_distance,source_includes_1p36_to_common_1p33,0,finite Leroy table7 measured row; source blank edge rows excluded under frozen missing-value policy
NGC3198,calibration,10,data/stationary/source_reconstruction/leroy2008_things_hi_profiles_v1.csv,7,kpc_source,7,6.6,0.4,0.4,0.977941176471,6.45441176471,0.391176470588,0.391176470588,source_kpc_times_frozen_over_source_distance,source_includes_1p36_to_common_1p33,0,finite Leroy table7 measured row; source blank edge rows excluded under frozen missing-value policy
NGC3198,calibration,11,data/stationary/source_reconstruction/leroy2008_things_hi_profiles_v1.csv,7.7,kpc_source,7.7,6.7,0.5,0.5,0.977941176471,6.55220588236,0.488970588235,0.488970588235,source_kpc_times_frozen_over_source_distance,source_includes_1p36_to_common_1p33,0,finite Leroy table7 measured row; source blank edge rows excluded under frozen missing-value policy
NGC3198,calibration,12,data/stationary/source_reconstruction/leroy2008_things_hi_profiles_v1.csv,8.4,kpc_source,8.4,6.8,0.5,0.5,0.977941176471,6.65,0.488970588235,0.488970588235,source_kpc_times_frozen_over_source_distance,source_includes_1p36_to_common_1p33,0,finite Leroy table7 measured row; source blank edge rows excluded under frozen missing-value policy
NGC3198,calibration,13,data/stationary/source_reconstruction/leroy2008_things_hi_profiles_v1.csv,9,kpc_source,9,7,0.5,0.5,0.977941176471,6.8455882353,0.488970588235,0.488970588235,source_kpc_times_frozen_over_source_distance,source_includes_1p36_to_common_1p33,0,finite Leroy table7 measured row; source blank edge rows excluded under frozen missing-value policy
NGC3198,calibration,14,data/stationary/source_reconstruction/leroy2008_things_hi_profiles_v1.csv,9.7,kpc_source,9.7,6.9,0.5,0.5,0.977941176471,6.74779411765,0.488970588235,0.488970588235,source_kpc_times_frozen_over_source_distance,source_includes_1p36_to_common_1p33,0,finite Leroy table7 measured row; source blank edge rows excluded under frozen missing-value policy
NGC3198,calibration,15,data/stationary/source_reconstruction/leroy2008_things_hi_profiles_v1.csv,10.4,kpc_source,10.4,6.4,0.4,0.4,0.977941176471,6.25882352941,0.391176470588,0.391176470588,source_kpc_times_frozen_over_source_distance,source_includes_1p36_to_common_1p33,0,finite Leroy table7 measured row; source blank edge rows excluded under frozen missing-value policy
NGC3198,calibration,16,data/stationary/source_reconstruction/leroy2008_things_hi_profiles_v1.csv,11,kpc_source,11,6,0.3,0.3,0.977941176471,5.86764705883,0.293382352941,0.293382352941,source_kpc_times_frozen_over_source_distance,source_includes_1p36_to_common_1p33,0,finite Leroy table7 measured row; source blank edge rows excluded under frozen missing-value policy
NGC3198,calibration,17,data/stationary/source_reconstruction/leroy2008_things_hi_profiles_v1.csv,11.7,kpc_source,11.7,6.3,0.4,0.4,0.977941176471,6.16102941177,0.391176470588,0.391176470588,source_kpc_times_frozen_over_source_distance,source_includes_1p36_to_common_1p33,0,finite Leroy table7 measured row; source blank edge rows excluded under frozen missing-value policy
NGC3198,calibration,18,data/stationary/source_reconstruction/leroy2008_things_hi_profiles_v1.csv,12.4,kpc_source,12.4,6.4,0.4,0.4,0.977941176471,6.25882352941,0.391176470588,0.391176470588,source_kpc_times_frozen_over_source_distance,source_includes_1p36_to_common_1p33,0,finite Leroy table7 measured row; source blank edge rows excluded under frozen missing-value policy
NGC3198,calibration,19,data/stationary/source_reconstruction/leroy2008_things_hi_profiles_v1.csv,13,kpc_source,13,5.9,0.3,0.3,0.977941176471,5.76985294118,0.293382352941,0.293382352941,source_kpc_times_frozen_over_source_distance,source_includes_1p36_to_common_1p33,0,finite Leroy table7 measured row; source blank edge rows excluded under frozen missing-value policy
NGC3198,calibration,20,data/stationary/source_reconstruction/leroy2008_things_hi_profiles_v1.csv,13.7,kpc_source,13.7,5.1,0.3,0.3,0.977941176471,4.9875,0.293382352941,0.293382352941,source_kpc_times_frozen_over_source_distance,source_includes_1p36_to_common_1p33,0,finite Leroy table7 measured row; source blank edge rows excluded under frozen missing-value policy
NGC3198,calibration,21,data/stationary/source_reconstruction/leroy2008_things_hi_profiles_v1.csv,14.4,kpc_source,14.4,4.6,0.4,0.4,0.977941176471,4.49852941177,0.391176470588,0.391176470588,source_kpc_times_frozen_over_source_distance,source_includes_1p36_to_common_1p33,0,finite Leroy table7 measured row; source blank edge rows excluded under frozen missing-value policy
NGC3198,calibration,22,data/stationary/source_reconstruction/leroy2008_things_hi_profiles_v1.csv,15.1,kpc_source,15.1,4.2,0.4,0.4,0.977941176471,4.10735294118,0.391176470588,0.391176470588,source_kpc_times_frozen_over_source_distance,source_includes_1p36_to_common_1p33,0,finite Leroy table7 measured row; source blank edge rows excluded under frozen missing-value policy
NGC3521,blind,0,data/stationary/source_reconstruction/leroy2008_things_hi_profiles_v1.csv,0.3,kpc_source,0.215887850467,4.5,0.2,0.2,0.977941176471,4.40073529412,0.195588235294,0.195588235294,source_kpc_times_frozen_over_source_distance,source_includes_1p36_to_common_1p33,0,finite Leroy table7 measured row; source blank edge rows excluded under frozen missing-value policy
NGC3521,blind,1,data/stationary/source_reconstruction/leroy2008_things_hi_profiles_v1.csv,0.8,kpc_source,0.575700934579,4.8,0.3,0.3,0.977941176471,4.69411764706,0.293382352941,0.293382352941,source_kpc_times_frozen_over_source_distance,source_includes_1p36_to_common_1p33,0,finite Leroy table7 measured row; source blank edge rows excluded under frozen missing-value policy
NGC3521,blind,2,data/stationary/source_reconstruction/leroy2008_things_hi_profiles_v1.csv,1.3,kpc_source,0.935514018691,5.7,0.6,0.6,0.977941176471,5.57426470588,0.586764705883,0.586764705883,source_kpc_times_frozen_over_source_distance,source_includes_1p36_to_common_1p33,0,finite Leroy table7 measured row; source blank edge rows excluded under frozen missing-value policy
NGC3521,blind,3,data/stationary/source_reconstruction/leroy2008_things_hi_profiles_v1.csv,1.8,kpc_source,1.2953271028,7.1,0.7,0.7,0.977941176471,6.94338235294,0.68455882353,0.68455882353,source_kpc_times_frozen_over_source_distance,source_includes_1p36_to_common_1p33,0,finite Leroy table7 measured row; source blank edge rows excluded under frozen missing-value policy
NGC3521,blind,4,data/stationary/source_reconstruction/leroy2008_things_hi_profiles_v1.csv,2.3,kpc_source,1.65514018692,8.3,0.8,0.8,0.977941176471,8.11691176471,0.782352941177,0.782352941177,source_kpc_times_frozen_over_source_distance,source_includes_1p36_to_common_1p33,0,finite Leroy table7 measured row; source blank edge rows excluded under frozen missing-value policy
NGC3521,blind,5,data/stationary/source_reconstruction/leroy2008_things_hi_profiles_v1.csv,2.9,kpc_source,2.08691588785,8.7,0.8,0.8,0.977941176471,8.5080882353,0.782352941177,0.782352941177,source_kpc_times_frozen_over_source_distance,source_includes_1p36_to_common_1p33,0,finite Leroy table7 measured row; source blank edge rows excluded under frozen missing-value policy
NGC3521,blind,6,data/stationary/source_reconstruction/leroy2008_things_hi_profiles_v1.csv,3.4,kpc_source,2.44672897196,8.7,0.6,0.6,0.977941176471,8.5080882353,0.586764705883,0.586764705883,source_kpc_times_frozen_over_source_distance,source_includes_1p36_to_common_1p33,0,finite Leroy table7 measured row; source blank edge rows excluded under frozen missing-value policy
NGC3521,blind,7,data/stationary/source_reconstruction/leroy2008_things_hi_profiles_v1.csv,3.9,kpc_source,2.80654205607,8.9,0.8,0.8,0.977941176471,8.70367647059,0.782352941177,0.782352941177,source_kpc_times_frozen_over_source_distance,source_includes_1p36_to_common_1p33,0,finite Leroy table7 measured row; source blank edge rows excluded under frozen missing-value policy
NGC3521,blind,8,data/stationary/source_reconstruction/leroy2008_things_hi_profiles_v1.csv,4.4,kpc_source,3.16635514019,9.9,0.9,0.9,0.977941176471,9.68161764706,0.880147058824,0.880147058824,source_kpc_times_frozen_over_source_distance,source_includes_1p36_to_common_1p33,0,finite Leroy table7 measured row; source blank edge rows excluded under frozen missing-value policy
NGC3521,blind,9,data/stationary/source_reconstruction/leroy2008_things_hi_profiles_v1.csv,4.9,kpc_source,3.5261682243,10.6,0.6,0.6,0.977941176471,10.3661764706,0.586764705883,0.586764705883,source_kpc_times_frozen_over_source_distance,source_includes_1p36_to_common_1p33,0,finite Leroy table7 measured row; source blank edge rows excluded under frozen missing-value policy
NGC3521,blind,10,data/stationary/source_reconstruction/leroy2008_things_hi_profiles_v1.csv,5.4,kpc_source,3.88598130841,10.5,0.5,0.5,0.977941176471,10.2683823529,0.488970588235,0.488970588235,source_kpc_times_frozen_over_source_distance,source_includes_1p36_to_common_1p33,0,finite Leroy table7 measured row; source blank edge rows excluded under frozen missing-value policy
NGC3521,blind,11,data/stationary/source_reconstruction/leroy2008_things_hi_profiles_v1.csv,6,kpc_source,4.31775700934,10.2,0.4,0.4,0.977941176471,9.975,0.391176470588,0.391176470588,source_kpc_times_frozen_over_source_distance,source_includes_1p36_to_common_1p33,0,finite Leroy table7 measured row; source blank edge rows excluded under frozen missing-value policy
NGC3521,blind,12,data/stationary/source_reconstruction/leroy2008_things_hi_profiles_v1.csv,6.5,kpc_source,4.67757009346,10.2,0.5,0.5,0.977941176471,9.975,0.488970588235,0.488970588235,source_kpc_times_frozen_over_source_distance,source_includes_1p36_to_common_1p33,0,finite Leroy table7 measured row; source blank edge rows excluded under frozen missing-value policy
NGC3521,blind,13,data/stationary/source_reconstruction/leroy2008_things_hi_profiles_v1.csv,7,kpc_source,5.03738317757,9.4,0.3,0.3,0.977941176471,9.19264705883,0.293382352941,0.293382352941,source_kpc_times_frozen_over_source_distance,source_includes_1p36_to_common_1p33,0,finite Leroy table7 measured row; source blank edge rows excluded under frozen missing-value policy
NGC3521,blind,14,data/stationary/source_reconstruction/leroy2008_things_hi_profiles_v1.csv,7.5,kpc_source,5.39719626168,8.6,0.4,0.4,0.977941176471,8.41029411765,0.391176470588,0.391176470588,source_kpc_times_frozen_over_source_distance,source_includes_1p36_to_common_1p33,0,finite Leroy table7 measured row; source blank edge rows excluded under frozen missing-value policy
NGC3521,blind,15,data/stationary/source_reconstruction/leroy2008_things_hi_profiles_v1.csv,8,kpc_source,5.75700934579,8.4,0.5,0.5,0.977941176471,8.21470588236,0.488970588235,0.488970588235,source_kpc_times_frozen_over_source_distance,source_includes_1p36_to_common_1p33,0,finite Leroy table7 measured row; source blank edge rows excluded under frozen missing-value policy
NGC3521,blind,16,data/stationary/source_reconstruction/leroy2008_things_hi_profiles_v1.csv,8.6,kpc_source,6.18878504673,8.5,0.5,0.5,0.977941176471,8.3125,0.488970588235,0.488970588235,source_kpc_times_frozen_over_source_distance,source_includes_1p36_to_common_1p33,0,finite Leroy table7 measured row; source blank edge rows excluded under frozen missing-value policy
NGC3521,blind,17,data/stationary/source_reconstruction/leroy2008_things_hi_profiles_v1.csv,9.1,kpc_source,6.54859813084,8.6,0.5,0.5,0.977941176471,8.41029411765,0.488970588235,0.488970588235,source_kpc_times_frozen_over_source_distance,source_includes_1p36_to_common_1p33,0,finite Leroy table7 measured row; source blank edge rows excluded under frozen missing-value policy
NGC3521,blind,18,data/stationary/source_reconstruction/leroy2008_things_hi_profiles_v1.csv,9.6,kpc_source,6.90841121495,8.5,0.6,0.6,0.977941176471,8.3125,0.586764705883,0.586764705883,source_kpc_times_frozen_over_source_distance,source_includes_1p36_to_common_1p33,0,finite Leroy table7 measured row; source blank edge rows excluded under frozen missing-value policy
NGC3521,blind,19,data/stationary/source_reconstruction/leroy2008_things_hi_profiles_v1.csv,10.1,kpc_source,7.26822429906,8.2,0.6,0.6,0.977941176471,8.01911764706,0.586764705883,0.586764705883,source_kpc_times_frozen_over_source_distance,source_includes_1p36_to_common_1p33,0,finite Leroy table7 measured row; source blank edge rows excluded under frozen missing-value policy
NGC3521,blind,20,data/stationary/source_reconstruction/leroy2008_things_hi_profiles_v1.csv,10.6,kpc_source,7.62803738317,8.1,0.7,0.7,0.977941176471,7.92132352942,0.68455882353,0.68455882353,source_kpc_times_frozen_over_source_distance,source_includes_1p36_to_common_1p33,0,finite Leroy table7 measured row; source blank edge rows excluded under frozen missing-value policy
NGC3521,blind,21,data/stationary/source_reconstruction/leroy2008_things_hi_profiles_v1.csv,11.2,kpc_source,8.05981308411,8.1,0.8,0.8,0.977941176471,7.92132352942,0.782352941177,0.782352941177,source_kpc_times_frozen_over_source_distance,source_includes_1p36_to_common_1p33,0,finite Leroy table7 measured row; source blank edge rows excluded under frozen missing-value policy
NGC3521,blind,22,data/stationary/source_reconstruction/leroy2008_things_hi_profiles_v1.csv,11.7,kpc_source,8.41962616822,8.2,0.9,0.9,0.977941176471,8.01911764706,0.880147058824,0.880147058824,source_kpc_times_frozen_over_source_distance,source_includes_1p36_to_common_1p33,0,finite Leroy table7 measured row; source blank edge rows excluded under frozen missing-value policy
NGC3521,blind,23,data/stationary/source_reconstruction/leroy2008_things_hi_profiles_v1.csv,12.2,kpc_source,8.77943925233,8.3,0.9,0.9,0.977941176471,8.11691176471,0.880147058824,0.880147058824,source_kpc_times_frozen_over_source_distance,source_includes_1p36_to_common_1p33,0,finite Leroy table7 measured row; source blank edge rows excluded under frozen missing-value policy
NGC3521,blind,24,data/stationary/source_reconstruction/leroy2008_things_hi_profiles_v1.csv,12.7,kpc_source,9.13925233644,8.2,0.9,0.9,0.977941176471,8.01911764706,0.880147058824,0.880147058824,source_kpc_times_frozen_over_source_distance,source_includes_1p36_to_common_1p33,0,finite Leroy table7 measured row; source blank edge rows excluded under frozen missing-value policy
NGC3521,blind,25,data/stationary/source_reconstruction/leroy2008_things_hi_profiles_v1.csv,13.2,kpc_source,9.49906542056,8,0.9,0.9,0.977941176471,7.82352941177,0.880147058824,0.880147058824,source_kpc_times_frozen_over_source_distance,source_includes_1p36_to_common_1p33,0,finite Leroy table7 measured row; source blank edge rows excluded under frozen missing-value policy
NGC3521,blind,26,data/stationary/source_reconstruction/leroy2008_things_hi_profiles_v1.csv,13.7,kpc_source,9.85887850467,7.9,1,1,0.977941176471,7.72573529412,0.977941176471,0.977941176471,source_kpc_times_frozen_over_source_distance,source_includes_1p36_to_common_1p33,0,finite Leroy table7 measured row; source blank edge rows excluded under frozen missing-value policy
NGC3521,blind,27,data/stationary/source_reconstruction/leroy2008_things_hi_profiles_v1.csv,14.3,kpc_source,10.2906542056,7.7,0.9,0.9,0.977941176471,7.53014705883,0.880147058824,0.880147058824,source_kpc_times_frozen_over_source_distance,source_includes_1p36_to_common_1p33,0,finite Leroy table7 measured row; source blank edge rows excluded under frozen missing-value policy
NGC3521,blind,28,data/stationary/source_reconstruction/leroy2008_things_hi_profiles_v1.csv,14.8,kpc_source,10.6504672897,7.1,0.8,0.8,0.977941176471,6.94338235294,0.782352941177,0.782352941177,source_kpc_times_frozen_over_source_distance,source_includes_1p36_to_common_1p33,0,finite Leroy table7 measured row; source blank edge rows excluded under frozen missing-value policy
NGC3521,blind,29,data/stationary/source_reconstruction/leroy2008_things_hi_profiles_v1.csv,15.3,kpc_source,11.0102803738,6.5,0.6,0.6,0.977941176471,6.35661764706,0.586764705883,0.586764705883,source_kpc_times_frozen_over_source_distance,source_includes_1p36_to_common_1p33,0,finite Leroy table7 measured row; source blank edge rows excluded under frozen missing-value policy
NGC4559,calibration,0,data/stationary/source_reconstruction/feasts2025_ngc4559_hi_profile_raw_v1.csv,45,arcsec,1.96349540849,10.342447276,,,1.33,13.755454877,,,explicit_frozen_radius,raw_HI_to_common_1p33,0,Official FEASTS 2025 machine-readable raw-HI profile; angular radius mapped to frozen distance during acquisition; no interpolation or continuation.
NGC4559,calibration,1,data/stationary/source_reconstruction/feasts2025_ngc4559_hi_profile_raw_v1.csv,111.01884008,arcsec,4.84411072786,9.52445298861,,,1.33,12.6675224748,,,explicit_frozen_radius,raw_HI_to_common_1p33,0,Official FEASTS 2025 machine-readable raw-HI profile; angular radius mapped to frozen distance during acquisition; no interpolation or continuation.
NGC4559,calibration,2,data/stationary/source_reconstruction/feasts2025_ngc4559_hi_profile_raw_v1.csv,153.056520241,arcsec,6.67835054962,8.69806949219,,,1.33,11.5684324246,,,explicit_frozen_radius,raw_HI_to_common_1p33,0,Official FEASTS 2025 machine-readable raw-HI profile; angular radius mapped to frozen distance during acquisition; no interpolation or continuation.
NGC4559,calibration,3,data/stationary/source_reconstruction/feasts2025_ngc4559_hi_profile_raw_v1.csv,195.094200401,arcsec,8.51259037137,7.77238657169,,,1.33,10.3372741403,,,explicit_frozen_radius,raw_HI_to_common_1p33,0,Official FEASTS 2025 machine-readable raw-HI profile; angular radius mapped to frozen distance during acquisition; no interpolation or continuation.
NGC4559,calibration,4,data/stationary/source_reconstruction/feasts2025_ngc4559_hi_profile_raw_v1.csv,237.131880562,arcsec,10.3468301931,6.52757466908,,,1.33,8.68167430988,,,explicit_frozen_radius,raw_HI_to_common_1p33,0,Official FEASTS 2025 machine-readable raw-HI profile; angular radius mapped to frozen distance during acquisition; no interpolation or continuation.
NGC4559,calibration,5,data/stationary/source_reconstruction/feasts2025_ngc4559_hi_profile_raw_v1.csv,279.169560722,arcsec,12.1810700149,5.28935367457,,,1.33,7.03484038718,,,explicit_frozen_radius,raw_HI_to_common_1p33,0,Official FEASTS 2025 machine-readable raw-HI profile; angular radius mapped to frozen distance during acquisition; no interpolation or continuation.
NGC4559,calibration,6,data/stationary/source_reconstruction/feasts2025_ngc4559_hi_profile_raw_v1.csv,321.207240883,arcsec,14.0153098366,4.1420677519,,,1.33,5.50895011002,,,explicit_frozen_radius,raw_HI_to_common_1p33,0,Official FEASTS 2025 machine-readable raw-HI profile; angular radius mapped to frozen distance during acquisition; no interpolation or continuation.
NGC4559,calibration,7,data/stationary/source_reconstruction/feasts2025_ngc4559_hi_profile_raw_v1.csv,363.244921043,arcsec,15.8495496584,3.13485470828,,,1.33,4.16935676202,,,explicit_frozen_radius,raw_HI_to_common_1p33,0,Official FEASTS 2025 machine-readable raw-HI profile; angular radius mapped to frozen distance during acquisition; no interpolation or continuation.
NGC4559,calibration,8,data/stationary/source_reconstruction/feasts2025_ngc4559_hi_profile_raw_v1.csv,405.282601204,arcsec,17.6837894801,2.27090636503,,,1.33,3.0203054655,,,explicit_frozen_radius,raw_HI_to_common_1p33,0,Official FEASTS 2025 machine-readable raw-HI profile; angular radius mapped to frozen distance during acquisition; no interpolation or continuation.
NGC4559,calibration,9,data/stationary/source_reconstruction/feasts2025_ngc4559_hi_profile_raw_v1.csv,447.320281364,arcsec,19.5180293019,1.57246467491,,,1.33,2.09137801762,,,explicit_frozen_radius,raw_HI_to_common_1p33,0,Official FEASTS 2025 machine-readable raw-HI profile; angular radius mapped to frozen distance during acquisition; no interpolation or continuation.
NGC4559,calibration,10,data/stationary/source_reconstruction/feasts2025_ngc4559_hi_profile_raw_v1.csv,489.357961525,arcsec,21.3522691236,1.02900359084,,,1.33,1.36857477581,,,explicit_frozen_radius,raw_HI_to_common_1p33,0,Official FEASTS 2025 machine-readable raw-HI profile; angular radius mapped to frozen distance during acquisition; no interpolation or continuation.
NGC4559,calibration,11,data/stationary/source_reconstruction/feasts2025_ngc4559_hi_profile_raw_v1.csv,531.395641685,arcsec,23.1865089454,0.62742893129,,,1.33,0.834480478615,,,explicit_frozen_radius,raw_HI_to_common_1p33,0,Official FEASTS 2025 machine-readable raw-HI profile; angular radius mapped to frozen distance during acquisition; no interpolation or continuation.
NGC4559,calibration,12,data/stationary/source_reconstruction/feasts2025_ngc4559_hi_profile_raw_v1.csv,573.433321846,arcsec,25.0207487671,0.366865155097,,,1.33,0.487930656278,,,explicit_frozen_radius,raw_HI_to_common_1p33,0,Official FEASTS 2025 machine-readable raw-HI profile; angular radius mapped to frozen distance during acquisition; no interpolation or continuation.
NGC4559,calibration,13,data/stationary/source_reconstruction/feasts2025_ngc4559_hi_profile_raw_v1.csv,615.471002006,arcsec,26.8549885889,0.21052214507,,,1.33,0.279994452944,,,explicit_frozen_radius,raw_HI_to_common_1p33,0,Official FEASTS 2025 machine-readable raw-HI profile; angular radius mapped to frozen distance during acquisition; no interpolation or continuation.
NGC4559,calibration,14,data/stationary/source_reconstruction/feasts2025_ngc4559_hi_profile_raw_v1.csv,657.508682167,arcsec,28.6892284106,0.121022544859,,,1.33,0.160959984663,,,explicit_frozen_radius,raw_HI_to_common_1p33,0,Official FEASTS 2025 machine-readable raw-HI profile; angular radius mapped to frozen distance during acquisition; no interpolation or continuation.
NGC4559,calibration,15,data/stationary/source_reconstruction/feasts2025_ngc4559_hi_profile_raw_v1.csv,699.546362327,arcsec,30.5234682324,0.0712509282846,,,1.33,0.0947637346185,,,explicit_frozen_radius,raw_HI_to_common_1p33,0,Official FEASTS 2025 machine-readable raw-HI profile; angular radius mapped to frozen distance during acquisition; no interpolation or continuation.
NGC4559,calibration,16,data/stationary/source_reconstruction/feasts2025_ngc4559_hi_profile_raw_v1.csv,741.584042488,arcsec,32.3577080541,0.0444106198294,,,1.33,0.0590661243731,,,explicit_frozen_radius,raw_HI_to_common_1p33,0,Official FEASTS 2025 machine-readable raw-HI profile; angular radius mapped to frozen distance during acquisition; no interpolation or continuation.
NGC4559,calibration,17,data/stationary/source_reconstruction/feasts2025_ngc4559_hi_profile_raw_v1.csv,783.621722648,arcsec,34.1919478759,0.0297501150648,,,1.33,0.0395676530362,,,explicit_frozen_radius,raw_HI_to_common_1p33,0,Official FEASTS 2025 machine-readable raw-HI profile; angular radius mapped to frozen distance during acquisition; no interpolation or continuation.
NGC4559,calibration,18,data/stationary/source_reconstruction/feasts2025_ngc4559_hi_profile_raw_v1.csv,825.659402809,arcsec,36.0261876977,0.0213412525793,,,1.33,0.0283838659304,,,explicit_frozen_radius,raw_HI_to_common_1p33,0,Official FEASTS 2025 machine-readable raw-HI profile; angular radius mapped to frozen distance during acquisition; no interpolation or continuation.
NGC4559,calibration,19,data/stationary/source_reconstruction/feasts2025_ngc4559_hi_profile_raw_v1.csv,867.697082969,arcsec,37.8604275194,0.0158688226174,,,1.33,0.0211055340811,,,explicit_frozen_radius,raw_HI_to_common_1p33,0,Official FEASTS 2025 machine-readable raw-HI profile; angular radius mapped to frozen distance during acquisition; no interpolation or continuation.
NGC4559,calibration,20,data/stationary/source_reconstruction/feasts2025_ngc4559_hi_profile_raw_v1.csv,909.73476313,arcsec,39.6946673412,0.0116464845722,,,1.33,0.015489824481,,,explicit_frozen_radius,raw_HI_to_common_1p33,0,Official FEASTS 2025 machine-readable raw-HI profile; angular radius mapped to frozen distance during acquisition; no interpolation or continuation.
NGC4559,calibration,21,data/stationary/source_reconstruction/feasts2025_ngc4559_hi_profile_raw_v1.csv,951.77244329,arcsec,41.5289071629,0.00881686681271,,,1.33,0.0117264328609,,,explicit_frozen_radius,raw_HI_to_common_1p33,0,Official FEASTS 2025 machine-readable raw-HI profile; angular radius mapped to frozen distance during acquisition; no interpolation or continuation.
NGC4559,calibration,22,data/stationary/source_reconstruction/feasts2025_ngc4559_hi_profile_raw_v1.csv,993.810123451,arcsec,43.3631469847,0.00646307202495,,,1.33,0.00859588579318,,,explicit_frozen_radius,raw_HI_to_common_1p33,0,Official FEASTS 2025 machine-readable raw-HI profile; angular radius mapped to frozen distance during acquisition; no interpolation or continuation.
NGC4559,calibration,23,data/stationary/source_reconstruction/feasts2025_ngc4559_hi_profile_raw_v1.csv,1035.84780361,arcsec,45.1973868064,0.00418785342858,,,1.33,0.00556984506001,,,explicit_frozen_radius,raw_HI_to_common_1p33,0,Official FEASTS 2025 machine-readable raw-HI profile; angular radius mapped to frozen distance during acquisition; no interpolation or continuation.
NGC4559,calibration,24,data/stationary/source_reconstruction/feasts2025_ngc4559_hi_profile_raw_v1.csv,1077.88548377,arcsec,47.0316266282,0.00243105094851,,,1.33,0.00323329776152,,,explicit_frozen_radius,raw_HI_to_common_1p33,0,Official FEASTS 2025 machine-readable raw-HI profile; angular radius mapped to frozen distance during acquisition; no interpolation or continuation.
NGC4559,calibration,25,data/stationary/source_reconstruction/feasts2025_ngc4559_hi_profile_raw_v1.csv,1119.92316393,arcsec,48.8658664499,0.00143840595012,,,1.33,0.00191307991365,,,explicit_frozen_radius,raw_HI_to_common_1p33,0,Official FEASTS 2025 machine-readable raw-HI profile; angular radius mapped to frozen distance during acquisition; no interpolation or continuation.
NGC5033,blind,0,data/stationary/source_reconstruction/feasts2025_ngc5033_hi_profile_raw_v1.csv,45,arcsec,3.42520865704,6.95228624817,,,1.33,9.24654071007,,,explicit_frozen_radius,raw_HI_to_common_1p33,0,Official FEASTS 2025 machine-readable raw-HI profile; promoted under the locked blind source-acquisition protocol; angular radius mapped to frozen distance during acquisition; no interpolation or continuation.
NGC5033,blind,1,data/stationary/source_reconstruction/feasts2025_ngc5033_hi_profile_raw_v1.csv,105.952124145,arcsec,8.0646251745,6.38461662828,,,1.33,8.49154011562,,,explicit_frozen_radius,raw_HI_to_common_1p33,0,Official FEASTS 2025 machine-readable raw-HI profile; promoted under the locked blind source-acquisition protocol; angular radius mapped to frozen distance during acquisition; no interpolation or continuation.
NGC5033,blind,2,data/stationary/source_reconstruction/feasts2025_ngc5033_hi_profile_raw_v1.csv,137.856372434,arcsec,10.4930408953,6.06941162828,,,1.33,8.07231746562,,,explicit_frozen_radius,raw_HI_to_common_1p33,0,Official FEASTS 2025 machine-readable raw-HI profile; promoted under the locked blind source-acquisition protocol; angular radius mapped to frozen distance during acquisition; no interpolation or continuation.
NGC5033,blind,3,data/stationary/source_reconstruction/feasts2025_ngc5033_hi_profile_raw_v1.csv,169.760620724,arcsec,12.9214566162,5.45112259717,,,1.33,7.24999305424,,,explicit_frozen_radius,raw_HI_to_common_1p33,0,Official FEASTS 2025 machine-readable raw-HI profile; promoted under the locked blind source-acquisition protocol; angular radius mapped to frozen distance during acquisition; no interpolation or continuation.
NGC5033,blind,4,data/stationary/source_reconstruction/feasts2025_ngc5033_hi_profile_raw_v1.csv,201.664869014,arcsec,15.349872337,4.92032745572,,,1.33,6.54403551611,,,explicit_frozen_radius,raw_HI_to_common_1p33,0,Official FEASTS 2025 machine-readable raw-HI profile; promoted under the locked blind source-acquisition protocol; angular radius mapped to frozen distance during acquisition; no interpolation or continuation.
NGC5033,blind,5,data/stationary/source_reconstruction/feasts2025_ngc5033_hi_profile_raw_v1.csv,233.569117303,arcsec,17.7782880579,4.19723129288,,,1.33,5.58231761953,,,explicit_frozen_radius,raw_HI_to_common_1p33,0,Official FEASTS 2025 machine-readable raw-HI profile; promoted under the locked blind source-acquisition protocol; angular radius mapped to frozen distance during acquisition; no interpolation or continuation.
NGC5033,blind,6,data/stationary/source_reconstruction/feasts2025_ngc5033_hi_profile_raw_v1.csv,265.473365593,arcsec,20.2067037787,3.4904917533,,,1.33,4.64235403189,,,explicit_frozen_radius,raw_HI_to_common_1p33,0,Official FEASTS 2025 machine-readable raw-HI profile; promoted under the locked blind source-acquisition protocol; angular radius mapped to frozen distance during acquisition; no interpolation or continuation.
NGC5033,blind,7,data/stationary/source_reconstruction/feasts2025_ngc5033_hi_profile_raw_v1.csv,297.377613883,arcsec,22.6351194996,2.83819742235,,,1.33,3.77480257172,,,explicit_frozen_radius,raw_HI_to_common_1p33,0,Official FEASTS 2025 machine-readable raw-HI profile; promoted under the locked blind source-acquisition protocol; angular radius mapped to frozen distance during acquisition; no interpolation or continuation.
NGC5033,blind,8,data/stationary/source_reconstruction/feasts2025_ngc5033_hi_profile_raw_v1.csv,329.281862172,arcsec,25.0635352204,2.23912142125,,,1.33,2.97803149027,,,explicit_frozen_radius,raw_HI_to_common_1p33,0,Official FEASTS 2025 machine-readable raw-HI profile; promoted under the locked blind source-acquisition protocol; angular radius mapped to frozen distance during acquisition; no interpolation or continuation.
NGC5033,blind,9,data/stationary/source_reconstruction/feasts2025_ngc5033_hi_profile_raw_v1.csv,361.186110462,arcsec,27.4919509413,1.69095056432,,,1.33,2.24896425054,,,explicit_frozen_radius,raw_HI_to_common_1p33,0,Official FEASTS 2025 machine-readable raw-HI profile; promoted under the locked blind source-acquisition protocol; angular radius mapped to frozen distance during acquisition; no interpolation or continuation.
NGC5033,blind,10,data/stationary/source_reconstruction/feasts2025_ngc5033_hi_profile_raw_v1.csv,393.090358752,arcsec,29.9203666621,1.23813191534,,,1.33,1.6467154474,,,explicit_frozen_radius,raw_HI_to_common_1p33,0,Official FEASTS 2025 machine-readable raw-HI profile; promoted under the locked blind source-acquisition protocol; angular radius mapped to frozen distance during acquisition; no interpolation or continuation.
NGC5033,blind,11,data/stationary/source_reconstruction/feasts2025_ngc5033_hi_profile_raw_v1.csv,424.994607041,arcsec,32.348782383,0.85975093519,,,1.33,1.1434687438,,,explicit_frozen_radius,raw_HI_to_common_1p33,0,Official FEASTS 2025 machine-readable raw-HI profile; promoted under the locked blind source-acquisition protocol; angular radius mapped to frozen distance during acquisition; no interpolation or continuation.
NGC5033,blind,12,data/stationary/source_reconstruction/feasts2025_ngc5033_hi_profile_raw_v1.csv,456.898855331,arcsec,34.7771981038,0.58172653473,,,1.33,0.773696291191,,,explicit_frozen_radius,raw_HI_to_common_1p33,0,Official FEASTS 2025 machine-readable raw-HI profile; promoted under the locked blind source-acquisition protocol; angular radius mapped to frozen distance during acquisition; no interpolation or continuation.
NGC5033,blind,13,data/stationary/source_reconstruction/feasts2025_ngc5033_hi_profile_raw_v1.csv,488.803103621,arcsec,37.2056138246,0.39508132298,,,1.33,0.525458159564,,,explicit_frozen_radius,raw_HI_to_common_1p33,0,Official FEASTS 2025 machine-readable raw-HI profile; promoted under the locked blind source-acquisition protocol; angular radius mapped to frozen distance during acquisition; no interpolation or continuation.
NGC5033,blind,14,data/stationary/source_reconstruction/feasts2025_ngc5033_hi_profile_raw_v1.csv,520.70735191,arcsec,39.6340295455,0.275655545285,,,1.33,0.366621875229,,,explicit_frozen_radius,raw_HI_to_common_1p33,0,Official FEASTS 2025 machine-readable raw-HI profile; promoted under the locked blind source-acquisition protocol; angular radius mapped to frozen distance during acquisition; no interpolation or continuation.
NGC5033,blind,15,data/stationary/source_reconstruction/feasts2025_ngc5033_hi_profile_raw_v1.csv,552.6116002,arcsec,42.0624452663,0.195523812374,,,1.33,0.260046670457,,,explicit_frozen_radius,raw_HI_to_common_1p33,0,Official FEASTS 2025 machine-readable raw-HI profile; promoted under the locked blind source-acquisition protocol; angular radius mapped to frozen distance during acquisition; no interpolation or continuation.
NGC5033,blind,16,data/stationary/source_reconstruction/feasts2025_ngc5033_hi_profile_raw_v1.csv,584.51584849,arcsec,44.4908609872,0.13832499314,,,1.33,0.183972240876,,,explicit_frozen_radius,raw_HI_to_common_1p33,0,Official FEASTS 2025 machine-readable raw-HI profile; promoted under the locked blind source-acquisition protocol; angular radius mapped to frozen distance during acquisition; no interpolation or continuation.
NGC5033,blind,17,data/stationary/source_reconstruction/feasts2025_ngc5033_hi_profile_raw_v1.csv,616.420096779,arcsec,46.919276708,0.0987638230461,,,1.33,0.131355884651,,,explicit_frozen_radius,raw_HI_to_common_1p33,0,Official FEASTS 2025 machine-readable raw-HI profile; promoted under the locked blind source-acquisition protocol; angular radius mapped to frozen distance during acquisition; no interpolation or continuation.
NGC5033,blind,18,data/stationary/source_reconstruction/feasts2025_ngc5033_hi_profile_raw_v1.csv,648.324345069,arcsec,49.3476924289,0.0701169390002,,,1.33,0.0932555288702,,,explicit_frozen_radius,raw_HI_to_common_1p33,0,Official FEASTS 2025 machine-readable raw-HI profile; promoted under the locked blind source-acquisition protocol; angular radius mapped to frozen distance during acquisition; no interpolation or continuation.
NGC5033,blind,19,data/stationary/source_reconstruction/feasts2025_ngc5033_hi_profile_raw_v1.csv,680.228593359,arcsec,51.7761081497,0.0473930494681,,,1.33,0.0630327557926,,,explicit_frozen_radius,raw_HI_to_common_1p33,0,Official FEASTS 2025 machine-readable raw-HI profile; promoted under the locked blind source-acquisition protocol; angular radius mapped to frozen distance during acquisition; no interpolation or continuation.
NGC5033,blind,20,data/stationary/source_reconstruction/feasts2025_ngc5033_hi_profile_raw_v1.csv,712.132841648,arcsec,54.2045238706,0.0323774605699,,,1.33,0.0430620225579,,,explicit_frozen_radius,raw_HI_to_common_1p33,0,Official FEASTS 2025 machine-readable raw-HI profile; promoted under the locked blind source-acquisition protocol; angular radius mapped to frozen distance during acquisition; no interpolation or continuation.
NGC5033,blind,21,data/stationary/source_reconstruction/feasts2025_ngc5033_hi_profile_raw_v1.csv,744.037089938,arcsec,56.6329395914,0.0230887702034,,,1.33,0.0307080643706,,,explicit_frozen_radius,raw_HI_to_common_1p33,0,Official FEASTS 2025 machine-readable raw-HI profile; promoted under the locked blind source-acquisition protocol; angular radius mapped to frozen distance during acquisition; no interpolation or continuation.
NGC5033,blind,22,data/stationary/source_reconstruction/feasts2025_ngc5033_hi_profile_raw_v1.csv,775.941338228,arcsec,59.0613553123,0.0166253753292,,,1.33,0.0221117491878,,,explicit_frozen_radius,raw_HI_to_common_1p33,0,Official FEASTS 2025 machine-readable raw-HI profile; promoted under the locked blind source-acquisition protocol; angular radius mapped to frozen distance during acquisition; no interpolation or continuation.
NGC5033,blind,23,data/stationary/source_reconstruction/feasts2025_ngc5033_hi_profile_raw_v1.csv,807.845586517,arcsec,61.4897710331,0.0129450367128,,,1.33,0.017216898828,,,explicit_frozen_radius,raw_HI_to_common_1p33,0,Official FEASTS 2025 machine-readable raw-HI profile; promoted under the locked blind source-acquisition protocol; angular radius mapped to frozen distance during acquisition; no interpolation or continuation.
NGC5033,blind,24,data/stationary/source_reconstruction/feasts2025_ngc5033_hi_profile_raw_v1.csv,839.749834807,arcsec,63.918186754,0.0106655309952,,,1.33,0.0141851562237,,,explicit_frozen_radius,raw_HI_to_common_1p33,0,Official FEASTS 2025 machine-readable raw-HI profile; promoted under the locked blind source-acquisition protocol; angular radius mapped to frozen distance during acquisition; no interpolation or continuation.
NGC5033,blind,25,data/stationary/source_reconstruction/feasts2025_ngc5033_hi_profile_raw_v1.csv,871.654083097,arcsec,66.3466024748,0.0093433441508,,,1.33,0.0124266477206,,,explicit_frozen_radius,raw_HI_to_common_1p33,0,Official FEASTS 2025 machine-readable raw-HI profile; promoted under the locked blind source-acquisition protocol; angular radius mapped to frozen distance during acquisition; no interpolation or continuation.
NGC5033,blind,26,data/stationary/source_reconstruction/feasts2025_ngc5033_hi_profile_raw_v1.csv,903.558331386,arcsec,68.7750181956,0.00854458315913,,,1.33,0.0113642956016,,,explicit_frozen_radius,raw_HI_to_common_1p33,0,Official FEASTS 2025 machine-readable raw-HI profile; promoted under the locked blind source-acquisition protocol; angular radius mapped to frozen distance during acquisition; no interpolation or continuation.
NGC5033,blind,27,data/stationary/source_reconstruction/feasts2025_ngc5033_hi_profile_raw_v1.csv,935.462579676,arcsec,71.2034339165,0.00889768610609,,,1.33,0.0118339225211,,,explicit_frozen_radius,raw_HI_to_common_1p33,0,Official FEASTS 2025 machine-readable raw-HI profile; promoted under the locked blind source-acquisition protocol; angular radius mapped to frozen distance during acquisition; no interpolation or continuation.
NGC5033,blind,28,data/stationary/source_reconstruction/feasts2025_ngc5033_hi_profile_raw_v1.csv,967.366827966,arcsec,73.6318496373,0.0109474092878,,,1.33,0.0145600543527,,,explicit_frozen_radius,raw_HI_to_common_1p33,0,Official FEASTS 2025 machine-readable raw-HI profile; promoted under the locked blind source-acquisition protocol; angular radius mapped to frozen distance during acquisition; no interpolation or continuation.
NGC5033,blind,29,data/stationary/source_reconstruction/feasts2025_ngc5033_hi_profile_raw_v1.csv,999.271076255,arcsec,76.0602653582,0.0144457975609,,,1.33,0.019212910756,,,explicit_frozen_radius,raw_HI_to_common_1p33,0,Official FEASTS 2025 machine-readable raw-HI profile; promoted under the locked blind source-acquisition protocol; angular radius mapped to frozen distance during acquisition; no interpolation or continuation.
NGC5033,blind,30,data/stationary/source_reconstruction/feasts2025_ngc5033_hi_profile_raw_v1.csv,1031.17532454,arcsec,78.488681079,0.0191235791573,,,1.33,0.0254343602792,,,explicit_frozen_radius,raw_HI_to_common_1p33,0,Official FEASTS 2025 machine-readable raw-HI profile; promoted under the locked blind source-acquisition protocol; angular radius mapped to frozen distance during acquisition; no interpolation or continuation.
NGC5033,blind,31,data/stationary/source_reconstruction/feasts2025_ngc5033_hi_profile_raw_v1.csv,1063.07957283,arcsec,80.9170967999,0.0223246193434,,,1.33,0.0296917437268,,,explicit_frozen_radius,raw_HI_to_common_1p33,0,Official FEASTS 2025 machine-readable raw-HI profile; promoted under the locked blind source-acquisition protocol; angular radius mapped to frozen distance during acquisition; no interpolation or continuation.
NGC5033,blind,32,data/stationary/source_reconstruction/feasts2025_ngc5033_hi_profile_raw_v1.csv,1094.98382112,arcsec,83.3455125207,0.0230856350742,,,1.33,0.0307038946487,,,explicit_frozen_radius,raw_HI_to_common_1p33,0,Official FEASTS 2025 machine-readable raw-HI profile; promoted under the locked blind source-acquisition protocol; angular radius mapped to frozen distance during acquisition; no interpolation or continuation.
NGC5033,blind,33,data/stationary/source_reconstruction/feasts2025_ngc5033_hi_profile_raw_v1.csv,1126.88806941,arcsec,85.7739282416,0.0228312030782,,,1.33,0.030365500094,,,explicit_frozen_radius,raw_HI_to_common_1p33,0,Official FEASTS 2025 machine-readable raw-HI profile; promoted under the locked blind source-acquisition protocol; angular radius mapped to frozen distance during acquisition; no interpolation or continuation.
NGC5033,blind,34,data/stationary/source_reconstruction/feasts2025_ngc5033_hi_profile_raw_v1.csv,1158.7923177,arcsec,88.2023439624,0.0209496021524,,,1.33,0.0278629708628,,,explicit_frozen_radius,raw_HI_to_common_1p33,0,Official FEASTS 2025 machine-readable raw-HI profile; promoted under the locked blind source-acquisition protocol; angular radius mapped to frozen distance during acquisition; no interpolation or continuation.
NGC5033,blind,35,data/stationary/source_reconstruction/feasts2025_ngc5033_hi_profile_raw_v1.csv,1190.69656599,arcsec,90.6307596833,0.0190515888094,,,1.33,0.0253386131166,,,explicit_frozen_radius,raw_HI_to_common_1p33,0,Official FEASTS 2025 machine-readable raw-HI profile; promoted under the locked blind source-acquisition protocol; angular radius mapped to frozen distance during acquisition; no interpolation or continuation.
NGC5033,blind,36,data/stationary/source_reconstruction/feasts2025_ngc5033_hi_profile_raw_v1.csv,1222.60081428,arcsec,93.0591754041,0.0191235286231,,,1.33,0.0254342930687,,,explicit_frozen_radius,raw_HI_to_common_1p33,0,Official FEASTS 2025 machine-readable raw-HI profile; promoted under the locked blind source-acquisition protocol; angular radius mapped to frozen distance during acquisition; no interpolation or continuation.
NGC5033,blind,37,data/stationary/source_reconstruction/feasts2025_ngc5033_hi_profile_raw_v1.csv,1254.50506257,arcsec,95.4875911249,0.0217202560399,,,1.33,0.028887940533,,,explicit_frozen_radius,raw_HI_to_common_1p33,0,Official FEASTS 2025 machine-readable raw-HI profile; promoted under the locked blind source-acquisition protocol; angular radius mapped to frozen distance during acquisition; no interpolation or continuation.
NGC5033,blind,38,data/stationary/source_reconstruction/feasts2025_ngc5033_hi_profile_raw_v1.csv,1286.40931086,arcsec,97.9160068458,0.0282772020398,,,1.33,0.037608678713,,,explicit_frozen_radius,raw_HI_to_common_1p33,0,Official FEASTS 2025 machine-readable raw-HI profile; promoted under the locked blind source-acquisition protocol; angular radius mapped to frozen distance during acquisition; no interpolation or continuation.
NGC5033,blind,39,data/stationary/source_reconstruction/feasts2025_ngc5033_hi_profile_raw_v1.csv,1318.31355915,arcsec,100.344422567,0.0372974937731,,,1.33,0.0496056667183,,,explicit_frozen_radius,raw_HI_to_common_1p33,0,Official FEASTS 2025 machine-readable raw-HI profile; promoted under the locked blind source-acquisition protocol; angular radius mapped to frozen distance during acquisition; no interpolation or continuation.
NGC5033,blind,40,data/stationary/source_reconstruction/feasts2025_ngc5033_hi_profile_raw_v1.csv,1350.21780744,arcsec,102.772838287,0.048163086347,,,1.33,0.0640569048415,,,explicit_frozen_radius,raw_HI_to_common_1p33,0,Official FEASTS 2025 machine-readable raw-HI profile; promoted under the locked blind source-acquisition protocol; angular radius mapped to frozen distance during acquisition; no interpolation or continuation.
NGC5033,blind,41,data/stationary/source_reconstruction/feasts2025_ngc5033_hi_profile_raw_v1.csv,1382.12205573,arcsec,105.201254008,0.0555771890876,,,1.33,0.0739176614865,,,explicit_frozen_radius,raw_HI_to_common_1p33,0,Official FEASTS 2025 machine-readable raw-HI profile; promoted under the locked blind source-acquisition protocol; angular radius mapped to frozen distance during acquisition; no interpolation or continuation.
NGC5033,blind,42,data/stationary/source_reconstruction/feasts2025_ngc5033_hi_profile_raw_v1.csv,1414.02630402,arcsec,107.629669729,0.0635155639918,,,1.33,0.0844757001091,,,explicit_frozen_radius,raw_HI_to_common_1p33,0,Official FEASTS 2025 machine-readable raw-HI profile; promoted under the locked blind source-acquisition protocol; angular radius mapped to frozen distance during acquisition; no interpolation or continuation.
NGC5033,blind,43,data/stationary/source_reconstruction/feasts2025_ngc5033_hi_profile_raw_v1.csv,1445.93055231,arcsec,110.05808545,0.0642655058501,,,1.33,0.0854731227807,,,explicit_frozen_radius,raw_HI_to_common_1p33,0,Official FEASTS 2025 machine-readable raw-HI profile; promoted under the locked blind source-acquisition protocol; angular radius mapped to frozen distance during acquisition; no interpolation or continuation.
NGC5033,blind,44,data/stationary/source_reconstruction/feasts2025_ngc5033_hi_profile_raw_v1.csv,1477.8348006,arcsec,112.486501171,0.061126660905,,,1.33,0.0812984590036,,,explicit_frozen_radius,raw_HI_to_common_1p33,0,Official FEASTS 2025 machine-readable raw-HI profile; promoted under the locked blind source-acquisition protocol; angular radius mapped to frozen distance during acquisition; no interpolation or continuation.
NGC5033,blind,45,data/stationary/source_reconstruction/feasts2025_ngc5033_hi_profile_raw_v1.csv,1509.73904889,arcsec,114.914916892,0.0526547012592,,,1.33,0.0700307526747,,,explicit_frozen_radius,raw_HI_to_common_1p33,0,Official FEASTS 2025 machine-readable raw-HI profile; promoted under the locked blind source-acquisition protocol; angular radius mapped to frozen distance during acquisition; no interpolation or continuation.
NGC5033,blind,46,data/stationary/source_reconstruction/feasts2025_ngc5033_hi_profile_raw_v1.csv,1541.64329718,arcsec,117.343332613,0.0403141138784,,,1.33,0.0536177714583,,,explicit_frozen_radius,raw_HI_to_common_1p33,0,Official FEASTS 2025 machine-readable raw-HI profile; promoted under the locked blind source-acquisition protocol; angular radius mapped to frozen distance during acquisition; no interpolation or continuation.
NGC5033,blind,47,data/stationary/source_reconstruction/feasts2025_ngc5033_hi_profile_raw_v1.csv,1573.54754547,arcsec,119.771748333,0.0304275062346,,,1.33,0.040468583292,,,explicit_frozen_radius,raw_HI_to_common_1p33,0,Official FEASTS 2025 machine-readable raw-HI profile; promoted under the locked blind source-acquisition protocol; angular radius mapped to frozen distance during acquisition; no interpolation or continuation.
NGC5033,blind,48,data/stationary/source_reconstruction/feasts2025_ngc5033_hi_profile_raw_v1.csv,1605.45179376,arcsec,122.200164054,0.0211404607819,,,1.33,0.02811681284,,,explicit_frozen_radius,raw_HI_to_common_1p33,0,Official FEASTS 2025 machine-readable raw-HI profile; promoted under the locked blind source-acquisition protocol; angular radius mapped to frozen distance during acquisition; no interpolation or continuation.
NGC5033,blind,49,data/stationary/source_reconstruction/feasts2025_ngc5033_hi_profile_raw_v1.csv,1637.35604205,arcsec,124.628579775,0.0152284071014,,,1.33,0.0202537814448,,,explicit_frozen_radius,raw_HI_to_common_1p33,0,Official FEASTS 2025 machine-readable raw-HI profile; promoted under the locked blind source-acquisition protocol; angular radius mapped to frozen distance during acquisition; no interpolation or continuation.
NGC5055,blind,0,data/stationary/source_reconstruction/leroy2008_things_hi_profiles_v1.csv,0.2,kpc_source,0.19603960396,5.6,0.7,0.7,0.977941176471,5.47647058824,0.68455882353,0.68455882353,source_kpc_times_frozen_over_source_distance,source_includes_1p36_to_common_1p33,0,finite Leroy table7 measured row; source blank edge rows excluded under frozen missing-value policy
NGC5055,blind,1,data/stationary/source_reconstruction/leroy2008_things_hi_profiles_v1.csv,0.7,kpc_source,0.686138613861,5.8,0.5,0.5,0.977941176471,5.67205882353,0.488970588235,0.488970588235,source_kpc_times_frozen_over_source_distance,source_includes_1p36_to_common_1p33,0,finite Leroy table7 measured row; source blank edge rows excluded under frozen missing-value policy
NGC5055,blind,2,data/stationary/source_reconstruction/leroy2008_things_hi_profiles_v1.csv,1.2,kpc_source,1.17623762376,5.9,0.4,0.4,0.977941176471,5.76985294118,0.391176470588,0.391176470588,source_kpc_times_frozen_over_source_distance,source_includes_1p36_to_common_1p33,0,finite Leroy table7 measured row; source blank edge rows excluded under frozen missing-value policy
NGC5055,blind,3,data/stationary/source_reconstruction/leroy2008_things_hi_profiles_v1.csv,1.7,kpc_source,1.66633663366,5.9,0.2,0.2,0.977941176471,5.76985294118,0.195588235294,0.195588235294,source_kpc_times_frozen_over_source_distance,source_includes_1p36_to_common_1p33,0,finite Leroy table7 measured row; source blank edge rows excluded under frozen missing-value policy
NGC5055,blind,4,data/stationary/source_reconstruction/leroy2008_things_hi_profiles_v1.csv,2.2,kpc_source,2.15643564356,6.2,0.3,0.3,0.977941176471,6.06323529412,0.293382352941,0.293382352941,source_kpc_times_frozen_over_source_distance,source_includes_1p36_to_common_1p33,0,finite Leroy table7 measured row; source blank edge rows excluded under frozen missing-value policy
NGC5055,blind,5,data/stationary/source_reconstruction/leroy2008_things_hi_profiles_v1.csv,2.7,kpc_source,2.64653465347,6.6,0.4,0.4,0.977941176471,6.45441176471,0.391176470588,0.391176470588,source_kpc_times_frozen_over_source_distance,source_includes_1p36_to_common_1p33,0,finite Leroy table7 measured row; source blank edge rows excluded under frozen missing-value policy
NGC5055,blind,6,data/stationary/source_reconstruction/leroy2008_things_hi_profiles_v1.csv,3.2,kpc_source,3.13663366337,6.4,0.4,0.4,0.977941176471,6.25882352941,0.391176470588,0.391176470588,source_kpc_times_frozen_over_source_distance,source_includes_1p36_to_common_1p33,0,finite Leroy table7 measured row; source blank edge rows excluded under frozen missing-value policy
NGC5055,blind,7,data/stationary/source_reconstruction/leroy2008_things_hi_profiles_v1.csv,3.7,kpc_source,3.62673267327,6.2,0.5,0.5,0.977941176471,6.06323529412,0.488970588235,0.488970588235,source_kpc_times_frozen_over_source_distance,source_includes_1p36_to_common_1p33,0,finite Leroy table7 measured row; source blank edge rows excluded under frozen missing-value policy
NGC5055,blind,8,data/stationary/source_reconstruction/leroy2008_things_hi_profiles_v1.csv,4.2,kpc_source,4.11683168317,6.5,0.5,0.5,0.977941176471,6.35661764706,0.488970588235,0.488970588235,source_kpc_times_frozen_over_source_distance,source_includes_1p36_to_common_1p33,0,finite Leroy table7 measured row; source blank edge rows excluded under frozen missing-value policy
NGC5055,blind,9,data/stationary/source_reconstruction/leroy2008_things_hi_profiles_v1.csv,4.7,kpc_source,4.60693069307,7.2,0.6,0.6,0.977941176471,7.04117647059,0.586764705883,0.586764705883,source_kpc_times_frozen_over_source_distance,source_includes_1p36_to_common_1p33,0,finite Leroy table7 measured row; source blank edge rows excluded under frozen missing-value policy
NGC5055,blind,10,data/stationary/source_reconstruction/leroy2008_things_hi_profiles_v1.csv,5.1,kpc_source,4.99900990099,8.2,0.7,0.7,0.977941176471,8.01911764706,0.68455882353,0.68455882353,source_kpc_times_frozen_over_source_distance,source_includes_1p36_to_common_1p33,0,finite Leroy table7 measured row; source blank edge rows excluded under frozen missing-value policy
NGC5055,blind,11,data/stationary/source_reconstruction/leroy2008_things_hi_profiles_v1.csv,5.6,kpc_source,5.48910891089,8.7,0.5,0.5,0.977941176471,8.5080882353,0.488970588235,0.488970588235,source_kpc_times_frozen_over_source_distance,source_includes_1p36_to_common_1p33,0,finite Leroy table7 measured row; source blank edge rows excluded under frozen missing-value policy
NGC5055,blind,12,data/stationary/source_reconstruction/leroy2008_things_hi_profiles_v1.csv,6.1,kpc_source,5.97920792079,8.7,0.5,0.5,0.977941176471,8.5080882353,0.488970588235,0.488970588235,source_kpc_times_frozen_over_source_distance,source_includes_1p36_to_common_1p33,0,finite Leroy table7 measured row; source blank edge rows excluded under frozen missing-value policy
NGC5055,blind,13,data/stationary/source_reconstruction/leroy2008_things_hi_profiles_v1.csv,6.6,kpc_source,6.46930693069,8.5,0.6,0.6,0.977941176471,8.3125,0.586764705883,0.586764705883,source_kpc_times_frozen_over_source_distance,source_includes_1p36_to_common_1p33,0,finite Leroy table7 measured row; source blank edge rows excluded under frozen missing-value policy
NGC5055,blind,14,data/stationary/source_reconstruction/leroy2008_things_hi_profiles_v1.csv,7.1,kpc_source,6.95940594059,8.5,0.5,0.5,0.977941176471,8.3125,0.488970588235,0.488970588235,source_kpc_times_frozen_over_source_distance,source_includes_1p36_to_common_1p33,0,finite Leroy table7 measured row; source blank edge rows excluded under frozen missing-value policy
NGC5055,blind,15,data/stationary/source_reconstruction/leroy2008_things_hi_profiles_v1.csv,7.6,kpc_source,7.4495049505,8.6,0.5,0.5,0.977941176471,8.41029411765,0.488970588235,0.488970588235,source_kpc_times_frozen_over_source_distance,source_includes_1p36_to_common_1p33,0,finite Leroy table7 measured row; source blank edge rows excluded under frozen missing-value policy
NGC5055,blind,16,data/stationary/source_reconstruction/leroy2008_things_hi_profiles_v1.csv,8.1,kpc_source,7.9396039604,8.5,0.5,0.5,0.977941176471,8.3125,0.488970588235,0.488970588235,source_kpc_times_frozen_over_source_distance,source_includes_1p36_to_common_1p33,0,finite Leroy table7 measured row; source blank edge rows excluded under frozen missing-value policy
NGC5055,blind,17,data/stationary/source_reconstruction/leroy2008_things_hi_profiles_v1.csv,8.6,kpc_source,8.4297029703,7.9,0.4,0.4,0.977941176471,7.72573529412,0.391176470588,0.391176470588,source_kpc_times_frozen_over_source_distance,source_includes_1p36_to_common_1p33,0,finite Leroy table7 measured row; source blank edge rows excluded under frozen missing-value policy
NGC5055,blind,18,data/stationary/source_reconstruction/leroy2008_things_hi_profiles_v1.csv,9.1,kpc_source,8.9198019802,7.5,0.4,0.4,0.977941176471,7.33455882353,0.391176470588,0.391176470588,source_kpc_times_frozen_over_source_distance,source_includes_1p36_to_common_1p33,0,finite Leroy table7 measured row; source blank edge rows excluded under frozen missing-value policy
NGC5055,blind,19,data/stationary/source_reconstruction/leroy2008_things_hi_profiles_v1.csv,9.5,kpc_source,9.31188118812,7.4,0.5,0.5,0.977941176471,7.23676470589,0.488970588235,0.488970588235,source_kpc_times_frozen_over_source_distance,source_includes_1p36_to_common_1p33,0,finite Leroy table7 measured row; source blank edge rows excluded under frozen missing-value policy
NGC5055,blind,20,data/stationary/source_reconstruction/leroy2008_things_hi_profiles_v1.csv,10,kpc_source,9.80198019802,7.2,0.7,0.7,0.977941176471,7.04117647059,0.68455882353,0.68455882353,source_kpc_times_frozen_over_source_distance,source_includes_1p36_to_common_1p33,0,finite Leroy table7 measured row; source blank edge rows excluded under frozen missing-value policy
NGC5055,blind,21,data/stationary/source_reconstruction/leroy2008_things_hi_profiles_v1.csv,10.5,kpc_source,10.2920792079,7.3,0.8,0.8,0.977941176471,7.13897058824,0.782352941177,0.782352941177,source_kpc_times_frozen_over_source_distance,source_includes_1p36_to_common_1p33,0,finite Leroy table7 measured row; source blank edge rows excluded under frozen missing-value policy
NGC5055,blind,22,data/stationary/source_reconstruction/leroy2008_things_hi_profiles_v1.csv,11,kpc_source,10.7821782178,7.5,0.9,0.9,0.977941176471,7.33455882353,0.880147058824,0.880147058824,source_kpc_times_frozen_over_source_distance,source_includes_1p36_to_common_1p33,0,finite Leroy table7 measured row; source blank edge rows excluded under frozen missing-value policy
NGC5055,blind,23,data/stationary/source_reconstruction/leroy2008_things_hi_profiles_v1.csv,11.5,kpc_source,11.2722772277,7.3,0.7,0.7,0.977941176471,7.13897058824,0.68455882353,0.68455882353,source_kpc_times_frozen_over_source_distance,source_includes_1p36_to_common_1p33,0,finite Leroy table7 measured row; source blank edge rows excluded under frozen missing-value policy
NGC5055,blind,24,data/stationary/source_reconstruction/leroy2008_things_hi_profiles_v1.csv,12,kpc_source,11.7623762376,6.7,0.5,0.5,0.977941176471,6.55220588236,0.488970588235,0.488970588235,source_kpc_times_frozen_over_source_distance,source_includes_1p36_to_common_1p33,0,finite Leroy table7 measured row; source blank edge rows excluded under frozen missing-value policy
NGC5055,blind,25,data/stationary/source_reconstruction/leroy2008_things_hi_profiles_v1.csv,12.5,kpc_source,12.2524752475,6.4,0.5,0.5,0.977941176471,6.25882352941,0.488970588235,0.488970588235,source_kpc_times_frozen_over_source_distance,source_includes_1p36_to_common_1p33,0,finite Leroy table7 measured row; source blank edge rows excluded under frozen missing-value policy
NGC5055,blind,26,data/stationary/source_reconstruction/leroy2008_things_hi_profiles_v1.csv,13,kpc_source,12.7425742574,6.2,0.5,0.5,0.977941176471,6.06323529412,0.488970588235,0.488970588235,source_kpc_times_frozen_over_source_distance,source_includes_1p36_to_common_1p33,0,finite Leroy table7 measured row; source blank edge rows excluded under frozen missing-value policy
NGC5055,blind,27,data/stationary/source_reconstruction/leroy2008_things_hi_profiles_v1.csv,13.5,kpc_source,13.2326732673,5.7,0.5,0.5,0.977941176471,5.57426470588,0.488970588235,0.488970588235,source_kpc_times_frozen_over_source_distance,source_includes_1p36_to_common_1p33,0,finite Leroy table7 measured row; source blank edge rows excluded under frozen missing-value policy
NGC5055,blind,28,data/stationary/source_reconstruction/leroy2008_things_hi_profiles_v1.csv,14,kpc_source,13.7227722772,5.1,0.4,0.4,0.977941176471,4.9875,0.391176470588,0.391176470588,source_kpc_times_frozen_over_source_distance,source_includes_1p36_to_common_1p33,0,finite Leroy table7 measured row; source blank edge rows excluded under frozen missing-value policy
NGC5055,blind,29,data/stationary/source_reconstruction/leroy2008_things_hi_profiles_v1.csv,14.4,kpc_source,14.1148514851,4.5,0.4,0.4,0.977941176471,4.40073529412,0.391176470588,0.391176470588,source_kpc_times_frozen_over_source_distance,source_includes_1p36_to_common_1p33,0,finite Leroy table7 measured row; source blank edge rows excluded under frozen missing-value policy
NGC5055,blind,30,data/stationary/source_reconstruction/leroy2008_things_hi_profiles_v1.csv,14.9,kpc_source,14.604950495,4.2,0.5,0.5,0.977941176471,4.10735294118,0.488970588235,0.488970588235,source_kpc_times_frozen_over_source_distance,source_includes_1p36_to_common_1p33,0,finite Leroy table7 measured row; source blank edge rows excluded under frozen missing-value policy
NGC5055,blind,31,data/stationary/source_reconstruction/leroy2008_things_hi_profiles_v1.csv,15.4,kpc_source,15.095049505,3.9,0.6,0.6,0.977941176471,3.81397058824,0.586764705883,0.586764705883,source_kpc_times_frozen_over_source_distance,source_includes_1p36_to_common_1p33,0,finite Leroy table7 measured row; source blank edge rows excluded under frozen missing-value policy
NGC5055,blind,32,data/stationary/source_reconstruction/leroy2008_things_hi_profiles_v1.csv,15.9,kpc_source,15.5851485149,3.7,0.5,0.5,0.977941176471,3.61838235294,0.488970588235,0.488970588235,source_kpc_times_frozen_over_source_distance,source_includes_1p36_to_common_1p33,0,finite Leroy table7 measured row; source blank edge rows excluded under frozen missing-value policy
NGC5055,blind,33,data/stationary/source_reconstruction/leroy2008_things_hi_profiles_v1.csv,16.4,kpc_source,16.0752475248,3.2,0.4,0.4,0.977941176471,3.12941176471,0.391176470588,0.391176470588,source_kpc_times_frozen_over_source_distance,source_includes_1p36_to_common_1p33,0,finite Leroy table7 measured row; source blank edge rows excluded under frozen missing-value policy
NGC5055,blind,34,data/stationary/source_reconstruction/leroy2008_things_hi_profiles_v1.csv,16.9,kpc_source,16.5653465347,2.8,0.4,0.4,0.977941176471,2.73823529412,0.391176470588,0.391176470588,source_kpc_times_frozen_over_source_distance,source_includes_1p36_to_common_1p33,0,finite Leroy table7 measured row; source blank edge rows excluded under frozen missing-value policy
NGC5055,blind,35,data/stationary/source_reconstruction/leroy2008_things_hi_profiles_v1.csv,17.4,kpc_source,17.0554455446,2.6,0.4,0.4,0.977941176471,2.54264705882,0.391176470588,0.391176470588,source_kpc_times_frozen_over_source_distance,source_includes_1p36_to_common_1p33,0,finite Leroy table7 measured row; source blank edge rows excluded under frozen missing-value policy
NGC5055,blind,36,data/stationary/source_reconstruction/leroy2008_things_hi_profiles_v1.csv,17.9,kpc_source,17.5455445545,2.5,0.3,0.3,0.977941176471,2.44485294118,0.293382352941,0.293382352941,source_kpc_times_frozen_over_source_distance,source_includes_1p36_to_common_1p33,0,finite Leroy table7 measured row; source blank edge rows excluded under frozen missing-value policy
NGC5055,blind,37,data/stationary/source_reconstruction/leroy2008_things_hi_profiles_v1.csv,18.4,kpc_source,18.0356435644,2.4,0.3,0.3,0.977941176471,2.34705882353,0.293382352941,0.293382352941,source_kpc_times_frozen_over_source_distance,source_includes_1p36_to_common_1p33,0,finite Leroy table7 measured row; source blank edge rows excluded under frozen missing-value policy
NGC5055,blind,38,data/stationary/source_reconstruction/leroy2008_things_hi_profiles_v1.csv,18.9,kpc_source,18.5257425743,2.1,0.2,0.2,0.977941176471,2.05367647059,0.195588235294,0.195588235294,source_kpc_times_frozen_over_source_distance,source_includes_1p36_to_common_1p33,0,finite Leroy table7 measured row; source blank edge rows excluded under frozen missing-value policy
NGC5055,blind,39,data/stationary/source_reconstruction/leroy2008_things_hi_profiles_v1.csv,19.3,kpc_source,18.9178217822,1.7,0.2,0.2,0.977941176471,1.6625,0.195588235294,0.195588235294,source_kpc_times_frozen_over_source_distance,source_includes_1p36_to_common_1p33,0,finite Leroy table7 measured row; source blank edge rows excluded under frozen missing-value policy
NGC5055,blind,40,data/stationary/source_reconstruction/leroy2008_things_hi_profiles_v1.csv,19.8,kpc_source,19.4079207921,1.4,0.2,0.2,0.977941176471,1.36911764706,0.195588235294,0.195588235294,source_kpc_times_frozen_over_source_distance,source_includes_1p36_to_common_1p33,0,finite Leroy table7 measured row; source blank edge rows excluded under frozen missing-value policy
NGC5055,blind,41,data/stationary/source_reconstruction/leroy2008_things_hi_profiles_v1.csv,20.3,kpc_source,19.898019802,1.3,0.2,0.2,0.977941176471,1.27132352941,0.195588235294,0.195588235294,source_kpc_times_frozen_over_source_distance,source_includes_1p36_to_common_1p33,0,finite Leroy table7 measured row; source blank edge rows excluded under frozen missing-value policy
NGC5055,blind,42,data/stationary/source_reconstruction/leroy2008_things_hi_profiles_v1.csv,20.8,kpc_source,20.3881188119,1.2,0.2,0.2,0.977941176471,1.17352941177,0.195588235294,0.195588235294,source_kpc_times_frozen_over_source_distance,source_includes_1p36_to_common_1p33,0,finite Leroy table7 measured row; source blank edge rows excluded under frozen missing-value policy
NGC5907,calibration,0,data/stationary/source_reconstruction/sa87_ngc5907_heroes2015_hi_side_profiles_v1.csv,-2.694e-06,kpc_source,0,2.3964158,,,1.33,3.187233014,,,source_kpc_times_frozen_over_source_distance,raw_HI_to_common_1p33,0,certified deterministic m0 mean; sub-resolution near-zero negative radius mapped to zero only when within source-axis calibration QC tolerance
NGC5907,calibration,1,data/stationary/source_reconstruction/sa87_ngc5907_heroes2015_hi_side_profiles_v1.csv,1.053383413,kpc_source,1.11800816226,2.955577872,,,1.33,3.93091856976,,,source_kpc_times_frozen_over_source_distance,raw_HI_to_common_1p33,0,certified deterministic m0 mean; sub-resolution near-zero negative radius mapped to zero only when within source-axis calibration QC tolerance
NGC5907,calibration,2,data/stationary/source_reconstruction/sa87_ngc5907_heroes2015_hi_side_profiles_v1.csv,2.106797644,kpc_source,2.2360490332,2.955577872,,,1.33,3.93091856976,,,source_kpc_times_frozen_over_source_distance,raw_HI_to_common_1p33,0,certified deterministic m0 mean; sub-resolution near-zero negative radius mapped to zero only when within source-axis calibration QC tolerance
NGC5907,calibration,3,data/stationary/source_reconstruction/sa87_ngc5907_heroes2015_hi_side_profiles_v1.csv,3.16018375,kpc_source,3.35406005368,2.71593621,,,1.33,3.6121951593,,,source_kpc_times_frozen_over_source_distance,raw_HI_to_common_1p33,0,certified deterministic m0 mean; sub-resolution near-zero negative radius mapped to zero only when within source-axis calibration QC tolerance
NGC5907,calibration,4,data/stationary/source_reconstruction/sa87_ngc5907_heroes2015_hi_side_profiles_v1.csv,4.213597981,kpc_source,4.47210092461,2.749887081,,,1.33,3.65734981773,,,source_kpc_times_frozen_over_source_distance,raw_HI_to_common_1p33,0,certified deterministic m0 mean; sub-resolution near-zero negative radius mapped to zero only when within source-axis calibration QC tolerance
NGC5907,calibration,5,data/stationary/source_reconstruction/sa87_ngc5907_heroes2015_hi_side_profiles_v1.csv,5.266984088,kpc_source,5.59011194615,2.783835245,,,1.33,3.70250087585,,,source_kpc_times_frozen_over_source_distance,raw_HI_to_common_1p33,0,certified deterministic m0 mean; sub-resolution near-zero negative radius mapped to zero only when within source-axis calibration QC tolerance
NGC5907,calibration,6,data/stationary/source_reconstruction/sa87_ngc5907_heroes2015_hi_side_profiles_v1.csv,6.320398319,kpc_source,6.70815281709,2.817783409,,,1.33,3.74765193397,,,source_kpc_times_frozen_over_source_distance,raw_HI_to_common_1p33,0,certified deterministic m0 mean; sub-resolution near-zero negative radius mapped to zero only when within source-axis calibration QC tolerance
NGC5907,calibration,7,data/stationary/source_reconstruction/sa87_ngc5907_heroes2015_hi_side_profiles_v1.csv,7.373784425,kpc_source,7.82616383757,3.648541619,,,1.33,4.85256035327,,,source_kpc_times_frozen_over_source_distance,raw_HI_to_common_1p33,0,certified deterministic m0 mean; sub-resolution near-zero negative radius mapped to zero only when within source-axis calibration QC tolerance
NGC5907,calibration,8,data/stationary/source_reconstruction/sa87_ngc5907_heroes2015_hi_side_profiles_v1.csv,8.427170532,kpc_source,8.9441748591,4.880198654,,,1.33,6.49066420982,,,source_kpc_times_frozen_over_source_distance,raw_HI_to_common_1p33,0,certified deterministic m0 mean; sub-resolution near-zero negative radius mapped to zero only when within source-axis calibration QC tolerance
NGC5907,calibration,9,data/stationary/source_reconstruction/sa87_ngc5907_heroes2015_hi_side_profiles_v1.csv,9.480584763,kpc_source,10.06221573,5.366970821,,,1.33,7.13807119193,,,source_kpc_times_frozen_over_source_distance,raw_HI_to_common_1p33,0,certified deterministic m0 mean; sub-resolution near-zero negative radius mapped to zero only when within source-axis calibration QC tolerance
NGC5907,calibration,10,data/stationary/source_reconstruction/sa87_ngc5907_heroes2015_hi_side_profiles_v1.csv,10.533970869,kpc_source,11.1802267505,5.646552534,,,1.33,7.50991487022,,,source_kpc_times_frozen_over_source_distance,raw_HI_to_common_1p33,0,certified deterministic m0 mean; sub-resolution near-zero negative radius mapped to zero only when within source-axis calibration QC tolerance
NGC5907,calibration,11,data/stationary/source_reconstruction/sa87_ngc5907_heroes2015_hi_side_profiles_v1.csv,11.5873851,kpc_source,12.2982676215,5.140309101,,,1.33,6.83661110433,,,source_kpc_times_frozen_over_source_distance,raw_HI_to_common_1p33,0,certified deterministic m0 mean; sub-resolution near-zero negative radius mapped to zero only when within source-axis calibration QC tolerance
NGC5907,calibration,12,data/stationary/source_reconstruction/sa87_ngc5907_heroes2015_hi_side_profiles_v1.csv,12.640771207,kpc_source,13.416278643,4.172307296,,,1.33,5.54916870368,,,source_kpc_times_frozen_over_source_distance,raw_HI_to_common_1p33,0,certified deterministic m0 mean; sub-resolution near-zero negative radius mapped to zero only when within source-axis calibration QC tolerance
NGC5907,calibration,13,data/stationary/source_reconstruction/sa87_ngc5907_heroes2015_hi_side_profiles_v1.csv,13.694185438,kpc_source,14.5343195139,4.223681607,,,1.33,5.61749653731,,,source_kpc_times_frozen_over_source_distance,raw_HI_to_common_1p33,0,certified deterministic m0 mean; sub-resolution near-zero negative radius mapped to zero only when within source-axis calibration QC tolerance
NGC5907,calibration,14,data/stationary/source_reconstruction/sa87_ngc5907_heroes2015_hi_side_profiles_v1.csv,14.747571544,kpc_source,15.6523305344,4.588635873,,,1.33,6.10288571109,,,source_kpc_times_frozen_over_source_distance,raw_HI_to_common_1p33,0,certified deterministic m0 mean; sub-resolution near-zero negative radius mapped to zero only when within source-axis calibration QC tolerance
NGC5907,calibration,15,data/stationary/source_reconstruction/sa87_ngc5907_heroes2015_hi_side_profiles_v1.csv,15.800985775,kpc_source,16.7703714053,5.098372656,,,1.33,6.78083563248,,,source_kpc_times_frozen_over_source_distance,raw_HI_to_common_1p33,0,certified deterministic m0 mean; sub-resolution near-zero negative radius mapped to zero only when within source-axis calibration QC tolerance
NGC5907,calibration,16,data/stationary/source_reconstruction/sa87_ngc5907_heroes2015_hi_side_profiles_v1.csv,16.854371882,kpc_source,17.8883824269,6.082399748,,,1.33,8.08959166484,,,source_kpc_times_frozen_over_source_distance,raw_HI_to_common_1p33,0,certified deterministic m0 mean; sub-resolution near-zero negative radius mapped to zero only when within source-axis calibration QC tolerance
NGC5907,calibration,17,data/stationary/source_reconstruction/sa87_ngc5907_heroes2015_hi_side_profiles_v1.csv,17.907757988,kpc_source,19.0063934474,6.007011869,,,1.33,7.98932578577,,,source_kpc_times_frozen_over_source_distance,raw_HI_to_common_1p33,0,certified deterministic m0 mean; sub-resolution near-zero negative radius mapped to zero only when within source-axis calibration QC tolerance
NGC5907,calibration,18,data/stationary/source_reconstruction/sa87_ngc5907_heroes2015_hi_side_profiles_v1.csv,18.961172219,kpc_source,20.1244343183,5.601379901,,,1.33,7.44983526833,,,source_kpc_times_frozen_over_source_distance,raw_HI_to_common_1p33,0,certified deterministic m0 mean; sub-resolution near-zero negative radius mapped to zero only when within source-axis calibration QC tolerance
NGC5907,calibration,19,data/stationary/source_reconstruction/sa87_ngc5907_heroes2015_hi_side_profiles_v1.csv,20.014558326,kpc_source,21.2424453398,4.792829707,,,1.33,6.37446351031,,,source_kpc_times_frozen_over_source_distance,raw_HI_to_common_1p33,0,certified deterministic m0 mean; sub-resolution near-zero negative radius mapped to zero only when within source-axis calibration QC tolerance
NGC5907,calibration,20,data/stationary/source_reconstruction/sa87_ngc5907_heroes2015_hi_side_profiles_v1.csv,21.067972557,kpc_source,22.3604862108,4.754716863,,,1.33,6.32377342779,,,source_kpc_times_frozen_over_source_distance,raw_HI_to_common_1p33,0,certified deterministic m0 mean; sub-resolution near-zero negative radius mapped to zero only when within source-axis calibration QC tolerance
NGC5907,calibration,21,data/stationary/source_reconstruction/sa87_ngc5907_heroes2015_hi_side_profiles_v1.csv,22.121358663,kpc_source,23.4784972312,2.451482423,,,1.33,3.26047162259,,,source_kpc_times_frozen_over_source_distance,raw_HI_to_common_1p33,0,certified deterministic m0 mean; sub-resolution near-zero negative radius mapped to zero only when within source-axis calibration QC tolerance
NGC5907,calibration,22,data/stationary/source_reconstruction/sa87_ngc5907_heroes2015_hi_side_profiles_v1.csv,23.174772894,kpc_source,24.5965381022,1.97704323,,,1.33,2.6294674959,,,source_kpc_times_frozen_over_source_distance,raw_HI_to_common_1p33,0,certified deterministic m0 mean; sub-resolution near-zero negative radius mapped to zero only when within source-axis calibration QC tolerance
NGC5907,calibration,23,data/stationary/source_reconstruction/sa87_ngc5907_heroes2015_hi_side_profiles_v1.csv,24.228159001,kpc_source,25.7145491237,2.585775415,,,1.33,3.43908130195,,,source_kpc_times_frozen_over_source_distance,raw_HI_to_common_1p33,0,certified deterministic m0 mean; sub-resolution near-zero negative radius mapped to zero only when within source-axis calibration QC tolerance
NGC5907,calibration,24,data/stationary/source_reconstruction/sa87_ngc5907_heroes2015_hi_side_profiles_v1.csv,25.281545107,kpc_source,26.8325601442,4.2612896,,,1.33,5.667515168,,,source_kpc_times_frozen_over_source_distance,raw_HI_to_common_1p33,0,certified deterministic m0 mean; sub-resolution near-zero negative radius mapped to zero only when within source-axis calibration QC tolerance
NGC5907,calibration,25,data/stationary/source_reconstruction/sa87_ngc5907_heroes2015_hi_side_profiles_v1.csv,26.334959338,kpc_source,27.9506010151,4.365763917,,,1.33,5.80646600961,,,source_kpc_times_frozen_over_source_distance,raw_HI_to_common_1p33,0,certified deterministic m0 mean; sub-resolution near-zero negative radius mapped to zero only when within source-axis calibration QC tolerance
NGC5907,calibration,26,data/stationary/source_reconstruction/sa87_ngc5907_heroes2015_hi_side_profiles_v1.csv,27.388345445,kpc_source,29.0686120367,3.700169032,,,1.33,4.92122481256,,,source_kpc_times_frozen_over_source_distance,raw_HI_to_common_1p33,0,certified deterministic m0 mean; sub-resolution near-zero negative radius mapped to zero only when within source-axis calibration QC tolerance
NGC5907,calibration,27,data/stationary/source_reconstruction/sa87_ngc5907_heroes2015_hi_side_profiles_v1.csv,28.441759676,kpc_source,30.1866529076,1.507744582,,,1.33,2.00530029406,,,source_kpc_times_frozen_over_source_distance,raw_HI_to_common_1p33,0,certified deterministic m0 mean; sub-resolution near-zero negative radius mapped to zero only when within source-axis calibration QC tolerance
NGC5907,calibration,28,data/stationary/source_reconstruction/sa87_ngc5907_heroes2015_hi_side_profiles_v1.csv,29.495145782,kpc_source,31.3046639281,1.467803177,,,1.33,1.95217822541,,,source_kpc_times_frozen_over_source_distance,raw_HI_to_common_1p33,0,certified deterministic m0 mean; sub-resolution near-zero negative radius mapped to zero only when within source-axis calibration QC tolerance
NGC5907,calibration,29,data/stationary/source_reconstruction/sa87_ngc5907_heroes2015_hi_side_profiles_v1.csv,30.548560013,kpc_source,32.422704799,1.375940653,,,1.33,1.83000106849,,,source_kpc_times_frozen_over_source_distance,raw_HI_to_common_1p33,0,certified deterministic m0 mean; sub-resolution near-zero negative radius mapped to zero only when within source-axis calibration QC tolerance
NGC5907,calibration,30,data/stationary/source_reconstruction/sa87_ngc5907_heroes2015_hi_side_profiles_v1.csv,31.60194612,kpc_source,33.5407158206,1.121822093,,,1.33,1.49202338369,,,source_kpc_times_frozen_over_source_distance,raw_HI_to_common_1p33,0,certified deterministic m0 mean; sub-resolution near-zero negative radius mapped to zero only when within source-axis calibration QC tolerance
NGC5907,calibration,31,data/stationary/source_reconstruction/sa87_ngc5907_heroes2015_hi_side_profiles_v1.csv,32.65536035,kpc_source,34.6587566904,1.132306205,,,1.33,1.50596725265,,,source_kpc_times_frozen_over_source_distance,raw_HI_to_common_1p33,0,certified deterministic m0 mean; sub-resolution near-zero negative radius mapped to zero only when within source-axis calibration QC tolerance
NGC5907,calibration,32,data/stationary/source_reconstruction/sa87_ngc5907_heroes2015_hi_side_profiles_v1.csv,33.708746457,kpc_source,35.776767712,1.142790316,,,1.33,1.51991112028,,,source_kpc_times_frozen_over_source_distance,raw_HI_to_common_1p33,0,certified deterministic m0 mean; sub-resolution near-zero negative radius mapped to zero only when within source-axis calibration QC tolerance
NGC5907,calibration,33,data/stationary/source_reconstruction/sa87_ngc5907_heroes2015_hi_side_profiles_v1.csv,34.762132564,kpc_source,36.8947787335,1.001302187,,,1.33,1.33173190871,,,source_kpc_times_frozen_over_source_distance,raw_HI_to_common_1p33,0,certified deterministic m0 mean; sub-resolution near-zero negative radius mapped to zero only when within source-axis calibration QC tolerance
NGC5907,calibration,34,data/stationary/source_reconstruction/sa87_ngc5907_heroes2015_hi_side_profiles_v1.csv,35.815546795,kpc_source,38.0128196045,0.92511575,,,1.33,1.2304039475,,,source_kpc_times_frozen_over_source_distance,raw_HI_to_common_1p33,0,certified deterministic m0 mean; sub-resolution near-zero negative radius mapped to zero only when within source-axis calibration QC tolerance
NGC5907,calibration,35,data/stationary/source_reconstruction/sa87_ngc5907_heroes2015_hi_side_profiles_v1.csv,36.868932901,kpc_source,39.1308306249,1.03395371,,,1.33,1.3751584343,,,source_kpc_times_frozen_over_source_distance,raw_HI_to_common_1p33,0,certified deterministic m0 mean; sub-resolution near-zero negative radius mapped to zero only when within source-axis calibration QC tolerance
NGC5907,calibration,36,data/stationary/source_reconstruction/sa87_ngc5907_heroes2015_hi_side_profiles_v1.csv,37.922347132,kpc_source,40.2488714959,0.728703114,,,1.33,0.96917514162,,,source_kpc_times_frozen_over_source_distance,raw_HI_to_common_1p33,0,certified deterministic m0 mean; sub-resolution near-zero negative radius mapped to zero only when within source-axis calibration QC tolerance
NGC5907,calibration,37,data/stationary/source_reconstruction/sa87_ngc5907_heroes2015_hi_side_profiles_v1.csv,38.975733239,kpc_source,41.3668825174,0.76255112,,,1.33,1.0141929896,,,source_kpc_times_frozen_over_source_distance,raw_HI_to_common_1p33,0,certified deterministic m0 mean; sub-resolution near-zero negative radius mapped to zero only when within source-axis calibration QC tolerance
NGC5907,calibration,38,data/stationary/source_reconstruction/sa87_ngc5907_heroes2015_hi_side_profiles_v1.csv,40.029147469,kpc_source,42.4849233873,0.976389903,,,1.33,1.29859857099,,,source_kpc_times_frozen_over_source_distance,raw_HI_to_common_1p33,0,certified deterministic m0 mean; sub-resolution near-zero negative radius mapped to zero only when within source-axis calibration QC tolerance
NGC5907,calibration,39,data/stationary/source_reconstruction/sa87_ngc5907_heroes2015_hi_side_profiles_v1.csv,41.082533576,kpc_source,43.6029344088,0.975270569,,,1.33,1.29710985677,,,source_kpc_times_frozen_over_source_distance,raw_HI_to_common_1p33,0,certified deterministic m0 mean; sub-resolution near-zero negative radius mapped to zero only when within source-axis calibration QC tolerance
NGC5907,calibration,40,data/stationary/source_reconstruction/sa87_ngc5907_heroes2015_hi_side_profiles_v1.csv,42.135919683,kpc_source,44.7209454304,0.826944623,,,1.33,1.09983634859,,,source_kpc_times_frozen_over_source_distance,raw_HI_to_common_1p33,0,certified deterministic m0 mean; sub-resolution near-zero negative radius mapped to zero only when within source-axis calibration QC tolerance
NGC5907,calibration,41,data/stationary/source_reconstruction/sa87_ngc5907_heroes2015_hi_side_profiles_v1.csv,43.189333914,kpc_source,45.8389863013,0.745372661,,,1.33,0.99134563913,,,source_kpc_times_frozen_over_source_distance,raw_HI_to_common_1p33,0,certified deterministic m0 mean; sub-resolution near-zero negative radius mapped to zero only when within source-axis calibration QC tolerance
NGC5907,calibration,42,data/stationary/source_reconstruction/sa87_ngc5907_heroes2015_hi_side_profiles_v1.csv,44.24272002,kpc_source,46.9569973218,0.663799346,,,1.33,0.88285313018,,,source_kpc_times_frozen_over_source_distance,raw_HI_to_common_1p33,0,certified deterministic m0 mean; sub-resolution near-zero negative radius mapped to zero only when within source-axis calibration QC tolerance
NGC5907,calibration,43,data/stationary/source_reconstruction/sa87_ngc5907_heroes2015_hi_side_profiles_v1.csv,45.296134251,kpc_source,48.0750381927,0.582640198,,,1.33,0.77491146334,,,source_kpc_times_frozen_over_source_distance,raw_HI_to_common_1p33,0,certified deterministic m0 mean; sub-resolution near-zero negative radius mapped to zero only when within source-axis calibration QC tolerance
NGC5907,calibration,44,data/stationary/source_reconstruction/sa87_ngc5907_heroes2015_hi_side_profiles_v1.csv,46.349520358,kpc_source,49.1930492142,0.488499755,,,1.33,0.64970467415,,,source_kpc_times_frozen_over_source_distance,raw_HI_to_common_1p33,0,certified deterministic m0 mean; sub-resolution near-zero negative radius mapped to zero only when within source-axis calibration QC tolerance
NGC5907,calibration,45,data/stationary/source_reconstruction/sa87_ngc5907_heroes2015_hi_side_profiles_v1.csv,47.402934588,kpc_source,50.3110900841,0.433614499,,,1.33,0.57670728367,,,source_kpc_times_frozen_over_source_distance,raw_HI_to_common_1p33,0,certified deterministic m0 mean; sub-resolution near-zero negative radius mapped to zero only when within source-axis calibration QC tolerance
NGC5907,calibration,46,data/stationary/source_reconstruction/sa87_ngc5907_heroes2015_hi_side_profiles_v1.csv,48.456320695,kpc_source,51.4291011057,0.433614499,,,1.33,0.57670728367,,,source_kpc_times_frozen_over_source_distance,raw_HI_to_common_1p33,0,certified deterministic m0 mean; sub-resolution near-zero negative radius mapped to zero only when within source-axis calibration QC tolerance
NGC5907,calibration,47,data/stationary/source_reconstruction/sa87_ngc5907_heroes2015_hi_side_profiles_v1.csv,49.509734926,kpc_source,52.5471419766,0.217679165,,,1.33,0.28951328945,,,source_kpc_times_frozen_over_source_distance,raw_HI_to_common_1p33,0,certified deterministic m0 mean; sub-resolution near-zero negative radius mapped to zero only when within source-axis calibration QC tolerance
NGC5907,calibration,48,data/stationary/source_reconstruction/sa87_ngc5907_heroes2015_hi_side_profiles_v1.csv,50.563121033,kpc_source,53.6651529981,0.217679165,,,1.33,0.28951328945,,,source_kpc_times_frozen_over_source_distance,raw_HI_to_common_1p33,0,certified deterministic m0 mean; sub-resolution near-zero negative radius mapped to zero only when within source-axis calibration QC tolerance
NGC5907,calibration,49,data/stationary/source_reconstruction/sa87_ngc5907_heroes2015_hi_side_profiles_v1.csv,51.616507139,kpc_source,54.7831640186,0.217679165,,,1.33,0.28951328945,,,source_kpc_times_frozen_over_source_distance,raw_HI_to_common_1p33,0,certified deterministic m0 mean; sub-resolution near-zero negative radius mapped to zero only when within source-axis calibration QC tolerance
NGC5907,calibration,50,data/stationary/source_reconstruction/sa87_ngc5907_heroes2015_hi_side_profiles_v1.csv,52.66992137,kpc_source,55.9012048896,0.217679165,,,1.33,0.28951328945,,,source_kpc_times_frozen_over_source_distance,raw_HI_to_common_1p33,0,certified deterministic m0 mean; sub-resolution near-zero negative radius mapped to zero only when within source-axis calibration QC tolerance
NGC5907,calibration,51,data/stationary/source_reconstruction/sa87_ngc5907_heroes2015_hi_side_profiles_v1.csv,53.723307477,kpc_source,57.0192159111,0.217679165,,,1.33,0.28951328945,,,source_kpc_times_frozen_over_source_distance,raw_HI_to_common_1p33,0,certified deterministic m0 mean; sub-resolution near-zero negative radius mapped to zero only when within source-axis calibration QC tolerance
NGC5907,calibration,52,data/stationary/source_reconstruction/sa87_ngc5907_heroes2015_hi_side_profiles_v1.csv,54.776721708,kpc_source,58.137256782,0.217679165,,,1.33,0.28951328945,,,source_kpc_times_frozen_over_source_distance,raw_HI_to_common_1p33,0,certified deterministic m0 mean; sub-resolution near-zero negative radius mapped to zero only when within source-axis calibration QC tolerance
NGC5907,calibration,53,data/stationary/source_reconstruction/sa87_ngc5907_heroes2015_hi_side_profiles_v1.csv,55.830107814,kpc_source,59.2552678025,0.217679165,,,1.33,0.28951328945,,,source_kpc_times_frozen_over_source_distance,raw_HI_to_common_1p33,0,certified deterministic m0 mean; sub-resolution near-zero negative radius mapped to zero only when within source-axis calibration QC tolerance
NGC6015,calibration,0,data/stationary/source_reconstruction/vm97_ngc6015_hi_profile_v1.csv,14.944489147,arcsec,1.23169977526,4.103954758,,,1.33,5.45825982814,,,angular_radius_times_frozen_distance,raw_HI_to_common_1p33,0,
NGC6015,calibration,1,data/stationary/source_reconstruction/vm97_ngc6015_hi_profile_v1.csv,24.915030216,arcsec,2.05345507738,4.744255804,,,1.33,6.30986021932,,,angular_radius_times_frozen_distance,raw_HI_to_common_1p33,0,
NGC6015,calibration,2,data/stationary/source_reconstruction/vm97_ngc6015_hi_profile_v1.csv,34.998872889,arcsec,2.884548508,5.467419338,,,1.33,7.27166771954,,,angular_radius_times_frozen_distance,raw_HI_to_common_1p33,0,
NGC6015,calibration,3,data/stationary/source_reconstruction/vm97_ngc6015_hi_profile_v1.csv,44.969413959,arcsec,3.7063038102,6.145385151,,,1.33,8.17336225083,,,angular_radius_times_frozen_distance,raw_HI_to_common_1p33,0,
NGC6015,calibration,4,data/stationary/source_reconstruction/vm97_ngc6015_hi_profile_v1.csv,54.939955029,arcsec,4.52805911239,6.680224848,,,1.33,8.88469904784,,,angular_radius_times_frozen_distance,raw_HI_to_common_1p33,0,
NGC6015,calibration,5,data/stationary/source_reconstruction/vm97_ngc6015_hi_profile_v1.csv,65.023797701,arcsec,5.35915254293,7.026740708,,,1.33,9.34556514164,,,angular_radius_times_frozen_distance,raw_HI_to_common_1p33,0,
NGC6015,calibration,6,data/stationary/source_reconstruction/vm97_ngc6015_hi_profile_v1.csv,74.994338771,arcsec,6.18090784513,7.132202057,,,1.33,9.48582873581,,,angular_radius_times_frozen_distance,raw_HI_to_common_1p33,0,
NGC6015,calibration,7,data/stationary/source_reconstruction/vm97_ngc6015_hi_profile_v1.csv,84.964879841,arcsec,7.00266314733,7.056872522,,,1.33,9.38564045426,,,angular_radius_times_frozen_distance,raw_HI_to_common_1p33,0,
NGC6015,calibration,8,data/stationary/source_reconstruction/vm97_ngc6015_hi_profile_v1.csv,94.93542091,arcsec,7.82441844944,6.800752104,,,1.33,9.04500029832,,,angular_radius_times_frozen_distance,raw_HI_to_common_1p33,0,
NGC6015,calibration,9,data/stationary/source_reconstruction/vm97_ngc6015_hi_profile_v1.csv,105.019263583,arcsec,8.65551188006,6.627494174,,,1.33,8.81456725142,,,angular_radius_times_frozen_distance,raw_HI_to_common_1p33,0,
NGC6015,calibration,10,data/stationary/source_reconstruction/vm97_ngc6015_hi_profile_v1.csv,114.989804653,arcsec,9.47726718226,6.378906709,,,1.33,8.48394592297,,,angular_radius_times_frozen_distance,raw_HI_to_common_1p33,0,
NGC6015,calibration,11,data/stationary/source_reconstruction/vm97_ngc6015_hi_profile_v1.csv,124.960345723,arcsec,10.2990224845,6.07758857,,,1.33,8.0831927981,,,angular_radius_times_frozen_distance,raw_HI_to_common_1p33,0,
NGC6015,calibration,12,data/stationary/source_reconstruction/vm97_ngc6015_hi_profile_v1.csv,135.044188395,arcsec,11.130115915,5.685874989,,,1.33,7.56221373537,,,angular_radius_times_frozen_distance,raw_HI_to_common_1p33,0,
NGC6015,calibration,13,data/stationary/source_reconstruction/vm97_ngc6015_hi_profile_v1.csv,145.014729465,arcsec,11.9518712172,5.181167106,,,1.33,6.89095225098,,,angular_radius_times_frozen_distance,raw_HI_to_common_1p33,0,
NGC6015,calibration,14,data/stationary/source_reconstruction/vm97_ngc6015_hi_profile_v1.csv,154.985270535,arcsec,12.7736265194,4.548399013,,,1.33,6.04937068729,,,angular_radius_times_frozen_distance,raw_HI_to_common_1p33,0,
NGC6015,calibration,15,data/stationary/source_reconstruction/vm97_ngc6015_hi_profile_v1.csv,164.955811605,arcsec,13.5953818216,3.893032061,,,1.33,5.17773264113,,,angular_radius_times_frozen_distance,raw_HI_to_common_1p33,0,
NGC6015,calibration,16,data/stationary/source_reconstruction/vm97_ngc6015_hi_profile_v1.csv,175.039654277,arcsec,14.4264752521,3.305461689,,,1.33,4.39626404637,,,angular_radius_times_frozen_distance,raw_HI_to_common_1p33,0,
NGC6015,calibration,17,data/stationary/source_reconstruction/vm97_ngc6015_hi_profile_v1.csv,185.010195347,arcsec,15.2482305543,2.785687899,,,1.33,3.70496490567,,,angular_radius_times_frozen_distance,raw_HI_to_common_1p33,0,
NGC6015,calibration,18,data/stationary/source_reconstruction/vm97_ngc6015_hi_profile_v1.csv,194.980736417,arcsec,16.0699858565,2.348776597,,,1.33,3.12387287401,,,angular_radius_times_frozen_distance,raw_HI_to_common_1p33,0,
NGC6015,calibration,19,data/stationary/source_reconstruction/vm97_ngc6015_hi_profile_v1.csv,205.06457909,arcsec,16.9010792871,2.002260737,,,1.33,2.66300678021,,,angular_radius_times_frozen_distance,raw_HI_to_common_1p33,0,
NGC6015,calibration,20,data/stationary/source_reconstruction/vm97_ngc6015_hi_profile_v1.csv,215.035120159,arcsec,17.7228345893,1.708475552,,,1.33,2.27227248416,,,angular_radius_times_frozen_distance,raw_HI_to_common_1p33,0,
NGC6015,calibration,21,data/stationary/source_reconstruction/vm97_ngc6015_hi_profile_v1.csv,225.005661229,arcsec,18.5445898915,1.497552854,,,1.33,1.99174529582,,,angular_radius_times_frozen_distance,raw_HI_to_common_1p33,0,
NGC6015,calibration,22,data/stationary/source_reconstruction/vm97_ngc6015_hi_profile_v1.csv,234.976202299,arcsec,19.3663451937,1.346893785,,,1.33,1.79136873405,,,angular_radius_times_frozen_distance,raw_HI_to_common_1p33,0,
NGC6015,calibration,23,data/stationary/source_reconstruction/vm97_ngc6015_hi_profile_v1.csv,245.060044971,arcsec,20.1974386242,1.181168808,,,1.33,1.57095451464,,,angular_radius_times_frozen_distance,raw_HI_to_common_1p33,0,
NGC6015,calibration,24,data/stationary/source_reconstruction/vm97_ngc6015_hi_profile_v1.csv,255.030586041,arcsec,21.0191939264,1.000377924,,,1.33,1.33050263892,,,angular_radius_times_frozen_distance,raw_HI_to_common_1p33,0,
NGC6015,calibration,25,data/stationary/source_reconstruction/vm97_ngc6015_hi_profile_v1.csv,265.001127111,arcsec,21.8409492286,0.849718855,,,1.33,1.13012607715,,,angular_radius_times_frozen_distance,raw_HI_to_common_1p33,0,
NGC6015,calibration,26,data/stationary/source_reconstruction/vm97_ngc6015_hi_profile_v1.csv,275.084969784,arcsec,22.6720426592,0.766856367,,,1.33,1.01991896811,,,angular_radius_times_frozen_distance,raw_HI_to_common_1p33,0,
NGC6015,calibration,27,data/stationary/source_reconstruction/vm97_ngc6015_hi_profile_v1.csv,285.055510853,arcsec,23.4937979613,0.638796157,,,1.33,0.84959888881,,,angular_radius_times_frozen_distance,raw_HI_to_common_1p33,0,
NGC6015,calibration,28,data/stationary/source_reconstruction/vm97_ngc6015_hi_profile_v1.csv,295.026051923,arcsec,24.3155532635,0.525801855,,,1.33,0.69931646715,,,angular_radius_times_frozen_distance,raw_HI_to_common_1p33,0,
NGC6015,calibration,29,data/stationary/source_reconstruction/vm97_ngc6015_hi_profile_v1.csv,304.996592993,arcsec,25.1373085657,0.465538227,,,1.33,0.61916584191,,,angular_radius_times_frozen_distance,raw_HI_to_common_1p33,0,
NGC6015,calibration,30,data/stationary/source_reconstruction/vm97_ngc6015_hi_profile_v1.csv,315.080435666,arcsec,25.9684019963,0.390208693,,,1.33,0.51897756169,,,angular_radius_times_frozen_distance,raw_HI_to_common_1p33,0,
NGC6946,blind,0,data/stationary/source_reconstruction/leroy2008_things_hi_profiles_v1.csv,0.1,kpc_source,0.0935593220339,6.1,1.1,1.1,0.977941176471,5.96544117647,1.07573529412,1.07573529412,source_kpc_times_frozen_over_source_distance,source_includes_1p36_to_common_1p33,0,finite Leroy table7 measured row; source blank edge rows excluded under frozen missing-value policy
NGC6946,blind,1,data/stationary/source_reconstruction/leroy2008_things_hi_profiles_v1.csv,0.4,kpc_source,0.374237288136,6.4,1.1,1.1,0.977941176471,6.25882352941,1.07573529412,1.07573529412,source_kpc_times_frozen_over_source_distance,source_includes_1p36_to_common_1p33,0,finite Leroy table7 measured row; source blank edge rows excluded under frozen missing-value policy
NGC6946,blind,2,data/stationary/source_reconstruction/leroy2008_things_hi_profiles_v1.csv,0.7,kpc_source,0.654915254237,6.4,1,1,0.977941176471,6.25882352941,0.977941176471,0.977941176471,source_kpc_times_frozen_over_source_distance,source_includes_1p36_to_common_1p33,0,finite Leroy table7 measured row; source blank edge rows excluded under frozen missing-value policy
NGC6946,blind,3,data/stationary/source_reconstruction/leroy2008_things_hi_profiles_v1.csv,1,kpc_source,0.935593220339,5.9,0.7,0.7,0.977941176471,5.76985294118,0.68455882353,0.68455882353,source_kpc_times_frozen_over_source_distance,source_includes_1p36_to_common_1p33,0,finite Leroy table7 measured row; source blank edge rows excluded under frozen missing-value policy
NGC6946,blind,4,data/stationary/source_reconstruction/leroy2008_things_hi_profiles_v1.csv,1.3,kpc_source,1.21627118644,5.5,0.6,0.6,0.977941176471,5.37867647059,0.586764705883,0.586764705883,source_kpc_times_frozen_over_source_distance,source_includes_1p36_to_common_1p33,0,finite Leroy table7 measured row; source blank edge rows excluded under frozen missing-value policy
NGC6946,blind,5,data/stationary/source_reconstruction/leroy2008_things_hi_profiles_v1.csv,1.6,kpc_source,1.49694915254,5.5,0.5,0.5,0.977941176471,5.37867647059,0.488970588235,0.488970588235,source_kpc_times_frozen_over_source_distance,source_includes_1p36_to_common_1p33,0,finite Leroy table7 measured row; source blank edge rows excluded under frozen missing-value policy
NGC6946,blind,6,data/stationary/source_reconstruction/leroy2008_things_hi_profiles_v1.csv,1.9,kpc_source,1.77762711864,5.8,0.4,0.4,0.977941176471,5.67205882353,0.391176470588,0.391176470588,source_kpc_times_frozen_over_source_distance,source_includes_1p36_to_common_1p33,0,finite Leroy table7 measured row; source blank edge rows excluded under frozen missing-value policy
NGC6946,blind,7,data/stationary/source_reconstruction/leroy2008_things_hi_profiles_v1.csv,2.1,kpc_source,1.96474576271,6.4,0.4,0.4,0.977941176471,6.25882352941,0.391176470588,0.391176470588,source_kpc_times_frozen_over_source_distance,source_includes_1p36_to_common_1p33,0,finite Leroy table7 measured row; source blank edge rows excluded under frozen missing-value policy
NGC6946,blind,8,data/stationary/source_reconstruction/leroy2008_things_hi_profiles_v1.csv,2.4,kpc_source,2.24542372881,6.9,0.4,0.4,0.977941176471,6.74779411765,0.391176470588,0.391176470588,source_kpc_times_frozen_over_source_distance,source_includes_1p36_to_common_1p33,0,finite Leroy table7 measured row; source blank edge rows excluded under frozen missing-value policy
NGC6946,blind,9,data/stationary/source_reconstruction/leroy2008_things_hi_profiles_v1.csv,2.7,kpc_source,2.52610169492,7.4,0.4,0.4,0.977941176471,7.23676470589,0.391176470588,0.391176470588,source_kpc_times_frozen_over_source_distance,source_includes_1p36_to_common_1p33,0,finite Leroy table7 measured row; source blank edge rows excluded under frozen missing-value policy
NGC6946,blind,10,data/stationary/source_reconstruction/leroy2008_things_hi_profiles_v1.csv,3,kpc_source,2.80677966102,7.8,0.4,0.4,0.977941176471,7.62794117647,0.391176470588,0.391176470588,source_kpc_times_frozen_over_source_distance,source_includes_1p36_to_common_1p33,0,finite Leroy table7 measured row; source blank edge rows excluded under frozen missing-value policy
NGC6946,blind,11,data/stationary/source_reconstruction/leroy2008_things_hi_profiles_v1.csv,3.3,kpc_source,3.08745762712,8.2,0.5,0.5,0.977941176471,8.01911764706,0.488970588235,0.488970588235,source_kpc_times_frozen_over_source_distance,source_includes_1p36_to_common_1p33,0,finite Leroy table7 measured row; source blank edge rows excluded under frozen missing-value policy
NGC6946,blind,12,data/stationary/source_reconstruction/leroy2008_things_hi_profiles_v1.csv,3.6,kpc_source,3.36813559322,8.7,0.6,0.6,0.977941176471,8.5080882353,0.586764705883,0.586764705883,source_kpc_times_frozen_over_source_distance,source_includes_1p36_to_common_1p33,0,finite Leroy table7 measured row; source blank edge rows excluded under frozen missing-value policy
NGC6946,blind,13,data/stationary/source_reconstruction/leroy2008_things_hi_profiles_v1.csv,3.9,kpc_source,3.64881355932,9.3,0.8,0.8,0.977941176471,9.09485294118,0.782352941177,0.782352941177,source_kpc_times_frozen_over_source_distance,source_includes_1p36_to_common_1p33,0,finite Leroy table7 measured row; source blank edge rows excluded under frozen missing-value policy
NGC6946,blind,14,data/stationary/source_reconstruction/leroy2008_things_hi_profiles_v1.csv,4.1,kpc_source,3.83593220339,9.5,1,1,0.977941176471,9.29044117647,0.977941176471,0.977941176471,source_kpc_times_frozen_over_source_distance,source_includes_1p36_to_common_1p33,0,finite Leroy table7 measured row; source blank edge rows excluded under frozen missing-value policy
NGC6946,blind,15,data/stationary/source_reconstruction/leroy2008_things_hi_profiles_v1.csv,4.4,kpc_source,4.11661016949,9.5,1.1,1.1,0.977941176471,9.29044117647,1.07573529412,1.07573529412,source_kpc_times_frozen_over_source_distance,source_includes_1p36_to_common_1p33,0,finite Leroy table7 measured row; source blank edge rows excluded under frozen missing-value policy
NGC6946,blind,16,data/stationary/source_reconstruction/leroy2008_things_hi_profiles_v1.csv,4.7,kpc_source,4.39728813559,9.6,1.1,1.1,0.977941176471,9.38823529412,1.07573529412,1.07573529412,source_kpc_times_frozen_over_source_distance,source_includes_1p36_to_common_1p33,0,finite Leroy table7 measured row; source blank edge rows excluded under frozen missing-value policy
NGC6946,blind,17,data/stationary/source_reconstruction/leroy2008_things_hi_profiles_v1.csv,5,kpc_source,4.6779661017,9.6,1.1,1.1,0.977941176471,9.38823529412,1.07573529412,1.07573529412,source_kpc_times_frozen_over_source_distance,source_includes_1p36_to_common_1p33,0,finite Leroy table7 measured row; source blank edge rows excluded under frozen missing-value policy
NGC6946,blind,18,data/stationary/source_reconstruction/leroy2008_things_hi_profiles_v1.csv,5.3,kpc_source,4.9586440678,9.5,1.1,1.1,0.977941176471,9.29044117647,1.07573529412,1.07573529412,source_kpc_times_frozen_over_source_distance,source_includes_1p36_to_common_1p33,0,finite Leroy table7 measured row; source blank edge rows excluded under frozen missing-value policy
NGC6946,blind,19,data/stationary/source_reconstruction/leroy2008_things_hi_profiles_v1.csv,5.6,kpc_source,5.2393220339,9.3,0.9,0.9,0.977941176471,9.09485294118,0.880147058824,0.880147058824,source_kpc_times_frozen_over_source_distance,source_includes_1p36_to_common_1p33,0,finite Leroy table7 measured row; source blank edge rows excluded under frozen missing-value policy
NGC6946,blind,20,data/stationary/source_reconstruction/leroy2008_things_hi_profiles_v1.csv,5.9,kpc_source,5.52,9.3,0.8,0.8,0.977941176471,9.09485294118,0.782352941177,0.782352941177,source_kpc_times_frozen_over_source_distance,source_includes_1p36_to_common_1p33,0,finite Leroy table7 measured row; source blank edge rows excluded under frozen missing-value policy
NGC6946,blind,21,data/stationary/source_reconstruction/leroy2008_things_hi_profiles_v1.csv,6.1,kpc_source,5.70711864407,9.3,0.8,0.8,0.977941176471,9.09485294118,0.782352941177,0.782352941177,source_kpc_times_frozen_over_source_distance,source_includes_1p36_to_common_1p33,0,finite Leroy table7 measured row; source blank edge rows excluded under frozen missing-value policy
NGC6946,blind,22,data/stationary/source_reconstruction/leroy2008_things_hi_profiles_v1.csv,6.4,kpc_source,5.98779661017,9.1,0.8,0.8,0.977941176471,8.89926470589,0.782352941177,0.782352941177,source_kpc_times_frozen_over_source_distance,source_includes_1p36_to_common_1p33,0,finite Leroy table7 measured row; source blank edge rows excluded under frozen missing-value policy
NGC6946,blind,23,data/stationary/source_reconstruction/leroy2008_things_hi_profiles_v1.csv,6.7,kpc_source,6.26847457627,8.8,0.8,0.8,0.977941176471,8.60588235294,0.782352941177,0.782352941177,source_kpc_times_frozen_over_source_distance,source_includes_1p36_to_common_1p33,0,finite Leroy table7 measured row; source blank edge rows excluded under frozen missing-value policy
NGC6946,blind,24,data/stationary/source_reconstruction/leroy2008_things_hi_profiles_v1.csv,7,kpc_source,6.54915254237,8.4,0.8,0.8,0.977941176471,8.21470588236,0.782352941177,0.782352941177,source_kpc_times_frozen_over_source_distance,source_includes_1p36_to_common_1p33,0,finite Leroy table7 measured row; source blank edge rows excluded under frozen missing-value policy
NGC6946,blind,25,data/stationary/source_reconstruction/leroy2008_things_hi_profiles_v1.csv,7.3,kpc_source,6.82983050847,8.1,0.9,0.9,0.977941176471,7.92132352942,0.880147058824,0.880147058824,source_kpc_times_frozen_over_source_distance,source_includes_1p36_to_common_1p33,0,finite Leroy table7 measured row; source blank edge rows excluded under frozen missing-value policy
NGC6946,blind,26,data/stationary/source_reconstruction/leroy2008_things_hi_profiles_v1.csv,7.6,kpc_source,7.11050847458,8,1,1,0.977941176471,7.82352941177,0.977941176471,0.977941176471,source_kpc_times_frozen_over_source_distance,source_includes_1p36_to_common_1p33,0,finite Leroy table7 measured row; source blank edge rows excluded under frozen missing-value policy
NGC6946,blind,27,data/stationary/source_reconstruction/leroy2008_things_hi_profiles_v1.csv,7.9,kpc_source,7.39118644068,8,1.1,1.1,0.977941176471,7.82352941177,1.07573529412,1.07573529412,source_kpc_times_frozen_over_source_distance,source_includes_1p36_to_common_1p33,0,finite Leroy table7 measured row; source blank edge rows excluded under frozen missing-value policy
NGC6946,blind,28,data/stationary/source_reconstruction/leroy2008_things_hi_profiles_v1.csv,8.2,kpc_source,7.67186440678,7.9,1,1,0.977941176471,7.72573529412,0.977941176471,0.977941176471,source_kpc_times_frozen_over_source_distance,source_includes_1p36_to_common_1p33,0,finite Leroy table7 measured row; source blank edge rows excluded under frozen missing-value policy
NGC6946,blind,29,data/stationary/source_reconstruction/leroy2008_things_hi_profiles_v1.csv,8.4,kpc_source,7.85898305085,7.4,0.9,0.9,0.977941176471,7.23676470589,0.880147058824,0.880147058824,source_kpc_times_frozen_over_source_distance,source_includes_1p36_to_common_1p33,0,finite Leroy table7 measured row; source blank edge rows excluded under frozen missing-value policy
NGC6946,blind,30,data/stationary/source_reconstruction/leroy2008_things_hi_profiles_v1.csv,8.7,kpc_source,8.13966101695,6.9,0.8,0.8,0.977941176471,6.74779411765,0.782352941177,0.782352941177,source_kpc_times_frozen_over_source_distance,source_includes_1p36_to_common_1p33,0,finite Leroy table7 measured row; source blank edge rows excluded under frozen missing-value policy
NGC6946,blind,31,data/stationary/source_reconstruction/leroy2008_things_hi_profiles_v1.csv,9,kpc_source,8.42033898305,6.3,0.7,0.7,0.977941176471,6.16102941177,0.68455882353,0.68455882353,source_kpc_times_frozen_over_source_distance,source_includes_1p36_to_common_1p33,0,finite Leroy table7 measured row; source blank edge rows excluded under frozen missing-value policy
NGC6946,blind,32,data/stationary/source_reconstruction/leroy2008_things_hi_profiles_v1.csv,9.3,kpc_source,8.70101694915,5.8,0.6,0.6,0.977941176471,5.67205882353,0.586764705883,0.586764705883,source_kpc_times_frozen_over_source_distance,source_includes_1p36_to_common_1p33,0,finite Leroy table7 measured row; source blank edge rows excluded under frozen missing-value policy
NGC6946,blind,33,data/stationary/source_reconstruction/leroy2008_things_hi_profiles_v1.csv,9.6,kpc_source,8.98169491525,5.3,0.6,0.6,0.977941176471,5.1830882353,0.586764705883,0.586764705883,source_kpc_times_frozen_over_source_distance,source_includes_1p36_to_common_1p33,0,finite Leroy table7 measured row; source blank edge rows excluded under frozen missing-value policy
NGC6946,blind,34,data/stationary/source_reconstruction/leroy2008_things_hi_profiles_v1.csv,9.9,kpc_source,9.26237288136,4.8,0.5,0.5,0.977941176471,4.69411764706,0.488970588235,0.488970588235,source_kpc_times_frozen_over_source_distance,source_includes_1p36_to_common_1p33,0,finite Leroy table7 measured row; source blank edge rows excluded under frozen missing-value policy
NGC6946,blind,35,data/stationary/source_reconstruction/leroy2008_things_hi_profiles_v1.csv,10.2,kpc_source,9.54305084746,4.5,0.5,0.5,0.977941176471,4.40073529412,0.488970588235,0.488970588235,source_kpc_times_frozen_over_source_distance,source_includes_1p36_to_common_1p33,0,finite Leroy table7 measured row; source blank edge rows excluded under frozen missing-value policy
NGC6946,blind,36,data/stationary/source_reconstruction/leroy2008_things_hi_profiles_v1.csv,10.4,kpc_source,9.73016949153,4.1,0.5,0.5,0.977941176471,4.00955882353,0.488970588235,0.488970588235,source_kpc_times_frozen_over_source_distance,source_includes_1p36_to_common_1p33,0,finite Leroy table7 measured row; source blank edge rows excluded under frozen missing-value policy
NGC6946,blind,37,data/stationary/source_reconstruction/leroy2008_things_hi_profiles_v1.csv,10.7,kpc_source,10.0108474576,3.9,0.5,0.5,0.977941176471,3.81397058824,0.488970588235,0.488970588235,source_kpc_times_frozen_over_source_distance,source_includes_1p36_to_common_1p33,0,finite Leroy table7 measured row; source blank edge rows excluded under frozen missing-value policy
NGC6946,blind,38,data/stationary/source_reconstruction/leroy2008_things_hi_profiles_v1.csv,11,kpc_source,10.2915254237,3.7,0.4,0.4,0.977941176471,3.61838235294,0.391176470588,0.391176470588,source_kpc_times_frozen_over_source_distance,source_includes_1p36_to_common_1p33,0,finite Leroy table7 measured row; source blank edge rows excluded under frozen missing-value policy
NGC6946,blind,39,data/stationary/source_reconstruction/leroy2008_things_hi_profiles_v1.csv,11.3,kpc_source,10.5722033898,3.6,0.4,0.4,0.977941176471,3.5205882353,0.391176470588,0.391176470588,source_kpc_times_frozen_over_source_distance,source_includes_1p36_to_common_1p33,0,finite Leroy table7 measured row; source blank edge rows excluded under frozen missing-value policy
NGC6946,blind,40,data/stationary/source_reconstruction/leroy2008_things_hi_profiles_v1.csv,11.6,kpc_source,10.8528813559,3.6,0.4,0.4,0.977941176471,3.5205882353,0.391176470588,0.391176470588,source_kpc_times_frozen_over_source_distance,source_includes_1p36_to_common_1p33,0,finite Leroy table7 measured row; source blank edge rows excluded under frozen missing-value policy
NGC7331,calibration,0,data/stationary/source_reconstruction/leroy2008_things_hi_profiles_v1.csv,0.4,kpc_source,0.4,3.6,1.3,1.3,0.977941176471,3.5205882353,1.27132352941,1.27132352941,source_kpc_times_frozen_over_source_distance,source_includes_1p36_to_common_1p33,0,finite Leroy table7 measured row; source blank edge rows excluded under frozen missing-value policy
NGC7331,calibration,1,data/stationary/source_reconstruction/leroy2008_things_hi_profiles_v1.csv,1.1,kpc_source,1.1,3.1,0.7,0.7,0.977941176471,3.03161764706,0.68455882353,0.68455882353,source_kpc_times_frozen_over_source_distance,source_includes_1p36_to_common_1p33,0,finite Leroy table7 measured row; source blank edge rows excluded under frozen missing-value policy
NGC7331,calibration,2,data/stationary/source_reconstruction/leroy2008_things_hi_profiles_v1.csv,1.8,kpc_source,1.8,3.3,0.6,0.6,0.977941176471,3.22720588235,0.586764705883,0.586764705883,source_kpc_times_frozen_over_source_distance,source_includes_1p36_to_common_1p33,0,finite Leroy table7 measured row; source blank edge rows excluded under frozen missing-value policy
NGC7331,calibration,3,data/stationary/source_reconstruction/leroy2008_things_hi_profiles_v1.csv,2.5,kpc_source,2.5,4.5,0.8,0.8,0.977941176471,4.40073529412,0.782352941177,0.782352941177,source_kpc_times_frozen_over_source_distance,source_includes_1p36_to_common_1p33,0,finite Leroy table7 measured row; source blank edge rows excluded under frozen missing-value policy
NGC7331,calibration,4,data/stationary/source_reconstruction/leroy2008_things_hi_profiles_v1.csv,3.2,kpc_source,3.2,5.6,0.8,0.8,0.977941176471,5.47647058824,0.782352941177,0.782352941177,source_kpc_times_frozen_over_source_distance,source_includes_1p36_to_common_1p33,0,finite Leroy table7 measured row; source blank edge rows excluded under frozen missing-value policy
NGC7331,calibration,5,data/stationary/source_reconstruction/leroy2008_things_hi_profiles_v1.csv,3.9,kpc_source,3.9,5.9,0.5,0.5,0.977941176471,5.76985294118,0.488970588235,0.488970588235,source_kpc_times_frozen_over_source_distance,source_includes_1p36_to_common_1p33,0,finite Leroy table7 measured row; source blank edge rows excluded under frozen missing-value policy
NGC7331,calibration,6,data/stationary/source_reconstruction/leroy2008_things_hi_profiles_v1.csv,4.6,kpc_source,4.6,6.5,0.4,0.4,0.977941176471,6.35661764706,0.391176470588,0.391176470588,source_kpc_times_frozen_over_source_distance,source_includes_1p36_to_common_1p33,0,finite Leroy table7 measured row; source blank edge rows excluded under frozen missing-value policy
NGC7331,calibration,7,data/stationary/source_reconstruction/leroy2008_things_hi_profiles_v1.csv,5.3,kpc_source,5.3,6.5,0.3,0.3,0.977941176471,6.35661764706,0.293382352941,0.293382352941,source_kpc_times_frozen_over_source_distance,source_includes_1p36_to_common_1p33,0,finite Leroy table7 measured row; source blank edge rows excluded under frozen missing-value policy
NGC7331,calibration,8,data/stationary/source_reconstruction/leroy2008_things_hi_profiles_v1.csv,6.1,kpc_source,6.1,6.6,0.5,0.5,0.977941176471,6.45441176471,0.488970588235,0.488970588235,source_kpc_times_frozen_over_source_distance,source_includes_1p36_to_common_1p33,0,finite Leroy table7 measured row; source blank edge rows excluded under frozen missing-value policy
NGC7331,calibration,9,data/stationary/source_reconstruction/leroy2008_things_hi_profiles_v1.csv,6.8,kpc_source,6.8,7.3,0.6,0.6,0.977941176471,7.13897058824,0.586764705883,0.586764705883,source_kpc_times_frozen_over_source_distance,source_includes_1p36_to_common_1p33,0,finite Leroy table7 measured row; source blank edge rows excluded under frozen missing-value policy
NGC7331,calibration,10,data/stationary/source_reconstruction/leroy2008_things_hi_profiles_v1.csv,7.5,kpc_source,7.5,8.1,0.7,0.7,0.977941176471,7.92132352942,0.68455882353,0.68455882353,source_kpc_times_frozen_over_source_distance,source_includes_1p36_to_common_1p33,0,finite Leroy table7 measured row; source blank edge rows excluded under frozen missing-value policy
NGC7331,calibration,11,data/stationary/source_reconstruction/leroy2008_things_hi_profiles_v1.csv,8.2,kpc_source,8.2,8.5,0.5,0.5,0.977941176471,8.3125,0.488970588235,0.488970588235,source_kpc_times_frozen_over_source_distance,source_includes_1p36_to_common_1p33,0,finite Leroy table7 measured row; source blank edge rows excluded under frozen missing-value policy
NGC7331,calibration,12,data/stationary/source_reconstruction/leroy2008_things_hi_profiles_v1.csv,8.9,kpc_source,8.9,8.2,0.6,0.6,0.977941176471,8.01911764706,0.586764705883,0.586764705883,source_kpc_times_frozen_over_source_distance,source_includes_1p36_to_common_1p33,0,finite Leroy table7 measured row; source blank edge rows excluded under frozen missing-value policy
NGC7331,calibration,13,data/stationary/source_reconstruction/leroy2008_things_hi_profiles_v1.csv,9.6,kpc_source,9.6,8.3,0.7,0.7,0.977941176471,8.11691176471,0.68455882353,0.68455882353,source_kpc_times_frozen_over_source_distance,source_includes_1p36_to_common_1p33,0,finite Leroy table7 measured row; source blank edge rows excluded under frozen missing-value policy
NGC7331,calibration,14,data/stationary/source_reconstruction/leroy2008_things_hi_profiles_v1.csv,10.3,kpc_source,10.3,8.8,0.7,0.7,0.977941176471,8.60588235294,0.68455882353,0.68455882353,source_kpc_times_frozen_over_source_distance,source_includes_1p36_to_common_1p33,0,finite Leroy table7 measured row; source blank edge rows excluded under frozen missing-value policy
NGC7331,calibration,15,data/stationary/source_reconstruction/leroy2008_things_hi_profiles_v1.csv,11,kpc_source,11,8.6,0.6,0.6,0.977941176471,8.41029411765,0.586764705883,0.586764705883,source_kpc_times_frozen_over_source_distance,source_includes_1p36_to_common_1p33,0,finite Leroy table7 measured row; source blank edge rows excluded under frozen missing-value policy
NGC7331,calibration,16,data/stationary/source_reconstruction/leroy2008_things_hi_profiles_v1.csv,11.8,kpc_source,11.8,8.1,0.6,0.6,0.977941176471,7.92132352942,0.586764705883,0.586764705883,source_kpc_times_frozen_over_source_distance,source_includes_1p36_to_common_1p33,0,finite Leroy table7 measured row; source blank edge rows excluded under frozen missing-value policy
NGC7331,calibration,17,data/stationary/source_reconstruction/leroy2008_things_hi_profiles_v1.csv,12.5,kpc_source,12.5,7.4,0.6,0.6,0.977941176471,7.23676470589,0.586764705883,0.586764705883,source_kpc_times_frozen_over_source_distance,source_includes_1p36_to_common_1p33,0,finite Leroy table7 measured row; source blank edge rows excluded under frozen missing-value policy
NGC7331,calibration,18,data/stationary/source_reconstruction/leroy2008_things_hi_profiles_v1.csv,13.2,kpc_source,13.2,6.9,0.5,0.5,0.977941176471,6.74779411765,0.488970588235,0.488970588235,source_kpc_times_frozen_over_source_distance,source_includes_1p36_to_common_1p33,0,finite Leroy table7 measured row; source blank edge rows excluded under frozen missing-value policy
NGC7331,calibration,19,data/stationary/source_reconstruction/leroy2008_things_hi_profiles_v1.csv,13.9,kpc_source,13.9,7.2,0.5,0.5,0.977941176471,7.04117647059,0.488970588235,0.488970588235,source_kpc_times_frozen_over_source_distance,source_includes_1p36_to_common_1p33,0,finite Leroy table7 measured row; source blank edge rows excluded under frozen missing-value policy
NGC7331,calibration,20,data/stationary/source_reconstruction/leroy2008_things_hi_profiles_v1.csv,14.6,kpc_source,14.6,7.1,0.4,0.4,0.977941176471,6.94338235294,0.391176470588,0.391176470588,source_kpc_times_frozen_over_source_distance,source_includes_1p36_to_common_1p33,0,finite Leroy table7 measured row; source blank edge rows excluded under frozen missing-value policy
NGC7331,calibration,21,data/stationary/source_reconstruction/leroy2008_things_hi_profiles_v1.csv,15.3,kpc_source,15.3,7.1,0.4,0.4,0.977941176471,6.94338235294,0.391176470588,0.391176470588,source_kpc_times_frozen_over_source_distance,source_includes_1p36_to_common_1p33,0,finite Leroy table7 measured row; source blank edge rows excluded under frozen missing-value policy
NGC7331,calibration,22,data/stationary/source_reconstruction/leroy2008_things_hi_profiles_v1.csv,16,kpc_source,16,7.2,0.5,0.5,0.977941176471,7.04117647059,0.488970588235,0.488970588235,source_kpc_times_frozen_over_source_distance,source_includes_1p36_to_common_1p33,0,finite Leroy table7 measured row; source blank edge rows excluded under frozen missing-value policy
NGC7331,calibration,23,data/stationary/source_reconstruction/leroy2008_things_hi_profiles_v1.csv,16.7,kpc_source,16.7,7.3,0.6,0.6,0.977941176471,7.13897058824,0.586764705883,0.586764705883,source_kpc_times_frozen_over_source_distance,source_includes_1p36_to_common_1p33,0,finite Leroy table7 measured row; source blank edge rows excluded under frozen missing-value policy
NGC7331,calibration,24,data/stationary/source_reconstruction/leroy2008_things_hi_profiles_v1.csv,17.5,kpc_source,17.5,6.9,0.6,0.6,0.977941176471,6.74779411765,0.586764705883,0.586764705883,source_kpc_times_frozen_over_source_distance,source_includes_1p36_to_common_1p33,0,finite Leroy table7 measured row; source blank edge rows excluded under frozen missing-value policy
NGC7331,calibration,25,data/stationary/source_reconstruction/leroy2008_things_hi_profiles_v1.csv,18.2,kpc_source,18.2,6.5,0.6,0.6,0.977941176471,6.35661764706,0.586764705883,0.586764705883,source_kpc_times_frozen_over_source_distance,source_includes_1p36_to_common_1p33,0,finite Leroy table7 measured row; source blank edge rows excluded under frozen missing-value policy
NGC7331,calibration,26,data/stationary/source_reconstruction/leroy2008_things_hi_profiles_v1.csv,18.9,kpc_source,18.9,6.4,0.7,0.7,0.977941176471,6.25882352941,0.68455882353,0.68455882353,source_kpc_times_frozen_over_source_distance,source_includes_1p36_to_common_1p33,0,finite Leroy table7 measured row; source blank edge rows excluded under frozen missing-value policy
NGC7331,calibration,27,data/stationary/source_reconstruction/leroy2008_things_hi_profiles_v1.csv,19.6,kpc_source,19.6,6.1,0.7,0.7,0.977941176471,5.96544117647,0.68455882353,0.68455882353,source_kpc_times_frozen_over_source_distance,source_includes_1p36_to_common_1p33,0,finite Leroy table7 measured row; source blank edge rows excluded under frozen missing-value policy
NGC7331,calibration,28,data/stationary/source_reconstruction/leroy2008_things_hi_profiles_v1.csv,20.3,kpc_source,20.3,5.5,0.7,0.7,0.977941176471,5.37867647059,0.68455882353,0.68455882353,source_kpc_times_frozen_over_source_distance,source_includes_1p36_to_common_1p33,0,finite Leroy table7 measured row; source blank edge rows excluded under frozen missing-value policy
NGC7331,calibration,29,data/stationary/source_reconstruction/leroy2008_things_hi_profiles_v1.csv,21,kpc_source,21,4.5,0.6,0.6,0.977941176471,4.40073529412,0.586764705883,0.586764705883,source_kpc_times_frozen_over_source_distance,source_includes_1p36_to_common_1p33,0,finite Leroy table7 measured row; source blank edge rows excluded under frozen missing-value policy
NGC7331,calibration,30,data/stationary/source_reconstruction/leroy2008_things_hi_profiles_v1.csv,21.7,kpc_source,21.7,3.6,0.5,0.5,0.977941176471,3.5205882353,0.488970588235,0.488970588235,source_kpc_times_frozen_over_source_distance,source_includes_1p36_to_common_1p33,0,finite Leroy table7 measured row; source blank edge rows excluded under frozen missing-value policy
NGC7331,calibration,31,data/stationary/source_reconstruction/leroy2008_things_hi_profiles_v1.csv,22.4,kpc_source,22.4,3.1,0.4,0.4,0.977941176471,3.03161764706,0.391176470588,0.391176470588,source_kpc_times_frozen_over_source_distance,source_includes_1p36_to_common_1p33,0,finite Leroy table7 measured row; source blank edge rows excluded under frozen missing-value policy
NGC7331,calibration,32,data/stationary/source_reconstruction/leroy2008_things_hi_profiles_v1.csv,23.2,kpc_source,23.2,2.7,0.3,0.3,0.977941176471,2.64044117647,0.293382352941,0.293382352941,source_kpc_times_frozen_over_source_distance,source_includes_1p36_to_common_1p33,0,finite Leroy table7 measured row; source blank edge rows excluded under frozen missing-value policy
NGC7793,blind,0,data/stationary/source_reconstruction/leroy2008_things_hi_profiles_v1.csv,0.1,kpc_source,0.0925641025641,8.8,0.4,0.4,0.977941176471,8.60588235294,0.391176470588,0.391176470588,source_kpc_times_frozen_over_source_distance,source_includes_1p36_to_common_1p33,0,finite Leroy table7 measured row; source blank edge rows excluded under frozen missing-value policy
NGC7793,blind,1,data/stationary/source_reconstruction/leroy2008_things_hi_profiles_v1.csv,0.3,kpc_source,0.277692307692,8.7,0.4,0.4,0.977941176471,8.5080882353,0.391176470588,0.391176470588,source_kpc_times_frozen_over_source_distance,source_includes_1p36_to_common_1p33,0,finite Leroy table7 measured row; source blank edge rows excluded under frozen missing-value policy
NGC7793,blind,2,data/stationary/source_reconstruction/leroy2008_things_hi_profiles_v1.csv,0.5,kpc_source,0.462820512821,8.6,0.6,0.6,0.977941176471,8.41029411765,0.586764705883,0.586764705883,source_kpc_times_frozen_over_source_distance,source_includes_1p36_to_common_1p33,0,finite Leroy table7 measured row; source blank edge rows excluded under frozen missing-value policy
NGC7793,blind,3,data/stationary/source_reconstruction/leroy2008_things_hi_profiles_v1.csv,0.7,kpc_source,0.647948717949,8.5,0.6,0.6,0.977941176471,8.3125,0.586764705883,0.586764705883,source_kpc_times_frozen_over_source_distance,source_includes_1p36_to_common_1p33,0,finite Leroy table7 measured row; source blank edge rows excluded under frozen missing-value policy
NGC7793,blind,4,data/stationary/source_reconstruction/leroy2008_things_hi_profiles_v1.csv,0.9,kpc_source,0.833076923077,8.8,0.7,0.7,0.977941176471,8.60588235294,0.68455882353,0.68455882353,source_kpc_times_frozen_over_source_distance,source_includes_1p36_to_common_1p33,0,finite Leroy table7 measured row; source blank edge rows excluded under frozen missing-value policy
NGC7793,blind,5,data/stationary/source_reconstruction/leroy2008_things_hi_profiles_v1.csv,1,kpc_source,0.925641025641,9.3,0.5,0.5,0.977941176471,9.09485294118,0.488970588235,0.488970588235,source_kpc_times_frozen_over_source_distance,source_includes_1p36_to_common_1p33,0,finite Leroy table7 measured row; source blank edge rows excluded under frozen missing-value policy
NGC7793,blind,6,data/stationary/source_reconstruction/leroy2008_things_hi_profiles_v1.csv,1.2,kpc_source,1.11076923077,9.8,0.7,0.7,0.977941176471,9.58382352942,0.68455882353,0.68455882353,source_kpc_times_frozen_over_source_distance,source_includes_1p36_to_common_1p33,0,finite Leroy table7 measured row; source blank edge rows excluded under frozen missing-value policy
NGC7793,blind,7,data/stationary/source_reconstruction/leroy2008_things_hi_profiles_v1.csv,1.4,kpc_source,1.2958974359,10.6,0.8,0.8,0.977941176471,10.3661764706,0.782352941177,0.782352941177,source_kpc_times_frozen_over_source_distance,source_includes_1p36_to_common_1p33,0,finite Leroy table7 measured row; source blank edge rows excluded under frozen missing-value policy
NGC7793,blind,8,data/stationary/source_reconstruction/leroy2008_things_hi_profiles_v1.csv,1.6,kpc_source,1.48102564103,11.2,0.9,0.9,0.977941176471,10.9529411765,0.880147058824,0.880147058824,source_kpc_times_frozen_over_source_distance,source_includes_1p36_to_common_1p33,0,finite Leroy table7 measured row; source blank edge rows excluded under frozen missing-value policy
NGC7793,blind,9,data/stationary/source_reconstruction/leroy2008_things_hi_profiles_v1.csv,1.8,kpc_source,1.66615384615,11.3,1,1,0.977941176471,11.0507352941,0.977941176471,0.977941176471,source_kpc_times_frozen_over_source_distance,source_includes_1p36_to_common_1p33,0,finite Leroy table7 measured row; source blank edge rows excluded under frozen missing-value policy
NGC7793,blind,10,data/stationary/source_reconstruction/leroy2008_things_hi_profiles_v1.csv,2,kpc_source,1.85128205128,11.3,1.1,1.1,0.977941176471,11.0507352941,1.07573529412,1.07573529412,source_kpc_times_frozen_over_source_distance,source_includes_1p36_to_common_1p33,0,finite Leroy table7 measured row; source blank edge rows excluded under frozen missing-value policy
NGC7793,blind,11,data/stationary/source_reconstruction/leroy2008_things_hi_profiles_v1.csv,2.2,kpc_source,2.03641025641,11.2,1,1,0.977941176471,10.9529411765,0.977941176471,0.977941176471,source_kpc_times_frozen_over_source_distance,source_includes_1p36_to_common_1p33,0,finite Leroy table7 measured row; source blank edge rows excluded under frozen missing-value policy
NGC7793,blind,12,data/stationary/source_reconstruction/leroy2008_things_hi_profiles_v1.csv,2.4,kpc_source,2.22153846154,10.8,0.9,0.9,0.977941176471,10.5617647059,0.880147058824,0.880147058824,source_kpc_times_frozen_over_source_distance,source_includes_1p36_to_common_1p33,0,finite Leroy table7 measured row; source blank edge rows excluded under frozen missing-value policy
NGC7793,blind,13,data/stationary/source_reconstruction/leroy2008_things_hi_profiles_v1.csv,2.6,kpc_source,2.40666666667,10.5,0.8,0.8,0.977941176471,10.2683823529,0.782352941177,0.782352941177,source_kpc_times_frozen_over_source_distance,source_includes_1p36_to_common_1p33,0,finite Leroy table7 measured row; source blank edge rows excluded under frozen missing-value policy
NGC7793,blind,14,data/stationary/source_reconstruction/leroy2008_things_hi_profiles_v1.csv,2.7,kpc_source,2.49923076923,10.7,0.9,0.9,0.977941176471,10.4639705882,0.880147058824,0.880147058824,source_kpc_times_frozen_over_source_distance,source_includes_1p36_to_common_1p33,0,finite Leroy table7 measured row; source blank edge rows excluded under frozen missing-value policy
NGC7793,blind,15,data/stationary/source_reconstruction/leroy2008_things_hi_profiles_v1.csv,2.9,kpc_source,2.68435897436,11.3,1,1,0.977941176471,11.0507352941,0.977941176471,0.977941176471,source_kpc_times_frozen_over_source_distance,source_includes_1p36_to_common_1p33,0,finite Leroy table7 measured row; source blank edge rows excluded under frozen missing-value policy
NGC7793,blind,16,data/stationary/source_reconstruction/leroy2008_things_hi_profiles_v1.csv,3.1,kpc_source,2.86948717949,11.4,0.9,0.9,0.977941176471,11.1485294118,0.880147058824,0.880147058824,source_kpc_times_frozen_over_source_distance,source_includes_1p36_to_common_1p33,0,finite Leroy table7 measured row; source blank edge rows excluded under frozen missing-value policy
NGC7793,blind,17,data/stationary/source_reconstruction/leroy2008_things_hi_profiles_v1.csv,3.3,kpc_source,3.05461538462,10.9,0.8,0.8,0.977941176471,10.6595588235,0.782352941177,0.782352941177,source_kpc_times_frozen_over_source_distance,source_includes_1p36_to_common_1p33,0,finite Leroy table7 measured row; source blank edge rows excluded under frozen missing-value policy
NGC7793,blind,18,data/stationary/source_reconstruction/leroy2008_things_hi_profiles_v1.csv,3.5,kpc_source,3.23974358974,10,0.9,0.9,0.977941176471,9.77941176471,0.880147058824,0.880147058824,source_kpc_times_frozen_over_source_distance,source_includes_1p36_to_common_1p33,0,finite Leroy table7 measured row; source blank edge rows excluded under frozen missing-value policy
NGC7793,blind,19,data/stationary/source_reconstruction/leroy2008_things_hi_profiles_v1.csv,3.7,kpc_source,3.42487179487,9.3,0.9,0.9,0.977941176471,9.09485294118,0.880147058824,0.880147058824,source_kpc_times_frozen_over_source_distance,source_includes_1p36_to_common_1p33,0,finite Leroy table7 measured row; source blank edge rows excluded under frozen missing-value policy
NGC7793,blind,20,data/stationary/source_reconstruction/leroy2008_things_hi_profiles_v1.csv,3.9,kpc_source,3.61,8.9,0.9,0.9,0.977941176471,8.70367647059,0.880147058824,0.880147058824,source_kpc_times_frozen_over_source_distance,source_includes_1p36_to_common_1p33,0,finite Leroy table7 measured row; source blank edge rows excluded under frozen missing-value policy
NGC7793,blind,21,data/stationary/source_reconstruction/leroy2008_things_hi_profiles_v1.csv,4.1,kpc_source,3.79512820513,8.4,0.8,0.8,0.977941176471,8.21470588236,0.782352941177,0.782352941177,source_kpc_times_frozen_over_source_distance,source_includes_1p36_to_common_1p33,0,finite Leroy table7 measured row; source blank edge rows excluded under frozen missing-value policy
NGC7793,blind,22,data/stationary/source_reconstruction/leroy2008_things_hi_profiles_v1.csv,4.3,kpc_source,3.98025641026,8,0.7,0.7,0.977941176471,7.82352941177,0.68455882353,0.68455882353,source_kpc_times_frozen_over_source_distance,source_includes_1p36_to_common_1p33,0,finite Leroy table7 measured row; source blank edge rows excluded under frozen missing-value policy
NGC7793,blind,23,data/stationary/source_reconstruction/leroy2008_things_hi_profiles_v1.csv,4.4,kpc_source,4.07282051282,7.6,0.6,0.6,0.977941176471,7.43235294118,0.586764705883,0.586764705883,source_kpc_times_frozen_over_source_distance,source_includes_1p36_to_common_1p33,0,finite Leroy table7 measured row; source blank edge rows excluded under frozen missing-value policy
NGC7793,blind,24,data/stationary/source_reconstruction/leroy2008_things_hi_profiles_v1.csv,4.6,kpc_source,4.25794871795,7.1,0.7,0.7,0.977941176471,6.94338235294,0.68455882353,0.68455882353,source_kpc_times_frozen_over_source_distance,source_includes_1p36_to_common_1p33,0,finite Leroy table7 measured row; source blank edge rows excluded under frozen missing-value policy
NGC7793,blind,25,data/stationary/source_reconstruction/leroy2008_things_hi_profiles_v1.csv,4.8,kpc_source,4.44307692308,6.5,0.7,0.7,0.977941176471,6.35661764706,0.68455882353,0.68455882353,source_kpc_times_frozen_over_source_distance,source_includes_1p36_to_common_1p33,0,finite Leroy table7 measured row; source blank edge rows excluded under frozen missing-value policy
NGC7793,blind,26,data/stationary/source_reconstruction/leroy2008_things_hi_profiles_v1.csv,5,kpc_source,4.6282051282,5.9,0.7,0.7,0.977941176471,5.76985294118,0.68455882353,0.68455882353,source_kpc_times_frozen_over_source_distance,source_includes_1p36_to_common_1p33,0,finite Leroy table7 measured row; source blank edge rows excluded under frozen missing-value policy
NGC7793,blind,27,data/stationary/source_reconstruction/leroy2008_things_hi_profiles_v1.csv,5.2,kpc_source,4.81333333333,5.6,0.6,0.6,0.977941176471,5.47647058824,0.586764705883,0.586764705883,source_kpc_times_frozen_over_source_distance,source_includes_1p36_to_common_1p33,0,finite Leroy table7 measured row; source blank edge rows excluded under frozen missing-value policy
NGC7793,blind,28,data/stationary/source_reconstruction/leroy2008_things_hi_profiles_v1.csv,5.4,kpc_source,4.99846153846,5.5,0.6,0.6,0.977941176471,5.37867647059,0.586764705883,0.586764705883,source_kpc_times_frozen_over_source_distance,source_includes_1p36_to_common_1p33,0,finite Leroy table7 measured row; source blank edge rows excluded under frozen missing-value policy
NGC7793,blind,29,data/stationary/source_reconstruction/leroy2008_things_hi_profiles_v1.csv,5.6,kpc_source,5.18358974359,5.3,0.5,0.5,0.977941176471,5.1830882353,0.488970588235,0.488970588235,source_kpc_times_frozen_over_source_distance,source_includes_1p36_to_common_1p33,0,finite Leroy table7 measured row; source blank edge rows excluded under frozen missing-value policy
NGC7793,blind,30,data/stationary/source_reconstruction/leroy2008_things_hi_profiles_v1.csv,5.8,kpc_source,5.36871794872,5,0.5,0.5,0.977941176471,4.88970588235,0.488970588235,0.488970588235,source_kpc_times_frozen_over_source_distance,source_includes_1p36_to_common_1p33,0,finite Leroy table7 measured row; source blank edge rows excluded under frozen missing-value policy
NGC7793,blind,31,data/stationary/source_reconstruction/leroy2008_things_hi_profiles_v1.csv,6,kpc_source,5.55384615385,4.6,0.5,0.5,0.977941176471,4.49852941177,0.488970588235,0.488970588235,source_kpc_times_frozen_over_source_distance,source_includes_1p36_to_common_1p33,0,finite Leroy table7 measured row; source blank edge rows excluded under frozen missing-value policy
NGC7793,blind,32,data/stationary/source_reconstruction/leroy2008_things_hi_profiles_v1.csv,6.1,kpc_source,5.64641025641,4.2,0.5,0.5,0.977941176471,4.10735294118,0.488970588235,0.488970588235,source_kpc_times_frozen_over_source_distance,source_includes_1p36_to_common_1p33,0,finite Leroy table7 measured row; source blank edge rows excluded under frozen missing-value policy
NGC7793,blind,33,data/stationary/source_reconstruction/leroy2008_things_hi_profiles_v1.csv,6.3,kpc_source,5.83153846154,3.7,0.5,0.5,0.977941176471,3.61838235294,0.488970588235,0.488970588235,source_kpc_times_frozen_over_source_distance,source_includes_1p36_to_common_1p33,0,finite Leroy table7 measured row; source blank edge rows excluded under frozen missing-value policy
NGC7793,blind,34,data/stationary/source_reconstruction/leroy2008_things_hi_profiles_v1.csv,6.5,kpc_source,6.01666666667,3.2,0.4,0.4,0.977941176471,3.12941176471,0.391176470588,0.391176470588,source_kpc_times_frozen_over_source_distance,source_includes_1p36_to_common_1p33,0,finite Leroy table7 measured row; source blank edge rows excluded under frozen missing-value policy
NGC7793,blind,35,data/stationary/source_reconstruction/leroy2008_things_hi_profiles_v1.csv,6.7,kpc_source,6.20179487179,2.8,0.3,0.3,0.977941176471,2.73823529412,0.293382352941,0.293382352941,source_kpc_times_frozen_over_source_distance,source_includes_1p36_to_common_1p33,0,finite Leroy table7 measured row; source blank edge rows excluded under frozen missing-value policy
NGC7793,blind,36,data/stationary/source_reconstruction/leroy2008_things_hi_profiles_v1.csv,6.9,kpc_source,6.38692307692,2.5,0.3,0.3,0.977941176471,2.44485294118,0.293382352941,0.293382352941,source_kpc_times_frozen_over_source_distance,source_includes_1p36_to_common_1p33,0,finite Leroy table7 measured row; source blank edge rows excluded under frozen missing-value policy
NGC7793,blind,37,data/stationary/source_reconstruction/leroy2008_things_hi_profiles_v1.csv,7.1,kpc_source,6.57205128205,2.2,0.2,0.2,0.977941176471,2.15147058824,0.195588235294,0.195588235294,source_kpc_times_frozen_over_source_distance,source_includes_1p36_to_common_1p33,0,finite Leroy table7 measured row; source blank edge rows excluded under frozen missing-value policy
UGC04483,calibration,0,data/stationary/source_reconstruction/lelli2012b_ugc4483_hi_profile_v1.csv,5.0023176,arcsec,0.0810014131251,10.2274204,,,1.33,13.602469132,,,angular_radius_times_frozen_distance,raw_HI_to_common_1p33,0,
UGC04483,calibration,1,data/stationary/source_reconstruction/lelli2012b_ugc4483_hi_profile_v1.csv,15.0143691,arcsec,0.243124329867,10.2469136,,,1.33,13.628395088,,,angular_radius_times_frozen_distance,raw_HI_to_common_1p33,0,
UGC04483,calibration,2,data/stationary/source_reconstruction/lelli2012b_ugc4483_hi_profile_v1.csv,25.0264207,arcsec,0.405247248228,8.70695257,,,1.33,11.5802469181,,,angular_radius_times_frozen_distance,raw_HI_to_common_1p33,0,
UGC04483,calibration,3,data/stationary/source_reconstruction/lelli2012b_ugc4483_hi_profile_v1.csv,35.0384722,arcsec,0.56737016497,6.41975309,,,1.33,8.5382716097,,,angular_radius_times_frozen_distance,raw_HI_to_common_1p33,0,
UGC04483,calibration,4,data/stationary/source_reconstruction/lelli2012b_ugc4483_hi_profile_v1.csv,45.0319829,arcsec,0.729192854674,4.5711501,,,1.33,6.079629633,,,angular_radius_times_frozen_distance,raw_HI_to_common_1p33,0,
UGC04483,calibration,5,data/stationary/source_reconstruction/lelli2012b_ugc4483_hi_profile_v1.csv,55.0440345,arcsec,0.891315773035,3.43079922,,,1.33,4.5629629626,,,angular_radius_times_frozen_distance,raw_HI_to_common_1p33,0,
UGC04483,calibration,6,data/stationary/source_reconstruction/lelli2012b_ugc4483_hi_profile_v1.csv,65.056086,arcsec,1.05343868978,2.57309942,,,1.33,3.4222222286,,,angular_radius_times_frozen_distance,raw_HI_to_common_1p33,0,
UGC04483,calibration,7,data/stationary/source_reconstruction/lelli2012b_ugc4483_hi_profile_v1.csv,75.0681376,arcsec,1.21556160814,1.79337232,,,1.33,2.3851851856,,,angular_radius_times_frozen_distance,raw_HI_to_common_1p33,0,
UGC04483,calibration,8,data/stationary/source_reconstruction/lelli2012b_ugc4483_hi_profile_v1.csv,85.0801891,arcsec,1.37768452488,1.14035088,,,1.33,1.5166666704,,,angular_radius_times_frozen_distance,raw_HI_to_common_1p33,0,
UGC04483,calibration,9,data/stationary/source_reconstruction/lelli2012b_ugc4483_hi_profile_v1.csv,95.0922407,arcsec,1.53980744324,0.776478233,,,1.33,1.03271604989,,,angular_radius_times_frozen_distance,raw_HI_to_common_1p33,0,
UGC05918,calibration,0,data/stationary/source_reconstruction/iorio2017_ddo87_ddo126_hi_profiles_v1.csv,12,arcsec,0.445640735676,2.64,0.54,0.54,1.33,3.5112,0.7182,0.7182,angular_radius_times_frozen_distance,raw_HI_to_common_1p33,0,
UGC05918,calibration,1,data/stationary/source_reconstruction/iorio2017_ddo87_ddo126_hi_profiles_v1.csv,24,arcsec,0.891281471352,2.66,0.76,0.76,1.33,3.5378,1.0108,1.0108,angular_radius_times_frozen_distance,raw_HI_to_common_1p33,0,
UGC05918,calibration,2,data/stationary/source_reconstruction/iorio2017_ddo87_ddo126_hi_profiles_v1.csv,36,arcsec,1.33692220703,2.44,0.81,0.81,1.33,3.2452,1.0773,1.0773,angular_radius_times_frozen_distance,raw_HI_to_common_1p33,0,
UGC05918,calibration,3,data/stationary/source_reconstruction/iorio2017_ddo87_ddo126_hi_profiles_v1.csv,48,arcsec,1.7825629427,2.79,1.36,1.36,1.33,3.7107,1.8088,1.8088,angular_radius_times_frozen_distance,raw_HI_to_common_1p33,0,
UGC05918,calibration,4,data/stationary/source_reconstruction/iorio2017_ddo87_ddo126_hi_profiles_v1.csv,60,arcsec,2.22820367838,2.56,1.06,1.06,1.33,3.4048,1.4098,1.4098,angular_radius_times_frozen_distance,raw_HI_to_common_1p33,0,
UGC05918,calibration,5,data/stationary/source_reconstruction/iorio2017_ddo87_ddo126_hi_profiles_v1.csv,72,arcsec,2.67384441406,1.92,0.88,0.88,1.33,2.5536,1.1704,1.1704,angular_radius_times_frozen_distance,raw_HI_to_common_1p33,0,
UGC05918,calibration,6,data/stationary/source_reconstruction/iorio2017_ddo87_ddo126_hi_profiles_v1.csv,84,arcsec,3.11948514973,1.6,0.88,0.88,1.33,2.128,1.1704,1.1704,angular_radius_times_frozen_distance,raw_HI_to_common_1p33,0,
UGC05918,calibration,7,data/stationary/source_reconstruction/iorio2017_ddo87_ddo126_hi_profiles_v1.csv,96,arcsec,3.56512588541,1.68,0.87,0.87,1.33,2.2344,1.1571,1.1571,angular_radius_times_frozen_distance,raw_HI_to_common_1p33,0,
UGC05918,calibration,8,data/stationary/source_reconstruction/iorio2017_ddo87_ddo126_hi_profiles_v1.csv,108,arcsec,4.01076662108,1.89,0.73,0.73,1.33,2.5137,0.9709,0.9709,angular_radius_times_frozen_distance,raw_HI_to_common_1p33,0,
UGC05918,calibration,9,data/stationary/source_reconstruction/iorio2017_ddo87_ddo126_hi_profiles_v1.csv,120,arcsec,4.45640735676,1.75,0.51,0.51,1.33,2.3275,0.6783,0.6783,angular_radius_times_frozen_distance,raw_HI_to_common_1p33,0,
UGC05918,calibration,10,data/stationary/source_reconstruction/iorio2017_ddo87_ddo126_hi_profiles_v1.csv,132,arcsec,4.90204809243,1.37,0.47,0.47,1.33,1.8221,0.6251,0.6251,angular_radius_times_frozen_distance,raw_HI_to_common_1p33,0,
UGC05918,calibration,11,data/stationary/source_reconstruction/iorio2017_ddo87_ddo126_hi_profiles_v1.csv,144,arcsec,5.34768882811,0.97,0.48,0.48,1.33,1.2901,0.6384,0.6384,angular_radius_times_frozen_distance,raw_HI_to_common_1p33,0,
UGC07559,calibration,0,data/stationary/source_reconstruction/iorio2017_ddo87_ddo126_hi_profiles_v1.csv,20,arcsec,0.481904799023,5.06,1.01,1.01,1.33,6.7298,1.3433,1.3433,angular_radius_times_frozen_distance,raw_HI_to_common_1p33,0,
UGC07559,calibration,1,data/stationary/source_reconstruction/iorio2017_ddo87_ddo126_hi_profiles_v1.csv,30,arcsec,0.722857198534,5.04,1.07,1.07,1.33,6.7032,1.4231,1.4231,angular_radius_times_frozen_distance,raw_HI_to_common_1p33,0,
UGC07559,calibration,2,data/stationary/source_reconstruction/iorio2017_ddo87_ddo126_hi_profiles_v1.csv,40,arcsec,0.963809598046,4.76,1.44,1.44,1.33,6.3308,1.9152,1.9152,angular_radius_times_frozen_distance,raw_HI_to_common_1p33,0,
UGC07559,calibration,3,data/stationary/source_reconstruction/iorio2017_ddo87_ddo126_hi_profiles_v1.csv,50,arcsec,1.20476199756,4.26,1.17,1.17,1.33,5.6658,1.5561,1.5561,angular_radius_times_frozen_distance,raw_HI_to_common_1p33,0,
UGC07559,calibration,4,data/stationary/source_reconstruction/iorio2017_ddo87_ddo126_hi_profiles_v1.csv,60,arcsec,1.44571439707,3.91,1.03,1.03,1.33,5.2003,1.3699,1.3699,angular_radius_times_frozen_distance,raw_HI_to_common_1p33,0,
UGC07559,calibration,5,data/stationary/source_reconstruction/iorio2017_ddo87_ddo126_hi_profiles_v1.csv,70,arcsec,1.68666679658,3.7,1.12,1.12,1.33,4.921,1.4896,1.4896,angular_radius_times_frozen_distance,raw_HI_to_common_1p33,0,
UGC07559,calibration,6,data/stationary/source_reconstruction/iorio2017_ddo87_ddo126_hi_profiles_v1.csv,80,arcsec,1.92761919609,3.66,1.1,1.1,1.33,4.8678,1.463,1.463,angular_radius_times_frozen_distance,raw_HI_to_common_1p33,0,
UGC07559,calibration,7,data/stationary/source_reconstruction/iorio2017_ddo87_ddo126_hi_profiles_v1.csv,90,arcsec,2.1685715956,3.63,1.39,1.39,1.33,4.8279,1.8487,1.8487,angular_radius_times_frozen_distance,raw_HI_to_common_1p33,0,
UGC07559,calibration,8,data/stationary/source_reconstruction/iorio2017_ddo87_ddo126_hi_profiles_v1.csv,100,arcsec,2.40952399511,3.36,1.39,1.39,1.33,4.4688,1.8487,1.8487,angular_radius_times_frozen_distance,raw_HI_to_common_1p33,0,
UGC07559,calibration,9,data/stationary/source_reconstruction/iorio2017_ddo87_ddo126_hi_profiles_v1.csv,110,arcsec,2.65047639463,2.84,1.11,1.11,1.33,3.7772,1.4763,1.4763,angular_radius_times_frozen_distance,raw_HI_to_common_1p33,0,
UGC07559,calibration,10,data/stationary/source_reconstruction/iorio2017_ddo87_ddo126_hi_profiles_v1.csv,120,arcsec,2.89142879414,2.25,1.02,1.02,1.33,2.9925,1.3566,1.3566,angular_radius_times_frozen_distance,raw_HI_to_common_1p33,0,
UGC07559,calibration,11,data/stationary/source_reconstruction/iorio2017_ddo87_ddo126_hi_profiles_v1.csv,130,arcsec,3.13238119365,1.74,1.01,1.01,1.33,2.3142,1.3433,1.3433,angular_radius_times_frozen_distance,raw_HI_to_common_1p33,0,
UGC07559,calibration,12,data/stationary/source_reconstruction/iorio2017_ddo87_ddo126_hi_profiles_v1.csv,140,arcsec,3.37333359316,1.29,0.86,0.86,1.33,1.7157,1.1438,1.1438,angular_radius_times_frozen_distance,raw_HI_to_common_1p33,0,
UGC09037,calibration,0,data/stationary/source_reconstruction/ha14_vector_hi_profiles_v2.csv,2.57527926,kpc_source,2.43269317668,12.448745,2.28472913,2.28783549,1.33,16.55683085,3.0386897429,3.0428212017,source_kpc_times_frozen_over_source_distance,raw_HI_to_common_1p33,0,
UGC09037,calibration,1,data/stationary/source_reconstruction/ha14_vector_hi_profiles_v2.csv,3.86150235,kpc_source,3.64770165492,12.3943837,0.835611332,0.835611332,1.33,16.484530321,1.11136307156,1.11136307156,source_kpc_times_frozen_over_source_distance,raw_HI_to_common_1p33,0,
UGC09037,calibration,2,data/stationary/source_reconstruction/ha14_vector_hi_profiles_v2.csv,5.14772543,kpc_source,4.86271012371,12.4642768,0.579336481,0.576230119,1.33,16.577488144,0.77051751973,0.76638605827,source_kpc_times_frozen_over_source_distance,raw_HI_to_common_1p33,0,
UGC09037,calibration,3,data/stationary/source_reconstruction/ha14_vector_hi_profiles_v2.csv,6.43394852,kpc_source,6.07771860195,12.4005964,0.47527336,0.47527336,1.33,16.492793212,0.6321135688,0.6321135688,source_kpc_times_frozen_over_source_distance,raw_HI_to_common_1p33,0,
UGC09037,calibration,4,data/stationary/source_reconstruction/ha14_vector_hi_profiles_v2.csv,7.72583779,kpc_source,7.29807953948,11.8585363,0.392954771,0.392954771,1.33,15.771853279,0.52262984543,0.52262984543,source_kpc_times_frozen_over_source_distance,raw_HI_to_common_1p33,0,
UGC09037,calibration,5,data/stationary/source_reconstruction/ha14_vector_hi_profiles_v2.csv,9.01206087,kpc_source,8.51308800827,10.9732232,0.355678429,0.352572068,1.33,14.594386856,0.47305231057,0.46892085044,source_kpc_times_frozen_over_source_distance,raw_HI_to_common_1p33,0,
UGC09037,calibration,6,data/stationary/source_reconstruction/ha14_vector_hi_profiles_v2.csv,10.298284,kpc_source,9.7280965243,10.2898236,0.327721173,0.327721173,1.33,13.685465388,0.43586916009,0.43586916009,source_kpc_times_frozen_over_source_distance,raw_HI_to_common_1p33,0,
UGC09037,calibration,7,data/stationary/source_reconstruction/ha14_vector_hi_profiles_v2.csv,11.584507,kpc_source,10.9431049175,9.99161282,0.296657555,0.296657555,1.33,13.2888450506,0.39455454815,0.39455454815,source_kpc_times_frozen_over_source_distance,raw_HI_to_common_1p33,0,
UGC09037,calibration,8,data/stationary/source_reconstruction/ha14_vector_hi_profiles_v2.csv,12.8707301,kpc_source,12.1581134052,9.77572068,0.282678926,0.282678926,1.33,13.0017085044,0.37596297158,0.37596297158,source_kpc_times_frozen_over_source_distance,raw_HI_to_common_1p33,0,
UGC09037,calibration,9,data/stationary/source_reconstruction/ha14_vector_hi_profiles_v2.csv,14.1569532,kpc_source,13.3731218929,9.2367669,0.27180666,0.27180666,1.33,12.284899977,0.3615028578,0.3615028578,source_kpc_times_frozen_over_source_distance,raw_HI_to_common_1p33,0,
UGC09037,calibration,10,data/stationary/source_reconstruction/ha14_vector_hi_profiles_v2.csv,15.4488425,kpc_source,14.5934828588,8.31883698,0.251615308,0.251615308,1.33,11.0640531834,0.33464835964,0.33464835964,source_kpc_times_frozen_over_source_distance,raw_HI_to_common_1p33,0,
UGC09037,calibration,11,data/stationary/source_reconstruction/ha14_vector_hi_profiles_v2.csv,16.7350656,kpc_source,15.8084913464,7.25490805,0.234530318,0.231423956,1.33,9.6490277065,0.31192532294,0.30779386148,source_kpc_times_frozen_over_source_distance,raw_HI_to_common_1p33,0,
UGC09037,calibration,12,data/stationary/source_reconstruction/ha14_vector_hi_profiles_v2.csv,18.0212887,kpc_source,17.0234998341,6.27485089,0.226764414,0.226764414,1.33,8.3455516837,0.30159667062,0.30159667062,source_kpc_times_frozen_over_source_distance,raw_HI_to_common_1p33,0,
UGC09037,calibration,13,data/stationary/source_reconstruction/ha14_vector_hi_profiles_v2.csv,19.3075117,kpc_source,18.2385082274,5.56194085,0.215892147,0.215892147,1.33,7.3973813305,0.28713655551,0.28713655551,source_kpc_times_frozen_over_source_distance,raw_HI_to_common_1p33,0,
UGC09037,calibration,14,data/stationary/source_reconstruction/ha14_vector_hi_profiles_v2.csv,20.5937348,kpc_source,19.453516715,5.05094433,0.211232604,0.211232604,1.33,6.7177559589,0.28093936332,0.28093936332,source_kpc_times_frozen_over_source_distance,raw_HI_to_common_1p33,0,
UGC09037,calibration,15,data/stationary/source_reconstruction/ha14_vector_hi_profiles_v2.csv,21.8799579,kpc_source,20.6685252027,4.57411779,0.215892147,0.215892147,1.33,6.0835766607,0.28713655551,0.28713655551,source_kpc_times_frozen_over_source_distance,raw_HI_to_common_1p33,0,
UGC09037,calibration,16,data/stationary/source_reconstruction/ha14_vector_hi_profiles_v2.csv,23.1718472,kpc_source,21.8888861686,4.08797217,0.189488072,0.189488072,1.33,5.4370029861,0.25201913576,0.25201913576,source_kpc_times_frozen_over_source_distance,raw_HI_to_common_1p33,0,
UGC09037,calibration,17,data/stationary/source_reconstruction/ha14_vector_hi_profiles_v2.csv,24.4580703,kpc_source,23.1038946563,3.72142147,0.18638171,0.18638171,1.33,4.9494905551,0.2478876743,0.2478876743,source_kpc_times_frozen_over_source_distance,raw_HI_to_common_1p33,0,
UGC09037,calibration,18,data/stationary/source_reconstruction/ha14_vector_hi_profiles_v2.csv,25.7442933,kpc_source,24.3189030495,3.56765656,0.187934891,0.187934891,1.33,4.7449832248,0.24995340503,0.24995340503,source_kpc_times_frozen_over_source_distance,raw_HI_to_common_1p33,0,
UGC09037,calibration,19,data/stationary/source_reconstruction/ha14_vector_hi_profiles_v2.csv,27.0305164,kpc_source,25.5339115372,3.47446571,0.191041252,0.191041252,1.33,4.6210393943,0.25408486516,0.25408486516,source_kpc_times_frozen_over_source_distance,raw_HI_to_common_1p33,0,
UGC09037,calibration,20,data/stationary/source_reconstruction/ha14_vector_hi_profiles_v2.csv,28.3167395,kpc_source,26.7489200249,3.31448807,0.192594433,0.189488072,1.33,4.4082691331,0.25615059589,0.25201913576,source_kpc_times_frozen_over_source_distance,raw_HI_to_common_1p33,0,
UGC09037,calibration,21,data/stationary/source_reconstruction/ha14_vector_hi_profiles_v2.csv,29.6029626,kpc_source,27.9639285126,3.06131958,0.206573062,0.206573062,1.33,4.0715550414,0.27474217246,0.27474217246,source_kpc_times_frozen_over_source_distance,raw_HI_to_common_1p33,0,
UGC09037,calibration,22,data/stationary/source_reconstruction/ha14_vector_hi_profiles_v2.csv,30.8948519,kpc_source,29.1842894784,2.77087475,0.183275348,0.183275348,1.33,3.6852634175,0.24375621284,0.24375621284,source_kpc_times_frozen_over_source_distance,raw_HI_to_common_1p33,0,
UGC09037,calibration,23,data/stationary/source_reconstruction/ha14_vector_hi_profiles_v2.csv,32.181075,kpc_source,30.3992979661,2.49440855,0.18638171,0.18638171,1.33,3.3175633715,0.2478876743,0.2478876743,source_kpc_times_frozen_over_source_distance,raw_HI_to_common_1p33,0,
UGC09037,calibration,24,data/stationary/source_reconstruction/ha14_vector_hi_profiles_v2.csv,33.467298,kpc_source,31.6143063593,2.18843191,0.194147614,0.194147614,1.33,2.9106144403,0.25821632662,0.25821632662,source_kpc_times_frozen_over_source_distance,raw_HI_to_common_1p33,0,
UGC09037,calibration,25,data/stationary/source_reconstruction/ha14_vector_hi_profiles_v2.csv,34.7535211,kpc_source,32.829314847,1.86071074,0.198807157,0.198807157,1.33,2.4747452842,0.26441351881,0.26441351881,source_kpc_times_frozen_over_source_distance,raw_HI_to_common_1p33,0,
UGC09037,calibration,26,data/stationary/source_reconstruction/ha14_vector_hi_profiles_v2.csv,36.0397442,kpc_source,34.0443233347,1.55162773,0.200360338,0.200360338,1.33,2.0636648809,0.26647924954,0.26647924954,source_kpc_times_frozen_over_source_distance,raw_HI_to_common_1p33,0,
UGC09037,calibration,27,data/stationary/source_reconstruction/ha14_vector_hi_profiles_v2.csv,37.3259673,kpc_source,35.2593318224,1.2611829,0.208126243,0.205019881,1.33,1.677373257,0.27680790319,0.27267644173,source_kpc_times_frozen_over_source_distance,raw_HI_to_common_1p33,0,
UGC09037,calibration,28,data/stationary/source_reconstruction/ha14_vector_hi_profiles_v2.csv,38.6178566,kpc_source,36.4796927883,0.978503976,0.208126243,0.208126243,1.33,1.30141028808,0.27680790319,0.27680790319,source_kpc_times_frozen_over_source_distance,raw_HI_to_common_1p33,0,
UGC09037,calibration,29,data/stationary/source_reconstruction/ha14_vector_hi_profiles_v2.csv,39.9040797,kpc_source,37.6947012759,0.702037773,0.211232604,0.211232604,1.33,0.93371023809,0.28093936332,0.28093936332,source_kpc_times_frozen_over_source_distance,raw_HI_to_common_1p33,0,
UGC09037,calibration,30,data/stationary/source_reconstruction/ha14_vector_hi_profiles_v2.csv,41.1903027,kpc_source,38.9097096692,0.461294732,0.23763668,0.234530318,1.33,0.61352199356,0.3160567844,0.31192532294,source_kpc_times_frozen_over_source_distance,raw_HI_to_common_1p33,0,
UGC09037,calibration,31,data/stationary/source_reconstruction/ha14_vector_hi_profiles_v2.csv,42.4765258,kpc_source,40.1247181569,0.295104374,0.273359841,0.273359841,1.33,0.39248881742,0.36356858853,0.36356858853,source_kpc_times_frozen_over_source_distance,raw_HI_to_common_1p33,0,
UGC12506,calibration,0,data/stationary/source_reconstruction/ha14_vector_hi_profiles_v2.csv,2.39962765,kpc_source,2.4632912407,13.2362078,0.481486083,0.481486083,1.33,17.604156374,0.64037649039,0.64037649039,source_kpc_times_frozen_over_source_distance,raw_HI_to_common_1p33,0,
UGC12506,calibration,1,data/stationary/source_reconstruction/ha14_vector_hi_profiles_v2.csv,3.99749069,kpc_source,4.10354656543,10.1919732,0.481486083,0.481486083,1.33,13.555324356,0.64037649039,0.64037649039,source_kpc_times_frozen_over_source_distance,raw_HI_to_common_1p33,0,
UGC12506,calibration,2,data/stationary/source_reconstruction/ha14_vector_hi_profiles_v2.csv,5.60101991,kpc_source,5.74961839738,7.59194831,0.481486083,0.481486083,1.33,10.0972912523,0.64037649039,0.64037649039,source_kpc_times_frozen_over_source_distance,raw_HI_to_common_1p33,0,
UGC12506,calibration,3,data/stationary/source_reconstruction/ha14_vector_hi_profiles_v2.csv,7.20454913,kpc_source,7.39569022933,5.90208748,0.481486083,0.481486083,1.33,7.8497763484,0.64037649039,0.64037649039,source_kpc_times_frozen_over_source_distance,raw_HI_to_common_1p33,0,
UGC12506,calibration,4,data/stationary/source_reconstruction/ha14_vector_hi_profiles_v2.csv,8.80241217,kpc_source,9.03594555406,5.26838966,0.481486083,0.481486083,1.33,7.0069582478,0.64037649039,0.64037649039,source_kpc_times_frozen_over_source_distance,raw_HI_to_common_1p33,0,
UGC12506,calibration,5,data/stationary/source_reconstruction/ha14_vector_hi_profiles_v2.csv,10.4002752,kpc_source,10.6762008685,5.5091327,0.479932903,0.479932903,1.33,7.327146491,0.63831076099,0.63831076099,source_kpc_times_frozen_over_source_distance,raw_HI_to_common_1p33,0,
UGC12506,calibration,6,data/stationary/source_reconstruction/ha14_vector_hi_profiles_v2.csv,12.0038044,kpc_source,12.3222726799,6.23136183,0.481486083,0.481486083,1.33,8.2877112339,0.64037649039,0.64037649039,source_kpc_times_frozen_over_source_distance,raw_HI_to_common_1p33,0,
UGC12506,calibration,7,data/stationary/source_reconstruction/ha14_vector_hi_profiles_v2.csv,13.6016675,kpc_source,13.9625280663,6.99397366,0.483039264,0.479932903,1.33,9.3019849678,0.64244222112,0.63831076099,source_kpc_times_frozen_over_source_distance,raw_HI_to_common_1p33,0,
UGC12506,calibration,8,data/stationary/source_reconstruction/ha14_vector_hi_profiles_v2.csv,15.1995305,kpc_source,15.6027833499,7.4459493,0.481486083,0.481486083,1.33,9.903112569,0.64037649039,0.64037649039,source_kpc_times_frozen_over_source_distance,raw_HI_to_common_1p33,0,
UGC12506,calibration,9,data/stationary/source_reconstruction/ha14_vector_hi_profiles_v2.csv,16.8087259,kpc_source,17.2546716891,7.41488569,0.481486083,0.481486083,1.33,9.8617979677,0.64037649039,0.64037649039,source_kpc_times_frozen_over_source_distance,raw_HI_to_common_1p33,0,
UGC12506,calibration,10,data/stationary/source_reconstruction/ha14_vector_hi_profiles_v2.csv,18.406589,kpc_source,18.8949270754,6.9333996,0.481486083,0.481486083,1.33,9.221421468,0.64037649039,0.64037649039,source_kpc_times_frozen_over_source_distance,raw_HI_to_common_1p33,0,
UGC12506,calibration,11,data/stationary/source_reconstruction/ha14_vector_hi_profiles_v2.csv,20.004452,kpc_source,20.5351823591,6.18166004,0.481486083,0.481486083,1.33,8.2216078532,0.64037649039,0.64037649039,source_kpc_times_frozen_over_source_distance,raw_HI_to_common_1p33,0,
UGC12506,calibration,12,data/stationary/source_reconstruction/ha14_vector_hi_profiles_v2.csv,21.6079812,kpc_source,22.1812541705,5.37711233,0.481486083,0.481486083,1.33,7.1515593989,0.64037649039,0.64037649039,source_kpc_times_frozen_over_source_distance,raw_HI_to_common_1p33,0,
UGC12506,calibration,13,data/stationary/source_reconstruction/ha14_vector_hi_profiles_v2.csv,23.2058443,kpc_source,23.8215095568,4.68439364,0.481486083,0.481486083,1.33,6.2302435412,0.64037649039,0.64037649039,source_kpc_times_frozen_over_source_distance,raw_HI_to_common_1p33,0,
UGC12506,calibration,14,data/stationary/source_reconstruction/ha14_vector_hi_profiles_v2.csv,24.8037073,kpc_source,25.4617648405,4.20601392,0.481486083,0.481486083,1.33,5.5939985136,0.64037649039,0.64037649039,source_kpc_times_frozen_over_source_distance,raw_HI_to_common_1p33,0,
UGC12506,calibration,15,data/stationary/source_reconstruction/ha14_vector_hi_profiles_v2.csv,26.4015703,kpc_source,27.1020201242,3.96682406,0.481486083,0.481486083,1.33,5.2758759998,0.64037649039,0.64037649039,source_kpc_times_frozen_over_source_distance,raw_HI_to_common_1p33,0,
UGC12506,calibration,16,data/stationary/source_reconstruction/ha14_vector_hi_profiles_v2.csv,28.0050996,kpc_source,28.7480920382,3.89382455,0.479932903,0.479932903,1.33,5.1787866515,0.63831076099,0.63831076099,source_kpc_times_frozen_over_source_distance,raw_HI_to_common_1p33,0,
UGC12506,calibration,17,data/stationary/source_reconstruction/ha14_vector_hi_profiles_v2.csv,29.6029626,kpc_source,30.3883473219,3.83635686,0.481486083,0.481486083,1.33,5.1023546238,0.64037649039,0.64037649039,source_kpc_times_frozen_over_source_distance,raw_HI_to_common_1p33,0,
UGC12506,calibration,18,data/stationary/source_reconstruction/ha14_vector_hi_profiles_v2.csv,31.2064918,kpc_source,32.0344191333,3.64686879,0.481486083,0.481486083,1.33,4.8503354907,0.64037649039,0.64037649039,source_kpc_times_frozen_over_source_distance,raw_HI_to_common_1p33,0,
UGC12506,calibration,19,data/stationary/source_reconstruction/ha14_vector_hi_profiles_v2.csv,32.810021,kpc_source,33.6804909447,3.29740308,0.479932903,0.483039264,1.33,4.3855460964,0.63831076099,0.64244222112,source_kpc_times_frozen_over_source_distance,raw_HI_to_common_1p33,0,
UGC12506,calibration,20,data/stationary/source_reconstruction/ha14_vector_hi_profiles_v2.csv,34.4078841,kpc_source,35.3207463311,2.90134195,0.481486083,0.481486083,1.33,3.8587847935,0.64037649039,0.64037649039,source_kpc_times_frozen_over_source_distance,raw_HI_to_common_1p33,0,
UGC12506,calibration,21,data/stationary/source_reconstruction/ha14_vector_hi_profiles_v2.csv,36.0057471,kpc_source,36.9610016147,2.60934394,0.481486083,0.481486083,1.33,3.4704274402,0.64037649039,0.64037649039,source_kpc_times_frozen_over_source_distance,raw_HI_to_common_1p33,0,
UGC12506,calibration,22,data/stationary/source_reconstruction/ha14_vector_hi_profiles_v2.csv,37.6092763,kpc_source,38.6070734261,2.4819831,0.481486083,0.481486083,1.33,3.301037523,0.64037649039,0.64037649039,source_kpc_times_frozen_over_source_distance,raw_HI_to_common_1p33,0,
UGC12506,calibration,23,data/stationary/source_reconstruction/ha14_vector_hi_profiles_v2.csv,39.2071394,kpc_source,40.2473288125,2.46800447,0.479932903,0.483039264,1.33,3.2824459451,0.63831076099,0.64244222112,source_kpc_times_frozen_over_source_distance,raw_HI_to_common_1p33,0,
UGC12506,calibration,24,data/stationary/source_reconstruction/ha14_vector_hi_profiles_v2.csv,40.8050024,kpc_source,41.8875840961,2.46023857,0.481486083,0.481486083,1.33,3.2721172981,0.64037649039,0.64037649039,source_kpc_times_frozen_over_source_distance,raw_HI_to_common_1p33,0,
UGC12506,calibration,25,data/stationary/source_reconstruction/ha14_vector_hi_profiles_v2.csv,42.4085316,kpc_source,43.5336559075,2.39966451,0.479932903,0.483039264,1.33,3.1915537983,0.63831076099,0.64244222112,source_kpc_times_frozen_over_source_distance,raw_HI_to_common_1p33,0,
UGC12506,calibration,26,data/stationary/source_reconstruction/ha14_vector_hi_profiles_v2.csv,44.0120609,kpc_source,45.1797278216,2.3111332,0.481486083,0.481486083,1.33,3.073807156,0.64037649039,0.64037649039,source_kpc_times_frozen_over_source_distance,raw_HI_to_common_1p33,0,
UGC12506,calibration,27,data/stationary/source_reconstruction/ha14_vector_hi_profiles_v2.csv,45.6099239,kpc_source,46.8199831053,2.26764414,0.481486083,0.481486083,1.33,3.0159667062,0.64037649039,0.64037649039,source_kpc_times_frozen_over_source_distance,raw_HI_to_common_1p33,0,
UGC12506,calibration,28,data/stationary/source_reconstruction/ha14_vector_hi_profiles_v2.csv,47.207787,kpc_source,48.4602384916,2.31889911,0.479932903,0.483039264,1.33,3.0841358163,0.63831076099,0.64244222112,source_kpc_times_frozen_over_source_distance,raw_HI_to_common_1p33,0,
UGC12506,calibration,29,data/stationary/source_reconstruction/ha14_vector_hi_profiles_v2.csv,48.8113162,kpc_source,50.106310303,2.43538767,0.481486083,0.481486083,1.33,3.2390656011,0.64037649039,0.64037649039,source_kpc_times_frozen_over_source_distance,raw_HI_to_common_1p33,0,
UGC12506,calibration,30,data/stationary/source_reconstruction/ha14_vector_hi_profiles_v2.csv,50.4091792,kpc_source,51.7465655867,2.50994036,0.481486083,0.481486083,1.33,3.3382206788,0.64037649039,0.64037649039,source_kpc_times_frozen_over_source_distance,raw_HI_to_common_1p33,0,
UGC12506,calibration,31,data/stationary/source_reconstruction/ha14_vector_hi_profiles_v2.csv,52.0070423,kpc_source,53.386820973,2.43694085,0.483039264,0.479932903,1.33,3.2411313305,0.64244222112,0.63831076099,source_kpc_times_frozen_over_source_distance,raw_HI_to_common_1p33,0,
UGC12506,calibration,32,data/stationary/source_reconstruction/ha14_vector_hi_profiles_v2.csv,53.6105715,kpc_source,55.0328927844,2.1729001,0.483039264,0.479932903,1.33,2.889957133,0.64244222112,0.63831076099,source_kpc_times_frozen_over_source_distance,raw_HI_to_common_1p33,0,
UGC12506,calibration,33,data/stationary/source_reconstruction/ha14_vector_hi_profiles_v2.csv,55.2084345,kpc_source,56.6731480681,1.76751988,0.481486083,0.481486083,1.33,2.3508014404,0.64037649039,0.64037649039,source_kpc_times_frozen_over_source_distance,raw_HI_to_common_1p33,0,
UGC12506,calibration,34,data/stationary/source_reconstruction/ha14_vector_hi_profiles_v2.csv,56.8062976,kpc_source,58.3134034544,1.31554423,0.483039264,0.479932903,1.33,1.7496738259,0.64244222112,0.63831076099,source_kpc_times_frozen_over_source_distance,raw_HI_to_common_1p33,0,
UGC12506,calibration,35,data/stationary/source_reconstruction/ha14_vector_hi_profiles_v2.csv,58.4041606,kpc_source,59.9536587381,0.89929175,0.483039264,0.479932903,1.33,1.1960580275,0.64244222112,0.63831076099,source_kpc_times_frozen_over_source_distance,raw_HI_to_common_1p33,0,
UGC12506,calibration,36,data/stationary/source_reconstruction/ha14_vector_hi_profiles_v2.csv,60.0076898,kpc_source,61.5997305495,0.559145129,0.481486083,0.481486083,1.33,0.74366302157,0.64037649039,0.64037649039,source_kpc_times_frozen_over_source_distance,raw_HI_to_common_1p33,0,
UGC12506,calibration,37,data/stationary/source_reconstruction/ha14_vector_hi_profiles_v2.csv,61.6055529,kpc_source,63.2399859358,0.309083002,,,1.33,0.41108039266,,,source_kpc_times_frozen_over_source_distance,raw_HI_to_common_1p33,0,
UGC12506,calibration,38,data/stationary/source_reconstruction/ha14_vector_hi_profiles_v2.csv,63.2034159,kpc_source,64.8802412195,0.158424453,,,1.33,0.21070452249,,,source_kpc_times_frozen_over_source_distance,raw_HI_to_common_1p33,0,
