galaxy,stationary_role,source,source_pdf,source_panel_index,vector_vertex_index,radius_source_kpc,radius_source_arcsec_derived,sigma_hi_msun_pc2,source_distance_mpc,source_rhi_kpc_anchor,source_mean_sigma_hi_3p2h_anchor,axis_kpc_per_pdf_x,axis_sigma_per_pdf_y,axis_tick_nice_score,helium_applied,frozen_distance_applied,profile_status
UGC04325,calibration,Elson_2017_WHISP_vector_appendix,profiles1_V2.pdf,8,0,0,0,6.561537155,10.1,6.953191283,6.6,0.0545624173694,0.0610250815961,0.3777036544,0,0,vector_geometry_exact_axis_scale_reconstructed_candidate
UGC04325,calibration,Elson_2017_WHISP_vector_appendix,profiles1_V2.pdf,8,1,0.1671257101,3.413087584,6.801611107,10.1,6.953191283,6.6,0.0545624173694,0.0610250815961,0.3777036544,0,0,vector_geometry_exact_axis_scale_reconstructed_candidate
UGC04325,calibration,Elson_2017_WHISP_vector_appendix,profiles1_V2.pdf,8,2,0.3323415358,6.787170978,7.040463366,10.1,6.953191283,6.6,0.0545624173694,0.0610250815961,0.3777036544,0,0,vector_geometry_exact_axis_scale_reconstructed_candidate
UGC04325,calibration,Elson_2017_WHISP_vector_appendix,profiles1_V2.pdf,8,3,0.4994655808,10.20022456,7.279378944,10.1,6.953191283,6.6,0.0545624173694,0.0610250815961,0.3777036544,0,0,vector_geometry_exact_axis_scale_reconstructed_candidate
UGC04325,calibration,Elson_2017_WHISP_vector_appendix,profiles1_V2.pdf,8,4,0.6665363422,13.61218996,7.517802865,10.1,6.953191283,6.6,0.0545624173694,0.0610250815961,0.3777036544,0,0,vector_geometry_exact_axis_scale_reconstructed_candidate
UGC04325,calibration,Elson_2017_WHISP_vector_appendix,profiles1_V2.pdf,8,5,0.8321318136,16.99402659,7.756714719,10.1,6.953191283,6.6,0.0545624173694,0.0610250815961,0.3777036544,0,0,vector_geometry_exact_axis_scale_reconstructed_candidate
UGC04325,calibration,Elson_2017_WHISP_vector_appendix,profiles1_V2.pdf,8,6,0.9988762129,20.39932694,7.995566977,10.1,6.953191283,6.6,0.0545624173694,0.0610250815961,0.3777036544,0,0,vector_geometry_exact_axis_scale_reconstructed_candidate
UGC04325,calibration,Elson_2017_WHISP_vector_appendix,profiles1_V2.pdf,8,7,1.165943644,23.81122433,8.236005948,10.1,6.953191283,6.6,0.0545624173694,0.0610250815961,0.3777036544,0,0,vector_geometry_exact_axis_scale_reconstructed_candidate
UGC04325,calibration,Elson_2017_WHISP_vector_appendix,profiles1_V2.pdf,8,8,1.331542446,27.19312897,8.474493188,10.1,6.953191283,6.6,0.0545624173694,0.0610250815961,0.3777036544,0,0,vector_geometry_exact_axis_scale_reconstructed_candidate
UGC04325,calibration,Elson_2017_WHISP_vector_appendix,profiles1_V2.pdf,8,9,1.498613207,30.60509437,8.713341723,10.1,6.953191283,6.6,0.0545624173694,0.0610250815961,0.3777036544,0,0,vector_geometry_exact_axis_scale_reconstructed_candidate
UGC04325,calibration,Elson_2017_WHISP_vector_appendix,profiles1_V2.pdf,8,10,1.664261962,33.98801917,8.951832688,10.1,6.953191283,6.6,0.0545624173694,0.0610250815961,0.3777036544,0,0,vector_geometry_exact_axis_scale_reconstructed_candidate
UGC04325,calibration,Elson_2017_WHISP_vector_appendix,profiles1_V2.pdf,8,11,1.830953078,37.39223135,9.083462716,10.1,6.953191283,6.6,0.0545624173694,0.0610250815961,0.3777036544,0,0,vector_geometry_exact_axis_scale_reconstructed_candidate
UGC04325,calibration,Elson_2017_WHISP_vector_appendix,profiles1_V2.pdf,8,12,1.998077123,40.80528492,9.121662987,10.1,6.953191283,6.6,0.0545624173694,0.0610250815961,0.3777036544,0,0,vector_geometry_exact_axis_scale_reconstructed_candidate
UGC04325,calibration,Elson_2017_WHISP_vector_appendix,profiles1_V2.pdf,8,13,2.163672594,44.18712155,9.157725294,10.1,6.953191283,6.6,0.0545624173694,0.0610250815961,0.3777036544,0,0,vector_geometry_exact_axis_scale_reconstructed_candidate
UGC04325,calibration,Elson_2017_WHISP_vector_appendix,profiles1_V2.pdf,8,14,2.330743356,47.59908695,9.195992609,10.1,6.953191283,6.6,0.0545624173694,0.0610250815961,0.3777036544,0,0,vector_geometry_exact_axis_scale_reconstructed_candidate
UGC04325,calibration,Elson_2017_WHISP_vector_appendix,profiles1_V2.pdf,8,15,2.497814117,51.01105236,9.23419288,10.1,6.953191283,6.6,0.0545624173694,0.0610250815961,0.3777036544,0,0,vector_geometry_exact_axis_scale_reconstructed_candidate
UGC04325,calibration,Elson_2017_WHISP_vector_appendix,profiles1_V2.pdf,8,16,2.663083226,54.38622393,9.270255187,10.1,6.953191283,6.6,0.0545624173694,0.0610250815961,0.3777036544,0,0,vector_geometry_exact_axis_scale_reconstructed_candidate
UGC04325,calibration,Elson_2017_WHISP_vector_appendix,profiles1_V2.pdf,8,17,2.830153988,57.79818933,9.308522502,10.1,6.953191283,6.6,0.0545624173694,0.0610250815961,0.3777036544,0,0,vector_geometry_exact_axis_scale_reconstructed_candidate
UGC04325,calibration,Elson_2017_WHISP_vector_appendix,profiles1_V2.pdf,8,18,2.997224749,61.21015474,9.09719187,10.1,6.953191283,6.6,0.0545624173694,0.0610250815961,0.3777036544,0,0,vector_geometry_exact_axis_scale_reconstructed_candidate
UGC04325,calibration,Elson_2017_WHISP_vector_appendix,profiles1_V2.pdf,8,19,3.162873504,64.59307954,8.749530669,10.1,6.953191283,6.6,0.0545624173694,0.0610250815961,0.3777036544,0,0,vector_geometry_exact_axis_scale_reconstructed_candidate
UGC04325,calibration,Elson_2017_WHISP_vector_appendix,profiles1_V2.pdf,8,20,3.329944265,68.00504494,8.400103972,10.1,6.953191283,6.6,0.0545624173694,0.0610250815961,0.3777036544,0,0,vector_geometry_exact_axis_scale_reconstructed_candidate
UGC04325,calibration,Elson_2017_WHISP_vector_appendix,profiles1_V2.pdf,8,21,3.495160091,71.37912834,8.052383176,10.1,6.953191283,6.6,0.0545624173694,0.0610250815961,0.3777036544,0,0,vector_geometry_exact_axis_scale_reconstructed_candidate
UGC04325,calibration,Elson_2017_WHISP_vector_appendix,profiles1_V2.pdf,8,22,3.662284136,74.79218191,7.70466238,10.1,6.953191283,6.6,0.0545624173694,0.0610250815961,0.3777036544,0,0,vector_geometry_exact_axis_scale_reconstructed_candidate
UGC04325,calibration,Elson_2017_WHISP_vector_appendix,profiles1_V2.pdf,8,23,3.829354898,78.20414732,7.356941584,10.1,6.953191283,6.6,0.0545624173694,0.0610250815961,0.3777036544,0,0,vector_geometry_exact_axis_scale_reconstructed_candidate
UGC04325,calibration,Elson_2017_WHISP_vector_appendix,profiles1_V2.pdf,8,24,3.994950369,81.58598395,7.009157469,10.1,6.953191283,6.6,0.0545624173694,0.0610250815961,0.3777036544,0,0,vector_geometry_exact_axis_scale_reconstructed_candidate
UGC04325,calibration,Elson_2017_WHISP_vector_appendix,profiles1_V2.pdf,8,25,4.162074414,84.99903752,6.582287321,10.1,6.953191283,6.6,0.0545624173694,0.0610250815961,0.3777036544,0,0,vector_geometry_exact_axis_scale_reconstructed_candidate
UGC04325,calibration,Elson_2017_WHISP_vector_appendix,profiles1_V2.pdf,8,26,4.32876553,88.4032497,6.120327007,10.1,6.953191283,6.6,0.0545624173694,0.0610250815961,0.3777036544,0,0,vector_geometry_exact_axis_scale_reconstructed_candidate
UGC04325,calibration,Elson_2017_WHISP_vector_appendix,profiles1_V2.pdf,8,27,4.494470898,91.78733068,5.658489606,10.1,6.953191283,6.6,0.0545624173694,0.0610250815961,0.3777036544,0,0,vector_geometry_exact_axis_scale_reconstructed_candidate
UGC04325,calibration,Elson_2017_WHISP_vector_appendix,profiles1_V2.pdf,8,28,4.661488376,95.19820791,5.198179323,10.1,6.953191283,6.6,0.0545624173694,0.0610250815961,0.3777036544,0,0,vector_geometry_exact_axis_scale_reconstructed_candidate
UGC04325,calibration,Elson_2017_WHISP_vector_appendix,profiles1_V2.pdf,8,29,4.827137131,98.58113271,4.736341923,10.1,6.953191283,6.6,0.0545624173694,0.0610250815961,0.3777036544,0,0,vector_geometry_exact_axis_scale_reconstructed_candidate
UGC04325,calibration,Elson_2017_WHISP_vector_appendix,profiles1_V2.pdf,8,30,4.993881531,101.9864331,4.274377883,10.1,6.953191283,6.6,0.0545624173694,0.0610250815961,0.3777036544,0,0,vector_geometry_exact_axis_scale_reconstructed_candidate
UGC04325,calibration,Elson_2017_WHISP_vector_appendix,profiles1_V2.pdf,8,31,5.160952292,105.3983985,3.812540483,10.1,6.953191283,6.6,0.0545624173694,0.0610250815961,0.3777036544,0,0,vector_geometry_exact_axis_scale_reconstructed_candidate
UGC04325,calibration,Elson_2017_WHISP_vector_appendix,profiles1_V2.pdf,8,32,5.326547763,108.7802351,3.480686804,10.1,6.953191283,6.6,0.0545624173694,0.0610250815961,0.3777036544,0,0,vector_geometry_exact_axis_scale_reconstructed_candidate
UGC04325,calibration,Elson_2017_WHISP_vector_appendix,profiles1_V2.pdf,8,33,5.493671808,112.1932887,3.170682072,10.1,6.953191283,6.6,0.0545624173694,0.0610250815961,0.3777036544,0,0,vector_geometry_exact_axis_scale_reconstructed_candidate
UGC04325,calibration,Elson_2017_WHISP_vector_appendix,profiles1_V2.pdf,8,34,5.66074257,115.6052541,2.861038632,10.1,6.953191283,6.6,0.0545624173694,0.0610250815961,0.3777036544,0,0,vector_geometry_exact_axis_scale_reconstructed_candidate
UGC04325,calibration,Elson_2017_WHISP_vector_appendix,profiles1_V2.pdf,8,35,5.826011679,118.9804256,2.551581427,10.1,6.953191283,6.6,0.0545624173694,0.0610250815961,0.3777036544,0,0,vector_geometry_exact_axis_scale_reconstructed_candidate
UGC04325,calibration,Elson_2017_WHISP_vector_appendix,profiles1_V2.pdf,8,36,5.99308244,122.392391,2.241941712,10.1,6.953191283,6.6,0.0545624173694,0.0610250815961,0.3777036544,0,0,vector_geometry_exact_axis_scale_reconstructed_candidate
UGC04325,calibration,Elson_2017_WHISP_vector_appendix,profiles1_V2.pdf,8,37,6.160153202,125.8043565,1.932480782,10.1,6.953191283,6.6,0.0545624173694,0.0610250815961,0.3777036544,0,0,vector_geometry_exact_axis_scale_reconstructed_candidate
UGC04325,calibration,Elson_2017_WHISP_vector_appendix,profiles1_V2.pdf,8,38,6.325748673,129.1861931,1.633091374,10.1,6.953191283,6.6,0.0545624173694,0.0610250815961,0.3777036544,0,0,vector_geometry_exact_axis_scale_reconstructed_candidate
UGC04325,calibration,Elson_2017_WHISP_vector_appendix,profiles1_V2.pdf,8,39,6.492872718,132.5992467,1.451483652,10.1,6.953191283,6.6,0.0545624173694,0.0610250815961,0.3777036544,0,0,vector_geometry_exact_axis_scale_reconstructed_candidate
UGC04325,calibration,Elson_2017_WHISP_vector_appendix,profiles1_V2.pdf,8,40,6.658088544,135.9733301,1.288544002,10.1,6.953191283,6.6,0.0545624173694,0.0610250815961,0.3777036544,0,0,vector_geometry_exact_axis_scale_reconstructed_candidate
UGC04325,calibration,Elson_2017_WHISP_vector_appendix,profiles1_V2.pdf,8,41,6.825159305,139.3852955,1.124449703,10.1,6.953191283,6.6,0.0545624173694,0.0610250815961,0.3777036544,0,0,vector_geometry_exact_axis_scale_reconstructed_candidate
UGC04325,calibration,Elson_2017_WHISP_vector_appendix,profiles1_V2.pdf,8,42,6.99228335,142.798349,0.9620017105,10.1,6.953191283,6.6,0.0545624173694,0.0610250815961,0.3777036544,0,0,vector_geometry_exact_axis_scale_reconstructed_candidate
UGC04325,calibration,Elson_2017_WHISP_vector_appendix,profiles1_V2.pdf,8,43,7.157878822,146.1801857,0.7974753491,10.1,6.953191283,6.6,0.0545624173694,0.0610250815961,0.3777036544,0,0,vector_geometry_exact_axis_scale_reconstructed_candidate
UGC04325,calibration,Elson_2017_WHISP_vector_appendix,profiles1_V2.pdf,8,44,7.324949583,149.5921511,0.6349044424,10.1,6.953191283,6.6,0.0545624173694,0.0610250815961,0.3777036544,0,0,vector_geometry_exact_axis_scale_reconstructed_candidate
UGC04325,calibration,Elson_2017_WHISP_vector_appendix,profiles1_V2.pdf,8,45,7.492073628,153.0052046,0.4756931928,10.1,6.953191283,6.6,0.0545624173694,0.0610250815961,0.3777036544,0,0,vector_geometry_exact_axis_scale_reconstructed_candidate
UGC04325,calibration,Elson_2017_WHISP_vector_appendix,profiles1_V2.pdf,8,46,7.657292784,156.379356,0.4236967244,10.1,6.953191283,6.6,0.0545624173694,0.0610250815961,0.3777036544,0,0,vector_geometry_exact_axis_scale_reconstructed_candidate
UGC04325,calibration,Elson_2017_WHISP_vector_appendix,profiles1_V2.pdf,8,47,7.824360215,159.7912534,0.3721323183,10.1,6.953191283,6.6,0.0545624173694,0.0610250815961,0.3777036544,0,0,vector_geometry_exact_axis_scale_reconstructed_candidate
UGC04325,calibration,Elson_2017_WHISP_vector_appendix,profiles1_V2.pdf,8,48,7.9900123,163.1742463,0.3201358498,10.1,6.953191283,6.6,0.0545624173694,0.0610250815961,0.3777036544,0,0,vector_geometry_exact_axis_scale_reconstructed_candidate
UGC04325,calibration,Elson_2017_WHISP_vector_appendix,profiles1_V2.pdf,8,49,8.157079732,166.5861436,0.2697931372,10.1,6.953191283,6.6,0.0545624173694,0.0610250815961,0.3777036544,0,0,vector_geometry_exact_axis_scale_reconstructed_candidate
UGC04499,calibration,Elson_2017_WHISP_vector_appendix,profiles1_V2.pdf,9,0,0,0,5.326458008,13,9.012677866,7.2,0.0733251952822,0.0494616987718,0.1627155075,0,0,vector_geometry_exact_axis_scale_reconstructed_candidate
UGC04499,calibration,Elson_2017_WHISP_vector_appendix,profiles1_V2.pdf,9,1,0.2245290406,3.562498659,5.539489883,13,9.012677866,7.2,0.0733251952822,0.0494616987718,0.1627155075,0,0,vector_geometry_exact_axis_scale_reconstructed_candidate
UGC04499,calibration,Elson_2017_WHISP_vector_appendix,profiles1_V2.pdf,9,2,0.4466237354,7.086372675,5.75380781,13,9.012677866,7.2,0.0733251952822,0.0494616987718,0.1627155075,0,0,vector_geometry_exact_axis_scale_reconstructed_candidate
UGC04499,calibration,Elson_2017_WHISP_vector_appendix,profiles1_V2.pdf,9,3,0.6711821459,10.64933733,5.968521213,13,9.012677866,7.2,0.0733251952822,0.0494616987718,0.1627155075,0,0,vector_geometry_exact_axis_scale_reconstructed_candidate
UGC04499,calibration,Elson_2017_WHISP_vector_appendix,profiles1_V2.pdf,9,4,0.8956818167,14.21136999,6.18283914,13,9.012677866,7.2,0.0733251952822,0.0494616987718,0.1627155075,0,0,vector_geometry_exact_axis_scale_reconstructed_candidate
UGC04499,calibration,Elson_2017_WHISP_vector_appendix,profiles1_V2.pdf,9,5,1.118289786,17.74338789,6.39621517,13,9.012677866,7.2,0.0733251952822,0.0494616987718,0.1627155075,0,0,vector_geometry_exact_axis_scale_reconstructed_candidate
UGC04499,calibration,Elson_2017_WHISP_vector_appendix,profiles1_V2.pdf,9,6,1.342334922,21.29820867,6.6105814,13,9.012677866,7.2,0.0733251952822,0.0494616987718,0.1627155075,0,0,vector_geometry_exact_axis_scale_reconstructed_candidate
UGC04499,calibration,Elson_2017_WHISP_vector_appendix,profiles1_V2.pdf,9,7,1.566863963,24.86070733,6.825294803,13,9.012677866,7.2,0.0733251952822,0.0494616987718,0.1627155075,0,0,vector_geometry_exact_axis_scale_reconstructed_candidate
UGC04499,calibration,Elson_2017_WHISP_vector_appendix,profiles1_V2.pdf,9,8,1.789449834,28.39237462,7.039664052,13,9.012677866,7.2,0.0733251952822,0.0494616987718,0.1627155075,0,0,vector_geometry_exact_axis_scale_reconstructed_candidate
UGC04499,calibration,Elson_2017_WHISP_vector_appendix,profiles1_V2.pdf,9,9,2.013979154,31.95487771,7.25422651,13,9.012677866,7.2,0.0733251952822,0.0494616987718,0.1627155075,0,0,vector_geometry_exact_axis_scale_reconstructed_candidate
UGC04499,calibration,Elson_2017_WHISP_vector_appendix,profiles1_V2.pdf,9,10,2.236074129,35.47875617,7.467309706,13,9.012677866,7.2,0.0733251952822,0.0494616987718,0.1627155075,0,0,vector_geometry_exact_axis_scale_reconstructed_candidate
UGC04499,calibration,Elson_2017_WHISP_vector_appendix,profiles1_V2.pdf,9,11,2.46060289,39.04125039,7.596355713,13,9.012677866,7.2,0.0733251952822,0.0494616987718,0.1627155075,0,0,vector_geometry_exact_axis_scale_reconstructed_candidate
UGC04499,calibration,Elson_2017_WHISP_vector_appendix,profiles1_V2.pdf,9,12,2.68513221,42.60375349,7.580871762,13,9.012677866,7.2,0.0733251952822,0.0494616987718,0.1627155075,0,0,vector_geometry_exact_axis_scale_reconstructed_candidate
UGC04499,calibration,Elson_2017_WHISP_vector_appendix,profiles1_V2.pdf,9,13,2.907710809,46.13530539,7.564104777,13,9.012677866,7.2,0.0733251952822,0.0494616987718,0.1627155075,0,0,vector_geometry_exact_axis_scale_reconstructed_candidate
UGC04499,calibration,Elson_2017_WHISP_vector_appendix,profiles1_V2.pdf,9,14,3.13223957,49.69779961,7.548672148,13,9.012677866,7.2,0.0733251952822,0.0494616987718,0.1627155075,0,0,vector_geometry_exact_axis_scale_reconstructed_candidate
UGC04499,calibration,Elson_2017_WHISP_vector_appendix,profiles1_V2.pdf,9,15,3.356797981,53.26076427,7.531805539,13,9.012677866,7.2,0.0733251952822,0.0494616987718,0.1627155075,0,0,vector_geometry_exact_axis_scale_reconstructed_candidate
UGC04499,calibration,Elson_2017_WHISP_vector_appendix,profiles1_V2.pdf,9,16,3.578870858,56.78429211,7.51637291,13,9.012677866,7.2,0.0733251952822,0.0494616987718,0.1627155075,0,0,vector_geometry_exact_axis_scale_reconstructed_candidate
UGC04499,calibration,Elson_2017_WHISP_vector_appendix,profiles1_V2.pdf,9,17,3.803429268,60.34725677,7.499605925,13,9.012677866,7.2,0.0733251952822,0.0494616987718,0.1627155075,0,0,vector_geometry_exact_axis_scale_reconstructed_candidate
UGC04499,calibration,Elson_2017_WHISP_vector_appendix,profiles1_V2.pdf,9,18,4.027928939,63.90928943,7.19962362,13,9.012677866,7.2,0.0733251952822,0.0494616987718,0.1627155075,0,0,vector_geometry_exact_axis_scale_reconstructed_candidate
UGC04499,calibration,Elson_2017_WHISP_vector_appendix,profiles1_V2.pdf,9,19,4.250537188,67.44131177,6.804225882,13,9.012677866,7.2,0.0733251952822,0.0494616987718,0.1627155075,0,0,vector_geometry_exact_axis_scale_reconstructed_candidate
UGC04499,calibration,Elson_2017_WHISP_vector_appendix,profiles1_V2.pdf,9,20,4.475065948,71.00380599,6.408728521,13,9.012677866,7.2,0.0733251952822,0.0494616987718,0.1627155075,0,0,vector_geometry_exact_axis_scale_reconstructed_candidate
UGC04499,calibration,Elson_2017_WHISP_vector_appendix,profiles1_V2.pdf,9,21,4.697131553,74.52721844,6.014619855,13,9.012677866,7.2,0.0733251952822,0.0494616987718,0.1627155075,0,0,vector_geometry_exact_axis_scale_reconstructed_candidate
UGC04499,calibration,Elson_2017_WHISP_vector_appendix,profiles1_V2.pdf,9,22,4.921668146,78.08983693,5.619469667,13,9.012677866,7.2,0.0733251952822,0.0494616987718,0.1627155075,0,0,vector_geometry_exact_axis_scale_reconstructed_candidate
UGC04499,calibration,Elson_2017_WHISP_vector_appendix,profiles1_V2.pdf,9,23,5.146189634,81.65221576,5.224071929,13,9.012677866,7.2,0.0733251952822,0.0494616987718,0.1627155075,0,0,vector_geometry_exact_axis_scale_reconstructed_candidate
UGC04499,calibration,Elson_2017_WHISP_vector_appendix,profiles1_V2.pdf,9,24,5.368804596,85.18434461,4.828625889,13,9.012677866,7.2,0.0733251952822,0.0494616987718,0.1627155075,0,0,vector_geometry_exact_axis_scale_reconstructed_candidate
UGC04499,calibration,Elson_2017_WHISP_vector_appendix,profiles1_V2.pdf,9,25,5.593326644,88.74673232,4.507568626,13,9.012677866,7.2,0.0733251952822,0.0494616987718,0.1627155075,0,0,vector_geometry_exact_axis_scale_reconstructed_candidate
UGC04499,calibration,Elson_2017_WHISP_vector_appendix,profiles1_V2.pdf,9,26,5.817408982,92.30214336,4.204667042,13,9.012677866,7.2,0.0733251952822,0.0494616987718,0.1627155075,0,0,vector_geometry_exact_axis_scale_reconstructed_candidate
UGC04499,calibration,Elson_2017_WHISP_vector_appendix,profiles1_V2.pdf,9,27,6.039950659,95.83310943,3.903395666,13,9.012677866,7.2,0.0733251952822,0.0494616987718,0.1627155075,0,0,vector_geometry_exact_axis_scale_reconstructed_candidate
UGC04499,calibration,Elson_2017_WHISP_vector_appendix,profiles1_V2.pdf,9,28,6.264472147,99.39548827,3.600491063,13,9.012677866,7.2,0.0733251952822,0.0494616987718,0.1627155075,0,0,vector_geometry_exact_axis_scale_reconstructed_candidate
UGC04499,calibration,Elson_2017_WHISP_vector_appendix,profiles1_V2.pdf,9,29,6.487087668,102.927626,3.298863456,13,9.012677866,7.2,0.0733251952822,0.0494616987718,0.1627155075,0,0,vector_geometry_exact_axis_scale_reconstructed_candidate
UGC04499,calibration,Elson_2017_WHISP_vector_appendix,profiles1_V2.pdf,9,30,6.711096162,106.4818654,2.995949797,13,9.012677866,7.2,0.0733251952822,0.0494616987718,0.1627155075,0,0,vector_geometry_exact_axis_scale_reconstructed_candidate
UGC04499,calibration,Elson_2017_WHISP_vector_appendix,profiles1_V2.pdf,9,31,6.935617651,110.0442442,2.697304866,13,9.012677866,7.2,0.0733251952822,0.0494616987718,0.1627155075,0,0,vector_geometry_exact_axis_scale_reconstructed_candidate
UGC04499,calibration,Elson_2017_WHISP_vector_appendix,profiles1_V2.pdf,9,32,7.158233731,113.5763908,2.476043463,13,9.012677866,7.2,0.0733251952822,0.0494616987718,0.1627155075,0,0,vector_geometry_exact_axis_scale_reconstructed_candidate
UGC04499,calibration,Elson_2017_WHISP_vector_appendix,profiles1_V2.pdf,9,33,7.38275522,117.1387696,2.273870581,13,9.012677866,7.2,0.0733251952822,0.0494616987718,0.1627155075,0,0,vector_geometry_exact_axis_scale_reconstructed_candidate
UGC04499,calibration,Elson_2017_WHISP_vector_appendix,profiles1_V2.pdf,9,34,7.607350552,120.7023201,2.072041853,13,9.012677866,7.2,0.0733251952822,0.0494616987718,0.1627155075,0,0,vector_geometry_exact_axis_scale_reconstructed_candidate
UGC04499,calibration,Elson_2017_WHISP_vector_appendix,profiles1_V2.pdf,9,35,7.829378116,124.225129,1.870216145,13,9.012677866,7.2,0.0733251952822,0.0494616987718,0.1627155075,0,0,vector_geometry_exact_axis_scale_reconstructed_candidate
UGC04499,calibration,Elson_2017_WHISP_vector_appendix,profiles1_V2.pdf,9,36,8.053973449,127.7886795,1.668369304,13,9.012677866,7.2,0.0733251952822,0.0494616987718,0.1627155075,0,0,vector_geometry_exact_axis_scale_reconstructed_candidate
UGC04499,calibration,Elson_2017_WHISP_vector_appendix,profiles1_V2.pdf,9,37,8.278494937,131.3510583,1.467856818,13,9.012677866,7.2,0.0733251952822,0.0494616987718,0.1627155075,0,0,vector_geometry_exact_axis_scale_reconstructed_candidate
UGC04499,calibration,Elson_2017_WHISP_vector_appendix,profiles1_V2.pdf,9,38,8.501037173,134.8820333,1.275881788,13,9.012677866,7.2,0.0733251952822,0.0494616987718,0.1627155075,0,0,vector_geometry_exact_axis_scale_reconstructed_candidate
UGC04499,calibration,Elson_2017_WHISP_vector_appendix,profiles1_V2.pdf,9,39,8.72555978,138.4444299,1.155050215,13,9.012677866,7.2,0.0733251952822,0.0494616987718,0.1627155075,0,0,vector_geometry_exact_axis_scale_reconstructed_candidate
UGC04499,calibration,Elson_2017_WHISP_vector_appendix,profiles1_V2.pdf,9,40,8.947587344,141.9672387,1.034541664,13,9.012677866,7.2,0.0733251952822,0.0494616987718,0.1627155075,0,0,vector_geometry_exact_axis_scale_reconstructed_candidate
UGC04499,calibration,Elson_2017_WHISP_vector_appendix,profiles1_V2.pdf,9,41,9.172182677,145.5307892,0.9153553931,13,9.012677866,7.2,0.0733251952822,0.0494616987718,0.1627155075,0,0,vector_geometry_exact_axis_scale_reconstructed_candidate
UGC04499,calibration,Elson_2017_WHISP_vector_appendix,profiles1_V2.pdf,9,42,9.396704165,149.093168,0.7948498615,13,9.012677866,7.2,0.0733251952822,0.0494616987718,0.1627155075,0,0,vector_geometry_exact_axis_scale_reconstructed_candidate
UGC04499,calibration,Elson_2017_WHISP_vector_appendix,profiles1_V2.pdf,9,43,9.619246401,152.624143,0.6756575525,13,9.012677866,7.2,0.0733251952822,0.0494616987718,0.1627155075,0,0,vector_geometry_exact_axis_scale_reconstructed_candidate
UGC04499,calibration,Elson_2017_WHISP_vector_appendix,profiles1_V2.pdf,9,44,9.843841734,156.1876935,0.5551339075,13,9.012677866,7.2,0.0733251952822,0.0494616987718,0.1627155075,0,0,vector_geometry_exact_axis_scale_reconstructed_candidate
UGC04499,calibration,Elson_2017_WHISP_vector_appendix,profiles1_V2.pdf,9,45,10.06836322,159.7500723,0.4725005079,13,9.012677866,7.2,0.0733251952822,0.0494616987718,0.1627155075,0,0,vector_geometry_exact_axis_scale_reconstructed_candidate
UGC04499,calibration,Elson_2017_WHISP_vector_appendix,profiles1_V2.pdf,9,46,10.29053847,163.2752245,0.4260697873,13,9.012677866,7.2,0.0733251952822,0.0494616987718,0.1627155075,0,0,vector_geometry_exact_axis_scale_reconstructed_candidate
UGC04499,calibration,Elson_2017_WHISP_vector_appendix,profiles1_V2.pdf,9,47,10.51498724,166.8364494,0.3812813496,13,9.012677866,7.2,0.0733251952822,0.0494616987718,0.1627155075,0,0,vector_geometry_exact_axis_scale_reconstructed_candidate
UGC04499,calibration,Elson_2017_WHISP_vector_appendix,profiles1_V2.pdf,9,48,10.73767492,170.3697322,0.3348566667,13,9.012677866,7.2,0.0733251952822,0.0494616987718,0.1627155075,0,0,vector_geometry_exact_axis_scale_reconstructed_candidate
UGC04499,calibration,Elson_2017_WHISP_vector_appendix,profiles1_V2.pdf,9,49,10.96219753,173.9321288,0.2900893614,13,9.012677866,7.2,0.0733251952822,0.0494616987718,0.1627155075,0,0,vector_geometry_exact_axis_scale_reconstructed_candidate
UGC05414,calibration,Elson_2017_WHISP_vector_appendix,profiles2_V2.pdf,0,0,0,0,7.984139224,10,7.078273095,6,0.0678148740052,0.0542168718376,0.5089427028,0,0,vector_geometry_exact_axis_scale_reconstructed_candidate
UGC05414,calibration,Elson_2017_WHISP_vector_appendix,profiles2_V2.pdf,0,1,0.2076558889,4.283214191,7.861122121,10,7.078273095,6,0.0678148740052,0.0542168718376,0.5089427028,0,0,vector_geometry_exact_axis_scale_reconstructed_candidate
UGC05414,calibration,Elson_2017_WHISP_vector_appendix,profiles2_V2.pdf,0,2,0.4130603707,8.519989735,7.736642381,10,7.078273095,6,0.0678148740052,0.0542168718376,0.5089427028,0,0,vector_geometry_exact_axis_scale_reconstructed_candidate
UGC05414,calibration,Elson_2017_WHISP_vector_appendix,profiles2_V2.pdf,0,3,0.6207434223,12.8037642,7.613569023,10,7.078273095,6,0.0678148740052,0.0542168718376,0.5089427028,0,0,vector_geometry_exact_axis_scale_reconstructed_candidate
UGC05414,calibration,Elson_2017_WHISP_vector_appendix,profiles2_V2.pdf,0,4,0.8283721484,17.08641812,7.490876215,10,7.078273095,6,0.0678148740052,0.0542168718376,0.5089427028,0,0,vector_geometry_exact_axis_scale_reconstructed_candidate
UGC05414,calibration,Elson_2017_WHISP_vector_appendix,profiles2_V2.pdf,0,5,1.034251332,21.3329851,7.36633691,10,7.078273095,6,0.0678148740052,0.0542168718376,0.5089427028,0,0,vector_geometry_exact_axis_scale_reconstructed_candidate
UGC05414,calibration,Elson_2017_WHISP_vector_appendix,profiles2_V2.pdf,0,6,1.241459682,25.60696813,7.243266862,10,7.078273095,6,0.0678148740052,0.0542168718376,0.5089427028,0,0,vector_geometry_exact_axis_scale_reconstructed_candidate
UGC05414,calibration,Elson_2017_WHISP_vector_appendix,profiles2_V2.pdf,0,7,1.449115571,29.89018232,7.118727557,10,7.078273095,6,0.0678148740052,0.0542168718376,0.5089427028,0,0,vector_geometry_exact_axis_scale_reconstructed_candidate
UGC05414,calibration,Elson_2017_WHISP_vector_appendix,profiles2_V2.pdf,0,8,1.654974318,34.13632777,6.995981803,10,7.078273095,6,0.0678148740052,0.0542168718376,0.5089427028,0,0,vector_geometry_exact_axis_scale_reconstructed_candidate
UGC05414,calibration,Elson_2017_WHISP_vector_appendix,profiles2_V2.pdf,0,9,1.862630465,38.41954729,6.871555009,10,7.078273095,6,0.0678148740052,0.0542168718376,0.5089427028,0,0,vector_geometry_exact_axis_scale_reconstructed_candidate
UGC05414,calibration,Elson_2017_WHISP_vector_appendix,profiles2_V2.pdf,0,10,2.068035206,42.65632817,6.748375758,10,7.078273095,6,0.0678148740052,0.0542168718376,0.5089427028,0,0,vector_geometry_exact_axis_scale_reconstructed_candidate
UGC05414,calibration,Elson_2017_WHISP_vector_appendix,profiles2_V2.pdf,0,11,2.275690836,46.93953703,6.630017918,10,7.078273095,6,0.0678148740052,0.0542168718376,0.5089427028,0,0,vector_geometry_exact_axis_scale_reconstructed_candidate
UGC05414,calibration,Elson_2017_WHISP_vector_appendix,profiles2_V2.pdf,0,12,2.483346984,51.22275656,6.525704048,10,7.078273095,6,0.0678148740052,0.0542168718376,0.5089427028,0,0,vector_geometry_exact_axis_scale_reconstructed_candidate
UGC05414,calibration,Elson_2017_WHISP_vector_appendix,profiles2_V2.pdf,0,13,2.689199005,55.46876327,6.421118828,10,7.078273095,6,0.0678148740052,0.0542168718376,0.5089427028,0,0,vector_geometry_exact_axis_scale_reconstructed_candidate
UGC05414,calibration,Elson_2017_WHISP_vector_appendix,profiles2_V2.pdf,0,14,2.896854635,59.75197212,6.316427717,10,7.078273095,6,0.0678148740052,0.0542168718376,0.5089427028,0,0,vector_geometry_exact_axis_scale_reconstructed_candidate
UGC05414,calibration,Elson_2017_WHISP_vector_appendix,profiles2_V2.pdf,0,15,3.104537686,64.03574659,6.213523538,10,7.078273095,6,0.0678148740052,0.0542168718376,0.5089427028,0,0,vector_geometry_exact_axis_scale_reconstructed_candidate
UGC05414,calibration,Elson_2017_WHISP_vector_appendix,profiles2_V2.pdf,0,16,3.30992199,68.27210593,6.109318869,10,7.078273095,6,0.0678148740052,0.0542168718376,0.5089427028,0,0,vector_geometry_exact_axis_scale_reconstructed_candidate
UGC05414,calibration,Elson_2017_WHISP_vector_appendix,profiles2_V2.pdf,0,17,3.517605042,72.55588039,6.004627757,10,7.078273095,6,0.0678148740052,0.0542168718376,0.5089427028,0,0,vector_geometry_exact_axis_scale_reconstructed_candidate
UGC05414,calibration,Elson_2017_WHISP_vector_appendix,profiles2_V2.pdf,0,18,3.725233768,76.83853431,5.717278999,10,7.078273095,6,0.0678148740052,0.0542168718376,0.5089427028,0,0,vector_geometry_exact_axis_scale_reconstructed_candidate
UGC05414,calibration,Elson_2017_WHISP_vector_appendix,profiles2_V2.pdf,0,19,3.93111321,81.08510663,5.425317305,10,7.078273095,6,0.0678148740052,0.0542168718376,0.5089427028,0,0,vector_geometry_exact_axis_scale_reconstructed_candidate
UGC05414,calibration,Elson_2017_WHISP_vector_appendix,profiles2_V2.pdf,0,20,4.138768841,85.36831549,5.133309284,10,7.078273095,6,0.0678148740052,0.0542168718376,0.5089427028,0,0,vector_geometry_exact_axis_scale_reconstructed_candidate
UGC05414,calibration,Elson_2017_WHISP_vector_appendix,profiles2_V2.pdf,0,21,4.344146418,89.6045361,4.842757282,10,7.078273095,6,0.0678148740052,0.0542168718376,0.5089427028,0,0,vector_geometry_exact_axis_scale_reconstructed_candidate
UGC05414,calibration,Elson_2017_WHISP_vector_appendix,profiles2_V2.pdf,0,22,4.551809292,93.88789436,4.550802207,10,7.078273095,6,0.0678148740052,0.0542168718376,0.5089427028,0,0,vector_geometry_exact_axis_scale_reconstructed_candidate
UGC05414,calibration,Elson_2017_WHISP_vector_appendix,profiles2_V2.pdf,0,23,4.759458196,98.17096448,4.258847132,10,7.078273095,6,0.0678148740052,0.0542168718376,0.5089427028,0,0,vector_geometry_exact_axis_scale_reconstructed_candidate
UGC05414,calibration,Elson_2017_WHISP_vector_appendix,profiles2_V2.pdf,0,24,4.965343847,102.4176649,3.925355791,10,7.078273095,6,0.0678148740052,0.0542168718376,0.5089427028,0,0,vector_geometry_exact_axis_scale_reconstructed_candidate
UGC05414,calibration,Elson_2017_WHISP_vector_appendix,profiles2_V2.pdf,0,25,5.172993269,106.7007457,3.559391906,10,7.078273095,6,0.0678148740052,0.0542168718376,0.5089427028,0,0,vector_geometry_exact_axis_scale_reconstructed_candidate
UGC05414,calibration,Elson_2017_WHISP_vector_appendix,profiles2_V2.pdf,0,26,5.380236024,110.9754384,3.193808572,10,7.078273095,6,0.0678148740052,0.0542168718376,0.5089427028,0,0,vector_geometry_exact_axis_scale_reconstructed_candidate
UGC05414,calibration,Elson_2017_WHISP_vector_appendix,profiles2_V2.pdf,0,27,5.586053898,115.2207407,2.829578674,10,7.078273095,6,0.0678148740052,0.0542168718376,0.5089427028,0,0,vector_geometry_exact_axis_scale_reconstructed_candidate
UGC05414,calibration,Elson_2017_WHISP_vector_appendix,profiles2_V2.pdf,0,28,5.793702802,119.5038108,2.463614789,10,7.078273095,6,0.0678148740052,0.0542168718376,0.5089427028,0,0,vector_geometry_exact_axis_scale_reconstructed_candidate
UGC05414,calibration,Elson_2017_WHISP_vector_appendix,profiles2_V2.pdf,0,29,5.999588971,123.7505219,2.098031454,10,7.078273095,6,0.0678148740052,0.0542168718376,0.5089427028,0,0,vector_geometry_exact_axis_scale_reconstructed_candidate
UGC05414,calibration,Elson_2017_WHISP_vector_appendix,profiles2_V2.pdf,0,30,6.206763432,128.0238059,1.732120516,10,7.078273095,6,0.0678148740052,0.0542168718376,0.5089427028,0,0,vector_geometry_exact_axis_scale_reconstructed_candidate
UGC05414,calibration,Elson_2017_WHISP_vector_appendix,profiles2_V2.pdf,0,31,6.414412336,132.306876,1.530703381,10,7.078273095,6,0.0678148740052,0.0542168718376,0.5089427028,0,0,vector_geometry_exact_axis_scale_reconstructed_candidate
UGC05414,calibration,Elson_2017_WHISP_vector_appendix,profiles2_V2.pdf,0,32,6.620299022,136.5535978,1.36642798,10,7.078273095,6,0.0678148740052,0.0542168718376,0.5089427028,0,0,vector_geometry_exact_axis_scale_reconstructed_candidate
UGC05414,calibration,Elson_2017_WHISP_vector_appendix,profiles2_V2.pdf,0,33,6.827947926,140.8366679,1.200468229,10,7.078273095,6,0.0678148740052,0.0542168718376,0.5089427028,0,0,vector_geometry_exact_axis_scale_reconstructed_candidate
UGC05414,calibration,Elson_2017_WHISP_vector_appendix,profiles2_V2.pdf,0,34,7.035665125,145.1211467,1.034458841,10,7.078273095,6,0.0678148740052,0.0542168718376,0.5089427028,0,0,vector_geometry_exact_axis_scale_reconstructed_candidate
UGC05414,calibration,Elson_2017_WHISP_vector_appendix,profiles2_V2.pdf,0,35,7.24100752,149.3566416,0.868389889,10,7.078273095,6,0.0678148740052,0.0542168718376,0.5089427028,0,0,vector_geometry_exact_axis_scale_reconstructed_candidate
UGC05414,calibration,Elson_2017_WHISP_vector_appendix,profiles2_V2.pdf,0,36,7.448724719,153.6411204,0.703843139,10,7.078273095,6,0.0678148740052,0.0542168718376,0.5089427028,0,0,vector_geometry_exact_axis_scale_reconstructed_candidate
UGC05414,calibration,Elson_2017_WHISP_vector_appendix,profiles2_V2.pdf,0,37,7.656373624,157.9241905,0.5457988397,10,7.078273095,6,0.0678148740052,0.0542168718376,0.5089427028,0,0,vector_geometry_exact_axis_scale_reconstructed_candidate
UGC05414,calibration,Elson_2017_WHISP_vector_appendix,profiles2_V2.pdf,0,38,7.862192015,162.1695036,0.4778689114,10,7.078273095,6,0.0678148740052,0.0542168718376,0.5089427028,0,0,vector_geometry_exact_axis_scale_reconstructed_candidate
UGC05414,calibration,Elson_2017_WHISP_vector_appendix,profiles2_V2.pdf,0,39,8.069841953,166.4525951,0.4212098978,10,7.078273095,6,0.0678148740052,0.0542168718376,0.5089427028,0,0,vector_geometry_exact_axis_scale_reconstructed_candidate
UGC05414,calibration,Elson_2017_WHISP_vector_appendix,profiles2_V2.pdf,0,40,8.275184349,170.68809,0.364229898,10,7.078273095,6,0.0678148740052,0.0542168718376,0.5089427028,0,0,vector_geometry_exact_axis_scale_reconstructed_candidate
UGC05414,calibration,Elson_2017_WHISP_vector_appendix,profiles2_V2.pdf,0,41,8.482901548,174.9725688,0.3075708844,10,7.078273095,6,0.0678148740052,0.0542168718376,0.5089427028,0,0,vector_geometry_exact_axis_scale_reconstructed_candidate
UGC05414,calibration,Elson_2017_WHISP_vector_appendix,profiles2_V2.pdf,0,42,8.690550452,179.2556389,0.2504816832,10,7.078273095,6,0.0678148740052,0.0542168718376,0.5089427028,0,0,vector_geometry_exact_axis_scale_reconstructed_candidate
UGC05414,calibration,Elson_2017_WHISP_vector_appendix,profiles2_V2.pdf,0,43,8.896368843,183.5009519,0.1953448717,10,7.078273095,6,0.0678148740052,0.0542168718376,0.5089427028,0,0,vector_geometry_exact_axis_scale_reconstructed_candidate
UGC05414,calibration,Elson_2017_WHISP_vector_appendix,profiles2_V2.pdf,0,44,9.104086042,187.7854308,0.1461678129,10,7.078273095,6,0.0678148740052,0.0542168718376,0.5089427028,0,0,vector_geometry_exact_axis_scale_reconstructed_candidate
UGC05414,calibration,Elson_2017_WHISP_vector_appendix,profiles2_V2.pdf,0,45,9.311734946,192.0685009,0.1306612051,10,7.078273095,6,0.0678148740052,0.0542168718376,0.5089427028,0,0,vector_geometry_exact_axis_scale_reconstructed_candidate
UGC05414,calibration,Elson_2017_WHISP_vector_appendix,profiles2_V2.pdf,0,46,9.517213932,196.3068132,0.1137449057,10,7.078273095,6,0.0678148740052,0.0542168718376,0.5089427028,0,0,vector_geometry_exact_axis_scale_reconstructed_candidate
UGC05414,calibration,Elson_2017_WHISP_vector_appendix,profiles2_V2.pdf,0,47,9.724795576,200.5884959,0.09861884854,10,7.078273095,6,0.0678148740052,0.0542168718376,0.5089427028,0,0,vector_geometry_exact_axis_scale_reconstructed_candidate
UGC05414,calibration,Elson_2017_WHISP_vector_appendix,profiles2_V2.pdf,0,48,9.930748487,204.8365837,0.08306260376,10,7.078273095,6,0.0678148740052,0.0542168718376,0.5089427028,0,0,vector_geometry_exact_axis_scale_reconstructed_candidate
UGC05414,calibration,Elson_2017_WHISP_vector_appendix,profiles2_V2.pdf,0,49,10.13839843,209.1196751,0.06755268687,10,7.078273095,6,0.0678148740052,0.0542168718376,0.5089427028,0,0,vector_geometry_exact_axis_scale_reconstructed_candidate
UGC05721,blind,Elson_2017_WHISP_vector_appendix,profiles2_V2.pdf,1,0,0,0,13.04581522,6.7,7.308559377,11.7,0.0657924322582,0.10222391251,0.1840043633,0,0,vector_geometry_exact_axis_scale_reconstructed_candidate
UGC05721,blind,Elson_2017_WHISP_vector_appendix,profiles2_V2.pdf,1,1,0.2014551908,6.201963421,12.76735738,6.7,7.308559377,11.7,0.0657924322582,0.10222391251,0.1840043633,0,0,vector_geometry_exact_axis_scale_reconstructed_candidate
UGC05721,blind,Elson_2017_WHISP_vector_appendix,profiles2_V2.pdf,1,2,0.4011374714,12.34934635,12.49176336,6.7,7.308559377,11.7,0.0657924322582,0.10222391251,0.1840043633,0,0,vector_geometry_exact_axis_scale_reconstructed_candidate
UGC05721,blind,Elson_2017_WHISP_vector_appendix,profiles2_V2.pdf,1,3,0.6025926622,18.55130977,12.21432876,6.7,7.308559377,11.7,0.0657924322582,0.10222391251,0.1840043633,0,0,vector_geometry_exact_axis_scale_reconstructed_candidate
UGC05721,blind,Elson_2017_WHISP_vector_appendix,profiles2_V2.pdf,1,4,0.8036543191,24.74115793,11.93587092,6.7,7.308559377,11.7,0.0657924322582,0.10222391251,0.1840043633,0,0,vector_geometry_exact_axis_scale_reconstructed_candidate
UGC05721,blind,Elson_2017_WHISP_vector_appendix,profiles2_V2.pdf,1,5,1.003334592,30.88847905,11.65750667,6.7,7.308559377,11.7,0.0657924322582,0.10222391251,0.1840043633,0,0,vector_geometry_exact_axis_scale_reconstructed_candidate
UGC05721,blind,Elson_2017_WHISP_vector_appendix,profiles2_V2.pdf,1,6,1.204789783,37.09044247,11.37925473,6.7,7.308559377,11.7,0.0657924322582,0.10222391251,0.1840043633,0,0,vector_geometry_exact_axis_scale_reconstructed_candidate
UGC05721,blind,Elson_2017_WHISP_vector_appendix,profiles2_V2.pdf,1,7,1.40631324,43.29450751,11.09813897,6.7,7.308559377,11.7,0.0657924322582,0.10222391251,0.1840043633,0,0,vector_geometry_exact_axis_scale_reconstructed_candidate
UGC05721,blind,Elson_2017_WHISP_vector_appendix,profiles2_V2.pdf,1,8,1.60553372,49.42767355,10.34771288,6.7,7.308559377,11.7,0.0657924322582,0.10222391251,0.1840043633,0,0,vector_geometry_exact_axis_scale_reconstructed_candidate
UGC05721,blind,Elson_2017_WHISP_vector_appendix,profiles2_V2.pdf,1,9,1.807055169,55.63167679,9.53380863,6.7,7.308559377,11.7,0.0657924322582,0.10222391251,0.1840043633,0,0,vector_geometry_exact_axis_scale_reconstructed_candidate
UGC05721,blind,Elson_2017_WHISP_vector_appendix,profiles2_V2.pdf,1,10,2.006669184,61.77695809,8.72194462,6.7,7.308559377,11.7,0.0657924322582,0.10222391251,0.1840043633,0,0,vector_geometry_exact_axis_scale_reconstructed_candidate
UGC05721,blind,Elson_2017_WHISP_vector_appendix,profiles2_V2.pdf,1,11,2.208190633,67.98096133,7.913456046,6.7,7.308559377,11.7,0.0657924322582,0.10222391251,0.1840043633,0,0,vector_geometry_exact_axis_scale_reconstructed_candidate
UGC05721,blind,Elson_2017_WHISP_vector_appendix,profiles2_V2.pdf,1,12,2.409647831,74.18298656,7.470419206,6.7,7.308559377,11.7,0.0657924322582,0.10222391251,0.1840043633,0,0,vector_geometry_exact_axis_scale_reconstructed_candidate
UGC05721,blind,Elson_2017_WHISP_vector_appendix,profiles2_V2.pdf,1,13,2.608868312,80.3161526,7.116722223,6.7,7.308559377,11.7,0.0657924322582,0.10222391251,0.1840043633,0,0,vector_geometry_exact_axis_scale_reconstructed_candidate
UGC05721,blind,Elson_2017_WHISP_vector_appendix,profiles2_V2.pdf,1,14,2.810389761,86.52015584,6.760785347,6.7,7.308559377,11.7,0.0657924322582,0.10222391251,0.1840043633,0,0,vector_geometry_exact_axis_scale_reconstructed_candidate
UGC05721,blind,Elson_2017_WHISP_vector_appendix,profiles2_V2.pdf,1,15,3.01184696,92.72218107,6.406988536,6.7,7.308559377,11.7,0.0657924322582,0.10222391251,0.1840043633,0,0,vector_geometry_exact_axis_scale_reconstructed_candidate
UGC05721,blind,Elson_2017_WHISP_vector_appendix,profiles2_V2.pdf,1,16,3.211525225,98.86944037,5.928575135,6.7,7.308559377,11.7,0.0657924322582,0.10222391251,0.1840043633,0,0,vector_geometry_exact_axis_scale_reconstructed_candidate
UGC05721,blind,Elson_2017_WHISP_vector_appendix,profiles2_V2.pdf,1,17,3.413048682,105.0735054,5.433097378,6.7,7.308559377,11.7,0.0657924322582,0.10222391251,0.1840043633,0,0,vector_geometry_exact_axis_scale_reconstructed_candidate
UGC05721,blind,Elson_2017_WHISP_vector_appendix,profiles2_V2.pdf,1,18,3.614503872,111.2754688,4.935061528,6.7,7.308559377,11.7,0.0657924322582,0.10222391251,0.1840043633,0,0,vector_geometry_exact_axis_scale_reconstructed_candidate
UGC05721,blind,Elson_2017_WHISP_vector_appendix,profiles2_V2.pdf,1,19,3.813724353,117.4086349,4.4396836,6.7,7.308559377,11.7,0.0657924322582,0.10222391251,0.1840043633,0,0,vector_geometry_exact_axis_scale_reconstructed_candidate
UGC05721,blind,Elson_2017_WHISP_vector_appendix,profiles2_V2.pdf,1,20,4.01524781,123.6126999,3.952385503,6.7,7.308559377,11.7,0.0657924322582,0.10222391251,0.1840043633,0,0,vector_geometry_exact_axis_scale_reconstructed_candidate
UGC05721,blind,Elson_2017_WHISP_vector_appendix,profiles2_V2.pdf,1,21,4.215058591,129.7640389,3.570069069,6.7,7.308559377,11.7,0.0657924322582,0.10222391251,0.1840043633,0,0,vector_geometry_exact_axis_scale_reconstructed_candidate
UGC05721,blind,Elson_2017_WHISP_vector_appendix,profiles2_V2.pdf,1,22,4.416383274,135.9619845,3.193580096,6.7,7.308559377,11.7,0.0657924322582,0.10222391251,0.1840043633,0,0,vector_geometry_exact_axis_scale_reconstructed_candidate
UGC05721,blind,Elson_2017_WHISP_vector_appendix,profiles2_V2.pdf,1,23,4.617904723,142.1659877,2.819337254,6.7,7.308559377,11.7,0.0657924322582,0.10222391251,0.1840043633,0,0,vector_geometry_exact_axis_scale_reconstructed_candidate
UGC05721,blind,Elson_2017_WHISP_vector_appendix,profiles2_V2.pdf,1,24,4.817255712,148.3031716,2.451938872,6.7,7.308559377,11.7,0.0657924322582,0.10222391251,0.1840043633,0,0,vector_geometry_exact_axis_scale_reconstructed_candidate
UGC05721,blind,Elson_2017_WHISP_vector_appendix,profiles2_V2.pdf,1,25,5.018712911,154.5051968,2.30964648,6.7,7.308559377,11.7,0.0657924322582,0.10222391251,0.1840043633,0,0,vector_geometry_exact_axis_scale_reconstructed_candidate
UGC05721,blind,Elson_2017_WHISP_vector_appendix,profiles2_V2.pdf,1,26,5.220103851,160.7051822,2.170823113,6.7,7.308559377,11.7,0.0657924322582,0.10222391251,0.1840043633,0,0,vector_geometry_exact_axis_scale_reconstructed_candidate
UGC05721,blind,Elson_2017_WHISP_vector_appendix,profiles2_V2.pdf,1,27,5.419850382,166.8545431,2.034052459,6.7,7.308559377,11.7,0.0657924322582,0.10222391251,0.1840043633,0,0,vector_geometry_exact_axis_scale_reconstructed_candidate
UGC05721,blind,Elson_2017_WHISP_vector_appendix,profiles2_V2.pdf,1,28,5.620910031,173.0443295,1.895229092,6.7,7.308559377,11.7,0.0657924322582,0.10222391251,0.1840043633,0,0,vector_geometry_exact_axis_scale_reconstructed_candidate
UGC05721,blind,Elson_2017_WHISP_vector_appendix,profiles2_V2.pdf,1,29,5.820590304,179.1916506,1.776246547,6.7,7.308559377,11.7,0.0657924322582,0.10222391251,0.1840043633,0,0,vector_geometry_exact_axis_scale_reconstructed_candidate
UGC05721,blind,Elson_2017_WHISP_vector_appendix,profiles2_V2.pdf,1,30,6.022113761,185.3957157,1.663185053,6.7,7.308559377,11.7,0.0657924322582,0.10222391251,0.1840043633,0,0,vector_geometry_exact_axis_scale_reconstructed_candidate
UGC05721,blind,Elson_2017_WHISP_vector_appendix,profiles2_V2.pdf,1,31,6.223568952,191.5976791,1.547465637,6.7,7.308559377,11.7,0.0657924322582,0.10222391251,0.1840043633,0,0,vector_geometry_exact_axis_scale_reconstructed_candidate
UGC05721,blind,Elson_2017_WHISP_vector_appendix,profiles2_V2.pdf,1,32,6.422789432,197.7308451,1.431746222,6.7,7.308559377,11.7,0.0657924322582,0.10222391251,0.1840043633,0,0,vector_geometry_exact_axis_scale_reconstructed_candidate
UGC05721,blind,Elson_2017_WHISP_vector_appendix,profiles2_V2.pdf,1,33,6.624310881,203.9348483,1.318890623,6.7,7.308559377,11.7,0.0657924322582,0.10222391251,0.1840043633,0,0,vector_geometry_exact_axis_scale_reconstructed_candidate
UGC05721,blind,Elson_2017_WHISP_vector_appendix,profiles2_V2.pdf,1,34,6.82576808,210.1368736,1.225663713,6.7,7.308559377,11.7,0.0657924322582,0.10222391251,0.1840043633,0,0,vector_geometry_exact_axis_scale_reconstructed_candidate
UGC05721,blind,Elson_2017_WHISP_vector_appendix,profiles2_V2.pdf,1,35,7.025448353,216.2841947,1.130390327,6.7,7.308559377,11.7,0.0657924322582,0.10222391251,0.1840043633,0,0,vector_geometry_exact_axis_scale_reconstructed_candidate
UGC05721,blind,Elson_2017_WHISP_vector_appendix,profiles2_V2.pdf,1,36,7.226903543,222.4861581,1.037774864,6.7,7.308559377,11.7,0.0657924322582,0.10222391251,0.1840043633,0,0,vector_geometry_exact_axis_scale_reconstructed_candidate
UGC05721,blind,Elson_2017_WHISP_vector_appendix,profiles2_V2.pdf,1,37,7.428427,228.6902232,0.9445479533,6.7,7.308559377,11.7,0.0657924322582,0.10222391251,0.1840043633,0,0,vector_geometry_exact_axis_scale_reconstructed_candidate
UGC05721,blind,Elson_2017_WHISP_vector_appendix,profiles2_V2.pdf,1,38,7.627645473,234.8233274,0.8663451628,6.7,7.308559377,11.7,0.0657924322582,0.10222391251,0.1840043633,0,0,vector_geometry_exact_axis_scale_reconstructed_candidate
UGC05721,blind,Elson_2017_WHISP_vector_appendix,profiles2_V2.pdf,1,39,7.82916893,241.0273924,0.7881486116,6.7,7.308559377,11.7,0.0657924322582,0.10222391251,0.1840043633,0,0,vector_geometry_exact_axis_scale_reconstructed_candidate
UGC05721,blind,Elson_2017_WHISP_vector_appendix,profiles2_V2.pdf,1,40,8.028849203,247.1747136,0.7099458211,6.7,7.308559377,11.7,0.0657924322582,0.10222391251,0.1840043633,0,0,vector_geometry_exact_axis_scale_reconstructed_candidate
UGC05721,blind,Elson_2017_WHISP_vector_appendix,profiles2_V2.pdf,1,41,8.230304394,253.376677,0.6315433745,6.7,7.308559377,11.7,0.0657924322582,0.10222391251,0.1840043633,0,0,vector_geometry_exact_axis_scale_reconstructed_candidate
UGC05721,blind,Elson_2017_WHISP_vector_appendix,profiles2_V2.pdf,1,42,8.431761592,259.5787022,0.5825777211,6.7,7.308559377,11.7,0.0657924322582,0.10222391251,0.1840043633,0,0,vector_geometry_exact_axis_scale_reconstructed_candidate
UGC05721,blind,Elson_2017_WHISP_vector_appendix,profiles2_V2.pdf,1,43,8.631046323,265.7138463,0.5390277389,6.7,7.308559377,11.7,0.0657924322582,0.10222391251,0.1840043633,0,0,vector_geometry_exact_axis_scale_reconstructed_candidate
UGC05721,blind,Elson_2017_WHISP_vector_appendix,profiles2_V2.pdf,1,44,8.832503522,271.9158715,0.4989530202,6.7,7.308559377,11.7,0.0657924322582,0.10222391251,0.1840043633,0,0,vector_geometry_exact_axis_scale_reconstructed_candidate
UGC05721,blind,Elson_2017_WHISP_vector_appendix,profiles2_V2.pdf,1,45,9.033960721,278.1178967,0.4579673707,6.7,7.308559377,11.7,0.0657924322582,0.10222391251,0.1840043633,0,0,vector_geometry_exact_axis_scale_reconstructed_candidate
UGC05721,blind,Elson_2017_WHISP_vector_appendix,profiles2_V2.pdf,1,46,9.233705244,284.2671958,0.4144173885,6.7,7.308559377,11.7,0.0657924322582,0.10222391251,0.1840043633,0,0,vector_geometry_exact_axis_scale_reconstructed_candidate
UGC05721,blind,Elson_2017_WHISP_vector_appendix,profiles2_V2.pdf,1,47,9.435162442,290.4692211,0.368315552,6.7,7.308559377,11.7,0.0657924322582,0.10222391251,0.1840043633,0,0,vector_geometry_exact_axis_scale_reconstructed_candidate
UGC05721,blind,Elson_2017_WHISP_vector_appendix,profiles2_V2.pdf,1,48,9.634511424,296.6063431,0.3219017528,6.7,7.308559377,11.7,0.0657924322582,0.10222391251,0.1840043633,0,0,vector_geometry_exact_axis_scale_reconstructed_candidate
UGC05721,blind,Elson_2017_WHISP_vector_appendix,profiles2_V2.pdf,1,49,9.835902364,302.8063285,0.2783517706,6.7,7.308559377,11.7,0.0657924322582,0.10222391251,0.1840043633,0,0,vector_geometry_exact_axis_scale_reconstructed_candidate
UGC05829,blind,Elson_2017_WHISP_vector_appendix,profiles2_V2.pdf,2,0,0,0,4.087385693,9,8.203039779,6.7,0.0613756116561,0.0530505936132,0.08079114468,0,0,vector_geometry_exact_axis_scale_reconstructed_candidate
UGC05829,blind,Elson_2017_WHISP_vector_appendix,profiles2_V2.pdf,2,1,0.1879946523,4.308524106,4.054229072,9,8.203039779,6.7,0.0613756116561,0.0530505936132,0.08079114468,0,0,vector_geometry_exact_axis_scale_reconstructed_candidate
UGC05829,blind,Elson_2017_WHISP_vector_appendix,profiles2_V2.pdf,2,2,0.3738409334,8.567811126,4.021396246,9,8.203039779,6.7,0.0613756116561,0.0530505936132,0.08079114468,0,0,vector_geometry_exact_axis_scale_reconstructed_candidate
UGC05829,blind,Elson_2017_WHISP_vector_appendix,profiles2_V2.pdf,2,3,0.5618337127,12.8762923,3.988239625,9,8.203039779,6.7,0.0613756116561,0.0530505936132,0.08079114468,0,0,vector_geometry_exact_axis_scale_reconstructed_candidate
UGC05829,blind,Elson_2017_WHISP_vector_appendix,profiles2_V2.pdf,2,4,0.7497665548,17.18339983,3.955027959,9,8.203039779,6.7,0.0613756116561,0.0530505936132,0.08079114468,0,0,vector_geometry_exact_axis_scale_reconstructed_candidate
UGC05829,blind,Elson_2017_WHISP_vector_appendix,profiles2_V2.pdf,2,5,0.9360398879,21.45247416,3.92213685,9,8.203039779,6.7,0.0613756116561,0.0530505936132,0.08079114468,0,0,vector_geometry_exact_axis_scale_reconstructed_candidate
UGC05829,blind,Elson_2017_WHISP_vector_appendix,profiles2_V2.pdf,2,6,1.123605615,25.75116802,3.888925183,9,8.203039779,6.7,0.0613756116561,0.0530505936132,0.08079114468,0,0,vector_geometry_exact_axis_scale_reconstructed_candidate
UGC05829,blind,Elson_2017_WHISP_vector_appendix,profiles2_V2.pdf,2,7,1.311534711,30.05818969,3.855768562,9,8.203039779,6.7,0.0613756116561,0.0530505936132,0.08079114468,0,0,vector_geometry_exact_axis_scale_reconstructed_candidate
UGC05829,blind,Elson_2017_WHISP_vector_appendix,profiles2_V2.pdf,2,8,1.49781179,34.32734988,3.824308628,9,8.203039779,6.7,0.0613756116561,0.0530505936132,0.08079114468,0,0,vector_geometry_exact_axis_scale_reconstructed_candidate
UGC05829,blind,Elson_2017_WHISP_vector_appendix,profiles2_V2.pdf,2,9,1.685744633,38.6344574,4.042190369,9,8.203039779,6.7,0.0613756116561,0.0530505936132,0.08079114468,0,0,vector_geometry_exact_axis_scale_reconstructed_candidate
UGC05829,blind,Elson_2017_WHISP_vector_appendix,profiles2_V2.pdf,2,10,1.872077903,42.9049054,4.349086628,9,8.203039779,6.7,0.0613756116561,0.0530505936132,0.08079114468,0,0,vector_geometry_exact_axis_scale_reconstructed_candidate
UGC05829,blind,Elson_2017_WHISP_vector_appendix,profiles2_V2.pdf,2,11,2.059583693,47.2022256,4.65593108,9,8.203039779,6.7,0.0613756116561,0.0530505936132,0.08079114468,0,0,vector_geometry_exact_axis_scale_reconstructed_candidate
UGC05829,blind,Elson_2017_WHISP_vector_appendix,profiles2_V2.pdf,2,12,2.247576472,51.51070678,4.962510021,9,8.203039779,6.7,0.0613756116561,0.0530505936132,0.08079114468,0,0,vector_geometry_exact_axis_scale_reconstructed_candidate
UGC05829,blind,Elson_2017_WHISP_vector_appendix,profiles2_V2.pdf,2,13,2.433849805,55.77978112,5.270788885,9,8.203039779,6.7,0.0613756116561,0.0530505936132,0.08079114468,0,0,vector_geometry_exact_axis_scale_reconstructed_candidate
UGC05829,blind,Elson_2017_WHISP_vector_appendix,profiles2_V2.pdf,2,14,2.621782647,60.08688864,5.612379792,9,8.203039779,6.7,0.0613756116561,0.0530505936132,0.08079114468,0,0,vector_geometry_exact_axis_scale_reconstructed_candidate
UGC05829,blind,Elson_2017_WHISP_vector_appendix,profiles2_V2.pdf,2,15,2.80971549,64.39399616,5.965860457,9,8.203039779,6.7,0.0613756116561,0.0530505936132,0.08079114468,0,0,vector_geometry_exact_axis_scale_reconstructed_candidate
UGC05829,blind,Elson_2017_WHISP_vector_appendix,profiles2_V2.pdf,2,16,2.995621708,68.65465684,6.318962281,9,8.203039779,6.7,0.0613756116561,0.0530505936132,0.08079114468,0,0,vector_geometry_exact_axis_scale_reconstructed_candidate
UGC05829,blind,Elson_2017_WHISP_vector_appendix,profiles2_V2.pdf,2,17,3.18355455,72.96176436,6.672488276,9,8.203039779,6.7,0.0613756116561,0.0530505936132,0.08079114468,0,0,vector_geometry_exact_axis_scale_reconstructed_candidate
UGC05829,blind,Elson_2017_WHISP_vector_appendix,profiles2_V2.pdf,2,18,3.371487392,77.26887188,7.024220447,9,8.203039779,6.7,0.0613756116561,0.0530505936132,0.08079114468,0,0,vector_geometry_exact_axis_scale_reconstructed_candidate
UGC05829,blind,Elson_2017_WHISP_vector_appendix,profiles2_V2.pdf,2,19,3.557820662,81.53931988,7.261937877,9,8.203039779,6.7,0.0613756116561,0.0530505936132,0.08079114468,0,0,vector_geometry_exact_axis_scale_reconstructed_candidate
UGC05829,blind,Elson_2017_WHISP_vector_appendix,profiles2_V2.pdf,2,20,3.745753504,85.8464274,7.370318582,9,8.203039779,6.7,0.0613756116561,0.0530505936132,0.08079114468,0,0,vector_geometry_exact_axis_scale_reconstructed_candidate
UGC05829,blind,Elson_2017_WHISP_vector_appendix,profiles2_V2.pdf,2,21,3.931599786,90.10571442,7.477002601,9,8.203039779,6.7,0.0613756116561,0.0530505936132,0.08079114468,0,0,vector_geometry_exact_axis_scale_reconstructed_candidate
UGC05829,blind,Elson_2017_WHISP_vector_appendix,profiles2_V2.pdf,2,22,4.119592565,94.4141956,7.585383306,9,8.203039779,6.7,0.0613756116561,0.0530505936132,0.08079114468,0,0,vector_geometry_exact_axis_scale_reconstructed_candidate
UGC05829,blind,Elson_2017_WHISP_vector_appendix,profiles2_V2.pdf,2,23,4.307525407,98.72130312,7.692018755,9,8.203039779,6.7,0.0613756116561,0.0530505936132,0.08079114468,0,0,vector_geometry_exact_axis_scale_reconstructed_candidate
UGC05829,blind,Elson_2017_WHISP_vector_appendix,profiles2_V2.pdf,2,24,4.49379874,102.9903775,7.765866709,9,8.203039779,6.7,0.0613756116561,0.0530505936132,0.08079114468,0,0,vector_geometry_exact_axis_scale_reconstructed_candidate
UGC05829,blind,Elson_2017_WHISP_vector_appendix,profiles2_V2.pdf,2,25,4.681791519,107.2988586,7.767191031,9,8.203039779,6.7,0.0613756116561,0.0530505936132,0.08079114468,0,0,vector_geometry_exact_axis_scale_reconstructed_candidate
UGC05829,blind,Elson_2017_WHISP_vector_appendix,profiles2_V2.pdf,2,26,4.869297309,111.5961788,7.768622206,9,8.203039779,6.7,0.0613756116561,0.0530505936132,0.08079114468,0,0,vector_geometry_exact_axis_scale_reconstructed_candidate
UGC05829,blind,Elson_2017_WHISP_vector_appendix,profiles2_V2.pdf,2,27,5.055694263,115.8680863,7.770108425,9,8.203039779,6.7,0.0613756116561,0.0530505936132,0.08079114468,0,0,vector_geometry_exact_axis_scale_reconstructed_candidate
UGC05829,blind,Elson_2017_WHISP_vector_appendix,profiles2_V2.pdf,2,28,5.243567168,120.1738202,7.77180835,9,8.203039779,6.7,0.0613756116561,0.0530505936132,0.08079114468,0,0,vector_geometry_exact_axis_scale_reconstructed_candidate
UGC05829,blind,Elson_2017_WHISP_vector_appendix,profiles2_V2.pdf,2,29,5.429900438,124.4442682,7.658807089,9,8.203039779,6.7,0.0613756116561,0.0530505936132,0.08079114468,0,0,vector_geometry_exact_axis_scale_reconstructed_candidate
UGC05829,blind,Elson_2017_WHISP_vector_appendix,profiles2_V2.pdf,2,30,5.617466165,128.7429621,7.254506779,9,8.203039779,6.7,0.0613756116561,0.0530505936132,0.08079114468,0,0,vector_geometry_exact_axis_scale_reconstructed_candidate
UGC05829,blind,Elson_2017_WHISP_vector_appendix,profiles2_V2.pdf,2,31,5.805399008,133.0500696,6.849733729,9,8.203039779,6.7,0.0613756116561,0.0530505936132,0.08079114468,0,0,vector_geometry_exact_axis_scale_reconstructed_candidate
UGC05829,blind,Elson_2017_WHISP_vector_appendix,profiles2_V2.pdf,2,32,5.991672341,137.3191439,6.445381612,9,8.203039779,6.7,0.0613756116561,0.0530505936132,0.08079114468,0,0,vector_geometry_exact_axis_scale_reconstructed_candidate
UGC05829,blind,Elson_2017_WHISP_vector_appendix,profiles2_V2.pdf,2,33,6.17966512,141.6276251,6.040712176,9,8.203039779,6.7,0.0613756116561,0.0530505936132,0.08079114468,0,0,vector_geometry_exact_axis_scale_reconstructed_candidate
UGC05829,blind,Elson_2017_WHISP_vector_appendix,profiles2_V2.pdf,2,34,6.367597962,145.9347326,5.621135213,9,8.203039779,6.7,0.0613756116561,0.0530505936132,0.08079114468,0,0,vector_geometry_exact_axis_scale_reconstructed_candidate
UGC05829,blind,Elson_2017_WHISP_vector_appendix,profiles2_V2.pdf,2,35,6.55350418,150.1953933,5.055720924,9,8.203039779,6.7,0.0613756116561,0.0530505936132,0.08079114468,0,0,vector_geometry_exact_axis_scale_reconstructed_candidate
UGC05829,blind,Elson_2017_WHISP_vector_appendix,profiles2_V2.pdf,2,36,6.741437022,154.5025008,4.473812511,9,8.203039779,6.7,0.0613756116561,0.0530505936132,0.08079114468,0,0,vector_geometry_exact_axis_scale_reconstructed_candidate
UGC05829,blind,Elson_2017_WHISP_vector_appendix,profiles2_V2.pdf,2,37,6.929369865,158.8096083,3.891735725,9,8.203039779,6.7,0.0613756116561,0.0530505936132,0.08079114468,0,0,vector_geometry_exact_axis_scale_reconstructed_candidate
UGC05829,blind,Elson_2017_WHISP_vector_appendix,profiles2_V2.pdf,2,38,7.115643198,163.0786827,3.308341093,9,8.203039779,6.7,0.0613756116561,0.0530505936132,0.08079114468,0,0,vector_geometry_exact_axis_scale_reconstructed_candidate
UGC05829,blind,Elson_2017_WHISP_vector_appendix,profiles2_V2.pdf,2,39,7.303635977,167.3871639,2.726374397,9,8.203039779,6.7,0.0613756116561,0.0530505936132,0.08079114468,0,0,vector_geometry_exact_axis_scale_reconstructed_candidate
UGC05829,blind,Elson_2017_WHISP_vector_appendix,profiles2_V2.pdf,2,40,7.489482258,171.6464509,2.324784253,9,8.203039779,6.7,0.0613756116561,0.0530505936132,0.08079114468,0,0,vector_geometry_exact_axis_scale_reconstructed_candidate
UGC05829,blind,Elson_2017_WHISP_vector_appendix,profiles2_V2.pdf,2,41,7.6774151,175.9535584,1.975920907,9,8.203039779,6.7,0.0613756116561,0.0530505936132,0.08079114468,0,0,vector_geometry_exact_axis_scale_reconstructed_candidate
UGC05829,blind,Elson_2017_WHISP_vector_appendix,profiles2_V2.pdf,2,42,7.865407879,180.2620396,1.628757486,9,8.203039779,6.7,0.0613756116561,0.0530505936132,0.08079114468,0,0,vector_geometry_exact_axis_scale_reconstructed_candidate
UGC05829,blind,Elson_2017_WHISP_vector_appendix,profiles2_V2.pdf,2,43,8.051681213,184.5311139,1.279900616,9,8.203039779,6.7,0.0613756116561,0.0530505936132,0.08079114468,0,0,vector_geometry_exact_axis_scale_reconstructed_candidate
UGC05829,blind,Elson_2017_WHISP_vector_appendix,profiles2_V2.pdf,2,44,8.239614055,188.8382214,0.9323648303,9,8.203039779,6.7,0.0613756116561,0.0530505936132,0.08079114468,0,0,vector_geometry_exact_axis_scale_reconstructed_candidate
UGC05829,blind,Elson_2017_WHISP_vector_appendix,profiles2_V2.pdf,2,45,8.427606834,193.1467026,0.7473223911,9,8.203039779,6.7,0.0613756116561,0.0530505936132,0.08079114468,0,0,vector_geometry_exact_axis_scale_reconstructed_candidate
UGC05829,blind,Elson_2017_WHISP_vector_appendix,profiles2_V2.pdf,2,46,8.613456861,197.4060755,0.6406383727,9,8.203039779,6.7,0.0613756116561,0.0530505936132,0.08079114468,0,0,vector_geometry_exact_axis_scale_reconstructed_candidate
UGC05829,blind,Elson_2017_WHISP_vector_appendix,profiles2_V2.pdf,2,47,8.801385957,201.7130972,0.532574987,9,8.203039779,6.7,0.0613756116561,0.0530505936132,0.08079114468,0,0,vector_geometry_exact_axis_scale_reconstructed_candidate
UGC05829,blind,Elson_2017_WHISP_vector_appendix,profiles2_V2.pdf,2,48,8.987722973,205.983631,0.4241910441,9,8.203039779,6.7,0.0613756116561,0.0530505936132,0.08079114468,0,0,vector_geometry_exact_axis_scale_reconstructed_candidate
UGC05829,blind,Elson_2017_WHISP_vector_appendix,profiles2_V2.pdf,2,49,9.17565207,210.2906527,0.3175070257,9,8.203039779,6.7,0.0613756116561,0.0530505936132,0.08079114468,0,0,vector_geometry_exact_axis_scale_reconstructed_candidate
UGC05918,calibration,Elson_2017_WHISP_vector_appendix,profiles2_V2.pdf,3,0,0,0,4.127657357,7.7,5.935568322,2.6,0.0474734776665,0.0247608360089,0.2167660458,0,0,vector_geometry_exact_axis_scale_reconstructed_candidate
UGC05918,calibration,Elson_2017_WHISP_vector_appendix,profiles2_V2.pdf,3,1,0.1453685102,3.894082565,4.042776232,7.7,5.935568322,2.6,0.0474734776665,0.0247608360089,0.2167660458,0,0,vector_geometry_exact_axis_scale_reconstructed_candidate
UGC05918,calibration,Elson_2017_WHISP_vector_appendix,profiles2_V2.pdf,3,2,0.2891609336,7.745945451,3.958538912,7.7,5.935568322,2.6,0.0474734776665,0.0247608360089,0.2167660458,0,0,vector_geometry_exact_axis_scale_reconstructed_candidate
UGC05918,calibration,Elson_2017_WHISP_vector_appendix,profiles2_V2.pdf,3,3,0.434548459,11.64053739,3.873635118,7.7,5.935568322,2.6,0.0474734776665,0.0247608360089,0.2167660458,0,0,vector_geometry_exact_axis_scale_reconstructed_candidate
UGC05918,calibration,Elson_2017_WHISP_vector_appendix,profiles2_V2.pdf,3,4,0.579897954,15.53411058,3.788779685,7.7,5.935568322,2.6,0.0474734776665,0.0247608360089,0.2167660458,0,0,vector_geometry_exact_axis_scale_reconstructed_candidate
UGC05918,calibration,Elson_2017_WHISP_vector_appendix,profiles2_V2.pdf,3,5,0.7240226903,19.39487535,3.704568057,7.7,5.935568322,2.6,0.0474734776665,0.0247608360089,0.2167660458,0,0,vector_geometry_exact_axis_scale_reconstructed_candidate
UGC05918,calibration,Elson_2017_WHISP_vector_appendix,profiles2_V2.pdf,3,6,0.8690779028,23.28056541,3.619490465,7.7,5.935568322,2.6,0.0474734776665,0.0247608360089,0.2167660458,0,0,vector_geometry_exact_axis_scale_reconstructed_candidate
UGC05918,calibration,Elson_2017_WHISP_vector_appendix,profiles2_V2.pdf,3,7,1.014446413,27.17464797,3.53458516,7.7,5.935568322,2.6,0.0474734776665,0.0247608360089,0.2167660458,0,0,vector_geometry_exact_axis_scale_reconstructed_candidate
UGC05918,calibration,Elson_2017_WHISP_vector_appendix,profiles2_V2.pdf,3,8,1.158556843,31.0350295,3.450373532,7.7,5.935568322,2.6,0.0474734776665,0.0247608360089,0.2167660458,0,0,vector_geometry_exact_axis_scale_reconstructed_candidate
UGC05918,calibration,Elson_2017_WHISP_vector_appendix,profiles2_V2.pdf,3,9,1.303925534,34.92911692,3.365468227,7.7,5.935568322,2.6,0.0474734776665,0.0247608360089,0.2167660458,0,0,vector_geometry_exact_axis_scale_reconstructed_candidate
UGC05918,calibration,Elson_2017_WHISP_vector_appendix,profiles2_V2.pdf,3,10,1.447718138,38.78098465,3.322656644,7.7,5.935568322,2.6,0.0474734776665,0.0247608360089,0.2167660458,0,0,vector_geometry_exact_axis_scale_reconstructed_candidate
UGC05918,calibration,Elson_2017_WHISP_vector_appendix,profiles2_V2.pdf,3,11,1.593086468,42.67506237,3.361209435,7.7,5.935568322,2.6,0.0474734776665,0.0247608360089,0.2167660458,0,0,vector_geometry_exact_axis_scale_reconstructed_candidate
UGC05918,calibration,Elson_2017_WHISP_vector_appendix,profiles2_V2.pdf,3,12,1.738455159,46.56914978,3.399934512,7.7,5.935568322,2.6,0.0474734776665,0.0247608360089,0.2167660458,0,0,vector_geometry_exact_axis_scale_reconstructed_candidate
UGC05918,calibration,Elson_2017_WHISP_vector_appendix,profiles2_V2.pdf,3,13,1.88256088,50.42940518,3.438512995,7.7,5.935568322,2.6,0.0474734776665,0.0247608360089,0.2167660458,0,0,vector_geometry_exact_axis_scale_reconstructed_candidate
UGC05918,calibration,Elson_2017_WHISP_vector_appendix,profiles2_V2.pdf,3,14,2.027929209,54.3234829,3.477757953,7.7,5.935568322,2.6,0.0474734776665,0.0247608360089,0.2167660458,0,0,vector_geometry_exact_axis_scale_reconstructed_candidate
UGC05918,calibration,Elson_2017_WHISP_vector_appendix,profiles2_V2.pdf,3,15,2.173316734,58.21807484,3.516310744,7.7,5.935568322,2.6,0.0474734776665,0.0247608360089,0.2167660458,0,0,vector_geometry_exact_axis_scale_reconstructed_candidate
UGC05918,calibration,Elson_2017_WHISP_vector_appendix,profiles2_V2.pdf,3,16,2.317095032,62.06955933,3.506581114,7.7,5.935568322,2.6,0.0474734776665,0.0247608360089,0.2167660458,0,0,vector_geometry_exact_axis_scale_reconstructed_candidate
UGC05918,calibration,Elson_2017_WHISP_vector_appendix,profiles2_V2.pdf,3,17,2.462482558,65.96415127,3.435689921,7.7,5.935568322,2.6,0.0474734776665,0.0247608360089,0.2167660458,0,0,vector_geometry_exact_axis_scale_reconstructed_candidate
UGC05918,calibration,Elson_2017_WHISP_vector_appendix,profiles2_V2.pdf,3,18,2.607832053,69.85772446,3.365468227,7.7,5.935568322,2.6,0.0474734776665,0.0247608360089,0.2167660458,0,0,vector_geometry_exact_axis_scale_reconstructed_candidate
UGC05918,calibration,Elson_2017_WHISP_vector_appendix,profiles2_V2.pdf,3,19,2.75195697,73.71849408,3.295246532,7.7,5.935568322,2.6,0.0474734776665,0.0247608360089,0.2167660458,0,0,vector_geometry_exact_axis_scale_reconstructed_candidate
UGC05918,calibration,Elson_2017_WHISP_vector_appendix,profiles2_V2.pdf,3,20,2.897325299,77.6125718,3.225049018,7.7,5.935568322,2.6,0.0474734776665,0.0247608360089,0.2167660458,0,0,vector_geometry_exact_axis_scale_reconstructed_candidate
UGC05918,calibration,Elson_2017_WHISP_vector_appendix,profiles2_V2.pdf,3,21,3.041098889,81.46393016,3.154827323,7.7,5.935568322,2.6,0.0474734776665,0.0247608360089,0.2167660458,0,0,vector_geometry_exact_axis_scale_reconstructed_candidate
UGC05918,calibration,Elson_2017_WHISP_vector_appendix,profiles2_V2.pdf,3,22,3.186472288,85.35814371,3.080470762,7.7,5.935568322,2.6,0.0474734776665,0.0247608360089,0.2167660458,0,0,vector_geometry_exact_axis_scale_reconstructed_candidate
UGC05918,calibration,Elson_2017_WHISP_vector_appendix,profiles2_V2.pdf,3,23,3.331835909,89.25209529,2.993461753,7.7,5.935568322,2.6,0.0474734776665,0.0247608360089,0.2167660458,0,0,vector_geometry_exact_axis_scale_reconstructed_candidate
UGC05918,calibration,Elson_2017_WHISP_vector_appendix,profiles2_V2.pdf,3,24,3.475965173,93.11298134,2.907095038,7.7,5.935568322,2.6,0.0474734776665,0.0247608360089,0.2167660458,0,0,vector_geometry_exact_axis_scale_reconstructed_candidate
UGC05918,calibration,Elson_2017_WHISP_vector_appendix,profiles2_V2.pdf,3,25,3.621329155,97.00694263,2.820086029,7.7,5.935568322,2.6,0.0474734776665,0.0247608360089,0.2167660458,0,0,vector_geometry_exact_axis_scale_reconstructed_candidate
UGC05918,calibration,Elson_2017_WHISP_vector_appendix,profiles2_V2.pdf,3,26,3.766408454,100.8932779,2.733027147,7.7,5.935568322,2.6,0.0474734776665,0.0247608360089,0.2167660458,0,0,vector_geometry_exact_axis_scale_reconstructed_candidate
UGC05918,calibration,Elson_2017_WHISP_vector_appendix,profiles2_V2.pdf,3,27,3.91049027,104.7528929,2.646661943,7.7,5.935568322,2.6,0.0474734776665,0.0247608360089,0.2167660458,0,0,vector_geometry_exact_axis_scale_reconstructed_candidate
UGC05918,calibration,Elson_2017_WHISP_vector_appendix,profiles2_V2.pdf,3,28,4.055853891,108.6468445,2.555516556,7.7,5.935568322,2.6,0.0474734776665,0.0247608360089,0.2167660458,0,0,vector_geometry_exact_axis_scale_reconstructed_candidate
UGC05918,calibration,Elson_2017_WHISP_vector_appendix,profiles2_V2.pdf,3,29,4.199983517,112.5077403,2.433395944,7.7,5.935568322,2.6,0.0474734776665,0.0247608360089,0.2167660458,0,0,vector_geometry_exact_axis_scale_reconstructed_candidate
UGC05918,calibration,Elson_2017_WHISP_vector_appendix,profiles2_V2.pdf,3,30,4.345015005,116.3927948,2.310557473,7.7,5.935568322,2.6,0.0474734776665,0.0247608360089,0.2167660458,0,0,vector_geometry_exact_axis_scale_reconstructed_candidate
UGC05918,calibration,Elson_2017_WHISP_vector_appendix,profiles2_V2.pdf,3,31,4.490378626,120.2867464,2.18843686,7.7,5.935568322,2.6,0.0474734776665,0.0247608360089,0.2167660458,0,0,vector_geometry_exact_axis_scale_reconstructed_candidate
UGC05918,calibration,Elson_2017_WHISP_vector_appendix,profiles2_V2.pdf,3,32,4.634508614,124.1476519,2.065648261,7.7,5.935568322,2.6,0.0474734776665,0.0247608360089,0.2167660458,0,0,vector_geometry_exact_axis_scale_reconstructed_candidate
UGC05918,calibration,Elson_2017_WHISP_vector_appendix,profiles2_V2.pdf,3,33,4.779872235,128.0416034,1.942685865,7.7,5.935568322,2.6,0.0474734776665,0.0247608360089,0.2167660458,0,0,vector_geometry_exact_axis_scale_reconstructed_candidate
UGC05918,calibration,Elson_2017_WHISP_vector_appendix,profiles2_V2.pdf,3,34,4.925283665,131.9368357,1.820541072,7.7,5.935568322,2.6,0.0474734776665,0.0247608360089,0.2167660458,0,0,vector_geometry_exact_axis_scale_reconstructed_candidate
UGC05918,calibration,Elson_2017_WHISP_vector_appendix,profiles2_V2.pdf,3,35,5.069032625,135.7875343,1.699880358,7.7,5.935568322,2.6,0.0474734776665,0.0247608360089,0.2167660458,0,0,vector_geometry_exact_axis_scale_reconstructed_candidate
UGC05918,calibration,Elson_2017_WHISP_vector_appendix,profiles2_V2.pdf,3,36,5.214444055,139.6827666,1.579221154,7.7,5.935568322,2.6,0.0474734776665,0.0247608360089,0.2167660458,0,0,vector_geometry_exact_axis_scale_reconstructed_candidate
UGC05918,calibration,Elson_2017_WHISP_vector_appendix,profiles2_V2.pdf,3,37,5.359807676,143.5767182,1.459081832,7.7,5.935568322,2.6,0.0474734776665,0.0247608360089,0.2167660458,0,0,vector_geometry_exact_axis_scale_reconstructed_candidate
UGC05918,calibration,Elson_2017_WHISP_vector_appendix,profiles2_V2.pdf,3,38,5.503889854,147.436343,1.338398448,7.7,5.935568322,2.6,0.0474734776665,0.0247608360089,0.2167660458,0,0,vector_geometry_exact_axis_scale_reconstructed_candidate
UGC05918,calibration,Elson_2017_WHISP_vector_appendix,profiles2_V2.pdf,3,39,5.649254199,151.330314,1.218431412,7.7,5.935568322,2.6,0.0474734776665,0.0247608360089,0.2167660458,0,0,vector_geometry_exact_axis_scale_reconstructed_candidate
UGC05918,calibration,Elson_2017_WHISP_vector_appendix,profiles2_V2.pdf,3,40,5.79300316,155.1810126,1.098414503,7.7,5.935568322,2.6,0.0474734776665,0.0247608360089,0.2167660458,0,0,vector_geometry_exact_axis_scale_reconstructed_candidate
UGC05918,calibration,Elson_2017_WHISP_vector_appendix,profiles2_V2.pdf,3,41,5.93841459,159.0762448,0.9980351863,7.7,5.935568322,2.6,0.0474734776665,0.0247608360089,0.2167660458,0,0,vector_geometry_exact_axis_scale_reconstructed_candidate
UGC05918,calibration,Elson_2017_WHISP_vector_appendix,profiles2_V2.pdf,3,42,6.08377821,162.9701964,0.9060480155,7.7,5.935568322,2.6,0.0474734776665,0.0247608360089,0.2167660458,0,0,vector_geometry_exact_axis_scale_reconstructed_candidate
UGC05918,calibration,Elson_2017_WHISP_vector_appendix,profiles2_V2.pdf,3,43,6.227860389,166.8298212,0.8141122284,7.7,5.935568322,2.6,0.0474734776665,0.0247608360089,0.2167660458,0,0,vector_geometry_exact_axis_scale_reconstructed_candidate
UGC05918,calibration,Elson_2017_WHISP_vector_appendix,profiles2_V2.pdf,3,44,6.373271819,170.7250535,0.7221250576,7.7,5.935568322,2.6,0.0474734776665,0.0247608360089,0.2167660458,0,0,vector_geometry_exact_axis_scale_reconstructed_candidate
UGC05918,calibration,Elson_2017_WHISP_vector_appendix,profiles2_V2.pdf,3,45,6.51863544,174.6190051,0.630981182,7.7,5.935568322,2.6,0.0474734776665,0.0247608360089,0.2167660458,0,0,vector_geometry_exact_axis_scale_reconstructed_candidate
UGC05918,calibration,Elson_2017_WHISP_vector_appendix,profiles2_V2.pdf,3,46,6.662480019,178.4722651,0.5389940112,7.7,5.935568322,2.6,0.0474734776665,0.0247608360089,0.2167660458,0,0,vector_geometry_exact_axis_scale_reconstructed_candidate
UGC05918,calibration,Elson_2017_WHISP_vector_appendix,profiles2_V2.pdf,3,47,6.807796554,182.3649554,0.4709258927,7.7,5.935568322,2.6,0.0474734776665,0.0247608360089,0.2167660458,0,0,vector_geometry_exact_axis_scale_reconstructed_candidate
UGC05918,calibration,Elson_2017_WHISP_vector_appendix,profiles2_V2.pdf,3,48,6.951972903,186.2271027,0.4153394481,7.7,5.935568322,2.6,0.0474734776665,0.0247608360089,0.2167660458,0,0,vector_geometry_exact_axis_scale_reconstructed_candidate
UGC05918,calibration,Elson_2017_WHISP_vector_appendix,profiles2_V2.pdf,3,49,7.097337248,190.1210737,0.359997831,7.7,5.935568322,2.6,0.0474734776665,0.0247608360089,0.2167660458,0,0,vector_geometry_exact_axis_scale_reconstructed_candidate
UGC06446,calibration,Elson_2017_WHISP_vector_appendix,profiles2_V2.pdf,4,0,0,0,3.513855333,12,10.58832085,5.5,0.0868061414707,0.0413482332166,0.367981774,0,0,vector_geometry_exact_axis_scale_reconstructed_candidate
UGC06446,calibration,Elson_2017_WHISP_vector_appendix,profiles2_V2.pdf,4,1,0.2657987733,4.568748665,3.907738643,12,10.58832085,5.5,0.0868061414707,0.0413482332166,0.367981774,0,0,vector_geometry_exact_axis_scale_reconstructed_candidate
UGC06446,calibration,Elson_2017_WHISP_vector_appendix,profiles2_V2.pdf,4,2,0.5292583797,9.097289974,4.301331728,12,10.58832085,5.5,0.0868061414707,0.0413482332166,0.367981774,0,0,vector_geometry_exact_axis_scale_reconstructed_candidate
UGC06446,calibration,Elson_2017_WHISP_vector_appendix,profiles2_V2.pdf,4,3,0.795057153,13.66603864,4.695174659,12,10.58832085,5.5,0.0868061414707,0.0413482332166,0.367981774,0,0,vector_geometry_exact_axis_scale_reconstructed_candidate
UGC06446,calibration,Elson_2017_WHISP_vector_appendix,profiles2_V2.pdf,4,4,1.0603367,18.22586246,5.089057969,12,10.58832085,5.5,0.0868061414707,0.0413482332166,0.367981774,0,0,vector_geometry_exact_axis_scale_reconstructed_candidate
UGC06446,calibration,Elson_2017_WHISP_vector_appendix,profiles2_V2.pdf,4,5,1.323793657,22.75435823,5.482941279,12,10.58832085,5.5,0.0868061414707,0.0413482332166,0.367981774,0,0,vector_geometry_exact_axis_scale_reconstructed_candidate
UGC06446,calibration,Elson_2017_WHISP_vector_appendix,profiles2_V2.pdf,4,6,1.589592431,27.32310689,5.876577267,12,10.58832085,5.5,0.0868061414707,0.0413482332166,0.367981774,0,0,vector_geometry_exact_axis_scale_reconstructed_candidate
UGC06446,calibration,Elson_2017_WHISP_vector_appendix,profiles2_V2.pdf,4,7,1.855481274,31.89340375,6.270460577,12,10.58832085,5.5,0.0868061414707,0.0413482332166,0.367981774,0,0,vector_geometry_exact_axis_scale_reconstructed_candidate
UGC06446,calibration,Elson_2017_WHISP_vector_appendix,profiles2_V2.pdf,4,8,2.118331584,36.41147202,6.663228413,12,10.58832085,5.5,0.0868061414707,0.0413482332166,0.367981774,0,0,vector_geometry_exact_axis_scale_reconstructed_candidate
UGC06446,calibration,Elson_2017_WHISP_vector_appendix,profiles2_V2.pdf,4,9,2.384217778,40.98172334,6.559978968,12,10.58832085,5.5,0.0868061414707,0.0413482332166,0.367981774,0,0,vector_geometry_exact_axis_scale_reconstructed_candidate
UGC06446,calibration,Elson_2017_WHISP_vector_appendix,profiles2_V2.pdf,4,10,2.647587315,45.50871646,6.346706477,12,10.58832085,5.5,0.0868061414707,0.0413482332166,0.367981774,0,0,vector_geometry_exact_axis_scale_reconstructed_candidate
UGC06446,calibration,Elson_2017_WHISP_vector_appendix,profiles2_V2.pdf,4,11,2.913473509,50.07896778,6.133431462,12,10.58832085,5.5,0.0868061414707,0.0413482332166,0.367981774,0,0,vector_geometry_exact_axis_scale_reconstructed_candidate
UGC06446,calibration,Elson_2017_WHISP_vector_appendix,profiles2_V2.pdf,4,12,3.179274931,54.64776198,5.921191162,12,10.58832085,5.5,0.0868061414707,0.0413482332166,0.367981774,0,0,vector_geometry_exact_axis_scale_reconstructed_candidate
UGC06446,calibration,Elson_2017_WHISP_vector_appendix,profiles2_V2.pdf,4,13,3.442125242,59.16583025,5.707835389,12,10.58832085,5.5,0.0868061414707,0.0413482332166,0.367981774,0,0,vector_geometry_exact_axis_scale_reconstructed_candidate
UGC06446,calibration,Elson_2017_WHISP_vector_appendix,profiles2_V2.pdf,4,14,3.708011436,63.73608157,5.521518494,12,10.58832085,5.5,0.0868061414707,0.0413482332166,0.367981774,0,0,vector_geometry_exact_axis_scale_reconstructed_candidate
UGC06446,calibration,Elson_2017_WHISP_vector_appendix,profiles2_V2.pdf,4,15,3.973812858,68.30487577,5.367911221,12,10.58832085,5.5,0.0868061414707,0.0413482332166,0.367981774,0,0,vector_geometry_exact_axis_scale_reconstructed_candidate
UGC06446,calibration,Elson_2017_WHISP_vector_appendix,profiles2_V2.pdf,4,16,4.237267166,72.83332601,5.21322633,12,10.58832085,5.5,0.0868061414707,0.0413482332166,0.367981774,0,0,vector_geometry_exact_axis_scale_reconstructed_candidate
UGC06446,calibration,Elson_2017_WHISP_vector_appendix,profiles2_V2.pdf,4,17,4.50315601,77.40362286,5.058541438,12,10.58832085,5.5,0.0868061414707,0.0413482332166,0.367981774,0,0,vector_geometry_exact_axis_scale_reconstructed_candidate
UGC06446,calibration,Elson_2017_WHISP_vector_appendix,profiles2_V2.pdf,4,18,4.768954783,81.97237152,4.904934165,12,10.58832085,5.5,0.0868061414707,0.0413482332166,0.367981774,0,0,vector_geometry_exact_axis_scale_reconstructed_candidate
UGC06446,calibration,Elson_2017_WHISP_vector_appendix,profiles2_V2.pdf,4,19,5.031805093,86.4904398,4.750249274,12,10.58832085,5.5,0.0868061414707,0.0413482332166,0.367981774,0,0,vector_geometry_exact_axis_scale_reconstructed_candidate
UGC06446,calibration,Elson_2017_WHISP_vector_appendix,profiles2_V2.pdf,4,20,5.297693936,91.06073665,4.780806184,12,10.58832085,5.5,0.0868061414707,0.0413482332166,0.367981774,0,0,vector_geometry_exact_axis_scale_reconstructed_candidate
UGC06446,calibration,Elson_2017_WHISP_vector_appendix,profiles2_V2.pdf,4,21,5.561323086,95.59219219,4.827572792,12,10.58832085,5.5,0.0868061414707,0.0413482332166,0.367981774,0,0,vector_geometry_exact_axis_scale_reconstructed_candidate
UGC06446,calibration,Elson_2017_WHISP_vector_appendix,profiles2_V2.pdf,4,22,5.826949667,100.1579811,4.875785478,12,10.58832085,5.5,0.0868061414707,0.0413482332166,0.367981774,0,0,vector_geometry_exact_axis_scale_reconstructed_candidate
UGC06446,calibration,Elson_2017_WHISP_vector_appendix,profiles2_V2.pdf,4,23,6.092835861,104.7282324,4.922549563,12,10.58832085,5.5,0.0868061414707,0.0413482332166,0.367981774,0,0,vector_geometry_exact_axis_scale_reconstructed_candidate
UGC06446,calibration,Elson_2017_WHISP_vector_appendix,profiles2_V2.pdf,4,24,6.355858364,109.2492604,4.970759725,12,10.58832085,5.5,0.0868061414707,0.0413482332166,0.367981774,0,0,vector_geometry_exact_axis_scale_reconstructed_candidate
UGC06446,calibration,Elson_2017_WHISP_vector_appendix,profiles2_V2.pdf,4,25,6.621659786,113.8180546,4.866397329,12,10.58832085,5.5,0.0868061414707,0.0413482332166,0.367981774,0,0,vector_geometry_exact_axis_scale_reconstructed_candidate
UGC06446,calibration,Elson_2017_WHISP_vector_appendix,profiles2_V2.pdf,4,26,6.887373788,118.3853462,4.644854687,12,10.58832085,5.5,0.0868061414707,0.0413482332166,0.367981774,0,0,vector_geometry_exact_axis_scale_reconstructed_candidate
UGC06446,calibration,Elson_2017_WHISP_vector_appendix,profiles2_V2.pdf,4,27,7.150918166,122.9153446,4.424387139,12,10.58832085,5.5,0.0868061414707,0.0413482332166,0.367981774,0,0,vector_geometry_exact_axis_scale_reconstructed_candidate
UGC06446,calibration,Elson_2017_WHISP_vector_appendix,profiles2_V2.pdf,4,28,7.416195064,127.4751229,4.203048916,12,10.58832085,5.5,0.0868061414707,0.0413482332166,0.367981774,0,0,vector_geometry_exact_axis_scale_reconstructed_candidate
UGC06446,calibration,Elson_2017_WHISP_vector_appendix,profiles2_V2.pdf,4,29,7.679652021,132.0036187,3.982578844,12,10.58832085,5.5,0.0868061414707,0.0413482332166,0.367981774,0,0,vector_geometry_exact_axis_scale_reconstructed_candidate
UGC06446,calibration,Elson_2017_WHISP_vector_appendix,profiles2_V2.pdf,4,30,7.945540864,136.5739155,3.728288724,12,10.58832085,5.5,0.0868061414707,0.0413482332166,0.367981774,0,0,vector_geometry_exact_axis_scale_reconstructed_candidate
UGC06446,calibration,Elson_2017_WHISP_vector_appendix,profiles2_V2.pdf,4,31,8.211339638,141.1426642,3.394111011,12,10.58832085,5.5,0.0868061414707,0.0413482332166,0.367981774,0,0,vector_geometry_exact_axis_scale_reconstructed_candidate
UGC06446,calibration,Elson_2017_WHISP_vector_appendix,profiles2_V2.pdf,4,32,8.474189948,145.6607325,3.059148429,12,10.58832085,5.5,0.0868061414707,0.0413482332166,0.367981774,0,0,vector_geometry_exact_axis_scale_reconstructed_candidate
UGC06446,calibration,Elson_2017_WHISP_vector_appendix,profiles2_V2.pdf,4,33,8.740076142,150.2309838,2.724930337,12,10.58832085,5.5,0.0868061414707,0.0413482332166,0.367981774,0,0,vector_geometry_exact_axis_scale_reconstructed_candidate
UGC06446,calibration,Elson_2017_WHISP_vector_appendix,profiles2_V2.pdf,4,34,9.005877564,154.799778,2.390795527,12,10.58832085,5.5,0.0868061414707,0.0413482332166,0.367981774,0,0,vector_geometry_exact_axis_scale_reconstructed_candidate
UGC06446,calibration,Elson_2017_WHISP_vector_appendix,profiles2_V2.pdf,4,35,9.269334522,159.3282738,2.058068939,12,10.58832085,5.5,0.0868061414707,0.0413482332166,0.367981774,0,0,vector_geometry_exact_axis_scale_reconstructed_candidate
UGC06446,calibration,Elson_2017_WHISP_vector_appendix,profiles2_V2.pdf,4,36,9.535133295,163.8970224,1.836440491,12,10.58832085,5.5,0.0868061414707,0.0413482332166,0.367981774,0,0,vector_geometry_exact_axis_scale_reconstructed_candidate
UGC06446,calibration,Elson_2017_WHISP_vector_appendix,profiles2_V2.pdf,4,37,9.801022138,168.4673193,1.626680984,12,10.58832085,5.5,0.0868061414707,0.0413482332166,0.367981774,0,0,vector_geometry_exact_axis_scale_reconstructed_candidate
UGC06446,calibration,Elson_2017_WHISP_vector_appendix,profiles2_V2.pdf,4,38,10.0638698,172.985342,1.416961857,12,10.58832085,5.5,0.0868061414707,0.0413482332166,0.367981774,0,0,vector_geometry_exact_axis_scale_reconstructed_candidate
UGC06446,calibration,Elson_2017_WHISP_vector_appendix,profiles2_V2.pdf,4,39,10.32975864,177.5556389,1.207202351,12,10.58832085,5.5,0.0868061414707,0.0413482332166,0.367981774,0,0,vector_geometry_exact_axis_scale_reconstructed_candidate
UGC06446,calibration,Elson_2017_WHISP_vector_appendix,profiles2_V2.pdf,4,40,10.5932156,182.0841346,0.9960775249,12,10.58832085,5.5,0.0868061414707,0.0413482332166,0.367981774,0,0,vector_geometry_exact_axis_scale_reconstructed_candidate
UGC06446,calibration,Elson_2017_WHISP_vector_appendix,profiles2_V2.pdf,4,41,10.85901437,186.6528833,0.8438759504,12,10.58832085,5.5,0.0868061414707,0.0413482332166,0.367981774,0,0,vector_geometry_exact_axis_scale_reconstructed_candidate
UGC06446,calibration,Elson_2017_WHISP_vector_appendix,profiles2_V2.pdf,4,42,11.1248158,191.2216775,0.7475742395,12,10.58832085,5.5,0.0868061414707,0.0413482332166,0.367981774,0,0,vector_geometry_exact_axis_scale_reconstructed_candidate
UGC06446,calibration,Elson_2017_WHISP_vector_appendix,profiles2_V2.pdf,4,43,11.38775088,195.7412029,0.6515223745,12,10.58832085,5.5,0.0868061414707,0.0413482332166,0.367981774,0,0,vector_geometry_exact_axis_scale_reconstructed_candidate
UGC06446,calibration,Elson_2017_WHISP_vector_appendix,profiles2_V2.pdf,4,44,11.6535523,200.3099971,0.5554301304,12,10.58832085,5.5,0.0868061414707,0.0413482332166,0.367981774,0,0,vector_geometry_exact_axis_scale_reconstructed_candidate
UGC06446,calibration,Elson_2017_WHISP_vector_appendix,profiles2_V2.pdf,4,45,11.91935372,204.8787913,0.4582627918,12,10.58832085,5.5,0.0868061414707,0.0413482332166,0.367981774,0,0,vector_geometry_exact_axis_scale_reconstructed_candidate
UGC06446,calibration,Elson_2017_WHISP_vector_appendix,profiles2_V2.pdf,4,46,12.18289545,209.4087442,0.3691157587,12,10.58832085,5.5,0.0868061414707,0.0413482332166,0.367981774,0,0,vector_geometry_exact_axis_scale_reconstructed_candidate
UGC06446,calibration,Elson_2017_WHISP_vector_appendix,profiles2_V2.pdf,4,47,12.44869687,213.9775384,0.3233838657,12,10.58832085,5.5,0.0868061414707,0.0413482332166,0.367981774,0,0,vector_geometry_exact_axis_scale_reconstructed_candidate
UGC06446,calibration,Elson_2017_WHISP_vector_appendix,profiles2_V2.pdf,4,48,12.71171673,218.4985209,0.2813340451,12,10.58832085,5.5,0.0868061414707,0.0413482332166,0.367981774,0,0,vector_geometry_exact_axis_scale_reconstructed_candidate
UGC06446,calibration,Elson_2017_WHISP_vector_appendix,profiles2_V2.pdf,4,49,12.97743073,223.0658124,0.237835623,12,10.58832085,5.5,0.0868061414707,0.0413482332166,0.367981774,0,0,vector_geometry_exact_axis_scale_reconstructed_candidate
UGC07261,calibration,Elson_2017_WHISP_vector_appendix,profiles2_V2.pdf,8,0,0,0,3.796661671,9.1,7.014762563,5.2,0.0528080674375,0.0398139917623,0.121896345,0,0,vector_geometry_exact_axis_scale_reconstructed_candidate
UGC07261,calibration,Elson_2017_WHISP_vector_appendix,profiles2_V2.pdf,8,1,0.1617521033,3.666351383,3.792122332,9.1,7.014762563,5.2,0.0528080674375,0.0398139917623,0.121896345,0,0,vector_geometry_exact_axis_scale_reconstructed_candidate
UGC07261,calibration,Elson_2017_WHISP_vector_appendix,profiles2_V2.pdf,8,2,0.3216557308,7.290804321,3.787624303,9.1,7.014762563,5.2,0.0528080674375,0.0398139917623,0.121896345,0,0,vector_geometry_exact_axis_scale_reconstructed_candidate
UGC07261,calibration,Elson_2017_WHISP_vector_appendix,profiles2_V2.pdf,8,3,0.4834062225,10.95711918,3.783165156,9.1,7.014762563,5.2,0.0528080674375,0.0398139917623,0.121896345,0,0,vector_geometry_exact_axis_scale_reconstructed_candidate
UGC07261,calibration,Elson_2017_WHISP_vector_appendix,profiles2_V2.pdf,8,4,0.6451051439,14.62226511,3.777313588,9.1,7.014762563,5.2,0.0528080674375,0.0398139917623,0.121896345,0,0,vector_geometry_exact_axis_scale_reconstructed_candidate
UGC07261,calibration,Elson_2017_WHISP_vector_appendix,profiles2_V2.pdf,8,5,0.8053762104,18.2550466,3.772774248,9.1,7.014762563,5.2,0.0528080674375,0.0398139917623,0.121896345,0,0,vector_geometry_exact_axis_scale_reconstructed_candidate
UGC07261,calibration,Elson_2017_WHISP_vector_appendix,profiles2_V2.pdf,8,6,0.9667592631,21.9130329,3.76827379,9.1,7.014762563,5.2,0.0528080674375,0.0398139917623,0.121896345,0,0,vector_geometry_exact_axis_scale_reconstructed_candidate
UGC07261,calibration,Elson_2017_WHISP_vector_appendix,profiles2_V2.pdf,8,7,1.128454961,25.57810578,3.76373445,9.1,7.014762563,5.2,0.0528080674375,0.0398139917623,0.121896345,0,0,vector_geometry_exact_axis_scale_reconstructed_candidate
UGC07261,calibration,Elson_2017_WHISP_vector_appendix,profiles2_V2.pdf,8,8,1.288729251,29.21096032,3.759277733,9.1,7.014762563,5.2,0.0528080674375,0.0398139917623,0.121896345,0,0,vector_geometry_exact_axis_scale_reconstructed_candidate
UGC07261,calibration,Elson_2017_WHISP_vector_appendix,profiles2_V2.pdf,8,9,1.450428172,32.87610626,3.754777274,9.1,7.014762563,5.2,0.0528080674375,0.0398139917623,0.121896345,0,0,vector_geometry_exact_axis_scale_reconstructed_candidate
UGC07261,calibration,Elson_2017_WHISP_vector_appendix,profiles2_V2.pdf,8,10,1.610750809,36.51005667,3.847265099,9.1,7.014762563,5.2,0.0528080674375,0.0398139917623,0.121896345,0,0,vector_geometry_exact_axis_scale_reconstructed_candidate
UGC07261,calibration,Elson_2017_WHISP_vector_appendix,profiles2_V2.pdf,8,11,1.772082292,40.16687405,4.070980658,9.1,7.014762563,5.2,0.0528080674375,0.0398139917623,0.121896345,0,0,vector_geometry_exact_axis_scale_reconstructed_candidate
UGC07261,calibration,Elson_2017_WHISP_vector_appendix,profiles2_V2.pdf,8,12,1.933832783,43.83318891,4.29306322,9.1,7.014762563,5.2,0.0528080674375,0.0398139917623,0.121896345,0,0,vector_geometry_exact_axis_scale_reconstructed_candidate
UGC07261,calibration,Elson_2017_WHISP_vector_appendix,profiles2_V2.pdf,8,13,2.09410385,47.46597039,4.516737468,9.1,7.014762563,5.2,0.0528080674375,0.0398139917623,0.121896345,0,0,vector_geometry_exact_axis_scale_reconstructed_candidate
UGC07261,calibration,Elson_2017_WHISP_vector_appendix,profiles2_V2.pdf,8,14,2.255802771,51.13111633,4.74017357,9.1,7.014762563,5.2,0.0528080674375,0.0398139917623,0.121896345,0,0,vector_geometry_exact_axis_scale_reconstructed_candidate
UGC07261,calibration,Elson_2017_WHISP_vector_appendix,profiles2_V2.pdf,8,15,2.417501692,54.79626226,4.963612103,9.1,7.014762563,5.2,0.0528080674375,0.0398139917623,0.121896345,0,0,vector_geometry_exact_axis_scale_reconstructed_candidate
UGC07261,calibration,Elson_2017_WHISP_vector_appendix,profiles2_V2.pdf,8,16,2.57745689,58.42188412,5.179084921,9.1,7.014762563,5.2,0.0528080674375,0.0398139917623,0.121896345,0,0,vector_geometry_exact_axis_scale_reconstructed_candidate
UGC07261,calibration,Elson_2017_WHISP_vector_appendix,profiles2_V2.pdf,8,17,2.739155812,62.08703006,5.383447535,9.1,7.014762563,5.2,0.0528080674375,0.0398139917623,0.121896345,0,0,vector_geometry_exact_axis_scale_reconstructed_candidate
UGC07261,calibration,Elson_2017_WHISP_vector_appendix,profiles2_V2.pdf,8,18,2.900854733,65.75217599,5.58645904,9.1,7.014762563,5.2,0.0528080674375,0.0398139917623,0.121896345,0,0,vector_geometry_exact_axis_scale_reconstructed_candidate
UGC07261,calibration,Elson_2017_WHISP_vector_appendix,profiles2_V2.pdf,8,19,3.06117737,69.3861264,5.789752432,9.1,7.014762563,5.2,0.0528080674375,0.0398139917623,0.121896345,0,0,vector_geometry_exact_axis_scale_reconstructed_candidate
UGC07261,calibration,Elson_2017_WHISP_vector_appendix,profiles2_V2.pdf,8,20,3.222876291,73.05127233,5.994115046,9.1,7.014762563,5.2,0.0528080674375,0.0398139917623,0.121896345,0,0,vector_geometry_exact_axis_scale_reconstructed_candidate
UGC07261,calibration,Elson_2017_WHISP_vector_appendix,profiles2_V2.pdf,8,21,3.382779919,76.67572527,6.197087671,9.1,7.014762563,5.2,0.0528080674375,0.0398139917623,0.121896345,0,0,vector_geometry_exact_axis_scale_reconstructed_candidate
UGC07261,calibration,Elson_2017_WHISP_vector_appendix,profiles2_V2.pdf,8,22,3.544530411,80.34204012,6.28404105,9.1,7.014762563,5.2,0.0528080674375,0.0398139917623,0.121896345,0,0,vector_geometry_exact_axis_scale_reconstructed_candidate
UGC07261,calibration,Elson_2017_WHISP_vector_appendix,profiles2_V2.pdf,8,23,3.706229332,84.00718606,6.105635048,9.1,7.014762563,5.2,0.0528080674375,0.0398139917623,0.121896345,0,0,vector_geometry_exact_axis_scale_reconstructed_candidate
UGC07261,calibration,Elson_2017_WHISP_vector_appendix,profiles2_V2.pdf,8,24,3.866500398,87.63996755,5.92623394,9.1,7.014762563,5.2,0.0528080674375,0.0398139917623,0.121896345,0,0,vector_geometry_exact_axis_scale_reconstructed_candidate
UGC07261,calibration,Elson_2017_WHISP_vector_appendix,profiles2_V2.pdf,8,25,4.02825089,91.3062824,5.746791521,9.1,7.014762563,5.2,0.0528080674375,0.0398139917623,0.121896345,0,0,vector_geometry_exact_axis_scale_reconstructed_candidate
UGC07261,calibration,Elson_2017_WHISP_vector_appendix,profiles2_V2.pdf,8,26,4.189582372,94.96309979,5.568423186,9.1,7.014762563,5.2,0.0528080674375,0.0398139917623,0.121896345,0,0,vector_geometry_exact_axis_scale_reconstructed_candidate
UGC07261,calibration,Elson_2017_WHISP_vector_appendix,profiles2_V2.pdf,8,27,4.349959803,98.59829217,5.389022077,9.1,7.014762563,5.2,0.0528080674375,0.0398139917623,0.121896345,0,0,vector_geometry_exact_axis_scale_reconstructed_candidate
UGC07261,calibration,Elson_2017_WHISP_vector_appendix,profiles2_V2.pdf,8,28,4.511607154,102.2622692,5.190511031,9.1,7.014762563,5.2,0.0528080674375,0.0398139917623,0.121896345,0,0,vector_geometry_exact_axis_scale_reconstructed_candidate
UGC07261,calibration,Elson_2017_WHISP_vector_appendix,profiles2_V2.pdf,8,29,4.671929791,105.8962196,4.936616642,9.1,7.014762563,5.2,0.0528080674375,0.0398139917623,0.121896345,0,0,vector_geometry_exact_axis_scale_reconstructed_candidate
UGC07261,calibration,Elson_2017_WHISP_vector_appendix,profiles2_V2.pdf,8,30,4.833312843,109.5542059,4.682644491,9.1,7.014762563,5.2,0.0528080674375,0.0398139917623,0.121896345,0,0,vector_geometry_exact_axis_scale_reconstructed_candidate
UGC07261,calibration,Elson_2017_WHISP_vector_appendix,profiles2_V2.pdf,8,31,4.995011765,113.2193518,4.428470645,9.1,7.014762563,5.2,0.0528080674375,0.0398139917623,0.121896345,0,0,vector_geometry_exact_axis_scale_reconstructed_candidate
UGC07261,calibration,Elson_2017_WHISP_vector_appendix,profiles2_V2.pdf,8,32,5.155282831,116.8521333,4.174576256,9.1,7.014762563,5.2,0.0528080674375,0.0398139917623,0.121896345,0,0,vector_geometry_exact_axis_scale_reconstructed_candidate
UGC07261,calibration,Elson_2017_WHISP_vector_appendix,profiles2_V2.pdf,8,33,5.317033323,120.5184482,3.920681867,9.1,7.014762563,5.2,0.0528080674375,0.0398139917623,0.121896345,0,0,vector_geometry_exact_axis_scale_reconstructed_candidate
UGC07261,calibration,Elson_2017_WHISP_vector_appendix,profiles2_V2.pdf,8,34,5.478732244,124.1835941,3.663324652,9.1,7.014762563,5.2,0.0528080674375,0.0398139917623,0.121896345,0,0,vector_geometry_exact_axis_scale_reconstructed_candidate
UGC07261,calibration,Elson_2017_WHISP_vector_appendix,profiles2_V2.pdf,8,35,5.638687442,127.809216,3.347442035,9.1,7.014762563,5.2,0.0528080674375,0.0398139917623,0.121896345,0,0,vector_geometry_exact_axis_scale_reconstructed_candidate
UGC07261,calibration,Elson_2017_WHISP_vector_appendix,profiles2_V2.pdf,8,36,5.800386364,131.4743619,3.02570299,9.1,7.014762563,5.2,0.0528080674375,0.0398139917623,0.121896345,0,0,vector_geometry_exact_axis_scale_reconstructed_candidate
UGC07261,calibration,Elson_2017_WHISP_vector_appendix,profiles2_V2.pdf,8,37,5.962085285,135.1395078,2.70416807,9.1,7.014762563,5.2,0.0528080674375,0.0398139917623,0.121896345,0,0,vector_geometry_exact_axis_scale_reconstructed_candidate
UGC07261,calibration,Elson_2017_WHISP_vector_appendix,profiles2_V2.pdf,8,38,6.122356351,138.7722893,2.382390145,9.1,7.014762563,5.2,0.0528080674375,0.0398139917623,0.121896345,0,0,vector_geometry_exact_axis_scale_reconstructed_candidate
UGC07261,calibration,Elson_2017_WHISP_vector_appendix,profiles2_V2.pdf,8,39,6.284106843,142.4386042,2.060932986,9.1,7.014762563,5.2,0.0528080674375,0.0398139917623,0.121896345,0,0,vector_geometry_exact_axis_scale_reconstructed_candidate
UGC07261,calibration,Elson_2017_WHISP_vector_appendix,profiles2_V2.pdf,8,40,6.444010471,146.0630571,1.742579005,9.1,7.014762563,5.2,0.0528080674375,0.0398139917623,0.121896345,0,0,vector_geometry_exact_axis_scale_reconstructed_candidate
UGC07261,calibration,Elson_2017_WHISP_vector_appendix,profiles2_V2.pdf,8,41,6.605709392,149.728203,1.516793042,9.1,7.014762563,5.2,0.0528080674375,0.0398139917623,0.121896345,0,0,vector_geometry_exact_axis_scale_reconstructed_candidate
UGC07261,calibration,Elson_2017_WHISP_vector_appendix,profiles2_V2.pdf,8,42,6.767459884,153.3945179,1.312466878,9.1,7.014762563,5.2,0.0528080674375,0.0398139917623,0.121896345,0,0,vector_geometry_exact_axis_scale_reconstructed_candidate
UGC07261,calibration,Elson_2017_WHISP_vector_appendix,profiles2_V2.pdf,8,43,6.92773095,157.0272994,1.109416492,9.1,7.014762563,5.2,0.0528080674375,0.0398139917623,0.121896345,0,0,vector_geometry_exact_axis_scale_reconstructed_candidate
UGC07261,calibration,Elson_2017_WHISP_vector_appendix,profiles2_V2.pdf,8,44,7.089429872,160.6924453,0.9061279605,9.1,7.014762563,5.2,0.0528080674375,0.0398139917623,0.121896345,0,0,vector_geometry_exact_axis_scale_reconstructed_candidate
UGC07261,calibration,Elson_2017_WHISP_vector_appendix,profiles2_V2.pdf,8,45,7.251180363,164.3587602,0.7031164554,9.1,7.014762563,5.2,0.0528080674375,0.0398139917623,0.121896345,0,0,vector_geometry_exact_axis_scale_reconstructed_candidate
UGC07261,calibration,Elson_2017_WHISP_vector_appendix,profiles2_V2.pdf,8,46,7.411087214,167.9832862,0.5001438311,9.1,7.014762563,5.2,0.0528080674375,0.0398139917623,0.121896345,0,0,vector_geometry_exact_axis_scale_reconstructed_candidate
UGC07261,calibration,Elson_2017_WHISP_vector_appendix,profiles2_V2.pdf,8,47,7.572782912,171.6483591,0.4118356975,9.1,7.014762563,5.2,0.0528080674375,0.0398139917623,0.121896345,0,0,vector_geometry_exact_axis_scale_reconstructed_candidate
UGC07261,calibration,Elson_2017_WHISP_vector_appendix,profiles2_V2.pdf,8,48,7.733108772,175.2823825,0.3588435272,9.1,7.014762563,5.2,0.0528080674375,0.0398139917623,0.121896345,0,0,vector_geometry_exact_axis_scale_reconstructed_candidate
UGC07261,calibration,Elson_2017_WHISP_vector_appendix,profiles2_V2.pdf,8,49,7.89480447,178.9474554,0.3047772734,9.1,7.014762563,5.2,0.0528080674375,0.0398139917623,0.121896345,0,0,vector_geometry_exact_axis_scale_reconstructed_candidate
UGC07323,calibration,Elson_2017_WHISP_vector_appendix,profiles2_V2.pdf,9,0,0,0,2.897857336,8.1,7.225656316,4.1,0.0539564713093,0.0360988953964,0.2936121304,0,0,vector_geometry_exact_axis_scale_reconstructed_candidate
UGC07323,calibration,Elson_2017_WHISP_vector_appendix,profiles2_V2.pdf,9,1,0.1652200815,4.207298779,2.874321667,8.1,7.225656316,4.1,0.0539564713093,0.0360988953964,0.2936121304,0,0,vector_geometry_exact_axis_scale_reconstructed_candidate
UGC07323,calibration,Elson_2017_WHISP_vector_appendix,profiles2_V2.pdf,9,2,0.3286488453,8.368981986,2.851724604,8.1,7.225656316,4.1,0.0539564713093,0.0360988953964,0.2936121304,0,0,vector_geometry_exact_axis_scale_reconstructed_candidate
UGC07323,calibration,Elson_2017_WHISP_vector_appendix,profiles2_V2.pdf,9,3,0.4938905387,12.57683111,2.829378718,8.1,7.225656316,4.1,0.0539564713093,0.0360988953964,0.2936121304,0,0,vector_geometry_exact_axis_scale_reconstructed_candidate
UGC07323,calibration,Elson_2017_WHISP_vector_appendix,profiles2_V2.pdf,9,4,0.6590890083,16.78357954,2.806779452,8.1,7.225656316,4.1,0.0539564713093,0.0360988953964,0.2936121304,0,0,vector_geometry_exact_axis_scale_reconstructed_candidate
UGC07323,calibration,Elson_2017_WHISP_vector_appendix,profiles2_V2.pdf,9,5,0.8228954658,20.95488065,2.783243783,8.1,7.225656316,4.1,0.0539564713093,0.0360988953964,0.2936121304,0,0,vector_geometry_exact_axis_scale_reconstructed_candidate
UGC07323,calibration,Elson_2017_WHISP_vector_appendix,profiles2_V2.pdf,9,6,0.9877594655,25.15311187,2.760646721,8.1,7.225656316,4.1,0.0539564713093,0.0360988953964,0.2936121304,0,0,vector_geometry_exact_axis_scale_reconstructed_candidate
UGC07323,calibration,Elson_2017_WHISP_vector_appendix,profiles2_V2.pdf,9,7,1.152979547,29.36041065,2.738300835,8.1,7.225656316,4.1,0.0539564713093,0.0360988953964,0.2936121304,0,0,vector_geometry_exact_axis_scale_reconstructed_candidate
UGC07323,calibration,Elson_2017_WHISP_vector_appendix,profiles2_V2.pdf,9,8,1.316769744,33.53129769,2.715703773,8.1,7.225656316,4.1,0.0539564713093,0.0360988953964,0.2936121304,0,0,vector_geometry_exact_axis_scale_reconstructed_candidate
UGC07323,calibration,Elson_2017_WHISP_vector_appendix,profiles2_V2.pdf,9,9,1.481990031,37.73860171,2.805805593,8.1,7.225656316,4.1,0.0539564713093,0.0360988953964,0.2936121304,0,0,vector_geometry_exact_axis_scale_reconstructed_candidate
UGC07323,calibration,Elson_2017_WHISP_vector_appendix,profiles2_V2.pdf,9,10,1.645419001,41.90029016,2.978610547,8.1,7.225656316,4.1,0.0539564713093,0.0360988953964,0.2936121304,0,0,vector_geometry_exact_axis_scale_reconstructed_candidate
UGC07323,calibration,Elson_2017_WHISP_vector_appendix,profiles2_V2.pdf,9,11,1.810638877,46.10758369,3.151633628,8.1,7.225656316,4.1,0.0539564713093,0.0360988953964,0.2936121304,0,0,vector_geometry_exact_axis_scale_reconstructed_candidate
UGC07323,calibration,Elson_2017_WHISP_vector_appendix,profiles2_V2.pdf,9,12,1.975859164,50.31488771,3.324654505,8.1,7.225656316,4.1,0.0539564713093,0.0360988953964,0.2936121304,0,0,vector_geometry_exact_axis_scale_reconstructed_candidate
UGC07323,calibration,Elson_2017_WHISP_vector_appendix,profiles2_V2.pdf,9,13,2.13964401,54.48563848,3.496450347,8.1,7.225656316,4.1,0.0539564713093,0.0360988953964,0.2936121304,0,0,vector_geometry_exact_axis_scale_reconstructed_candidate
UGC07323,calibration,Elson_2017_WHISP_vector_appendix,profiles2_V2.pdf,9,14,2.304863885,58.69293201,3.691817111,8.1,7.225656316,4.1,0.0539564713093,0.0360988953964,0.2936121304,0,0,vector_geometry_exact_axis_scale_reconstructed_candidate
UGC07323,calibration,Elson_2017_WHISP_vector_appendix,profiles2_V2.pdf,9,15,2.470105579,62.90078114,3.90978314,8.1,7.225656316,4.1,0.0539564713093,0.0360988953964,0.2936121304,0,0,vector_geometry_exact_axis_scale_reconstructed_candidate
UGC07323,calibration,Elson_2017_WHISP_vector_appendix,profiles2_V2.pdf,9,16,2.633518288,67.06205552,4.126773107,8.1,7.225656316,4.1,0.0539564713093,0.0360988953964,0.2936121304,0,0,vector_geometry_exact_axis_scale_reconstructed_candidate
UGC07323,calibration,Elson_2017_WHISP_vector_appendix,profiles2_V2.pdf,9,17,2.798759981,71.26990464,4.343763074,8.1,7.225656316,4.1,0.0539564713093,0.0360988953964,0.2936121304,0,0,vector_geometry_exact_axis_scale_reconstructed_candidate
UGC07323,calibration,Elson_2017_WHISP_vector_appendix,profiles2_V2.pdf,9,18,2.963958451,75.47665307,4.561729103,8.1,7.225656316,4.1,0.0539564713093,0.0360988953964,0.2936121304,0,0,vector_geometry_exact_axis_scale_reconstructed_candidate
UGC07323,calibration,Elson_2017_WHISP_vector_appendix,profiles2_V2.pdf,9,19,3.127765114,79.64795942,4.74893704,8.1,7.225656316,4.1,0.0539564713093,0.0360988953964,0.2936121304,0,0,vector_geometry_exact_axis_scale_reconstructed_candidate
UGC07323,calibration,Elson_2017_WHISP_vector_appendix,profiles2_V2.pdf,9,20,3.29298499,83.85525296,4.870770812,8.1,7.225656316,4.1,0.0539564713093,0.0360988953964,0.2936121304,0,0,vector_geometry_exact_axis_scale_reconstructed_candidate
UGC07323,calibration,Elson_2017_WHISP_vector_appendix,profiles2_V2.pdf,9,21,3.456392348,88.01639106,4.992604584,8.1,7.225656316,4.1,0.0539564713093,0.0360988953964,0.2936121304,0,0,vector_geometry_exact_axis_scale_reconstructed_candidate
UGC07323,calibration,Elson_2017_WHISP_vector_appendix,profiles2_V2.pdf,9,22,3.621617987,92.22383136,5.115376963,8.1,7.225656316,4.1,0.0539564713093,0.0360988953964,0.2936121304,0,0,vector_geometry_exact_axis_scale_reconstructed_candidate
UGC07323,calibration,Elson_2017_WHISP_vector_appendix,profiles2_V2.pdf,9,23,3.786832511,96.43098862,5.236994811,8.1,7.225656316,4.1,0.0539564713093,0.0360988953964,0.2936121304,0,0,vector_geometry_exact_axis_scale_reconstructed_candidate
UGC07323,calibration,Elson_2017_WHISP_vector_appendix,profiles2_V2.pdf,9,24,3.950644114,100.6024208,5.353774209,8.1,7.225656316,4.1,0.0539564713093,0.0360988953964,0.2936121304,0,0,vector_geometry_exact_axis_scale_reconstructed_candidate
UGC07323,calibration,Elson_2017_WHISP_vector_appendix,profiles2_V2.pdf,9,25,4.11585905,104.8095885,5.356662737,8.1,7.225656316,4.1,0.0539564713093,0.0360988953964,0.2936121304,0,0,vector_geometry_exact_axis_scale_reconstructed_candidate
UGC07323,calibration,Elson_2017_WHISP_vector_appendix,profiles2_V2.pdf,9,26,4.280750425,109.0085168,5.33745876,8.1,7.225656316,4.1,0.0539564713093,0.0360988953964,0.2936121304,0,0,vector_geometry_exact_axis_scale_reconstructed_candidate
UGC07323,calibration,Elson_2017_WHISP_vector_appendix,profiles2_V2.pdf,9,27,4.444508101,113.1785757,5.317963946,8.1,7.225656316,4.1,0.0539564713093,0.0360988953964,0.2936121304,0,0,vector_geometry_exact_axis_scale_reconstructed_candidate
UGC07323,calibration,Elson_2017_WHISP_vector_appendix,profiles2_V2.pdf,9,28,4.609722625,117.385733,5.298506589,8.1,7.225656316,4.1,0.0539564713093,0.0360988953964,0.2936121304,0,0,vector_geometry_exact_axis_scale_reconstructed_candidate
UGC07323,calibration,Elson_2017_WHISP_vector_appendix,profiles2_V2.pdf,9,29,4.77353464,121.5571756,5.279013978,8.1,7.225656316,4.1,0.0539564713093,0.0360988953964,0.2936121304,0,0,vector_geometry_exact_axis_scale_reconstructed_candidate
UGC07323,calibration,Elson_2017_WHISP_vector_appendix,profiles2_V2.pdf,9,30,4.938371676,125.7547202,5.158189318,8.1,7.225656316,4.1,0.0539564713093,0.0360988953964,0.2936121304,0,0,vector_geometry_exact_axis_scale_reconstructed_candidate
UGC07323,calibration,Elson_2017_WHISP_vector_appendix,profiles2_V2.pdf,9,31,5.1035862,129.9618775,4.964953148,8.1,7.225656316,4.1,0.0539564713093,0.0360988953964,0.2936121304,0,0,vector_geometry_exact_axis_scale_reconstructed_candidate
UGC07323,calibration,Elson_2017_WHISP_vector_appendix,profiles2_V2.pdf,9,32,5.267398627,134.1333306,4.77149885,8.1,7.225656316,4.1,0.0539564713093,0.0360988953964,0.2936121304,0,0,vector_geometry_exact_axis_scale_reconstructed_candidate
UGC07323,calibration,Elson_2017_WHISP_vector_appendix,profiles2_V2.pdf,9,33,5.432613151,138.3404879,4.578082008,8.1,7.225656316,4.1,0.0539564713093,0.0360988953964,0.2936121304,0,0,vector_geometry_exact_axis_scale_reconstructed_candidate
UGC07323,calibration,Elson_2017_WHISP_vector_appendix,profiles2_V2.pdf,9,34,5.597882014,142.5490288,4.384627711,8.1,7.225656316,4.1,0.0539564713093,0.0360988953964,0.2936121304,0,0,vector_geometry_exact_axis_scale_reconstructed_candidate
UGC07323,calibration,Elson_2017_WHISP_vector_appendix,profiles2_V2.pdf,9,35,5.761261379,146.7094541,4.119552887,8.1,7.225656316,4.1,0.0539564713093,0.0360988953964,0.2936121304,0,0,vector_geometry_exact_axis_scale_reconstructed_candidate
UGC07323,calibration,Elson_2017_WHISP_vector_appendix,profiles2_V2.pdf,9,36,5.926530242,150.9179951,3.709362002,8.1,7.225656316,4.1,0.0539564713093,0.0360988953964,0.2936121304,0,0,vector_geometry_exact_axis_scale_reconstructed_candidate
UGC07323,calibration,Elson_2017_WHISP_vector_appendix,profiles2_V2.pdf,9,37,6.091744766,155.1251524,3.299891597,8.1,7.225656316,4.1,0.0539564713093,0.0360988953964,0.2936121304,0,0,vector_geometry_exact_axis_scale_reconstructed_candidate
UGC07323,calibration,Elson_2017_WHISP_vector_appendix,profiles2_V2.pdf,9,38,6.255502854,159.2952217,2.890637116,8.1,7.225656316,4.1,0.0539564713093,0.0360988953964,0.2936121304,0,0,vector_geometry_exact_axis_scale_reconstructed_candidate
UGC07323,calibration,Elson_2017_WHISP_vector_appendix,profiles2_V2.pdf,9,39,6.420718201,163.5024,2.480446231,8.1,7.225656316,4.1,0.0539564713093,0.0360988953964,0.2936121304,0,0,vector_geometry_exact_axis_scale_reconstructed_candidate
UGC07323,calibration,Elson_2017_WHISP_vector_appendix,profiles2_V2.pdf,9,40,6.584097566,167.6628253,2.086337246,8.1,7.225656316,4.1,0.0539564713093,0.0360988953964,0.2936121304,0,0,vector_geometry_exact_axis_scale_reconstructed_candidate
UGC07323,calibration,Elson_2017_WHISP_vector_appendix,profiles2_V2.pdf,9,41,6.749366429,171.8713662,1.800859848,8.1,7.225656316,4.1,0.0539564713093,0.0360988953964,0.2936121304,0,0,vector_geometry_exact_axis_scale_reconstructed_candidate
UGC07323,calibration,Elson_2017_WHISP_vector_appendix,profiles2_V2.pdf,9,42,6.914580953,176.0785235,1.523543481,8.1,7.225656316,4.1,0.0539564713093,0.0360988953964,0.2936121304,0,0,vector_geometry_exact_axis_scale_reconstructed_candidate
UGC07323,calibration,Elson_2017_WHISP_vector_appendix,profiles2_V2.pdf,9,43,7.078339041,180.2485929,1.247192159,8.1,7.225656316,4.1,0.0539564713093,0.0360988953964,0.2936121304,0,0,vector_geometry_exact_axis_scale_reconstructed_candidate
UGC07323,calibration,Elson_2017_WHISP_vector_appendix,profiles2_V2.pdf,9,44,7.243607904,184.4571339,0.9698779945,8.1,7.225656316,4.1,0.0539564713093,0.0360988953964,0.2936121304,0,0,vector_geometry_exact_axis_scale_reconstructed_candidate
UGC07323,calibration,Elson_2017_WHISP_vector_appendix,profiles2_V2.pdf,9,45,7.408822428,188.6642911,0.6925660333,8.1,7.225656316,4.1,0.0539564713093,0.0360988953964,0.2936121304,0,0,vector_geometry_exact_axis_scale_reconstructed_candidate
UGC07323,calibration,Elson_2017_WHISP_vector_appendix,profiles2_V2.pdf,9,46,7.57231047,192.8274838,0.5474235324,8.1,7.225656316,4.1,0.0539564713093,0.0360988953964,0.2936121304,0,0,vector_geometry_exact_axis_scale_reconstructed_candidate
UGC07323,calibration,Elson_2017_WHISP_vector_appendix,profiles2_V2.pdf,9,47,7.737471479,197.0332784,0.4645221018,8.1,7.225656316,4.1,0.0539564713093,0.0360988953964,0.2936121304,0,0,vector_geometry_exact_axis_scale_reconstructed_candidate
UGC07323,calibration,Elson_2017_WHISP_vector_appendix,profiles2_V2.pdf,9,48,7.901336597,201.2060732,0.3825658877,8.1,7.225656316,4.1,0.0539564713093,0.0360988953964,0.2936121304,0,0,vector_geometry_exact_axis_scale_reconstructed_candidate
UGC07323,calibration,Elson_2017_WHISP_vector_appendix,profiles2_V2.pdf,9,49,8.066551945,205.4132515,0.2996644572,8.1,7.225656316,4.1,0.0539564713093,0.0360988953964,0.2936121304,0,0,vector_geometry_exact_axis_scale_reconstructed_candidate
UGC07399,calibration,Elson_2017_WHISP_vector_appendix,profiles2_V2.pdf,10,0,0,0,8.29570597,8.4,7.819067704,7.9,0.112669844089,0.0557325426247,0.4213670075,0,0,vector_geometry_exact_axis_scale_reconstructed_candidate
UGC07399,calibration,Elson_2017_WHISP_vector_appendix,profiles2_V2.pdf,10,1,0.3449929445,8.471424965,8.235571699,8.4,7.819067704,7.9,0.112669844089,0.0557325426247,0.4213670075,0,0,vector_geometry_exact_axis_scale_reconstructed_candidate
UGC07399,calibration,Elson_2017_WHISP_vector_appendix,profiles2_V2.pdf,10,2,0.6869497724,16.868297,8.1739305,8.4,7.819067704,7.9,0.112669844089,0.0557325426247,0.4213670075,0,0,vector_geometry_exact_axis_scale_reconstructed_candidate
UGC07399,calibration,Elson_2017_WHISP_vector_appendix,profiles2_V2.pdf,10,3,1.031942717,25.33972196,8.113908484,8.4,7.819067704,7.9,0.112669844089,0.0557325426247,0.4213670075,0,0,vector_geometry_exact_axis_scale_reconstructed_candidate
UGC07399,calibration,Elson_2017_WHISP_vector_appendix,profiles2_V2.pdf,10,4,1.376261733,33.79459837,8.052267285,8.4,7.819067704,7.9,0.112669844089,0.0557325426247,0.4213670075,0,0,vector_geometry_exact_axis_scale_reconstructed_candidate
UGC07399,calibration,Elson_2017_WHISP_vector_appendix,profiles2_V2.pdf,10,5,1.718215122,42.19138598,7.992133014,8.4,7.819067704,7.9,0.112669844089,0.0557325426247,0.4213670075,0,0,vector_geometry_exact_axis_scale_reconstructed_candidate
UGC07399,calibration,Elson_2017_WHISP_vector_appendix,profiles2_V2.pdf,10,6,2.063208067,50.66281094,7.722164904,8.4,7.819067704,7.9,0.112669844089,0.0557325426247,0.4213670075,0,0,vector_geometry_exact_axis_scale_reconstructed_candidate
UGC07399,calibration,Elson_2017_WHISP_vector_appendix,profiles2_V2.pdf,10,7,2.408317917,59.13710658,7.168907845,8.4,7.819067704,7.9,0.112669844089,0.0557325426247,0.4213670075,0,0,vector_geometry_exact_axis_scale_reconstructed_candidate
UGC07399,calibration,Elson_2017_WHISP_vector_appendix,profiles2_V2.pdf,10,8,2.749483911,67.51455939,6.616150827,8.4,7.819067704,7.9,0.112669844089,0.0557325426247,0.4213670075,0,0,vector_geometry_exact_axis_scale_reconstructed_candidate
UGC07399,calibration,Elson_2017_WHISP_vector_appendix,profiles2_V2.pdf,10,9,3.094590323,75.98877059,6.063339383,8.4,7.819067704,7.9,0.112669844089,0.0557325426247,0.4213670075,0,0,vector_geometry_exact_axis_scale_reconstructed_candidate
UGC07399,calibration,Elson_2017_WHISP_vector_appendix,profiles2_V2.pdf,10,10,3.436430245,84.38277196,5.451897195,8.4,7.819067704,7.9,0.112669844089,0.0557325426247,0.4213670075,0,0,vector_geometry_exact_axis_scale_reconstructed_candidate
UGC07399,calibration,Elson_2017_WHISP_vector_appendix,profiles2_V2.pdf,10,11,3.781536657,92.85698316,4.83566209,8.4,7.819067704,7.9,0.112669844089,0.0557325426247,0.4213670075,0,0,vector_geometry_exact_axis_scale_reconstructed_candidate
UGC07399,calibration,Elson_2017_WHISP_vector_appendix,profiles2_V2.pdf,10,12,4.12653304,101.3284926,4.219484814,8.4,7.819067704,7.9,0.112669844089,0.0557325426247,0.4213670075,0,0,vector_geometry_exact_axis_scale_reconstructed_candidate
UGC07399,calibration,Elson_2017_WHISP_vector_appendix,profiles2_V2.pdf,10,13,4.467699033,109.7059454,3.654032859,8.4,7.819067704,7.9,0.112669844089,0.0557325426247,0.4213670075,0,0,vector_geometry_exact_axis_scale_reconstructed_candidate
UGC07399,calibration,Elson_2017_WHISP_vector_appendix,profiles2_V2.pdf,10,14,4.812805445,118.1801566,3.267082196,8.4,7.819067704,7.9,0.112669844089,0.0557325426247,0.4213670075,0,0,vector_geometry_exact_axis_scale_reconstructed_candidate
UGC07399,calibration,Elson_2017_WHISP_vector_appendix,profiles2_V2.pdf,10,15,5.157801828,126.651666,2.881590839,8.4,7.819067704,7.9,0.112669844089,0.0557325426247,0.4213670075,0,0,vector_geometry_exact_axis_scale_reconstructed_candidate
UGC07399,calibration,Elson_2017_WHISP_vector_appendix,profiles2_V2.pdf,10,16,5.499751779,135.0483691,2.494272799,8.4,7.819067704,7.9,0.112669844089,0.0557325426247,0.4213670075,0,0,vector_geometry_exact_axis_scale_reconstructed_candidate
UGC07399,calibration,Elson_2017_WHISP_vector_appendix,profiles2_V2.pdf,10,17,5.84486163,143.5226648,2.200438752,8.4,7.819067704,7.9,0.112669844089,0.0557325426247,0.4213670075,0,0,vector_geometry_exact_axis_scale_reconstructed_candidate
UGC07399,calibration,Elson_2017_WHISP_vector_appendix,profiles2_V2.pdf,10,18,6.189854574,151.9940897,1.979314855,8.4,7.819067704,7.9,0.112669844089,0.0557325426247,0.4213670075,0,0,vector_geometry_exact_axis_scale_reconstructed_candidate
UGC07399,calibration,Elson_2017_WHISP_vector_appendix,profiles2_V2.pdf,10,19,6.531020568,160.3715425,1.758190957,8.4,7.819067704,7.9,0.112669844089,0.0557325426247,0.4213670075,0,0,vector_geometry_exact_axis_scale_reconstructed_candidate
UGC07399,calibration,Elson_2017_WHISP_vector_appendix,profiles2_V2.pdf,10,20,6.876130418,168.8458382,1.538570587,8.4,7.819067704,7.9,0.112669844089,0.0557325426247,0.4213670075,0,0,vector_geometry_exact_axis_scale_reconstructed_candidate
UGC07399,calibration,Elson_2017_WHISP_vector_appendix,profiles2_V2.pdf,10,21,7.218307304,177.2481138,1.341200373,8.4,7.819067704,7.9,0.112669844089,0.0557325426247,0.4213670075,0,0,vector_geometry_exact_axis_scale_reconstructed_candidate
UGC07399,calibration,Elson_2017_WHISP_vector_appendix,profiles2_V2.pdf,10,22,7.563076752,185.7140507,1.145306472,8.4,7.819067704,7.9,0.112669844089,0.0557325426247,0.4213670075,0,0,vector_geometry_exact_axis_scale_reconstructed_candidate
UGC07399,calibration,Elson_2017_WHISP_vector_appendix,profiles2_V2.pdf,10,23,7.908183164,194.1882619,0.9494159735,8.4,7.819067704,7.9,0.112669844089,0.0557325426247,0.4213670075,0,0,vector_geometry_exact_axis_scale_reconstructed_candidate
UGC07399,calibration,Elson_2017_WHISP_vector_appendix,profiles2_V2.pdf,10,24,8.249572654,202.5712028,0.7850519154,8.4,7.819067704,7.9,0.112669844089,0.0557325426247,0.4213670075,0,0,vector_geometry_exact_axis_scale_reconstructed_candidate
UGC07399,calibration,Elson_2017_WHISP_vector_appendix,profiles2_V2.pdf,10,25,8.594569037,211.0427122,0.6730153539,8.4,7.819067704,7.9,0.112669844089,0.0557325426247,0.4213670075,0,0,vector_geometry_exact_axis_scale_reconstructed_candidate
UGC07399,calibration,Elson_2017_WHISP_vector_appendix,profiles2_V2.pdf,10,26,8.939451953,219.5114354,0.5605944066,8.4,7.819067704,7.9,0.112669844089,0.0557325426247,0.4213670075,0,0,vector_geometry_exact_axis_scale_reconstructed_candidate
UGC07399,calibration,Elson_2017_WHISP_vector_appendix,profiles2_V2.pdf,10,27,9.28151881,227.9110092,0.4485442385,8.4,7.819067704,7.9,0.112669844089,0.0557325426247,0.4213670075,0,0,vector_geometry_exact_axis_scale_reconstructed_candidate
UGC07399,calibration,Elson_2017_WHISP_vector_appendix,profiles2_V2.pdf,10,28,9.625834387,236.3658012,0.3791779049,8.4,7.819067704,7.9,0.112669844089,0.0557325426247,0.4213670075,0,0,vector_geometry_exact_axis_scale_reconstructed_candidate
UGC07399,calibration,Elson_2017_WHISP_vector_appendix,profiles2_V2.pdf,10,29,9.967787777,244.7625888,0.3253842996,8.4,7.819067704,7.9,0.112669844089,0.0557325426247,0.4213670075,0,0,vector_geometry_exact_axis_scale_reconstructed_candidate
UGC07399,calibration,Elson_2017_WHISP_vector_appendix,profiles2_V2.pdf,10,30,10.31289763,253.2368844,0.2700871675,8.4,7.819067704,7.9,0.112669844089,0.0557325426247,0.4213670075,0,0,vector_geometry_exact_axis_scale_reconstructed_candidate
UGC07399,calibration,Elson_2017_WHISP_vector_appendix,profiles2_V2.pdf,10,31,10.65789057,261.7083094,0.2192768044,8.4,7.819067704,7.9,0.112669844089,0.0557325426247,0.4213670075,0,0,vector_geometry_exact_axis_scale_reconstructed_candidate
UGC07399,calibration,Elson_2017_WHISP_vector_appendix,profiles2_V2.pdf,10,32,10.99905656,270.0857622,0.1940468075,8.4,7.819067704,7.9,0.112669844089,0.0557325426247,0.4213670075,0,0,vector_geometry_exact_axis_scale_reconstructed_candidate
UGC07399,calibration,Elson_2017_WHISP_vector_appendix,profiles2_V2.pdf,10,33,11.34416298,278.5599734,0.1702931243,8.4,7.819067704,7.9,0.112669844089,0.0557325426247,0.4213670075,0,0,vector_geometry_exact_axis_scale_reconstructed_candidate
UGC07399,calibration,Elson_2017_WHISP_vector_appendix,profiles2_V2.pdf,10,34,11.68915936,287.0314828,0.1450631275,8.4,7.819067704,7.9,0.112669844089,0.0557325426247,0.4213670075,0,0,vector_geometry_exact_axis_scale_reconstructed_candidate
UGC07399,calibration,Elson_2017_WHISP_vector_appendix,profiles2_V2.pdf,10,35,12.03111275,295.4282704,0.1213298541,8.4,7.819067704,7.9,0.112669844089,0.0557325426247,0.4213670075,0,0,vector_geometry_exact_axis_scale_reconstructed_candidate
UGC07399,calibration,Elson_2017_WHISP_vector_appendix,profiles2_V2.pdf,10,36,12.37610569,303.8996954,0.09795035186,8.4,7.819067704,7.9,0.112669844089,0.0557325426247,0.4213670075,0,0,vector_geometry_exact_axis_scale_reconstructed_candidate
UGC07399,calibration,Elson_2017_WHISP_vector_appendix,profiles2_V2.pdf,10,37,12.72121554,312.373991,0.07569679389,8.4,7.819067704,7.9,0.112669844089,0.0557325426247,0.4213670075,0,0,vector_geometry_exact_axis_scale_reconstructed_candidate
UGC07399,calibration,Elson_2017_WHISP_vector_appendix,profiles2_V2.pdf,10,38,13.0623781,320.7513594,0.051949914,8.4,7.819067704,7.9,0.112669844089,0.0557325426247,0.4213670075,0,0,vector_geometry_exact_axis_scale_reconstructed_candidate
UGC07399,calibration,Elson_2017_WHISP_vector_appendix,profiles2_V2.pdf,10,39,13.40748795,329.225655,0.04267703124,8.4,7.819067704,7.9,0.112669844089,0.0557325426247,0.4213670075,0,0,vector_geometry_exact_axis_scale_reconstructed_candidate
UGC07399,calibration,Elson_2017_WHISP_vector_appendix,profiles2_V2.pdf,10,40,13.74944134,337.6224426,0.0363601775,8.4,7.819067704,7.9,0.112669844089,0.0557325426247,0.4213670075,0,0,vector_geometry_exact_axis_scale_reconstructed_candidate
UGC07399,calibration,Elson_2017_WHISP_vector_appendix,profiles2_V2.pdf,10,41,14.09443428,346.0938676,0.03007053691,8.4,7.819067704,7.9,0.112669844089,0.0557325426247,0.4213670075,0,0,vector_geometry_exact_axis_scale_reconstructed_candidate
UGC07399,calibration,Elson_2017_WHISP_vector_appendix,profiles2_V2.pdf,10,42,14.43943067,354.565377,0.02523680015,8.4,7.819067704,7.9,0.112669844089,0.0557325426247,0.4213670075,0,0,vector_geometry_exact_axis_scale_reconstructed_candidate
UGC07399,calibration,Elson_2017_WHISP_vector_appendix,profiles2_V2.pdf,10,43,14.78070669,362.9455316,0.01892334806,8.4,7.819067704,7.9,0.112669844089,0.0557325426247,0.4213670075,0,0,vector_geometry_exact_axis_scale_reconstructed_candidate
UGC07399,calibration,Elson_2017_WHISP_vector_appendix,profiles2_V2.pdf,10,44,15.12570307,371.417041,0.01263030583,8.4,7.819067704,7.9,0.112669844089,0.0557325426247,0.4213670075,0,0,vector_geometry_exact_axis_scale_reconstructed_candidate
UGC07399,calibration,Elson_2017_WHISP_vector_appendix,profiles2_V2.pdf,10,45,15.47069946,379.8885504,0.006316853739,8.4,7.819067704,7.9,0.112669844089,0.0557325426247,0.4213670075,0,0,vector_geometry_exact_axis_scale_reconstructed_candidate
UGC07399,calibration,Elson_2017_WHISP_vector_appendix,profiles2_V2.pdf,10,46,15.81276287,388.2880398,0,8.4,7.819067704,7.9,0.112669844089,0.0557325426247,0.4213670075,0,0,vector_geometry_exact_axis_scale_reconstructed_candidate
UGC07524,calibration,Elson_2017_WHISP_vector_appendix,profiles2_V2.pdf,11,0,0,0,2.294541638,3.5,8.942379948,3.9,0.0740068288094,0.0373200277966,0.3764759016,0,0,vector_geometry_exact_axis_scale_reconstructed_candidate
UGC07524,calibration,Elson_2017_WHISP_vector_appendix,profiles2_V2.pdf,11,1,0.2266843079,13.35915393,2.954646463,3.5,8.942379948,3.9,0.0740068288094,0.0373200277966,0.3764759016,0,0,vector_geometry_exact_axis_scale_reconstructed_candidate
UGC07524,calibration,Elson_2017_WHISP_vector_appendix,profiles2_V2.pdf,11,2,0.4507781057,26.56564171,3.61371943,3.5,8.942379948,3.9,0.0740068288094,0.0373200277966,0.3764759016,0,0,vector_geometry_exact_axis_scale_reconstructed_candidate
UGC07524,calibration,Elson_2017_WHISP_vector_appendix,profiles2_V2.pdf,11,3,0.6774601551,39.92466254,4.243046166,3.5,8.942379948,3.9,0.0740068288094,0.0373200277966,0.3764759016,0,0,vector_geometry_exact_axis_scale_reconstructed_candidate
UGC07524,calibration,Elson_2017_WHISP_vector_appendix,profiles2_V2.pdf,11,4,0.9040699322,53.27942416,4.669351859,3.5,8.942379948,3.9,0.0740068288094,0.0373200277966,0.3764759016,0,0,vector_geometry_exact_axis_scale_reconstructed_candidate
UGC07524,calibration,Elson_2017_WHISP_vector_appendix,profiles2_V2.pdf,11,5,1.12867867,66.51625883,4.885210772,3.5,8.942379948,3.9,0.0740068288094,0.0373200277966,0.3764759016,0,0,vector_geometry_exact_axis_scale_reconstructed_candidate
UGC07524,calibration,Elson_2017_WHISP_vector_appendix,profiles2_V2.pdf,11,6,1.354845779,79.84493277,4.642033799,3.5,8.942379948,3.9,0.0740068288094,0.0373200277966,0.3764759016,0,0,vector_geometry_exact_axis_scale_reconstructed_candidate
UGC07524,calibration,Elson_2017_WHISP_vector_appendix,profiles2_V2.pdf,11,7,1.581451039,93.19942819,4.481036511,3.5,8.942379948,3.9,0.0740068288094,0.0373200277966,0.3764759016,0,0,vector_geometry_exact_axis_scale_reconstructed_candidate
UGC07524,calibration,Elson_2017_WHISP_vector_appendix,profiles2_V2.pdf,11,8,1.806064294,106.4365291,4.419644337,3.5,8.942379948,3.9,0.0740068288094,0.0373200277966,0.3764759016,0,0,vector_geometry_exact_axis_scale_reconstructed_candidate
UGC07524,calibration,Elson_2017_WHISP_vector_appendix,profiles2_V2.pdf,11,9,2.032674072,119.7912907,4.226140084,3.5,8.942379948,3.9,0.0740068288094,0.0373200277966,0.3764759016,0,0,vector_geometry_exact_axis_scale_reconstructed_candidate
UGC07524,calibration,Elson_2017_WHISP_vector_appendix,profiles2_V2.pdf,11,10,2.257355082,133.0323846,3.950121304,3.5,8.942379948,3.9,0.0740068288094,0.0373200277966,0.3764759016,0,0,vector_geometry_exact_axis_scale_reconstructed_candidate
UGC07524,calibration,Elson_2017_WHISP_vector_appendix,profiles2_V2.pdf,11,11,2.483449919,146.3567993,4.004049017,3.5,8.942379948,3.9,0.0740068288094,0.0373200277966,0.3764759016,0,0,vector_geometry_exact_axis_scale_reconstructed_candidate
UGC07524,calibration,Elson_2017_WHISP_vector_appendix,profiles2_V2.pdf,11,12,2.710131968,159.7158201,4.171242013,3.5,8.942379948,3.9,0.0740068288094,0.0373200277966,0.3764759016,0,0,vector_geometry_exact_axis_scale_reconstructed_candidate
UGC07524,calibration,Elson_2017_WHISP_vector_appendix,profiles2_V2.pdf,11,13,2.934740706,172.9526548,4.502382091,3.5,8.942379948,3.9,0.0740068288094,0.0373200277966,0.3764759016,0,0,vector_geometry_exact_axis_scale_reconstructed_candidate
UGC07524,calibration,Elson_2017_WHISP_vector_appendix,profiles2_V2.pdf,11,14,3.161350483,186.3074164,4.8397566,3.5,8.942379948,3.9,0.0740068288094,0.0373200277966,0.3764759016,0,0,vector_geometry_exact_axis_scale_reconstructed_candidate
UGC07524,calibration,Elson_2017_WHISP_vector_appendix,profiles2_V2.pdf,11,15,3.38796026,199.662178,4.917009331,3.5,8.942379948,3.9,0.0740068288094,0.0373200277966,0.3764759016,0,0,vector_geometry_exact_axis_scale_reconstructed_candidate
UGC07524,calibration,Elson_2017_WHISP_vector_appendix,profiles2_V2.pdf,11,16,3.61212633,212.872925,4.993066199,3.5,8.942379948,3.9,0.0740068288094,0.0373200277966,0.3764759016,0,0,vector_geometry_exact_axis_scale_reconstructed_candidate
UGC07524,calibration,Elson_2017_WHISP_vector_appendix,profiles2_V2.pdf,11,17,3.838736107,226.2276866,5.151826655,3.5,8.942379948,3.9,0.0740068288094,0.0373200277966,0.3764759016,0,0,vector_geometry_exact_axis_scale_reconstructed_candidate
UGC07524,calibration,Elson_2017_WHISP_vector_appendix,profiles2_V2.pdf,11,18,4.065345885,239.5824483,5.114805023,3.5,8.942379948,3.9,0.0740068288094,0.0373200277966,0.3764759016,0,0,vector_geometry_exact_axis_scale_reconstructed_candidate
UGC07524,calibration,Elson_2017_WHISP_vector_appendix,profiles2_V2.pdf,11,19,4.290026895,252.8235421,4.640765046,3.5,8.942379948,3.9,0.0740068288094,0.0373200277966,0.3764759016,0,0,vector_geometry_exact_axis_scale_reconstructed_candidate
UGC07524,calibration,Elson_2017_WHISP_vector_appendix,profiles2_V2.pdf,11,20,4.516636672,266.1783038,4.235804932,3.5,8.942379948,3.9,0.0740068288094,0.0373200277966,0.3764759016,0,0,vector_geometry_exact_axis_scale_reconstructed_candidate
UGC07524,calibration,Elson_2017_WHISP_vector_appendix,profiles2_V2.pdf,11,21,4.74073047,279.3847915,3.915076832,3.5,8.942379948,3.9,0.0740068288094,0.0373200277966,0.3764759016,0,0,vector_geometry_exact_axis_scale_reconstructed_candidate
UGC07524,calibration,Elson_2017_WHISP_vector_appendix,profiles2_V2.pdf,11,22,4.967412519,292.7438124,3.715340426,3.5,8.942379948,3.9,0.0740068288094,0.0373200277966,0.3764759016,0,0,vector_geometry_exact_axis_scale_reconstructed_candidate
UGC07524,calibration,Elson_2017_WHISP_vector_appendix,profiles2_V2.pdf,11,23,5.194022296,306.098574,3.597856596,3.5,8.942379948,3.9,0.0740068288094,0.0373200277966,0.3764759016,0,0,vector_geometry_exact_axis_scale_reconstructed_candidate
UGC07524,calibration,Elson_2017_WHISP_vector_appendix,profiles2_V2.pdf,11,24,5.418631034,319.3354086,3.56826298,3.5,8.942379948,3.9,0.0740068288094,0.0373200277966,0.3764759016,0,0,vector_geometry_exact_axis_scale_reconstructed_candidate
UGC07524,calibration,Elson_2017_WHISP_vector_appendix,profiles2_V2.pdf,11,25,5.645313084,332.6944295,3.56826298,3.5,8.942379948,3.9,0.0740068288094,0.0373200277966,0.3764759016,0,0,vector_geometry_exact_axis_scale_reconstructed_candidate
UGC07524,calibration,Elson_2017_WHISP_vector_appendix,profiles2_V2.pdf,11,26,5.871407921,346.0188442,3.555611891,3.5,8.942379948,3.9,0.0740068288094,0.0373200277966,0.3764759016,0,0,vector_geometry_exact_axis_scale_reconstructed_candidate
UGC07524,calibration,Elson_2017_WHISP_vector_appendix,profiles2_V2.pdf,11,27,6.09616572,359.2644635,3.538480304,3.5,8.942379948,3.9,0.0740068288094,0.0373200277966,0.3764759016,0,0,vector_geometry_exact_axis_scale_reconstructed_candidate
UGC07524,calibration,Elson_2017_WHISP_vector_appendix,profiles2_V2.pdf,11,28,6.322703225,372.6149659,3.468655589,3.5,8.942379948,3.9,0.0740068288094,0.0373200277966,0.3764759016,0,0,vector_geometry_exact_axis_scale_reconstructed_candidate
UGC07524,calibration,Elson_2017_WHISP_vector_appendix,profiles2_V2.pdf,11,29,6.547384235,385.8560598,3.393641969,3.5,8.942379948,3.9,0.0740068288094,0.0373200277966,0.3764759016,0,0,vector_geometry_exact_axis_scale_reconstructed_candidate
UGC07524,calibration,Elson_2017_WHISP_vector_appendix,profiles2_V2.pdf,11,30,6.773551344,399.1847337,3.308888331,3.5,8.942379948,3.9,0.0740068288094,0.0373200277966,0.3764759016,0,0,vector_geometry_exact_axis_scale_reconstructed_candidate
UGC07524,calibration,Elson_2017_WHISP_vector_appendix,profiles2_V2.pdf,11,31,7.000161121,412.5394953,3.164086441,3.5,8.942379948,3.9,0.0740068288094,0.0373200277966,0.3764759016,0,0,vector_geometry_exact_axis_scale_reconstructed_candidate
UGC07524,calibration,Elson_2017_WHISP_vector_appendix,profiles2_V2.pdf,11,32,7.224769859,425.77633,2.87836409,3.5,8.942379948,3.9,0.0740068288094,0.0373200277966,0.3764759016,0,0,vector_geometry_exact_axis_scale_reconstructed_candidate
UGC07524,calibration,Elson_2017_WHISP_vector_appendix,profiles2_V2.pdf,11,33,7.451451909,439.1353508,2.595889929,3.5,8.942379948,3.9,0.0740068288094,0.0373200277966,0.3764759016,0,0,vector_geometry_exact_axis_scale_reconstructed_candidate
UGC07524,calibration,Elson_2017_WHISP_vector_appendix,profiles2_V2.pdf,11,34,7.678061686,452.4901125,2.317650261,3.5,8.942379948,3.9,0.0740068288094,0.0373200277966,0.3764759016,0,0,vector_geometry_exact_axis_scale_reconstructed_candidate
UGC07524,calibration,Elson_2017_WHISP_vector_appendix,profiles2_V2.pdf,11,35,7.902227756,465.7008595,2.048098252,3.5,8.942379948,3.9,0.0740068288094,0.0373200277966,0.3764759016,0,0,vector_geometry_exact_axis_scale_reconstructed_candidate
UGC07524,calibration,Elson_2017_WHISP_vector_appendix,profiles2_V2.pdf,11,36,8.128837533,479.0556211,1.78450961,3.5,8.942379948,3.9,0.0740068288094,0.0373200277966,0.3764759016,0,0,vector_geometry_exact_axis_scale_reconstructed_candidate
UGC07524,calibration,Elson_2017_WHISP_vector_appendix,profiles2_V2.pdf,11,37,8.35544731,492.4103827,1.543289296,3.5,8.942379948,3.9,0.0740068288094,0.0373200277966,0.3764759016,0,0,vector_geometry_exact_axis_scale_reconstructed_candidate
UGC07524,calibration,Elson_2017_WHISP_vector_appendix,profiles2_V2.pdf,11,38,8.580056048,505.6472174,1.309496998,3.5,8.942379948,3.9,0.0740068288094,0.0373200277966,0.3764759016,0,0,vector_geometry_exact_axis_scale_reconstructed_candidate
UGC07524,calibration,Elson_2017_WHISP_vector_appendix,profiles2_V2.pdf,11,39,8.806738098,519.0062382,1.113988252,3.5,8.942379948,3.9,0.0740068288094,0.0373200277966,0.3764759016,0,0,vector_geometry_exact_axis_scale_reconstructed_candidate
UGC07524,calibration,Elson_2017_WHISP_vector_appendix,profiles2_V2.pdf,11,40,9.030831895,532.212726,0.9256683481,3.5,8.942379948,3.9,0.0740068288094,0.0373200277966,0.3764759016,0,0,vector_geometry_exact_axis_scale_reconstructed_candidate
UGC07524,calibration,Elson_2017_WHISP_vector_appendix,profiles2_V2.pdf,11,41,9.257441672,545.5674876,0.7627030119,3.5,8.942379948,3.9,0.0740068288094,0.0373200277966,0.3764759016,0,0,vector_geometry_exact_axis_scale_reconstructed_candidate
UGC07524,calibration,Elson_2017_WHISP_vector_appendix,profiles2_V2.pdf,11,42,9.484123722,558.9265084,0.6071839142,3.5,8.942379948,3.9,0.0740068288094,0.0373200277966,0.3764759016,0,0,vector_geometry_exact_axis_scale_reconstructed_candidate
UGC07524,calibration,Elson_2017_WHISP_vector_appendix,profiles2_V2.pdf,11,43,9.70873246,572.1633431,0.4822174002,3.5,8.942379948,3.9,0.0740068288094,0.0373200277966,0.3764759016,0,0,vector_geometry_exact_axis_scale_reconstructed_candidate
UGC07524,calibration,Elson_2017_WHISP_vector_appendix,profiles2_V2.pdf,11,44,9.935342237,585.5181047,0.364965909,3.5,8.942379948,3.9,0.0740068288094,0.0373200277966,0.3764759016,0,0,vector_geometry_exact_axis_scale_reconstructed_candidate
UGC07524,calibration,Elson_2017_WHISP_vector_appendix,profiles2_V2.pdf,11,45,10.16202429,598.8771255,0.2633426351,3.5,8.942379948,3.9,0.0740068288094,0.0373200277966,0.3764759016,0,0,vector_geometry_exact_axis_scale_reconstructed_candidate
UGC07524,calibration,Elson_2017_WHISP_vector_appendix,profiles2_V2.pdf,11,46,10.3861226,612.0838795,0.1786299988,3.5,8.942379948,3.9,0.0740068288094,0.0373200277966,0.3764759016,0,0,vector_geometry_exact_axis_scale_reconstructed_candidate
UGC07524,calibration,Elson_2017_WHISP_vector_appendix,profiles2_V2.pdf,11,47,10.61272786,625.4383749,0.117267436,3.5,8.942379948,3.9,0.0740068288094,0.0373200277966,0.3764759016,0,0,vector_geometry_exact_axis_scale_reconstructed_candidate
UGC07524,calibration,Elson_2017_WHISP_vector_appendix,profiles2_V2.pdf,11,48,10.83741339,638.679735,0.0760249785,3.5,8.942379948,3.9,0.0740068288094,0.0373200277966,0.3764759016,0,0,vector_geometry_exact_axis_scale_reconstructed_candidate
UGC07524,calibration,Elson_2017_WHISP_vector_appendix,profiles2_V2.pdf,11,49,11.06401865,652.0342304,0.04745411005,3.5,8.942379948,3.9,0.0740068288094,0.0373200277966,0.3764759016,0,0,vector_geometry_exact_axis_scale_reconstructed_candidate
UGC07559,calibration,Elson_2017_WHISP_vector_appendix,profiles3_V2.pdf,0,0,0,0,6.717544206,3.2,2.420187623,3.6,0.0192007539265,0.0471039620009,0.2429088115,0,0,vector_geometry_exact_axis_scale_reconstructed_candidate
UGC07559,calibration,Elson_2017_WHISP_vector_appendix,profiles3_V2.pdf,0,1,0.05879461817,3.789772474,6.661441501,3.2,2.420187623,3.6,0.0192007539265,0.0471039620009,0.2429088115,0,0,vector_geometry_exact_axis_scale_reconstructed_candidate
UGC07559,calibration,Elson_2017_WHISP_vector_appendix,profiles3_V2.pdf,0,2,0.1169517845,7.5384562,6.605574546,3.2,2.420187623,3.6,0.0192007539265,0.0471039620009,0.2429088115,0,0,vector_geometry_exact_axis_scale_reconstructed_candidate
UGC07559,calibration,Elson_2017_WHISP_vector_appendix,profiles3_V2.pdf,0,3,0.1757540934,11.3287244,6.55074834,3.2,2.420187623,3.6,0.0192007539265,0.0471039620009,0.2429088115,0,0,vector_geometry_exact_axis_scale_reconstructed_candidate
UGC07559,calibration,Elson_2017_WHISP_vector_appendix,profiles3_V2.pdf,0,4,0.2345410209,15.11800115,6.494645636,3.2,2.420187623,3.6,0.0192007539265,0.0471039620009,0.2429088115,0,0,vector_geometry_exact_axis_scale_reconstructed_candidate
UGC07559,calibration,Elson_2017_WHISP_vector_appendix,profiles3_V2.pdf,0,5,0.292832592,18.87534831,6.438453806,3.2,2.420187623,3.6,0.0192007539265,0.0471039620009,0.2429088115,0,0,vector_geometry_exact_axis_scale_reconstructed_candidate
UGC07559,calibration,Elson_2017_WHISP_vector_appendix,profiles3_V2.pdf,0,6,0.3515004962,22.65695308,6.382305101,3.2,2.420187623,3.6,0.0192007539265,0.0471039620009,0.2429088115,0,0,vector_geometry_exact_axis_scale_reconstructed_candidate
UGC07559,calibration,Elson_2017_WHISP_vector_appendix,profiles3_V2.pdf,0,7,0.4102951143,26.44672555,6.326530146,3.2,2.420187623,3.6,0.0192007539265,0.0471039620009,0.2429088115,0,0,vector_geometry_exact_axis_scale_reconstructed_candidate
UGC07559,calibration,Elson_2017_WHISP_vector_appendix,profiles3_V2.pdf,0,8,0.468580899,30.20369973,6.270433192,3.2,2.420187623,3.6,0.0192007539265,0.0471039620009,0.2429088115,0,0,vector_geometry_exact_axis_scale_reconstructed_candidate
UGC07559,calibration,Elson_2017_WHISP_vector_appendix,profiles3_V2.pdf,0,9,0.5273755905,33.99347693,6.214235612,3.2,2.420187623,3.6,0.0192007539265,0.0471039620009,0.2429088115,0,0,vector_geometry_exact_axis_scale_reconstructed_candidate
UGC07559,calibration,Elson_2017_WHISP_vector_appendix,profiles3_V2.pdf,0,10,0.5855328301,37.74216537,6.088845463,3.2,2.420187623,3.6,0.0192007539265,0.0471039620009,0.2429088115,0,0,vector_geometry_exact_axis_scale_reconstructed_candidate
UGC07559,calibration,Elson_2017_WHISP_vector_appendix,profiles3_V2.pdf,0,11,0.644327375,41.53193313,5.931097215,3.2,2.420187623,3.6,0.0192007539265,0.0471039620009,0.2429088115,0,0,vector_geometry_exact_axis_scale_reconstructed_candidate
UGC07559,calibration,Elson_2017_WHISP_vector_appendix,profiles3_V2.pdf,0,12,0.7031220664,45.32171032,5.773722717,3.2,2.420187623,3.6,0.0192007539265,0.0471039620009,0.2429088115,0,0,vector_geometry_exact_axis_scale_reconstructed_candidate
UGC07559,calibration,Elson_2017_WHISP_vector_appendix,profiles3_V2.pdf,0,13,0.7614059468,49.07856175,5.61596872,3.2,2.420187623,3.6,0.0192007539265,0.0471039620009,0.2429088115,0,0,vector_geometry_exact_axis_scale_reconstructed_candidate
UGC07559,calibration,Elson_2017_WHISP_vector_appendix,profiles3_V2.pdf,0,14,0.8202004917,52.86832951,5.458548222,3.2,2.420187623,3.6,0.0192007539265,0.0471039620009,0.2429088115,0,0,vector_geometry_exact_axis_scale_reconstructed_candidate
UGC07559,calibration,Elson_2017_WHISP_vector_appendix,profiles3_V2.pdf,0,15,0.8790028006,56.65859771,5.300891974,3.2,2.420187623,3.6,0.0192007539265,0.0471039620009,0.2429088115,0,0,vector_geometry_exact_axis_scale_reconstructed_candidate
UGC07559,calibration,Elson_2017_WHISP_vector_appendix,profiles3_V2.pdf,0,16,0.9371542538,60.40691318,5.152892843,3.2,2.420187623,3.6,0.0192007539265,0.0471039620009,0.2429088115,0,0,vector_geometry_exact_axis_scale_reconstructed_candidate
UGC07559,calibration,Elson_2017_WHISP_vector_appendix,profiles3_V2.pdf,0,17,0.9959565627,64.19718138,5.036544562,3.2,2.420187623,3.6,0.0192007539265,0.0471039620009,0.2429088115,0,0,vector_geometry_exact_axis_scale_reconstructed_candidate
UGC07559,calibration,Elson_2017_WHISP_vector_appendix,profiles3_V2.pdf,0,18,1.05474349,67.98645813,4.920478031,3.2,2.420187623,3.6,0.0192007539265,0.0471039620009,0.2429088115,0,0,vector_geometry_exact_axis_scale_reconstructed_candidate
UGC07559,calibration,Elson_2017_WHISP_vector_appendix,profiles3_V2.pdf,0,19,1.113035135,71.74381001,4.804181499,3.2,2.420187623,3.6,0.0192007539265,0.0471039620009,0.2429088115,0,0,vector_geometry_exact_axis_scale_reconstructed_candidate
UGC07559,calibration,Elson_2017_WHISP_vector_appendix,profiles3_V2.pdf,0,20,1.171829679,75.53357776,4.688163843,3.2,2.420187623,3.6,0.0192007539265,0.0471039620009,0.2429088115,0,0,vector_geometry_exact_axis_scale_reconstructed_candidate
UGC07559,calibration,Elson_2017_WHISP_vector_appendix,profiles3_V2.pdf,0,21,1.229979228,79.28177048,4.571861562,3.2,2.420187623,3.6,0.0192007539265,0.0471039620009,0.2429088115,0,0,vector_geometry_exact_axis_scale_reconstructed_candidate
UGC07559,calibration,Elson_2017_WHISP_vector_appendix,profiles3_V2.pdf,0,22,1.288775824,83.07167042,4.451701034,3.2,2.420187623,3.6,0.0192007539265,0.0471039620009,0.2429088115,0,0,vector_geometry_exact_axis_scale_reconstructed_candidate
UGC07559,calibration,Elson_2017_WHISP_vector_appendix,profiles3_V2.pdf,0,23,1.347568465,86.86131543,4.27016218,3.2,2.420187623,3.6,0.0192007539265,0.0471039620009,0.2429088115,0,0,vector_geometry_exact_axis_scale_reconstructed_candidate
UGC07559,calibration,Elson_2017_WHISP_vector_appendix,profiles3_V2.pdf,0,24,1.405861867,90.61878061,4.080426708,3.2,2.420187623,3.6,0.0192007539265,0.0471039620009,0.2429088115,0,0,vector_geometry_exact_axis_scale_reconstructed_candidate
UGC07559,calibration,Elson_2017_WHISP_vector_appendix,profiles3_V2.pdf,0,25,1.464654654,94.40843506,3.892341485,3.2,2.420187623,3.6,0.0192007539265,0.0471039620009,0.2429088115,0,0,vector_geometry_exact_axis_scale_reconstructed_candidate
UGC07559,calibration,Elson_2017_WHISP_vector_appendix,profiles3_V2.pdf,0,26,1.5233323,98.19066775,3.703879637,3.2,2.420187623,3.6,0.0192007539265,0.0471039620009,0.2429088115,0,0,vector_geometry_exact_axis_scale_reconstructed_candidate
UGC07559,calibration,Elson_2017_WHISP_vector_appendix,profiles3_V2.pdf,0,27,1.581606512,101.946896,3.515699539,3.2,2.420187623,3.6,0.0192007539265,0.0471039620009,0.2429088115,0,0,vector_geometry_exact_axis_scale_reconstructed_candidate
UGC07559,calibration,Elson_2017_WHISP_vector_appendix,profiles3_V2.pdf,0,28,1.640399152,105.736541,3.327611441,3.2,2.420187623,3.6,0.0192007539265,0.0471039620009,0.2429088115,0,0,vector_geometry_exact_axis_scale_reconstructed_candidate
UGC07559,calibration,Elson_2017_WHISP_vector_appendix,profiles3_V2.pdf,0,29,1.698692701,109.4940156,3.113714488,3.2,2.420187623,3.6,0.0192007539265,0.0471039620009,0.2429088115,0,0,vector_geometry_exact_axis_scale_reconstructed_candidate
UGC07559,calibration,Elson_2017_WHISP_vector_appendix,profiles3_V2.pdf,0,30,1.75735101,113.2750019,2.889594044,3.2,2.420187623,3.6,0.0192007539265,0.0471039620009,0.2429088115,0,0,vector_geometry_exact_axis_scale_reconstructed_candidate
UGC07559,calibration,Elson_2017_WHISP_vector_appendix,profiles3_V2.pdf,0,31,1.816143651,117.0646469,2.663777351,3.2,2.420187623,3.6,0.0192007539265,0.0471039620009,0.2429088115,0,0,vector_geometry_exact_axis_scale_reconstructed_candidate
UGC07559,calibration,Elson_2017_WHISP_vector_appendix,profiles3_V2.pdf,0,32,1.874437346,120.822131,2.439562032,3.2,2.420187623,3.6,0.0192007539265,0.0471039620009,0.2429088115,0,0,vector_geometry_exact_axis_scale_reconstructed_candidate
UGC07559,calibration,Elson_2017_WHISP_vector_appendix,profiles3_V2.pdf,0,33,1.933229986,124.611776,2.215346713,3.2,2.420187623,3.6,0.0192007539265,0.0471039620009,0.2429088115,0,0,vector_geometry_exact_axis_scale_reconstructed_candidate
UGC07559,calibration,Elson_2017_WHISP_vector_appendix,profiles3_V2.pdf,0,34,1.992041964,128.4026674,1.990846769,3.2,2.420187623,3.6,0.0192007539265,0.0471039620009,0.2429088115,0,0,vector_geometry_exact_axis_scale_reconstructed_candidate
UGC07559,calibration,Elson_2017_WHISP_vector_appendix,profiles3_V2.pdf,0,35,2.050181551,132.150218,1.798664674,3.2,2.420187623,3.6,0.0192007539265,0.0471039620009,0.2429088115,0,0,vector_geometry_exact_axis_scale_reconstructed_candidate
UGC07559,calibration,Elson_2017_WHISP_vector_appendix,profiles3_V2.pdf,0,36,2.108993528,135.9411094,1.670399527,3.2,2.420187623,3.6,0.0192007539265,0.0471039620009,0.2429088115,0,0,vector_geometry_exact_axis_scale_reconstructed_candidate
UGC07559,calibration,Elson_2017_WHISP_vector_appendix,profiles3_V2.pdf,0,37,2.167786169,139.7307544,1.540909632,3.2,2.420187623,3.6,0.0192007539265,0.0471039620009,0.2429088115,0,0,vector_geometry_exact_axis_scale_reconstructed_candidate
UGC07559,calibration,Elson_2017_WHISP_vector_appendix,profiles3_V2.pdf,0,38,2.226060527,143.4869921,1.41264736,3.2,2.420187623,3.6,0.0192007539265,0.0471039620009,0.2429088115,0,0,vector_geometry_exact_axis_scale_reconstructed_candidate
UGC07559,calibration,Elson_2017_WHISP_vector_appendix,profiles3_V2.pdf,0,39,2.284853461,147.276656,1.28316034,3.2,2.420187623,3.6,0.0192007539265,0.0471039620009,0.2429088115,0,0,vector_geometry_exact_axis_scale_reconstructed_candidate
UGC07559,calibration,Elson_2017_WHISP_vector_appendix,profiles3_V2.pdf,0,40,2.342993049,151.0242066,1.153670444,3.2,2.420187623,3.6,0.0192007539265,0.0471039620009,0.2429088115,0,0,vector_geometry_exact_axis_scale_reconstructed_candidate
UGC07559,calibration,Elson_2017_WHISP_vector_appendix,profiles3_V2.pdf,0,41,2.401805026,154.815098,1.025405298,3.2,2.420187623,3.6,0.0192007539265,0.0471039620009,0.2429088115,0,0,vector_geometry_exact_axis_scale_reconstructed_candidate
UGC07559,calibration,Elson_2017_WHISP_vector_appendix,profiles3_V2.pdf,0,42,2.460597666,158.604743,0.9441521133,3.2,2.420187623,3.6,0.0192007539265,0.0471039620009,0.2429088115,0,0,vector_geometry_exact_axis_scale_reconstructed_candidate
UGC07559,calibration,Elson_2017_WHISP_vector_appendix,profiles3_V2.pdf,0,43,2.518872025,162.3609807,0.8667111758,3.2,2.420187623,3.6,0.0192007539265,0.0471039620009,0.2429088115,0,0,vector_geometry_exact_axis_scale_reconstructed_candidate
UGC07559,calibration,Elson_2017_WHISP_vector_appendix,profiles3_V2.pdf,0,44,2.577684002,166.1518721,0.7892271133,3.2,2.420187623,3.6,0.0192007539265,0.0471039620009,0.2429088115,0,0,vector_geometry_exact_axis_scale_reconstructed_candidate
UGC07559,calibration,Elson_2017_WHISP_vector_appendix,profiles3_V2.pdf,0,45,2.636476643,169.9415171,0.7118810507,3.2,2.420187623,3.6,0.0192007539265,0.0471039620009,0.2429088115,0,0,vector_geometry_exact_axis_scale_reconstructed_candidate
UGC07559,calibration,Elson_2017_WHISP_vector_appendix,profiles3_V2.pdf,0,46,2.694654904,173.6915605,0.6343969882,3.2,2.420187623,3.6,0.0192007539265,0.0471039620009,0.2429088115,0,0,vector_geometry_exact_axis_scale_reconstructed_candidate
UGC07559,calibration,Elson_2017_WHISP_vector_appendix,profiles3_V2.pdf,0,47,2.7534285,177.479978,0.5582296747,3.2,2.420187623,3.6,0.0192007539265,0.0471039620009,0.2429088115,0,0,vector_geometry_exact_axis_scale_reconstructed_candidate
UGC07559,calibration,Elson_2017_WHISP_vector_appendix,profiles3_V2.pdf,0,48,2.811740946,181.2386707,0.50203497,3.2,2.420187623,3.6,0.0192007539265,0.0471039620009,0.2429088115,0,0,vector_geometry_exact_axis_scale_reconstructed_candidate
UGC07559,calibration,Elson_2017_WHISP_vector_appendix,profiles3_V2.pdf,0,49,2.87053388,185.0283346,0.4594045044,3.2,2.420187623,3.6,0.0192007539265,0.0471039620009,0.2429088115,0,0,vector_geometry_exact_axis_scale_reconstructed_candidate
UGC07690,calibration,Elson_2017_WHISP_vector_appendix,profiles3_V2.pdf,2,0,0,0,10.43884441,7.9,5.362034276,8.8,0.0515069159822,0.0686030565499,0.5623811054,0,0,vector_geometry_exact_axis_scale_reconstructed_candidate
UGC07690,calibration,Elson_2017_WHISP_vector_appendix,profiles3_V2.pdf,2,1,0.1577666519,4.1192074,10.17623171,7.9,5.362034276,8.8,0.0515069159822,0.0686030565499,0.5623811054,0,0,vector_geometry_exact_axis_scale_reconstructed_candidate
UGC07690,calibration,Elson_2017_WHISP_vector_appendix,profiles3_V2.pdf,2,2,0.3137303732,8.191341192,9.914171722,7.9,5.362034276,8.8,0.0515069159822,0.0686030565499,0.5623811054,0,0,vector_geometry_exact_axis_scale_reconstructed_candidate
UGC07690,calibration,Elson_2017_WHISP_vector_appendix,profiles3_V2.pdf,2,3,0.4714954532,12.31050755,9.651559021,7.9,5.362034276,8.8,0.0515069159822,0.0686030565499,0.5623811054,0,0,vector_geometry_exact_axis_scale_reconstructed_candidate
UGC07690,calibration,Elson_2017_WHISP_vector_appendix,profiles3_V2.pdf,2,4,0.6292102336,16.42836061,9.389009127,7.9,5.362034276,8.8,0.0515069159822,0.0686030565499,0.5623811054,0,0,vector_geometry_exact_axis_scale_reconstructed_candidate
UGC07690,calibration,Elson_2017_WHISP_vector_appendix,profiles3_V2.pdf,2,5,0.7855323403,20.50985167,9.1264048,7.9,5.362034276,8.8,0.0515069159822,0.0686030565499,0.5623811054,0,0,vector_geometry_exact_axis_scale_reconstructed_candidate
UGC07690,calibration,Elson_2017_WHISP_vector_appendix,profiles3_V2.pdf,2,6,0.9429390348,24.61966076,8.861941357,7.9,5.362034276,8.8,0.0515069159822,0.0686030565499,0.5623811054,0,0,vector_geometry_exact_axis_scale_reconstructed_candidate
UGC07690,calibration,Elson_2017_WHISP_vector_appendix,profiles3_V2.pdf,2,7,1.100650671,28.73743174,8.599324468,7.9,5.362034276,8.8,0.0515069159822,0.0686030565499,0.5623811054,0,0,vector_geometry_exact_axis_scale_reconstructed_candidate
UGC07690,calibration,Elson_2017_WHISP_vector_appendix,profiles3_V2.pdf,2,8,1.256975922,32.81900488,8.336778762,7.9,5.362034276,8.8,0.0515069159822,0.0686030565499,0.5623811054,0,0,vector_geometry_exact_axis_scale_reconstructed_candidate
UGC07690,calibration,Elson_2017_WHISP_vector_appendix,profiles3_V2.pdf,2,9,1.414690702,36.93685794,8.074237243,7.9,5.362034276,8.8,0.0515069159822,0.0686030565499,0.5623811054,0,0,vector_geometry_exact_axis_scale_reconstructed_candidate
UGC07690,calibration,Elson_2017_WHISP_vector_appendix,profiles3_V2.pdf,2,10,1.571063109,41.01966229,7.811624542,7.9,5.362034276,8.8,0.0515069159822,0.0686030565499,0.5623811054,0,0,vector_geometry_exact_axis_scale_reconstructed_candidate
UGC07690,calibration,Elson_2017_WHISP_vector_appendix,profiles3_V2.pdf,2,11,1.728419504,45.12815809,7.520266724,7.9,5.362034276,8.8,0.0515069159822,0.0686030565499,0.5623811054,0,0,vector_geometry_exact_axis_scale_reconstructed_candidate
UGC07690,calibration,Elson_2017_WHISP_vector_appendix,profiles3_V2.pdf,2,12,1.886184584,49.24732445,7.018368203,7.9,5.362034276,8.8,0.0515069159822,0.0686030565499,0.5623811054,0,0,vector_geometry_exact_axis_scale_reconstructed_candidate
UGC07690,calibration,Elson_2017_WHISP_vector_appendix,profiles3_V2.pdf,2,13,2.04250669,53.32881551,6.50500932,7.9,5.362034276,8.8,0.0515069159822,0.0686030565499,0.5623811054,0,0,vector_geometry_exact_axis_scale_reconstructed_candidate
UGC07690,calibration,Elson_2017_WHISP_vector_appendix,profiles3_V2.pdf,2,14,2.200221471,57.44666856,5.991650437,7.9,5.362034276,8.8,0.0515069159822,0.0686030565499,0.5623811054,0,0,vector_geometry_exact_axis_scale_reconstructed_candidate
UGC07690,calibration,Elson_2017_WHISP_vector_appendix,profiles3_V2.pdf,2,15,2.357936251,61.56452162,5.478433918,7.9,5.362034276,8.8,0.0515069159822,0.0686030565499,0.5623811054,0,0,vector_geometry_exact_axis_scale_reconstructed_candidate
UGC07690,calibration,Elson_2017_WHISP_vector_appendix,profiles3_V2.pdf,2,16,2.513950272,65.63796872,4.964597695,7.9,5.362034276,8.8,0.0515069159822,0.0686030565499,0.5623811054,0,0,vector_geometry_exact_axis_scale_reconstructed_candidate
UGC07690,calibration,Elson_2017_WHISP_vector_appendix,profiles3_V2.pdf,2,17,2.671665052,69.75582178,4.451376989,7.9,5.362034276,8.8,0.0515069159822,0.0686030565499,0.5623811054,0,0,vector_geometry_exact_axis_scale_reconstructed_candidate
UGC07690,calibration,Elson_2017_WHISP_vector_appendix,profiles3_V2.pdf,2,18,2.829379833,73.87367483,4.025693851,7.9,5.362034276,8.8,0.0515069159822,0.0686030565499,0.5623811054,0,0,vector_geometry_exact_axis_scale_reconstructed_candidate
UGC07690,calibration,Elson_2017_WHISP_vector_appendix,profiles3_V2.pdf,2,19,2.985752239,77.95647919,3.763152332,7.9,5.362034276,8.8,0.0515069159822,0.0686030565499,0.5623811054,0,0,vector_geometry_exact_axis_scale_reconstructed_candidate
UGC07690,calibration,Elson_2017_WHISP_vector_appendix,profiles3_V2.pdf,2,20,3.14346702,82.07433225,3.500539631,7.9,5.362034276,8.8,0.0515069159822,0.0686030565499,0.5623811054,0,0,vector_geometry_exact_axis_scale_reconstructed_candidate
UGC07690,calibration,Elson_2017_WHISP_vector_appendix,profiles3_V2.pdf,2,21,3.299430741,86.14646604,3.237998111,7.9,5.362034276,8.8,0.0515069159822,0.0686030565499,0.5623811054,0,0,vector_geometry_exact_axis_scale_reconstructed_candidate
UGC07690,calibration,Elson_2017_WHISP_vector_appendix,profiles3_V2.pdf,2,22,3.457195821,90.2656324,2.975381223,7.9,5.362034276,8.8,0.0515069159822,0.0686030565499,0.5623811054,0,0,vector_geometry_exact_axis_scale_reconstructed_candidate
UGC07690,calibration,Elson_2017_WHISP_vector_appendix,profiles3_V2.pdf,2,23,3.614910601,94.38348546,2.712839704,7.9,5.362034276,8.8,0.0515069159822,0.0686030565499,0.5623811054,0,0,vector_geometry_exact_axis_scale_reconstructed_candidate
UGC07690,calibration,Elson_2017_WHISP_vector_appendix,profiles3_V2.pdf,2,24,3.771232708,98.46497652,2.450570352,7.9,5.362034276,8.8,0.0515069159822,0.0686030565499,0.5623811054,0,0,vector_geometry_exact_axis_scale_reconstructed_candidate
UGC07690,calibration,Elson_2017_WHISP_vector_appendix,profiles3_V2.pdf,2,25,3.928997788,102.5841429,2.245996406,7.9,5.362034276,8.8,0.0515069159822,0.0686030565499,0.5623811054,0,0,vector_geometry_exact_axis_scale_reconstructed_candidate
UGC07690,calibration,Elson_2017_WHISP_vector_appendix,profiles3_V2.pdf,2,26,4.086354183,106.6926387,2.092598397,7.9,5.362034276,8.8,0.0515069159822,0.0686030565499,0.5623811054,0,0,vector_geometry_exact_axis_scale_reconstructed_candidate
UGC07690,calibration,Elson_2017_WHISP_vector_appendix,profiles3_V2.pdf,2,27,4.242780033,110.7768384,1.939062211,7.9,5.362034276,8.8,0.0515069159822,0.0686030565499,0.5623811054,0,0,vector_geometry_exact_axis_scale_reconstructed_candidate
UGC07690,calibration,Elson_2017_WHISP_vector_appendix,profiles3_V2.pdf,2,28,4.400444513,114.8933782,1.785191049,7.9,5.362034276,8.8,0.0515069159822,0.0686030565499,0.5623811054,0,0,vector_geometry_exact_axis_scale_reconstructed_candidate
UGC07690,calibration,Elson_2017_WHISP_vector_appendix,profiles3_V2.pdf,2,29,4.55681692,118.9761825,1.631721858,7.9,5.362034276,8.8,0.0515069159822,0.0686030565499,0.5623811054,0,0,vector_geometry_exact_axis_scale_reconstructed_candidate
UGC07690,calibration,Elson_2017_WHISP_vector_appendix,profiles3_V2.pdf,2,30,4.714223614,123.0859916,1.477846508,7.9,5.362034276,8.8,0.0515069159822,0.0686030565499,0.5623811054,0,0,vector_geometry_exact_axis_scale_reconstructed_candidate
UGC07690,calibration,Elson_2017_WHISP_vector_appendix,profiles3_V2.pdf,2,31,4.871938395,127.2038447,1.324448499,7.9,5.362034276,8.8,0.0515069159822,0.0686030565499,0.5623811054,0,0,vector_geometry_exact_axis_scale_reconstructed_candidate
UGC07690,calibration,Elson_2017_WHISP_vector_appendix,profiles3_V2.pdf,2,32,5.028260501,131.2853357,1.199728612,7.9,5.362034276,8.8,0.0515069159822,0.0686030565499,0.5623811054,0,0,vector_geometry_exact_axis_scale_reconstructed_candidate
UGC07690,calibration,Elson_2017_WHISP_vector_appendix,profiles3_V2.pdf,2,33,5.186025582,135.4045021,1.104783891,7.9,5.362034276,8.8,0.0515069159822,0.0686030565499,0.5623811054,0,0,vector_geometry_exact_axis_scale_reconstructed_candidate
UGC07690,calibration,Elson_2017_WHISP_vector_appendix,profiles3_V2.pdf,2,34,5.343740362,139.5223552,1.011141388,7.9,5.362034276,8.8,0.0515069159822,0.0686030565499,0.5623811054,0,0,vector_geometry_exact_axis_scale_reconstructed_candidate
UGC07690,calibration,Elson_2017_WHISP_vector_appendix,profiles3_V2.pdf,2,35,5.499754383,143.5958022,0.9161254851,7.9,5.362034276,8.8,0.0515069159822,0.0686030565499,0.5623811054,0,0,vector_geometry_exact_axis_scale_reconstructed_candidate
UGC07690,calibration,Elson_2017_WHISP_vector_appendix,profiles3_V2.pdf,2,36,5.657469163,147.7136553,0.8225499781,7.9,5.362034276,8.8,0.0515069159822,0.0686030565499,0.5623811054,0,0,vector_geometry_exact_axis_scale_reconstructed_candidate
UGC07690,calibration,Elson_2017_WHISP_vector_appendix,profiles3_V2.pdf,2,37,5.815183943,151.8315084,0.727538262,7.9,5.362034276,8.8,0.0515069159822,0.0686030565499,0.5623811054,0,0,vector_geometry_exact_axis_scale_reconstructed_candidate
UGC07690,calibration,Elson_2017_WHISP_vector_appendix,profiles3_V2.pdf,2,38,5.97150605,155.9129994,0.6321748213,7.9,5.362034276,8.8,0.0515069159822,0.0686030565499,0.5623811054,0,0,vector_geometry_exact_axis_scale_reconstructed_candidate
UGC07690,calibration,Elson_2017_WHISP_vector_appendix,profiles3_V2.pdf,2,39,6.12927113,160.0321658,0.5622695461,7.9,5.362034276,8.8,0.0515069159822,0.0686030565499,0.5623811054,0,0,vector_geometry_exact_axis_scale_reconstructed_candidate
UGC07690,calibration,Elson_2017_WHISP_vector_appendix,profiles3_V2.pdf,2,40,6.285234852,164.1042996,0.5115039542,7.9,5.362034276,8.8,0.0515069159822,0.0686030565499,0.5623811054,0,0,vector_geometry_exact_axis_scale_reconstructed_candidate
UGC07690,calibration,Elson_2017_WHISP_vector_appendix,profiles3_V2.pdf,2,41,6.442949632,168.2221526,0.4608765398,7.9,5.362034276,8.8,0.0515069159822,0.0686030565499,0.5623811054,0,0,vector_geometry_exact_axis_scale_reconstructed_candidate
UGC07690,calibration,Elson_2017_WHISP_vector_appendix,profiles3_V2.pdf,2,42,6.600714712,172.341319,0.4105882885,7.9,5.362034276,8.8,0.0515069159822,0.0686030565499,0.5623811054,0,0,vector_geometry_exact_axis_scale_reconstructed_candidate
UGC07690,calibration,Elson_2017_WHISP_vector_appendix,profiles3_V2.pdf,2,43,6.757036819,176.4228101,0.3599608742,7.9,5.362034276,8.8,0.0515069159822,0.0686030565499,0.5623811054,0,0,vector_geometry_exact_axis_scale_reconstructed_candidate
UGC07690,calibration,Elson_2017_WHISP_vector_appendix,profiles3_V2.pdf,2,44,6.914751599,180.5406631,0.3073445406,7.9,5.362034276,8.8,0.0515069159822,0.0686030565499,0.5623811054,0,0,vector_geometry_exact_axis_scale_reconstructed_candidate
UGC07690,calibration,Elson_2017_WHISP_vector_appendix,profiles3_V2.pdf,2,45,7.072516679,184.6598295,0.2567129391,7.9,5.362034276,8.8,0.0515069159822,0.0686030565499,0.5623811054,0,0,vector_geometry_exact_axis_scale_reconstructed_candidate
UGC07690,calibration,Elson_2017_WHISP_vector_appendix,profiles3_V2.pdf,2,46,7.228483544,188.7320453,0.2196646087,7.9,5.362034276,8.8,0.0515069159822,0.0686030565499,0.5623811054,0,0,vector_geometry_exact_axis_scale_reconstructed_candidate
UGC07690,calibration,Elson_2017_WHISP_vector_appendix,profiles3_V2.pdf,2,47,7.386195181,192.8498163,0.1982596512,7.9,5.362034276,8.8,0.0515069159822,0.0686030565499,0.5623811054,0,0,vector_geometry_exact_axis_scale_reconstructed_candidate
UGC07690,calibration,Elson_2017_WHISP_vector_appendix,profiles3_V2.pdf,2,48,7.542570731,196.9327028,0.1772692262,7.9,5.362034276,8.8,0.0515069159822,0.0686030565499,0.5623811054,0,0,vector_geometry_exact_axis_scale_reconstructed_candidate
UGC07690,calibration,Elson_2017_WHISP_vector_appendix,profiles3_V2.pdf,2,49,7.700282367,201.0504737,0.1557302783,7.9,5.362034276,8.8,0.0515069159822,0.0686030565499,0.5623811054,0,0,vector_geometry_exact_axis_scale_reconstructed_candidate
UGC07866,calibration,Elson_2017_WHISP_vector_appendix,profiles3_V2.pdf,3,0,0,0,4.82452857,4.8,3.46738419,4.7,0.0297480448205,0.0314492110735,0.3221486149,0,0,vector_geometry_exact_axis_scale_reconstructed_candidate
UGC07866,calibration,Elson_2017_WHISP_vector_appendix,profiles3_V2.pdf,3,1,0.09109147189,3.914371343,4.818270976,4.8,3.46738419,4.7,0.0297480448205,0.0314492110735,0.3221486149,0,0,vector_geometry_exact_axis_scale_reconstructed_candidate
UGC07866,calibration,Elson_2017_WHISP_vector_appendix,profiles3_V2.pdf,3,2,0.1811953292,7.786303037,4.812201493,4.8,3.46738419,4.7,0.0297480448205,0.0314492110735,0.3221486149,0,0,vector_geometry_exact_axis_scale_reconstructed_candidate
UGC07866,calibration,Elson_2017_WHISP_vector_appendix,profiles3_V2.pdf,3,3,0.2722987165,11.70118641,4.805880555,4.8,3.46738419,4.7,0.0297480448205,0.0314492110735,0.3221486149,0,0,vector_geometry_exact_axis_scale_reconstructed_candidate
UGC07866,calibration,Elson_2017_WHISP_vector_appendix,profiles3_V2.pdf,3,4,0.363378273,15.61504572,4.798803331,4.8,3.46738419,4.7,0.0297480448205,0.0314492110735,0.3221486149,0,0,vector_geometry_exact_axis_scale_reconstructed_candidate
UGC07866,calibration,Elson_2017_WHISP_vector_appendix,profiles3_V2.pdf,3,5,0.4536903657,19.49592568,4.792482392,4.8,3.46738419,4.7,0.0297480448205,0.0314492110735,0.3221486149,0,0,vector_geometry_exact_axis_scale_reconstructed_candidate
UGC07866,calibration,Elson_2017_WHISP_vector_appendix,profiles3_V2.pdf,3,6,0.5445855175,23.40186079,4.786224798,4.8,3.46738419,4.7,0.0297480448205,0.0314492110735,0.3221486149,0,0,vector_geometry_exact_axis_scale_reconstructed_candidate
UGC07866,calibration,Elson_2017_WHISP_vector_appendix,profiles3_V2.pdf,3,7,0.6356769894,27.31623213,4.779934572,4.8,3.46738419,4.7,0.0297480448205,0.0314492110735,0.3221486149,0,0,vector_geometry_exact_axis_scale_reconstructed_candidate
UGC07866,calibration,Elson_2017_WHISP_vector_appendix,profiles3_V2.pdf,3,8,0.7259801173,31.19672685,4.773675058,4.8,3.46738419,4.7,0.0297480448205,0.0314492110735,0.3221486149,0,0,vector_geometry_exact_axis_scale_reconstructed_candidate
UGC07866,calibration,Elson_2017_WHISP_vector_appendix,profiles3_V2.pdf,3,9,0.8170717026,35.11110307,4.767607495,4.8,3.46738419,4.7,0.0297480448205,0.0314492110735,0.3221486149,0,0,vector_geometry_exact_axis_scale_reconstructed_candidate
UGC07866,calibration,Elson_2017_WHISP_vector_appendix,profiles3_V2.pdf,3,10,0.9071756734,38.98303964,4.760497639,4.8,3.46738419,4.7,0.0297480448205,0.0314492110735,0.3221486149,0,0,vector_geometry_exact_axis_scale_reconstructed_candidate
UGC07866,calibration,Elson_2017_WHISP_vector_appendix,profiles3_V2.pdf,3,11,0.9982670318,42.89740611,4.756911999,4.8,3.46738419,4.7,0.0297480448205,0.0314492110735,0.3221486149,0,0,vector_geometry_exact_axis_scale_reconstructed_candidate
UGC07866,calibration,Elson_2017_WHISP_vector_appendix,profiles3_V2.pdf,3,12,1.089358617,46.81178233,4.755027042,4.8,3.46738419,4.7,0.0297480448205,0.0314492110735,0.3221486149,0,0,vector_geometry_exact_axis_scale_reconstructed_candidate
UGC07866,calibration,Elson_2017_WHISP_vector_appendix,profiles3_V2.pdf,3,13,1.179658795,50.69215026,4.75335899,4.8,3.46738419,4.7,0.0297480448205,0.0314492110735,0.3221486149,0,0,vector_geometry_exact_axis_scale_reconstructed_candidate
UGC07866,calibration,Elson_2017_WHISP_vector_appendix,profiles3_V2.pdf,3,14,1.270750153,54.60651673,4.752289825,4.8,3.46738419,4.7,0.0297480448205,0.0314492110735,0.3221486149,0,0,vector_geometry_exact_axis_scale_reconstructed_candidate
UGC07866,calibration,Elson_2017_WHISP_vector_appendix,profiles3_V2.pdf,3,15,1.36185354,58.5214001,4.750623692,4.8,3.46738419,4.7,0.0297480448205,0.0314492110735,0.3221486149,0,0,vector_geometry_exact_axis_scale_reconstructed_candidate
UGC07866,calibration,Elson_2017_WHISP_vector_appendix,profiles3_V2.pdf,3,16,1.451948546,62.39295143,4.748736816,4.8,3.46738419,4.7,0.0297480448205,0.0314492110735,0.3221486149,0,0,vector_geometry_exact_axis_scale_reconstructed_candidate
UGC07866,calibration,Elson_2017_WHISP_vector_appendix,profiles3_V2.pdf,3,17,1.543051933,66.3078348,4.729301803,4.8,3.46738419,4.7,0.0297480448205,0.0314492110735,0.3221486149,0,0,vector_geometry_exact_axis_scale_reconstructed_candidate
UGC07866,calibration,Elson_2017_WHISP_vector_appendix,profiles3_V2.pdf,3,18,1.63413149,70.22169412,4.640111886,4.8,3.46738419,4.7,0.0297480448205,0.0314492110735,0.3221486149,0,0,vector_geometry_exact_axis_scale_reconstructed_candidate
UGC07866,calibration,Elson_2017_WHISP_vector_appendix,profiles3_V2.pdf,3,19,1.724443696,74.10257895,4.54733633,4.8,3.46738419,4.7,0.0297480448205,0.0314492110735,0.3221486149,0,0,vector_geometry_exact_axis_scale_reconstructed_candidate
UGC07866,calibration,Elson_2017_WHISP_vector_appendix,profiles3_V2.pdf,3,20,1.815535054,78.01694542,4.454624117,4.8,3.46738419,4.7,0.0297480448205,0.0314492110735,0.3221486149,0,0,vector_geometry_exact_axis_scale_reconstructed_candidate
UGC07866,calibration,Elson_2017_WHISP_vector_appendix,profiles3_V2.pdf,3,21,1.90562711,81.88836996,4.362698902,4.8,3.46738419,4.7,0.0297480448205,0.0314492110735,0.3221486149,0,0,vector_geometry_exact_axis_scale_reconstructed_candidate
UGC07866,calibration,Elson_2017_WHISP_vector_appendix,profiles3_V2.pdf,3,22,1.996721646,85.80287297,4.270142169,4.8,3.46738419,4.7,0.0297480448205,0.0314492110735,0.3221486149,0,0,vector_geometry_exact_axis_scale_reconstructed_candidate
UGC07866,calibration,Elson_2017_WHISP_vector_appendix,profiles3_V2.pdf,3,23,2.087810054,89.71711265,4.177429956,4.8,3.46738419,4.7,0.0297480448205,0.0314492110735,0.3221486149,0,0,vector_geometry_exact_axis_scale_reconstructed_candidate
UGC07866,calibration,Elson_2017_WHISP_vector_appendix,profiles3_V2.pdf,3,24,2.178124983,93.59811452,3.982949294,4.8,3.46738419,4.7,0.0297480448205,0.0314492110735,0.3221486149,0,0,vector_geometry_exact_axis_scale_reconstructed_candidate
UGC07866,calibration,Elson_2017_WHISP_vector_appendix,profiles3_V2.pdf,3,25,2.269213618,97.51236395,3.757457069,4.8,3.46738419,4.7,0.0297480448205,0.0314492110735,0.3221486149,0,0,vector_geometry_exact_axis_scale_reconstructed_candidate
UGC07866,calibration,Elson_2017_WHISP_vector_appendix,profiles3_V2.pdf,3,26,2.360123863,101.4189476,3.531997475,4.8,3.46738419,4.7,0.0297480448205,0.0314492110735,0.3221486149,0,0,vector_geometry_exact_axis_scale_reconstructed_candidate
UGC07866,calibration,Elson_2017_WHISP_vector_appendix,profiles3_V2.pdf,3,27,2.450409061,105.2986719,3.306317138,4.8,3.46738419,4.7,0.0297480448205,0.0314492110735,0.3221486149,0,0,vector_geometry_exact_axis_scale_reconstructed_candidate
UGC07866,calibration,Elson_2017_WHISP_vector_appendix,profiles3_V2.pdf,3,28,2.541497469,109.2129115,3.080828752,4.8,3.46738419,4.7,0.0297480448205,0.0314492110735,0.3221486149,0,0,vector_geometry_exact_axis_scale_reconstructed_candidate
UGC07866,calibration,Elson_2017_WHISP_vector_appendix,profiles3_V2.pdf,3,29,2.631812626,113.0939232,2.855369158,4.8,3.46738419,4.7,0.0297480448205,0.0314492110735,0.3221486149,0,0,vector_geometry_exact_axis_scale_reconstructed_candidate
UGC07866,calibration,Elson_2017_WHISP_vector_appendix,profiles3_V2.pdf,3,30,2.722692912,116.9992195,2.630696562,4.8,3.46738419,4.7,0.0297480448205,0.0314492110735,0.3221486149,0,0,vector_geometry_exact_axis_scale_reconstructed_candidate
UGC07866,calibration,Elson_2017_WHISP_vector_appendix,profiles3_V2.pdf,3,31,2.813781319,120.9134591,2.407751523,4.8,3.46738419,4.7,0.0297480448205,0.0314492110735,0.3221486149,0,0,vector_geometry_exact_axis_scale_reconstructed_candidate
UGC07866,calibration,Elson_2017_WHISP_vector_appendix,profiles3_V2.pdf,3,32,2.904096703,124.7944805,2.183990693,4.8,3.46738419,4.7,0.0297480448205,0.0314492110735,0.3221486149,0,0,vector_geometry_exact_axis_scale_reconstructed_candidate
UGC07866,calibration,Elson_2017_WHISP_vector_appendix,profiles3_V2.pdf,3,33,2.995185111,128.7087202,1.961203054,4.8,3.46738419,4.7,0.0297480448205,0.0314492110735,0.3221486149,0,0,vector_geometry_exact_axis_scale_reconstructed_candidate
UGC07866,calibration,Elson_2017_WHISP_vector_appendix,profiles3_V2.pdf,3,34,3.086303478,132.6242473,1.738261854,4.8,3.46738419,4.7,0.0297480448205,0.0314492110735,0.3221486149,0,0,vector_geometry_exact_axis_scale_reconstructed_candidate
UGC07866,calibration,Elson_2017_WHISP_vector_appendix,profiles3_V2.pdf,3,35,3.1763801,136.4950086,1.515506846,4.8,3.46738419,4.7,0.0297480448205,0.0314492110735,0.3221486149,0,0,vector_geometry_exact_axis_scale_reconstructed_candidate
UGC07866,calibration,Elson_2017_WHISP_vector_appendix,profiles3_V2.pdf,3,36,3.267498466,140.4105357,1.292561807,4.8,3.46738419,4.7,0.0297480448205,0.0314492110735,0.3221486149,0,0,vector_geometry_exact_axis_scale_reconstructed_candidate
UGC07866,calibration,Elson_2017_WHISP_vector_appendix,profiles3_V2.pdf,3,37,3.358586874,144.3247753,1.148934658,4.8,3.46738419,4.7,0.0297480448205,0.0314492110735,0.3221486149,0,0,vector_geometry_exact_axis_scale_reconstructed_candidate
UGC07866,calibration,Elson_2017_WHISP_vector_appendix,profiles3_V2.pdf,3,38,3.448872299,148.2045093,1.025182089,4.8,3.46738419,4.7,0.0297480448205,0.0314492110735,0.3221486149,0,0,vector_geometry_exact_axis_scale_reconstructed_candidate
UGC07866,calibration,Elson_2017_WHISP_vector_appendix,profiles3_V2.pdf,3,39,3.539961161,152.1187685,0.9012721205,4.8,3.46738419,4.7,0.0297480448205,0.0314492110735,0.3221486149,0,0,vector_geometry_exact_axis_scale_reconstructed_candidate
UGC07866,calibration,Elson_2017_WHISP_vector_appendix,profiles3_V2.pdf,3,40,3.630037783,155.9895299,0.7781491502,4.8,3.46738419,4.7,0.0297480448205,0.0314492110735,0.3221486149,0,0,vector_geometry_exact_axis_scale_reconstructed_candidate
UGC07866,calibration,Elson_2017_WHISP_vector_appendix,profiles3_V2.pdf,3,41,3.72115615,159.9050569,0.6542391818,4.8,3.46738419,4.7,0.0297480448205,0.0314492110735,0.3221486149,0,0,vector_geometry_exact_axis_scale_reconstructed_candidate
UGC07866,calibration,Elson_2017_WHISP_vector_appendix,profiles3_V2.pdf,3,42,3.812244558,163.8192966,0.5302639501,4.8,3.46738419,4.7,0.0297480448205,0.0314492110735,0.3221486149,0,0,vector_geometry_exact_axis_scale_reconstructed_candidate
UGC07866,calibration,Elson_2017_WHISP_vector_appendix,profiles3_V2.pdf,3,43,3.902529983,167.6990306,0.4243762378,4.8,3.46738419,4.7,0.0297480448205,0.0314492110735,0.3221486149,0,0,vector_geometry_exact_axis_scale_reconstructed_candidate
UGC07866,calibration,Elson_2017_WHISP_vector_appendix,profiles3_V2.pdf,3,44,3.993648349,171.6145577,0.3805980299,4.8,3.46738419,4.7,0.0297480448205,0.0314492110735,0.3221486149,0,0,vector_geometry_exact_axis_scale_reconstructed_candidate
UGC07866,calibration,Elson_2017_WHISP_vector_appendix,profiles3_V2.pdf,3,45,4.084736757,175.5287973,0.3376701639,4.8,3.46738419,4.7,0.0297480448205,0.0314492110735,0.3221486149,0,0,vector_geometry_exact_axis_scale_reconstructed_candidate
UGC07866,calibration,Elson_2017_WHISP_vector_appendix,profiles3_V2.pdf,3,46,4.174873297,179.4021335,0.2941453311,4.8,3.46738419,4.7,0.0297480448205,0.0314492110735,0.3221486149,0,0,vector_geometry_exact_axis_scale_reconstructed_candidate
UGC07866,calibration,Elson_2017_WHISP_vector_appendix,profiles3_V2.pdf,3,47,4.2659322,183.3151053,0.2503671233,4.8,3.46738419,4.7,0.0297480448205,0.0314492110735,0.3221486149,0,0,vector_geometry_exact_axis_scale_reconstructed_candidate
UGC07866,calibration,Elson_2017_WHISP_vector_appendix,profiles3_V2.pdf,3,48,4.356276634,187.197375,0.2076907128,4.8,3.46738419,4.7,0.0297480448205,0.0314492110735,0.3221486149,0,0,vector_geometry_exact_axis_scale_reconstructed_candidate
UGC07866,calibration,Elson_2017_WHISP_vector_appendix,profiles3_V2.pdf,3,49,4.447365496,191.1116342,0.1639134647,4.8,3.46738419,4.7,0.0297480448205,0.0314492110735,0.3221486149,0,0,vector_geometry_exact_axis_scale_reconstructed_candidate
UGC08490,calibration,Elson_2017_WHISP_vector_appendix,profiles3_V2.pdf,5,0,0,0,9.068418325,4.9,8.219523429,9.1,0.125824842664,0.0641008955423,0.3507711929,0,0,vector_geometry_exact_axis_scale_reconstructed_candidate
UGC08490,calibration,Elson_2017_WHISP_vector_appendix,profiles3_V2.pdf,5,1,0.3854038584,16.22353609,9.241233307,4.9,8.219523429,9.1,0.125824842664,0.0641008955423,0.3507711929,0,0,vector_geometry_exact_axis_scale_reconstructed_candidate
UGC08490,calibration,Elson_2017_WHISP_vector_appendix,profiles3_V2.pdf,5,2,0.7664033866,32.26167235,9.414048288,4.9,8.219523429,9.1,0.125824842664,0.0641008955423,0.3507711929,0,0,vector_geometry_exact_axis_scale_reconstructed_candidate
UGC08490,calibration,Elson_2017_WHISP_vector_appendix,profiles3_V2.pdf,5,3,1.151803405,48.48504681,9.584813168,4.9,8.219523429,9.1,0.125824842664,0.0641008955423,0.3507711929,0,0,vector_geometry_exact_axis_scale_reconstructed_candidate
UGC08490,calibration,Elson_2017_WHISP_vector_appendix,profiles3_V2.pdf,5,4,1.537080548,64.70324882,9.308667574,4.9,8.219523429,9.1,0.125824842664,0.0641008955423,0.3507711929,0,0,vector_geometry_exact_axis_scale_reconstructed_candidate
UGC08490,calibration,Elson_2017_WHISP_vector_appendix,profiles3_V2.pdf,5,5,1.918955566,80.77823875,8.790668644,4.9,8.219523429,9.1,0.125824842664,0.0641008955423,0.3507711929,0,0,vector_geometry_exact_axis_scale_reconstructed_candidate
UGC08490,calibration,Elson_2017_WHISP_vector_appendix,profiles3_V2.pdf,5,6,2.303480095,96.96475954,8.064020986,4.9,8.219523429,9.1,0.125824842664,0.0641008955423,0.3507711929,0,0,vector_geometry_exact_axis_scale_reconstructed_candidate
UGC08490,calibration,Elson_2017_WHISP_vector_appendix,profiles3_V2.pdf,5,7,2.688749558,113.1826383,7.069686361,4.9,8.219523429,9.1,0.125824842664,0.0641008955423,0.3507711929,0,0,vector_geometry_exact_axis_scale_reconstructed_candidate
UGC08490,calibration,Elson_2017_WHISP_vector_appendix,profiles3_V2.pdf,5,8,3.070632256,129.2579515,6.241441287,4.9,8.219523429,9.1,0.125824842664,0.0641008955423,0.3507711929,0,0,vector_geometry_exact_axis_scale_reconstructed_candidate
UGC08490,calibration,Elson_2017_WHISP_vector_appendix,profiles3_V2.pdf,5,9,3.455909399,145.4761535,5.901386506,4.9,8.219523429,9.1,0.125824842664,0.0641008955423,0.3507711929,0,0,vector_geometry_exact_axis_scale_reconstructed_candidate
UGC08490,calibration,Elson_2017_WHISP_vector_appendix,profiles3_V2.pdf,5,10,3.837907293,161.5563159,5.556202558,4.9,8.219523429,9.1,0.125824842664,0.0641008955423,0.3507711929,0,0,vector_geometry_exact_axis_scale_reconstructed_candidate
UGC08490,calibration,Elson_2017_WHISP_vector_appendix,profiles3_V2.pdf,5,11,4.222308945,177.7376642,5.181980716,4.9,8.219523429,9.1,0.125824842664,0.0641008955423,0.3507711929,0,0,vector_geometry_exact_axis_scale_reconstructed_candidate
UGC08490,calibration,Elson_2017_WHISP_vector_appendix,profiles3_V2.pdf,5,12,4.607708964,193.9610387,4.807696275,4.9,8.219523429,9.1,0.125824842664,0.0641008955423,0.3507711929,0,0,vector_geometry_exact_axis_scale_reconstructed_candidate
UGC08490,calibration,Elson_2017_WHISP_vector_appendix,profiles3_V2.pdf,5,13,4.989583982,210.0360286,4.217196509,4.9,8.219523429,9.1,0.125824842664,0.0641008955423,0.3507711929,0,0,vector_geometry_exact_axis_scale_reconstructed_candidate
UGC08490,calibration,Elson_2017_WHISP_vector_appendix,profiles3_V2.pdf,5,14,5.374861125,226.2542306,3.615933708,4.9,8.219523429,9.1,0.125824842664,0.0641008955423,0.3507711929,0,0,vector_geometry_exact_axis_scale_reconstructed_candidate
UGC08490,calibration,Elson_2017_WHISP_vector_appendix,profiles3_V2.pdf,5,15,5.760138268,242.4724326,3.145302304,4.9,8.219523429,9.1,0.125824842664,0.0641008955423,0.3507711929,0,0,vector_geometry_exact_axis_scale_reconstructed_candidate
UGC08490,calibration,Elson_2017_WHISP_vector_appendix,profiles3_V2.pdf,5,16,6.141260672,258.5157413,2.705312881,4.9,8.219523429,9.1,0.125824842664,0.0641008955423,0.3507711929,0,0,vector_geometry_exact_axis_scale_reconstructed_candidate
UGC08490,calibration,Elson_2017_WHISP_vector_appendix,profiles3_V2.pdf,5,17,6.526537814,274.7339433,2.360128932,4.9,8.219523429,9.1,0.125824842664,0.0641008955423,0.3507711929,0,0,vector_geometry_exact_axis_scale_reconstructed_candidate
UGC08490,calibration,Elson_2017_WHISP_vector_appendix,profiles3_V2.pdf,5,18,6.911814957,290.9521453,2.058407926,4.9,8.219523429,9.1,0.125824842664,0.0641008955423,0.3507711929,0,0,vector_geometry_exact_axis_scale_reconstructed_candidate
UGC08490,calibration,Elson_2017_WHISP_vector_appendix,profiles3_V2.pdf,5,19,7.293812851,307.0323077,1.73668669,4.9,8.219523429,9.1,0.125824842664,0.0641008955423,0.3507711929,0,0,vector_geometry_exact_axis_scale_reconstructed_candidate
UGC08490,calibration,Elson_2017_WHISP_vector_appendix,profiles3_V2.pdf,5,20,7.679089994,323.2505097,1.400861222,4.9,8.219523429,9.1,0.125824842664,0.0641008955423,0.3507711929,0,0,vector_geometry_exact_axis_scale_reconstructed_candidate
UGC08490,calibration,Elson_2017_WHISP_vector_appendix,profiles3_V2.pdf,5,21,8.060089522,339.288646,1.099202814,4.9,8.219523429,9.1,0.125824842664,0.0641008955423,0.3507711929,0,0,vector_geometry_exact_axis_scale_reconstructed_candidate
UGC08490,calibration,Elson_2017_WHISP_vector_appendix,profiles3_V2.pdf,5,22,8.445489541,355.5120204,0.8593995798,4.9,8.219523429,9.1,0.125824842664,0.0641008955423,0.3507711929,0,0,vector_geometry_exact_axis_scale_reconstructed_candidate
UGC08490,calibration,Elson_2017_WHISP_vector_appendix,profiles3_V2.pdf,5,23,8.830766684,371.7302224,0.6357545912,4.9,8.219523429,9.1,0.125824842664,0.0641008955423,0.3507711929,0,0,vector_geometry_exact_axis_scale_reconstructed_candidate
UGC08490,calibration,Elson_2017_WHISP_vector_appendix,profiles3_V2.pdf,5,24,9.212641702,387.8052124,0.5120364199,4.9,8.219523429,9.1,0.125824842664,0.0641008955423,0.3507711929,0,0,vector_geometry_exact_axis_scale_reconstructed_candidate
UGC08490,calibration,Elson_2017_WHISP_vector_appendix,profiles3_V2.pdf,5,25,9.598041721,404.0285868,0.3904387738,4.9,8.219523429,9.1,0.125824842664,0.0641008955423,0.3507711929,0,0,vector_geometry_exact_axis_scale_reconstructed_candidate
UGC08490,calibration,Elson_2017_WHISP_vector_appendix,profiles3_V2.pdf,5,26,9.982443373,420.2099352,0.352425816,4.9,8.219523429,9.1,0.125824842664,0.0641008955423,0.3507711929,0,0,vector_geometry_exact_axis_scale_reconstructed_candidate
UGC08490,calibration,Elson_2017_WHISP_vector_appendix,profiles3_V2.pdf,5,27,10.36457182,436.2955933,0.3178753394,4.9,8.219523429,9.1,0.125824842664,0.0641008955423,0.3507711929,0,0,vector_geometry_exact_axis_scale_reconstructed_candidate
UGC08490,calibration,Elson_2017_WHISP_vector_appendix,profiles3_V2.pdf,5,28,10.74972609,452.5086228,0.3051208888,4.9,8.219523429,9.1,0.125824842664,0.0641008955423,0.3507711929,0,0,vector_geometry_exact_axis_scale_reconstructed_candidate
UGC08490,calibration,Elson_2017_WHISP_vector_appendix,profiles3_V2.pdf,5,29,11.13172398,468.5887852,0.2978125103,4.9,8.219523429,9.1,0.125824842664,0.0641008955423,0.3507711929,0,0,vector_geometry_exact_axis_scale_reconstructed_candidate
UGC08490,calibration,Elson_2017_WHISP_vector_appendix,profiles3_V2.pdf,5,30,11.51624851,484.775306,0.2922353724,4.9,8.219523429,9.1,0.125824842664,0.0641008955423,0.3507711929,0,0,vector_geometry_exact_axis_scale_reconstructed_candidate
UGC08490,calibration,Elson_2017_WHISP_vector_appendix,profiles3_V2.pdf,5,31,11.90152566,500.993508,0.2850580596,4.9,8.219523429,9.1,0.125824842664,0.0641008955423,0.3507711929,0,0,vector_geometry_exact_axis_scale_reconstructed_candidate
UGC08490,calibration,Elson_2017_WHISP_vector_appendix,profiles3_V2.pdf,5,32,12.28340067,517.0684979,0.2778122797,4.9,8.219523429,9.1,0.125824842664,0.0641008955423,0.3507711929,0,0,vector_geometry_exact_axis_scale_reconstructed_candidate
UGC08490,calibration,Elson_2017_WHISP_vector_appendix,profiles3_V2.pdf,5,33,12.66880069,533.2918724,0.2722370981,4.9,8.219523429,9.1,0.125824842664,0.0641008955423,0.3507711929,0,0,vector_geometry_exact_axis_scale_reconstructed_candidate
UGC08490,calibration,Elson_2017_WHISP_vector_appendix,profiles3_V2.pdf,5,34,13.05407783,549.5100744,0.2649287196,4.9,8.219523429,9.1,0.125824842664,0.0641008955423,0.3507711929,0,0,vector_geometry_exact_axis_scale_reconstructed_candidate
UGC08490,calibration,Elson_2017_WHISP_vector_appendix,profiles3_V2.pdf,5,35,13.43520024,565.5533831,0.2598015087,4.9,8.219523429,9.1,0.125824842664,0.0641008955423,0.3507711929,0,0,vector_geometry_exact_axis_scale_reconstructed_candidate
UGC08490,calibration,Elson_2017_WHISP_vector_appendix,profiles3_V2.pdf,5,36,13.82047738,581.7715851,0.2525557287,4.9,8.219523429,9.1,0.125824842664,0.0641008955423,0.3507711929,0,0,vector_geometry_exact_axis_scale_reconstructed_candidate
UGC08490,calibration,Elson_2017_WHISP_vector_appendix,profiles3_V2.pdf,5,37,14.20575452,597.9897871,0.244928489,4.9,8.219523429,9.1,0.125824842664,0.0641008955423,0.3507711929,0,0,vector_geometry_exact_axis_scale_reconstructed_candidate
UGC08490,calibration,Elson_2017_WHISP_vector_appendix,profiles3_V2.pdf,5,38,14.58762954,614.0647771,0.2398012781,4.9,8.219523429,9.1,0.125824842664,0.0641008955423,0.3507711929,0,0,vector_geometry_exact_axis_scale_reconstructed_candidate
UGC08490,calibration,Elson_2017_WHISP_vector_appendix,profiles3_V2.pdf,5,39,14.97302956,630.2881515,0.2324928996,4.9,8.219523429,9.1,0.125824842664,0.0641008955423,0.3507711929,0,0,vector_geometry_exact_axis_scale_reconstructed_candidate
UGC08490,calibration,Elson_2017_WHISP_vector_appendix,profiles3_V2.pdf,5,40,15.35402909,646.3262878,0.2253136306,4.9,8.219523429,9.1,0.125824842664,0.0641008955423,0.3507711929,0,0,vector_geometry_exact_axis_scale_reconstructed_candidate
UGC08490,calibration,Elson_2017_WHISP_vector_appendix,profiles3_V2.pdf,5,41,15.73930623,662.5444898,0.2196738942,4.9,8.219523429,9.1,0.125824842664,0.0641008955423,0.3507711929,0,0,vector_geometry_exact_axis_scale_reconstructed_candidate
UGC08490,calibration,Elson_2017_WHISP_vector_appendix,profiles3_V2.pdf,5,42,16.12470625,678.7678642,0.212492669,4.9,8.219523429,9.1,0.125824842664,0.0641008955423,0.3507711929,0,0,vector_geometry_exact_axis_scale_reconstructed_candidate
UGC08490,calibration,Elson_2017_WHISP_vector_appendix,profiles3_V2.pdf,5,43,16.50658127,694.8428542,0.2069194436,4.9,8.219523429,9.1,0.125824842664,0.0641008955423,0.3507711929,0,0,vector_geometry_exact_axis_scale_reconstructed_candidate
UGC08490,calibration,Elson_2017_WHISP_vector_appendix,profiles3_V2.pdf,5,44,16.89185841,711.0610562,0.1997382184,4.9,8.219523429,9.1,0.125824842664,0.0641008955423,0.3507711929,0,0,vector_geometry_exact_axis_scale_reconstructed_candidate
UGC08490,calibration,Elson_2017_WHISP_vector_appendix,profiles3_V2.pdf,5,45,17.27725843,727.2844306,0.1924298399,4.9,8.219523429,9.1,0.125824842664,0.0641008955423,0.3507711929,0,0,vector_geometry_exact_axis_scale_reconstructed_candidate
UGC08490,calibration,Elson_2017_WHISP_vector_appendix,profiles3_V2.pdf,5,46,17.65826564,743.3228902,0.186852702,4.9,8.219523429,9.1,0.125824842664,0.0641008955423,0.3507711929,0,0,vector_geometry_exact_axis_scale_reconstructed_candidate
UGC08490,calibration,Elson_2017_WHISP_vector_appendix,profiles3_V2.pdf,5,47,18.0435351,759.5407689,0.1796108345,4.9,8.219523429,9.1,0.125824842664,0.0641008955423,0.3507711929,0,0,vector_geometry_exact_axis_scale_reconstructed_candidate
UGC08490,calibration,Elson_2017_WHISP_vector_appendix,profiles3_V2.pdf,5,48,18.42554068,775.6212546,0.1724296093,4.9,8.219523429,9.1,0.125824842664,0.0641008955423,0.3507711929,0,0,vector_geometry_exact_axis_scale_reconstructed_candidate
UGC08490,calibration,Elson_2017_WHISP_vector_appendix,profiles3_V2.pdf,5,49,18.81081014,791.8391333,0.1668563839,4.9,8.219523429,9.1,0.125824842664,0.0641008955423,0.3507711929,0,0,vector_geometry_exact_axis_scale_reconstructed_candidate
UGC09992,blind,Elson_2017_WHISP_vector_appendix,profiles3_V2.pdf,7,0,0,0,7.281610987,10.4,5.294160425,5.3,0.0547177638509,0.0448151571244,0.2294468905,0,0,vector_geometry_exact_axis_scale_reconstructed_candidate
UGC09992,blind,Elson_2017_WHISP_vector_appendix,profiles3_V2.pdf,7,1,0.1675447643,3.322944308,7.089803537,10.4,5.294160425,5.3,0.0547177638509,0.0448151571244,0.2294468905,0,0,vector_geometry_exact_axis_scale_reconstructed_candidate
UGC09992,blind,Elson_2017_WHISP_vector_appendix,profiles3_V2.pdf,7,2,0.3336150478,6.616644984,6.897950954,10.4,5.294160425,5.3,0.0547177638509,0.0448151571244,0.2294468905,0,0,vector_geometry_exact_axis_scale_reconstructed_candidate
UGC09992,blind,Elson_2017_WHISP_vector_appendix,profiles3_V2.pdf,7,3,0.5011598121,9.939589292,6.706097004,10.4,5.294160425,5.3,0.0547177638509,0.0448151571244,0.2294468905,0,0,vector_geometry_exact_axis_scale_reconstructed_candidate
UGC09992,blind,Elson_2017_WHISP_vector_appendix,profiles3_V2.pdf,7,4,0.6683772851,13.25604238,6.51576388,10.4,5.294160425,5.3,0.0547177638509,0.0448151571244,0.2294468905,0,0,vector_geometry_exact_axis_scale_reconstructed_candidate
UGC09992,blind,Elson_2017_WHISP_vector_appendix,profiles3_V2.pdf,7,5,0.8344458987,16.54970993,6.32395643,10.4,5.294160425,5.3,0.0547177638509,0.0448151571244,0.2294468905,0,0,vector_geometry_exact_axis_scale_reconstructed_candidate
UGC09992,blind,Elson_2017_WHISP_vector_appendix,profiles3_V2.pdf,7,6,1.001990663,19.87265424,6.13214898,10.4,5.294160425,5.3,0.0547177638509,0.0448151571244,0.2294468905,0,0,vector_geometry_exact_axis_scale_reconstructed_candidate
UGC09992,blind,Elson_2017_WHISP_vector_appendix,profiles3_V2.pdf,7,7,1.169592202,23.19672458,5.94029503,10.4,5.294160425,5.3,0.0547177638509,0.0448151571244,0.2294468905,0,0,vector_geometry_exact_axis_scale_reconstructed_candidate
UGC09992,blind,Elson_2017_WHISP_vector_appendix,profiles3_V2.pdf,7,8,1.33527842,26.482808,5.749693847,10.4,5.294160425,5.3,0.0547177638509,0.0448151571244,0.2294468905,0,0,vector_geometry_exact_axis_scale_reconstructed_candidate
UGC09992,blind,Elson_2017_WHISP_vector_appendix,profiles3_V2.pdf,7,9,1.502878289,29.80684522,5.557839897,10.4,5.294160425,5.3,0.0547177638509,0.0448151571244,0.2294468905,0,0,vector_geometry_exact_axis_scale_reconstructed_candidate
UGC09992,blind,Elson_2017_WHISP_vector_appendix,profiles3_V2.pdf,7,10,1.668891797,33.09941987,5.365985947,10.4,5.294160425,5.3,0.0547177638509,0.0448151571244,0.2294468905,0,0,vector_geometry_exact_axis_scale_reconstructed_candidate
UGC09992,blind,Elson_2017_WHISP_vector_appendix,profiles3_V2.pdf,7,11,1.836491667,36.42345708,5.174224997,10.4,5.294160425,5.3,0.0547177638509,0.0448151571244,0.2294468905,0,0,vector_geometry_exact_axis_scale_reconstructed_candidate
UGC09992,blind,Elson_2017_WHISP_vector_appendix,profiles3_V2.pdf,7,12,2.004038101,39.74643451,4.983580049,10.4,5.294160425,5.3,0.0547177638509,0.0448151571244,0.2294468905,0,0,vector_geometry_exact_axis_scale_reconstructed_candidate
UGC09992,blind,Elson_2017_WHISP_vector_appendix,profiles3_V2.pdf,7,13,2.169724318,43.03251793,4.791726099,10.4,5.294160425,5.3,0.0547177638509,0.0448151571244,0.2294468905,0,0,vector_geometry_exact_axis_scale_reconstructed_candidate
UGC09992,blind,Elson_2017_WHISP_vector_appendix,profiles3_V2.pdf,7,14,2.337324188,46.35655515,4.599915913,10.4,5.294160425,5.3,0.0547177638509,0.0448151571244,0.2294468905,0,0,vector_geometry_exact_axis_scale_reconstructed_candidate
UGC09992,blind,Elson_2017_WHISP_vector_appendix,profiles3_V2.pdf,7,15,2.504870622,49.67953258,4.358585855,10.4,5.294160425,5.3,0.0547177638509,0.0448151571244,0.2294468905,0,0,vector_geometry_exact_axis_scale_reconstructed_candidate
UGC09992,blind,Elson_2017_WHISP_vector_appendix,profiles3_V2.pdf,7,16,2.670937566,52.97316702,4.080509774,10.4,5.294160425,5.3,0.0547177638509,0.0448151571244,0.2294468905,0,0,vector_geometry_exact_axis_scale_reconstructed_candidate
UGC09992,blind,Elson_2017_WHISP_vector_appendix,profiles3_V2.pdf,7,17,2.838539105,56.29723735,3.802209399,10.4,5.294160425,5.3,0.0547177638509,0.0448151571244,0.2294468905,0,0,vector_geometry_exact_axis_scale_reconstructed_candidate
UGC09992,blind,Elson_2017_WHISP_vector_appendix,profiles3_V2.pdf,7,18,3.006083869,59.62018166,3.523816024,10.4,5.294160425,5.3,0.0547177638509,0.0448151571244,0.2294468905,0,0,vector_geometry_exact_axis_scale_reconstructed_candidate
UGC09992,blind,Elson_2017_WHISP_vector_appendix,profiles3_V2.pdf,7,19,3.171770086,62.90626508,3.245827473,10.4,5.294160425,5.3,0.0547177638509,0.0448151571244,0.2294468905,0,0,vector_geometry_exact_axis_scale_reconstructed_candidate
UGC09992,blind,Elson_2017_WHISP_vector_appendix,profiles3_V2.pdf,7,20,3.339371626,66.23033542,2.967434097,10.4,5.294160425,5.3,0.0547177638509,0.0448151571244,0.2294468905,0,0,vector_geometry_exact_axis_scale_reconstructed_candidate
UGC09992,blind,Elson_2017_WHISP_vector_appendix,profiles3_V2.pdf,7,21,3.50554878,69.52615568,2.689445546,10.4,5.294160425,5.3,0.0547177638509,0.0448151571244,0.2294468905,0,0,vector_geometry_exact_axis_scale_reconstructed_candidate
UGC09992,blind,Elson_2017_WHISP_vector_appendix,profiles3_V2.pdf,7,22,3.672985004,72.84694729,2.411101406,10.4,5.294160425,5.3,0.0547177638509,0.0448151571244,0.2294468905,0,0,vector_geometry_exact_axis_scale_reconstructed_candidate
UGC09992,blind,Elson_2017_WHISP_vector_appendix,profiles3_V2.pdf,7,23,3.840584873,76.17098451,2.133019855,10.4,5.294160425,5.3,0.0547177638509,0.0448151571244,0.2294468905,0,0,vector_geometry_exact_axis_scale_reconstructed_candidate
UGC09992,blind,Elson_2017_WHISP_vector_appendix,profiles3_V2.pdf,7,24,4.006379631,79.45922063,1.923287983,10.4,5.294160425,5.3,0.0547177638509,0.0448151571244,0.2294468905,0,0,vector_geometry_exact_axis_scale_reconstructed_candidate
UGC09992,blind,Elson_2017_WHISP_vector_appendix,profiles3_V2.pdf,7,25,4.173926065,82.78219806,1.803990604,10.4,5.294160425,5.3,0.0547177638509,0.0448151571244,0.2294468905,0,0,vector_geometry_exact_axis_scale_reconstructed_candidate
UGC09992,blind,Elson_2017_WHISP_vector_appendix,profiles3_V2.pdf,7,26,4.341417394,86.10408257,1.683166927,10.4,5.294160425,5.3,0.0547177638509,0.0448151571244,0.2294468905,0,0,vector_geometry_exact_axis_scale_reconstructed_candidate
UGC09992,blind,Elson_2017_WHISP_vector_appendix,profiles3_V2.pdf,7,27,4.507541113,89.39884304,1.563825783,10.4,5.294160425,5.3,0.0547177638509,0.0448151571244,0.2294468905,0,0,vector_geometry_exact_axis_scale_reconstructed_candidate
UGC09992,blind,Elson_2017_WHISP_vector_appendix,profiles3_V2.pdf,7,28,4.674756916,92.715263,1.444528404,10.4,5.294160425,5.3,0.0547177638509,0.0448151571244,0.2294468905,0,0,vector_geometry_exact_axis_scale_reconstructed_candidate
UGC09992,blind,Elson_2017_WHISP_vector_appendix,profiles3_V2.pdf,7,29,4.84082553,96.00893056,1.3248262,10.4,5.294160425,5.3,0.0547177638509,0.0448151571244,0.2294468905,0,0,vector_geometry_exact_axis_scale_reconstructed_candidate
UGC09992,blind,Elson_2017_WHISP_vector_appendix,profiles3_V2.pdf,7,30,5.008427069,99.3330009,1.205572586,10.4,5.294160425,5.3,0.0547177638509,0.0448151571244,0.2294468905,0,0,vector_geometry_exact_axis_scale_reconstructed_candidate
UGC09992,blind,Elson_2017_WHISP_vector_appendix,profiles3_V2.pdf,7,31,5.175971833,102.6559452,1.086184941,10.4,5.294160425,5.3,0.0547177638509,0.0448151571244,0.2294468905,0,0,vector_geometry_exact_axis_scale_reconstructed_candidate
UGC09992,blind,Elson_2017_WHISP_vector_appendix,profiles3_V2.pdf,7,32,5.34165805,105.9420286,0.9653639999,10.4,5.294160425,5.3,0.0547177638509,0.0448151571244,0.2294468905,0,0,vector_geometry_exact_axis_scale_reconstructed_candidate
UGC09992,blind,Elson_2017_WHISP_vector_appendix,profiles3_V2.pdf,7,33,5.50925792,109.2660658,0.8573579394,10.4,5.294160425,5.3,0.0547177638509,0.0448151571244,0.2294468905,0,0,vector_geometry_exact_axis_scale_reconstructed_candidate
UGC09992,blind,Elson_2017_WHISP_vector_appendix,profiles3_V2.pdf,7,34,5.676804354,112.5890433,0.8180106472,10.4,5.294160425,5.3,0.0547177638509,0.0448151571244,0.2294468905,0,0,vector_geometry_exact_axis_scale_reconstructed_candidate
UGC09992,blind,Elson_2017_WHISP_vector_appendix,profiles3_V2.pdf,7,35,5.842872968,115.8827108,0.7813056549,10.4,5.294160425,5.3,0.0547177638509,0.0448151571244,0.2294468905,0,0,vector_geometry_exact_axis_scale_reconstructed_candidate
UGC09992,blind,Elson_2017_WHISP_vector_appendix,profiles3_V2.pdf,7,36,6.010417732,119.2056551,0.7443353386,10.4,5.294160425,5.3,0.0547177638509,0.0448151571244,0.2294468905,0,0,vector_geometry_exact_axis_scale_reconstructed_candidate
UGC09992,blind,Elson_2017_WHISP_vector_appendix,profiles3_V2.pdf,7,37,6.178019271,122.5297255,0.7075865815,10.4,5.294160425,5.3,0.0547177638509,0.0448151571244,0.2294468905,0,0,vector_geometry_exact_axis_scale_reconstructed_candidate
UGC09992,blind,Elson_2017_WHISP_vector_appendix,profiles3_V2.pdf,7,38,6.343703818,125.8157758,0.6694045271,10.4,5.294160425,5.3,0.0547177638509,0.0448151571244,0.2294468905,0,0,vector_geometry_exact_axis_scale_reconstructed_candidate
UGC09992,blind,Elson_2017_WHISP_vector_appendix,profiles3_V2.pdf,7,39,6.511305358,129.1398461,0.632746035,10.4,5.294160425,5.3,0.0547177638509,0.0448151571244,0.2294468905,0,0,vector_geometry_exact_axis_scale_reconstructed_candidate
UGC09992,blind,Elson_2017_WHISP_vector_appendix,profiles3_V2.pdf,7,40,6.677373971,132.4335137,0.5957729833,10.4,5.294160425,5.3,0.0547177638509,0.0448151571244,0.2294468905,0,0,vector_geometry_exact_axis_scale_reconstructed_candidate
UGC09992,blind,Elson_2017_WHISP_vector_appendix,profiles3_V2.pdf,7,41,6.844918736,135.756458,0.559067991,10.4,5.294160425,5.3,0.0547177638509,0.0448151571244,0.2294468905,0,0,vector_geometry_exact_axis_scale_reconstructed_candidate
UGC09992,blind,Elson_2017_WHISP_vector_appendix,profiles3_V2.pdf,7,42,7.01246517,139.0794354,0.5220976746,10.4,5.294160425,5.3,0.0547177638509,0.0448151571244,0.2294468905,0,0,vector_geometry_exact_axis_scale_reconstructed_candidate
UGC09992,blind,Elson_2017_WHISP_vector_appendix,profiles3_V2.pdf,7,43,7.178204822,142.3665786,0.4866044203,10.4,5.294160425,5.3,0.0547177638509,0.0448151571244,0.2294468905,0,0,vector_geometry_exact_axis_scale_reconstructed_candidate
UGC09992,blind,Elson_2017_WHISP_vector_appendix,profiles3_V2.pdf,7,44,7.345751257,145.6895561,0.4522764038,10.4,5.294160425,5.3,0.0547177638509,0.0448151571244,0.2294468905,0,0,vector_geometry_exact_axis_scale_reconstructed_candidate
UGC09992,blind,Elson_2017_WHISP_vector_appendix,profiles3_V2.pdf,7,45,7.513297691,149.0125335,0.417945652,10.4,5.294160425,5.3,0.0547177638509,0.0448151571244,0.2294468905,0,0,vector_geometry_exact_axis_scale_reconstructed_candidate
UGC09992,blind,Elson_2017_WHISP_vector_appendix,profiles3_V2.pdf,7,46,7.67941974,152.3072608,0.3836176356,10.4,5.294160425,5.3,0.0547177638509,0.0448151571244,0.2294468905,0,0,vector_geometry_exact_axis_scale_reconstructed_candidate
UGC09992,blind,Elson_2017_WHISP_vector_appendix,profiles3_V2.pdf,7,47,7.846966174,155.6302383,0.3493361192,10.4,5.294160425,5.3,0.0547177638509,0.0448151571244,0.2294468905,0,0,vector_geometry_exact_axis_scale_reconstructed_candidate
UGC09992,blind,Elson_2017_WHISP_vector_appendix,profiles3_V2.pdf,7,48,8.012759262,158.9184413,0.3150518675,10.4,5.294160425,5.3,0.0547177638509,0.0448151571244,0.2294468905,0,0,vector_geometry_exact_axis_scale_reconstructed_candidate
UGC09992,blind,Elson_2017_WHISP_vector_appendix,profiles3_V2.pdf,7,49,8.180250591,162.2403258,0.2807676159,10.4,5.294160425,5.3,0.0547177638509,0.0448151571244,0.2294468905,0,0,vector_geometry_exact_axis_scale_reconstructed_candidate
UGC10310,blind,Elson_2017_WHISP_vector_appendix,profiles3_V2.pdf,8,0,0,0,3.934431695,15.6,9.832012217,6.2,0.076506982413,0.0441040192655,0.1193906271,0,0,vector_geometry_exact_axis_scale_reconstructed_candidate
UGC10310,blind,Elson_2017_WHISP_vector_appendix,profiles3_V2.pdf,8,1,0.2343423254,3.098501266,4.118255869,15.6,9.832012217,6.2,0.076506982413,0.0441040192655,0.1193906271,0,0,vector_geometry_exact_axis_scale_reconstructed_candidate
UGC10310,blind,Elson_2017_WHISP_vector_appendix,profiles3_V2.pdf,8,2,0.4660066262,6.161593381,4.302036973,15.6,9.832012217,6.2,0.076506982413,0.0441040192655,0.1193906271,0,0,vector_geometry_exact_axis_scale_reconstructed_candidate
UGC10310,blind,Elson_2017_WHISP_vector_appendix,profiles3_V2.pdf,8,3,0.7003466167,9.260063776,4.485818077,15.6,9.832012217,6.2,0.076506982413,0.0441040192655,0.1193906271,0,0,vector_geometry_exact_axis_scale_reconstructed_candidate
UGC10310,blind,Elson_2017_WHISP_vector_appendix,profiles3_V2.pdf,8,4,0.9346118935,12.3575463,4.669644943,15.6,9.832012217,6.2,0.076506982413,0.0441040192655,0.1193906271,0,0,vector_geometry_exact_axis_scale_reconstructed_candidate
UGC10310,blind,Elson_2017_WHISP_vector_appendix,profiles3_V2.pdf,8,5,1.16680853,15.42767702,4.854618556,15.6,9.832012217,6.2,0.076506982413,0.0441040192655,0.1193906271,0,0,vector_geometry_exact_axis_scale_reconstructed_candidate
UGC10310,blind,Elson_2017_WHISP_vector_appendix,profiles3_V2.pdf,8,6,1.400616185,18.51910881,5.03835659,15.6,9.832012217,6.2,0.076506982413,0.0441040192655,0.1193906271,0,0,vector_geometry_exact_axis_scale_reconstructed_candidate
UGC10310,blind,Elson_2017_WHISP_vector_appendix,profiles3_V2.pdf,8,7,1.634876792,21.61652958,5.222137693,15.6,9.832012217,6.2,0.076506982413,0.0441040192655,0.1193906271,0,0,vector_geometry_exact_axis_scale_reconstructed_candidate
UGC10310,blind,Elson_2017_WHISP_vector_appendix,profiles3_V2.pdf,8,8,1.867078099,24.68672205,5.406004938,15.6,9.832012217,6.2,0.076506982413,0.0441040192655,0.1193906271,0,0,vector_geometry_exact_axis_scale_reconstructed_candidate
UGC10310,blind,Elson_2017_WHISP_vector_appendix,profiles3_V2.pdf,8,9,2.101343375,27.78420457,5.590889719,15.6,9.832012217,6.2,0.076506982413,0.0441040192655,0.1193906271,0,0,vector_geometry_exact_axis_scale_reconstructed_candidate
UGC10310,blind,Elson_2017_WHISP_vector_appendix,profiles3_V2.pdf,8,10,2.333614726,30.85532317,5.774713893,15.6,9.832012217,6.2,0.076506982413,0.0441040192655,0.1193906271,0,0,vector_geometry_exact_axis_scale_reconstructed_candidate
UGC10310,blind,Elson_2017_WHISP_vector_appendix,profiles3_V2.pdf,8,11,2.567347667,33.94576708,5.958494996,15.6,9.832012217,6.2,0.076506982413,0.0441040192655,0.1193906271,0,0,vector_geometry_exact_axis_scale_reconstructed_candidate
UGC10310,blind,Elson_2017_WHISP_vector_appendix,profiles3_V2.pdf,8,12,2.801687657,37.04423748,6.118506661,15.6,9.832012217,6.2,0.076506982413,0.0441040192655,0.1193906271,0,0,vector_geometry_exact_axis_scale_reconstructed_candidate
UGC10310,blind,Elson_2017_WHISP_vector_appendix,profiles3_V2.pdf,8,13,3.033884294,40.1143682,6.223606345,15.6,9.832012217,6.2,0.076506982413,0.0441040192655,0.1193906271,0,0,vector_geometry_exact_axis_scale_reconstructed_candidate
UGC10310,blind,Elson_2017_WHISP_vector_appendix,profiles3_V2.pdf,8,14,3.268149571,43.21185072,6.328442223,15.6,9.832012217,6.2,0.076506982413,0.0441040192655,0.1193906271,0,0,vector_geometry_exact_axis_scale_reconstructed_candidate
UGC10310,blind,Elson_2017_WHISP_vector_appendix,profiles3_V2.pdf,8,15,3.502414848,46.30933324,6.433496145,15.6,9.832012217,6.2,0.076506982413,0.0441040192655,0.1193906271,0,0,vector_geometry_exact_axis_scale_reconstructed_candidate
UGC10310,blind,Elson_2017_WHISP_vector_appendix,profiles3_V2.pdf,8,16,3.734153862,49.37341323,6.538641592,15.6,9.832012217,6.2,0.076506982413,0.0441040192655,0.1193906271,0,0,vector_geometry_exact_axis_scale_reconstructed_candidate
UGC10310,blind,Elson_2017_WHISP_vector_appendix,profiles3_V2.pdf,8,17,3.968419139,52.47089575,6.643431708,15.6,9.832012217,6.2,0.076506982413,0.0441040192655,0.1193906271,0,0,vector_geometry_exact_axis_scale_reconstructed_candidate
UGC10310,blind,Elson_2017_WHISP_vector_appendix,profiles3_V2.pdf,8,18,4.202684416,55.56837827,6.748577154,15.6,9.832012217,6.2,0.076506982413,0.0441040192655,0.1193906271,0,0,vector_geometry_exact_axis_scale_reconstructed_candidate
UGC10310,blind,Elson_2017_WHISP_vector_appendix,profiles3_V2.pdf,8,19,4.434955767,58.63949687,6.853631076,15.6,9.832012217,6.2,0.076506982413,0.0441040192655,0.1193906271,0,0,vector_geometry_exact_axis_scale_reconstructed_candidate
UGC10310,blind,Elson_2017_WHISP_vector_appendix,profiles3_V2.pdf,8,20,4.669221043,61.73697939,6.756162916,15.6,9.832012217,6.2,0.076506982413,0.0441040192655,0.1193906271,0,0,vector_geometry_exact_axis_scale_reconstructed_candidate
UGC10310,blind,Elson_2017_WHISP_vector_appendix,profiles3_V2.pdf,8,21,4.900885344,64.80007151,6.60351897,15.6,9.832012217,6.2,0.076506982413,0.0441040192655,0.1193906271,0,0,vector_geometry_exact_axis_scale_reconstructed_candidate
UGC10310,blind,Elson_2017_WHISP_vector_appendix,profiles3_V2.pdf,8,22,5.135225335,67.8985419,6.4511819,15.6,9.832012217,6.2,0.076506982413,0.0441040192655,0.1193906271,0,0,vector_geometry_exact_axis_scale_reconstructed_candidate
UGC10310,blind,Elson_2017_WHISP_vector_appendix,profiles3_V2.pdf,8,23,5.369490611,70.99602442,6.297302374,15.6,9.832012217,6.2,0.076506982413,0.0441040192655,0.1193906271,0,0,vector_geometry_exact_axis_scale_reconstructed_candidate
UGC10310,blind,Elson_2017_WHISP_vector_appendix,profiles3_V2.pdf,8,24,5.601687248,74.06615515,6.14466112,15.6,9.832012217,6.2,0.076506982413,0.0441040192655,0.1193906271,0,0,vector_geometry_exact_axis_scale_reconstructed_candidate
UGC10310,blind,Elson_2017_WHISP_vector_appendix,profiles3_V2.pdf,8,25,5.836027239,77.16462554,5.992235217,15.6,9.832012217,6.2,0.076506982413,0.0441040192655,0.1193906271,0,0,vector_geometry_exact_axis_scale_reconstructed_candidate
UGC10310,blind,Elson_2017_WHISP_vector_appendix,profiles3_V2.pdf,8,26,6.069760179,80.25506945,5.838401453,15.6,9.832012217,6.2,0.076506982413,0.0441040192655,0.1193906271,0,0,vector_geometry_exact_axis_scale_reconstructed_candidate
UGC10310,blind,Elson_2017_WHISP_vector_appendix,profiles3_V2.pdf,8,27,6.302110914,83.32723767,5.597107998,15.6,9.832012217,6.2,0.076506982413,0.0441040192655,0.1193906271,0,0,vector_geometry_exact_axis_scale_reconstructed_candidate
UGC10310,blind,Elson_2017_WHISP_vector_appendix,profiles3_V2.pdf,8,28,6.536301477,86.42373231,5.213359421,15.6,9.832012217,6.2,0.076506982413,0.0441040192655,0.1193906271,0,0,vector_geometry_exact_axis_scale_reconstructed_candidate
UGC10310,blind,Elson_2017_WHISP_vector_appendix,profiles3_V2.pdf,8,29,6.768572827,89.49485091,4.829653915,15.6,9.832012217,6.2,0.076506982413,0.0441040192655,0.1193906271,0,0,vector_geometry_exact_axis_scale_reconstructed_candidate
UGC10310,blind,Elson_2017_WHISP_vector_appendix,profiles3_V2.pdf,8,30,7.002380482,92.5862827,4.445595771,15.6,9.832012217,6.2,0.076506982413,0.0441040192655,0.1193906271,0,0,vector_geometry_exact_axis_scale_reconstructed_candidate
UGC10310,blind,Elson_2017_WHISP_vector_appendix,profiles3_V2.pdf,8,31,7.236645759,95.68376522,4.061892957,15.6,9.832012217,6.2,0.076506982413,0.0441040192655,0.1193906271,0,0,vector_geometry_exact_axis_scale_reconstructed_candidate
UGC10310,blind,Elson_2017_WHISP_vector_appendix,profiles3_V2.pdf,8,32,7.468842396,98.75389594,3.678141689,15.6,9.832012217,6.2,0.076506982413,0.0441040192655,0.1193906271,0,0,vector_geometry_exact_axis_scale_reconstructed_candidate
UGC10310,blind,Elson_2017_WHISP_vector_appendix,profiles3_V2.pdf,8,33,7.703182386,101.8523663,3.292936797,15.6,9.832012217,6.2,0.076506982413,0.0441040192655,0.1193906271,0,0,vector_geometry_exact_axis_scale_reconstructed_candidate
UGC10310,blind,Elson_2017_WHISP_vector_appendix,profiles3_V2.pdf,8,34,7.937447663,104.9498489,2.928023415,15.6,9.832012217,6.2,0.076506982413,0.0441040192655,0.1193906271,0,0,vector_geometry_exact_axis_scale_reconstructed_candidate
UGC10310,blind,Elson_2017_WHISP_vector_appendix,profiles3_V2.pdf,8,35,8.169186678,108.0139288,2.675480527,15.6,9.832012217,6.2,0.076506982413,0.0441040192655,0.1193906271,0,0,vector_geometry_exact_axis_scale_reconstructed_candidate
UGC10310,blind,Elson_2017_WHISP_vector_appendix,profiles3_V2.pdf,8,36,8.403451954,111.1114114,2.431497868,15.6,9.832012217,6.2,0.076506982413,0.0441040192655,0.1193906271,0,0,vector_geometry_exact_axis_scale_reconstructed_candidate
UGC10310,blind,Elson_2017_WHISP_vector_appendix,profiles3_V2.pdf,8,37,8.637717231,114.2088939,2.189060357,15.6,9.832012217,6.2,0.076506982413,0.0441040192655,0.1193906271,0,0,vector_geometry_exact_axis_scale_reconstructed_candidate
UGC10310,blind,Elson_2017_WHISP_vector_appendix,profiles3_V2.pdf,8,38,8.869913868,117.2790246,1.946531321,15.6,9.832012217,6.2,0.076506982413,0.0441040192655,0.1193906271,0,0,vector_geometry_exact_axis_scale_reconstructed_candidate
UGC10310,blind,Elson_2017_WHISP_vector_appendix,profiles3_V2.pdf,8,39,9.104253858,120.377495,1.704045356,15.6,9.832012217,6.2,0.076506982413,0.0441040192655,0.1193906271,0,0,vector_geometry_exact_axis_scale_reconstructed_candidate
UGC10310,blind,Elson_2017_WHISP_vector_appendix,profiles3_V2.pdf,8,40,9.335918159,123.4405871,1.461519012,15.6,9.832012217,6.2,0.076506982413,0.0441040192655,0.1193906271,0,0,vector_geometry_exact_axis_scale_reconstructed_candidate
UGC10310,blind,Elson_2017_WHISP_vector_appendix,profiles3_V2.pdf,8,41,9.570183436,126.5380696,1.217845921,15.6,9.832012217,6.2,0.076506982413,0.0441040192655,0.1193906271,0,0,vector_geometry_exact_axis_scale_reconstructed_candidate
UGC10310,blind,Elson_2017_WHISP_vector_appendix,profiles3_V2.pdf,8,42,9.804523427,129.63654,1.012583489,15.6,9.832012217,6.2,0.076506982413,0.0441040192655,0.1193906271,0,0,vector_geometry_exact_axis_scale_reconstructed_candidate
UGC10310,blind,Elson_2017_WHISP_vector_appendix,profiles3_V2.pdf,8,43,10.03672006,132.7066708,0.9062912953,15.6,9.832012217,6.2,0.076506982413,0.0441040192655,0.1193906271,0,0,vector_geometry_exact_axis_scale_reconstructed_candidate
UGC10310,blind,Elson_2017_WHISP_vector_appendix,profiles3_V2.pdf,8,44,10.27098534,135.8041533,0.8000044852,15.6,9.832012217,6.2,0.076506982413,0.0441040192655,0.1193906271,0,0,vector_geometry_exact_axis_scale_reconstructed_candidate
UGC10310,blind,Elson_2017_WHISP_vector_appendix,profiles3_V2.pdf,8,45,10.50532533,138.9026237,0.6952574394,15.6,9.832012217,6.2,0.076506982413,0.0441040192655,0.1193906271,0,0,vector_geometry_exact_axis_scale_reconstructed_candidate
UGC10310,blind,Elson_2017_WHISP_vector_appendix,profiles3_V2.pdf,8,46,10.7369943,141.9657775,0.5900689228,15.6,9.832012217,6.2,0.076506982413,0.0441040192655,0.1193906271,0,0,vector_geometry_exact_axis_scale_reconstructed_candidate
UGC10310,blind,Elson_2017_WHISP_vector_appendix,profiles3_V2.pdf,8,47,10.97125491,145.0631983,0.4850096171,15.6,9.832012217,6.2,0.076506982413,0.0441040192655,0.1193906271,0,0,vector_geometry_exact_axis_scale_reconstructed_candidate
UGC10310,blind,Elson_2017_WHISP_vector_appendix,profiles3_V2.pdf,8,48,11.20353093,148.1343787,0.3801764307,15.6,9.832012217,6.2,0.076506982413,0.0441040192655,0.1193906271,0,0,vector_geometry_exact_axis_scale_reconstructed_candidate
UGC10310,blind,Elson_2017_WHISP_vector_appendix,profiles3_V2.pdf,8,49,11.43779154,151.2317994,0.2763123268,15.6,9.832012217,6.2,0.076506982413,0.0441040192655,0.1193906271,0,0,vector_geometry_exact_axis_scale_reconstructed_candidate
UGC12632,calibration,Elson_2017_WHISP_vector_appendix,profiles3_V2.pdf,11,0,0,0,2.883833508,6.9,8.898261945,3.4,0.0676419118619,0.0431098387976,0.09181638251,0,0,vector_geometry_exact_axis_scale_reconstructed_candidate
UGC12632,calibration,Elson_2017_WHISP_vector_appendix,profiles3_V2.pdf,11,1,0.2071884476,6.193583355,3.265249281,6.9,8.898261945,3.4,0.0676419118619,0.0431098387976,0.09181638251,0,0,vector_geometry_exact_axis_scale_reconstructed_candidate
UGC12632,calibration,Elson_2017_WHISP_vector_appendix,profiles3_V2.pdf,11,2,0.4120091806,12.31638748,3.646338782,6.9,8.898261945,3.4,0.0676419118619,0.0431098387976,0.09181638251,0,0,vector_geometry_exact_axis_scale_reconstructed_candidate
UGC12632,calibration,Elson_2017_WHISP_vector_appendix,profiles3_V2.pdf,11,3,0.619195564,18.50990913,4.027730873,6.9,8.898261945,3.4,0.0676419118619,0.0431098387976,0.09181638251,0,0,vector_geometry_exact_axis_scale_reconstructed_candidate
UGC12632,calibration,Elson_2017_WHISP_vector_appendix,profiles3_V2.pdf,11,4,0.8263158908,24.70145612,4.408823006,6.9,8.898261945,3.4,0.0676419118619,0.0431098387976,0.09181638251,0,0,vector_geometry_exact_axis_scale_reconstructed_candidate
UGC12632,calibration,Elson_2017_WHISP_vector_appendix,profiles3_V2.pdf,11,5,1.031607277,30.8383297,4.790215097,6.9,8.898261945,3.4,0.0676419118619,0.0431098387976,0.09181638251,0,0,vector_geometry_exact_axis_scale_reconstructed_candidate
UGC12632,calibration,Elson_2017_WHISP_vector_appendix,profiles3_V2.pdf,11,6,1.238323007,37.01778189,5.164150323,6.9,8.898261945,3.4,0.0676419118619,0.0431098387976,0.09181638251,0,0,vector_geometry_exact_axis_scale_reconstructed_candidate
UGC12632,calibration,Elson_2017_WHISP_vector_appendix,profiles3_V2.pdf,11,7,1.445439205,43.20920546,5.503942894,6.9,8.898261945,3.4,0.0676419118619,0.0431098387976,0.09181638251,0,0,vector_geometry_exact_axis_scale_reconstructed_candidate
UGC12632,calibration,Elson_2017_WHISP_vector_appendix,profiles3_V2.pdf,11,8,1.65073472,49.34620246,5.842267246,6.9,8.898261945,3.4,0.0676419118619,0.0431098387976,0.09181638251,0,0,vector_geometry_exact_axis_scale_reconstructed_candidate
UGC12632,calibration,Elson_2017_WHISP_vector_appendix,profiles3_V2.pdf,11,9,1.857855047,55.53774945,6.182017716,6.9,8.898261945,3.4,0.0676419118619,0.0431098387976,0.09181638251,0,0,vector_geometry_exact_axis_scale_reconstructed_candidate
UGC12632,calibration,Elson_2017_WHISP_vector_appendix,profiles3_V2.pdf,11,10,2.063212489,61.67659769,6.157660552,6.9,8.898261945,3.4,0.0676419118619,0.0431098387976,0.09181638251,0,0,vector_geometry_exact_axis_scale_reconstructed_candidate
UGC12632,calibration,Elson_2017_WHISP_vector_appendix,profiles3_V2.pdf,11,11,2.269862163,67.85407523,5.937540937,6.9,8.898261945,3.4,0.0676419118619,0.0431098387976,0.09181638251,0,0,vector_geometry_exact_axis_scale_reconstructed_candidate
UGC12632,calibration,Elson_2017_WHISP_vector_appendix,profiles3_V2.pdf,11,12,2.477048546,74.04759687,5.718931639,6.9,8.898261945,3.4,0.0676419118619,0.0431098387976,0.09181638251,0,0,vector_geometry_exact_axis_scale_reconstructed_candidate
UGC12632,calibration,Elson_2017_WHISP_vector_appendix,profiles3_V2.pdf,11,13,2.682339932,80.18447045,5.499072513,6.9,8.898261945,3.4,0.0676419118619,0.0431098387976,0.09181638251,0,0,vector_geometry_exact_axis_scale_reconstructed_candidate
UGC12632,calibration,Elson_2017_WHISP_vector_appendix,profiles3_V2.pdf,11,14,2.889460259,86.37601744,5.262010499,6.9,8.898261945,3.4,0.0676419118619,0.0431098387976,0.09181638251,0,0,vector_geometry_exact_axis_scale_reconstructed_candidate
UGC12632,calibration,Elson_2017_WHISP_vector_appendix,profiles3_V2.pdf,11,15,3.096580586,92.56756443,5.024690626,6.9,8.898261945,3.4,0.0676419118619,0.0431098387976,0.09181638251,0,0,vector_geometry_exact_axis_scale_reconstructed_candidate
UGC12632,calibration,Elson_2017_WHISP_vector_appendix,profiles3_V2.pdf,11,16,3.301467375,98.69234322,4.787628612,6.9,8.898261945,3.4,0.0676419118619,0.0431098387976,0.09181638251,0,0,vector_geometry_exact_axis_scale_reconstructed_candidate
UGC12632,calibration,Elson_2017_WHISP_vector_appendix,profiles3_V2.pdf,11,17,3.508587702,104.8838902,4.66683476,6.9,8.898261945,3.4,0.0676419118619,0.0431098387976,0.09181638251,0,0,vector_geometry_exact_axis_scale_reconstructed_candidate
UGC12632,calibration,Elson_2017_WHISP_vector_appendix,profiles3_V2.pdf,11,18,3.715708029,111.0754372,4.75723807,6.9,8.898261945,3.4,0.0676419118619,0.0431098387976,0.09181638251,0,0,vector_geometry_exact_axis_scale_reconstructed_candidate
UGC12632,calibration,Elson_2017_WHISP_vector_appendix,profiles3_V2.pdf,11,19,3.921065472,117.2142854,4.848759648,6.9,8.898261945,3.4,0.0676419118619,0.0431098387976,0.09181638251,0,0,vector_geometry_exact_axis_scale_reconstructed_candidate
UGC12632,calibration,Elson_2017_WHISP_vector_appendix,profiles3_V2.pdf,11,20,4.128185798,123.4058324,4.939160327,6.9,8.898261945,3.4,0.0676419118619,0.0431098387976,0.09181638251,0,0,vector_geometry_exact_axis_scale_reconstructed_candidate
UGC12632,calibration,Elson_2017_WHISP_vector_appendix,profiles3_V2.pdf,11,21,4.333006531,129.5286365,4.872038013,6.9,8.898261945,3.4,0.0676419118619,0.0431098387976,0.09181638251,0,0,vector_geometry_exact_axis_scale_reconstructed_candidate
UGC12632,calibration,Elson_2017_WHISP_vector_appendix,profiles3_V2.pdf,11,22,4.540192915,135.7221582,4.752322959,6.9,8.898261945,3.4,0.0676419118619,0.0431098387976,0.09181638251,0,0,vector_geometry_exact_axis_scale_reconstructed_candidate
UGC12632,calibration,Elson_2017_WHISP_vector_appendix,profiles3_V2.pdf,11,23,4.747313242,141.9137052,4.633813002,6.9,8.898261945,3.4,0.0676419118619,0.0431098387976,0.09181638251,0,0,vector_geometry_exact_axis_scale_reconstructed_candidate
UGC12632,calibration,Elson_2017_WHISP_vector_appendix,profiles3_V2.pdf,11,24,4.952604627,148.0505788,4.517589571,6.9,8.898261945,3.4,0.0676419118619,0.0431098387976,0.09181638251,0,0,vector_geometry_exact_axis_scale_reconstructed_candidate
UGC12632,calibration,Elson_2017_WHISP_vector_appendix,profiles3_V2.pdf,11,25,5.159791011,154.2441004,4.478573904,6.9,8.898261945,3.4,0.0676419118619,0.0431098387976,0.09181638251,0,0,vector_geometry_exact_axis_scale_reconstructed_candidate
UGC12632,calibration,Elson_2017_WHISP_vector_appendix,profiles3_V2.pdf,11,26,5.366440685,160.4215779,4.440681766,6.9,8.898261945,3.4,0.0676419118619,0.0431098387976,0.09181638251,0,0,vector_geometry_exact_axis_scale_reconstructed_candidate
UGC12632,calibration,Elson_2017_WHISP_vector_appendix,profiles3_V2.pdf,11,27,5.571868312,166.5625243,4.402831728,6.9,8.898261945,3.4,0.0676419118619,0.0431098387976,0.09181638251,0,0,vector_geometry_exact_axis_scale_reconstructed_candidate
UGC12632,calibration,Elson_2017_WHISP_vector_appendix,profiles3_V2.pdf,11,28,5.778922582,172.7520966,4.341658593,6.9,8.898261945,3.4,0.0676419118619,0.0431098387976,0.09181638251,0,0,vector_geometry_exact_axis_scale_reconstructed_candidate
UGC12632,calibration,Elson_2017_WHISP_vector_appendix,profiles3_V2.pdf,11,29,5.984280025,178.8909448,4.218278255,6.9,8.898261945,3.4,0.0676419118619,0.0431098387976,0.09181638251,0,0,vector_geometry_exact_axis_scale_reconstructed_candidate
UGC12632,calibration,Elson_2017_WHISP_vector_appendix,profiles3_V2.pdf,11,30,6.190995755,185.070397,4.094897918,6.9,8.898261945,3.4,0.0676419118619,0.0431098387976,0.09181638251,0,0,vector_geometry_exact_axis_scale_reconstructed_candidate
UGC12632,calibration,Elson_2017_WHISP_vector_appendix,profiles3_V2.pdf,11,31,6.398116082,191.261944,3.971472849,6.9,8.898261945,3.4,0.0676419118619,0.0431098387976,0.09181638251,0,0,vector_geometry_exact_axis_scale_reconstructed_candidate
UGC12632,calibration,Elson_2017_WHISP_vector_appendix,profiles3_V2.pdf,11,32,6.603407468,197.3988176,3.734455566,6.9,8.898261945,3.4,0.0676419118619,0.0431098387976,0.09181638251,0,0,vector_geometry_exact_axis_scale_reconstructed_candidate
UGC12632,calibration,Elson_2017_WHISP_vector_appendix,profiles3_V2.pdf,11,33,6.810593851,203.5923392,3.433678663,6.9,8.898261945,3.4,0.0676419118619,0.0431098387976,0.09181638251,0,0,vector_geometry_exact_axis_scale_reconstructed_candidate
UGC12632,calibration,Elson_2017_WHISP_vector_appendix,profiles3_V2.pdf,11,34,7.017714178,209.7838862,3.131780862,6.9,8.898261945,3.4,0.0676419118619,0.0431098387976,0.09181638251,0,0,vector_geometry_exact_axis_scale_reconstructed_candidate
UGC12632,calibration,Elson_2017_WHISP_vector_appendix,profiles3_V2.pdf,11,35,7.222600968,215.908665,2.83016197,6.9,8.898261945,3.4,0.0676419118619,0.0431098387976,0.09181638251,0,0,vector_geometry_exact_axis_scale_reconstructed_candidate
UGC12632,calibration,Elson_2017_WHISP_vector_appendix,profiles3_V2.pdf,11,36,7.429721295,222.100212,2.495271354,6.9,8.898261945,3.4,0.0676419118619,0.0431098387976,0.09181638251,0,0,vector_geometry_exact_axis_scale_reconstructed_candidate
UGC12632,calibration,Elson_2017_WHISP_vector_appendix,profiles3_V2.pdf,11,37,7.636841621,228.291759,2.159217741,6.9,8.898261945,3.4,0.0676419118619,0.0431098387976,0.09181638251,0,0,vector_geometry_exact_axis_scale_reconstructed_candidate
UGC12632,calibration,Elson_2017_WHISP_vector_appendix,profiles3_V2.pdf,11,38,7.842133007,234.4286326,1.823177285,6.9,8.898261945,3.4,0.0676419118619,0.0431098387976,0.09181638251,0,0,vector_geometry_exact_axis_scale_reconstructed_candidate
UGC12632,calibration,Elson_2017_WHISP_vector_appendix,profiles3_V2.pdf,11,39,8.049319391,240.6221542,1.548252076,6.9,8.898261945,3.4,0.0676419118619,0.0431098387976,0.09181638251,0,0,vector_geometry_exact_axis_scale_reconstructed_candidate
UGC12632,calibration,Elson_2017_WHISP_vector_appendix,profiles3_V2.pdf,11,40,8.254140124,246.7449584,1.413649603,6.9,8.898261945,3.4,0.0676419118619,0.0431098387976,0.09181638251,0,0,vector_geometry_exact_axis_scale_reconstructed_candidate
UGC12632,calibration,Elson_2017_WHISP_vector_appendix,profiles3_V2.pdf,11,41,8.461260451,252.9365053,1.280502193,6.9,8.898261945,3.4,0.0676419118619,0.0431098387976,0.09181638251,0,0,vector_geometry_exact_axis_scale_reconstructed_candidate
UGC12632,calibration,Elson_2017_WHISP_vector_appendix,profiles3_V2.pdf,11,42,8.668446834,259.130027,1.146183892,6.9,8.898261945,3.4,0.0676419118619,0.0431098387976,0.09181638251,0,0,vector_geometry_exact_axis_scale_reconstructed_candidate
UGC12632,calibration,Elson_2017_WHISP_vector_appendix,profiles3_V2.pdf,11,43,8.87373822,265.2669006,1.015323008,6.9,8.898261945,3.4,0.0676419118619,0.0431098387976,0.09181638251,0,0,vector_geometry_exact_axis_scale_reconstructed_candidate
UGC12632,calibration,Elson_2017_WHISP_vector_appendix,profiles3_V2.pdf,11,44,9.080858547,271.4584476,0.8859092923,6.9,8.898261945,3.4,0.0676419118619,0.0431098387976,0.09181638251,0,0,vector_geometry_exact_axis_scale_reconstructed_candidate
UGC12632,calibration,Elson_2017_WHISP_vector_appendix,profiles3_V2.pdf,11,45,9.28804493,277.6519692,0.7561903559,6.9,8.898261945,3.4,0.0676419118619,0.0431098387976,0.09181638251,0,0,vector_geometry_exact_axis_scale_reconstructed_candidate
UGC12632,calibration,Elson_2017_WHISP_vector_appendix,profiles3_V2.pdf,11,46,9.492869792,283.7748967,0.6279080634,6.9,8.898261945,3.4,0.0676419118619,0.0431098387976,0.09181638251,0,0,vector_geometry_exact_axis_scale_reconstructed_candidate
UGC12632,calibration,Elson_2017_WHISP_vector_appendix,profiles3_V2.pdf,11,47,9.69998599,289.9663203,0.5386598565,6.9,8.898261945,3.4,0.0676419118619,0.0431098387976,0.09181638251,0,0,vector_geometry_exact_axis_scale_reconstructed_candidate
UGC12632,calibration,Elson_2017_WHISP_vector_appendix,profiles3_V2.pdf,11,48,9.905347561,296.105292,0.4519981347,6.9,8.898261945,3.4,0.0676419118619,0.0431098387976,0.09181638251,0,0,vector_geometry_exact_axis_scale_reconstructed_candidate
UGC12632,calibration,Elson_2017_WHISP_vector_appendix,profiles3_V2.pdf,11,49,10.11246376,302.2967155,0.3664862541,6.9,8.898261945,3.4,0.0676419118619,0.0431098387976,0.09181638251,0,0,vector_geometry_exact_axis_scale_reconstructed_candidate
UGC12732,calibration,Elson_2017_WHISP_vector_appendix,profiles4_V2.pdf,0,0,0,0,2.189032435,13.2,17.40673406,4.7,0.136748504994,0.0340624299506,0.2571230641,0,0,vector_geometry_exact_axis_scale_reconstructed_candidate
UGC12732,calibration,Elson_2017_WHISP_vector_appendix,profiles4_V2.pdf,0,1,0.4187375229,6.543249633,2.386812668,13.2,17.40673406,4.7,0.136748504994,0.0340624299506,0.2571230641,0,0,vector_geometry_exact_axis_scale_reconstructed_candidate
UGC12732,calibration,Elson_2017_WHISP_vector_appendix,profiles4_V2.pdf,0,2,0.8329353505,13.01556137,2.583829647,13.2,17.40673406,4.7,0.136748504994,0.0340624299506,0.2571230641,0,0,vector_geometry_exact_axis_scale_reconstructed_candidate
UGC12732,calibration,Elson_2017_WHISP_vector_appendix,profiles4_V2.pdf,0,3,1.251672873,19.558811,2.781766325,13.2,17.40673406,4.7,0.136748504994,0.0340624299506,0.2571230641,0,0,vector_geometry_exact_axis_scale_reconstructed_candidate
UGC12732,calibration,Elson_2017_WHISP_vector_appendix,profiles4_V2.pdf,0,4,1.670410396,26.10206063,2.979703524,13.2,17.40673406,4.7,0.136748504994,0.0340624299506,0.2571230641,0,0,vector_geometry_exact_axis_scale_reconstructed_candidate
UGC12732,calibration,Elson_2017_WHISP_vector_appendix,profiles4_V2.pdf,0,5,2.085523988,32.58868222,3.17678859,13.2,17.40673406,4.7,0.136748504994,0.0340624299506,0.2571230641,0,0,vector_geometry_exact_axis_scale_reconstructed_candidate
UGC12732,calibration,Elson_2017_WHISP_vector_appendix,profiles4_V2.pdf,0,6,2.503345486,39.11761793,3.50603579,13.2,17.40673406,4.7,0.136748504994,0.0340624299506,0.2571230641,0,0,vector_geometry_exact_axis_scale_reconstructed_candidate
UGC12732,calibration,Elson_2017_WHISP_vector_appendix,profiles4_V2.pdf,0,7,2.922096572,45.6610795,3.946360889,13.2,17.40673406,4.7,0.136748504994,0.0340624299506,0.2571230641,0,0,vector_geometry_exact_axis_scale_reconstructed_candidate
UGC12732,calibration,Elson_2017_WHISP_vector_appendix,profiles4_V2.pdf,0,8,3.337197122,52.1474973,4.386481725,13.2,17.40673406,4.7,0.136748504994,0.0340624299506,0.2571230641,0,0,vector_geometry_exact_axis_scale_reconstructed_candidate
UGC12732,calibration,Elson_2017_WHISP_vector_appendix,profiles4_V2.pdf,0,9,3.755934123,58.69073878,4.820062009,13.2,17.40673406,4.7,0.136748504994,0.0340624299506,0.2571230641,0,0,vector_geometry_exact_axis_scale_reconstructed_candidate
UGC12732,calibration,Elson_2017_WHISP_vector_appendix,profiles4_V2.pdf,0,10,4.17013169,65.16304644,4.89738439,13.2,17.40673406,4.7,0.136748504994,0.0340624299506,0.2571230641,0,0,vector_geometry_exact_axis_scale_reconstructed_candidate
UGC12732,calibration,Elson_2017_WHISP_vector_appendix,profiles4_V2.pdf,0,11,4.588869734,71.70630422,4.950419307,13.2,17.40673406,4.7,0.136748504994,0.0340624299506,0.2571230641,0,0,vector_geometry_exact_axis_scale_reconstructed_candidate
UGC12732,calibration,Elson_2017_WHISP_vector_appendix,profiles4_V2.pdf,0,12,5.007662553,78.25041791,5.002569087,13.2,17.40673406,4.7,0.136748504994,0.0340624299506,0.2571230641,0,0,vector_geometry_exact_axis_scale_reconstructed_candidate
UGC12732,calibration,Elson_2017_WHISP_vector_appendix,profiles4_V2.pdf,0,13,5.422720849,84.73617544,5.056762009,13.2,17.40673406,4.7,0.136748504994,0.0340624299506,0.2571230641,0,0,vector_geometry_exact_axis_scale_reconstructed_candidate
UGC12732,calibration,Elson_2017_WHISP_vector_appendix,profiles4_V2.pdf,0,14,5.841513145,91.28028098,5.112556286,13.2,17.40673406,4.7,0.136748504994,0.0340624299506,0.2571230641,0,0,vector_geometry_exact_axis_scale_reconstructed_candidate
UGC12732,calibration,Elson_2017_WHISP_vector_appendix,profiles4_V2.pdf,0,15,6.26025119,97.82353876,5.167635385,13.2,17.40673406,4.7,0.136748504994,0.0340624299506,0.2571230641,0,0,vector_geometry_exact_axis_scale_reconstructed_candidate
UGC12732,calibration,Elson_2017_WHISP_vector_appendix,profiles4_V2.pdf,0,16,6.674448757,104.2958464,5.223667708,13.2,17.40673406,4.7,0.136748504994,0.0340624299506,0.2571230641,0,0,vector_geometry_exact_axis_scale_reconstructed_candidate
UGC12732,calibration,Elson_2017_WHISP_vector_appendix,profiles4_V2.pdf,0,17,7.093185758,110.8390879,5.305758809,13.2,17.40673406,4.7,0.136748504994,0.0340624299506,0.2571230641,0,0,vector_geometry_exact_axis_scale_reconstructed_candidate
UGC12732,calibration,Elson_2017_WHISP_vector_appendix,profiles4_V2.pdf,0,18,7.511923802,117.3823457,5.397591091,13.2,17.40673406,4.7,0.136748504994,0.0340624299506,0.2571230641,0,0,vector_geometry_exact_axis_scale_reconstructed_candidate
UGC12732,calibration,Elson_2017_WHISP_vector_appendix,profiles4_V2.pdf,0,19,7.927037394,123.8689673,5.488231063,13.2,17.40673406,4.7,0.136748504994,0.0340624299506,0.2571230641,0,0,vector_geometry_exact_axis_scale_reconstructed_candidate
UGC12732,calibration,Elson_2017_WHISP_vector_appendix,profiles4_V2.pdf,0,20,8.345775438,130.4122251,5.476683745,13.2,17.40673406,4.7,0.136748504994,0.0340624299506,0.2571230641,0,0,vector_geometry_exact_axis_scale_reconstructed_candidate
UGC12732,calibration,Elson_2017_WHISP_vector_appendix,profiles4_V2.pdf,0,21,8.759973005,136.8845327,5.069263071,13.2,17.40673406,4.7,0.136748504994,0.0340624299506,0.2571230641,0,0,vector_geometry_exact_axis_scale_reconstructed_candidate
UGC12732,calibration,Elson_2017_WHISP_vector_appendix,profiles4_V2.pdf,0,22,9.178710006,143.4277742,4.661774309,13.2,17.40673406,4.7,0.136748504994,0.0340624299506,0.2571230641,0,0,vector_geometry_exact_axis_scale_reconstructed_candidate
UGC12732,calibration,Elson_2017_WHISP_vector_appendix,profiles4_V2.pdf,0,23,9.597448051,149.971032,4.25339989,13.2,17.40673406,4.7,0.136748504994,0.0340624299506,0.2571230641,0,0,vector_geometry_exact_axis_scale_reconstructed_candidate
UGC12732,calibration,Elson_2017_WHISP_vector_appendix,profiles4_V2.pdf,0,24,10.01257521,156.4578655,3.949085945,13.2,17.40673406,4.7,0.136748504994,0.0340624299506,0.2571230641,0,0,vector_geometry_exact_axis_scale_reconstructed_candidate
UGC12732,calibration,Elson_2017_WHISP_vector_appendix,profiles4_V2.pdf,0,25,10.43129969,163.0009114,3.701009626,13.2,17.40673406,4.7,0.136748504994,0.0340624299506,0.2571230641,0,0,vector_geometry_exact_axis_scale_reconstructed_candidate
UGC12732,calibration,Elson_2017_WHISP_vector_appendix,profiles4_V2.pdf,0,26,10.84920204,169.5311105,3.453852226,13.2,17.40673406,4.7,0.136748504994,0.0340624299506,0.2571230641,0,0,vector_geometry_exact_axis_scale_reconstructed_candidate
UGC12732,calibration,Elson_2017_WHISP_vector_appendix,profiles4_V2.pdf,0,27,11.2642353,176.0164768,3.214393126,13.2,17.40673406,4.7,0.136748504994,0.0340624299506,0.2571230641,0,0,vector_geometry_exact_axis_scale_reconstructed_candidate
UGC12732,calibration,Elson_2017_WHISP_vector_appendix,profiles4_V2.pdf,0,28,11.68295874,182.5595063,3.149538542,13.2,17.40673406,4.7,0.136748504994,0.0340624299506,0.2571230641,0,0,vector_geometry_exact_axis_scale_reconstructed_candidate
UGC12732,calibration,Elson_2017_WHISP_vector_appendix,profiles4_V2.pdf,0,29,12.09812762,189.046992,3.100386428,13.2,17.40673406,4.7,0.136748504994,0.0340624299506,0.2571230641,0,0,vector_geometry_exact_axis_scale_reconstructed_candidate
UGC12732,calibration,Elson_2017_WHISP_vector_appendix,profiles4_V2.pdf,0,30,12.5158933,195.5750555,3.051166227,13.2,17.40673406,4.7,0.136748504994,0.0340624299506,0.2571230641,0,0,vector_geometry_exact_axis_scale_reconstructed_candidate
UGC12732,calibration,Elson_2017_WHISP_vector_appendix,profiles4_V2.pdf,0,31,12.93475342,202.1202207,3.001945767,13.2,17.40673406,4.7,0.136748504994,0.0340624299506,0.2571230641,0,0,vector_geometry_exact_axis_scale_reconstructed_candidate
UGC12732,calibration,Elson_2017_WHISP_vector_appendix,profiles4_V2.pdf,0,32,13.34978459,208.6055544,2.949796506,13.2,17.40673406,4.7,0.136748504994,0.0340624299506,0.2571230641,0,0,vector_geometry_exact_axis_scale_reconstructed_candidate
UGC12732,calibration,Elson_2017_WHISP_vector_appendix,profiles4_V2.pdf,0,33,13.76851115,215.1486328,2.898566427,13.2,17.40673406,4.7,0.136748504994,0.0340624299506,0.2571230641,0,0,vector_geometry_exact_axis_scale_reconstructed_candidate
UGC12732,calibration,Elson_2017_WHISP_vector_appendix,profiles4_V2.pdf,0,34,14.18723459,221.6916624,2.846417167,13.2,17.40673406,4.7,0.136748504994,0.0340624299506,0.2571230641,0,0,vector_geometry_exact_axis_scale_reconstructed_candidate
UGC12732,calibration,Elson_2017_WHISP_vector_appendix,profiles4_V2.pdf,0,35,14.60144468,228.1641657,2.653419166,13.2,17.40673406,4.7,0.136748504994,0.0340624299506,0.2571230641,0,0,vector_geometry_exact_axis_scale_reconstructed_candidate
UGC12732,calibration,Elson_2017_WHISP_vector_appendix,profiles4_V2.pdf,0,36,15.02016812,234.7071952,2.419648745,13.2,17.40673406,4.7,0.136748504994,0.0340624299506,0.2571230641,0,0,vector_geometry_exact_axis_scale_reconstructed_candidate
UGC12732,calibration,Elson_2017_WHISP_vector_appendix,profiles4_V2.pdf,0,37,15.43889156,241.2502247,2.186130143,13.2,17.40673406,4.7,0.136748504994,0.0340624299506,0.2571230641,0,0,vector_geometry_exact_axis_scale_reconstructed_candidate
UGC12732,calibration,Elson_2017_WHISP_vector_appendix,profiles4_V2.pdf,0,38,15.85406149,247.7377267,1.945526809,13.2,17.40673406,4.7,0.136748504994,0.0340624299506,0.2571230641,0,0,vector_geometry_exact_axis_scale_reconstructed_candidate
UGC12732,calibration,Elson_2017_WHISP_vector_appendix,profiles4_V2.pdf,0,39,16.27278492,254.2807562,1.682047136,13.2,17.40673406,4.7,0.136748504994,0.0340624299506,0.2571230641,0,0,vector_geometry_exact_axis_scale_reconstructed_candidate
UGC12732,calibration,Elson_2017_WHISP_vector_appendix,profiles4_V2.pdf,0,40,16.68685938,260.7511402,1.41834293,13.2,17.40673406,4.7,0.136748504994,0.0340624299506,0.2571230641,0,0,vector_geometry_exact_axis_scale_reconstructed_candidate
UGC12732,calibration,Elson_2017_WHISP_vector_appendix,profiles4_V2.pdf,0,41,17.10572054,267.2963217,1.154852862,13.2,17.40673406,4.7,0.136748504994,0.0340624299506,0.2571230641,0,0,vector_geometry_exact_axis_scale_reconstructed_candidate
UGC12732,calibration,Elson_2017_WHISP_vector_appendix,profiles4_V2.pdf,0,42,17.52444397,273.8393512,0.9394455187,13.2,17.40673406,4.7,0.136748504994,0.0340624299506,0.2571230641,0,0,vector_geometry_exact_axis_scale_reconstructed_candidate
UGC12732,calibration,Elson_2017_WHISP_vector_appendix,profiles4_V2.pdf,0,43,17.93947619,280.3247012,0.7705164275,13.2,17.40673406,4.7,0.136748504994,0.0340624299506,0.2571230641,0,0,vector_geometry_exact_axis_scale_reconstructed_candidate
UGC12732,calibration,Elson_2017_WHISP_vector_appendix,profiles4_V2.pdf,0,44,18.35833525,286.8698501,0.6006710145,13.2,17.40673406,4.7,0.136748504994,0.0340624299506,0.2571230641,0,0,vector_geometry_exact_axis_scale_reconstructed_candidate
UGC12732,calibration,Elson_2017_WHISP_vector_appendix,profiles4_V2.pdf,0,45,18.77706078,293.4129123,0.4355870444,13.2,17.40673406,4.7,0.136748504994,0.0340624299506,0.2571230641,0,0,vector_geometry_exact_axis_scale_reconstructed_candidate
UGC12732,calibration,Elson_2017_WHISP_vector_appendix,profiles4_V2.pdf,0,46,19.19140858,299.8875675,0.3496747312,13.2,17.40673406,4.7,0.136748504994,0.0340624299506,0.2571230641,0,0,vector_geometry_exact_axis_scale_reconstructed_candidate
UGC12732,calibration,Elson_2017_WHISP_vector_appendix,profiles4_V2.pdf,0,47,19.60999639,306.4284777,0.2723533895,13.2,17.40673406,4.7,0.136748504994,0.0340624299506,0.2571230641,0,0,vector_geometry_exact_axis_scale_reconstructed_candidate
UGC12732,calibration,Elson_2017_WHISP_vector_appendix,profiles4_V2.pdf,0,48,20.02516423,312.915947,0.1961385985,13.2,17.40673406,4.7,0.136748504994,0.0340624299506,0.2571230641,0,0,vector_geometry_exact_axis_scale_reconstructed_candidate
UGC12732,calibration,Elson_2017_WHISP_vector_appendix,profiles4_V2.pdf,0,49,20.44402539,319.4611286,0.1419862164,13.2,17.40673406,4.7,0.136748504994,0.0340624299506,0.2571230641,0,0,vector_geometry_exact_axis_scale_reconstructed_candidate
