galaxy,stationary_role,master_sha256,expected_in_169_profile_compilation,primary_direct_profile_eligible,primary_profile_acquisition_status,public_download_verified,profile_data_ingested,profile_source_class,independent_FEASTS_validation_overlap,do_not_substitute_validation_for_primary,notes,public_overlay_present,effective_public_source_family,effective_acquisition_status,effective_numeric_rows_or_model,effective_source_quantity,effective_helium_status,preferred_public_source,effective_source_artifact,effective_notes
CamB,calibration,254e17dbe22eb8371384e3c7f301f9936181b99384518e772be861567e4e896f,1,1,available_nonpublic_request_required,0,0,SPARC_azimuthally_averaged_HI_profile_private_compilation,0,1,"Profile reported available in the 169-galaxy SPARC HI compilation, but no public download verified; acquisition from authors/original literature required before ingestion.",1,Begum Chengalur & Hopp 2003 / FIGGS,analytic_profile_recovered,analytic_model,raw HI surface density,helium not included; source mass model applies x1.4 separately,1,data/stationary/source_reconstruction/begum_chengalur_analytic_profile_parameters_v1.csv,CamB = KK44. Native angular Gaussian model recovered; common normalization pending.
D564-8,calibration,254e17dbe22eb8371384e3c7f301f9936181b99384518e772be861567e4e896f,0,0,known_unavailable_in_169_compilation,0,0,none_known_from_compilation,0,1,Known missing from the 169-profile compilation; primary direct-profile analysis excludes unless independently verified direct profile is found pre-fit.,0,,known_unavailable_in_169_compilation,,,,0,,Known missing from the 169-profile compilation; primary direct-profile analysis excludes unless independently verified direct profile is found pre-fit.
D631-7,calibration,254e17dbe22eb8371384e3c7f301f9936181b99384518e772be861567e4e896f,0,0,known_unavailable_in_169_compilation,0,0,none_known_from_compilation,0,1,Known missing from the 169-profile compilation; primary direct-profile analysis excludes unless independently verified direct profile is found pre-fit.,0,,known_unavailable_in_169_compilation,,,,0,,Known missing from the 169-profile compilation; primary direct-profile analysis excludes unless independently verified direct profile is found pre-fit.
DDO064,calibration,254e17dbe22eb8371384e3c7f301f9936181b99384518e772be861567e4e896f,1,1,available_nonpublic_request_required,0,0,SPARC_azimuthally_averaged_HI_profile_private_compilation,0,1,"Profile reported available in the 169-galaxy SPARC HI compilation, but no public download verified; acquisition from authors/original literature required before ingestion.",0,,available_nonpublic_request_required,,,,0,,"Profile reported available in the 169-galaxy SPARC HI compilation, but no public download verified; acquisition from authors/original literature required before ingestion."
DDO154,calibration,254e17dbe22eb8371384e3c7f301f9936181b99384518e772be861567e4e896f,1,1,available_nonpublic_request_required,0,0,SPARC_azimuthally_averaged_HI_profile_private_compilation,0,1,"Profile reported available in the 169-galaxy SPARC HI compilation, but no public download verified; acquisition from authors/original literature required before ingestion.",1,Leroy et al. 2008 / THINGS,raw_source_profile_ingested,7,source-published SigmaHI,already includes helium,1,data/stationary/source_reconstruction/leroy2008_things_hi_profiles_v1.csv,Machine-readable VizieR table7 profile ingested unchanged; Hunter 2021 analytic model retained as secondary cross-check; common normalization pending.
DDO161,calibration,254e17dbe22eb8371384e3c7f301f9936181b99384518e772be861567e4e896f,1,1,available_nonpublic_request_required,0,0,SPARC_azimuthally_averaged_HI_profile_private_compilation,0,1,"Profile reported available in the 169-galaxy SPARC HI compilation, but no public download verified; acquisition from authors/original literature required before ingestion.",1,Cote Carignan & Freeman 2000,direct_profile_identified_numeric_pending,0,published gas surface density,published Figure 3 already includes 4/3 helium,0,validation/stationary/COTE2000_PROFILE_AUDIT_V1.md,One of the exact three Cote frozen overlaps; Figure 3 digitization pending.
DDO168,calibration,254e17dbe22eb8371384e3c7f301f9936181b99384518e772be861567e4e896f,1,1,available_nonpublic_request_required,0,0,SPARC_azimuthally_averaged_HI_profile_private_compilation,0,1,"Profile reported available in the 169-galaxy SPARC HI compilation, but no public download verified; acquisition from authors/original literature required before ingestion.",1,Iorio et al. 2017 / LITTLE THINGS,raw_source_profile_ingested,15,raw HI surface density,helium not included,1,data/stationary/source_reconstruction/iorio2017_ddo168_hi_profile_v1.csv,"OUP supplementary online table ingested selectively; 15 source rows, 0.31-4.69 kpc, primary-beam corrected. Hunter 2021 analytic model retained as secondary cross-check."
DDO170,blind,254e17dbe22eb8371384e3c7f301f9936181b99384518e772be861567e4e896f,1,1,available_nonpublic_request_required,0,0,SPARC_azimuthally_averaged_HI_profile_private_compilation,0,1,"Profile reported available in the 169-galaxy SPARC HI compilation, but no public download verified; acquisition from authors/original literature required before ingestion.",0,,available_nonpublic_request_required,,,,0,,"Profile reported available in the 169-galaxy SPARC HI compilation, but no public download verified; acquisition from authors/original literature required before ingestion."
ESO079-G014,calibration,254e17dbe22eb8371384e3c7f301f9936181b99384518e772be861567e4e896f,1,1,available_nonpublic_request_required,0,0,SPARC_azimuthally_averaged_HI_profile_private_compilation,0,1,"Profile reported available in the 169-galaxy SPARC HI compilation, but no public download verified; acquisition from authors/original literature required before ingestion.",1,Gentile et al. 2004,raw_source_profile_ingested,12,source-native average radial HI surface density from Gentile et al. 2004 Figure 2 filled-circle vector markers,helium not applied; recovered quantity is HI surface density,1,data/stationary/source_reconstruction/ge04_vector_hi_profiles_v1.csv,"Gentile et al. 2004 Figure 2 / fig2.eps native vector average profile recovered: 12 radial H I points. Native-grid QC max |delta r|=0.07806 arcsec; independent Table-1 R_HI QC fractional difference=0.7997%. radius_kpc_source_scale uses the source-paper angular scale only; no frozen/common distance renormalization, helium correction, raster digitization, profile fitting, or common-grid resampling applied. Validation: validation/stationary/ge04_vector_hi_profile_extraction_v1.json."
ESO116-G012,blind,254e17dbe22eb8371384e3c7f301f9936181b99384518e772be861567e4e896f,1,1,available_nonpublic_request_required,0,0,SPARC_azimuthally_averaged_HI_profile_private_compilation,0,1,"Profile reported available in the 169-galaxy SPARC HI compilation, but no public download verified; acquisition from authors/original literature required before ingestion.",1,Gentile et al. 2004,raw_source_profile_ingested,14,source-native average radial HI surface density from Gentile et al. 2004 Figure 2 filled-circle vector markers,helium not applied; recovered quantity is HI surface density,1,data/stationary/source_reconstruction/ge04_vector_hi_profiles_v1.csv,"Gentile et al. 2004 Figure 2 / fig2.eps native vector average profile recovered: 14 radial H I points. Native-grid QC max |delta r|=0.09423 arcsec; independent Table-1 R_HI QC fractional difference=0.5803%. radius_kpc_source_scale uses the source-paper angular scale only; no frozen/common distance renormalization, helium correction, raster digitization, profile fitting, or common-grid resampling applied. Validation: validation/stationary/ge04_vector_hi_profile_extraction_v1.json."
ESO444-G084,blind,254e17dbe22eb8371384e3c7f301f9936181b99384518e772be861567e4e896f,1,1,available_nonpublic_request_required,0,0,SPARC_azimuthally_averaged_HI_profile_private_compilation,0,1,"Profile reported available in the 169-galaxy SPARC HI compilation, but no public download verified; acquisition from authors/original literature required before ingestion.",1,Cote Carignan & Freeman 2000,direct_profile_identified_numeric_pending,0,published gas surface density,published Figure 3 already includes 4/3 helium,0,validation/stationary/COTE2000_PROFILE_AUDIT_V1.md,One of the exact three Cote frozen overlaps; Figure 3 digitization pending.
ESO563-G021,calibration,254e17dbe22eb8371384e3c7f301f9936181b99384518e772be861567e4e896f,1,1,available_nonpublic_request_required,0,0,SPARC_azimuthally_averaged_HI_profile_private_compilation,0,1,"Profile reported available in the 169-galaxy SPARC HI compilation, but no public download verified; acquisition from authors/original literature required before ingestion.",0,,available_nonpublic_request_required,,,,0,,"Profile reported available in the 169-galaxy SPARC HI compilation, but no public download verified; acquisition from authors/original literature required before ingestion."
F565-V2,blind,254e17dbe22eb8371384e3c7f301f9936181b99384518e772be861567e4e896f,1,1,available_nonpublic_request_required,0,0,SPARC_azimuthally_averaged_HI_profile_private_compilation,0,1,"Profile reported available in the 169-galaxy SPARC HI compilation, but no public download verified; acquisition from authors/original literature required before ingestion.",0,,available_nonpublic_request_required,,,,0,,"Profile reported available in the 169-galaxy SPARC HI compilation, but no public download verified; acquisition from authors/original literature required before ingestion."
F568-3,calibration,254e17dbe22eb8371384e3c7f301f9936181b99384518e772be861567e4e896f,1,1,available_nonpublic_request_required,0,0,SPARC_azimuthally_averaged_HI_profile_private_compilation,0,1,"Profile reported available in the 169-galaxy SPARC HI compilation, but no public download verified; acquisition from authors/original literature required before ingestion.",1,Jadhav & Banerjee 2019 / de Blok LSB HI,analytic_profile_recovered,analytic_model,raw atomic HI surface density,helium not included,1,data/stationary/source_reconstruction/jadhav_banerjee2019_lsb_hi_analytic_profiles_v1.csv,"Jadhav & Banerjee 2019 public analytic atomic-HI profile recovered as the published off-centred Gaussian / double-Gaussian model with quoted parameter uncertainties. Parameters retained exactly as published; no helium, distance/inclination renormalization, or common-grid resampling applied. Underlying LSB HI profile provenance is de Blok literature. Supersedes prior overlay status 'analytic_profile_recovered' for numerical profile availability; prior source provenance retained: Jadhav & Banerjee 2019 analytic republication / de Blok LSB H I — Jadhav & Banerjee 2019 Table 7 public analytic representation of literature atomic-HI surface-density profile; paper identifies de Blok et al. 2001 as the LSB profile source. SPARC/Lelli also assigns this system to the earlier dB96 H I family. This is a later analytic republication route, not proof that dB96 graphics are numerically recoverable. Parameters retained exactly; no helium, distance, inclination or common-grid normalization applied."
F568-V1,calibration,254e17dbe22eb8371384e3c7f301f9936181b99384518e772be861567e4e896f,1,1,available_nonpublic_request_required,0,0,SPARC_azimuthally_averaged_HI_profile_private_compilation,0,1,"Profile reported available in the 169-galaxy SPARC HI compilation, but no public download verified; acquisition from authors/original literature required before ingestion.",1,Jadhav & Banerjee 2019 / de Blok LSB HI,analytic_profile_recovered,analytic_model,raw atomic HI surface density,helium not included,1,data/stationary/source_reconstruction/jadhav_banerjee2019_lsb_hi_analytic_profiles_v1.csv,"Jadhav & Banerjee 2019 public analytic atomic-HI profile recovered as the published off-centred Gaussian / double-Gaussian model with quoted parameter uncertainties. Parameters retained exactly as published; no helium, distance/inclination renormalization, or common-grid resampling applied. Underlying LSB HI profile provenance is de Blok literature. Supersedes prior overlay status 'analytic_profile_recovered' for numerical profile availability; prior source provenance retained: Jadhav & Banerjee 2019 analytic republication / de Blok LSB H I — Jadhav & Banerjee 2019 Table 7 public analytic representation of literature atomic-HI surface-density profile; paper identifies de Blok et al. 2001 as the LSB profile source. SPARC/Lelli also assigns this system to the earlier dB96 H I family. This is a later analytic republication route, not proof that dB96 graphics are numerically recoverable. Parameters retained exactly; no helium, distance, inclination or common-grid normalization applied."
F571-8,calibration,254e17dbe22eb8371384e3c7f301f9936181b99384518e772be861567e4e896f,1,1,available_nonpublic_request_required,0,0,SPARC_azimuthally_averaged_HI_profile_private_compilation,0,1,"Profile reported available in the 169-galaxy SPARC HI compilation, but no public download verified; acquisition from authors/original literature required before ingestion.",0,,available_nonpublic_request_required,,,,0,,"Profile reported available in the 169-galaxy SPARC HI compilation, but no public download verified; acquisition from authors/original literature required before ingestion."
F571-V1,calibration,254e17dbe22eb8371384e3c7f301f9936181b99384518e772be861567e4e896f,1,1,available_nonpublic_request_required,0,0,SPARC_azimuthally_averaged_HI_profile_private_compilation,0,1,"Profile reported available in the 169-galaxy SPARC HI compilation, but no public download verified; acquisition from authors/original literature required before ingestion.",0,,available_nonpublic_request_required,,,,0,,"Profile reported available in the 169-galaxy SPARC HI compilation, but no public download verified; acquisition from authors/original literature required before ingestion."
F574-1,blind,254e17dbe22eb8371384e3c7f301f9936181b99384518e772be861567e4e896f,1,1,available_nonpublic_request_required,0,0,SPARC_azimuthally_averaged_HI_profile_private_compilation,0,1,"Profile reported available in the 169-galaxy SPARC HI compilation, but no public download verified; acquisition from authors/original literature required before ingestion.",1,Jadhav & Banerjee 2019 / de Blok LSB HI,analytic_profile_recovered,analytic_model,raw atomic HI surface density,helium not included,1,data/stationary/source_reconstruction/jadhav_banerjee2019_lsb_hi_analytic_profiles_v1.csv,"Jadhav & Banerjee 2019 public analytic atomic-HI profile recovered as the published off-centred Gaussian / double-Gaussian model with quoted parameter uncertainties. Parameters retained exactly as published; no helium, distance/inclination renormalization, or common-grid resampling applied. Underlying LSB HI profile provenance is de Blok literature. Supersedes prior overlay status 'analytic_profile_recovered' for numerical profile availability; prior source provenance retained: Jadhav & Banerjee 2019 analytic republication / de Blok LSB H I — Jadhav & Banerjee 2019 Table 7 public analytic representation of literature atomic-HI surface-density profile; paper identifies de Blok et al. 2001 as the LSB profile source. SPARC/Lelli also assigns this system to the earlier dB96 H I family. This is a later analytic republication route, not proof that dB96 graphics are numerically recoverable. Parameters retained exactly; no helium, distance, inclination or common-grid normalization applied."
F583-1,calibration,254e17dbe22eb8371384e3c7f301f9936181b99384518e772be861567e4e896f,1,1,available_nonpublic_request_required,0,0,SPARC_azimuthally_averaged_HI_profile_private_compilation,0,1,"Profile reported available in the 169-galaxy SPARC HI compilation, but no public download verified; acquisition from authors/original literature required before ingestion.",1,Jadhav & Banerjee 2019 / de Blok LSB HI,analytic_profile_recovered,analytic_model,raw atomic HI surface density,helium not included,1,data/stationary/source_reconstruction/jadhav_banerjee2019_lsb_hi_analytic_profiles_v1.csv,"Jadhav & Banerjee 2019 public analytic atomic-HI profile recovered as the published off-centred Gaussian / double-Gaussian model with quoted parameter uncertainties. Parameters retained exactly as published; no helium, distance/inclination renormalization, or common-grid resampling applied. Underlying LSB HI profile provenance is de Blok literature. Supersedes prior overlay status 'analytic_profile_recovered' for numerical profile availability; prior source provenance retained: Jadhav & Banerjee 2019 analytic republication / de Blok LSB H I — Jadhav & Banerjee 2019 Table 7 public analytic representation of literature atomic-HI surface-density profile; paper identifies de Blok et al. 2001 as the LSB profile source. SPARC/Lelli also assigns this system to the earlier dB96 H I family. This is a later analytic republication route, not proof that dB96 graphics are numerically recoverable. Parameters retained exactly; no helium, distance, inclination or common-grid normalization applied."
F583-4,calibration,254e17dbe22eb8371384e3c7f301f9936181b99384518e772be861567e4e896f,1,1,available_nonpublic_request_required,0,0,SPARC_azimuthally_averaged_HI_profile_private_compilation,0,1,"Profile reported available in the 169-galaxy SPARC HI compilation, but no public download verified; acquisition from authors/original literature required before ingestion.",1,Jadhav & Banerjee 2019 / de Blok LSB HI,analytic_profile_recovered,analytic_model,raw atomic HI surface density,helium not included,1,data/stationary/source_reconstruction/jadhav_banerjee2019_lsb_hi_analytic_profiles_v1.csv,"Jadhav & Banerjee 2019 public analytic atomic-HI profile recovered as the published off-centred Gaussian / double-Gaussian model with quoted parameter uncertainties. Parameters retained exactly as published; no helium, distance/inclination renormalization, or common-grid resampling applied. Underlying LSB HI profile provenance is de Blok literature. Supersedes prior overlay status 'analytic_profile_recovered' for numerical profile availability; prior source provenance retained: Jadhav & Banerjee 2019 analytic republication / de Blok LSB H I — Jadhav & Banerjee 2019 Table 7 public analytic representation of literature atomic-HI surface-density profile; paper identifies de Blok et al. 2001 as the LSB profile source. SPARC/Lelli also assigns this system to the earlier dB96 H I family. This is a later analytic republication route, not proof that dB96 graphics are numerically recoverable. Parameters retained exactly; no helium, distance, inclination or common-grid normalization applied."
IC2574,calibration,254e17dbe22eb8371384e3c7f301f9936181b99384518e772be861567e4e896f,1,1,available_nonpublic_request_required,0,0,SPARC_azimuthally_averaged_HI_profile_private_compilation,0,1,"Profile reported available in the 169-galaxy SPARC HI compilation, but no public download verified; acquisition from authors/original literature required before ingestion.",1,Leroy et al. 2008 / THINGS,raw_source_profile_ingested,46,source-published SigmaHI,already includes helium,1,data/stationary/source_reconstruction/leroy2008_things_hi_profiles_v1.csv,Machine-readable VizieR table7 profile ingested unchanged; common normalization pending.
IC4202,calibration,254e17dbe22eb8371384e3c7f301f9936181b99384518e772be861567e4e896f,1,1,available_nonpublic_request_required,0,0,SPARC_azimuthally_averaged_HI_profile_private_compilation,0,1,"Profile reported available in the 169-galaxy SPARC HI compilation, but no public download verified; acquisition from authors/original literature required before ingestion.",0,,available_nonpublic_request_required,,,,0,,"Profile reported available in the 169-galaxy SPARC HI compilation, but no public download verified; acquisition from authors/original literature required before ingestion."
KK98-251,calibration,254e17dbe22eb8371384e3c7f301f9936181b99384518e772be861567e4e896f,1,1,available_nonpublic_request_required,0,0,SPARC_azimuthally_averaged_HI_profile_private_compilation,0,1,"Profile reported available in the 169-galaxy SPARC HI compilation, but no public download verified; acquisition from authors/original literature required before ingestion.",1,Begum & Chengalur 2004/2005 / FIGGS,analytic_profile_recovered,analytic_model,raw HI surface density,helium not included; source mass model applies x1.4 separately,1,data/stationary/source_reconstruction/begum_chengalur_analytic_profile_parameters_v1.csv,KK98-251 = KK251. Native angular offset-Gaussian model recovered; common normalization pending.
NGC0024,blind,254e17dbe22eb8371384e3c7f301f9936181b99384518e772be861567e4e896f,1,1,available_nonpublic_request_required,0,0,SPARC_azimuthally_averaged_HI_profile_private_compilation,0,1,"Profile reported available in the 169-galaxy SPARC HI compilation, but no public download verified; acquisition from authors/original literature required before ingestion.",1,Chemin et al. 2006 direct VLA H I / native IDL Figure 6 left,raw_source_profile_ingested,10,inclination-corrected radial H I surface density,helium not applied; raw H I preserved,1,data/stationary/source_reconstruction/ch06_ngc0024_hi_profile_v1.csv,10 exact native-vector IDL diamond markers from f11.eps. Source D=6.8 Mpc; frozen SPARC D=7.3 Mpc. Midpoint-annulus integral 5.53e8 Msun vs paper M_HI=5.87e8 Msun (5.8% delta). No OCR/raster digitization or blind outcome inspection.
NGC0055,blind,254e17dbe22eb8371384e3c7f301f9936181b99384518e772be861567e4e896f,1,1,available_nonpublic_request_required,0,0,SPARC_azimuthally_averaged_HI_profile_private_compilation,0,1,"Profile reported available in the 169-galaxy SPARC HI compilation, but no public download verified; acquisition from authors/original literature required before ingestion.",0,,available_nonpublic_request_required,,,,0,,"Profile reported available in the 169-galaxy SPARC HI compilation, but no public download verified; acquisition from authors/original literature required before ingestion."
NGC0100,blind,254e17dbe22eb8371384e3c7f301f9936181b99384518e772be861567e4e896f,1,1,available_nonpublic_request_required,0,0,SPARC_azimuthally_averaged_HI_profile_private_compilation,0,1,"Profile reported available in the 169-galaxy SPARC HI compilation, but no public download verified; acquisition from authors/original literature required before ingestion.",0,,available_nonpublic_request_required,,,,0,,"Profile reported available in the 169-galaxy SPARC HI compilation, but no public download verified; acquisition from authors/original literature required before ingestion."
NGC0247,blind,254e17dbe22eb8371384e3c7f301f9936181b99384518e772be861567e4e896f,1,1,available_nonpublic_request_required,0,0,SPARC_azimuthally_averaged_HI_profile_private_compilation,0,1,"Profile reported available in the 169-galaxy SPARC HI compilation, but no public download verified; acquisition from authors/original literature required before ingestion.",0,,available_nonpublic_request_required,,,,0,,"Profile reported available in the 169-galaxy SPARC HI compilation, but no public download verified; acquisition from authors/original literature required before ingestion."
NGC0289,calibration,254e17dbe22eb8371384e3c7f301f9936181b99384518e772be861567e4e896f,1,1,available_nonpublic_request_required,0,0,SPARC_azimuthally_averaged_HI_profile_private_compilation,0,1,"Profile reported available in the 169-galaxy SPARC HI compilation, but no public download verified; acquisition from authors/original literature required before ingestion.",1,Lutz et al. 2018 HIX II / later direct ATCA measured radial H I profile,raw_source_profile_ingested,52,deprojected radial H I column/surface density measured in elliptical annuli from non-clipped ATCA moment-0 map,helium not applied; source N_HI preserved,1,data/stationary/source_reconstruction/hix2018_ngc0289_hi_profile_v1.csv,"SPARC Wa97 original source (Walsh et al. 1997) directly publishes Figure 6 radial H I surface density, but the public ADS copy is scan/raster-only. Public later direct ATCA observations in Lutz et al. 2018 HIX II provide NGC289 Figure A3(b) as source-native PDF vectors. HIX TeX explicitly defines panel (b) as the radial H I column-density profile measured from elliptical annuli; the profiles are measured from non-clipped moment-0 maps, using TiRiFiC inclination/PA only for annulus geometry. 52 exact 3x3-pt filled native marker glyphs recovered. Native ticks calibrate 0,25,50,75 kpc and 0,2,4,6 Msun pc^-2. Independent QC: extrapolated 1 Msun pc^-2 crossing=87.456 kpc vs published R_HI=86.9 kpc (0.64% difference before small beam correction). Source distance 23.06 Mpc retained separately from frozen SPARC distance 20.8 Mpc. Raw H I only; HIX helium correction is defined separately for atomic gas mass. No OCR, raster digitization, profile fitting, persistence fitting, or blind-outcome inspection. Validation: validation/stationary/hix2018_ngc0289_native_hi_profile_recovery_v1.json; original-route audit: validation/stationary/wa97_ngc289_public_hi_profile_route_v1.json."
NGC0300,calibration,254e17dbe22eb8371384e3c7f301f9936181b99384518e772be861567e4e896f,1,1,available_nonpublic_request_required,0,0,SPARC_azimuthally_averaged_HI_profile_private_compilation,0,1,"Profile reported available in the 169-galaxy SPARC HI compilation, but no public download verified; acquisition from authors/original literature required before ingestion.",1,Westmeier et al. 2011 / NGC300 ATCA,raw_source_profile_ingested,20,source-published face-on gas mass surface density derived from HI column density,already includes helium x1.4,1,data/stationary/source_reconstruction/westmeier2011_ngc300_gas_profile_v1.csv,"Later deeper ATCA public replacement for the Lelli/CP90 NGC0300 branch; not a numerical extraction of Puche et al. 1990. Exact native LaTeX Westmeier et al. 2011 Table 2 values: 20 rows, 100-2000 arcsec (0.92-18.42 kpc source-paper scale). Sigma_gas is derived from the HI column-density profile and already includes the paper factor f=1.4 for helium. No raster digitization, map/cube reconstruction, re-fitting, common-distance renormalization, or persistence fitting. Validation: validation/stationary/cp90_westmeier2011_ngc300_profile_extraction_v1.json."
NGC0801,blind,254e17dbe22eb8371384e3c7f301f9936181b99384518e772be861567e4e896f,1,1,available_nonpublic_request_required,0,0,SPARC_azimuthally_averaged_HI_profile_private_compilation,0,1,"Profile reported available in the 169-galaxy SPARC HI compilation, but no public download verified; acquisition from authors/original literature required before ingestion.",0,,available_nonpublic_request_required,,,,0,,"Profile reported available in the 169-galaxy SPARC HI compilation, but no public download verified; acquisition from authors/original literature required before ingestion."
NGC0891,calibration,254e17dbe22eb8371384e3c7f301f9936181b99384518e772be861567e4e896f,1,1,available_nonpublic_request_required,0,0,SPARC_azimuthally_averaged_HI_profile_private_compilation,0,1,"Profile reported available in the 169-galaxy SPARC HI compilation, but no public download verified; acquisition from authors/original literature required before ingestion.",0,,available_nonpublic_request_required,,,,0,,"Profile reported available in the 169-galaxy SPARC HI compilation, but no public download verified; acquisition from authors/original literature required before ingestion."
NGC1003,blind,254e17dbe22eb8371384e3c7f301f9936181b99384518e772be861567e4e896f,1,1,available_nonpublic_request_required,0,0,SPARC_azimuthally_averaged_HI_profile_private_compilation,0,1,"Profile reported available in the 169-galaxy SPARC HI compilation, but no public download verified; acquisition from authors/original literature required before ingestion.",0,,available_nonpublic_request_required,,,,0,,"Profile reported available in the 169-galaxy SPARC HI compilation, but no public download verified; acquisition from authors/original literature required before ingestion."
NGC1090,calibration,254e17dbe22eb8371384e3c7f301f9936181b99384518e772be861567e4e896f,1,1,available_nonpublic_request_required,0,0,SPARC_azimuthally_averaged_HI_profile_private_compilation,0,1,"Profile reported available in the 169-galaxy SPARC HI compilation, but no public download verified; acquisition from authors/original literature required before ingestion.",1,previous direct-profile branch,recover_exact_extraction_artifact,0,direct HI profile extraction,source convention already settled in prior branch,0,PROJECT_LEDGER.md,Scientific choice settled: original fig2.eps filled-circle average series. Exact coordinate/QC artifact must be restored before source freeze.
NGC2403,blind,254e17dbe22eb8371384e3c7f301f9936181b99384518e772be861567e4e896f,1,1,available_nonpublic_request_required,0,0,SPARC_azimuthally_averaged_HI_profile_private_compilation,0,1,"Profile reported available in the 169-galaxy SPARC HI compilation, but no public download verified; acquisition from authors/original literature required before ingestion.",1,Leroy et al. 2008 / THINGS,raw_source_profile_ingested,57,source-published SigmaHI,already includes helium,1,data/stationary/source_reconstruction/leroy2008_things_hi_profiles_v1.csv,Machine-readable VizieR table7 profile ingested unchanged; common normalization pending.
NGC2683,calibration,254e17dbe22eb8371384e3c7f301f9936181b99384518e772be861567e4e896f,1,1,available_nonpublic_request_required,0,0,SPARC_azimuthally_averaged_HI_profile_private_compilation,0,1,"Profile reported available in the 169-galaxy SPARC HI compilation, but no public download verified; acquisition from authors/original literature required before ingestion.",0,,available_nonpublic_request_required,,,,0,,"Profile reported available in the 169-galaxy SPARC HI compilation, but no public download verified; acquisition from authors/original literature required before ingestion."
NGC2841,calibration,254e17dbe22eb8371384e3c7f301f9936181b99384518e772be861567e4e896f,1,1,available_nonpublic_request_required,0,0,SPARC_azimuthally_averaged_HI_profile_private_compilation,1,1,"Profile reported available in the 169-galaxy SPARC HI compilation, but no public download verified; acquisition from authors/original literature required before ingestion.",1,Leroy et al. 2008 / THINGS,raw_source_profile_ingested,25,source-published SigmaHI,already includes helium,1,data/stationary/source_reconstruction/leroy2008_things_hi_profiles_v1.csv,Machine-readable VizieR table7 profile ingested unchanged; common normalization pending.
NGC2903,calibration,254e17dbe22eb8371384e3c7f301f9936181b99384518e772be861567e4e896f,1,1,available_nonpublic_request_required,0,0,SPARC_azimuthally_averaged_HI_profile_private_compilation,1,1,"Profile reported available in the 169-galaxy SPARC HI compilation, but no public download verified; acquisition from authors/original literature required before ingestion.",1,Begeman 1987 / Hoekstra van Albada & Sancisi 2001 vector republication,vector_profile_candidate_recovered,30,raw HI surface density from exact published vector profile; radius normalized by R_out,helium not applied,1,data/stationary/source_reconstruction/hoekstra2001_be87_hi_vector_profiles_candidate_v1.csv,"Hoekstra, van Albada & Sancisi 2001 Fig.1 exact red/dashed vector H I profile: 30 vector vertices; y-axis calibrated from native printed log10 Sigma_HI labels (+1,0,-1); x-axis is R/R_out with R_out defined as the outermost rotation-curve point. Begeman 1987 is included in the paper's profile provenance for this galaxy. Raw H I, no helium applied. Candidate only pending exact R_out-to-physical-radius recovery."
NGC2915,calibration,254e17dbe22eb8371384e3c7f301f9936181b99384518e772be861567e4e896f,1,1,available_nonpublic_request_required,0,0,SPARC_azimuthally_averaged_HI_profile_private_compilation,0,1,"Profile reported available in the 169-galaxy SPARC HI compilation, but no public download verified; acquisition from authors/original literature required before ingestion.",0,,available_nonpublic_request_required,,,,0,,"Profile reported available in the 169-galaxy SPARC HI compilation, but no public download verified; acquisition from authors/original literature required before ingestion."
NGC2955,blind,254e17dbe22eb8371384e3c7f301f9936181b99384518e772be861567e4e896f,1,1,available_nonpublic_request_required,0,0,SPARC_azimuthally_averaged_HI_profile_private_compilation,0,1,"Profile reported available in the 169-galaxy SPARC HI compilation, but no public download verified; acquisition from authors/original literature required before ingestion.",0,,available_nonpublic_request_required,,,,0,,"Profile reported available in the 169-galaxy SPARC HI compilation, but no public download verified; acquisition from authors/original literature required before ingestion."
NGC2976,calibration,254e17dbe22eb8371384e3c7f301f9936181b99384518e772be861567e4e896f,1,1,available_nonpublic_request_required,0,0,SPARC_azimuthally_averaged_HI_profile_private_compilation,0,1,"Profile reported available in the 169-galaxy SPARC HI compilation, but no public download verified; acquisition from authors/original literature required before ingestion.",1,Leroy et al. 2008 / THINGS,raw_source_profile_ingested,26,source-published SigmaHI,already includes helium,1,data/stationary/source_reconstruction/leroy2008_things_hi_profiles_v1.csv,Machine-readable VizieR table7 profile ingested unchanged; common normalization pending.
NGC2998,calibration,254e17dbe22eb8371384e3c7f301f9936181b99384518e772be861567e4e896f,1,1,available_nonpublic_request_required,0,0,SPARC_azimuthally_averaged_HI_profile_private_compilation,0,1,"Profile reported available in the 169-galaxy SPARC HI compilation, but no public download verified; acquisition from authors/original literature required before ingestion.",0,,available_nonpublic_request_required,,,,0,,"Profile reported available in the 169-galaxy SPARC HI compilation, but no public download verified; acquisition from authors/original literature required before ingestion."
NGC3109,calibration,254e17dbe22eb8371384e3c7f301f9936181b99384518e772be861567e4e896f,1,1,available_nonpublic_request_required,0,0,SPARC_azimuthally_averaged_HI_profile_private_compilation,0,1,"Profile reported available in the 169-galaxy SPARC HI compilation, but no public download verified; acquisition from authors/original literature required before ingestion.",0,,available_nonpublic_request_required,,,,0,,"Profile reported available in the 169-galaxy SPARC HI compilation, but no public download verified; acquisition from authors/original literature required before ingestion."
NGC3198,calibration,254e17dbe22eb8371384e3c7f301f9936181b99384518e772be861567e4e896f,1,1,available_nonpublic_request_required,0,0,SPARC_azimuthally_averaged_HI_profile_private_compilation,1,1,"Profile reported available in the 169-galaxy SPARC HI compilation, but no public download verified; acquisition from authors/original literature required before ingestion.",1,Leroy et al. 2008 / THINGS,raw_source_profile_ingested,23,source-published SigmaHI,already includes helium,1,data/stationary/source_reconstruction/leroy2008_things_hi_profiles_v1.csv,Machine-readable VizieR table7 profile ingested unchanged; common normalization pending.
NGC3521,blind,254e17dbe22eb8371384e3c7f301f9936181b99384518e772be861567e4e896f,1,1,available_nonpublic_request_required,0,0,SPARC_azimuthally_averaged_HI_profile_private_compilation,1,1,"Profile reported available in the 169-galaxy SPARC HI compilation, but no public download verified; acquisition from authors/original literature required before ingestion.",1,Leroy et al. 2008 / THINGS,raw_source_profile_ingested,30,source-published SigmaHI,already includes helium,1,data/stationary/source_reconstruction/leroy2008_things_hi_profiles_v1.csv,Machine-readable VizieR table7 profile ingested unchanged; common normalization pending.
NGC3726,calibration,254e17dbe22eb8371384e3c7f301f9936181b99384518e772be861567e4e896f,1,1,available_nonpublic_request_required,0,0,SPARC_azimuthally_averaged_HI_profile_private_compilation,0,1,"Profile reported available in the 169-galaxy SPARC HI compilation, but no public download verified; acquisition from authors/original literature required before ingestion.",0,,available_nonpublic_request_required,,,,0,,"Profile reported available in the 169-galaxy SPARC HI compilation, but no public download verified; acquisition from authors/original literature required before ingestion."
NGC3741,calibration,254e17dbe22eb8371384e3c7f301f9936181b99384518e772be861567e4e896f,1,1,available_nonpublic_request_required,0,0,SPARC_azimuthally_averaged_HI_profile_private_compilation,0,1,"Profile reported available in the 169-galaxy SPARC HI compilation, but no public download verified; acquisition from authors/original literature required before ingestion.",1,Begum et al. 2008,direct_profile_identified_numeric_pending,0,gas surface mass density from HI,published Figure 5 already includes helium x1.3,0,validation/stationary/BEGUM_CHENGALUR_PROFILE_AUDIT_V1.md,Direct Figure 5 profile/conventions recovered; numerical curve still pending.
NGC3769,calibration,254e17dbe22eb8371384e3c7f301f9936181b99384518e772be861567e4e896f,1,1,available_nonpublic_request_required,0,0,SPARC_azimuthally_averaged_HI_profile_private_compilation,0,1,"Profile reported available in the 169-galaxy SPARC HI compilation, but no public download verified; acquisition from authors/original literature required before ingestion.",0,,available_nonpublic_request_required,,,,0,,"Profile reported available in the 169-galaxy SPARC HI compilation, but no public download verified; acquisition from authors/original literature required before ingestion."
NGC3877,calibration,254e17dbe22eb8371384e3c7f301f9936181b99384518e772be861567e4e896f,1,1,available_nonpublic_request_required,0,0,SPARC_azimuthally_averaged_HI_profile_private_compilation,0,1,"Profile reported available in the 169-galaxy SPARC HI compilation, but no public download verified; acquisition from authors/original literature required before ingestion.",0,,available_nonpublic_request_required,,,,0,,"Profile reported available in the 169-galaxy SPARC HI compilation, but no public download verified; acquisition from authors/original literature required before ingestion."
NGC3893,calibration,254e17dbe22eb8371384e3c7f301f9936181b99384518e772be861567e4e896f,1,1,available_nonpublic_request_required,0,0,SPARC_azimuthally_averaged_HI_profile_private_compilation,0,1,"Profile reported available in the 169-galaxy SPARC HI compilation, but no public download verified; acquisition from authors/original literature required before ingestion.",0,,available_nonpublic_request_required,,,,0,,"Profile reported available in the 169-galaxy SPARC HI compilation, but no public download verified; acquisition from authors/original literature required before ingestion."
NGC3917,calibration,254e17dbe22eb8371384e3c7f301f9936181b99384518e772be861567e4e896f,1,1,available_nonpublic_request_required,0,0,SPARC_azimuthally_averaged_HI_profile_private_compilation,0,1,"Profile reported available in the 169-galaxy SPARC HI compilation, but no public download verified; acquisition from authors/original literature required before ingestion.",0,,available_nonpublic_request_required,,,,0,,"Profile reported available in the 169-galaxy SPARC HI compilation, but no public download verified; acquisition from authors/original literature required before ingestion."
NGC3949,blind,254e17dbe22eb8371384e3c7f301f9936181b99384518e772be861567e4e896f,1,1,available_nonpublic_request_required,0,0,SPARC_azimuthally_averaged_HI_profile_private_compilation,0,1,"Profile reported available in the 169-galaxy SPARC HI compilation, but no public download verified; acquisition from authors/original literature required before ingestion.",0,,available_nonpublic_request_required,,,,0,,"Profile reported available in the 169-galaxy SPARC HI compilation, but no public download verified; acquisition from authors/original literature required before ingestion."
NGC3953,blind,254e17dbe22eb8371384e3c7f301f9936181b99384518e772be861567e4e896f,1,1,available_nonpublic_request_required,0,0,SPARC_azimuthally_averaged_HI_profile_private_compilation,0,1,"Profile reported available in the 169-galaxy SPARC HI compilation, but no public download verified; acquisition from authors/original literature required before ingestion.",0,,available_nonpublic_request_required,,,,0,,"Profile reported available in the 169-galaxy SPARC HI compilation, but no public download verified; acquisition from authors/original literature required before ingestion."
NGC3972,calibration,254e17dbe22eb8371384e3c7f301f9936181b99384518e772be861567e4e896f,1,1,available_nonpublic_request_required,0,0,SPARC_azimuthally_averaged_HI_profile_private_compilation,0,1,"Profile reported available in the 169-galaxy SPARC HI compilation, but no public download verified; acquisition from authors/original literature required before ingestion.",0,,available_nonpublic_request_required,,,,0,,"Profile reported available in the 169-galaxy SPARC HI compilation, but no public download verified; acquisition from authors/original literature required before ingestion."
NGC3992,blind,254e17dbe22eb8371384e3c7f301f9936181b99384518e772be861567e4e896f,1,1,available_nonpublic_request_required,0,0,SPARC_azimuthally_averaged_HI_profile_private_compilation,0,1,"Profile reported available in the 169-galaxy SPARC HI compilation, but no public download verified; acquisition from authors/original literature required before ingestion.",0,,available_nonpublic_request_required,,,,0,,"Profile reported available in the 169-galaxy SPARC HI compilation, but no public download verified; acquisition from authors/original literature required before ingestion."
NGC4010,calibration,254e17dbe22eb8371384e3c7f301f9936181b99384518e772be861567e4e896f,1,1,available_nonpublic_request_required,0,0,SPARC_azimuthally_averaged_HI_profile_private_compilation,0,1,"Profile reported available in the 169-galaxy SPARC HI compilation, but no public download verified; acquisition from authors/original literature required before ingestion.",0,,available_nonpublic_request_required,,,,0,,"Profile reported available in the 169-galaxy SPARC HI compilation, but no public download verified; acquisition from authors/original literature required before ingestion."
NGC4013,calibration,254e17dbe22eb8371384e3c7f301f9936181b99384518e772be861567e4e896f,1,1,available_nonpublic_request_required,0,0,SPARC_azimuthally_averaged_HI_profile_private_compilation,0,1,"Profile reported available in the 169-galaxy SPARC HI compilation, but no public download verified; acquisition from authors/original literature required before ingestion.",0,,available_nonpublic_request_required,,,,0,,"Profile reported available in the 169-galaxy SPARC HI compilation, but no public download verified; acquisition from authors/original literature required before ingestion."
NGC4051,calibration,254e17dbe22eb8371384e3c7f301f9936181b99384518e772be861567e4e896f,1,1,available_nonpublic_request_required,0,0,SPARC_azimuthally_averaged_HI_profile_private_compilation,0,1,"Profile reported available in the 169-galaxy SPARC HI compilation, but no public download verified; acquisition from authors/original literature required before ingestion.",0,,available_nonpublic_request_required,,,,0,,"Profile reported available in the 169-galaxy SPARC HI compilation, but no public download verified; acquisition from authors/original literature required before ingestion."
NGC4068,calibration,254e17dbe22eb8371384e3c7f301f9936181b99384518e772be861567e4e896f,1,1,available_nonpublic_request_required,0,0,SPARC_azimuthally_averaged_HI_profile_private_compilation,0,1,"Profile reported available in the 169-galaxy SPARC HI compilation, but no public download verified; acquisition from authors/original literature required before ingestion.",0,,available_nonpublic_request_required,,,,0,,"Profile reported available in the 169-galaxy SPARC HI compilation, but no public download verified; acquisition from authors/original literature required before ingestion."
NGC4085,calibration,254e17dbe22eb8371384e3c7f301f9936181b99384518e772be861567e4e896f,1,1,available_nonpublic_request_required,0,0,SPARC_azimuthally_averaged_HI_profile_private_compilation,0,1,"Profile reported available in the 169-galaxy SPARC HI compilation, but no public download verified; acquisition from authors/original literature required before ingestion.",0,,available_nonpublic_request_required,,,,0,,"Profile reported available in the 169-galaxy SPARC HI compilation, but no public download verified; acquisition from authors/original literature required before ingestion."
NGC4088,calibration,254e17dbe22eb8371384e3c7f301f9936181b99384518e772be861567e4e896f,1,1,available_nonpublic_request_required,0,0,SPARC_azimuthally_averaged_HI_profile_private_compilation,0,1,"Profile reported available in the 169-galaxy SPARC HI compilation, but no public download verified; acquisition from authors/original literature required before ingestion.",0,,available_nonpublic_request_required,,,,0,,"Profile reported available in the 169-galaxy SPARC HI compilation, but no public download verified; acquisition from authors/original literature required before ingestion."
NGC4100,blind,254e17dbe22eb8371384e3c7f301f9936181b99384518e772be861567e4e896f,1,1,available_nonpublic_request_required,0,0,SPARC_azimuthally_averaged_HI_profile_private_compilation,0,1,"Profile reported available in the 169-galaxy SPARC HI compilation, but no public download verified; acquisition from authors/original literature required before ingestion.",0,,available_nonpublic_request_required,,,,0,,"Profile reported available in the 169-galaxy SPARC HI compilation, but no public download verified; acquisition from authors/original literature required before ingestion."
NGC4138,blind,254e17dbe22eb8371384e3c7f301f9936181b99384518e772be861567e4e896f,0,0,known_unavailable_in_169_compilation,0,0,none_known_from_compilation,0,1,Known missing from the 169-profile compilation; primary direct-profile analysis excludes unless independently verified direct profile is found pre-fit.,0,,known_unavailable_in_169_compilation,,,,0,,Known missing from the 169-profile compilation; primary direct-profile analysis excludes unless independently verified direct profile is found pre-fit.
NGC4157,blind,254e17dbe22eb8371384e3c7f301f9936181b99384518e772be861567e4e896f,1,1,available_nonpublic_request_required,0,0,SPARC_azimuthally_averaged_HI_profile_private_compilation,0,1,"Profile reported available in the 169-galaxy SPARC HI compilation, but no public download verified; acquisition from authors/original literature required before ingestion.",0,,available_nonpublic_request_required,,,,0,,"Profile reported available in the 169-galaxy SPARC HI compilation, but no public download verified; acquisition from authors/original literature required before ingestion."
NGC4183,calibration,254e17dbe22eb8371384e3c7f301f9936181b99384518e772be861567e4e896f,1,1,available_nonpublic_request_required,0,0,SPARC_azimuthally_averaged_HI_profile_private_compilation,0,1,"Profile reported available in the 169-galaxy SPARC HI compilation, but no public download verified; acquisition from authors/original literature required before ingestion.",0,,available_nonpublic_request_required,,,,0,,"Profile reported available in the 169-galaxy SPARC HI compilation, but no public download verified; acquisition from authors/original literature required before ingestion."
NGC4217,calibration,254e17dbe22eb8371384e3c7f301f9936181b99384518e772be861567e4e896f,1,1,available_nonpublic_request_required,0,0,SPARC_azimuthally_averaged_HI_profile_private_compilation,0,1,"Profile reported available in the 169-galaxy SPARC HI compilation, but no public download verified; acquisition from authors/original literature required before ingestion.",0,,available_nonpublic_request_required,,,,0,,"Profile reported available in the 169-galaxy SPARC HI compilation, but no public download verified; acquisition from authors/original literature required before ingestion."
NGC4559,calibration,254e17dbe22eb8371384e3c7f301f9936181b99384518e772be861567e4e896f,1,1,available_nonpublic_request_required,0,0,SPARC_azimuthally_averaged_HI_profile_private_compilation,1,1,"Profile reported available in the 169-galaxy SPARC HI compilation, but no public download verified; acquisition from authors/original literature required before ingestion.",0,,available_nonpublic_request_required,,,,0,,"Profile reported available in the 169-galaxy SPARC HI compilation, but no public download verified; acquisition from authors/original literature required before ingestion."
NGC5005,blind,254e17dbe22eb8371384e3c7f301f9936181b99384518e772be861567e4e896f,1,1,available_nonpublic_request_required,0,0,SPARC_azimuthally_averaged_HI_profile_private_compilation,0,1,"Profile reported available in the 169-galaxy SPARC HI compilation, but no public download verified; acquisition from authors/original literature required before ingestion.",0,,available_nonpublic_request_required,,,,0,,"Profile reported available in the 169-galaxy SPARC HI compilation, but no public download verified; acquisition from authors/original literature required before ingestion."
NGC5033,blind,254e17dbe22eb8371384e3c7f301f9936181b99384518e772be861567e4e896f,1,1,available_nonpublic_request_required,0,0,SPARC_azimuthally_averaged_HI_profile_private_compilation,1,1,"Profile reported available in the 169-galaxy SPARC HI compilation, but no public download verified; acquisition from authors/original literature required before ingestion.",1,Begeman 1987 / Hoekstra van Albada & Sancisi 2001 vector republication,vector_profile_candidate_recovered,23,raw HI surface density from exact published vector profile; radius normalized by R_out,helium not applied,1,data/stationary/source_reconstruction/hoekstra2001_be87_hi_vector_profiles_candidate_v1.csv,"Hoekstra, van Albada & Sancisi 2001 Fig.1 exact red/dashed vector H I profile: 23 vector vertices; y-axis calibrated from native printed log10 Sigma_HI labels (+1,0,-1); x-axis is R/R_out with R_out defined as the outermost rotation-curve point. Begeman 1987 is included in the paper's profile provenance for this galaxy. Raw H I, no helium applied. Candidate only pending exact R_out-to-physical-radius recovery."
NGC5055,blind,254e17dbe22eb8371384e3c7f301f9936181b99384518e772be861567e4e896f,1,1,available_nonpublic_request_required,0,0,SPARC_azimuthally_averaged_HI_profile_private_compilation,1,1,"Profile reported available in the 169-galaxy SPARC HI compilation, but no public download verified; acquisition from authors/original literature required before ingestion.",1,Leroy et al. 2008 / THINGS,raw_source_profile_ingested,43,source-published SigmaHI,already includes helium,1,data/stationary/source_reconstruction/leroy2008_things_hi_profiles_v1.csv,Machine-readable VizieR table7 profile ingested unchanged; common normalization pending.
NGC5371,calibration,254e17dbe22eb8371384e3c7f301f9936181b99384518e772be861567e4e896f,1,1,available_nonpublic_request_required,0,0,SPARC_azimuthally_averaged_HI_profile_private_compilation,0,1,"Profile reported available in the 169-galaxy SPARC HI compilation, but no public download verified; acquisition from authors/original literature required before ingestion.",1,Begeman 1987 / Hoekstra van Albada & Sancisi 2001 vector republication,vector_profile_candidate_recovered,10,raw HI surface density from exact published vector profile; radius normalized by R_out,helium not applied,1,data/stationary/source_reconstruction/hoekstra2001_be87_hi_vector_profiles_candidate_v1.csv,"Hoekstra, van Albada & Sancisi 2001 Fig.1 exact red/dashed vector H I profile: 10 vector vertices; y-axis calibrated from native printed log10 Sigma_HI labels (+1,0,-1); x-axis is R/R_out with R_out defined as the outermost rotation-curve point. Begeman 1987 is included in the paper's profile provenance for this galaxy. Raw H I, no helium applied. Candidate only pending exact R_out-to-physical-radius recovery."
NGC5585,blind,254e17dbe22eb8371384e3c7f301f9936181b99384518e772be861567e4e896f,1,1,available_nonpublic_request_required,0,0,SPARC_azimuthally_averaged_HI_profile_private_compilation,0,1,"Profile reported available in the 169-galaxy SPARC HI compilation, but no public download verified; acquisition from authors/original literature required before ingestion.",0,,available_nonpublic_request_required,,,,0,,"Profile reported available in the 169-galaxy SPARC HI compilation, but no public download verified; acquisition from authors/original literature required before ingestion."
NGC5907,calibration,254e17dbe22eb8371384e3c7f301f9936181b99384518e772be861567e4e896f,0,0,known_unavailable_in_169_compilation,0,0,none_known_from_compilation,0,1,Known missing from the 169-profile compilation; primary direct-profile analysis excludes unless independently verified direct profile is found pre-fit.,1,Allaert et al. 2015 HEROES II / later direct NGC5907 HI reanalysis,raw_source_profile_ingested,108,source-native side-specific Sigma_HI: 54 approaching + 54 receding; separate 54-bin deterministic Paper-I m=0 mean retained,no recovery scaling; values preserved as source-labeled Sigma_HI,1,data/stationary/source_reconstruction/sa87_ngc5907_heroes2015_hi_side_profiles_v1.csv,"Lelli/SPARC SA87 is Sancisi & van Albada 1987 (review; original NGC5907 H I lineage Sancisi 1976). Higher-information later direct public route: Allaert et al. 2015 HEROES II re-analysis of interferometric 21-cm data with full-cube tilted-ring modelling. Figure 29 Final_params_all.pdf is fully native vector: exact source recovery yields 54 blue approaching and 54 red receding Sigma_HI samples on an identical 0-55.83 kpc source grid. Native marker/polyline and tick-geometry QC pass. Source-side values remain authoritative. A separate deterministic axisymmetric mean is stored at data/stationary/source_reconstruction/sa87_ngc5907_heroes2015_hi_m0_mean_v1.csv and is explicitly not an author-published average. No helium multiplication/division, raster digitization, OCR, profile fitting, map reconstruction, common-distance renormalization, persistence fitting, or blind-outcome inspection. Validation: validation/stationary/sa87_ngc5907_heroes2015_native_hi_recovery_v1.json."
NGC5985,calibration,254e17dbe22eb8371384e3c7f301f9936181b99384518e772be861567e4e896f,1,1,available_nonpublic_request_required,0,0,SPARC_azimuthally_averaged_HI_profile_private_compilation,0,1,"Profile reported available in the 169-galaxy SPARC HI compilation, but no public download verified; acquisition from authors/original literature required before ingestion.",0,,available_nonpublic_request_required,,,,0,,"Profile reported available in the 169-galaxy SPARC HI compilation, but no public download verified; acquisition from authors/original literature required before ingestion."
NGC6015,calibration,254e17dbe22eb8371384e3c7f301f9936181b99384518e772be861567e4e896f,1,1,available_nonpublic_request_required,0,0,SPARC_azimuthally_averaged_HI_profile_private_compilation,0,1,"Profile reported available in the 169-galaxy SPARC HI compilation, but no public download verified; acquisition from authors/original literature required before ingestion.",1,Verdes-Montenegro et al. 1997 / source-native A&A PGPLOT Figure 3d,raw_source_profile_ingested,31,source-native radial H I surface density from pure-vector Figure 3d M3 markers,helium not applied; source H I surface density preserved,1,data/stationary/source_reconstruction/vm97_ngc6015_hi_profile_v1.csv,"VM97 direct public H I profile recovered from the legacy A&A electronic PostScript. Figure 3 embedded 07540003.eps is pure PGPLOT vector with zero raster operators. Panel 3d contains 31 exact M3 source markers; native PGPLOT stroke-glyph major labels calibrate radius and Sigma_HI. Recovered vector radii match the 15,25,...315 arcsec native annular grid to <0.085 arcsec. Independent QC: first-bin/peak=57.54%, matching the paper ~57% central H I depression; simple annular integral=3.673e9 Msun versus paper total M_HI=3.9e9 Msun (5.81% low over represented radial coverage), confirming source scale/raw-HI convention. No PostScript execution, raster digitization, OCR, profile fitting, helium scaling, common-distance renormalization, persistence fitting, or blind-outcome inspection. Validation: validation/stationary/vm97_ngc6015_native_hi_profile_recovery_v1.json."
NGC6195,calibration,254e17dbe22eb8371384e3c7f301f9936181b99384518e772be861567e4e896f,1,1,available_nonpublic_request_required,0,0,SPARC_azimuthally_averaged_HI_profile_private_compilation,0,1,"Profile reported available in the 169-galaxy SPARC HI compilation, but no public download verified; acquisition from authors/original literature required before ingestion.",0,,available_nonpublic_request_required,,,,0,,"Profile reported available in the 169-galaxy SPARC HI compilation, but no public download verified; acquisition from authors/original literature required before ingestion."
NGC6503,calibration,254e17dbe22eb8371384e3c7f301f9936181b99384518e772be861567e4e896f,1,1,available_nonpublic_request_required,0,0,SPARC_azimuthally_averaged_HI_profile_private_compilation,0,1,"Profile reported available in the 169-galaxy SPARC HI compilation, but no public download verified; acquisition from authors/original literature required before ingestion.",0,,available_nonpublic_request_required,,,,0,,"Profile reported available in the 169-galaxy SPARC HI compilation, but no public download verified; acquisition from authors/original literature required before ingestion."
NGC6674,blind,254e17dbe22eb8371384e3c7f301f9936181b99384518e772be861567e4e896f,1,1,available_nonpublic_request_required,0,0,SPARC_azimuthally_averaged_HI_profile_private_compilation,0,1,"Profile reported available in the 169-galaxy SPARC HI compilation, but no public download verified; acquisition from authors/original literature required before ingestion.",0,,available_nonpublic_request_required,,,,0,,"Profile reported available in the 169-galaxy SPARC HI compilation, but no public download verified; acquisition from authors/original literature required before ingestion."
NGC6946,blind,254e17dbe22eb8371384e3c7f301f9936181b99384518e772be861567e4e896f,1,1,available_nonpublic_request_required,0,0,SPARC_azimuthally_averaged_HI_profile_private_compilation,0,1,"Profile reported available in the 169-galaxy SPARC HI compilation, but no public download verified; acquisition from authors/original literature required before ingestion.",1,Leroy et al. 2008 / THINGS,raw_source_profile_ingested,41,source-published SigmaHI,already includes helium,1,data/stationary/source_reconstruction/leroy2008_things_hi_profiles_v1.csv,Machine-readable VizieR table7 profile ingested unchanged; common normalization pending.
NGC7331,calibration,254e17dbe22eb8371384e3c7f301f9936181b99384518e772be861567e4e896f,1,1,available_nonpublic_request_required,0,0,SPARC_azimuthally_averaged_HI_profile_private_compilation,0,1,"Profile reported available in the 169-galaxy SPARC HI compilation, but no public download verified; acquisition from authors/original literature required before ingestion.",1,Leroy et al. 2008 / THINGS,raw_source_profile_ingested,33,source-published SigmaHI,already includes helium,1,data/stationary/source_reconstruction/leroy2008_things_hi_profiles_v1.csv,Machine-readable VizieR table7 profile ingested unchanged; common normalization pending.
NGC7793,blind,254e17dbe22eb8371384e3c7f301f9936181b99384518e772be861567e4e896f,1,1,available_nonpublic_request_required,0,0,SPARC_azimuthally_averaged_HI_profile_private_compilation,0,1,"Profile reported available in the 169-galaxy SPARC HI compilation, but no public download verified; acquisition from authors/original literature required before ingestion.",1,Leroy et al. 2008 / THINGS,raw_source_profile_ingested,38,source-published SigmaHI,already includes helium,1,data/stationary/source_reconstruction/leroy2008_things_hi_profiles_v1.csv,Machine-readable VizieR table7 profile ingested unchanged; common normalization pending.
NGC7814,calibration,254e17dbe22eb8371384e3c7f301f9936181b99384518e772be861567e4e896f,1,1,available_nonpublic_request_required,0,0,SPARC_azimuthally_averaged_HI_profile_private_compilation,0,1,"Profile reported available in the 169-galaxy SPARC HI compilation, but no public download verified; acquisition from authors/original literature required before ingestion.",0,,available_nonpublic_request_required,,,,0,,"Profile reported available in the 169-galaxy SPARC HI compilation, but no public download verified; acquisition from authors/original literature required before ingestion."
UGC00128,calibration,254e17dbe22eb8371384e3c7f301f9936181b99384518e772be861567e4e896f,1,1,available_nonpublic_request_required,0,0,SPARC_azimuthally_averaged_HI_profile_private_compilation,0,1,"Profile reported available in the 169-galaxy SPARC HI compilation, but no public download verified; acquisition from authors/original literature required before ingestion.",0,,available_nonpublic_request_required,,,,0,,"Profile reported available in the 169-galaxy SPARC HI compilation, but no public download verified; acquisition from authors/original literature required before ingestion."
UGC00191,calibration,254e17dbe22eb8371384e3c7f301f9936181b99384518e772be861567e4e896f,1,1,available_nonpublic_request_required,0,0,SPARC_azimuthally_averaged_HI_profile_private_compilation,0,1,"Profile reported available in the 169-galaxy SPARC HI compilation, but no public download verified; acquisition from authors/original literature required before ingestion.",1,van Zee et al. 1997,source_family_identified_numeric_pending,0,direct HI profile source family,primary profile convention pending,0,validation/stationary/VANZEE1997_PROFILE_AUDIT_V1.md,Frozen overlap from normal comparison subset; original numerical profile still pending.
UGC00731,calibration,254e17dbe22eb8371384e3c7f301f9936181b99384518e772be861567e4e896f,1,1,available_nonpublic_request_required,0,0,SPARC_azimuthally_averaged_HI_profile_private_compilation,0,1,"Profile reported available in the 169-galaxy SPARC HI compilation, but no public download verified; acquisition from authors/original literature required before ingestion.",0,,available_nonpublic_request_required,,,,0,,"Profile reported available in the 169-galaxy SPARC HI compilation, but no public download verified; acquisition from authors/original literature required before ingestion."
UGC00891,calibration,254e17dbe22eb8371384e3c7f301f9936181b99384518e772be861567e4e896f,1,1,available_nonpublic_request_required,0,0,SPARC_azimuthally_averaged_HI_profile_private_compilation,0,1,"Profile reported available in the 169-galaxy SPARC HI compilation, but no public download verified; acquisition from authors/original literature required before ingestion.",1,van Zee et al. 1997,source_family_identified_numeric_pending,0,direct HI profile source family,primary profile convention pending,0,validation/stationary/VANZEE1997_PROFILE_AUDIT_V1.md,Frozen overlap from normal comparison subset; original numerical profile still pending.
UGC01281,blind,254e17dbe22eb8371384e3c7f301f9936181b99384518e772be861567e4e896f,1,1,available_nonpublic_request_required,0,0,SPARC_azimuthally_averaged_HI_profile_private_compilation,0,1,"Profile reported available in the 169-galaxy SPARC HI compilation, but no public download verified; acquisition from authors/original literature required before ingestion.",0,,available_nonpublic_request_required,,,,0,,"Profile reported available in the 169-galaxy SPARC HI compilation, but no public download verified; acquisition from authors/original literature required before ingestion."
UGC02259,calibration,254e17dbe22eb8371384e3c7f301f9936181b99384518e772be861567e4e896f,1,1,available_nonpublic_request_required,0,0,SPARC_azimuthally_averaged_HI_profile_private_compilation,0,1,"Profile reported available in the 169-galaxy SPARC HI compilation, but no public download verified; acquisition from authors/original literature required before ingestion.",0,,available_nonpublic_request_required,,,,0,,"Profile reported available in the 169-galaxy SPARC HI compilation, but no public download verified; acquisition from authors/original literature required before ingestion."
UGC02487,calibration,254e17dbe22eb8371384e3c7f301f9936181b99384518e772be861567e4e896f,1,1,available_nonpublic_request_required,0,0,SPARC_azimuthally_averaged_HI_profile_private_compilation,0,1,"Profile reported available in the 169-galaxy SPARC HI compilation, but no public download verified; acquisition from authors/original literature required before ingestion.",0,,available_nonpublic_request_required,,,,0,,"Profile reported available in the 169-galaxy SPARC HI compilation, but no public download verified; acquisition from authors/original literature required before ingestion."
UGC02885,calibration,254e17dbe22eb8371384e3c7f301f9936181b99384518e772be861567e4e896f,1,1,available_nonpublic_request_required,0,0,SPARC_azimuthally_averaged_HI_profile_private_compilation,0,1,"Profile reported available in the 169-galaxy SPARC HI compilation, but no public download verified; acquisition from authors/original literature required before ingestion.",0,,available_nonpublic_request_required,,,,0,,"Profile reported available in the 169-galaxy SPARC HI compilation, but no public download verified; acquisition from authors/original literature required before ingestion."
UGC02916,calibration,254e17dbe22eb8371384e3c7f301f9936181b99384518e772be861567e4e896f,1,1,available_nonpublic_request_required,0,0,SPARC_azimuthally_averaged_HI_profile_private_compilation,0,1,"Profile reported available in the 169-galaxy SPARC HI compilation, but no public download verified; acquisition from authors/original literature required before ingestion.",0,,available_nonpublic_request_required,,,,0,,"Profile reported available in the 169-galaxy SPARC HI compilation, but no public download verified; acquisition from authors/original literature required before ingestion."
UGC02953,calibration,254e17dbe22eb8371384e3c7f301f9936181b99384518e772be861567e4e896f,1,1,available_nonpublic_request_required,0,0,SPARC_azimuthally_averaged_HI_profile_private_compilation,0,1,"Profile reported available in the 169-galaxy SPARC HI compilation, but no public download verified; acquisition from authors/original literature required before ingestion.",0,,available_nonpublic_request_required,,,,0,,"Profile reported available in the 169-galaxy SPARC HI compilation, but no public download verified; acquisition from authors/original literature required before ingestion."
UGC03205,calibration,254e17dbe22eb8371384e3c7f301f9936181b99384518e772be861567e4e896f,1,1,available_nonpublic_request_required,0,0,SPARC_azimuthally_averaged_HI_profile_private_compilation,0,1,"Profile reported available in the 169-galaxy SPARC HI compilation, but no public download verified; acquisition from authors/original literature required before ingestion.",0,,available_nonpublic_request_required,,,,0,,"Profile reported available in the 169-galaxy SPARC HI compilation, but no public download verified; acquisition from authors/original literature required before ingestion."
UGC03546,calibration,254e17dbe22eb8371384e3c7f301f9936181b99384518e772be861567e4e896f,1,1,available_nonpublic_request_required,0,0,SPARC_azimuthally_averaged_HI_profile_private_compilation,0,1,"Profile reported available in the 169-galaxy SPARC HI compilation, but no public download verified; acquisition from authors/original literature required before ingestion.",0,,available_nonpublic_request_required,,,,0,,"Profile reported available in the 169-galaxy SPARC HI compilation, but no public download verified; acquisition from authors/original literature required before ingestion."
UGC03580,calibration,254e17dbe22eb8371384e3c7f301f9936181b99384518e772be861567e4e896f,1,1,available_nonpublic_request_required,0,0,SPARC_azimuthally_averaged_HI_profile_private_compilation,0,1,"Profile reported available in the 169-galaxy SPARC HI compilation, but no public download verified; acquisition from authors/original literature required before ingestion.",0,,available_nonpublic_request_required,,,,0,,"Profile reported available in the 169-galaxy SPARC HI compilation, but no public download verified; acquisition from authors/original literature required before ingestion."
UGC04278,calibration,254e17dbe22eb8371384e3c7f301f9936181b99384518e772be861567e4e896f,1,1,available_nonpublic_request_required,0,0,SPARC_azimuthally_averaged_HI_profile_private_compilation,0,1,"Profile reported available in the 169-galaxy SPARC HI compilation, but no public download verified; acquisition from authors/original literature required before ingestion.",0,,available_nonpublic_request_required,,,,0,,"Profile reported available in the 169-galaxy SPARC HI compilation, but no public download verified; acquisition from authors/original literature required before ingestion."
UGC04325,calibration,254e17dbe22eb8371384e3c7f301f9936181b99384518e772be861567e4e896f,1,1,available_nonpublic_request_required,0,0,SPARC_azimuthally_averaged_HI_profile_private_compilation,0,1,"Profile reported available in the 169-galaxy SPARC HI compilation, but no public download verified; acquisition from authors/original literature required before ingestion.",1,Elson 2017 / WHISP (Butler et al. 2017 reconstruction sample),vector_profile_candidate_recovered,50,raw HI surface density candidate from published vector curve,helium not applied; Elson mass accounting applies helium downstream,1,data/stationary/source_reconstruction/elson2017_whisp_vector_profiles_candidate_v1.csv,Elson 2017 WHISP Appendix vector profile candidate: 50 exact vector vertices; physical axes reconstructed from audited source R_HI and mean-Sigma anchors; raw HI; no helium or frozen-distance normalization applied. Candidate only until final source-profile freeze. Supersedes overlay acquisition status 'vector_profile_candidate_recovered' for numerical availability; prior source family retained in provenance: Elson 2017 / WHISP (Butler et al. 2017 reconstruction sample) — Elson 2017 WHISP Appendix vector profile candidate: 50 exact vector vertices; physical axes reconstructed from audited source R_HI and mean-Sigma anchors; raw HI; no helium or frozen-distance normalization applied. Candidate only until final source-profile freeze. Supersedes overlay acquisition status 'vector_profile_candidate_recovered' for numerical availability; prior source family retained in provenance: Elson 2017 / WHISP (Butler et al. 2017 reconstruction sample) — Elson 2017 WHISP Appendix vector profile candidate: 50 exact vector vertices; physical axes reconstructed from audited source R_HI and mean-Sigma anchors; raw HI; no helium or frozen-distance normalization applied. Candidate only until final source-profile freeze. Supersedes overlay acquisition status 'vector_profile_candidate_recovered' for numerical availability; prior source family retained in provenance: Elson 2017 / WHISP (Butler et al. 2017 reconstruction sample) — Elson 2017 WHISP Appendix vector profile candidate: 50 exact vector vertices; physical axes reconstructed from audited source R_HI and mean-Sigma anchors; raw HI; no helium or frozen-distance normalization applied. Candidate only until final source-profile freeze. Supersedes overlay acquisition status 'vector_profile_candidate_recovered' for numerical availability; prior source family retained in provenance: Elson 2017 / WHISP (Butler et al. 2017 reconstruction sample) — Elson 2017 WHISP Appendix vector profile candidate: 50 exact vector vertices; physical axes reconstructed from audited source R_HI and mean-Sigma anchors; raw HI; no helium or frozen-distance normalization applied. Candidate only until final source-profile freeze. Supersedes overlay acquisition status 'vector_profile_candidate_recovered' for numerical availability; prior source family retained in provenance: Elson 2017 / WHISP (Butler et al. 2017 reconstruction sample) — Elson 2017 WHISP Appendix vector profile candidate: 50 exact vector vertices; physical axes reconstructed from audited source R_HI and mean-Sigma anchors; raw HI; no helium or frozen-distance normalization applied. Candidate only until final source-profile freeze. Supersedes overlay acquisition status 'vector_profile_candidate_recovered' for numerical availability; prior source family retained in provenance: Elson 2017 / WHISP (Butler et al. 2017 reconstruction sample) — Elson 2017 WHISP Appendix vector profile candidate: 50 exact vector vertices; physical axes reconstructed from audited source R_HI and mean-Sigma anchors; raw HI; no helium or frozen-distance normalization applied. Candidate only until final source-profile freeze. Supersedes overlay acquisition status 'vector_profile_candidate_recovered' for numerical availability; prior source family retained in provenance: Elson 2017 / WHISP (Butler et al. 2017 reconstruction sample) — Elson 2017 WHISP Appendix vector profile candidate: 50 exact vector vertices; physical axes reconstructed from audited source R_HI and mean-Sigma anchors; raw HI; no helium or frozen-distance normalization applied. Candidate only until final source-profile freeze. Supersedes overlay acquisition status 'vector_profile_candidate_recovered' for numerical availability; prior source family retained in provenance: Elson 2017 / WHISP (Butler et al. 2017 reconstruction sample) — Elson 2017 WHISP Appendix vector profile candidate: 50 exact vector vertices; physical axes reconstructed from audited source R_HI and mean-Sigma anchors; raw HI; no helium or frozen-distance normalization applied. Candidate only until final source-profile freeze. Supersedes overlay acquisition status 'vector_profile_candidate_recovered' for numerical availability; prior source family retained in provenance: Elson 2017 / WHISP (Butler et al. 2017 reconstruction sample) — Elson 2017 WHISP Appendix vector profile candidate: 50 exact vector vertices; physical axes reconstructed from audited source R_HI and mean-Sigma anchors; raw HI; no helium or frozen-distance normalization applied. Candidate only until final source-profile freeze. Supersedes overlay acquisition status 'vector_profile_candidate_recovered' for numerical availability; prior source family retained in provenance: Elson 2017 / WHISP (Butler et al. 2017 reconstruction sample) — Elson 2017 WHISP Appendix vector profile candidate: 50 exact vector vertices; physical axes reconstructed from audited source R_HI and mean-Sigma anchors; raw HI; no helium or frozen-distance normalization applied. Candidate only until final source-profile freeze. Supersedes overlay acquisition status 'vector_profile_candidate_recovered' for numerical availability; prior source family retained in provenance: Elson 2017 / WHISP (Butler et al. 2017 reconstruction sample) — Elson 2017 WHISP Appendix vector profile candidate: 50 exact vector vertices; physical axes reconstructed from audited source R_HI and mean-Sigma anchors; raw HI; no helium or frozen-distance normalization applied. Candidate only until final source-profile freeze. Supersedes overlay acquisition status 'vector_profile_candidate_recovered' for numerical availability; prior source family retained in provenance: Elson 2017 / WHISP (Butler et al. 2017 reconstruction sample) — Elson 2017 WHISP Appendix vector profile candidate: 50 exact vector vertices; physical axes reconstructed from audited source R_HI and mean-Sigma anchors; raw HI; no helium or frozen-distance normalization applied. Candidate only until final source-profile freeze. Supersedes overlay acquisition status 'vector_profile_candidate_recovered' for numerical availability; prior source family retained in provenance: Elson 2017 / WHISP (Butler et al. 2017 reconstruction sample) — Elson 2017 WHISP Appendix vector profile candidate: 50 exact vector vertices; physical axes reconstructed from audited source R_HI and mean-Sigma anchors; raw HI; no helium or frozen-distance normalization applied. Candidate only until final source-profile freeze. Supersedes overlay acquisition status 'vector_profile_candidate_recovered' for numerical availability; prior source family retained in provenance: Elson 2017 / WHISP (Butler et al. 2017 reconstruction sample) — Elson 2017 WHISP Appendix vector profile candidate: 50 exact vector vertices; physical axes reconstructed from audited source R_HI and mean-Sigma anchors; raw HI; no helium or frozen-distance normalization applied. Candidate only until final source-profile freeze. Supersedes overlay acquisition status 'vector_profile_candidate_recovered' for numerical availability; prior source family retained in provenance: Elson 2017 / WHISP (Butler et al. 2017 reconstruction sample) — Elson 2017 WHISP Appendix vector profile candidate: 50 exact vector vertices; physical axes reconstructed from audited source R_HI and mean-Sigma anchors; raw HI; no helium or frozen-distance normalization applied. Candidate only until final source-profile freeze. Supersedes overlay acquisition status 'vector_profile_candidate_recovered' for numerical availability; prior source family retained in provenance: Elson 2017 / WHISP (Butler et al. 2017 reconstruction sample) — Elson 2017 WHISP Appendix vector profile candidate: 50 exact vector vertices; physical axes reconstructed from audited source R_HI and mean-Sigma anchors; raw HI; no helium or frozen-distance normalization applied. Candidate only until final source-profile freeze. Supersedes overlay acquisition status 'vector_profile_candidate_recovered' for numerical availability; prior source family retained in provenance: Elson 2017 / WHISP (Butler et al. 2017 reconstruction sample) — Elson 2017 WHISP Appendix vector profile candidate: 50 exact vector vertices; physical axes reconstructed from audited source R_HI and mean-Sigma anchors; raw HI; no helium or frozen-distance normalization applied. Candidate only until final source-profile freeze. Supersedes overlay acquisition status 'vector_profile_candidate_recovered' for numerical availability; prior source family retained in provenance: Elson 2017 / WHISP (Butler et al. 2017 reconstruction sample) — Elson 2017 WHISP Appendix vector profile candidate: 50 exact vector vertices; physical axes reconstructed from audited source R_HI and mean-Sigma anchors; raw HI; no helium or frozen-distance normalization applied. Candidate only until final source-profile freeze. Supersedes overlay acquisition status 'vector_profile_candidate_recovered' for numerical availability; prior source family retained in provenance: Elson 2017 / WHISP (Butler et al. 2017 reconstruction sample) — Elson 2017 WHISP Appendix vector profile candidate: 50 exact vector vertices; physical axes reconstructed from audited source R_HI and mean-Sigma anchors; raw HI; no helium or frozen-distance normalization applied. Candidate only until final source-profile freeze. Supersedes overlay acquisition status 'vector_profile_candidate_recovered' for numerical availability; prior source family retained in provenance: Elson 2017 / WHISP (Butler et al. 2017 reconstruction sample) — Elson 2017 WHISP Appendix vector profile candidate: 50 exact vector vertices; physical axes reconstructed from audited source R_HI and mean-Sigma anchors; raw HI; no helium or frozen-distance normalization applied. Candidate only until final source-profile freeze. Supersedes overlay acquisition status 'vector_profile_candidate_recovered' for numerical availability; prior source family retained in provenance: Elson 2017 / WHISP (Butler et al. 2017 reconstruction sample) — Elson 2017 WHISP Appendix vector profile candidate: 50 exact vector vertices; physical axes reconstructed from audited source R_HI and mean-Sigma anchors; raw HI; no helium or frozen-distance normalization applied. Candidate only until final source-profile freeze.
UGC04483,calibration,254e17dbe22eb8371384e3c7f301f9936181b99384518e772be861567e4e896f,1,1,available_nonpublic_request_required,0,0,SPARC_azimuthally_averaged_HI_profile_private_compilation,0,1,"Profile reported available in the 169-galaxy SPARC HI compilation, but no public download verified; acquisition from authors/original literature required before ingestion.",1,Lelli et al. 2012b (Le14 upstream),raw_source_profile_ingested,10,inclination-corrected azimuthally averaged HI surface density; whole-galaxy Figure 6 dot series,helium not applied; source profile is HI surface density,1,data/stationary/source_reconstruction/lelli2012b_ugc4483_hi_profile_v1.csv,"UGC4483 whole-galaxy radial HI profile recovered from source-native gnuplot CircleF calls in Lelli et al. 2012b Fig. 6. Ten monotonic data calls; one non-monotonic CircleF legend call excluded. Native kpc/arcsec/Sigma_HI axes decoded from EPS. No raster digitization, profile fitting, or helium correction."
UGC04499,calibration,254e17dbe22eb8371384e3c7f301f9936181b99384518e772be861567e4e896f,1,1,available_nonpublic_request_required,0,0,SPARC_azimuthally_averaged_HI_profile_private_compilation,0,1,"Profile reported available in the 169-galaxy SPARC HI compilation, but no public download verified; acquisition from authors/original literature required before ingestion.",1,Elson 2017 / WHISP (Butler et al. 2017 reconstruction sample),vector_profile_candidate_recovered,50,raw HI surface density candidate from published vector curve,helium not applied; Elson mass accounting applies helium downstream,1,data/stationary/source_reconstruction/elson2017_whisp_vector_profiles_candidate_v1.csv,Elson 2017 WHISP Appendix vector profile candidate: 50 exact vector vertices; physical axes reconstructed from audited source R_HI and mean-Sigma anchors; raw HI; no helium or frozen-distance normalization applied. Candidate only until final source-profile freeze. Supersedes overlay acquisition status 'vector_profile_candidate_recovered' for numerical availability; prior source family retained in provenance: Elson 2017 / WHISP (Butler et al. 2017 reconstruction sample) — Elson 2017 WHISP Appendix vector profile candidate: 50 exact vector vertices; physical axes reconstructed from audited source R_HI and mean-Sigma anchors; raw HI; no helium or frozen-distance normalization applied. Candidate only until final source-profile freeze. Supersedes overlay acquisition status 'vector_profile_candidate_recovered' for numerical availability; prior source family retained in provenance: Elson 2017 / WHISP (Butler et al. 2017 reconstruction sample) — Elson 2017 WHISP Appendix vector profile candidate: 50 exact vector vertices; physical axes reconstructed from audited source R_HI and mean-Sigma anchors; raw HI; no helium or frozen-distance normalization applied. Candidate only until final source-profile freeze. Supersedes overlay acquisition status 'vector_profile_candidate_recovered' for numerical availability; prior source family retained in provenance: Elson 2017 / WHISP (Butler et al. 2017 reconstruction sample) — Elson 2017 WHISP Appendix vector profile candidate: 50 exact vector vertices; physical axes reconstructed from audited source R_HI and mean-Sigma anchors; raw HI; no helium or frozen-distance normalization applied. Candidate only until final source-profile freeze. Supersedes overlay acquisition status 'vector_profile_candidate_recovered' for numerical availability; prior source family retained in provenance: Elson 2017 / WHISP (Butler et al. 2017 reconstruction sample) — Elson 2017 WHISP Appendix vector profile candidate: 50 exact vector vertices; physical axes reconstructed from audited source R_HI and mean-Sigma anchors; raw HI; no helium or frozen-distance normalization applied. Candidate only until final source-profile freeze. Supersedes overlay acquisition status 'vector_profile_candidate_recovered' for numerical availability; prior source family retained in provenance: Elson 2017 / WHISP (Butler et al. 2017 reconstruction sample) — Elson 2017 WHISP Appendix vector profile candidate: 50 exact vector vertices; physical axes reconstructed from audited source R_HI and mean-Sigma anchors; raw HI; no helium or frozen-distance normalization applied. Candidate only until final source-profile freeze. Supersedes overlay acquisition status 'vector_profile_candidate_recovered' for numerical availability; prior source family retained in provenance: Elson 2017 / WHISP (Butler et al. 2017 reconstruction sample) — Elson 2017 WHISP Appendix vector profile candidate: 50 exact vector vertices; physical axes reconstructed from audited source R_HI and mean-Sigma anchors; raw HI; no helium or frozen-distance normalization applied. Candidate only until final source-profile freeze. Supersedes overlay acquisition status 'vector_profile_candidate_recovered' for numerical availability; prior source family retained in provenance: Elson 2017 / WHISP (Butler et al. 2017 reconstruction sample) — Elson 2017 WHISP Appendix vector profile candidate: 50 exact vector vertices; physical axes reconstructed from audited source R_HI and mean-Sigma anchors; raw HI; no helium or frozen-distance normalization applied. Candidate only until final source-profile freeze. Supersedes overlay acquisition status 'vector_profile_candidate_recovered' for numerical availability; prior source family retained in provenance: Elson 2017 / WHISP (Butler et al. 2017 reconstruction sample) — Elson 2017 WHISP Appendix vector profile candidate: 50 exact vector vertices; physical axes reconstructed from audited source R_HI and mean-Sigma anchors; raw HI; no helium or frozen-distance normalization applied. Candidate only until final source-profile freeze. Supersedes overlay acquisition status 'vector_profile_candidate_recovered' for numerical availability; prior source family retained in provenance: Elson 2017 / WHISP (Butler et al. 2017 reconstruction sample) — Elson 2017 WHISP Appendix vector profile candidate: 50 exact vector vertices; physical axes reconstructed from audited source R_HI and mean-Sigma anchors; raw HI; no helium or frozen-distance normalization applied. Candidate only until final source-profile freeze. Supersedes overlay acquisition status 'vector_profile_candidate_recovered' for numerical availability; prior source family retained in provenance: Elson 2017 / WHISP (Butler et al. 2017 reconstruction sample) — Elson 2017 WHISP Appendix vector profile candidate: 50 exact vector vertices; physical axes reconstructed from audited source R_HI and mean-Sigma anchors; raw HI; no helium or frozen-distance normalization applied. Candidate only until final source-profile freeze. Supersedes overlay acquisition status 'vector_profile_candidate_recovered' for numerical availability; prior source family retained in provenance: Elson 2017 / WHISP (Butler et al. 2017 reconstruction sample) — Elson 2017 WHISP Appendix vector profile candidate: 50 exact vector vertices; physical axes reconstructed from audited source R_HI and mean-Sigma anchors; raw HI; no helium or frozen-distance normalization applied. Candidate only until final source-profile freeze. Supersedes overlay acquisition status 'vector_profile_candidate_recovered' for numerical availability; prior source family retained in provenance: Elson 2017 / WHISP (Butler et al. 2017 reconstruction sample) — Elson 2017 WHISP Appendix vector profile candidate: 50 exact vector vertices; physical axes reconstructed from audited source R_HI and mean-Sigma anchors; raw HI; no helium or frozen-distance normalization applied. Candidate only until final source-profile freeze. Supersedes overlay acquisition status 'vector_profile_candidate_recovered' for numerical availability; prior source family retained in provenance: Elson 2017 / WHISP (Butler et al. 2017 reconstruction sample) — Elson 2017 WHISP Appendix vector profile candidate: 50 exact vector vertices; physical axes reconstructed from audited source R_HI and mean-Sigma anchors; raw HI; no helium or frozen-distance normalization applied. Candidate only until final source-profile freeze. Supersedes overlay acquisition status 'vector_profile_candidate_recovered' for numerical availability; prior source family retained in provenance: Elson 2017 / WHISP (Butler et al. 2017 reconstruction sample) — Elson 2017 WHISP Appendix vector profile candidate: 50 exact vector vertices; physical axes reconstructed from audited source R_HI and mean-Sigma anchors; raw HI; no helium or frozen-distance normalization applied. Candidate only until final source-profile freeze. Supersedes overlay acquisition status 'vector_profile_candidate_recovered' for numerical availability; prior source family retained in provenance: Elson 2017 / WHISP (Butler et al. 2017 reconstruction sample) — Elson 2017 WHISP Appendix vector profile candidate: 50 exact vector vertices; physical axes reconstructed from audited source R_HI and mean-Sigma anchors; raw HI; no helium or frozen-distance normalization applied. Candidate only until final source-profile freeze. Supersedes overlay acquisition status 'vector_profile_candidate_recovered' for numerical availability; prior source family retained in provenance: Elson 2017 / WHISP (Butler et al. 2017 reconstruction sample) — Elson 2017 WHISP Appendix vector profile candidate: 50 exact vector vertices; physical axes reconstructed from audited source R_HI and mean-Sigma anchors; raw HI; no helium or frozen-distance normalization applied. Candidate only until final source-profile freeze. Supersedes overlay acquisition status 'vector_profile_candidate_recovered' for numerical availability; prior source family retained in provenance: Elson 2017 / WHISP (Butler et al. 2017 reconstruction sample) — Elson 2017 WHISP Appendix vector profile candidate: 50 exact vector vertices; physical axes reconstructed from audited source R_HI and mean-Sigma anchors; raw HI; no helium or frozen-distance normalization applied. Candidate only until final source-profile freeze. Supersedes overlay acquisition status 'vector_profile_candidate_recovered' for numerical availability; prior source family retained in provenance: Elson 2017 / WHISP (Butler et al. 2017 reconstruction sample) — Elson 2017 WHISP Appendix vector profile candidate: 50 exact vector vertices; physical axes reconstructed from audited source R_HI and mean-Sigma anchors; raw HI; no helium or frozen-distance normalization applied. Candidate only until final source-profile freeze. Supersedes overlay acquisition status 'vector_profile_candidate_recovered' for numerical availability; prior source family retained in provenance: Elson 2017 / WHISP (Butler et al. 2017 reconstruction sample) — Elson 2017 WHISP Appendix vector profile candidate: 50 exact vector vertices; physical axes reconstructed from audited source R_HI and mean-Sigma anchors; raw HI; no helium or frozen-distance normalization applied. Candidate only until final source-profile freeze. Supersedes overlay acquisition status 'vector_profile_candidate_recovered' for numerical availability; prior source family retained in provenance: Elson 2017 / WHISP (Butler et al. 2017 reconstruction sample) — Elson 2017 WHISP Appendix vector profile candidate: 50 exact vector vertices; physical axes reconstructed from audited source R_HI and mean-Sigma anchors; raw HI; no helium or frozen-distance normalization applied. Candidate only until final source-profile freeze. Supersedes overlay acquisition status 'vector_profile_candidate_recovered' for numerical availability; prior source family retained in provenance: Elson 2017 / WHISP (Butler et al. 2017 reconstruction sample) — Elson 2017 WHISP Appendix vector profile candidate: 50 exact vector vertices; physical axes reconstructed from audited source R_HI and mean-Sigma anchors; raw HI; no helium or frozen-distance normalization applied. Candidate only until final source-profile freeze.
UGC05005,calibration,254e17dbe22eb8371384e3c7f301f9936181b99384518e772be861567e4e896f,1,1,available_nonpublic_request_required,0,0,SPARC_azimuthally_averaged_HI_profile_private_compilation,0,1,"Profile reported available in the 169-galaxy SPARC HI compilation, but no public download verified; acquisition from authors/original literature required before ingestion.",0,,available_nonpublic_request_required,,,,0,,"Profile reported available in the 169-galaxy SPARC HI compilation, but no public download verified; acquisition from authors/original literature required before ingestion."
UGC05253,calibration,254e17dbe22eb8371384e3c7f301f9936181b99384518e772be861567e4e896f,1,1,available_nonpublic_request_required,0,0,SPARC_azimuthally_averaged_HI_profile_private_compilation,0,1,"Profile reported available in the 169-galaxy SPARC HI compilation, but no public download verified; acquisition from authors/original literature required before ingestion.",0,,available_nonpublic_request_required,,,,0,,"Profile reported available in the 169-galaxy SPARC HI compilation, but no public download verified; acquisition from authors/original literature required before ingestion."
UGC05414,calibration,254e17dbe22eb8371384e3c7f301f9936181b99384518e772be861567e4e896f,1,1,available_nonpublic_request_required,0,0,SPARC_azimuthally_averaged_HI_profile_private_compilation,0,1,"Profile reported available in the 169-galaxy SPARC HI compilation, but no public download verified; acquisition from authors/original literature required before ingestion.",1,Elson 2017 / WHISP (Butler et al. 2017 reconstruction sample),vector_profile_candidate_recovered,50,raw HI surface density candidate from published vector curve,helium not applied; Elson mass accounting applies helium downstream,1,data/stationary/source_reconstruction/elson2017_whisp_vector_profiles_candidate_v1.csv,Elson 2017 WHISP Appendix vector profile candidate: 50 exact vector vertices; physical axes reconstructed from audited source R_HI and mean-Sigma anchors; raw HI; no helium or frozen-distance normalization applied. Candidate only until final source-profile freeze. Supersedes overlay acquisition status 'vector_profile_candidate_recovered' for numerical availability; prior source family retained in provenance: Elson 2017 / WHISP (Butler et al. 2017 reconstruction sample) — Elson 2017 WHISP Appendix vector profile candidate: 50 exact vector vertices; physical axes reconstructed from audited source R_HI and mean-Sigma anchors; raw HI; no helium or frozen-distance normalization applied. Candidate only until final source-profile freeze. Supersedes overlay acquisition status 'vector_profile_candidate_recovered' for numerical availability; prior source family retained in provenance: Elson 2017 / WHISP (Butler et al. 2017 reconstruction sample) — Elson 2017 WHISP Appendix vector profile candidate: 50 exact vector vertices; physical axes reconstructed from audited source R_HI and mean-Sigma anchors; raw HI; no helium or frozen-distance normalization applied. Candidate only until final source-profile freeze. Supersedes overlay acquisition status 'vector_profile_candidate_recovered' for numerical availability; prior source family retained in provenance: Elson 2017 / WHISP (Butler et al. 2017 reconstruction sample) — Elson 2017 WHISP Appendix vector profile candidate: 50 exact vector vertices; physical axes reconstructed from audited source R_HI and mean-Sigma anchors; raw HI; no helium or frozen-distance normalization applied. Candidate only until final source-profile freeze. Supersedes overlay acquisition status 'vector_profile_candidate_recovered' for numerical availability; prior source family retained in provenance: Elson 2017 / WHISP (Butler et al. 2017 reconstruction sample) — Elson 2017 WHISP Appendix vector profile candidate: 50 exact vector vertices; physical axes reconstructed from audited source R_HI and mean-Sigma anchors; raw HI; no helium or frozen-distance normalization applied. Candidate only until final source-profile freeze. Supersedes overlay acquisition status 'vector_profile_candidate_recovered' for numerical availability; prior source family retained in provenance: Elson 2017 / WHISP (Butler et al. 2017 reconstruction sample) — Elson 2017 WHISP Appendix vector profile candidate: 50 exact vector vertices; physical axes reconstructed from audited source R_HI and mean-Sigma anchors; raw HI; no helium or frozen-distance normalization applied. Candidate only until final source-profile freeze. Supersedes overlay acquisition status 'vector_profile_candidate_recovered' for numerical availability; prior source family retained in provenance: Elson 2017 / WHISP (Butler et al. 2017 reconstruction sample) — Elson 2017 WHISP Appendix vector profile candidate: 50 exact vector vertices; physical axes reconstructed from audited source R_HI and mean-Sigma anchors; raw HI; no helium or frozen-distance normalization applied. Candidate only until final source-profile freeze. Supersedes overlay acquisition status 'vector_profile_candidate_recovered' for numerical availability; prior source family retained in provenance: Elson 2017 / WHISP (Butler et al. 2017 reconstruction sample) — Elson 2017 WHISP Appendix vector profile candidate: 50 exact vector vertices; physical axes reconstructed from audited source R_HI and mean-Sigma anchors; raw HI; no helium or frozen-distance normalization applied. Candidate only until final source-profile freeze. Supersedes overlay acquisition status 'vector_profile_candidate_recovered' for numerical availability; prior source family retained in provenance: Elson 2017 / WHISP (Butler et al. 2017 reconstruction sample) — Elson 2017 WHISP Appendix vector profile candidate: 50 exact vector vertices; physical axes reconstructed from audited source R_HI and mean-Sigma anchors; raw HI; no helium or frozen-distance normalization applied. Candidate only until final source-profile freeze. Supersedes overlay acquisition status 'vector_profile_candidate_recovered' for numerical availability; prior source family retained in provenance: Elson 2017 / WHISP (Butler et al. 2017 reconstruction sample) — Elson 2017 WHISP Appendix vector profile candidate: 50 exact vector vertices; physical axes reconstructed from audited source R_HI and mean-Sigma anchors; raw HI; no helium or frozen-distance normalization applied. Candidate only until final source-profile freeze. Supersedes overlay acquisition status 'vector_profile_candidate_recovered' for numerical availability; prior source family retained in provenance: Elson 2017 / WHISP (Butler et al. 2017 reconstruction sample) — Elson 2017 WHISP Appendix vector profile candidate: 50 exact vector vertices; physical axes reconstructed from audited source R_HI and mean-Sigma anchors; raw HI; no helium or frozen-distance normalization applied. Candidate only until final source-profile freeze. Supersedes overlay acquisition status 'vector_profile_candidate_recovered' for numerical availability; prior source family retained in provenance: Elson 2017 / WHISP (Butler et al. 2017 reconstruction sample) — Elson 2017 WHISP Appendix vector profile candidate: 50 exact vector vertices; physical axes reconstructed from audited source R_HI and mean-Sigma anchors; raw HI; no helium or frozen-distance normalization applied. Candidate only until final source-profile freeze. Supersedes overlay acquisition status 'vector_profile_candidate_recovered' for numerical availability; prior source family retained in provenance: Elson 2017 / WHISP (Butler et al. 2017 reconstruction sample) — Elson 2017 WHISP Appendix vector profile candidate: 50 exact vector vertices; physical axes reconstructed from audited source R_HI and mean-Sigma anchors; raw HI; no helium or frozen-distance normalization applied. Candidate only until final source-profile freeze. Supersedes overlay acquisition status 'vector_profile_candidate_recovered' for numerical availability; prior source family retained in provenance: Elson 2017 / WHISP (Butler et al. 2017 reconstruction sample) — Elson 2017 WHISP Appendix vector profile candidate: 50 exact vector vertices; physical axes reconstructed from audited source R_HI and mean-Sigma anchors; raw HI; no helium or frozen-distance normalization applied. Candidate only until final source-profile freeze. Supersedes overlay acquisition status 'vector_profile_candidate_recovered' for numerical availability; prior source family retained in provenance: Elson 2017 / WHISP (Butler et al. 2017 reconstruction sample) — Elson 2017 WHISP Appendix vector profile candidate: 50 exact vector vertices; physical axes reconstructed from audited source R_HI and mean-Sigma anchors; raw HI; no helium or frozen-distance normalization applied. Candidate only until final source-profile freeze. Supersedes overlay acquisition status 'vector_profile_candidate_recovered' for numerical availability; prior source family retained in provenance: Elson 2017 / WHISP (Butler et al. 2017 reconstruction sample) — Elson 2017 WHISP Appendix vector profile candidate: 50 exact vector vertices; physical axes reconstructed from audited source R_HI and mean-Sigma anchors; raw HI; no helium or frozen-distance normalization applied. Candidate only until final source-profile freeze. Supersedes overlay acquisition status 'vector_profile_candidate_recovered' for numerical availability; prior source family retained in provenance: Elson 2017 / WHISP (Butler et al. 2017 reconstruction sample) — Elson 2017 WHISP Appendix vector profile candidate: 50 exact vector vertices; physical axes reconstructed from audited source R_HI and mean-Sigma anchors; raw HI; no helium or frozen-distance normalization applied. Candidate only until final source-profile freeze. Supersedes overlay acquisition status 'vector_profile_candidate_recovered' for numerical availability; prior source family retained in provenance: Elson 2017 / WHISP (Butler et al. 2017 reconstruction sample) — Elson 2017 WHISP Appendix vector profile candidate: 50 exact vector vertices; physical axes reconstructed from audited source R_HI and mean-Sigma anchors; raw HI; no helium or frozen-distance normalization applied. Candidate only until final source-profile freeze. Supersedes overlay acquisition status 'vector_profile_candidate_recovered' for numerical availability; prior source family retained in provenance: Elson 2017 / WHISP (Butler et al. 2017 reconstruction sample) — Elson 2017 WHISP Appendix vector profile candidate: 50 exact vector vertices; physical axes reconstructed from audited source R_HI and mean-Sigma anchors; raw HI; no helium or frozen-distance normalization applied. Candidate only until final source-profile freeze. Supersedes overlay acquisition status 'vector_profile_candidate_recovered' for numerical availability; prior source family retained in provenance: Elson 2017 / WHISP (Butler et al. 2017 reconstruction sample) — Elson 2017 WHISP Appendix vector profile candidate: 50 exact vector vertices; physical axes reconstructed from audited source R_HI and mean-Sigma anchors; raw HI; no helium or frozen-distance normalization applied. Candidate only until final source-profile freeze. Supersedes overlay acquisition status 'vector_profile_candidate_recovered' for numerical availability; prior source family retained in provenance: Elson 2017 / WHISP (Butler et al. 2017 reconstruction sample) — Elson 2017 WHISP Appendix vector profile candidate: 50 exact vector vertices; physical axes reconstructed from audited source R_HI and mean-Sigma anchors; raw HI; no helium or frozen-distance normalization applied. Candidate only until final source-profile freeze. Supersedes overlay acquisition status 'vector_profile_candidate_recovered' for numerical availability; prior source family retained in provenance: Elson 2017 / WHISP (Butler et al. 2017 reconstruction sample) — Elson 2017 WHISP Appendix vector profile candidate: 50 exact vector vertices; physical axes reconstructed from audited source R_HI and mean-Sigma anchors; raw HI; no helium or frozen-distance normalization applied. Candidate only until final source-profile freeze.
UGC05716,blind,254e17dbe22eb8371384e3c7f301f9936181b99384518e772be861567e4e896f,1,1,available_nonpublic_request_required,0,0,SPARC_azimuthally_averaged_HI_profile_private_compilation,0,1,"Profile reported available in the 169-galaxy SPARC HI compilation, but no public download verified; acquisition from authors/original literature required before ingestion.",1,van Zee et al. 1997,source_family_identified_numeric_pending,0,direct HI profile source family,primary profile convention pending,0,validation/stationary/VANZEE1997_PROFILE_AUDIT_V1.md,Frozen overlap from LSBDG subset; original numerical profile still pending.
UGC05721,blind,254e17dbe22eb8371384e3c7f301f9936181b99384518e772be861567e4e896f,1,1,available_nonpublic_request_required,0,0,SPARC_azimuthally_averaged_HI_profile_private_compilation,0,1,"Profile reported available in the 169-galaxy SPARC HI compilation, but no public download verified; acquisition from authors/original literature required before ingestion.",1,Elson 2017 / WHISP (Butler et al. 2017 reconstruction sample),vector_profile_candidate_recovered,50,raw HI surface density candidate from published vector curve,helium not applied; Elson mass accounting applies helium downstream,1,data/stationary/source_reconstruction/elson2017_whisp_vector_profiles_candidate_v1.csv,Elson 2017 WHISP Appendix vector profile candidate: 50 exact vector vertices; physical axes reconstructed from audited source R_HI and mean-Sigma anchors; raw HI; no helium or frozen-distance normalization applied. Candidate only until final source-profile freeze. Supersedes overlay acquisition status 'vector_profile_candidate_recovered' for numerical availability; prior source family retained in provenance: Elson 2017 / WHISP (Butler et al. 2017 reconstruction sample) — Elson 2017 WHISP Appendix vector profile candidate: 50 exact vector vertices; physical axes reconstructed from audited source R_HI and mean-Sigma anchors; raw HI; no helium or frozen-distance normalization applied. Candidate only until final source-profile freeze. Supersedes overlay acquisition status 'vector_profile_candidate_recovered' for numerical availability; prior source family retained in provenance: Elson 2017 / WHISP (Butler et al. 2017 reconstruction sample) — Elson 2017 WHISP Appendix vector profile candidate: 50 exact vector vertices; physical axes reconstructed from audited source R_HI and mean-Sigma anchors; raw HI; no helium or frozen-distance normalization applied. Candidate only until final source-profile freeze. Supersedes overlay acquisition status 'vector_profile_candidate_recovered' for numerical availability; prior source family retained in provenance: Elson 2017 / WHISP (Butler et al. 2017 reconstruction sample) — Elson 2017 WHISP Appendix vector profile candidate: 50 exact vector vertices; physical axes reconstructed from audited source R_HI and mean-Sigma anchors; raw HI; no helium or frozen-distance normalization applied. Candidate only until final source-profile freeze. Supersedes overlay acquisition status 'vector_profile_candidate_recovered' for numerical availability; prior source family retained in provenance: Elson 2017 / WHISP (Butler et al. 2017 reconstruction sample) — Elson 2017 WHISP Appendix vector profile candidate: 50 exact vector vertices; physical axes reconstructed from audited source R_HI and mean-Sigma anchors; raw HI; no helium or frozen-distance normalization applied. Candidate only until final source-profile freeze. Supersedes overlay acquisition status 'vector_profile_candidate_recovered' for numerical availability; prior source family retained in provenance: Elson 2017 / WHISP (Butler et al. 2017 reconstruction sample) — Elson 2017 WHISP Appendix vector profile candidate: 50 exact vector vertices; physical axes reconstructed from audited source R_HI and mean-Sigma anchors; raw HI; no helium or frozen-distance normalization applied. Candidate only until final source-profile freeze. Supersedes overlay acquisition status 'vector_profile_candidate_recovered' for numerical availability; prior source family retained in provenance: Elson 2017 / WHISP (Butler et al. 2017 reconstruction sample) — Elson 2017 WHISP Appendix vector profile candidate: 50 exact vector vertices; physical axes reconstructed from audited source R_HI and mean-Sigma anchors; raw HI; no helium or frozen-distance normalization applied. Candidate only until final source-profile freeze. Supersedes overlay acquisition status 'vector_profile_candidate_recovered' for numerical availability; prior source family retained in provenance: Elson 2017 / WHISP (Butler et al. 2017 reconstruction sample) — Elson 2017 WHISP Appendix vector profile candidate: 50 exact vector vertices; physical axes reconstructed from audited source R_HI and mean-Sigma anchors; raw HI; no helium or frozen-distance normalization applied. Candidate only until final source-profile freeze. Supersedes overlay acquisition status 'vector_profile_candidate_recovered' for numerical availability; prior source family retained in provenance: Elson 2017 / WHISP (Butler et al. 2017 reconstruction sample) — Elson 2017 WHISP Appendix vector profile candidate: 50 exact vector vertices; physical axes reconstructed from audited source R_HI and mean-Sigma anchors; raw HI; no helium or frozen-distance normalization applied. Candidate only until final source-profile freeze. Supersedes overlay acquisition status 'vector_profile_candidate_recovered' for numerical availability; prior source family retained in provenance: Elson 2017 / WHISP (Butler et al. 2017 reconstruction sample) — Elson 2017 WHISP Appendix vector profile candidate: 50 exact vector vertices; physical axes reconstructed from audited source R_HI and mean-Sigma anchors; raw HI; no helium or frozen-distance normalization applied. Candidate only until final source-profile freeze. Supersedes overlay acquisition status 'vector_profile_candidate_recovered' for numerical availability; prior source family retained in provenance: Elson 2017 / WHISP (Butler et al. 2017 reconstruction sample) — Elson 2017 WHISP Appendix vector profile candidate: 50 exact vector vertices; physical axes reconstructed from audited source R_HI and mean-Sigma anchors; raw HI; no helium or frozen-distance normalization applied. Candidate only until final source-profile freeze. Supersedes overlay acquisition status 'vector_profile_candidate_recovered' for numerical availability; prior source family retained in provenance: Elson 2017 / WHISP (Butler et al. 2017 reconstruction sample) — Elson 2017 WHISP Appendix vector profile candidate: 50 exact vector vertices; physical axes reconstructed from audited source R_HI and mean-Sigma anchors; raw HI; no helium or frozen-distance normalization applied. Candidate only until final source-profile freeze. Supersedes overlay acquisition status 'vector_profile_candidate_recovered' for numerical availability; prior source family retained in provenance: Elson 2017 / WHISP (Butler et al. 2017 reconstruction sample) — Elson 2017 WHISP Appendix vector profile candidate: 50 exact vector vertices; physical axes reconstructed from audited source R_HI and mean-Sigma anchors; raw HI; no helium or frozen-distance normalization applied. Candidate only until final source-profile freeze. Supersedes overlay acquisition status 'vector_profile_candidate_recovered' for numerical availability; prior source family retained in provenance: Elson 2017 / WHISP (Butler et al. 2017 reconstruction sample) — Elson 2017 WHISP Appendix vector profile candidate: 50 exact vector vertices; physical axes reconstructed from audited source R_HI and mean-Sigma anchors; raw HI; no helium or frozen-distance normalization applied. Candidate only until final source-profile freeze. Supersedes overlay acquisition status 'vector_profile_candidate_recovered' for numerical availability; prior source family retained in provenance: Elson 2017 / WHISP (Butler et al. 2017 reconstruction sample) — Elson 2017 WHISP Appendix vector profile candidate: 50 exact vector vertices; physical axes reconstructed from audited source R_HI and mean-Sigma anchors; raw HI; no helium or frozen-distance normalization applied. Candidate only until final source-profile freeze. Supersedes overlay acquisition status 'vector_profile_candidate_recovered' for numerical availability; prior source family retained in provenance: Elson 2017 / WHISP (Butler et al. 2017 reconstruction sample) — Elson 2017 WHISP Appendix vector profile candidate: 50 exact vector vertices; physical axes reconstructed from audited source R_HI and mean-Sigma anchors; raw HI; no helium or frozen-distance normalization applied. Candidate only until final source-profile freeze. Supersedes overlay acquisition status 'vector_profile_candidate_recovered' for numerical availability; prior source family retained in provenance: Elson 2017 / WHISP (Butler et al. 2017 reconstruction sample) — Elson 2017 WHISP Appendix vector profile candidate: 50 exact vector vertices; physical axes reconstructed from audited source R_HI and mean-Sigma anchors; raw HI; no helium or frozen-distance normalization applied. Candidate only until final source-profile freeze. Supersedes overlay acquisition status 'vector_profile_candidate_recovered' for numerical availability; prior source family retained in provenance: Elson 2017 / WHISP (Butler et al. 2017 reconstruction sample) — Elson 2017 WHISP Appendix vector profile candidate: 50 exact vector vertices; physical axes reconstructed from audited source R_HI and mean-Sigma anchors; raw HI; no helium or frozen-distance normalization applied. Candidate only until final source-profile freeze. Supersedes overlay acquisition status 'vector_profile_candidate_recovered' for numerical availability; prior source family retained in provenance: Elson 2017 / WHISP (Butler et al. 2017 reconstruction sample) — Elson 2017 WHISP Appendix vector profile candidate: 50 exact vector vertices; physical axes reconstructed from audited source R_HI and mean-Sigma anchors; raw HI; no helium or frozen-distance normalization applied. Candidate only until final source-profile freeze. Supersedes overlay acquisition status 'vector_profile_candidate_recovered' for numerical availability; prior source family retained in provenance: Elson 2017 / WHISP (Butler et al. 2017 reconstruction sample) — Elson 2017 WHISP Appendix vector profile candidate: 50 exact vector vertices; physical axes reconstructed from audited source R_HI and mean-Sigma anchors; raw HI; no helium or frozen-distance normalization applied. Candidate only until final source-profile freeze. Supersedes overlay acquisition status 'vector_profile_candidate_recovered' for numerical availability; prior source family retained in provenance: Elson 2017 / WHISP (Butler et al. 2017 reconstruction sample) — Elson 2017 WHISP Appendix vector profile candidate: 50 exact vector vertices; physical axes reconstructed from audited source R_HI and mean-Sigma anchors; raw HI; no helium or frozen-distance normalization applied. Candidate only until final source-profile freeze. Supersedes overlay acquisition status 'vector_profile_candidate_recovered' for numerical availability; prior source family retained in provenance: Elson 2017 / WHISP (Butler et al. 2017 reconstruction sample) — Elson 2017 WHISP Appendix vector profile candidate: 50 exact vector vertices; physical axes reconstructed from audited source R_HI and mean-Sigma anchors; raw HI; no helium or frozen-distance normalization applied. Candidate only until final source-profile freeze.
UGC05750,calibration,254e17dbe22eb8371384e3c7f301f9936181b99384518e772be861567e4e896f,1,1,available_nonpublic_request_required,0,0,SPARC_azimuthally_averaged_HI_profile_private_compilation,0,1,"Profile reported available in the 169-galaxy SPARC HI compilation, but no public download verified; acquisition from authors/original literature required before ingestion.",0,,available_nonpublic_request_required,,,,0,,"Profile reported available in the 169-galaxy SPARC HI compilation, but no public download verified; acquisition from authors/original literature required before ingestion."
UGC05764,calibration,254e17dbe22eb8371384e3c7f301f9936181b99384518e772be861567e4e896f,1,1,available_nonpublic_request_required,0,0,SPARC_azimuthally_averaged_HI_profile_private_compilation,0,1,"Profile reported available in the 169-galaxy SPARC HI compilation, but no public download verified; acquisition from authors/original literature required before ingestion.",1,van Zee et al. 1997,source_family_identified_numeric_pending,0,direct HI profile source family,primary profile convention pending,0,validation/stationary/VANZEE1997_PROFILE_AUDIT_V1.md,Frozen overlap from normal comparison subset; original numerical profile still pending.
UGC05829,blind,254e17dbe22eb8371384e3c7f301f9936181b99384518e772be861567e4e896f,1,1,available_nonpublic_request_required,0,0,SPARC_azimuthally_averaged_HI_profile_private_compilation,0,1,"Profile reported available in the 169-galaxy SPARC HI compilation, but no public download verified; acquisition from authors/original literature required before ingestion.",1,Elson 2017 / WHISP (Butler et al. 2017 reconstruction sample),vector_profile_candidate_recovered,50,raw HI surface density candidate from published vector curve,helium not applied; Elson mass accounting applies helium downstream,1,data/stationary/source_reconstruction/elson2017_whisp_vector_profiles_candidate_v1.csv,Elson 2017 WHISP Appendix vector profile candidate: 50 exact vector vertices; physical axes reconstructed from audited source R_HI and mean-Sigma anchors; raw HI; no helium or frozen-distance normalization applied. Candidate only until final source-profile freeze. Supersedes overlay acquisition status 'vector_profile_candidate_recovered' for numerical availability; prior source family retained in provenance: Elson 2017 / WHISP (Butler et al. 2017 reconstruction sample) — Elson 2017 WHISP Appendix vector profile candidate: 50 exact vector vertices; physical axes reconstructed from audited source R_HI and mean-Sigma anchors; raw HI; no helium or frozen-distance normalization applied. Candidate only until final source-profile freeze. Supersedes overlay acquisition status 'vector_profile_candidate_recovered' for numerical availability; prior source family retained in provenance: Elson 2017 / WHISP (Butler et al. 2017 reconstruction sample) — Elson 2017 WHISP Appendix vector profile candidate: 50 exact vector vertices; physical axes reconstructed from audited source R_HI and mean-Sigma anchors; raw HI; no helium or frozen-distance normalization applied. Candidate only until final source-profile freeze. Supersedes overlay acquisition status 'vector_profile_candidate_recovered' for numerical availability; prior source family retained in provenance: Elson 2017 / WHISP (Butler et al. 2017 reconstruction sample) — Elson 2017 WHISP Appendix vector profile candidate: 50 exact vector vertices; physical axes reconstructed from audited source R_HI and mean-Sigma anchors; raw HI; no helium or frozen-distance normalization applied. Candidate only until final source-profile freeze. Supersedes overlay acquisition status 'vector_profile_candidate_recovered' for numerical availability; prior source family retained in provenance: Elson 2017 / WHISP (Butler et al. 2017 reconstruction sample) — Elson 2017 WHISP Appendix vector profile candidate: 50 exact vector vertices; physical axes reconstructed from audited source R_HI and mean-Sigma anchors; raw HI; no helium or frozen-distance normalization applied. Candidate only until final source-profile freeze. Supersedes overlay acquisition status 'vector_profile_candidate_recovered' for numerical availability; prior source family retained in provenance: Elson 2017 / WHISP (Butler et al. 2017 reconstruction sample) — Elson 2017 WHISP Appendix vector profile candidate: 50 exact vector vertices; physical axes reconstructed from audited source R_HI and mean-Sigma anchors; raw HI; no helium or frozen-distance normalization applied. Candidate only until final source-profile freeze. Supersedes overlay acquisition status 'vector_profile_candidate_recovered' for numerical availability; prior source family retained in provenance: Elson 2017 / WHISP (Butler et al. 2017 reconstruction sample) — Elson 2017 WHISP Appendix vector profile candidate: 50 exact vector vertices; physical axes reconstructed from audited source R_HI and mean-Sigma anchors; raw HI; no helium or frozen-distance normalization applied. Candidate only until final source-profile freeze. Supersedes overlay acquisition status 'vector_profile_candidate_recovered' for numerical availability; prior source family retained in provenance: Elson 2017 / WHISP (Butler et al. 2017 reconstruction sample) — Elson 2017 WHISP Appendix vector profile candidate: 50 exact vector vertices; physical axes reconstructed from audited source R_HI and mean-Sigma anchors; raw HI; no helium or frozen-distance normalization applied. Candidate only until final source-profile freeze. Supersedes overlay acquisition status 'vector_profile_candidate_recovered' for numerical availability; prior source family retained in provenance: Elson 2017 / WHISP (Butler et al. 2017 reconstruction sample) — Elson 2017 WHISP Appendix vector profile candidate: 50 exact vector vertices; physical axes reconstructed from audited source R_HI and mean-Sigma anchors; raw HI; no helium or frozen-distance normalization applied. Candidate only until final source-profile freeze. Supersedes overlay acquisition status 'vector_profile_candidate_recovered' for numerical availability; prior source family retained in provenance: Elson 2017 / WHISP (Butler et al. 2017 reconstruction sample) — Elson 2017 WHISP Appendix vector profile candidate: 50 exact vector vertices; physical axes reconstructed from audited source R_HI and mean-Sigma anchors; raw HI; no helium or frozen-distance normalization applied. Candidate only until final source-profile freeze. Supersedes overlay acquisition status 'vector_profile_candidate_recovered' for numerical availability; prior source family retained in provenance: Elson 2017 / WHISP (Butler et al. 2017 reconstruction sample) — Elson 2017 WHISP Appendix vector profile candidate: 50 exact vector vertices; physical axes reconstructed from audited source R_HI and mean-Sigma anchors; raw HI; no helium or frozen-distance normalization applied. Candidate only until final source-profile freeze. Supersedes overlay acquisition status 'vector_profile_candidate_recovered' for numerical availability; prior source family retained in provenance: Elson 2017 / WHISP (Butler et al. 2017 reconstruction sample) — Elson 2017 WHISP Appendix vector profile candidate: 50 exact vector vertices; physical axes reconstructed from audited source R_HI and mean-Sigma anchors; raw HI; no helium or frozen-distance normalization applied. Candidate only until final source-profile freeze. Supersedes overlay acquisition status 'vector_profile_candidate_recovered' for numerical availability; prior source family retained in provenance: Elson 2017 / WHISP (Butler et al. 2017 reconstruction sample) — Elson 2017 WHISP Appendix vector profile candidate: 50 exact vector vertices; physical axes reconstructed from audited source R_HI and mean-Sigma anchors; raw HI; no helium or frozen-distance normalization applied. Candidate only until final source-profile freeze. Supersedes overlay acquisition status 'vector_profile_candidate_recovered' for numerical availability; prior source family retained in provenance: Elson 2017 / WHISP (Butler et al. 2017 reconstruction sample) — Elson 2017 WHISP Appendix vector profile candidate: 50 exact vector vertices; physical axes reconstructed from audited source R_HI and mean-Sigma anchors; raw HI; no helium or frozen-distance normalization applied. Candidate only until final source-profile freeze. Supersedes overlay acquisition status 'vector_profile_candidate_recovered' for numerical availability; prior source family retained in provenance: Elson 2017 / WHISP (Butler et al. 2017 reconstruction sample) — Elson 2017 WHISP Appendix vector profile candidate: 50 exact vector vertices; physical axes reconstructed from audited source R_HI and mean-Sigma anchors; raw HI; no helium or frozen-distance normalization applied. Candidate only until final source-profile freeze. Supersedes overlay acquisition status 'vector_profile_candidate_recovered' for numerical availability; prior source family retained in provenance: Elson 2017 / WHISP (Butler et al. 2017 reconstruction sample) — Elson 2017 WHISP Appendix vector profile candidate: 50 exact vector vertices; physical axes reconstructed from audited source R_HI and mean-Sigma anchors; raw HI; no helium or frozen-distance normalization applied. Candidate only until final source-profile freeze. Supersedes overlay acquisition status 'vector_profile_candidate_recovered' for numerical availability; prior source family retained in provenance: Elson 2017 / WHISP (Butler et al. 2017 reconstruction sample) — Elson 2017 WHISP Appendix vector profile candidate: 50 exact vector vertices; physical axes reconstructed from audited source R_HI and mean-Sigma anchors; raw HI; no helium or frozen-distance normalization applied. Candidate only until final source-profile freeze. Supersedes overlay acquisition status 'vector_profile_candidate_recovered' for numerical availability; prior source family retained in provenance: Elson 2017 / WHISP (Butler et al. 2017 reconstruction sample) — Elson 2017 WHISP Appendix vector profile candidate: 50 exact vector vertices; physical axes reconstructed from audited source R_HI and mean-Sigma anchors; raw HI; no helium or frozen-distance normalization applied. Candidate only until final source-profile freeze. Supersedes overlay acquisition status 'vector_profile_candidate_recovered' for numerical availability; prior source family retained in provenance: Elson 2017 / WHISP (Butler et al. 2017 reconstruction sample) — Elson 2017 WHISP Appendix vector profile candidate: 50 exact vector vertices; physical axes reconstructed from audited source R_HI and mean-Sigma anchors; raw HI; no helium or frozen-distance normalization applied. Candidate only until final source-profile freeze. Supersedes overlay acquisition status 'vector_profile_candidate_recovered' for numerical availability; prior source family retained in provenance: Elson 2017 / WHISP (Butler et al. 2017 reconstruction sample) — Elson 2017 WHISP Appendix vector profile candidate: 50 exact vector vertices; physical axes reconstructed from audited source R_HI and mean-Sigma anchors; raw HI; no helium or frozen-distance normalization applied. Candidate only until final source-profile freeze. Supersedes overlay acquisition status 'vector_profile_candidate_recovered' for numerical availability; prior source family retained in provenance: Elson 2017 / WHISP (Butler et al. 2017 reconstruction sample) — Elson 2017 WHISP Appendix vector profile candidate: 50 exact vector vertices; physical axes reconstructed from audited source R_HI and mean-Sigma anchors; raw HI; no helium or frozen-distance normalization applied. Candidate only until final source-profile freeze. Supersedes overlay acquisition status 'vector_profile_candidate_recovered' for numerical availability; prior source family retained in provenance: Elson 2017 / WHISP (Butler et al. 2017 reconstruction sample) — Elson 2017 WHISP Appendix vector profile candidate: 50 exact vector vertices; physical axes reconstructed from audited source R_HI and mean-Sigma anchors; raw HI; no helium or frozen-distance normalization applied. Candidate only until final source-profile freeze. Supersedes overlay acquisition status 'public_HI_map_confirmed_profile_pending' for numerical availability; prior source family retained in provenance: Taylor et al. 1994 — Corrected from false van Zee attribution. Public map source confirmed; reusable radial profile not yet recovered.
UGC05918,calibration,254e17dbe22eb8371384e3c7f301f9936181b99384518e772be861567e4e896f,1,1,available_nonpublic_request_required,0,0,SPARC_azimuthally_averaged_HI_profile_private_compilation,0,1,"Profile reported available in the 169-galaxy SPARC HI compilation, but no public download verified; acquisition from authors/original literature required before ingestion.",1,Iorio et al. 2017 / LITTLE THINGS,raw_source_profile_ingested,12,raw HI surface density,helium not included,1,data/stationary/source_reconstruction/iorio2017_ddo87_ddo126_hi_profiles_v1.csv,DDO87 = UGC05918. OUP online table ingested as 12 source rows spanning 0.43-5.17 kpc; Hunter 2021 Sersic model retained as independent analytic cross-check. Elson 2017 WHISP Appendix vector profile candidate: 50 exact vector vertices; physical axes reconstructed from audited source R_HI and mean-Sigma anchors; raw HI; no helium or frozen-distance normalization applied. Candidate only until final source-profile freeze. Retained as secondary QC; existing machine-readable/analytic source remains preferred.
UGC05986,blind,254e17dbe22eb8371384e3c7f301f9936181b99384518e772be861567e4e896f,1,1,available_nonpublic_request_required,0,0,SPARC_azimuthally_averaged_HI_profile_private_compilation,0,1,"Profile reported available in the 169-galaxy SPARC HI compilation, but no public download verified; acquisition from authors/original literature required before ingestion.",0,,available_nonpublic_request_required,,,,0,,"Profile reported available in the 169-galaxy SPARC HI compilation, but no public download verified; acquisition from authors/original literature required before ingestion."
UGC06399,calibration,254e17dbe22eb8371384e3c7f301f9936181b99384518e772be861567e4e896f,1,1,available_nonpublic_request_required,0,0,SPARC_azimuthally_averaged_HI_profile_private_compilation,0,1,"Profile reported available in the 169-galaxy SPARC HI compilation, but no public download verified; acquisition from authors/original literature required before ingestion.",0,,available_nonpublic_request_required,,,,0,,"Profile reported available in the 169-galaxy SPARC HI compilation, but no public download verified; acquisition from authors/original literature required before ingestion."
UGC06446,calibration,254e17dbe22eb8371384e3c7f301f9936181b99384518e772be861567e4e896f,1,1,available_nonpublic_request_required,0,0,SPARC_azimuthally_averaged_HI_profile_private_compilation,0,1,"Profile reported available in the 169-galaxy SPARC HI compilation, but no public download verified; acquisition from authors/original literature required before ingestion.",1,Elson 2017 / WHISP (Butler et al. 2017 reconstruction sample),vector_profile_candidate_recovered,50,raw HI surface density candidate from published vector curve,helium not applied; Elson mass accounting applies helium downstream,1,data/stationary/source_reconstruction/elson2017_whisp_vector_profiles_candidate_v1.csv,Elson 2017 WHISP Appendix vector profile candidate: 50 exact vector vertices; physical axes reconstructed from audited source R_HI and mean-Sigma anchors; raw HI; no helium or frozen-distance normalization applied. Candidate only until final source-profile freeze. Supersedes overlay acquisition status 'vector_profile_candidate_recovered' for numerical availability; prior source family retained in provenance: Elson 2017 / WHISP (Butler et al. 2017 reconstruction sample) — Elson 2017 WHISP Appendix vector profile candidate: 50 exact vector vertices; physical axes reconstructed from audited source R_HI and mean-Sigma anchors; raw HI; no helium or frozen-distance normalization applied. Candidate only until final source-profile freeze. Supersedes overlay acquisition status 'vector_profile_candidate_recovered' for numerical availability; prior source family retained in provenance: Elson 2017 / WHISP (Butler et al. 2017 reconstruction sample) — Elson 2017 WHISP Appendix vector profile candidate: 50 exact vector vertices; physical axes reconstructed from audited source R_HI and mean-Sigma anchors; raw HI; no helium or frozen-distance normalization applied. Candidate only until final source-profile freeze. Supersedes overlay acquisition status 'vector_profile_candidate_recovered' for numerical availability; prior source family retained in provenance: Elson 2017 / WHISP (Butler et al. 2017 reconstruction sample) — Elson 2017 WHISP Appendix vector profile candidate: 50 exact vector vertices; physical axes reconstructed from audited source R_HI and mean-Sigma anchors; raw HI; no helium or frozen-distance normalization applied. Candidate only until final source-profile freeze. Supersedes overlay acquisition status 'vector_profile_candidate_recovered' for numerical availability; prior source family retained in provenance: Elson 2017 / WHISP (Butler et al. 2017 reconstruction sample) — Elson 2017 WHISP Appendix vector profile candidate: 50 exact vector vertices; physical axes reconstructed from audited source R_HI and mean-Sigma anchors; raw HI; no helium or frozen-distance normalization applied. Candidate only until final source-profile freeze. Supersedes overlay acquisition status 'vector_profile_candidate_recovered' for numerical availability; prior source family retained in provenance: Elson 2017 / WHISP (Butler et al. 2017 reconstruction sample) — Elson 2017 WHISP Appendix vector profile candidate: 50 exact vector vertices; physical axes reconstructed from audited source R_HI and mean-Sigma anchors; raw HI; no helium or frozen-distance normalization applied. Candidate only until final source-profile freeze. Supersedes overlay acquisition status 'vector_profile_candidate_recovered' for numerical availability; prior source family retained in provenance: Elson 2017 / WHISP (Butler et al. 2017 reconstruction sample) — Elson 2017 WHISP Appendix vector profile candidate: 50 exact vector vertices; physical axes reconstructed from audited source R_HI and mean-Sigma anchors; raw HI; no helium or frozen-distance normalization applied. Candidate only until final source-profile freeze. Supersedes overlay acquisition status 'vector_profile_candidate_recovered' for numerical availability; prior source family retained in provenance: Elson 2017 / WHISP (Butler et al. 2017 reconstruction sample) — Elson 2017 WHISP Appendix vector profile candidate: 50 exact vector vertices; physical axes reconstructed from audited source R_HI and mean-Sigma anchors; raw HI; no helium or frozen-distance normalization applied. Candidate only until final source-profile freeze. Supersedes overlay acquisition status 'vector_profile_candidate_recovered' for numerical availability; prior source family retained in provenance: Elson 2017 / WHISP (Butler et al. 2017 reconstruction sample) — Elson 2017 WHISP Appendix vector profile candidate: 50 exact vector vertices; physical axes reconstructed from audited source R_HI and mean-Sigma anchors; raw HI; no helium or frozen-distance normalization applied. Candidate only until final source-profile freeze. Supersedes overlay acquisition status 'vector_profile_candidate_recovered' for numerical availability; prior source family retained in provenance: Elson 2017 / WHISP (Butler et al. 2017 reconstruction sample) — Elson 2017 WHISP Appendix vector profile candidate: 50 exact vector vertices; physical axes reconstructed from audited source R_HI and mean-Sigma anchors; raw HI; no helium or frozen-distance normalization applied. Candidate only until final source-profile freeze. Supersedes overlay acquisition status 'vector_profile_candidate_recovered' for numerical availability; prior source family retained in provenance: Elson 2017 / WHISP (Butler et al. 2017 reconstruction sample) — Elson 2017 WHISP Appendix vector profile candidate: 50 exact vector vertices; physical axes reconstructed from audited source R_HI and mean-Sigma anchors; raw HI; no helium or frozen-distance normalization applied. Candidate only until final source-profile freeze. Supersedes overlay acquisition status 'vector_profile_candidate_recovered' for numerical availability; prior source family retained in provenance: Elson 2017 / WHISP (Butler et al. 2017 reconstruction sample) — Elson 2017 WHISP Appendix vector profile candidate: 50 exact vector vertices; physical axes reconstructed from audited source R_HI and mean-Sigma anchors; raw HI; no helium or frozen-distance normalization applied. Candidate only until final source-profile freeze. Supersedes overlay acquisition status 'vector_profile_candidate_recovered' for numerical availability; prior source family retained in provenance: Elson 2017 / WHISP (Butler et al. 2017 reconstruction sample) — Elson 2017 WHISP Appendix vector profile candidate: 50 exact vector vertices; physical axes reconstructed from audited source R_HI and mean-Sigma anchors; raw HI; no helium or frozen-distance normalization applied. Candidate only until final source-profile freeze. Supersedes overlay acquisition status 'vector_profile_candidate_recovered' for numerical availability; prior source family retained in provenance: Elson 2017 / WHISP (Butler et al. 2017 reconstruction sample) — Elson 2017 WHISP Appendix vector profile candidate: 50 exact vector vertices; physical axes reconstructed from audited source R_HI and mean-Sigma anchors; raw HI; no helium or frozen-distance normalization applied. Candidate only until final source-profile freeze. Supersedes overlay acquisition status 'vector_profile_candidate_recovered' for numerical availability; prior source family retained in provenance: Elson 2017 / WHISP (Butler et al. 2017 reconstruction sample) — Elson 2017 WHISP Appendix vector profile candidate: 50 exact vector vertices; physical axes reconstructed from audited source R_HI and mean-Sigma anchors; raw HI; no helium or frozen-distance normalization applied. Candidate only until final source-profile freeze. Supersedes overlay acquisition status 'vector_profile_candidate_recovered' for numerical availability; prior source family retained in provenance: Elson 2017 / WHISP (Butler et al. 2017 reconstruction sample) — Elson 2017 WHISP Appendix vector profile candidate: 50 exact vector vertices; physical axes reconstructed from audited source R_HI and mean-Sigma anchors; raw HI; no helium or frozen-distance normalization applied. Candidate only until final source-profile freeze. Supersedes overlay acquisition status 'vector_profile_candidate_recovered' for numerical availability; prior source family retained in provenance: Elson 2017 / WHISP (Butler et al. 2017 reconstruction sample) — Elson 2017 WHISP Appendix vector profile candidate: 50 exact vector vertices; physical axes reconstructed from audited source R_HI and mean-Sigma anchors; raw HI; no helium or frozen-distance normalization applied. Candidate only until final source-profile freeze. Supersedes overlay acquisition status 'vector_profile_candidate_recovered' for numerical availability; prior source family retained in provenance: Elson 2017 / WHISP (Butler et al. 2017 reconstruction sample) — Elson 2017 WHISP Appendix vector profile candidate: 50 exact vector vertices; physical axes reconstructed from audited source R_HI and mean-Sigma anchors; raw HI; no helium or frozen-distance normalization applied. Candidate only until final source-profile freeze. Supersedes overlay acquisition status 'vector_profile_candidate_recovered' for numerical availability; prior source family retained in provenance: Elson 2017 / WHISP (Butler et al. 2017 reconstruction sample) — Elson 2017 WHISP Appendix vector profile candidate: 50 exact vector vertices; physical axes reconstructed from audited source R_HI and mean-Sigma anchors; raw HI; no helium or frozen-distance normalization applied. Candidate only until final source-profile freeze. Supersedes overlay acquisition status 'vector_profile_candidate_recovered' for numerical availability; prior source family retained in provenance: Elson 2017 / WHISP (Butler et al. 2017 reconstruction sample) — Elson 2017 WHISP Appendix vector profile candidate: 50 exact vector vertices; physical axes reconstructed from audited source R_HI and mean-Sigma anchors; raw HI; no helium or frozen-distance normalization applied. Candidate only until final source-profile freeze. Supersedes overlay acquisition status 'vector_profile_candidate_recovered' for numerical availability; prior source family retained in provenance: Elson 2017 / WHISP (Butler et al. 2017 reconstruction sample) — Elson 2017 WHISP Appendix vector profile candidate: 50 exact vector vertices; physical axes reconstructed from audited source R_HI and mean-Sigma anchors; raw HI; no helium or frozen-distance normalization applied. Candidate only until final source-profile freeze. Supersedes overlay acquisition status 'vector_profile_candidate_recovered' for numerical availability; prior source family retained in provenance: Elson 2017 / WHISP (Butler et al. 2017 reconstruction sample) — Elson 2017 WHISP Appendix vector profile candidate: 50 exact vector vertices; physical axes reconstructed from audited source R_HI and mean-Sigma anchors; raw HI; no helium or frozen-distance normalization applied. Candidate only until final source-profile freeze.
UGC06614,calibration,254e17dbe22eb8371384e3c7f301f9936181b99384518e772be861567e4e896f,1,1,available_nonpublic_request_required,0,0,SPARC_azimuthally_averaged_HI_profile_private_compilation,0,1,"Profile reported available in the 169-galaxy SPARC HI compilation, but no public download verified; acquisition from authors/original literature required before ingestion.",0,,available_nonpublic_request_required,,,,0,,"Profile reported available in the 169-galaxy SPARC HI compilation, but no public download verified; acquisition from authors/original literature required before ingestion."
UGC06667,calibration,254e17dbe22eb8371384e3c7f301f9936181b99384518e772be861567e4e896f,1,1,available_nonpublic_request_required,0,0,SPARC_azimuthally_averaged_HI_profile_private_compilation,0,1,"Profile reported available in the 169-galaxy SPARC HI compilation, but no public download verified; acquisition from authors/original literature required before ingestion.",0,,available_nonpublic_request_required,,,,0,,"Profile reported available in the 169-galaxy SPARC HI compilation, but no public download verified; acquisition from authors/original literature required before ingestion."
UGC06786,calibration,254e17dbe22eb8371384e3c7f301f9936181b99384518e772be861567e4e896f,1,1,available_nonpublic_request_required,0,0,SPARC_azimuthally_averaged_HI_profile_private_compilation,0,1,"Profile reported available in the 169-galaxy SPARC HI compilation, but no public download verified; acquisition from authors/original literature required before ingestion.",0,,available_nonpublic_request_required,,,,0,,"Profile reported available in the 169-galaxy SPARC HI compilation, but no public download verified; acquisition from authors/original literature required before ingestion."
UGC06787,calibration,254e17dbe22eb8371384e3c7f301f9936181b99384518e772be861567e4e896f,1,1,available_nonpublic_request_required,0,0,SPARC_azimuthally_averaged_HI_profile_private_compilation,0,1,"Profile reported available in the 169-galaxy SPARC HI compilation, but no public download verified; acquisition from authors/original literature required before ingestion.",0,,available_nonpublic_request_required,,,,0,,"Profile reported available in the 169-galaxy SPARC HI compilation, but no public download verified; acquisition from authors/original literature required before ingestion."
UGC06818,calibration,254e17dbe22eb8371384e3c7f301f9936181b99384518e772be861567e4e896f,1,1,available_nonpublic_request_required,0,0,SPARC_azimuthally_averaged_HI_profile_private_compilation,0,1,"Profile reported available in the 169-galaxy SPARC HI compilation, but no public download verified; acquisition from authors/original literature required before ingestion.",0,,available_nonpublic_request_required,,,,0,,"Profile reported available in the 169-galaxy SPARC HI compilation, but no public download verified; acquisition from authors/original literature required before ingestion."
UGC06917,calibration,254e17dbe22eb8371384e3c7f301f9936181b99384518e772be861567e4e896f,1,1,available_nonpublic_request_required,0,0,SPARC_azimuthally_averaged_HI_profile_private_compilation,0,1,"Profile reported available in the 169-galaxy SPARC HI compilation, but no public download verified; acquisition from authors/original literature required before ingestion.",0,,available_nonpublic_request_required,,,,0,,"Profile reported available in the 169-galaxy SPARC HI compilation, but no public download verified; acquisition from authors/original literature required before ingestion."
UGC06923,blind,254e17dbe22eb8371384e3c7f301f9936181b99384518e772be861567e4e896f,1,1,available_nonpublic_request_required,0,0,SPARC_azimuthally_averaged_HI_profile_private_compilation,0,1,"Profile reported available in the 169-galaxy SPARC HI compilation, but no public download verified; acquisition from authors/original literature required before ingestion.",0,,available_nonpublic_request_required,,,,0,,"Profile reported available in the 169-galaxy SPARC HI compilation, but no public download verified; acquisition from authors/original literature required before ingestion."
UGC06930,calibration,254e17dbe22eb8371384e3c7f301f9936181b99384518e772be861567e4e896f,1,1,available_nonpublic_request_required,0,0,SPARC_azimuthally_averaged_HI_profile_private_compilation,0,1,"Profile reported available in the 169-galaxy SPARC HI compilation, but no public download verified; acquisition from authors/original literature required before ingestion.",0,,available_nonpublic_request_required,,,,0,,"Profile reported available in the 169-galaxy SPARC HI compilation, but no public download verified; acquisition from authors/original literature required before ingestion."
UGC06983,calibration,254e17dbe22eb8371384e3c7f301f9936181b99384518e772be861567e4e896f,1,1,available_nonpublic_request_required,0,0,SPARC_azimuthally_averaged_HI_profile_private_compilation,0,1,"Profile reported available in the 169-galaxy SPARC HI compilation, but no public download verified; acquisition from authors/original literature required before ingestion.",0,,available_nonpublic_request_required,,,,0,,"Profile reported available in the 169-galaxy SPARC HI compilation, but no public download verified; acquisition from authors/original literature required before ingestion."
UGC07089,blind,254e17dbe22eb8371384e3c7f301f9936181b99384518e772be861567e4e896f,1,1,available_nonpublic_request_required,0,0,SPARC_azimuthally_averaged_HI_profile_private_compilation,0,1,"Profile reported available in the 169-galaxy SPARC HI compilation, but no public download verified; acquisition from authors/original literature required before ingestion.",0,,available_nonpublic_request_required,,,,0,,"Profile reported available in the 169-galaxy SPARC HI compilation, but no public download verified; acquisition from authors/original literature required before ingestion."
UGC07125,calibration,254e17dbe22eb8371384e3c7f301f9936181b99384518e772be861567e4e896f,1,1,available_nonpublic_request_required,0,0,SPARC_azimuthally_averaged_HI_profile_private_compilation,0,1,"Profile reported available in the 169-galaxy SPARC HI compilation, but no public download verified; acquisition from authors/original literature required before ingestion.",0,,available_nonpublic_request_required,,,,0,,"Profile reported available in the 169-galaxy SPARC HI compilation, but no public download verified; acquisition from authors/original literature required before ingestion."
UGC07151,blind,254e17dbe22eb8371384e3c7f301f9936181b99384518e772be861567e4e896f,1,1,available_nonpublic_request_required,0,0,SPARC_azimuthally_averaged_HI_profile_private_compilation,0,1,"Profile reported available in the 169-galaxy SPARC HI compilation, but no public download verified; acquisition from authors/original literature required before ingestion.",0,,available_nonpublic_request_required,,,,0,,"Profile reported available in the 169-galaxy SPARC HI compilation, but no public download verified; acquisition from authors/original literature required before ingestion."
UGC07261,calibration,254e17dbe22eb8371384e3c7f301f9936181b99384518e772be861567e4e896f,1,1,available_nonpublic_request_required,0,0,SPARC_azimuthally_averaged_HI_profile_private_compilation,0,1,"Profile reported available in the 169-galaxy SPARC HI compilation, but no public download verified; acquisition from authors/original literature required before ingestion.",1,Elson 2017 / WHISP (Butler et al. 2017 reconstruction sample),vector_profile_candidate_recovered,50,raw HI surface density candidate from published vector curve,helium not applied; Elson mass accounting applies helium downstream,1,data/stationary/source_reconstruction/elson2017_whisp_vector_profiles_candidate_v1.csv,Elson 2017 WHISP Appendix vector profile candidate: 50 exact vector vertices; physical axes reconstructed from audited source R_HI and mean-Sigma anchors; raw HI; no helium or frozen-distance normalization applied. Candidate only until final source-profile freeze. Supersedes overlay acquisition status 'vector_profile_candidate_recovered' for numerical availability; prior source family retained in provenance: Elson 2017 / WHISP (Butler et al. 2017 reconstruction sample) — Elson 2017 WHISP Appendix vector profile candidate: 50 exact vector vertices; physical axes reconstructed from audited source R_HI and mean-Sigma anchors; raw HI; no helium or frozen-distance normalization applied. Candidate only until final source-profile freeze. Supersedes overlay acquisition status 'vector_profile_candidate_recovered' for numerical availability; prior source family retained in provenance: Elson 2017 / WHISP (Butler et al. 2017 reconstruction sample) — Elson 2017 WHISP Appendix vector profile candidate: 50 exact vector vertices; physical axes reconstructed from audited source R_HI and mean-Sigma anchors; raw HI; no helium or frozen-distance normalization applied. Candidate only until final source-profile freeze. Supersedes overlay acquisition status 'vector_profile_candidate_recovered' for numerical availability; prior source family retained in provenance: Elson 2017 / WHISP (Butler et al. 2017 reconstruction sample) — Elson 2017 WHISP Appendix vector profile candidate: 50 exact vector vertices; physical axes reconstructed from audited source R_HI and mean-Sigma anchors; raw HI; no helium or frozen-distance normalization applied. Candidate only until final source-profile freeze. Supersedes overlay acquisition status 'vector_profile_candidate_recovered' for numerical availability; prior source family retained in provenance: Elson 2017 / WHISP (Butler et al. 2017 reconstruction sample) — Elson 2017 WHISP Appendix vector profile candidate: 50 exact vector vertices; physical axes reconstructed from audited source R_HI and mean-Sigma anchors; raw HI; no helium or frozen-distance normalization applied. Candidate only until final source-profile freeze. Supersedes overlay acquisition status 'vector_profile_candidate_recovered' for numerical availability; prior source family retained in provenance: Elson 2017 / WHISP (Butler et al. 2017 reconstruction sample) — Elson 2017 WHISP Appendix vector profile candidate: 50 exact vector vertices; physical axes reconstructed from audited source R_HI and mean-Sigma anchors; raw HI; no helium or frozen-distance normalization applied. Candidate only until final source-profile freeze. Supersedes overlay acquisition status 'vector_profile_candidate_recovered' for numerical availability; prior source family retained in provenance: Elson 2017 / WHISP (Butler et al. 2017 reconstruction sample) — Elson 2017 WHISP Appendix vector profile candidate: 50 exact vector vertices; physical axes reconstructed from audited source R_HI and mean-Sigma anchors; raw HI; no helium or frozen-distance normalization applied. Candidate only until final source-profile freeze. Supersedes overlay acquisition status 'vector_profile_candidate_recovered' for numerical availability; prior source family retained in provenance: Elson 2017 / WHISP (Butler et al. 2017 reconstruction sample) — Elson 2017 WHISP Appendix vector profile candidate: 50 exact vector vertices; physical axes reconstructed from audited source R_HI and mean-Sigma anchors; raw HI; no helium or frozen-distance normalization applied. Candidate only until final source-profile freeze. Supersedes overlay acquisition status 'vector_profile_candidate_recovered' for numerical availability; prior source family retained in provenance: Elson 2017 / WHISP (Butler et al. 2017 reconstruction sample) — Elson 2017 WHISP Appendix vector profile candidate: 50 exact vector vertices; physical axes reconstructed from audited source R_HI and mean-Sigma anchors; raw HI; no helium or frozen-distance normalization applied. Candidate only until final source-profile freeze. Supersedes overlay acquisition status 'vector_profile_candidate_recovered' for numerical availability; prior source family retained in provenance: Elson 2017 / WHISP (Butler et al. 2017 reconstruction sample) — Elson 2017 WHISP Appendix vector profile candidate: 50 exact vector vertices; physical axes reconstructed from audited source R_HI and mean-Sigma anchors; raw HI; no helium or frozen-distance normalization applied. Candidate only until final source-profile freeze. Supersedes overlay acquisition status 'vector_profile_candidate_recovered' for numerical availability; prior source family retained in provenance: Elson 2017 / WHISP (Butler et al. 2017 reconstruction sample) — Elson 2017 WHISP Appendix vector profile candidate: 50 exact vector vertices; physical axes reconstructed from audited source R_HI and mean-Sigma anchors; raw HI; no helium or frozen-distance normalization applied. Candidate only until final source-profile freeze. Supersedes overlay acquisition status 'vector_profile_candidate_recovered' for numerical availability; prior source family retained in provenance: Elson 2017 / WHISP (Butler et al. 2017 reconstruction sample) — Elson 2017 WHISP Appendix vector profile candidate: 50 exact vector vertices; physical axes reconstructed from audited source R_HI and mean-Sigma anchors; raw HI; no helium or frozen-distance normalization applied. Candidate only until final source-profile freeze. Supersedes overlay acquisition status 'vector_profile_candidate_recovered' for numerical availability; prior source family retained in provenance: Elson 2017 / WHISP (Butler et al. 2017 reconstruction sample) — Elson 2017 WHISP Appendix vector profile candidate: 50 exact vector vertices; physical axes reconstructed from audited source R_HI and mean-Sigma anchors; raw HI; no helium or frozen-distance normalization applied. Candidate only until final source-profile freeze. Supersedes overlay acquisition status 'vector_profile_candidate_recovered' for numerical availability; prior source family retained in provenance: Elson 2017 / WHISP (Butler et al. 2017 reconstruction sample) — Elson 2017 WHISP Appendix vector profile candidate: 50 exact vector vertices; physical axes reconstructed from audited source R_HI and mean-Sigma anchors; raw HI; no helium or frozen-distance normalization applied. Candidate only until final source-profile freeze. Supersedes overlay acquisition status 'vector_profile_candidate_recovered' for numerical availability; prior source family retained in provenance: Elson 2017 / WHISP (Butler et al. 2017 reconstruction sample) — Elson 2017 WHISP Appendix vector profile candidate: 50 exact vector vertices; physical axes reconstructed from audited source R_HI and mean-Sigma anchors; raw HI; no helium or frozen-distance normalization applied. Candidate only until final source-profile freeze. Supersedes overlay acquisition status 'vector_profile_candidate_recovered' for numerical availability; prior source family retained in provenance: Elson 2017 / WHISP (Butler et al. 2017 reconstruction sample) — Elson 2017 WHISP Appendix vector profile candidate: 50 exact vector vertices; physical axes reconstructed from audited source R_HI and mean-Sigma anchors; raw HI; no helium or frozen-distance normalization applied. Candidate only until final source-profile freeze. Supersedes overlay acquisition status 'vector_profile_candidate_recovered' for numerical availability; prior source family retained in provenance: Elson 2017 / WHISP (Butler et al. 2017 reconstruction sample) — Elson 2017 WHISP Appendix vector profile candidate: 50 exact vector vertices; physical axes reconstructed from audited source R_HI and mean-Sigma anchors; raw HI; no helium or frozen-distance normalization applied. Candidate only until final source-profile freeze. Supersedes overlay acquisition status 'vector_profile_candidate_recovered' for numerical availability; prior source family retained in provenance: Elson 2017 / WHISP (Butler et al. 2017 reconstruction sample) — Elson 2017 WHISP Appendix vector profile candidate: 50 exact vector vertices; physical axes reconstructed from audited source R_HI and mean-Sigma anchors; raw HI; no helium or frozen-distance normalization applied. Candidate only until final source-profile freeze. Supersedes overlay acquisition status 'vector_profile_candidate_recovered' for numerical availability; prior source family retained in provenance: Elson 2017 / WHISP (Butler et al. 2017 reconstruction sample) — Elson 2017 WHISP Appendix vector profile candidate: 50 exact vector vertices; physical axes reconstructed from audited source R_HI and mean-Sigma anchors; raw HI; no helium or frozen-distance normalization applied. Candidate only until final source-profile freeze. Supersedes overlay acquisition status 'vector_profile_candidate_recovered' for numerical availability; prior source family retained in provenance: Elson 2017 / WHISP (Butler et al. 2017 reconstruction sample) — Elson 2017 WHISP Appendix vector profile candidate: 50 exact vector vertices; physical axes reconstructed from audited source R_HI and mean-Sigma anchors; raw HI; no helium or frozen-distance normalization applied. Candidate only until final source-profile freeze. Supersedes overlay acquisition status 'vector_profile_candidate_recovered' for numerical availability; prior source family retained in provenance: Elson 2017 / WHISP (Butler et al. 2017 reconstruction sample) — Elson 2017 WHISP Appendix vector profile candidate: 50 exact vector vertices; physical axes reconstructed from audited source R_HI and mean-Sigma anchors; raw HI; no helium or frozen-distance normalization applied. Candidate only until final source-profile freeze. Supersedes overlay acquisition status 'vector_profile_candidate_recovered' for numerical availability; prior source family retained in provenance: Elson 2017 / WHISP (Butler et al. 2017 reconstruction sample) — Elson 2017 WHISP Appendix vector profile candidate: 50 exact vector vertices; physical axes reconstructed from audited source R_HI and mean-Sigma anchors; raw HI; no helium or frozen-distance normalization applied. Candidate only until final source-profile freeze.
UGC07323,calibration,254e17dbe22eb8371384e3c7f301f9936181b99384518e772be861567e4e896f,1,1,available_nonpublic_request_required,0,0,SPARC_azimuthally_averaged_HI_profile_private_compilation,0,1,"Profile reported available in the 169-galaxy SPARC HI compilation, but no public download verified; acquisition from authors/original literature required before ingestion.",1,Elson 2017 / WHISP (Butler et al. 2017 reconstruction sample),vector_profile_candidate_recovered,50,raw HI surface density candidate from published vector curve,helium not applied; Elson mass accounting applies helium downstream,1,data/stationary/source_reconstruction/elson2017_whisp_vector_profiles_candidate_v1.csv,Elson 2017 WHISP Appendix vector profile candidate: 50 exact vector vertices; physical axes reconstructed from audited source R_HI and mean-Sigma anchors; raw HI; no helium or frozen-distance normalization applied. Candidate only until final source-profile freeze. Supersedes overlay acquisition status 'vector_profile_candidate_recovered' for numerical availability; prior source family retained in provenance: Elson 2017 / WHISP (Butler et al. 2017 reconstruction sample) — Elson 2017 WHISP Appendix vector profile candidate: 50 exact vector vertices; physical axes reconstructed from audited source R_HI and mean-Sigma anchors; raw HI; no helium or frozen-distance normalization applied. Candidate only until final source-profile freeze. Supersedes overlay acquisition status 'vector_profile_candidate_recovered' for numerical availability; prior source family retained in provenance: Elson 2017 / WHISP (Butler et al. 2017 reconstruction sample) — Elson 2017 WHISP Appendix vector profile candidate: 50 exact vector vertices; physical axes reconstructed from audited source R_HI and mean-Sigma anchors; raw HI; no helium or frozen-distance normalization applied. Candidate only until final source-profile freeze. Supersedes overlay acquisition status 'vector_profile_candidate_recovered' for numerical availability; prior source family retained in provenance: Elson 2017 / WHISP (Butler et al. 2017 reconstruction sample) — Elson 2017 WHISP Appendix vector profile candidate: 50 exact vector vertices; physical axes reconstructed from audited source R_HI and mean-Sigma anchors; raw HI; no helium or frozen-distance normalization applied. Candidate only until final source-profile freeze. Supersedes overlay acquisition status 'vector_profile_candidate_recovered' for numerical availability; prior source family retained in provenance: Elson 2017 / WHISP (Butler et al. 2017 reconstruction sample) — Elson 2017 WHISP Appendix vector profile candidate: 50 exact vector vertices; physical axes reconstructed from audited source R_HI and mean-Sigma anchors; raw HI; no helium or frozen-distance normalization applied. Candidate only until final source-profile freeze. Supersedes overlay acquisition status 'vector_profile_candidate_recovered' for numerical availability; prior source family retained in provenance: Elson 2017 / WHISP (Butler et al. 2017 reconstruction sample) — Elson 2017 WHISP Appendix vector profile candidate: 50 exact vector vertices; physical axes reconstructed from audited source R_HI and mean-Sigma anchors; raw HI; no helium or frozen-distance normalization applied. Candidate only until final source-profile freeze. Supersedes overlay acquisition status 'vector_profile_candidate_recovered' for numerical availability; prior source family retained in provenance: Elson 2017 / WHISP (Butler et al. 2017 reconstruction sample) — Elson 2017 WHISP Appendix vector profile candidate: 50 exact vector vertices; physical axes reconstructed from audited source R_HI and mean-Sigma anchors; raw HI; no helium or frozen-distance normalization applied. Candidate only until final source-profile freeze. Supersedes overlay acquisition status 'vector_profile_candidate_recovered' for numerical availability; prior source family retained in provenance: Elson 2017 / WHISP (Butler et al. 2017 reconstruction sample) — Elson 2017 WHISP Appendix vector profile candidate: 50 exact vector vertices; physical axes reconstructed from audited source R_HI and mean-Sigma anchors; raw HI; no helium or frozen-distance normalization applied. Candidate only until final source-profile freeze. Supersedes overlay acquisition status 'vector_profile_candidate_recovered' for numerical availability; prior source family retained in provenance: Elson 2017 / WHISP (Butler et al. 2017 reconstruction sample) — Elson 2017 WHISP Appendix vector profile candidate: 50 exact vector vertices; physical axes reconstructed from audited source R_HI and mean-Sigma anchors; raw HI; no helium or frozen-distance normalization applied. Candidate only until final source-profile freeze. Supersedes overlay acquisition status 'vector_profile_candidate_recovered' for numerical availability; prior source family retained in provenance: Elson 2017 / WHISP (Butler et al. 2017 reconstruction sample) — Elson 2017 WHISP Appendix vector profile candidate: 50 exact vector vertices; physical axes reconstructed from audited source R_HI and mean-Sigma anchors; raw HI; no helium or frozen-distance normalization applied. Candidate only until final source-profile freeze. Supersedes overlay acquisition status 'vector_profile_candidate_recovered' for numerical availability; prior source family retained in provenance: Elson 2017 / WHISP (Butler et al. 2017 reconstruction sample) — Elson 2017 WHISP Appendix vector profile candidate: 50 exact vector vertices; physical axes reconstructed from audited source R_HI and mean-Sigma anchors; raw HI; no helium or frozen-distance normalization applied. Candidate only until final source-profile freeze. Supersedes overlay acquisition status 'vector_profile_candidate_recovered' for numerical availability; prior source family retained in provenance: Elson 2017 / WHISP (Butler et al. 2017 reconstruction sample) — Elson 2017 WHISP Appendix vector profile candidate: 50 exact vector vertices; physical axes reconstructed from audited source R_HI and mean-Sigma anchors; raw HI; no helium or frozen-distance normalization applied. Candidate only until final source-profile freeze. Supersedes overlay acquisition status 'vector_profile_candidate_recovered' for numerical availability; prior source family retained in provenance: Elson 2017 / WHISP (Butler et al. 2017 reconstruction sample) — Elson 2017 WHISP Appendix vector profile candidate: 50 exact vector vertices; physical axes reconstructed from audited source R_HI and mean-Sigma anchors; raw HI; no helium or frozen-distance normalization applied. Candidate only until final source-profile freeze. Supersedes overlay acquisition status 'vector_profile_candidate_recovered' for numerical availability; prior source family retained in provenance: Elson 2017 / WHISP (Butler et al. 2017 reconstruction sample) — Elson 2017 WHISP Appendix vector profile candidate: 50 exact vector vertices; physical axes reconstructed from audited source R_HI and mean-Sigma anchors; raw HI; no helium or frozen-distance normalization applied. Candidate only until final source-profile freeze. Supersedes overlay acquisition status 'vector_profile_candidate_recovered' for numerical availability; prior source family retained in provenance: Elson 2017 / WHISP (Butler et al. 2017 reconstruction sample) — Elson 2017 WHISP Appendix vector profile candidate: 50 exact vector vertices; physical axes reconstructed from audited source R_HI and mean-Sigma anchors; raw HI; no helium or frozen-distance normalization applied. Candidate only until final source-profile freeze. Supersedes overlay acquisition status 'vector_profile_candidate_recovered' for numerical availability; prior source family retained in provenance: Elson 2017 / WHISP (Butler et al. 2017 reconstruction sample) — Elson 2017 WHISP Appendix vector profile candidate: 50 exact vector vertices; physical axes reconstructed from audited source R_HI and mean-Sigma anchors; raw HI; no helium or frozen-distance normalization applied. Candidate only until final source-profile freeze. Supersedes overlay acquisition status 'vector_profile_candidate_recovered' for numerical availability; prior source family retained in provenance: Elson 2017 / WHISP (Butler et al. 2017 reconstruction sample) — Elson 2017 WHISP Appendix vector profile candidate: 50 exact vector vertices; physical axes reconstructed from audited source R_HI and mean-Sigma anchors; raw HI; no helium or frozen-distance normalization applied. Candidate only until final source-profile freeze. Supersedes overlay acquisition status 'vector_profile_candidate_recovered' for numerical availability; prior source family retained in provenance: Elson 2017 / WHISP (Butler et al. 2017 reconstruction sample) — Elson 2017 WHISP Appendix vector profile candidate: 50 exact vector vertices; physical axes reconstructed from audited source R_HI and mean-Sigma anchors; raw HI; no helium or frozen-distance normalization applied. Candidate only until final source-profile freeze. Supersedes overlay acquisition status 'vector_profile_candidate_recovered' for numerical availability; prior source family retained in provenance: Elson 2017 / WHISP (Butler et al. 2017 reconstruction sample) — Elson 2017 WHISP Appendix vector profile candidate: 50 exact vector vertices; physical axes reconstructed from audited source R_HI and mean-Sigma anchors; raw HI; no helium or frozen-distance normalization applied. Candidate only until final source-profile freeze. Supersedes overlay acquisition status 'vector_profile_candidate_recovered' for numerical availability; prior source family retained in provenance: Elson 2017 / WHISP (Butler et al. 2017 reconstruction sample) — Elson 2017 WHISP Appendix vector profile candidate: 50 exact vector vertices; physical axes reconstructed from audited source R_HI and mean-Sigma anchors; raw HI; no helium or frozen-distance normalization applied. Candidate only until final source-profile freeze. Supersedes overlay acquisition status 'vector_profile_candidate_recovered' for numerical availability; prior source family retained in provenance: Elson 2017 / WHISP (Butler et al. 2017 reconstruction sample) — Elson 2017 WHISP Appendix vector profile candidate: 50 exact vector vertices; physical axes reconstructed from audited source R_HI and mean-Sigma anchors; raw HI; no helium or frozen-distance normalization applied. Candidate only until final source-profile freeze. Supersedes overlay acquisition status 'vector_profile_candidate_recovered' for numerical availability; prior source family retained in provenance: Elson 2017 / WHISP (Butler et al. 2017 reconstruction sample) — Elson 2017 WHISP Appendix vector profile candidate: 50 exact vector vertices; physical axes reconstructed from audited source R_HI and mean-Sigma anchors; raw HI; no helium or frozen-distance normalization applied. Candidate only until final source-profile freeze.
UGC07399,calibration,254e17dbe22eb8371384e3c7f301f9936181b99384518e772be861567e4e896f,1,1,available_nonpublic_request_required,0,0,SPARC_azimuthally_averaged_HI_profile_private_compilation,0,1,"Profile reported available in the 169-galaxy SPARC HI compilation, but no public download verified; acquisition from authors/original literature required before ingestion.",1,Elson 2017 / WHISP (Butler et al. 2017 reconstruction sample),vector_profile_candidate_recovered,47,raw HI surface density candidate from published vector curve,helium not applied; Elson mass accounting applies helium downstream,1,data/stationary/source_reconstruction/elson2017_whisp_vector_profiles_candidate_v1.csv,Elson 2017 WHISP Appendix vector profile candidate: 47 exact vector vertices; physical axes reconstructed from audited source R_HI and mean-Sigma anchors; raw HI; no helium or frozen-distance normalization applied. Candidate only until final source-profile freeze. Supersedes overlay acquisition status 'vector_profile_candidate_recovered' for numerical availability; prior source family retained in provenance: Elson 2017 / WHISP (Butler et al. 2017 reconstruction sample) — Elson 2017 WHISP Appendix vector profile candidate: 47 exact vector vertices; physical axes reconstructed from audited source R_HI and mean-Sigma anchors; raw HI; no helium or frozen-distance normalization applied. Candidate only until final source-profile freeze. Supersedes overlay acquisition status 'vector_profile_candidate_recovered' for numerical availability; prior source family retained in provenance: Elson 2017 / WHISP (Butler et al. 2017 reconstruction sample) — Elson 2017 WHISP Appendix vector profile candidate: 47 exact vector vertices; physical axes reconstructed from audited source R_HI and mean-Sigma anchors; raw HI; no helium or frozen-distance normalization applied. Candidate only until final source-profile freeze. Supersedes overlay acquisition status 'vector_profile_candidate_recovered' for numerical availability; prior source family retained in provenance: Elson 2017 / WHISP (Butler et al. 2017 reconstruction sample) — Elson 2017 WHISP Appendix vector profile candidate: 47 exact vector vertices; physical axes reconstructed from audited source R_HI and mean-Sigma anchors; raw HI; no helium or frozen-distance normalization applied. Candidate only until final source-profile freeze. Supersedes overlay acquisition status 'vector_profile_candidate_recovered' for numerical availability; prior source family retained in provenance: Elson 2017 / WHISP (Butler et al. 2017 reconstruction sample) — Elson 2017 WHISP Appendix vector profile candidate: 47 exact vector vertices; physical axes reconstructed from audited source R_HI and mean-Sigma anchors; raw HI; no helium or frozen-distance normalization applied. Candidate only until final source-profile freeze. Supersedes overlay acquisition status 'vector_profile_candidate_recovered' for numerical availability; prior source family retained in provenance: Elson 2017 / WHISP (Butler et al. 2017 reconstruction sample) — Elson 2017 WHISP Appendix vector profile candidate: 47 exact vector vertices; physical axes reconstructed from audited source R_HI and mean-Sigma anchors; raw HI; no helium or frozen-distance normalization applied. Candidate only until final source-profile freeze. Supersedes overlay acquisition status 'vector_profile_candidate_recovered' for numerical availability; prior source family retained in provenance: Elson 2017 / WHISP (Butler et al. 2017 reconstruction sample) — Elson 2017 WHISP Appendix vector profile candidate: 47 exact vector vertices; physical axes reconstructed from audited source R_HI and mean-Sigma anchors; raw HI; no helium or frozen-distance normalization applied. Candidate only until final source-profile freeze. Supersedes overlay acquisition status 'vector_profile_candidate_recovered' for numerical availability; prior source family retained in provenance: Elson 2017 / WHISP (Butler et al. 2017 reconstruction sample) — Elson 2017 WHISP Appendix vector profile candidate: 47 exact vector vertices; physical axes reconstructed from audited source R_HI and mean-Sigma anchors; raw HI; no helium or frozen-distance normalization applied. Candidate only until final source-profile freeze. Supersedes overlay acquisition status 'vector_profile_candidate_recovered' for numerical availability; prior source family retained in provenance: Elson 2017 / WHISP (Butler et al. 2017 reconstruction sample) — Elson 2017 WHISP Appendix vector profile candidate: 47 exact vector vertices; physical axes reconstructed from audited source R_HI and mean-Sigma anchors; raw HI; no helium or frozen-distance normalization applied. Candidate only until final source-profile freeze. Supersedes overlay acquisition status 'vector_profile_candidate_recovered' for numerical availability; prior source family retained in provenance: Elson 2017 / WHISP (Butler et al. 2017 reconstruction sample) — Elson 2017 WHISP Appendix vector profile candidate: 47 exact vector vertices; physical axes reconstructed from audited source R_HI and mean-Sigma anchors; raw HI; no helium or frozen-distance normalization applied. Candidate only until final source-profile freeze. Supersedes overlay acquisition status 'vector_profile_candidate_recovered' for numerical availability; prior source family retained in provenance: Elson 2017 / WHISP (Butler et al. 2017 reconstruction sample) — Elson 2017 WHISP Appendix vector profile candidate: 47 exact vector vertices; physical axes reconstructed from audited source R_HI and mean-Sigma anchors; raw HI; no helium or frozen-distance normalization applied. Candidate only until final source-profile freeze. Supersedes overlay acquisition status 'vector_profile_candidate_recovered' for numerical availability; prior source family retained in provenance: Elson 2017 / WHISP (Butler et al. 2017 reconstruction sample) — Elson 2017 WHISP Appendix vector profile candidate: 47 exact vector vertices; physical axes reconstructed from audited source R_HI and mean-Sigma anchors; raw HI; no helium or frozen-distance normalization applied. Candidate only until final source-profile freeze. Supersedes overlay acquisition status 'vector_profile_candidate_recovered' for numerical availability; prior source family retained in provenance: Elson 2017 / WHISP (Butler et al. 2017 reconstruction sample) — Elson 2017 WHISP Appendix vector profile candidate: 47 exact vector vertices; physical axes reconstructed from audited source R_HI and mean-Sigma anchors; raw HI; no helium or frozen-distance normalization applied. Candidate only until final source-profile freeze. Supersedes overlay acquisition status 'vector_profile_candidate_recovered' for numerical availability; prior source family retained in provenance: Elson 2017 / WHISP (Butler et al. 2017 reconstruction sample) — Elson 2017 WHISP Appendix vector profile candidate: 47 exact vector vertices; physical axes reconstructed from audited source R_HI and mean-Sigma anchors; raw HI; no helium or frozen-distance normalization applied. Candidate only until final source-profile freeze. Supersedes overlay acquisition status 'vector_profile_candidate_recovered' for numerical availability; prior source family retained in provenance: Elson 2017 / WHISP (Butler et al. 2017 reconstruction sample) — Elson 2017 WHISP Appendix vector profile candidate: 47 exact vector vertices; physical axes reconstructed from audited source R_HI and mean-Sigma anchors; raw HI; no helium or frozen-distance normalization applied. Candidate only until final source-profile freeze. Supersedes overlay acquisition status 'vector_profile_candidate_recovered' for numerical availability; prior source family retained in provenance: Elson 2017 / WHISP (Butler et al. 2017 reconstruction sample) — Elson 2017 WHISP Appendix vector profile candidate: 47 exact vector vertices; physical axes reconstructed from audited source R_HI and mean-Sigma anchors; raw HI; no helium or frozen-distance normalization applied. Candidate only until final source-profile freeze. Supersedes overlay acquisition status 'vector_profile_candidate_recovered' for numerical availability; prior source family retained in provenance: Elson 2017 / WHISP (Butler et al. 2017 reconstruction sample) — Elson 2017 WHISP Appendix vector profile candidate: 47 exact vector vertices; physical axes reconstructed from audited source R_HI and mean-Sigma anchors; raw HI; no helium or frozen-distance normalization applied. Candidate only until final source-profile freeze. Supersedes overlay acquisition status 'vector_profile_candidate_recovered' for numerical availability; prior source family retained in provenance: Elson 2017 / WHISP (Butler et al. 2017 reconstruction sample) — Elson 2017 WHISP Appendix vector profile candidate: 47 exact vector vertices; physical axes reconstructed from audited source R_HI and mean-Sigma anchors; raw HI; no helium or frozen-distance normalization applied. Candidate only until final source-profile freeze. Supersedes overlay acquisition status 'vector_profile_candidate_recovered' for numerical availability; prior source family retained in provenance: Elson 2017 / WHISP (Butler et al. 2017 reconstruction sample) — Elson 2017 WHISP Appendix vector profile candidate: 47 exact vector vertices; physical axes reconstructed from audited source R_HI and mean-Sigma anchors; raw HI; no helium or frozen-distance normalization applied. Candidate only until final source-profile freeze. Supersedes overlay acquisition status 'vector_profile_candidate_recovered' for numerical availability; prior source family retained in provenance: Elson 2017 / WHISP (Butler et al. 2017 reconstruction sample) — Elson 2017 WHISP Appendix vector profile candidate: 47 exact vector vertices; physical axes reconstructed from audited source R_HI and mean-Sigma anchors; raw HI; no helium or frozen-distance normalization applied. Candidate only until final source-profile freeze. Supersedes overlay acquisition status 'vector_profile_candidate_recovered' for numerical availability; prior source family retained in provenance: Elson 2017 / WHISP (Butler et al. 2017 reconstruction sample) — Elson 2017 WHISP Appendix vector profile candidate: 47 exact vector vertices; physical axes reconstructed from audited source R_HI and mean-Sigma anchors; raw HI; no helium or frozen-distance normalization applied. Candidate only until final source-profile freeze. Supersedes overlay acquisition status 'vector_profile_candidate_recovered' for numerical availability; prior source family retained in provenance: Elson 2017 / WHISP (Butler et al. 2017 reconstruction sample) — Elson 2017 WHISP Appendix vector profile candidate: 47 exact vector vertices; physical axes reconstructed from audited source R_HI and mean-Sigma anchors; raw HI; no helium or frozen-distance normalization applied. Candidate only until final source-profile freeze.
UGC07524,calibration,254e17dbe22eb8371384e3c7f301f9936181b99384518e772be861567e4e896f,1,1,available_nonpublic_request_required,0,0,SPARC_azimuthally_averaged_HI_profile_private_compilation,0,1,"Profile reported available in the 169-galaxy SPARC HI compilation, but no public download verified; acquisition from authors/original literature required before ingestion.",1,Elson 2017 / WHISP (Butler et al. 2017 reconstruction sample),vector_profile_candidate_recovered,50,raw HI surface density candidate from published vector curve,helium not applied; Elson mass accounting applies helium downstream,1,data/stationary/source_reconstruction/elson2017_whisp_vector_profiles_candidate_v1.csv,Elson 2017 WHISP Appendix vector profile candidate: 50 exact vector vertices; physical axes reconstructed from audited source R_HI and mean-Sigma anchors; raw HI; no helium or frozen-distance normalization applied. Candidate only until final source-profile freeze. Supersedes overlay acquisition status 'vector_profile_candidate_recovered' for numerical availability; prior source family retained in provenance: Elson 2017 / WHISP (Butler et al. 2017 reconstruction sample) — Elson 2017 WHISP Appendix vector profile candidate: 50 exact vector vertices; physical axes reconstructed from audited source R_HI and mean-Sigma anchors; raw HI; no helium or frozen-distance normalization applied. Candidate only until final source-profile freeze. Supersedes overlay acquisition status 'vector_profile_candidate_recovered' for numerical availability; prior source family retained in provenance: Elson 2017 / WHISP (Butler et al. 2017 reconstruction sample) — Elson 2017 WHISP Appendix vector profile candidate: 50 exact vector vertices; physical axes reconstructed from audited source R_HI and mean-Sigma anchors; raw HI; no helium or frozen-distance normalization applied. Candidate only until final source-profile freeze. Supersedes overlay acquisition status 'vector_profile_candidate_recovered' for numerical availability; prior source family retained in provenance: Elson 2017 / WHISP (Butler et al. 2017 reconstruction sample) — Elson 2017 WHISP Appendix vector profile candidate: 50 exact vector vertices; physical axes reconstructed from audited source R_HI and mean-Sigma anchors; raw HI; no helium or frozen-distance normalization applied. Candidate only until final source-profile freeze. Supersedes overlay acquisition status 'vector_profile_candidate_recovered' for numerical availability; prior source family retained in provenance: Elson 2017 / WHISP (Butler et al. 2017 reconstruction sample) — Elson 2017 WHISP Appendix vector profile candidate: 50 exact vector vertices; physical axes reconstructed from audited source R_HI and mean-Sigma anchors; raw HI; no helium or frozen-distance normalization applied. Candidate only until final source-profile freeze. Supersedes overlay acquisition status 'vector_profile_candidate_recovered' for numerical availability; prior source family retained in provenance: Elson 2017 / WHISP (Butler et al. 2017 reconstruction sample) — Elson 2017 WHISP Appendix vector profile candidate: 50 exact vector vertices; physical axes reconstructed from audited source R_HI and mean-Sigma anchors; raw HI; no helium or frozen-distance normalization applied. Candidate only until final source-profile freeze. Supersedes overlay acquisition status 'vector_profile_candidate_recovered' for numerical availability; prior source family retained in provenance: Elson 2017 / WHISP (Butler et al. 2017 reconstruction sample) — Elson 2017 WHISP Appendix vector profile candidate: 50 exact vector vertices; physical axes reconstructed from audited source R_HI and mean-Sigma anchors; raw HI; no helium or frozen-distance normalization applied. Candidate only until final source-profile freeze. Supersedes overlay acquisition status 'vector_profile_candidate_recovered' for numerical availability; prior source family retained in provenance: Elson 2017 / WHISP (Butler et al. 2017 reconstruction sample) — Elson 2017 WHISP Appendix vector profile candidate: 50 exact vector vertices; physical axes reconstructed from audited source R_HI and mean-Sigma anchors; raw HI; no helium or frozen-distance normalization applied. Candidate only until final source-profile freeze. Supersedes overlay acquisition status 'vector_profile_candidate_recovered' for numerical availability; prior source family retained in provenance: Elson 2017 / WHISP (Butler et al. 2017 reconstruction sample) — Elson 2017 WHISP Appendix vector profile candidate: 50 exact vector vertices; physical axes reconstructed from audited source R_HI and mean-Sigma anchors; raw HI; no helium or frozen-distance normalization applied. Candidate only until final source-profile freeze. Supersedes overlay acquisition status 'vector_profile_candidate_recovered' for numerical availability; prior source family retained in provenance: Elson 2017 / WHISP (Butler et al. 2017 reconstruction sample) — Elson 2017 WHISP Appendix vector profile candidate: 50 exact vector vertices; physical axes reconstructed from audited source R_HI and mean-Sigma anchors; raw HI; no helium or frozen-distance normalization applied. Candidate only until final source-profile freeze. Supersedes overlay acquisition status 'vector_profile_candidate_recovered' for numerical availability; prior source family retained in provenance: Elson 2017 / WHISP (Butler et al. 2017 reconstruction sample) — Elson 2017 WHISP Appendix vector profile candidate: 50 exact vector vertices; physical axes reconstructed from audited source R_HI and mean-Sigma anchors; raw HI; no helium or frozen-distance normalization applied. Candidate only until final source-profile freeze. Supersedes overlay acquisition status 'vector_profile_candidate_recovered' for numerical availability; prior source family retained in provenance: Elson 2017 / WHISP (Butler et al. 2017 reconstruction sample) — Elson 2017 WHISP Appendix vector profile candidate: 50 exact vector vertices; physical axes reconstructed from audited source R_HI and mean-Sigma anchors; raw HI; no helium or frozen-distance normalization applied. Candidate only until final source-profile freeze. Supersedes overlay acquisition status 'vector_profile_candidate_recovered' for numerical availability; prior source family retained in provenance: Elson 2017 / WHISP (Butler et al. 2017 reconstruction sample) — Elson 2017 WHISP Appendix vector profile candidate: 50 exact vector vertices; physical axes reconstructed from audited source R_HI and mean-Sigma anchors; raw HI; no helium or frozen-distance normalization applied. Candidate only until final source-profile freeze. Supersedes overlay acquisition status 'vector_profile_candidate_recovered' for numerical availability; prior source family retained in provenance: Elson 2017 / WHISP (Butler et al. 2017 reconstruction sample) — Elson 2017 WHISP Appendix vector profile candidate: 50 exact vector vertices; physical axes reconstructed from audited source R_HI and mean-Sigma anchors; raw HI; no helium or frozen-distance normalization applied. Candidate only until final source-profile freeze. Supersedes overlay acquisition status 'vector_profile_candidate_recovered' for numerical availability; prior source family retained in provenance: Elson 2017 / WHISP (Butler et al. 2017 reconstruction sample) — Elson 2017 WHISP Appendix vector profile candidate: 50 exact vector vertices; physical axes reconstructed from audited source R_HI and mean-Sigma anchors; raw HI; no helium or frozen-distance normalization applied. Candidate only until final source-profile freeze. Supersedes overlay acquisition status 'vector_profile_candidate_recovered' for numerical availability; prior source family retained in provenance: Elson 2017 / WHISP (Butler et al. 2017 reconstruction sample) — Elson 2017 WHISP Appendix vector profile candidate: 50 exact vector vertices; physical axes reconstructed from audited source R_HI and mean-Sigma anchors; raw HI; no helium or frozen-distance normalization applied. Candidate only until final source-profile freeze. Supersedes overlay acquisition status 'vector_profile_candidate_recovered' for numerical availability; prior source family retained in provenance: Elson 2017 / WHISP (Butler et al. 2017 reconstruction sample) — Elson 2017 WHISP Appendix vector profile candidate: 50 exact vector vertices; physical axes reconstructed from audited source R_HI and mean-Sigma anchors; raw HI; no helium or frozen-distance normalization applied. Candidate only until final source-profile freeze. Supersedes overlay acquisition status 'vector_profile_candidate_recovered' for numerical availability; prior source family retained in provenance: Elson 2017 / WHISP (Butler et al. 2017 reconstruction sample) — Elson 2017 WHISP Appendix vector profile candidate: 50 exact vector vertices; physical axes reconstructed from audited source R_HI and mean-Sigma anchors; raw HI; no helium or frozen-distance normalization applied. Candidate only until final source-profile freeze. Supersedes overlay acquisition status 'vector_profile_candidate_recovered' for numerical availability; prior source family retained in provenance: Elson 2017 / WHISP (Butler et al. 2017 reconstruction sample) — Elson 2017 WHISP Appendix vector profile candidate: 50 exact vector vertices; physical axes reconstructed from audited source R_HI and mean-Sigma anchors; raw HI; no helium or frozen-distance normalization applied. Candidate only until final source-profile freeze. Supersedes overlay acquisition status 'vector_profile_candidate_recovered' for numerical availability; prior source family retained in provenance: Elson 2017 / WHISP (Butler et al. 2017 reconstruction sample) — Elson 2017 WHISP Appendix vector profile candidate: 50 exact vector vertices; physical axes reconstructed from audited source R_HI and mean-Sigma anchors; raw HI; no helium or frozen-distance normalization applied. Candidate only until final source-profile freeze. Supersedes overlay acquisition status 'vector_profile_candidate_recovered' for numerical availability; prior source family retained in provenance: Elson 2017 / WHISP (Butler et al. 2017 reconstruction sample) — Elson 2017 WHISP Appendix vector profile candidate: 50 exact vector vertices; physical axes reconstructed from audited source R_HI and mean-Sigma anchors; raw HI; no helium or frozen-distance normalization applied. Candidate only until final source-profile freeze. Supersedes overlay acquisition status 'vector_profile_candidate_recovered' for numerical availability; prior source family retained in provenance: Elson 2017 / WHISP (Butler et al. 2017 reconstruction sample) — Elson 2017 WHISP Appendix vector profile candidate: 50 exact vector vertices; physical axes reconstructed from audited source R_HI and mean-Sigma anchors; raw HI; no helium or frozen-distance normalization applied. Candidate only until final source-profile freeze.
UGC07559,calibration,254e17dbe22eb8371384e3c7f301f9936181b99384518e772be861567e4e896f,1,1,available_nonpublic_request_required,0,0,SPARC_azimuthally_averaged_HI_profile_private_compilation,0,1,"Profile reported available in the 169-galaxy SPARC HI compilation, but no public download verified; acquisition from authors/original literature required before ingestion.",1,Iorio et al. 2017 / LITTLE THINGS,raw_source_profile_ingested,13,raw HI surface density,helium not included,1,data/stationary/source_reconstruction/iorio2017_ddo87_ddo126_hi_profiles_v1.csv,DDO126 = UGC07559. OUP online table ingested as 13 source rows spanning 0.48-3.33 kpc; Hunter 2021 Sersic model retained as independent analytic cross-check. Elson 2017 WHISP Appendix vector profile candidate: 50 exact vector vertices; physical axes reconstructed from audited source R_HI and mean-Sigma anchors; raw HI; no helium or frozen-distance normalization applied. Candidate only until final source-profile freeze. Retained as secondary QC; existing machine-readable/analytic source remains preferred.
UGC07577,calibration,254e17dbe22eb8371384e3c7f301f9936181b99384518e772be861567e4e896f,1,1,available_nonpublic_request_required,0,0,SPARC_azimuthally_averaged_HI_profile_private_compilation,0,1,"Profile reported available in the 169-galaxy SPARC HI compilation, but no public download verified; acquisition from authors/original literature required before ingestion.",0,,available_nonpublic_request_required,,,,0,,"Profile reported available in the 169-galaxy SPARC HI compilation, but no public download verified; acquisition from authors/original literature required before ingestion."
UGC07603,calibration,254e17dbe22eb8371384e3c7f301f9936181b99384518e772be861567e4e896f,1,1,available_nonpublic_request_required,0,0,SPARC_azimuthally_averaged_HI_profile_private_compilation,0,1,"Profile reported available in the 169-galaxy SPARC HI compilation, but no public download verified; acquisition from authors/original literature required before ingestion.",0,,available_nonpublic_request_required,,,,0,,"Profile reported available in the 169-galaxy SPARC HI compilation, but no public download verified; acquisition from authors/original literature required before ingestion."
UGC07690,calibration,254e17dbe22eb8371384e3c7f301f9936181b99384518e772be861567e4e896f,1,1,available_nonpublic_request_required,0,0,SPARC_azimuthally_averaged_HI_profile_private_compilation,0,1,"Profile reported available in the 169-galaxy SPARC HI compilation, but no public download verified; acquisition from authors/original literature required before ingestion.",1,Elson 2017 / WHISP (Butler et al. 2017 reconstruction sample),vector_profile_candidate_recovered,50,raw HI surface density candidate from published vector curve,helium not applied; Elson mass accounting applies helium downstream,1,data/stationary/source_reconstruction/elson2017_whisp_vector_profiles_candidate_v1.csv,Elson 2017 WHISP Appendix vector profile candidate: 50 exact vector vertices; physical axes reconstructed from audited source R_HI and mean-Sigma anchors; raw HI; no helium or frozen-distance normalization applied. Candidate only until final source-profile freeze. Supersedes overlay acquisition status 'vector_profile_candidate_recovered' for numerical availability; prior source family retained in provenance: Elson 2017 / WHISP (Butler et al. 2017 reconstruction sample) — Elson 2017 WHISP Appendix vector profile candidate: 50 exact vector vertices; physical axes reconstructed from audited source R_HI and mean-Sigma anchors; raw HI; no helium or frozen-distance normalization applied. Candidate only until final source-profile freeze. Supersedes overlay acquisition status 'vector_profile_candidate_recovered' for numerical availability; prior source family retained in provenance: Elson 2017 / WHISP (Butler et al. 2017 reconstruction sample) — Elson 2017 WHISP Appendix vector profile candidate: 50 exact vector vertices; physical axes reconstructed from audited source R_HI and mean-Sigma anchors; raw HI; no helium or frozen-distance normalization applied. Candidate only until final source-profile freeze. Supersedes overlay acquisition status 'vector_profile_candidate_recovered' for numerical availability; prior source family retained in provenance: Elson 2017 / WHISP (Butler et al. 2017 reconstruction sample) — Elson 2017 WHISP Appendix vector profile candidate: 50 exact vector vertices; physical axes reconstructed from audited source R_HI and mean-Sigma anchors; raw HI; no helium or frozen-distance normalization applied. Candidate only until final source-profile freeze. Supersedes overlay acquisition status 'vector_profile_candidate_recovered' for numerical availability; prior source family retained in provenance: Elson 2017 / WHISP (Butler et al. 2017 reconstruction sample) — Elson 2017 WHISP Appendix vector profile candidate: 50 exact vector vertices; physical axes reconstructed from audited source R_HI and mean-Sigma anchors; raw HI; no helium or frozen-distance normalization applied. Candidate only until final source-profile freeze. Supersedes overlay acquisition status 'vector_profile_candidate_recovered' for numerical availability; prior source family retained in provenance: Elson 2017 / WHISP (Butler et al. 2017 reconstruction sample) — Elson 2017 WHISP Appendix vector profile candidate: 50 exact vector vertices; physical axes reconstructed from audited source R_HI and mean-Sigma anchors; raw HI; no helium or frozen-distance normalization applied. Candidate only until final source-profile freeze. Supersedes overlay acquisition status 'vector_profile_candidate_recovered' for numerical availability; prior source family retained in provenance: Elson 2017 / WHISP (Butler et al. 2017 reconstruction sample) — Elson 2017 WHISP Appendix vector profile candidate: 50 exact vector vertices; physical axes reconstructed from audited source R_HI and mean-Sigma anchors; raw HI; no helium or frozen-distance normalization applied. Candidate only until final source-profile freeze. Supersedes overlay acquisition status 'vector_profile_candidate_recovered' for numerical availability; prior source family retained in provenance: Elson 2017 / WHISP (Butler et al. 2017 reconstruction sample) — Elson 2017 WHISP Appendix vector profile candidate: 50 exact vector vertices; physical axes reconstructed from audited source R_HI and mean-Sigma anchors; raw HI; no helium or frozen-distance normalization applied. Candidate only until final source-profile freeze. Supersedes overlay acquisition status 'vector_profile_candidate_recovered' for numerical availability; prior source family retained in provenance: Elson 2017 / WHISP (Butler et al. 2017 reconstruction sample) — Elson 2017 WHISP Appendix vector profile candidate: 50 exact vector vertices; physical axes reconstructed from audited source R_HI and mean-Sigma anchors; raw HI; no helium or frozen-distance normalization applied. Candidate only until final source-profile freeze. Supersedes overlay acquisition status 'vector_profile_candidate_recovered' for numerical availability; prior source family retained in provenance: Elson 2017 / WHISP (Butler et al. 2017 reconstruction sample) — Elson 2017 WHISP Appendix vector profile candidate: 50 exact vector vertices; physical axes reconstructed from audited source R_HI and mean-Sigma anchors; raw HI; no helium or frozen-distance normalization applied. Candidate only until final source-profile freeze. Supersedes overlay acquisition status 'vector_profile_candidate_recovered' for numerical availability; prior source family retained in provenance: Elson 2017 / WHISP (Butler et al. 2017 reconstruction sample) — Elson 2017 WHISP Appendix vector profile candidate: 50 exact vector vertices; physical axes reconstructed from audited source R_HI and mean-Sigma anchors; raw HI; no helium or frozen-distance normalization applied. Candidate only until final source-profile freeze. Supersedes overlay acquisition status 'vector_profile_candidate_recovered' for numerical availability; prior source family retained in provenance: Elson 2017 / WHISP (Butler et al. 2017 reconstruction sample) — Elson 2017 WHISP Appendix vector profile candidate: 50 exact vector vertices; physical axes reconstructed from audited source R_HI and mean-Sigma anchors; raw HI; no helium or frozen-distance normalization applied. Candidate only until final source-profile freeze. Supersedes overlay acquisition status 'vector_profile_candidate_recovered' for numerical availability; prior source family retained in provenance: Elson 2017 / WHISP (Butler et al. 2017 reconstruction sample) — Elson 2017 WHISP Appendix vector profile candidate: 50 exact vector vertices; physical axes reconstructed from audited source R_HI and mean-Sigma anchors; raw HI; no helium or frozen-distance normalization applied. Candidate only until final source-profile freeze. Supersedes overlay acquisition status 'vector_profile_candidate_recovered' for numerical availability; prior source family retained in provenance: Elson 2017 / WHISP (Butler et al. 2017 reconstruction sample) — Elson 2017 WHISP Appendix vector profile candidate: 50 exact vector vertices; physical axes reconstructed from audited source R_HI and mean-Sigma anchors; raw HI; no helium or frozen-distance normalization applied. Candidate only until final source-profile freeze. Supersedes overlay acquisition status 'vector_profile_candidate_recovered' for numerical availability; prior source family retained in provenance: Elson 2017 / WHISP (Butler et al. 2017 reconstruction sample) — Elson 2017 WHISP Appendix vector profile candidate: 50 exact vector vertices; physical axes reconstructed from audited source R_HI and mean-Sigma anchors; raw HI; no helium or frozen-distance normalization applied. Candidate only until final source-profile freeze. Supersedes overlay acquisition status 'vector_profile_candidate_recovered' for numerical availability; prior source family retained in provenance: Elson 2017 / WHISP (Butler et al. 2017 reconstruction sample) — Elson 2017 WHISP Appendix vector profile candidate: 50 exact vector vertices; physical axes reconstructed from audited source R_HI and mean-Sigma anchors; raw HI; no helium or frozen-distance normalization applied. Candidate only until final source-profile freeze. Supersedes overlay acquisition status 'vector_profile_candidate_recovered' for numerical availability; prior source family retained in provenance: Elson 2017 / WHISP (Butler et al. 2017 reconstruction sample) — Elson 2017 WHISP Appendix vector profile candidate: 50 exact vector vertices; physical axes reconstructed from audited source R_HI and mean-Sigma anchors; raw HI; no helium or frozen-distance normalization applied. Candidate only until final source-profile freeze. Supersedes overlay acquisition status 'vector_profile_candidate_recovered' for numerical availability; prior source family retained in provenance: Elson 2017 / WHISP (Butler et al. 2017 reconstruction sample) — Elson 2017 WHISP Appendix vector profile candidate: 50 exact vector vertices; physical axes reconstructed from audited source R_HI and mean-Sigma anchors; raw HI; no helium or frozen-distance normalization applied. Candidate only until final source-profile freeze. Supersedes overlay acquisition status 'vector_profile_candidate_recovered' for numerical availability; prior source family retained in provenance: Elson 2017 / WHISP (Butler et al. 2017 reconstruction sample) — Elson 2017 WHISP Appendix vector profile candidate: 50 exact vector vertices; physical axes reconstructed from audited source R_HI and mean-Sigma anchors; raw HI; no helium or frozen-distance normalization applied. Candidate only until final source-profile freeze. Supersedes overlay acquisition status 'vector_profile_candidate_recovered' for numerical availability; prior source family retained in provenance: Elson 2017 / WHISP (Butler et al. 2017 reconstruction sample) — Elson 2017 WHISP Appendix vector profile candidate: 50 exact vector vertices; physical axes reconstructed from audited source R_HI and mean-Sigma anchors; raw HI; no helium or frozen-distance normalization applied. Candidate only until final source-profile freeze. Supersedes overlay acquisition status 'vector_profile_candidate_recovered' for numerical availability; prior source family retained in provenance: Elson 2017 / WHISP (Butler et al. 2017 reconstruction sample) — Elson 2017 WHISP Appendix vector profile candidate: 50 exact vector vertices; physical axes reconstructed from audited source R_HI and mean-Sigma anchors; raw HI; no helium or frozen-distance normalization applied. Candidate only until final source-profile freeze. Supersedes overlay acquisition status 'vector_profile_candidate_recovered' for numerical availability; prior source family retained in provenance: Elson 2017 / WHISP (Butler et al. 2017 reconstruction sample) — Elson 2017 WHISP Appendix vector profile candidate: 50 exact vector vertices; physical axes reconstructed from audited source R_HI and mean-Sigma anchors; raw HI; no helium or frozen-distance normalization applied. Candidate only until final source-profile freeze.
UGC07866,calibration,254e17dbe22eb8371384e3c7f301f9936181b99384518e772be861567e4e896f,1,1,available_nonpublic_request_required,0,0,SPARC_azimuthally_averaged_HI_profile_private_compilation,0,1,"Profile reported available in the 169-galaxy SPARC HI compilation, but no public download verified; acquisition from authors/original literature required before ingestion.",1,Elson 2017 / WHISP (Butler et al. 2017 reconstruction sample),vector_profile_candidate_recovered,50,raw HI surface density candidate from published vector curve,helium not applied; Elson mass accounting applies helium downstream,1,data/stationary/source_reconstruction/elson2017_whisp_vector_profiles_candidate_v1.csv,Elson 2017 WHISP Appendix vector profile candidate: 50 exact vector vertices; physical axes reconstructed from audited source R_HI and mean-Sigma anchors; raw HI; no helium or frozen-distance normalization applied. Candidate only until final source-profile freeze. Supersedes overlay acquisition status 'vector_profile_candidate_recovered' for numerical availability; prior source family retained in provenance: Elson 2017 / WHISP (Butler et al. 2017 reconstruction sample) — Elson 2017 WHISP Appendix vector profile candidate: 50 exact vector vertices; physical axes reconstructed from audited source R_HI and mean-Sigma anchors; raw HI; no helium or frozen-distance normalization applied. Candidate only until final source-profile freeze. Supersedes overlay acquisition status 'vector_profile_candidate_recovered' for numerical availability; prior source family retained in provenance: Elson 2017 / WHISP (Butler et al. 2017 reconstruction sample) — Elson 2017 WHISP Appendix vector profile candidate: 50 exact vector vertices; physical axes reconstructed from audited source R_HI and mean-Sigma anchors; raw HI; no helium or frozen-distance normalization applied. Candidate only until final source-profile freeze. Supersedes overlay acquisition status 'vector_profile_candidate_recovered' for numerical availability; prior source family retained in provenance: Elson 2017 / WHISP (Butler et al. 2017 reconstruction sample) — Elson 2017 WHISP Appendix vector profile candidate: 50 exact vector vertices; physical axes reconstructed from audited source R_HI and mean-Sigma anchors; raw HI; no helium or frozen-distance normalization applied. Candidate only until final source-profile freeze. Supersedes overlay acquisition status 'vector_profile_candidate_recovered' for numerical availability; prior source family retained in provenance: Elson 2017 / WHISP (Butler et al. 2017 reconstruction sample) — Elson 2017 WHISP Appendix vector profile candidate: 50 exact vector vertices; physical axes reconstructed from audited source R_HI and mean-Sigma anchors; raw HI; no helium or frozen-distance normalization applied. Candidate only until final source-profile freeze. Supersedes overlay acquisition status 'vector_profile_candidate_recovered' for numerical availability; prior source family retained in provenance: Elson 2017 / WHISP (Butler et al. 2017 reconstruction sample) — Elson 2017 WHISP Appendix vector profile candidate: 50 exact vector vertices; physical axes reconstructed from audited source R_HI and mean-Sigma anchors; raw HI; no helium or frozen-distance normalization applied. Candidate only until final source-profile freeze. Supersedes overlay acquisition status 'vector_profile_candidate_recovered' for numerical availability; prior source family retained in provenance: Elson 2017 / WHISP (Butler et al. 2017 reconstruction sample) — Elson 2017 WHISP Appendix vector profile candidate: 50 exact vector vertices; physical axes reconstructed from audited source R_HI and mean-Sigma anchors; raw HI; no helium or frozen-distance normalization applied. Candidate only until final source-profile freeze. Supersedes overlay acquisition status 'vector_profile_candidate_recovered' for numerical availability; prior source family retained in provenance: Elson 2017 / WHISP (Butler et al. 2017 reconstruction sample) — Elson 2017 WHISP Appendix vector profile candidate: 50 exact vector vertices; physical axes reconstructed from audited source R_HI and mean-Sigma anchors; raw HI; no helium or frozen-distance normalization applied. Candidate only until final source-profile freeze. Supersedes overlay acquisition status 'vector_profile_candidate_recovered' for numerical availability; prior source family retained in provenance: Elson 2017 / WHISP (Butler et al. 2017 reconstruction sample) — Elson 2017 WHISP Appendix vector profile candidate: 50 exact vector vertices; physical axes reconstructed from audited source R_HI and mean-Sigma anchors; raw HI; no helium or frozen-distance normalization applied. Candidate only until final source-profile freeze. Supersedes overlay acquisition status 'vector_profile_candidate_recovered' for numerical availability; prior source family retained in provenance: Elson 2017 / WHISP (Butler et al. 2017 reconstruction sample) — Elson 2017 WHISP Appendix vector profile candidate: 50 exact vector vertices; physical axes reconstructed from audited source R_HI and mean-Sigma anchors; raw HI; no helium or frozen-distance normalization applied. Candidate only until final source-profile freeze. Supersedes overlay acquisition status 'vector_profile_candidate_recovered' for numerical availability; prior source family retained in provenance: Elson 2017 / WHISP (Butler et al. 2017 reconstruction sample) — Elson 2017 WHISP Appendix vector profile candidate: 50 exact vector vertices; physical axes reconstructed from audited source R_HI and mean-Sigma anchors; raw HI; no helium or frozen-distance normalization applied. Candidate only until final source-profile freeze. Supersedes overlay acquisition status 'vector_profile_candidate_recovered' for numerical availability; prior source family retained in provenance: Elson 2017 / WHISP (Butler et al. 2017 reconstruction sample) — Elson 2017 WHISP Appendix vector profile candidate: 50 exact vector vertices; physical axes reconstructed from audited source R_HI and mean-Sigma anchors; raw HI; no helium or frozen-distance normalization applied. Candidate only until final source-profile freeze. Supersedes overlay acquisition status 'vector_profile_candidate_recovered' for numerical availability; prior source family retained in provenance: Elson 2017 / WHISP (Butler et al. 2017 reconstruction sample) — Elson 2017 WHISP Appendix vector profile candidate: 50 exact vector vertices; physical axes reconstructed from audited source R_HI and mean-Sigma anchors; raw HI; no helium or frozen-distance normalization applied. Candidate only until final source-profile freeze. Supersedes overlay acquisition status 'vector_profile_candidate_recovered' for numerical availability; prior source family retained in provenance: Elson 2017 / WHISP (Butler et al. 2017 reconstruction sample) — Elson 2017 WHISP Appendix vector profile candidate: 50 exact vector vertices; physical axes reconstructed from audited source R_HI and mean-Sigma anchors; raw HI; no helium or frozen-distance normalization applied. Candidate only until final source-profile freeze. Supersedes overlay acquisition status 'vector_profile_candidate_recovered' for numerical availability; prior source family retained in provenance: Elson 2017 / WHISP (Butler et al. 2017 reconstruction sample) — Elson 2017 WHISP Appendix vector profile candidate: 50 exact vector vertices; physical axes reconstructed from audited source R_HI and mean-Sigma anchors; raw HI; no helium or frozen-distance normalization applied. Candidate only until final source-profile freeze. Supersedes overlay acquisition status 'vector_profile_candidate_recovered' for numerical availability; prior source family retained in provenance: Elson 2017 / WHISP (Butler et al. 2017 reconstruction sample) — Elson 2017 WHISP Appendix vector profile candidate: 50 exact vector vertices; physical axes reconstructed from audited source R_HI and mean-Sigma anchors; raw HI; no helium or frozen-distance normalization applied. Candidate only until final source-profile freeze. Supersedes overlay acquisition status 'vector_profile_candidate_recovered' for numerical availability; prior source family retained in provenance: Elson 2017 / WHISP (Butler et al. 2017 reconstruction sample) — Elson 2017 WHISP Appendix vector profile candidate: 50 exact vector vertices; physical axes reconstructed from audited source R_HI and mean-Sigma anchors; raw HI; no helium or frozen-distance normalization applied. Candidate only until final source-profile freeze. Supersedes overlay acquisition status 'vector_profile_candidate_recovered' for numerical availability; prior source family retained in provenance: Elson 2017 / WHISP (Butler et al. 2017 reconstruction sample) — Elson 2017 WHISP Appendix vector profile candidate: 50 exact vector vertices; physical axes reconstructed from audited source R_HI and mean-Sigma anchors; raw HI; no helium or frozen-distance normalization applied. Candidate only until final source-profile freeze. Supersedes overlay acquisition status 'vector_profile_candidate_recovered' for numerical availability; prior source family retained in provenance: Elson 2017 / WHISP (Butler et al. 2017 reconstruction sample) — Elson 2017 WHISP Appendix vector profile candidate: 50 exact vector vertices; physical axes reconstructed from audited source R_HI and mean-Sigma anchors; raw HI; no helium or frozen-distance normalization applied. Candidate only until final source-profile freeze. Supersedes overlay acquisition status 'vector_profile_candidate_recovered' for numerical availability; prior source family retained in provenance: Elson 2017 / WHISP (Butler et al. 2017 reconstruction sample) — Elson 2017 WHISP Appendix vector profile candidate: 50 exact vector vertices; physical axes reconstructed from audited source R_HI and mean-Sigma anchors; raw HI; no helium or frozen-distance normalization applied. Candidate only until final source-profile freeze. Supersedes overlay acquisition status 'vector_profile_candidate_recovered' for numerical availability; prior source family retained in provenance: Elson 2017 / WHISP (Butler et al. 2017 reconstruction sample) — Elson 2017 WHISP Appendix vector profile candidate: 50 exact vector vertices; physical axes reconstructed from audited source R_HI and mean-Sigma anchors; raw HI; no helium or frozen-distance normalization applied. Candidate only until final source-profile freeze. Supersedes overlay acquisition status 'vector_profile_candidate_recovered' for numerical availability; prior source family retained in provenance: Elson 2017 / WHISP (Butler et al. 2017 reconstruction sample) — Elson 2017 WHISP Appendix vector profile candidate: 50 exact vector vertices; physical axes reconstructed from audited source R_HI and mean-Sigma anchors; raw HI; no helium or frozen-distance normalization applied. Candidate only until final source-profile freeze.
UGC08286,calibration,254e17dbe22eb8371384e3c7f301f9936181b99384518e772be861567e4e896f,1,1,available_nonpublic_request_required,0,0,SPARC_azimuthally_averaged_HI_profile_private_compilation,0,1,"Profile reported available in the 169-galaxy SPARC HI compilation, but no public download verified; acquisition from authors/original literature required before ingestion.",0,,available_nonpublic_request_required,,,,0,,"Profile reported available in the 169-galaxy SPARC HI compilation, but no public download verified; acquisition from authors/original literature required before ingestion."
UGC08490,calibration,254e17dbe22eb8371384e3c7f301f9936181b99384518e772be861567e4e896f,1,1,available_nonpublic_request_required,0,0,SPARC_azimuthally_averaged_HI_profile_private_compilation,0,1,"Profile reported available in the 169-galaxy SPARC HI compilation, but no public download verified; acquisition from authors/original literature required before ingestion.",1,Elson 2017 / WHISP (Butler et al. 2017 reconstruction sample),vector_profile_candidate_recovered,50,raw HI surface density candidate from published vector curve,helium not applied; Elson mass accounting applies helium downstream,1,data/stationary/source_reconstruction/elson2017_whisp_vector_profiles_candidate_v1.csv,Elson 2017 WHISP Appendix vector profile candidate: 50 exact vector vertices; physical axes reconstructed from audited source R_HI and mean-Sigma anchors; raw HI; no helium or frozen-distance normalization applied. Candidate only until final source-profile freeze. Supersedes overlay acquisition status 'vector_profile_candidate_recovered' for numerical availability; prior source family retained in provenance: Elson 2017 / WHISP (Butler et al. 2017 reconstruction sample) — Elson 2017 WHISP Appendix vector profile candidate: 50 exact vector vertices; physical axes reconstructed from audited source R_HI and mean-Sigma anchors; raw HI; no helium or frozen-distance normalization applied. Candidate only until final source-profile freeze. Supersedes overlay acquisition status 'vector_profile_candidate_recovered' for numerical availability; prior source family retained in provenance: Elson 2017 / WHISP (Butler et al. 2017 reconstruction sample) — Elson 2017 WHISP Appendix vector profile candidate: 50 exact vector vertices; physical axes reconstructed from audited source R_HI and mean-Sigma anchors; raw HI; no helium or frozen-distance normalization applied. Candidate only until final source-profile freeze. Supersedes overlay acquisition status 'vector_profile_candidate_recovered' for numerical availability; prior source family retained in provenance: Elson 2017 / WHISP (Butler et al. 2017 reconstruction sample) — Elson 2017 WHISP Appendix vector profile candidate: 50 exact vector vertices; physical axes reconstructed from audited source R_HI and mean-Sigma anchors; raw HI; no helium or frozen-distance normalization applied. Candidate only until final source-profile freeze. Supersedes overlay acquisition status 'vector_profile_candidate_recovered' for numerical availability; prior source family retained in provenance: Elson 2017 / WHISP (Butler et al. 2017 reconstruction sample) — Elson 2017 WHISP Appendix vector profile candidate: 50 exact vector vertices; physical axes reconstructed from audited source R_HI and mean-Sigma anchors; raw HI; no helium or frozen-distance normalization applied. Candidate only until final source-profile freeze. Supersedes overlay acquisition status 'vector_profile_candidate_recovered' for numerical availability; prior source family retained in provenance: Elson 2017 / WHISP (Butler et al. 2017 reconstruction sample) — Elson 2017 WHISP Appendix vector profile candidate: 50 exact vector vertices; physical axes reconstructed from audited source R_HI and mean-Sigma anchors; raw HI; no helium or frozen-distance normalization applied. Candidate only until final source-profile freeze. Supersedes overlay acquisition status 'vector_profile_candidate_recovered' for numerical availability; prior source family retained in provenance: Elson 2017 / WHISP (Butler et al. 2017 reconstruction sample) — Elson 2017 WHISP Appendix vector profile candidate: 50 exact vector vertices; physical axes reconstructed from audited source R_HI and mean-Sigma anchors; raw HI; no helium or frozen-distance normalization applied. Candidate only until final source-profile freeze. Supersedes overlay acquisition status 'vector_profile_candidate_recovered' for numerical availability; prior source family retained in provenance: Elson 2017 / WHISP (Butler et al. 2017 reconstruction sample) — Elson 2017 WHISP Appendix vector profile candidate: 50 exact vector vertices; physical axes reconstructed from audited source R_HI and mean-Sigma anchors; raw HI; no helium or frozen-distance normalization applied. Candidate only until final source-profile freeze. Supersedes overlay acquisition status 'vector_profile_candidate_recovered' for numerical availability; prior source family retained in provenance: Elson 2017 / WHISP (Butler et al. 2017 reconstruction sample) — Elson 2017 WHISP Appendix vector profile candidate: 50 exact vector vertices; physical axes reconstructed from audited source R_HI and mean-Sigma anchors; raw HI; no helium or frozen-distance normalization applied. Candidate only until final source-profile freeze. Supersedes overlay acquisition status 'vector_profile_candidate_recovered' for numerical availability; prior source family retained in provenance: Elson 2017 / WHISP (Butler et al. 2017 reconstruction sample) — Elson 2017 WHISP Appendix vector profile candidate: 50 exact vector vertices; physical axes reconstructed from audited source R_HI and mean-Sigma anchors; raw HI; no helium or frozen-distance normalization applied. Candidate only until final source-profile freeze. Supersedes overlay acquisition status 'vector_profile_candidate_recovered' for numerical availability; prior source family retained in provenance: Elson 2017 / WHISP (Butler et al. 2017 reconstruction sample) — Elson 2017 WHISP Appendix vector profile candidate: 50 exact vector vertices; physical axes reconstructed from audited source R_HI and mean-Sigma anchors; raw HI; no helium or frozen-distance normalization applied. Candidate only until final source-profile freeze. Supersedes overlay acquisition status 'vector_profile_candidate_recovered' for numerical availability; prior source family retained in provenance: Elson 2017 / WHISP (Butler et al. 2017 reconstruction sample) — Elson 2017 WHISP Appendix vector profile candidate: 50 exact vector vertices; physical axes reconstructed from audited source R_HI and mean-Sigma anchors; raw HI; no helium or frozen-distance normalization applied. Candidate only until final source-profile freeze. Supersedes overlay acquisition status 'vector_profile_candidate_recovered' for numerical availability; prior source family retained in provenance: Elson 2017 / WHISP (Butler et al. 2017 reconstruction sample) — Elson 2017 WHISP Appendix vector profile candidate: 50 exact vector vertices; physical axes reconstructed from audited source R_HI and mean-Sigma anchors; raw HI; no helium or frozen-distance normalization applied. Candidate only until final source-profile freeze. Supersedes overlay acquisition status 'vector_profile_candidate_recovered' for numerical availability; prior source family retained in provenance: Elson 2017 / WHISP (Butler et al. 2017 reconstruction sample) — Elson 2017 WHISP Appendix vector profile candidate: 50 exact vector vertices; physical axes reconstructed from audited source R_HI and mean-Sigma anchors; raw HI; no helium or frozen-distance normalization applied. Candidate only until final source-profile freeze. Supersedes overlay acquisition status 'vector_profile_candidate_recovered' for numerical availability; prior source family retained in provenance: Elson 2017 / WHISP (Butler et al. 2017 reconstruction sample) — Elson 2017 WHISP Appendix vector profile candidate: 50 exact vector vertices; physical axes reconstructed from audited source R_HI and mean-Sigma anchors; raw HI; no helium or frozen-distance normalization applied. Candidate only until final source-profile freeze. Supersedes overlay acquisition status 'vector_profile_candidate_recovered' for numerical availability; prior source family retained in provenance: Elson 2017 / WHISP (Butler et al. 2017 reconstruction sample) — Elson 2017 WHISP Appendix vector profile candidate: 50 exact vector vertices; physical axes reconstructed from audited source R_HI and mean-Sigma anchors; raw HI; no helium or frozen-distance normalization applied. Candidate only until final source-profile freeze. Supersedes overlay acquisition status 'vector_profile_candidate_recovered' for numerical availability; prior source family retained in provenance: Elson 2017 / WHISP (Butler et al. 2017 reconstruction sample) — Elson 2017 WHISP Appendix vector profile candidate: 50 exact vector vertices; physical axes reconstructed from audited source R_HI and mean-Sigma anchors; raw HI; no helium or frozen-distance normalization applied. Candidate only until final source-profile freeze. Supersedes overlay acquisition status 'vector_profile_candidate_recovered' for numerical availability; prior source family retained in provenance: Elson 2017 / WHISP (Butler et al. 2017 reconstruction sample) — Elson 2017 WHISP Appendix vector profile candidate: 50 exact vector vertices; physical axes reconstructed from audited source R_HI and mean-Sigma anchors; raw HI; no helium or frozen-distance normalization applied. Candidate only until final source-profile freeze. Supersedes overlay acquisition status 'vector_profile_candidate_recovered' for numerical availability; prior source family retained in provenance: Elson 2017 / WHISP (Butler et al. 2017 reconstruction sample) — Elson 2017 WHISP Appendix vector profile candidate: 50 exact vector vertices; physical axes reconstructed from audited source R_HI and mean-Sigma anchors; raw HI; no helium or frozen-distance normalization applied. Candidate only until final source-profile freeze. Supersedes overlay acquisition status 'vector_profile_candidate_recovered' for numerical availability; prior source family retained in provenance: Elson 2017 / WHISP (Butler et al. 2017 reconstruction sample) — Elson 2017 WHISP Appendix vector profile candidate: 50 exact vector vertices; physical axes reconstructed from audited source R_HI and mean-Sigma anchors; raw HI; no helium or frozen-distance normalization applied. Candidate only until final source-profile freeze. Supersedes overlay acquisition status 'vector_profile_candidate_recovered' for numerical availability; prior source family retained in provenance: Elson 2017 / WHISP (Butler et al. 2017 reconstruction sample) — Elson 2017 WHISP Appendix vector profile candidate: 50 exact vector vertices; physical axes reconstructed from audited source R_HI and mean-Sigma anchors; raw HI; no helium or frozen-distance normalization applied. Candidate only until final source-profile freeze. Supersedes overlay acquisition status 'vector_profile_candidate_recovered' for numerical availability; prior source family retained in provenance: Elson 2017 / WHISP (Butler et al. 2017 reconstruction sample) — Elson 2017 WHISP Appendix vector profile candidate: 50 exact vector vertices; physical axes reconstructed from audited source R_HI and mean-Sigma anchors; raw HI; no helium or frozen-distance normalization applied. Candidate only until final source-profile freeze.
UGC08550,blind,254e17dbe22eb8371384e3c7f301f9936181b99384518e772be861567e4e896f,1,1,available_nonpublic_request_required,0,0,SPARC_azimuthally_averaged_HI_profile_private_compilation,0,1,"Profile reported available in the 169-galaxy SPARC HI compilation, but no public download verified; acquisition from authors/original literature required before ingestion.",0,,available_nonpublic_request_required,,,,0,,"Profile reported available in the 169-galaxy SPARC HI compilation, but no public download verified; acquisition from authors/original literature required before ingestion."
UGC08699,calibration,254e17dbe22eb8371384e3c7f301f9936181b99384518e772be861567e4e896f,1,1,available_nonpublic_request_required,0,0,SPARC_azimuthally_averaged_HI_profile_private_compilation,0,1,"Profile reported available in the 169-galaxy SPARC HI compilation, but no public download verified; acquisition from authors/original literature required before ingestion.",0,,available_nonpublic_request_required,,,,0,,"Profile reported available in the 169-galaxy SPARC HI compilation, but no public download verified; acquisition from authors/original literature required before ingestion."
UGC08837,blind,254e17dbe22eb8371384e3c7f301f9936181b99384518e772be861567e4e896f,1,1,available_nonpublic_request_required,0,0,SPARC_azimuthally_averaged_HI_profile_private_compilation,0,1,"Profile reported available in the 169-galaxy SPARC HI compilation, but no public download verified; acquisition from authors/original literature required before ingestion.",0,,available_nonpublic_request_required,,,,0,,"Profile reported available in the 169-galaxy SPARC HI compilation, but no public download verified; acquisition from authors/original literature required before ingestion."
UGC09037,calibration,254e17dbe22eb8371384e3c7f301f9936181b99384518e772be861567e4e896f,1,1,available_nonpublic_request_required,0,0,SPARC_azimuthally_averaged_HI_profile_private_compilation,0,1,"Profile reported available in the 169-galaxy SPARC HI compilation, but no public download verified; acquisition from authors/original literature required before ingestion.",1,Hallenbeck et al. 2014,raw_source_profile_ingested,32,source-native deprojected HI surface density from published Figure 9 vector primitives,helium not applied; recovered quantity is HI surface density,1,data/stationary/source_reconstruction/ha14_vector_hi_profiles_v2.csv,"Hallenbeck et al. 2014 Figure 9 / fig-density.eps source-native IDL filled-circle profile recovered: 32 radial points. Values decoded from native vector primitives with printed-axis calibration; no raster digitization, profile fitting, distance renormalization, helium correction, or common-grid resampling applied. Validation: validation/stationary/ha14_vector_hi_profile_extraction_v2.json."
UGC09133,blind,254e17dbe22eb8371384e3c7f301f9936181b99384518e772be861567e4e896f,1,1,available_nonpublic_request_required,0,0,SPARC_azimuthally_averaged_HI_profile_private_compilation,0,1,"Profile reported available in the 169-galaxy SPARC HI compilation, but no public download verified; acquisition from authors/original literature required before ingestion.",0,,available_nonpublic_request_required,,,,0,,"Profile reported available in the 169-galaxy SPARC HI compilation, but no public download verified; acquisition from authors/original literature required before ingestion."
UGC09992,blind,254e17dbe22eb8371384e3c7f301f9936181b99384518e772be861567e4e896f,1,1,available_nonpublic_request_required,0,0,SPARC_azimuthally_averaged_HI_profile_private_compilation,0,1,"Profile reported available in the 169-galaxy SPARC HI compilation, but no public download verified; acquisition from authors/original literature required before ingestion.",1,Elson 2017 / WHISP (Butler et al. 2017 reconstruction sample),vector_profile_candidate_recovered,50,raw HI surface density candidate from published vector curve,helium not applied; Elson mass accounting applies helium downstream,1,data/stationary/source_reconstruction/elson2017_whisp_vector_profiles_candidate_v1.csv,Elson 2017 WHISP Appendix vector profile candidate: 50 exact vector vertices; physical axes reconstructed from audited source R_HI and mean-Sigma anchors; raw HI; no helium or frozen-distance normalization applied. Candidate only until final source-profile freeze. Supersedes overlay acquisition status 'vector_profile_candidate_recovered' for numerical availability; prior source family retained in provenance: Elson 2017 / WHISP (Butler et al. 2017 reconstruction sample) — Elson 2017 WHISP Appendix vector profile candidate: 50 exact vector vertices; physical axes reconstructed from audited source R_HI and mean-Sigma anchors; raw HI; no helium or frozen-distance normalization applied. Candidate only until final source-profile freeze. Supersedes overlay acquisition status 'vector_profile_candidate_recovered' for numerical availability; prior source family retained in provenance: Elson 2017 / WHISP (Butler et al. 2017 reconstruction sample) — Elson 2017 WHISP Appendix vector profile candidate: 50 exact vector vertices; physical axes reconstructed from audited source R_HI and mean-Sigma anchors; raw HI; no helium or frozen-distance normalization applied. Candidate only until final source-profile freeze. Supersedes overlay acquisition status 'vector_profile_candidate_recovered' for numerical availability; prior source family retained in provenance: Elson 2017 / WHISP (Butler et al. 2017 reconstruction sample) — Elson 2017 WHISP Appendix vector profile candidate: 50 exact vector vertices; physical axes reconstructed from audited source R_HI and mean-Sigma anchors; raw HI; no helium or frozen-distance normalization applied. Candidate only until final source-profile freeze. Supersedes overlay acquisition status 'vector_profile_candidate_recovered' for numerical availability; prior source family retained in provenance: Elson 2017 / WHISP (Butler et al. 2017 reconstruction sample) — Elson 2017 WHISP Appendix vector profile candidate: 50 exact vector vertices; physical axes reconstructed from audited source R_HI and mean-Sigma anchors; raw HI; no helium or frozen-distance normalization applied. Candidate only until final source-profile freeze. Supersedes overlay acquisition status 'vector_profile_candidate_recovered' for numerical availability; prior source family retained in provenance: Elson 2017 / WHISP (Butler et al. 2017 reconstruction sample) — Elson 2017 WHISP Appendix vector profile candidate: 50 exact vector vertices; physical axes reconstructed from audited source R_HI and mean-Sigma anchors; raw HI; no helium or frozen-distance normalization applied. Candidate only until final source-profile freeze. Supersedes overlay acquisition status 'vector_profile_candidate_recovered' for numerical availability; prior source family retained in provenance: Elson 2017 / WHISP (Butler et al. 2017 reconstruction sample) — Elson 2017 WHISP Appendix vector profile candidate: 50 exact vector vertices; physical axes reconstructed from audited source R_HI and mean-Sigma anchors; raw HI; no helium or frozen-distance normalization applied. Candidate only until final source-profile freeze. Supersedes overlay acquisition status 'vector_profile_candidate_recovered' for numerical availability; prior source family retained in provenance: Elson 2017 / WHISP (Butler et al. 2017 reconstruction sample) — Elson 2017 WHISP Appendix vector profile candidate: 50 exact vector vertices; physical axes reconstructed from audited source R_HI and mean-Sigma anchors; raw HI; no helium or frozen-distance normalization applied. Candidate only until final source-profile freeze. Supersedes overlay acquisition status 'vector_profile_candidate_recovered' for numerical availability; prior source family retained in provenance: Elson 2017 / WHISP (Butler et al. 2017 reconstruction sample) — Elson 2017 WHISP Appendix vector profile candidate: 50 exact vector vertices; physical axes reconstructed from audited source R_HI and mean-Sigma anchors; raw HI; no helium or frozen-distance normalization applied. Candidate only until final source-profile freeze. Supersedes overlay acquisition status 'vector_profile_candidate_recovered' for numerical availability; prior source family retained in provenance: Elson 2017 / WHISP (Butler et al. 2017 reconstruction sample) — Elson 2017 WHISP Appendix vector profile candidate: 50 exact vector vertices; physical axes reconstructed from audited source R_HI and mean-Sigma anchors; raw HI; no helium or frozen-distance normalization applied. Candidate only until final source-profile freeze. Supersedes overlay acquisition status 'vector_profile_candidate_recovered' for numerical availability; prior source family retained in provenance: Elson 2017 / WHISP (Butler et al. 2017 reconstruction sample) — Elson 2017 WHISP Appendix vector profile candidate: 50 exact vector vertices; physical axes reconstructed from audited source R_HI and mean-Sigma anchors; raw HI; no helium or frozen-distance normalization applied. Candidate only until final source-profile freeze. Supersedes overlay acquisition status 'vector_profile_candidate_recovered' for numerical availability; prior source family retained in provenance: Elson 2017 / WHISP (Butler et al. 2017 reconstruction sample) — Elson 2017 WHISP Appendix vector profile candidate: 50 exact vector vertices; physical axes reconstructed from audited source R_HI and mean-Sigma anchors; raw HI; no helium or frozen-distance normalization applied. Candidate only until final source-profile freeze. Supersedes overlay acquisition status 'vector_profile_candidate_recovered' for numerical availability; prior source family retained in provenance: Elson 2017 / WHISP (Butler et al. 2017 reconstruction sample) — Elson 2017 WHISP Appendix vector profile candidate: 50 exact vector vertices; physical axes reconstructed from audited source R_HI and mean-Sigma anchors; raw HI; no helium or frozen-distance normalization applied. Candidate only until final source-profile freeze. Supersedes overlay acquisition status 'vector_profile_candidate_recovered' for numerical availability; prior source family retained in provenance: Elson 2017 / WHISP (Butler et al. 2017 reconstruction sample) — Elson 2017 WHISP Appendix vector profile candidate: 50 exact vector vertices; physical axes reconstructed from audited source R_HI and mean-Sigma anchors; raw HI; no helium or frozen-distance normalization applied. Candidate only until final source-profile freeze. Supersedes overlay acquisition status 'vector_profile_candidate_recovered' for numerical availability; prior source family retained in provenance: Elson 2017 / WHISP (Butler et al. 2017 reconstruction sample) — Elson 2017 WHISP Appendix vector profile candidate: 50 exact vector vertices; physical axes reconstructed from audited source R_HI and mean-Sigma anchors; raw HI; no helium or frozen-distance normalization applied. Candidate only until final source-profile freeze. Supersedes overlay acquisition status 'vector_profile_candidate_recovered' for numerical availability; prior source family retained in provenance: Elson 2017 / WHISP (Butler et al. 2017 reconstruction sample) — Elson 2017 WHISP Appendix vector profile candidate: 50 exact vector vertices; physical axes reconstructed from audited source R_HI and mean-Sigma anchors; raw HI; no helium or frozen-distance normalization applied. Candidate only until final source-profile freeze. Supersedes overlay acquisition status 'vector_profile_candidate_recovered' for numerical availability; prior source family retained in provenance: Elson 2017 / WHISP (Butler et al. 2017 reconstruction sample) — Elson 2017 WHISP Appendix vector profile candidate: 50 exact vector vertices; physical axes reconstructed from audited source R_HI and mean-Sigma anchors; raw HI; no helium or frozen-distance normalization applied. Candidate only until final source-profile freeze. Supersedes overlay acquisition status 'vector_profile_candidate_recovered' for numerical availability; prior source family retained in provenance: Elson 2017 / WHISP (Butler et al. 2017 reconstruction sample) — Elson 2017 WHISP Appendix vector profile candidate: 50 exact vector vertices; physical axes reconstructed from audited source R_HI and mean-Sigma anchors; raw HI; no helium or frozen-distance normalization applied. Candidate only until final source-profile freeze. Supersedes overlay acquisition status 'vector_profile_candidate_recovered' for numerical availability; prior source family retained in provenance: Elson 2017 / WHISP (Butler et al. 2017 reconstruction sample) — Elson 2017 WHISP Appendix vector profile candidate: 50 exact vector vertices; physical axes reconstructed from audited source R_HI and mean-Sigma anchors; raw HI; no helium or frozen-distance normalization applied. Candidate only until final source-profile freeze. Supersedes overlay acquisition status 'vector_profile_candidate_recovered' for numerical availability; prior source family retained in provenance: Elson 2017 / WHISP (Butler et al. 2017 reconstruction sample) — Elson 2017 WHISP Appendix vector profile candidate: 50 exact vector vertices; physical axes reconstructed from audited source R_HI and mean-Sigma anchors; raw HI; no helium or frozen-distance normalization applied. Candidate only until final source-profile freeze. Supersedes overlay acquisition status 'vector_profile_candidate_recovered' for numerical availability; prior source family retained in provenance: Elson 2017 / WHISP (Butler et al. 2017 reconstruction sample) — Elson 2017 WHISP Appendix vector profile candidate: 50 exact vector vertices; physical axes reconstructed from audited source R_HI and mean-Sigma anchors; raw HI; no helium or frozen-distance normalization applied. Candidate only until final source-profile freeze. Supersedes overlay acquisition status 'vector_profile_candidate_recovered' for numerical availability; prior source family retained in provenance: Elson 2017 / WHISP (Butler et al. 2017 reconstruction sample) — Elson 2017 WHISP Appendix vector profile candidate: 50 exact vector vertices; physical axes reconstructed from audited source R_HI and mean-Sigma anchors; raw HI; no helium or frozen-distance normalization applied. Candidate only until final source-profile freeze.
UGC10310,blind,254e17dbe22eb8371384e3c7f301f9936181b99384518e772be861567e4e896f,1,1,available_nonpublic_request_required,0,0,SPARC_azimuthally_averaged_HI_profile_private_compilation,0,1,"Profile reported available in the 169-galaxy SPARC HI compilation, but no public download verified; acquisition from authors/original literature required before ingestion.",1,Elson 2017 / WHISP (Butler et al. 2017 reconstruction sample),vector_profile_candidate_recovered,50,raw HI surface density candidate from published vector curve,helium not applied; Elson mass accounting applies helium downstream,1,data/stationary/source_reconstruction/elson2017_whisp_vector_profiles_candidate_v1.csv,Elson 2017 WHISP Appendix vector profile candidate: 50 exact vector vertices; physical axes reconstructed from audited source R_HI and mean-Sigma anchors; raw HI; no helium or frozen-distance normalization applied. Candidate only until final source-profile freeze. Supersedes overlay acquisition status 'vector_profile_candidate_recovered' for numerical availability; prior source family retained in provenance: Elson 2017 / WHISP (Butler et al. 2017 reconstruction sample) — Elson 2017 WHISP Appendix vector profile candidate: 50 exact vector vertices; physical axes reconstructed from audited source R_HI and mean-Sigma anchors; raw HI; no helium or frozen-distance normalization applied. Candidate only until final source-profile freeze. Supersedes overlay acquisition status 'vector_profile_candidate_recovered' for numerical availability; prior source family retained in provenance: Elson 2017 / WHISP (Butler et al. 2017 reconstruction sample) — Elson 2017 WHISP Appendix vector profile candidate: 50 exact vector vertices; physical axes reconstructed from audited source R_HI and mean-Sigma anchors; raw HI; no helium or frozen-distance normalization applied. Candidate only until final source-profile freeze. Supersedes overlay acquisition status 'vector_profile_candidate_recovered' for numerical availability; prior source family retained in provenance: Elson 2017 / WHISP (Butler et al. 2017 reconstruction sample) — Elson 2017 WHISP Appendix vector profile candidate: 50 exact vector vertices; physical axes reconstructed from audited source R_HI and mean-Sigma anchors; raw HI; no helium or frozen-distance normalization applied. Candidate only until final source-profile freeze. Supersedes overlay acquisition status 'vector_profile_candidate_recovered' for numerical availability; prior source family retained in provenance: Elson 2017 / WHISP (Butler et al. 2017 reconstruction sample) — Elson 2017 WHISP Appendix vector profile candidate: 50 exact vector vertices; physical axes reconstructed from audited source R_HI and mean-Sigma anchors; raw HI; no helium or frozen-distance normalization applied. Candidate only until final source-profile freeze. Supersedes overlay acquisition status 'vector_profile_candidate_recovered' for numerical availability; prior source family retained in provenance: Elson 2017 / WHISP (Butler et al. 2017 reconstruction sample) — Elson 2017 WHISP Appendix vector profile candidate: 50 exact vector vertices; physical axes reconstructed from audited source R_HI and mean-Sigma anchors; raw HI; no helium or frozen-distance normalization applied. Candidate only until final source-profile freeze. Supersedes overlay acquisition status 'vector_profile_candidate_recovered' for numerical availability; prior source family retained in provenance: Elson 2017 / WHISP (Butler et al. 2017 reconstruction sample) — Elson 2017 WHISP Appendix vector profile candidate: 50 exact vector vertices; physical axes reconstructed from audited source R_HI and mean-Sigma anchors; raw HI; no helium or frozen-distance normalization applied. Candidate only until final source-profile freeze. Supersedes overlay acquisition status 'vector_profile_candidate_recovered' for numerical availability; prior source family retained in provenance: Elson 2017 / WHISP (Butler et al. 2017 reconstruction sample) — Elson 2017 WHISP Appendix vector profile candidate: 50 exact vector vertices; physical axes reconstructed from audited source R_HI and mean-Sigma anchors; raw HI; no helium or frozen-distance normalization applied. Candidate only until final source-profile freeze. Supersedes overlay acquisition status 'vector_profile_candidate_recovered' for numerical availability; prior source family retained in provenance: Elson 2017 / WHISP (Butler et al. 2017 reconstruction sample) — Elson 2017 WHISP Appendix vector profile candidate: 50 exact vector vertices; physical axes reconstructed from audited source R_HI and mean-Sigma anchors; raw HI; no helium or frozen-distance normalization applied. Candidate only until final source-profile freeze. Supersedes overlay acquisition status 'vector_profile_candidate_recovered' for numerical availability; prior source family retained in provenance: Elson 2017 / WHISP (Butler et al. 2017 reconstruction sample) — Elson 2017 WHISP Appendix vector profile candidate: 50 exact vector vertices; physical axes reconstructed from audited source R_HI and mean-Sigma anchors; raw HI; no helium or frozen-distance normalization applied. Candidate only until final source-profile freeze. Supersedes overlay acquisition status 'vector_profile_candidate_recovered' for numerical availability; prior source family retained in provenance: Elson 2017 / WHISP (Butler et al. 2017 reconstruction sample) — Elson 2017 WHISP Appendix vector profile candidate: 50 exact vector vertices; physical axes reconstructed from audited source R_HI and mean-Sigma anchors; raw HI; no helium or frozen-distance normalization applied. Candidate only until final source-profile freeze. Supersedes overlay acquisition status 'vector_profile_candidate_recovered' for numerical availability; prior source family retained in provenance: Elson 2017 / WHISP (Butler et al. 2017 reconstruction sample) — Elson 2017 WHISP Appendix vector profile candidate: 50 exact vector vertices; physical axes reconstructed from audited source R_HI and mean-Sigma anchors; raw HI; no helium or frozen-distance normalization applied. Candidate only until final source-profile freeze. Supersedes overlay acquisition status 'vector_profile_candidate_recovered' for numerical availability; prior source family retained in provenance: Elson 2017 / WHISP (Butler et al. 2017 reconstruction sample) — Elson 2017 WHISP Appendix vector profile candidate: 50 exact vector vertices; physical axes reconstructed from audited source R_HI and mean-Sigma anchors; raw HI; no helium or frozen-distance normalization applied. Candidate only until final source-profile freeze. Supersedes overlay acquisition status 'vector_profile_candidate_recovered' for numerical availability; prior source family retained in provenance: Elson 2017 / WHISP (Butler et al. 2017 reconstruction sample) — Elson 2017 WHISP Appendix vector profile candidate: 50 exact vector vertices; physical axes reconstructed from audited source R_HI and mean-Sigma anchors; raw HI; no helium or frozen-distance normalization applied. Candidate only until final source-profile freeze. Supersedes overlay acquisition status 'vector_profile_candidate_recovered' for numerical availability; prior source family retained in provenance: Elson 2017 / WHISP (Butler et al. 2017 reconstruction sample) — Elson 2017 WHISP Appendix vector profile candidate: 50 exact vector vertices; physical axes reconstructed from audited source R_HI and mean-Sigma anchors; raw HI; no helium or frozen-distance normalization applied. Candidate only until final source-profile freeze. Supersedes overlay acquisition status 'vector_profile_candidate_recovered' for numerical availability; prior source family retained in provenance: Elson 2017 / WHISP (Butler et al. 2017 reconstruction sample) — Elson 2017 WHISP Appendix vector profile candidate: 50 exact vector vertices; physical axes reconstructed from audited source R_HI and mean-Sigma anchors; raw HI; no helium or frozen-distance normalization applied. Candidate only until final source-profile freeze. Supersedes overlay acquisition status 'vector_profile_candidate_recovered' for numerical availability; prior source family retained in provenance: Elson 2017 / WHISP (Butler et al. 2017 reconstruction sample) — Elson 2017 WHISP Appendix vector profile candidate: 50 exact vector vertices; physical axes reconstructed from audited source R_HI and mean-Sigma anchors; raw HI; no helium or frozen-distance normalization applied. Candidate only until final source-profile freeze. Supersedes overlay acquisition status 'vector_profile_candidate_recovered' for numerical availability; prior source family retained in provenance: Elson 2017 / WHISP (Butler et al. 2017 reconstruction sample) — Elson 2017 WHISP Appendix vector profile candidate: 50 exact vector vertices; physical axes reconstructed from audited source R_HI and mean-Sigma anchors; raw HI; no helium or frozen-distance normalization applied. Candidate only until final source-profile freeze. Supersedes overlay acquisition status 'vector_profile_candidate_recovered' for numerical availability; prior source family retained in provenance: Elson 2017 / WHISP (Butler et al. 2017 reconstruction sample) — Elson 2017 WHISP Appendix vector profile candidate: 50 exact vector vertices; physical axes reconstructed from audited source R_HI and mean-Sigma anchors; raw HI; no helium or frozen-distance normalization applied. Candidate only until final source-profile freeze. Supersedes overlay acquisition status 'vector_profile_candidate_recovered' for numerical availability; prior source family retained in provenance: Elson 2017 / WHISP (Butler et al. 2017 reconstruction sample) — Elson 2017 WHISP Appendix vector profile candidate: 50 exact vector vertices; physical axes reconstructed from audited source R_HI and mean-Sigma anchors; raw HI; no helium or frozen-distance normalization applied. Candidate only until final source-profile freeze. Supersedes overlay acquisition status 'vector_profile_candidate_recovered' for numerical availability; prior source family retained in provenance: Elson 2017 / WHISP (Butler et al. 2017 reconstruction sample) — Elson 2017 WHISP Appendix vector profile candidate: 50 exact vector vertices; physical axes reconstructed from audited source R_HI and mean-Sigma anchors; raw HI; no helium or frozen-distance normalization applied. Candidate only until final source-profile freeze. Supersedes overlay acquisition status 'vector_profile_candidate_recovered' for numerical availability; prior source family retained in provenance: Elson 2017 / WHISP (Butler et al. 2017 reconstruction sample) — Elson 2017 WHISP Appendix vector profile candidate: 50 exact vector vertices; physical axes reconstructed from audited source R_HI and mean-Sigma anchors; raw HI; no helium or frozen-distance normalization applied. Candidate only until final source-profile freeze.
UGC11455,calibration,254e17dbe22eb8371384e3c7f301f9936181b99384518e772be861567e4e896f,1,1,available_nonpublic_request_required,0,0,SPARC_azimuthally_averaged_HI_profile_private_compilation,0,1,"Profile reported available in the 169-galaxy SPARC HI compilation, but no public download verified; acquisition from authors/original literature required before ingestion.",0,,available_nonpublic_request_required,,,,0,,"Profile reported available in the 169-galaxy SPARC HI compilation, but no public download verified; acquisition from authors/original literature required before ingestion."
UGC11557,blind,254e17dbe22eb8371384e3c7f301f9936181b99384518e772be861567e4e896f,1,1,available_nonpublic_request_required,0,0,SPARC_azimuthally_averaged_HI_profile_private_compilation,0,1,"Profile reported available in the 169-galaxy SPARC HI compilation, but no public download verified; acquisition from authors/original literature required before ingestion.",0,,available_nonpublic_request_required,,,,0,,"Profile reported available in the 169-galaxy SPARC HI compilation, but no public download verified; acquisition from authors/original literature required before ingestion."
UGC11820,blind,254e17dbe22eb8371384e3c7f301f9936181b99384518e772be861567e4e896f,1,1,available_nonpublic_request_required,0,0,SPARC_azimuthally_averaged_HI_profile_private_compilation,0,1,"Profile reported available in the 169-galaxy SPARC HI compilation, but no public download verified; acquisition from authors/original literature required before ingestion.",1,van Zee et al. 1997,source_family_identified_numeric_pending,0,direct HI profile source family,primary profile convention pending,0,validation/stationary/VANZEE1997_PROFILE_AUDIT_V1.md,Frozen overlap from LSBDG subset; original numerical profile still pending.
UGC11914,blind,254e17dbe22eb8371384e3c7f301f9936181b99384518e772be861567e4e896f,1,1,available_nonpublic_request_required,0,0,SPARC_azimuthally_averaged_HI_profile_private_compilation,0,1,"Profile reported available in the 169-galaxy SPARC HI compilation, but no public download verified; acquisition from authors/original literature required before ingestion.",0,,available_nonpublic_request_required,,,,0,,"Profile reported available in the 169-galaxy SPARC HI compilation, but no public download verified; acquisition from authors/original literature required before ingestion."
UGC12506,calibration,254e17dbe22eb8371384e3c7f301f9936181b99384518e772be861567e4e896f,1,1,available_nonpublic_request_required,0,0,SPARC_azimuthally_averaged_HI_profile_private_compilation,0,1,"Profile reported available in the 169-galaxy SPARC HI compilation, but no public download verified; acquisition from authors/original literature required before ingestion.",1,Hallenbeck et al. 2014,raw_source_profile_ingested,39,source-native deprojected HI surface density from published Figure 9 vector primitives,helium not applied; recovered quantity is HI surface density,1,data/stationary/source_reconstruction/ha14_vector_hi_profiles_v2.csv,"Hallenbeck et al. 2014 Figure 9 / fig-density.eps source-native IDL filled-circle profile recovered: 39 radial points. Values decoded from native vector primitives with printed-axis calibration; no raster digitization, profile fitting, distance renormalization, helium correction, or common-grid resampling applied. Validation: validation/stationary/ha14_vector_hi_profile_extraction_v2.json."
UGC12632,calibration,254e17dbe22eb8371384e3c7f301f9936181b99384518e772be861567e4e896f,1,1,available_nonpublic_request_required,0,0,SPARC_azimuthally_averaged_HI_profile_private_compilation,0,1,"Profile reported available in the 169-galaxy SPARC HI compilation, but no public download verified; acquisition from authors/original literature required before ingestion.",1,Elson 2017 / WHISP (Butler et al. 2017 reconstruction sample),vector_profile_candidate_recovered,50,raw HI surface density candidate from published vector curve,helium not applied; Elson mass accounting applies helium downstream,1,data/stationary/source_reconstruction/elson2017_whisp_vector_profiles_candidate_v1.csv,Elson 2017 WHISP Appendix vector profile candidate: 50 exact vector vertices; physical axes reconstructed from audited source R_HI and mean-Sigma anchors; raw HI; no helium or frozen-distance normalization applied. Candidate only until final source-profile freeze. Supersedes overlay acquisition status 'vector_profile_candidate_recovered' for numerical availability; prior source family retained in provenance: Elson 2017 / WHISP (Butler et al. 2017 reconstruction sample) — Elson 2017 WHISP Appendix vector profile candidate: 50 exact vector vertices; physical axes reconstructed from audited source R_HI and mean-Sigma anchors; raw HI; no helium or frozen-distance normalization applied. Candidate only until final source-profile freeze. Supersedes overlay acquisition status 'vector_profile_candidate_recovered' for numerical availability; prior source family retained in provenance: Elson 2017 / WHISP (Butler et al. 2017 reconstruction sample) — Elson 2017 WHISP Appendix vector profile candidate: 50 exact vector vertices; physical axes reconstructed from audited source R_HI and mean-Sigma anchors; raw HI; no helium or frozen-distance normalization applied. Candidate only until final source-profile freeze. Supersedes overlay acquisition status 'vector_profile_candidate_recovered' for numerical availability; prior source family retained in provenance: Elson 2017 / WHISP (Butler et al. 2017 reconstruction sample) — Elson 2017 WHISP Appendix vector profile candidate: 50 exact vector vertices; physical axes reconstructed from audited source R_HI and mean-Sigma anchors; raw HI; no helium or frozen-distance normalization applied. Candidate only until final source-profile freeze. Supersedes overlay acquisition status 'vector_profile_candidate_recovered' for numerical availability; prior source family retained in provenance: Elson 2017 / WHISP (Butler et al. 2017 reconstruction sample) — Elson 2017 WHISP Appendix vector profile candidate: 50 exact vector vertices; physical axes reconstructed from audited source R_HI and mean-Sigma anchors; raw HI; no helium or frozen-distance normalization applied. Candidate only until final source-profile freeze. Supersedes overlay acquisition status 'vector_profile_candidate_recovered' for numerical availability; prior source family retained in provenance: Elson 2017 / WHISP (Butler et al. 2017 reconstruction sample) — Elson 2017 WHISP Appendix vector profile candidate: 50 exact vector vertices; physical axes reconstructed from audited source R_HI and mean-Sigma anchors; raw HI; no helium or frozen-distance normalization applied. Candidate only until final source-profile freeze. Supersedes overlay acquisition status 'vector_profile_candidate_recovered' for numerical availability; prior source family retained in provenance: Elson 2017 / WHISP (Butler et al. 2017 reconstruction sample) — Elson 2017 WHISP Appendix vector profile candidate: 50 exact vector vertices; physical axes reconstructed from audited source R_HI and mean-Sigma anchors; raw HI; no helium or frozen-distance normalization applied. Candidate only until final source-profile freeze. Supersedes overlay acquisition status 'vector_profile_candidate_recovered' for numerical availability; prior source family retained in provenance: Elson 2017 / WHISP (Butler et al. 2017 reconstruction sample) — Elson 2017 WHISP Appendix vector profile candidate: 50 exact vector vertices; physical axes reconstructed from audited source R_HI and mean-Sigma anchors; raw HI; no helium or frozen-distance normalization applied. Candidate only until final source-profile freeze. Supersedes overlay acquisition status 'vector_profile_candidate_recovered' for numerical availability; prior source family retained in provenance: Elson 2017 / WHISP (Butler et al. 2017 reconstruction sample) — Elson 2017 WHISP Appendix vector profile candidate: 50 exact vector vertices; physical axes reconstructed from audited source R_HI and mean-Sigma anchors; raw HI; no helium or frozen-distance normalization applied. Candidate only until final source-profile freeze. Supersedes overlay acquisition status 'vector_profile_candidate_recovered' for numerical availability; prior source family retained in provenance: Elson 2017 / WHISP (Butler et al. 2017 reconstruction sample) — Elson 2017 WHISP Appendix vector profile candidate: 50 exact vector vertices; physical axes reconstructed from audited source R_HI and mean-Sigma anchors; raw HI; no helium or frozen-distance normalization applied. Candidate only until final source-profile freeze. Supersedes overlay acquisition status 'vector_profile_candidate_recovered' for numerical availability; prior source family retained in provenance: Elson 2017 / WHISP (Butler et al. 2017 reconstruction sample) — Elson 2017 WHISP Appendix vector profile candidate: 50 exact vector vertices; physical axes reconstructed from audited source R_HI and mean-Sigma anchors; raw HI; no helium or frozen-distance normalization applied. Candidate only until final source-profile freeze. Supersedes overlay acquisition status 'vector_profile_candidate_recovered' for numerical availability; prior source family retained in provenance: Elson 2017 / WHISP (Butler et al. 2017 reconstruction sample) — Elson 2017 WHISP Appendix vector profile candidate: 50 exact vector vertices; physical axes reconstructed from audited source R_HI and mean-Sigma anchors; raw HI; no helium or frozen-distance normalization applied. Candidate only until final source-profile freeze. Supersedes overlay acquisition status 'vector_profile_candidate_recovered' for numerical availability; prior source family retained in provenance: Elson 2017 / WHISP (Butler et al. 2017 reconstruction sample) — Elson 2017 WHISP Appendix vector profile candidate: 50 exact vector vertices; physical axes reconstructed from audited source R_HI and mean-Sigma anchors; raw HI; no helium or frozen-distance normalization applied. Candidate only until final source-profile freeze. Supersedes overlay acquisition status 'vector_profile_candidate_recovered' for numerical availability; prior source family retained in provenance: Elson 2017 / WHISP (Butler et al. 2017 reconstruction sample) — Elson 2017 WHISP Appendix vector profile candidate: 50 exact vector vertices; physical axes reconstructed from audited source R_HI and mean-Sigma anchors; raw HI; no helium or frozen-distance normalization applied. Candidate only until final source-profile freeze. Supersedes overlay acquisition status 'vector_profile_candidate_recovered' for numerical availability; prior source family retained in provenance: Elson 2017 / WHISP (Butler et al. 2017 reconstruction sample) — Elson 2017 WHISP Appendix vector profile candidate: 50 exact vector vertices; physical axes reconstructed from audited source R_HI and mean-Sigma anchors; raw HI; no helium or frozen-distance normalization applied. Candidate only until final source-profile freeze. Supersedes overlay acquisition status 'vector_profile_candidate_recovered' for numerical availability; prior source family retained in provenance: Elson 2017 / WHISP (Butler et al. 2017 reconstruction sample) — Elson 2017 WHISP Appendix vector profile candidate: 50 exact vector vertices; physical axes reconstructed from audited source R_HI and mean-Sigma anchors; raw HI; no helium or frozen-distance normalization applied. Candidate only until final source-profile freeze. Supersedes overlay acquisition status 'vector_profile_candidate_recovered' for numerical availability; prior source family retained in provenance: Elson 2017 / WHISP (Butler et al. 2017 reconstruction sample) — Elson 2017 WHISP Appendix vector profile candidate: 50 exact vector vertices; physical axes reconstructed from audited source R_HI and mean-Sigma anchors; raw HI; no helium or frozen-distance normalization applied. Candidate only until final source-profile freeze. Supersedes overlay acquisition status 'vector_profile_candidate_recovered' for numerical availability; prior source family retained in provenance: Elson 2017 / WHISP (Butler et al. 2017 reconstruction sample) — Elson 2017 WHISP Appendix vector profile candidate: 50 exact vector vertices; physical axes reconstructed from audited source R_HI and mean-Sigma anchors; raw HI; no helium or frozen-distance normalization applied. Candidate only until final source-profile freeze. Supersedes overlay acquisition status 'vector_profile_candidate_recovered' for numerical availability; prior source family retained in provenance: Elson 2017 / WHISP (Butler et al. 2017 reconstruction sample) — Elson 2017 WHISP Appendix vector profile candidate: 50 exact vector vertices; physical axes reconstructed from audited source R_HI and mean-Sigma anchors; raw HI; no helium or frozen-distance normalization applied. Candidate only until final source-profile freeze. Supersedes overlay acquisition status 'vector_profile_candidate_recovered' for numerical availability; prior source family retained in provenance: Elson 2017 / WHISP (Butler et al. 2017 reconstruction sample) — Elson 2017 WHISP Appendix vector profile candidate: 50 exact vector vertices; physical axes reconstructed from audited source R_HI and mean-Sigma anchors; raw HI; no helium or frozen-distance normalization applied. Candidate only until final source-profile freeze. Supersedes overlay acquisition status 'vector_profile_candidate_recovered' for numerical availability; prior source family retained in provenance: Elson 2017 / WHISP (Butler et al. 2017 reconstruction sample) — Elson 2017 WHISP Appendix vector profile candidate: 50 exact vector vertices; physical axes reconstructed from audited source R_HI and mean-Sigma anchors; raw HI; no helium or frozen-distance normalization applied. Candidate only until final source-profile freeze. Supersedes overlay acquisition status 'vector_profile_candidate_recovered' for numerical availability; prior source family retained in provenance: Elson 2017 / WHISP (Butler et al. 2017 reconstruction sample) — Elson 2017 WHISP Appendix vector profile candidate: 50 exact vector vertices; physical axes reconstructed from audited source R_HI and mean-Sigma anchors; raw HI; no helium or frozen-distance normalization applied. Candidate only until final source-profile freeze.
UGC12732,calibration,254e17dbe22eb8371384e3c7f301f9936181b99384518e772be861567e4e896f,1,1,available_nonpublic_request_required,0,0,SPARC_azimuthally_averaged_HI_profile_private_compilation,0,1,"Profile reported available in the 169-galaxy SPARC HI compilation, but no public download verified; acquisition from authors/original literature required before ingestion.",1,Elson 2017 / WHISP (Butler et al. 2017 reconstruction sample),vector_profile_candidate_recovered,50,raw HI surface density candidate from published vector curve,helium not applied; Elson mass accounting applies helium downstream,1,data/stationary/source_reconstruction/elson2017_whisp_vector_profiles_candidate_v1.csv,Elson 2017 WHISP Appendix vector profile candidate: 50 exact vector vertices; physical axes reconstructed from audited source R_HI and mean-Sigma anchors; raw HI; no helium or frozen-distance normalization applied. Candidate only until final source-profile freeze. Supersedes overlay acquisition status 'vector_profile_candidate_recovered' for numerical availability; prior source family retained in provenance: Elson 2017 / WHISP (Butler et al. 2017 reconstruction sample) — Elson 2017 WHISP Appendix vector profile candidate: 50 exact vector vertices; physical axes reconstructed from audited source R_HI and mean-Sigma anchors; raw HI; no helium or frozen-distance normalization applied. Candidate only until final source-profile freeze. Supersedes overlay acquisition status 'vector_profile_candidate_recovered' for numerical availability; prior source family retained in provenance: Elson 2017 / WHISP (Butler et al. 2017 reconstruction sample) — Elson 2017 WHISP Appendix vector profile candidate: 50 exact vector vertices; physical axes reconstructed from audited source R_HI and mean-Sigma anchors; raw HI; no helium or frozen-distance normalization applied. Candidate only until final source-profile freeze. Supersedes overlay acquisition status 'vector_profile_candidate_recovered' for numerical availability; prior source family retained in provenance: Elson 2017 / WHISP (Butler et al. 2017 reconstruction sample) — Elson 2017 WHISP Appendix vector profile candidate: 50 exact vector vertices; physical axes reconstructed from audited source R_HI and mean-Sigma anchors; raw HI; no helium or frozen-distance normalization applied. Candidate only until final source-profile freeze. Supersedes overlay acquisition status 'vector_profile_candidate_recovered' for numerical availability; prior source family retained in provenance: Elson 2017 / WHISP (Butler et al. 2017 reconstruction sample) — Elson 2017 WHISP Appendix vector profile candidate: 50 exact vector vertices; physical axes reconstructed from audited source R_HI and mean-Sigma anchors; raw HI; no helium or frozen-distance normalization applied. Candidate only until final source-profile freeze. Supersedes overlay acquisition status 'vector_profile_candidate_recovered' for numerical availability; prior source family retained in provenance: Elson 2017 / WHISP (Butler et al. 2017 reconstruction sample) — Elson 2017 WHISP Appendix vector profile candidate: 50 exact vector vertices; physical axes reconstructed from audited source R_HI and mean-Sigma anchors; raw HI; no helium or frozen-distance normalization applied. Candidate only until final source-profile freeze. Supersedes overlay acquisition status 'vector_profile_candidate_recovered' for numerical availability; prior source family retained in provenance: Elson 2017 / WHISP (Butler et al. 2017 reconstruction sample) — Elson 2017 WHISP Appendix vector profile candidate: 50 exact vector vertices; physical axes reconstructed from audited source R_HI and mean-Sigma anchors; raw HI; no helium or frozen-distance normalization applied. Candidate only until final source-profile freeze. Supersedes overlay acquisition status 'vector_profile_candidate_recovered' for numerical availability; prior source family retained in provenance: Elson 2017 / WHISP (Butler et al. 2017 reconstruction sample) — Elson 2017 WHISP Appendix vector profile candidate: 50 exact vector vertices; physical axes reconstructed from audited source R_HI and mean-Sigma anchors; raw HI; no helium or frozen-distance normalization applied. Candidate only until final source-profile freeze. Supersedes overlay acquisition status 'vector_profile_candidate_recovered' for numerical availability; prior source family retained in provenance: Elson 2017 / WHISP (Butler et al. 2017 reconstruction sample) — Elson 2017 WHISP Appendix vector profile candidate: 50 exact vector vertices; physical axes reconstructed from audited source R_HI and mean-Sigma anchors; raw HI; no helium or frozen-distance normalization applied. Candidate only until final source-profile freeze. Supersedes overlay acquisition status 'vector_profile_candidate_recovered' for numerical availability; prior source family retained in provenance: Elson 2017 / WHISP (Butler et al. 2017 reconstruction sample) — Elson 2017 WHISP Appendix vector profile candidate: 50 exact vector vertices; physical axes reconstructed from audited source R_HI and mean-Sigma anchors; raw HI; no helium or frozen-distance normalization applied. Candidate only until final source-profile freeze. Supersedes overlay acquisition status 'vector_profile_candidate_recovered' for numerical availability; prior source family retained in provenance: Elson 2017 / WHISP (Butler et al. 2017 reconstruction sample) — Elson 2017 WHISP Appendix vector profile candidate: 50 exact vector vertices; physical axes reconstructed from audited source R_HI and mean-Sigma anchors; raw HI; no helium or frozen-distance normalization applied. Candidate only until final source-profile freeze. Supersedes overlay acquisition status 'vector_profile_candidate_recovered' for numerical availability; prior source family retained in provenance: Elson 2017 / WHISP (Butler et al. 2017 reconstruction sample) — Elson 2017 WHISP Appendix vector profile candidate: 50 exact vector vertices; physical axes reconstructed from audited source R_HI and mean-Sigma anchors; raw HI; no helium or frozen-distance normalization applied. Candidate only until final source-profile freeze. Supersedes overlay acquisition status 'vector_profile_candidate_recovered' for numerical availability; prior source family retained in provenance: Elson 2017 / WHISP (Butler et al. 2017 reconstruction sample) — Elson 2017 WHISP Appendix vector profile candidate: 50 exact vector vertices; physical axes reconstructed from audited source R_HI and mean-Sigma anchors; raw HI; no helium or frozen-distance normalization applied. Candidate only until final source-profile freeze. Supersedes overlay acquisition status 'vector_profile_candidate_recovered' for numerical availability; prior source family retained in provenance: Elson 2017 / WHISP (Butler et al. 2017 reconstruction sample) — Elson 2017 WHISP Appendix vector profile candidate: 50 exact vector vertices; physical axes reconstructed from audited source R_HI and mean-Sigma anchors; raw HI; no helium or frozen-distance normalization applied. Candidate only until final source-profile freeze. Supersedes overlay acquisition status 'vector_profile_candidate_recovered' for numerical availability; prior source family retained in provenance: Elson 2017 / WHISP (Butler et al. 2017 reconstruction sample) — Elson 2017 WHISP Appendix vector profile candidate: 50 exact vector vertices; physical axes reconstructed from audited source R_HI and mean-Sigma anchors; raw HI; no helium or frozen-distance normalization applied. Candidate only until final source-profile freeze. Supersedes overlay acquisition status 'vector_profile_candidate_recovered' for numerical availability; prior source family retained in provenance: Elson 2017 / WHISP (Butler et al. 2017 reconstruction sample) — Elson 2017 WHISP Appendix vector profile candidate: 50 exact vector vertices; physical axes reconstructed from audited source R_HI and mean-Sigma anchors; raw HI; no helium or frozen-distance normalization applied. Candidate only until final source-profile freeze. Supersedes overlay acquisition status 'vector_profile_candidate_recovered' for numerical availability; prior source family retained in provenance: Elson 2017 / WHISP (Butler et al. 2017 reconstruction sample) — Elson 2017 WHISP Appendix vector profile candidate: 50 exact vector vertices; physical axes reconstructed from audited source R_HI and mean-Sigma anchors; raw HI; no helium or frozen-distance normalization applied. Candidate only until final source-profile freeze. Supersedes overlay acquisition status 'vector_profile_candidate_recovered' for numerical availability; prior source family retained in provenance: Elson 2017 / WHISP (Butler et al. 2017 reconstruction sample) — Elson 2017 WHISP Appendix vector profile candidate: 50 exact vector vertices; physical axes reconstructed from audited source R_HI and mean-Sigma anchors; raw HI; no helium or frozen-distance normalization applied. Candidate only until final source-profile freeze. Supersedes overlay acquisition status 'vector_profile_candidate_recovered' for numerical availability; prior source family retained in provenance: Elson 2017 / WHISP (Butler et al. 2017 reconstruction sample) — Elson 2017 WHISP Appendix vector profile candidate: 50 exact vector vertices; physical axes reconstructed from audited source R_HI and mean-Sigma anchors; raw HI; no helium or frozen-distance normalization applied. Candidate only until final source-profile freeze. Supersedes overlay acquisition status 'vector_profile_candidate_recovered' for numerical availability; prior source family retained in provenance: Elson 2017 / WHISP (Butler et al. 2017 reconstruction sample) — Elson 2017 WHISP Appendix vector profile candidate: 50 exact vector vertices; physical axes reconstructed from audited source R_HI and mean-Sigma anchors; raw HI; no helium or frozen-distance normalization applied. Candidate only until final source-profile freeze. Supersedes overlay acquisition status 'vector_profile_candidate_recovered' for numerical availability; prior source family retained in provenance: Elson 2017 / WHISP (Butler et al. 2017 reconstruction sample) — Elson 2017 WHISP Appendix vector profile candidate: 50 exact vector vertices; physical axes reconstructed from audited source R_HI and mean-Sigma anchors; raw HI; no helium or frozen-distance normalization applied. Candidate only until final source-profile freeze. Supersedes overlay acquisition status 'vector_profile_candidate_recovered' for numerical availability; prior source family retained in provenance: Elson 2017 / WHISP (Butler et al. 2017 reconstruction sample) — Elson 2017 WHISP Appendix vector profile candidate: 50 exact vector vertices; physical axes reconstructed from audited source R_HI and mean-Sigma anchors; raw HI; no helium or frozen-distance normalization applied. Candidate only until final source-profile freeze.
UGCA442,blind,254e17dbe22eb8371384e3c7f301f9936181b99384518e772be861567e4e896f,1,1,available_nonpublic_request_required,0,0,SPARC_azimuthally_averaged_HI_profile_private_compilation,0,1,"Profile reported available in the 169-galaxy SPARC HI compilation, but no public download verified; acquisition from authors/original literature required before ingestion.",1,Cote Carignan & Freeman 2000,direct_profile_identified_numeric_pending,0,published gas surface density,published Figure 3 already includes 4/3 helium,0,validation/stationary/COTE2000_PROFILE_AUDIT_V1.md,One of the exact three Cote frozen overlaps; Figure 3 digitization pending.
UGCA444,blind,254e17dbe22eb8371384e3c7f301f9936181b99384518e772be861567e4e896f,1,1,available_nonpublic_request_required,0,0,SPARC_azimuthally_averaged_HI_profile_private_compilation,0,1,"Profile reported available in the 169-galaxy SPARC HI compilation, but no public download verified; acquisition from authors/original literature required before ingestion.",0,,available_nonpublic_request_required,,,,0,,"Profile reported available in the 169-galaxy SPARC HI compilation, but no public download verified; acquisition from authors/original literature required before ingestion."
