vxbin,vybin,vzbin,n_quality
-35,-114,-322,1
-33,19,-163,1
-23,-17,-37,1
-22,-13,-128,1
-21,-43,-126,1
-21,41,-100,1
-20,-13,84,1
-19,14,-88,1
-19,17,84,1
-18,-40,127,1
-18,-29,-35,1
-18,-10,52,1
-17,-24,-31,1
-17,-17,-45,1
-17,-16,-39,1
-16,-17,-42,1
-15,-108,-263,1
-15,-31,134,1
-15,5,-64,1
-13,-23,-57,1
-13,-17,-34,1
-13,-10,-14,1
-13,3,-83,1
-13,7,-30,1
-12,-31,36,1
-12,-13,40,1
-12,7,-21,1
-12,14,76,1
-11,-39,67,1
-11,-34,65,1
-11,-27,-48,1
-11,-21,-37,1
-11,6,25,1
-10,-6,-25,1
-9,-81,95,1
-9,-69,-204,1
-9,-8,-20,1
-9,-5,-7,1
-8,-46,-52,1
-8,-14,-38,1
-8,-12,43,1
-8,-9,-66,1
-8,-9,-40,1
-8,-8,-37,1
-8,-6,38,1
-8,-5,-48,1
-8,2,23,1
-8,10,-116,1
-7,-22,29,1
-7,-18,60,1
-7,-16,-41,1
-7,-14,-32,1
-7,-11,-30,1
-7,-9,38,1
-7,-5,-23,1
-7,4,-56,1
-7,20,-99,1
-6,-63,-182,1
-6,-62,-174,1
-6,-61,-172,1
-6,-27,30,1
-6,-25,-25,1
-6,-19,23,1
-6,-15,-24,1
-6,-13,-20,1
-6,-9,-84,1
-6,-9,29,1
-6,-6,-45,1
-6,1,-18,1
-6,7,-13,1
-5,-78,-194,1
-5,-56,-163,1
-5,-22,-32,1
-5,-22,14,1
-5,-17,24,4
-5,-16,24,1
-5,-12,60,1
-5,-11,25,1
-5,-11,36,1
-5,-10,-30,1
-5,-8,46,1
-5,-7,-22,1
-5,-7,45,1
-5,-7,46,1
-5,4,-20,1
-5,10,52,1
-4,-31,-81,1
-4,-29,-12,1
-4,-29,46,1
-4,-22,-25,1
-4,-14,-39,1
-4,-13,-39,1
-4,-12,-18,1
-4,-12,-17,1
-4,-10,29,1
-4,-7,-18,1
-4,-7,32,1
-4,-6,-25,1
-4,11,60,1
-3,-57,-170,1
-3,-45,-43,1
-3,-25,56,1
-3,-22,-29,1
-3,-21,-93,1
-3,-20,-34,1
-3,-19,25,1
-3,-18,-31,1
-3,-17,-43,1
-3,-16,23,1
-3,-15,31,1
-3,-9,30,1
-3,-9,33,1
-3,-7,-34,1
-3,-7,31,1
-3,-6,-29,1
-3,-4,-57,1
-3,-4,-45,1
-3,-4,-38,1
-3,-3,-58,1
-3,-1,-53,1
-3,-1,-13,1
-3,2,25,1
-3,5,-31,1
-3,5,-30,1
-3,6,-83,1
-2,-30,27,1
-2,-24,32,1
-2,-24,83,1
-2,-22,-30,1
-2,-20,23,1
-2,-19,116,1
-2,-16,-47,1
-2,-16,-37,1
-2,-16,21,1
-2,-15,-24,1
-2,-14,-20,1
-2,-13,-17,1
-2,-12,-39,1
-2,-12,-31,1
-2,-12,24,1
-2,-11,-125,1
-2,-10,-17,1
-2,-10,-16,1
-2,-7,-36,1
-2,-7,-22,1
-2,-7,-16,1
-2,-6,-55,1
-2,-6,15,1
-2,-4,-41,1
-2,-3,-36,1
-2,-1,25,1
-2,1,-14,1
-2,2,-49,1
-2,5,-29,2
-2,5,-18,1
-2,5,-12,1
-2,10,-48,1
-1,-39,-120,1
-1,-21,55,1
-1,-20,29,1
-1,-19,22,1
-1,-18,-22,1
-1,-16,29,1
-1,-15,21,1
-1,-14,-19,1
-1,-14,-18,1
-1,-13,-62,1
-1,-12,-36,1
-1,-12,-33,1
-1,-12,-18,1
-1,-12,-11,1
-1,-10,-28,1
-1,-9,23,1
-1,-8,32,1
-1,-7,-22,1
-1,-6,-21,1
-1,-6,-18,1
-1,-6,27,1
-1,-5,-38,1
-1,-5,-25,1
-1,-5,-23,1
-1,-5,-22,1
-1,-5,-21,1
-1,-5,9,1
-1,-4,-20,1
-1,-3,-17,1
-1,-1,-16,1
-1,1,-16,1
-1,1,24,1
-1,5,-22,1
-1,5,-16,2
-1,6,-49,1
-1,6,-29,1
-1,8,-16,1
-1,9,-26,1
-1,10,-63,1
0,-59,-151,1
0,-54,-154,1
0,-48,-137,1
0,-29,-29,1
0,-25,48,1
0,-24,63,1
0,-23,-28,1
0,-22,33,1
0,-20,-93,1
0,-19,-41,1
0,-19,21,1
0,-19,25,1
0,-17,23,1
0,-17,32,1
0,-15,-22,1
0,-15,20,1
0,-14,-45,1
0,-10,30,1
0,-9,-58,1
0,-9,-26,1
0,-8,-24,1
0,-8,29,1
0,-7,-31,1
0,-7,48,1
0,-6,16,1
0,-6,32,1
0,-6,33,1
0,-6,48,1
0,-5,-21,1
0,-4,-20,1
0,-4,33,1
0,-4,70,1
0,-2,-19,2
0,-1,-49,1
0,-1,-11,1
0,1,-17,1
0,1,-16,1
0,1,18,1
0,3,-16,1
0,4,-22,1
0,5,-28,1
0,5,-15,1
0,23,-64,1
1,-56,-161,1
1,-54,-149,1
1,-54,-15,1
1,-21,75,1
1,-20,-31,1
1,-20,44,1
1,-18,-23,1
1,-18,20,1
1,-17,-19,1
1,-16,-27,1
1,-16,-25,1
1,-15,-10,1
1,-15,28,1
1,-14,-42,1
1,-14,19,1
1,-13,-14,1
1,-10,-89,1
1,-10,-35,1
1,-9,-26,1
1,-9,-15,1
1,-9,30,1
1,-8,-19,1
1,-8,42,1
1,-7,29,1
1,-7,46,1
1,-6,-27,1
1,-6,-20,1
1,-6,26,1
1,-6,41,1
1,-5,-21,1
1,-5,22,2
1,-5,28,1
1,-4,38,1
1,-3,32,1
1,-2,-18,1
1,-2,-14,1
1,-1,-30,1
1,-1,-11,1
1,0,-78,1
1,0,-14,1
1,0,-10,1
1,0,22,1
1,1,-52,1
1,1,-22,1
1,1,-15,1
1,1,28,1
1,3,-43,1
1,4,-75,1
1,5,-14,2
1,7,-17,1
1,7,-15,1
1,9,-43,1
2,-30,-45,1
2,-29,2,1
2,-28,48,1
2,-27,-23,1
2,-27,73,1
2,-24,-16,1
2,-23,-20,1
2,-22,-29,1
2,-22,43,1
2,-21,-26,1
2,-20,21,1
2,-19,-8,1
2,-18,-32,1
2,-18,20,1
2,-18,104,1
2,-17,-21,1
2,-17,-19,1
2,-17,-15,1
2,-16,-25,1
2,-16,20,1
2,-14,-22,1
2,-14,18,1
2,-13,19,1
2,-13,43,1
2,-12,-28,1
2,-12,-23,1
2,-12,-17,1
2,-11,-11,1
2,-10,-15,1
2,-10,-13,1
2,-10,25,1
2,-10,32,1
2,-9,-33,1
2,-8,-17,1
2,-7,-19,1
2,-7,41,1
2,-6,-20,1
2,-6,-14,1
2,-6,26,1
2,-5,34,1
2,-4,-59,1
2,-4,-56,1
2,-4,31,1
2,-3,-37,1
2,-1,-53,1
2,-1,-15,1
2,-1,-10,1
2,-1,-6,1
2,0,-17,2
2,0,-10,1
2,1,-15,2
2,1,17,1
2,2,-19,2
2,4,-27,1
2,4,-20,1
2,5,-16,1
2,10,-53,1
2,20,-41,1
2,22,-73,1
2,23,-62,1
2,23,-57,1
3,-58,-142,1
3,-50,-145,1
3,-28,-35,1
3,-26,-82,1
3,-24,47,1
3,-22,-23,1
3,-20,-23,1
3,-18,-25,2
3,-18,-22,1
3,-18,20,1
3,-17,-21,2
3,-16,-20,1
3,-16,-18,2
3,-16,-17,1
3,-15,-25,1
3,-15,-17,1
3,-15,22,1
3,-15,23,1
3,-14,-20,1
3,-14,19,1
3,-13,-40,1
3,-12,-12,1
3,-11,-36,1
3,-11,-22,1
3,-11,-14,2
3,-10,-36,1
3,-10,-27,1
3,-10,-26,2
3,-10,-15,1
3,-9,-25,1
3,-8,-22,1
3,-8,-13,1
3,-8,16,1
3,-8,43,1
3,-7,15,1
3,-7,27,2
3,-7,40,1
3,-7,41,1
3,-6,-19,4
3,-6,-18,1
3,-6,-15,1
3,-6,18,1
3,-6,24,1
3,-6,25,2
3,-6,30,1
3,-5,-27,1
3,-5,18,1
3,-5,19,1
3,-5,24,1
3,-4,-27,1
3,-4,-24,1
3,-4,-19,1
3,-4,28,1
3,-3,-73,1
3,-3,-36,1
3,-3,44,1
3,-2,-15,2
3,-1,-13,1
3,-1,-10,1
3,-1,22,1
3,0,-11,2
3,0,15,1
3,1,22,1
3,2,-49,1
3,2,-17,1
3,3,-16,1
3,4,-26,1
3,4,-13,2
3,4,44,1
3,5,-44,1
3,5,-25,2
3,5,-20,1
3,5,-13,1
3,7,-15,1
3,7,-14,1
3,9,-40,1
3,9,42,1
3,10,-14,1
3,13,-81,1
3,18,18,1
3,26,-22,1
4,-49,-133,1
4,-48,-135,1
4,-47,-130,1
4,-37,44,1
4,-32,-24,1
4,-27,-35,1
4,-25,-27,1
4,-25,20,1
4,-23,-18,1
4,-21,-24,1
4,-20,-25,1
4,-20,-24,1
4,-20,-9,1
4,-19,-134,1
4,-19,-24,2
4,-19,52,1
4,-18,54,1
4,-17,-15,1
4,-17,18,1
4,-16,-38,1
4,-16,-27,1
4,-16,-20,1
4,-16,-19,1
4,-16,-18,1
4,-15,-23,1
4,-15,-13,1
4,-15,-10,1
4,-14,-23,1
4,-14,-21,1
4,-14,-9,1
4,-13,-9,1
4,-13,18,1
4,-12,-18,2
4,-12,-17,1
4,-12,-16,2
4,-11,-15,1
4,-11,-14,1
4,-10,-31,1
4,-10,-25,1
4,-10,-15,1
4,-10,-12,1
4,-10,39,1
4,-9,-33,1
4,-9,-24,1
4,-9,-14,1
4,-9,-8,1
4,-8,-14,1
4,-8,-13,1
4,-8,-11,1
4,-8,23,1
4,-8,25,1
4,-7,-17,1
4,-7,-10,1
4,-7,16,1
4,-7,29,1
4,-6,-27,1
4,-6,-19,1
4,-6,-18,2
4,-6,15,1
4,-6,17,1
4,-6,24,1
4,-6,49,1
4,-5,-27,1
4,-5,-19,2
4,-5,-9,1
4,-5,12,1
4,-5,17,1
4,-5,25,1
4,-5,43,1
4,-4,-31,1
4,-4,-17,1
4,-4,29,1
4,-4,40,1
4,-3,-35,1
4,-3,30,1
4,-2,-18,1
4,-2,-17,1
4,-2,-16,1
4,-2,-14,1
4,-2,-13,3
4,-1,-63,1
4,-1,-42,1
4,-1,-26,1
4,-1,-13,2
4,0,-15,1
4,0,-14,2
4,0,-11,1
4,0,-9,1
4,1,-14,1
4,1,-13,1
4,1,6,1
4,1,14,1
4,2,-18,1
4,2,-14,1
4,2,17,1
4,3,-14,1
4,4,-24,1
4,4,-20,1
4,4,-14,1
4,4,-13,1
4,4,-9,1
4,4,42,1
4,5,-25,1
4,5,-13,1
4,6,-23,1
4,6,-21,1
4,6,-14,1
4,9,-40,1
4,10,-13,1
4,13,28,1
4,17,19,1
4,21,-14,1
5,-123,-216,1
5,-46,-135,1
5,-31,-32,1
5,-31,36,1
5,-30,-35,1
5,-28,37,1
5,-27,-120,1
5,-23,-20,1
5,-21,-23,1
5,-21,-17,1
5,-20,-25,1
5,-20,-17,1
5,-19,-24,1
5,-19,-23,2
5,-18,21,1
5,-18,81,1
5,-17,-37,1
5,-17,-28,1
5,-17,-15,1
5,-17,56,1
5,-16,-21,1
5,-16,-20,1
5,-16,16,1
5,-16,17,1
5,-15,-34,1
5,-15,18,2
5,-14,-23,2
5,-14,-22,1
5,-14,-17,1
5,-14,-15,1
5,-14,-8,1
5,-13,-18,1
5,-13,17,1
5,-13,18,2
5,-12,-38,1
5,-12,-16,1
5,-12,-14,1
5,-12,35,1
5,-11,-107,1
5,-11,-24,1
5,-11,-16,2
5,-10,-28,1
5,-10,-25,1
5,-10,-15,2
5,-10,-14,3
5,-10,-11,1
5,-10,19,1
5,-9,-60,1
5,-9,-22,1
5,-9,-18,1
5,-9,23,2
5,-8,-56,1
5,-8,-25,1
5,-8,14,1
5,-8,24,1
5,-8,26,1
5,-7,-45,1
5,-7,-20,3
5,-7,-19,1
5,-7,-16,2
5,-7,22,1
5,-7,37,1
5,-6,-29,1
5,-6,-22,1
5,-6,-19,2
5,-6,-18,1
5,-6,-17,2
5,-6,-10,1
5,-6,5,1
5,-6,14,1
5,-6,23,1
5,-6,24,1
5,-6,28,2
5,-6,34,1
5,-6,35,1
5,-5,-43,1
5,-5,-28,1
5,-5,-22,1
5,-5,-18,2
5,-5,-17,1
5,-5,-14,1
5,-5,23,1
5,-5,49,1
5,-4,-25,1
5,-4,-22,1
5,-4,-21,1
5,-4,-20,1
5,-4,-19,1
5,-4,-17,1
5,-3,-33,1
5,-3,-31,1
5,-3,-29,1
5,-3,-21,1
5,-2,-39,1
5,-2,-25,1
5,-2,-17,1
5,-2,-12,1
5,-1,-37,1
5,-1,-25,1
5,-1,-17,1
5,-1,-13,1
5,-1,-12,3
5,-1,-10,2
5,-1,-9,2
5,0,-21,1
5,0,-19,1
5,0,-13,1
5,0,-12,2
5,0,-11,2
5,0,14,1
5,0,20,1
5,1,-14,1
5,1,36,1
5,2,-15,1
5,2,-14,1
5,2,-12,1
5,3,-11,1
5,4,-40,1
5,4,-24,4
5,4,-23,2
5,4,-18,2
5,4,-14,1
5,4,-13,4
5,4,-12,1
5,4,-10,1
5,4,40,1
5,7,31,1
5,7,38,1
5,10,-14,1
5,10,-8,1
5,12,45,1
5,13,26,1
5,14,-13,1
5,19,-9,1
6,-60,-145,1
6,-44,-130,1
6,-44,-123,1
6,-42,-127,1
6,-40,37,1
6,-28,25,1
6,-26,-30,1
6,-23,19,1
6,-23,20,1
6,-22,25,1
6,-20,27,1
6,-19,-23,2
6,-19,-7,1
6,-18,-22,2
6,-18,42,1
6,-17,-26,1
6,-17,-17,1
6,-17,17,1
6,-16,-20,1
6,-16,31,1
6,-16,54,1
6,-15,-36,1
6,-15,-33,1
6,-15,-20,1
6,-15,-19,1
6,-15,-18,1
6,-15,16,1
6,-15,18,1
6,-14,-23,2
6,-14,-21,1
6,-14,-16,1
6,-14,-15,1
6,-14,19,2
6,-14,39,1
6,-14,40,1
6,-13,-23,1
6,-13,-22,1
6,-13,-19,1
6,-13,14,1
6,-13,17,1
6,-12,-17,1
6,-12,16,1
6,-12,17,1
6,-12,18,1
6,-11,-17,1
6,-11,-11,2
6,-11,22,1
6,-10,-54,1
6,-10,-21,2
6,-10,-14,2
6,-9,-68,1
6,-9,-25,1
6,-9,-24,1
6,-9,-13,1
6,-9,-11,1
6,-9,-10,1
6,-9,-9,1
6,-9,18,1
6,-8,-24,1
6,-8,-23,1
6,-8,-21,2
6,-8,-18,1
6,-8,17,2
6,-8,23,1
6,-7,-43,1
6,-7,-19,1
6,-7,-16,1
6,-7,-15,1
6,-7,-10,1
6,-7,21,1
6,-7,26,2
6,-7,35,1
6,-7,36,2
6,-6,-33,1
6,-6,-20,2
6,-6,-17,2
6,-6,14,1
6,-6,24,1
6,-6,25,1
6,-5,-51,1
6,-5,-26,1
6,-5,-22,1
6,-5,-18,4
6,-5,-17,6
6,-5,-16,1
6,-5,-13,1
6,-5,-12,2
6,-5,-8,1
6,-5,14,1
6,-5,17,1
6,-5,22,2
6,-5,23,1
6,-5,26,1
6,-5,33,1
6,-4,-37,1
6,-4,-24,1
6,-4,-21,1
6,-4,-20,1
6,-4,-19,1
6,-4,-18,1
6,-4,-17,1
6,-4,18,1
6,-4,24,1
6,-4,44,2
6,-3,-72,1
6,-3,-44,1
6,-3,-32,1
6,-3,-22,1
6,-3,-21,1
6,-3,-16,1
6,-3,-14,1
6,-3,40,1
6,-2,-29,1
6,-2,-15,1
6,-2,-13,1
6,-2,-12,1
6,-2,-11,1
6,-1,-69,1
6,-1,-64,1
6,-1,-55,1
6,-1,-39,1
6,-1,-25,1
6,-1,-12,2
6,-1,-11,1
6,-1,-10,1
6,-1,-9,1
6,-1,19,1
6,-1,27,1
6,0,-20,1
6,0,-13,2
6,0,-11,1
6,0,13,1
6,0,14,1
6,1,-44,1
6,1,-20,1
6,1,-14,2
6,1,-13,1
6,2,-16,1
6,2,-12,1
6,4,-23,1
6,4,-13,3
6,4,-12,8
6,4,-8,1
6,6,-20,2
6,6,-14,2
6,6,-13,1
6,6,-12,1
6,7,33,1
6,10,-51,1
6,10,-12,1
6,10,-10,1
6,11,41,1
6,17,15,1
6,20,-64,1
6,26,-102,1
7,-38,24,1
7,-35,48,1
7,-27,-68,1
7,-26,38,1
7,-22,20,1
7,-21,39,1
7,-19,26,1
7,-18,-21,1
7,-18,-20,3
7,-17,10,1
7,-17,49,1
7,-16,-22,1
7,-16,-21,1
7,-16,-19,1
7,-15,-25,1
7,-15,-23,1
7,-15,-19,1
7,-15,-18,3
7,-15,-17,1
7,-15,15,1
7,-15,17,2
7,-15,18,1
7,-14,-24,1
7,-14,-16,1
7,-14,-15,2
7,-14,-14,1
7,-14,17,1
7,-14,23,1
7,-14,30,1
7,-13,-50,1
7,-13,-22,2
7,-13,-18,1
7,-13,-17,1
7,-13,-15,1
7,-13,21,1
7,-13,32,2
7,-12,-54,1
7,-12,15,1
7,-12,17,2
7,-11,-46,1
7,-11,-23,3
7,-11,-15,2
7,-11,-14,1
7,-11,-11,1
7,-11,16,1
7,-11,32,1
7,-11,36,1
7,-10,-26,1
7,-10,-23,1
7,-10,-15,2
7,-10,-14,1
7,-10,-13,2
7,-9,-20,1
7,-9,-14,1
7,-9,-13,1
7,-9,-12,1
7,-9,-10,1
7,-9,17,1
7,-9,50,1
7,-8,-28,1
7,-8,-23,2
7,-8,-22,1
7,-8,-21,2
7,-8,-13,1
7,-8,-12,1
7,-8,-11,1
7,-8,18,1
7,-8,21,2
7,-7,-42,1
7,-7,-20,1
7,-7,-16,1
7,-7,-13,3
7,-7,17,1
7,-7,18,3
7,-7,26,1
7,-7,31,1
7,-6,-30,1
7,-6,-18,1
7,-6,-11,1
7,-6,14,1
7,-6,23,1
7,-6,24,2
7,-6,33,1
7,-6,44,1
7,-5,-27,2
7,-5,-25,1
7,-5,-21,1
7,-5,-20,1
7,-5,-18,1
7,-5,-17,2
7,-5,-16,5
7,-5,-12,1
7,-5,-8,1
7,-5,21,4
7,-5,22,1
7,-5,27,1
7,-5,42,1
7,-4,-29,1
7,-4,-21,1
7,-4,-19,1
7,-4,-18,1
7,-4,-17,1
7,-4,-16,1
7,-4,7,1
7,-4,11,2
7,-4,12,1
7,-4,23,1
7,-4,24,1
7,-4,29,1
7,-4,34,1
7,-3,-35,1
7,-3,-23,1
7,-3,-21,1
7,-3,-20,1
7,-3,27,1
7,-3,32,1
7,-3,36,1
7,-2,-27,1
7,-2,-16,1
7,-2,-15,3
7,-2,-14,2
7,-2,-13,1
7,-2,-12,2
7,-2,13,1
7,-2,14,4
7,-1,-24,1
7,-1,-23,1
7,-1,-19,1
7,-1,-16,1
7,-1,-12,4
7,-1,-11,1
7,-1,-10,2
7,-1,-9,1
7,0,-18,1
7,0,-14,1
7,0,-12,4
7,0,-11,2
7,0,-10,2
7,0,-9,1
7,0,-8,1
7,0,13,3
7,0,14,1
7,0,17,1
7,0,18,1
7,0,19,1
7,0,22,1
7,1,-50,1
7,1,-43,1
7,1,-33,1
7,1,-15,1
7,1,-13,1
7,1,-12,3
7,1,14,1
7,1,15,2
7,1,18,1
7,2,-34,1
7,2,-16,1
7,2,-15,1
7,2,-13,2
7,2,-12,1
7,2,-10,1
7,3,-21,1
7,4,-38,1
7,4,-23,2
7,4,-22,3
7,4,-18,1
7,4,-13,2
7,4,-12,8
7,4,-11,1
7,4,-8,1
7,6,-43,1
7,6,-13,1
7,6,29,1
7,7,-52,1
7,7,35,1
7,8,-44,1
7,8,-18,1
7,8,43,1
7,11,-70,1
7,14,23,1
7,15,15,1
7,15,22,1
7,16,16,1
7,17,22,1
7,19,-46,1
7,19,-12,1
7,24,-11,1
8,-50,-119,1
8,-48,35,1
8,-36,-102,1
8,-33,-74,1
8,-28,33,1
8,-27,5,1
8,-22,17,1
8,-21,18,1
8,-21,26,1
8,-20,-56,1
8,-20,18,1
8,-19,-16,1
8,-19,-13,1
8,-19,15,1
8,-19,24,1
8,-19,60,1
8,-18,-10,1
8,-18,13,1
8,-18,40,1
8,-18,41,1
8,-17,-50,1
8,-17,-23,2
8,-17,-21,1
8,-17,18,1
8,-17,20,1
8,-17,25,1
8,-16,-30,1
8,-16,-19,1
8,-16,17,1
8,-16,39,1
8,-16,42,1
8,-15,-23,1
8,-15,-22,1
8,-15,-14,1
8,-15,15,1
8,-15,16,2
8,-15,23,1
8,-14,-33,1
8,-14,-21,1
8,-14,-18,3
8,-14,14,1
8,-14,17,1
8,-14,20,1
8,-14,23,1
8,-14,29,1
8,-14,63,1
8,-13,-23,1
8,-13,-21,1
8,-13,-15,2
8,-13,-14,1
8,-13,17,1
8,-12,-20,2
8,-12,-17,1
8,-12,-16,1
8,-12,-15,1
8,-12,-8,1
8,-12,14,3
8,-12,15,1
8,-12,19,1
8,-12,31,1
8,-11,-34,2
8,-11,-18,1
8,-11,-15,2
8,-11,-12,1
8,-11,14,1
8,-11,15,3
8,-11,16,3
8,-10,-61,1
8,-10,-20,1
8,-10,-15,7
8,-10,-14,1
8,-10,-7,1
8,-10,9,1
8,-9,-23,1
8,-9,-22,1
8,-9,-13,4
8,-9,-12,2
8,-8,-69,1
8,-8,-29,1
8,-8,-27,1
8,-8,-21,3
8,-8,-12,2
8,-8,17,1
8,-8,18,2
8,-8,25,2
8,-8,33,1
8,-8,42,1
8,-7,-57,1
8,-7,-19,1
8,-7,-18,1
8,-7,-12,2
8,-7,-11,1
8,-7,16,1
8,-7,23,1
8,-6,-23,1
8,-6,-14,1
8,-6,13,1
8,-6,15,1
8,-6,22,1
8,-6,24,1
8,-6,25,1
8,-6,33,1
8,-6,42,1
8,-5,-37,1
8,-5,-27,1
8,-5,-26,1
8,-5,-25,2
8,-5,-24,2
8,-5,-23,2
8,-5,-21,2
8,-5,-20,1
8,-5,-17,1
8,-5,-16,4
8,-5,-15,2
8,-5,-8,1
8,-5,15,2
8,-5,20,1
8,-5,21,1
8,-5,24,1
8,-5,26,1
8,-5,30,1
8,-5,35,1
8,-5,37,1
8,-4,-72,1
8,-4,-59,1
8,-4,-31,1
8,-4,-27,1
8,-4,-17,2
8,-4,-16,3
8,-4,8,1
8,-4,12,1
8,-4,17,1
8,-4,22,1
8,-4,27,1
8,-4,40,1
8,-3,-54,1
8,-3,-47,1
8,-3,-31,1
8,-3,-15,1
8,-3,30,2
8,-3,35,1
8,-3,37,1
8,-2,-26,1
8,-2,-15,3
8,-2,-13,1
8,-2,-11,2
8,-2,13,1
8,-2,29,1
8,-1,-56,1
8,-1,-43,1
8,-1,-39,1
8,-1,-12,2
8,-1,-11,6
8,-1,-9,2
8,0,-55,1
8,0,-46,1
8,0,-37,1
8,0,-18,1
8,0,-13,1
8,0,-12,1
8,0,-11,2
8,0,-10,1
8,0,-8,3
8,0,-6,1
8,0,8,1
8,0,12,1
8,0,13,1
8,0,16,1
8,1,-44,1
8,1,-17,1
8,1,-12,1
8,1,-11,3
8,1,31,1
8,2,-35,1
8,2,-13,1
8,2,-12,3
8,3,-42,1
8,3,-35,1
8,3,-22,1
8,3,-21,1
8,3,-12,2
8,3,-11,3
8,3,-8,1
8,3,17,1
8,4,-22,1
8,4,-21,2
8,4,-20,1
8,4,-17,1
8,4,-12,7
8,4,-11,9
8,4,-9,1
8,4,-8,1
8,5,-12,2
8,6,-51,1
8,6,-13,1
8,6,28,2
8,7,-5,1
8,7,33,1
8,7,34,1
8,8,39,1
8,9,46,1
8,11,-69,1
8,12,-8,1
8,14,16,1
8,14,17,1
8,15,16,1
8,18,-48,1
8,18,-47,1
8,22,-10,1
8,26,-26,1
9,-69,112,1
9,-29,-30,1
9,-28,-29,1
9,-27,-27,1
9,-27,29,1
9,-24,9,1
9,-22,37,1
9,-21,-49,1
9,-21,-22,1
9,-21,-7,1
9,-20,-41,1
9,-20,-26,1
9,-20,-20,1
9,-20,-17,1
9,-20,19,1
9,-19,-28,1
9,-19,-16,1
9,-19,18,1
9,-17,-23,1
9,-17,-18,1
9,-17,-17,1
9,-17,-7,1
9,-17,17,1
9,-16,-29,1
9,-16,-20,1
9,-16,-19,2
9,-16,-6,1
9,-16,7,1
9,-16,25,2
9,-16,34,1
9,-15,-26,1
9,-15,-21,2
9,-15,-18,1
9,-15,-14,1
9,-15,40,1
9,-15,48,1
9,-14,-31,1
9,-14,-20,1
9,-14,-19,1
9,-14,-18,1
9,-14,-17,2
9,-14,-14,2
9,-14,-13,1
9,-14,14,1
9,-14,15,2
9,-14,18,1
9,-14,21,1
9,-14,24,1
9,-14,25,1
9,-14,28,1
9,-13,-51,1
9,-13,-24,1
9,-13,-17,2
9,-13,-15,1
9,-13,-14,3
9,-13,-12,1
9,-13,15,1
9,-13,16,1
9,-13,17,4
9,-13,23,1
9,-13,76,1
9,-12,-20,4
9,-12,-19,2
9,-12,-18,1
9,-12,-16,1
9,-12,-14,2
9,-12,-13,1
9,-12,16,1
9,-12,17,1
9,-12,19,1
9,-12,29,1
9,-11,-32,1
9,-11,-17,1
9,-11,-16,1
9,-11,-12,1
9,-11,14,2
9,-10,-32,1
9,-10,-22,2
9,-10,-14,5
9,-10,-13,1
9,-10,-9,1
9,-10,-7,1
9,-10,14,1
9,-10,17,1
9,-10,24,1
9,-10,25,1
9,-9,-27,1
9,-9,-26,2
9,-9,-21,1
9,-9,-14,1
9,-9,-13,3
9,-9,-12,1
9,-9,-8,1
9,-9,45,1
9,-8,-67,1
9,-8,-61,1
9,-8,-56,1
9,-8,-28,1
9,-8,-24,1
9,-8,-22,2
9,-8,-21,1
9,-8,-19,1
9,-8,-15,1
9,-8,-12,3
9,-8,-10,1
9,-8,16,1
9,-8,17,3
9,-8,18,1
9,-8,23,1
9,-8,25,1
9,-7,-42,1
9,-7,-27,1
9,-7,-26,1
9,-7,-22,1
9,-7,-20,2
9,-7,-18,1
9,-7,-9,1
9,-7,7,1
9,-7,15,3
9,-7,16,2
9,-7,19,1
9,-7,21,1
9,-7,22,1
9,-7,24,1
9,-7,29,1
9,-6,-55,1
9,-6,-39,1
9,-6,-29,1
9,-6,-28,2
9,-6,-20,1
9,-6,-18,3
9,-6,-13,2
9,-6,23,1
9,-6,32,1
9,-6,33,1
9,-5,-44,1
9,-5,-43,1
9,-5,-25,1
9,-5,-24,4
9,-5,-19,2
9,-5,-18,2
9,-5,-16,2
9,-5,-15,10
9,-5,-12,1
9,-5,-11,1
9,-5,14,2
9,-5,15,1
9,-5,19,1
9,-5,20,2
9,-5,22,1
9,-5,25,1
9,-5,28,1
9,-5,30,1
9,-5,34,1
9,-5,40,1
9,-4,-42,1
9,-4,-20,3
9,-4,-19,1
9,-4,-17,2
9,-4,-16,2
9,-4,-15,2
9,-4,-14,2
9,-4,-12,1
9,-4,7,1
9,-4,13,1
9,-4,15,1
9,-4,17,1
9,-4,19,2
9,-4,20,1
9,-4,32,3
9,-4,37,1
9,-3,-41,1
9,-3,-29,1
9,-3,-28,1
9,-3,-27,2
9,-3,-19,1
9,-3,-14,1
9,-3,28,1
9,-3,30,1
9,-3,34,1
9,-2,-40,1
9,-2,-39,2
9,-2,-38,1
9,-2,-24,1
9,-2,-15,1
9,-2,-13,2
9,-2,-12,2
9,-2,-11,4
9,-2,-10,3
9,-2,12,1
9,-1,-37,1
9,-1,-34,1
9,-1,-33,1
9,-1,-32,1
9,-1,-31,1
9,-1,-14,1
9,-1,-11,7
9,-1,-10,2
9,-1,-8,2
9,-1,24,1
9,0,-35,1
9,0,-16,1
9,0,-13,2
9,0,-12,5
9,0,-10,1
9,0,-9,1
9,0,7,1
9,0,12,1
9,0,14,1
9,0,16,3
9,0,17,1
9,1,-37,1
9,1,-18,1
9,1,-17,2
9,1,-16,2
9,1,-15,1
9,1,-14,2
9,1,-13,1
9,1,-12,1
9,1,-11,2
9,1,13,1
9,1,60,1
9,1,61,1
9,2,-39,3
9,2,-12,1
9,2,-11,2
9,2,-10,1
9,2,-9,1
9,3,-21,1
9,3,-20,4
9,3,-19,1
9,3,-16,1
9,3,-15,1
9,3,-12,3
9,3,-11,6
9,3,-10,1
9,3,-8,3
9,3,27,1
9,4,-46,1
9,4,-40,1
9,4,-20,3
9,4,-19,1
9,4,-12,2
9,4,-11,7
9,4,-10,1
9,4,-8,1
9,4,7,1
9,4,50,1
9,5,-39,1
9,5,-17,1
9,5,-12,3
9,5,-11,4
9,6,-11,1
9,6,26,1
9,6,32,1
9,9,-40,1
9,9,-12,1
9,10,46,1
9,11,-8,1
9,12,-70,1
9,12,-64,1
9,13,21,1
9,13,27,1
9,15,20,1
9,17,-11,1
9,18,-58,1
9,18,-57,1
9,18,-42,1
9,31,-76,1
9,32,-98,1
10,-38,30,1
10,-37,-104,1
10,-33,42,1
10,-27,-29,1
10,-23,-16,1
10,-23,27,1
10,-22,-28,1
10,-22,22,1
10,-19,-21,1
10,-19,-18,1
10,-19,51,1
10,-18,-37,1
10,-18,-10,1
10,-18,-7,1
10,-18,13,1
10,-17,-23,2
10,-17,-19,1
10,-17,-6,1
10,-17,7,1
10,-17,12,1
10,-17,27,1
10,-17,44,1
10,-16,-36,1
10,-16,-32,1
10,-16,-29,1
10,-16,-27,1
10,-16,-19,2
10,-16,18,1
10,-16,28,1
10,-16,50,1
10,-15,-25,1
10,-15,-19,1
10,-15,-18,1
10,-15,24,1
10,-15,45,1
10,-14,-31,1
10,-14,-24,1
10,-14,-22,1
10,-14,-20,1
10,-14,-16,1
10,-14,14,1
10,-14,15,1
10,-14,45,1
10,-13,-29,1
10,-13,-21,1
10,-13,-17,4
10,-13,-16,3
10,-13,-15,3
10,-13,-11,1
10,-13,11,1
10,-13,14,3
10,-13,15,2
10,-13,16,1
10,-13,21,1
10,-13,23,1
10,-13,27,1
10,-12,-39,1
10,-12,-19,1
10,-12,-14,1
10,-12,-13,3
10,-12,-9,1
10,-12,-8,1
10,-12,7,1
10,-12,15,1
10,-12,16,1
10,-11,-54,1
10,-11,-17,1
10,-11,-14,1
10,-11,-7,1
10,-11,13,2
10,-11,14,1
10,-11,22,1
10,-11,33,1
10,-10,-42,1
10,-10,-40,1
10,-10,-19,1
10,-10,-18,1
10,-10,-16,1
10,-10,-14,2
10,-10,-13,1
10,-10,-6,1
10,-10,13,2
10,-10,14,2
10,-10,15,1
10,-10,29,1
10,-10,31,1
10,-10,34,1
10,-9,-24,1
10,-9,-22,1
10,-9,-14,1
10,-9,-13,1
10,-9,12,1
10,-8,-22,2
10,-8,-21,1
10,-8,-18,2
10,-8,-12,1
10,-8,-11,4
10,-8,-8,1
10,-8,16,1
10,-8,22,1
10,-8,25,1
10,-7,-47,1
10,-7,-45,1
10,-7,-23,1
10,-7,-21,2
10,-7,-20,1
10,-7,-18,1
10,-7,-8,1
10,-7,15,1
10,-7,16,1
10,-7,23,1
10,-7,24,1
10,-7,25,1
10,-6,-53,1
10,-6,-16,1
10,-6,-13,2
10,-6,-11,3
10,-6,11,1
10,-6,19,1
10,-6,22,1
10,-5,-55,1
10,-5,-37,1
10,-5,-36,1
10,-5,-32,1
10,-5,-31,1
10,-5,-23,2
10,-5,-22,2
10,-5,-21,1
10,-5,-18,3
10,-5,-17,3
10,-5,-15,5
10,-5,-14,2
10,-5,-12,1
10,-5,-10,1
10,-5,-9,1
10,-5,-7,1
10,-5,19,1
10,-5,20,2
10,-5,21,2
10,-5,24,1
10,-5,28,1
10,-5,31,2
10,-5,38,1
10,-4,-33,2
10,-4,-23,1
10,-4,-19,2
10,-4,-17,1
10,-4,-16,1
10,-4,-15,4
10,-4,-14,2
10,-4,-11,3
10,-4,9,1
10,-4,10,1
10,-4,11,2
10,-4,12,1
10,-4,14,1
10,-4,19,2
10,-4,20,1
10,-4,21,1
10,-4,23,1
10,-4,28,1
10,-4,30,1
10,-4,38,1
10,-3,-44,1
10,-3,-40,1
10,-3,-38,2
10,-3,-37,1
10,-3,-27,1
10,-3,-26,1
10,-3,-24,1
10,-3,-20,2
10,-3,-19,4
10,-3,-18,1
10,-3,-17,1
10,-3,-16,1
10,-3,-15,1
10,-3,-14,1
10,-3,-13,1
10,-3,7,1
10,-3,10,1
10,-3,11,1
10,-3,12,1
10,-3,25,1
10,-3,47,1
10,-2,-49,1
10,-2,-28,1
10,-2,-24,1
10,-2,-14,1
10,-2,-13,4
10,-2,-12,2
10,-2,-11,2
10,-2,-10,1
10,-2,12,1
10,-2,46,1
10,-1,-31,1
10,-1,-14,1
10,-1,-13,1
10,-1,-11,3
10,-1,-10,5
10,-1,-8,1
10,-1,-7,1
10,-1,18,1
10,-1,25,1
10,0,-39,1
10,0,-30,1
10,0,-17,2
10,0,-16,3
10,0,-12,1
10,0,-11,3
10,0,-10,3
10,0,-9,1
10,0,-8,2
10,0,6,1
10,0,7,1
10,0,10,2
10,0,11,1
10,0,12,1
10,0,15,2
10,0,16,2
10,1,-48,1
10,1,-15,1
10,1,-14,2
10,1,-13,3
10,1,-11,2
10,1,-10,2
10,2,-14,1
10,2,-12,8
10,2,-11,4
10,2,-10,2
10,2,-8,1
10,2,17,1
10,3,-20,2
10,3,-19,6
10,3,-18,1
10,3,-16,1
10,3,-15,1
10,3,-12,2
10,3,-11,9
10,3,-10,3
10,3,-7,1
10,3,7,1
10,3,33,1
10,4,-39,1
10,4,-19,1
10,4,-15,3
10,4,-11,3
10,4,-10,3
10,5,-32,1
10,5,-18,1
10,6,-6,1
10,6,31,1
10,7,37,1
10,8,-11,1
10,8,41,1
10,9,-62,1
10,9,-11,1
10,10,37,1
10,11,-7,1
10,13,20,1
10,14,21,1
10,15,14,1
10,15,18,1
10,15,19,1
10,16,-7,1
10,17,-11,1
10,19,-65,1
11,-48,-28,1
11,-36,-23,1
11,-32,167,1
11,-26,-67,1
11,-25,-15,1
11,-23,-25,1
11,-23,20,1
11,-23,34,1
11,-23,36,1
11,-22,-44,1
11,-21,-23,1
11,-21,35,1
11,-21,39,1
11,-21,88,1
11,-20,-57,1
11,-20,60,1
11,-19,-67,1
11,-19,-65,1
11,-18,-51,1
11,-18,-49,1
11,-18,-37,1
11,-18,-25,1
11,-18,-16,1
11,-18,19,1
11,-18,34,1
11,-17,-60,1
11,-17,-51,1
11,-17,-14,1
11,-17,6,2
11,-16,-53,1
11,-16,-22,1
11,-16,-20,1
11,-16,-13,1
11,-16,18,1
11,-16,36,1
11,-15,-41,1
11,-15,-26,1
11,-15,-18,3
11,-14,-26,1
11,-14,-24,1
11,-14,-21,1
11,-14,-17,1
11,-14,-14,1
11,-14,-9,1
11,-14,-4,1
11,-14,14,1
11,-14,37,1
11,-14,40,1
11,-13,-47,1
11,-13,-21,1
11,-13,-19,1
11,-13,-15,2
11,-13,-14,1
11,-13,-12,1
11,-13,-11,1
11,-13,9,1
11,-13,13,4
11,-13,14,2
11,-13,16,2
11,-13,18,2
11,-13,20,1
11,-13,26,1
11,-13,31,2
11,-12,-28,1
11,-12,-24,1
11,-12,-21,1
11,-12,-17,1
11,-12,-16,1
11,-12,-14,1
11,-12,-13,3
11,-12,-12,1
11,-12,-11,2
11,-12,-8,1
11,-12,10,1
11,-12,13,1
11,-12,14,3
11,-12,16,1
11,-12,20,1
11,-11,-53,1
11,-11,-19,1
11,-11,-18,2
11,-11,-17,3
11,-11,-13,4
11,-11,-12,1
11,-11,-7,1
11,-11,7,1
11,-11,13,1
11,-11,14,3
11,-11,19,1
11,-10,-39,1
11,-10,-17,1
11,-10,-13,1
11,-10,-11,2
11,-10,2,1
11,-10,13,5
11,-9,-37,1
11,-9,-29,1
11,-9,-19,2
11,-9,-13,3
11,-9,-12,1
11,-9,-9,1
11,-9,23,1
11,-9,28,1
11,-8,-26,1
11,-8,-25,2
11,-8,-23,1
11,-8,-22,1
11,-8,-20,1
11,-8,-19,2
11,-8,-16,1
11,-8,-12,1
11,-8,-11,9
11,-8,21,1
11,-8,33,1
11,-8,35,1
11,-8,42,1
11,-7,-25,1
11,-7,-24,1
11,-7,-21,1
11,-7,-19,1
11,-7,-18,3
11,-7,-17,2
11,-7,-11,1
11,-7,-10,1
11,-7,8,1
11,-7,14,1
11,-7,15,1
11,-7,16,3
11,-7,17,1
11,-7,24,1
11,-7,28,1
11,-6,-54,1
11,-6,-39,1
11,-6,-37,1
11,-6,-34,1
11,-6,-30,1
11,-6,-18,2
11,-6,-17,2
11,-6,-15,1
11,-6,-12,1
11,-6,-10,2
11,-6,-9,1
11,-6,11,1
11,-6,13,1
11,-6,17,1
11,-6,18,3
11,-6,20,1
11,-6,21,2
11,-6,22,1
11,-6,26,1
11,-6,27,2
11,-6,28,1
11,-5,-52,1
11,-5,-36,1
11,-5,-25,1
11,-5,-20,1
11,-5,-16,2
11,-5,-14,6
11,-5,-13,2
11,-5,-7,1
11,-5,-6,1
11,-5,18,1
11,-5,19,1
11,-5,20,1
11,-5,27,1
11,-5,28,2
11,-5,29,1
11,-5,30,1
11,-5,32,1
11,-5,33,1
11,-4,-34,1
11,-4,-25,1
11,-4,-24,1
11,-4,-20,1
11,-4,-19,1
11,-4,-15,5
11,-4,-14,3
11,-4,-13,1
11,-4,-10,1
11,-4,6,1
11,-4,10,1
11,-4,11,1
11,-4,14,2
11,-4,15,1
11,-4,17,2
11,-4,18,2
11,-4,19,2
11,-4,20,1
11,-4,21,2
11,-4,25,1
11,-4,26,1
11,-4,27,1
11,-4,28,1
11,-4,34,1
11,-4,36,1
11,-3,-38,1
11,-3,-34,2
11,-3,-29,1
11,-3,-28,1
11,-3,-27,1
11,-3,-26,2
11,-3,-25,1
11,-3,-19,4
11,-3,-17,2
11,-3,-16,2
11,-3,-15,1
11,-3,-14,1
11,-3,-13,5
11,-3,19,3
11,-3,20,1
11,-3,22,1
11,-3,30,1
11,-3,31,1
11,-2,-57,1
11,-2,-41,1
11,-2,-36,1
11,-2,-28,1
11,-2,-27,1
11,-2,-13,1
11,-2,-12,2
11,-2,-11,3
11,-2,-10,4
11,-2,12,1
11,-2,17,1
11,-2,23,1
11,-1,-45,1
11,-1,-44,1
11,-1,-35,1
11,-1,-29,2
11,-1,-20,1
11,-1,-18,1
11,-1,-12,2
11,-1,-11,1
11,-1,-10,4
11,-1,-9,1
11,-1,-8,2
11,-1,-7,2
11,-1,22,1
11,-1,37,1
11,0,-44,1
11,0,-41,1
11,0,-36,1
11,0,-15,2
11,0,-13,1
11,0,-12,1
11,0,-11,2
11,0,-10,8
11,0,-9,2
11,0,-8,3
11,0,7,1
11,0,10,1
11,0,11,1
11,0,13,1
11,0,15,1
11,0,16,1
11,1,-39,1
11,1,-32,1
11,1,-31,1
11,1,-16,1
11,1,-15,2
11,1,-14,1
11,1,-13,5
11,1,-11,1
11,1,-10,1
11,1,-9,2
11,1,10,1
11,1,12,1
11,1,28,1
11,2,-11,1
11,2,-10,1
11,3,-19,3
11,3,-18,7
11,3,-17,1
11,3,-15,3
11,3,-14,4
11,3,-13,1
11,3,-11,5
11,3,-10,16
11,3,-9,2
11,3,-7,4
11,3,-6,1
11,3,30,1
11,3,31,1
11,4,-41,1
11,4,-30,1
11,4,-17,1
11,4,-11,2
11,4,23,1
11,5,-62,1
11,5,-17,1
11,5,-16,1
11,5,-11,3
11,6,-40,1
11,6,-29,1
11,6,20,1
11,7,-60,1
11,7,-41,1
11,7,-7,1
11,8,-55,1
11,9,15,2
11,10,-64,1
11,10,-50,1
11,10,-11,1
11,10,22,1
11,11,-66,1
11,12,-13,1
11,12,15,1
11,14,-29,1
11,15,-52,1
11,15,-38,1
11,15,-10,1
11,16,-10,1
11,18,-61,1
11,19,-9,1
11,24,-86,1
11,25,-63,1
11,30,-62,1
11,46,-116,1
12,-99,-172,1
12,-95,-171,1
12,-50,27,1
12,-39,19,1
12,-34,43,1
12,-29,18,1
12,-28,20,1
12,-26,-23,1
12,-26,21,1
12,-24,16,1
12,-24,29,1
12,-24,49,1
12,-23,-67,1
12,-23,-51,1
12,-23,16,1
12,-23,34,1
12,-23,87,1
12,-22,20,1
12,-21,-28,1
12,-20,-22,1
12,-20,-8,1
12,-20,25,1
12,-19,-16,1
12,-19,82,1
12,-18,-46,1
12,-18,-16,1
12,-17,-45,1
12,-17,-15,1
12,-17,-14,2
12,-17,-13,1
12,-17,18,1
12,-16,-64,1
12,-16,-22,1
12,-16,-20,1
12,-16,-13,1
12,-16,-10,2
12,-16,10,1
12,-15,-33,1
12,-15,-20,2
12,-15,8,1
12,-15,12,1
12,-15,16,1
12,-15,17,1
12,-15,28,1
12,-15,39,1
12,-14,-71,1
12,-14,-62,1
12,-14,-48,1
12,-14,-25,1
12,-14,-17,3
12,-14,-16,2
12,-14,17,1
12,-14,19,1
12,-14,20,1
12,-13,-43,1
12,-13,-38,1
12,-13,-21,1
12,-13,-19,2
12,-13,-16,1
12,-13,-12,1
12,-13,13,2
12,-13,19,1
12,-13,29,2
12,-13,33,1
12,-12,-28,1
12,-12,-27,2
12,-12,-20,1
12,-12,-16,1
12,-12,-15,1
12,-12,-14,5
12,-12,-6,1
12,-12,6,1
12,-12,7,1
12,-12,10,1
12,-12,13,2
12,-12,14,2
12,-12,15,1
12,-12,18,1
12,-12,20,3
12,-12,21,1
12,-12,23,1
12,-12,68,1
12,-12,69,1
12,-11,-45,1
12,-11,-40,1
12,-11,-36,1
12,-11,-25,1
12,-11,-24,1
12,-11,-18,1
12,-11,-17,1
12,-11,-14,1
12,-11,-13,1
12,-11,-12,5
12,-11,13,2
12,-11,14,4
12,-11,15,1
12,-11,18,1
12,-10,-45,1
12,-10,-28,1
12,-10,-17,2
12,-10,-14,3
12,-10,-13,1
12,-10,-11,1
12,-10,-7,1
12,-10,10,1
12,-10,12,2
12,-10,13,5
12,-10,14,2
12,-10,17,1
12,-9,-56,1
12,-9,-36,1
12,-9,-28,1
12,-9,-21,2
12,-9,-19,1
12,-9,-15,2
12,-9,-14,1
12,-9,-12,1
12,-9,-11,3
12,-9,-10,3
12,-9,12,1
12,-9,13,5
12,-9,16,1
12,-9,17,1
12,-9,28,2
12,-9,39,1
12,-8,-60,1
12,-8,-37,1
12,-8,-36,2
12,-8,-35,2
12,-8,-34,1
12,-8,-23,1
12,-8,-22,1
12,-8,-19,1
12,-8,-12,1
12,-8,-11,2
12,-8,-10,5
12,-8,-8,1
12,-8,19,1
12,-8,22,1
12,-7,-57,1
12,-7,-37,1
12,-7,-24,1
12,-7,-21,1
12,-7,-18,1
12,-7,-17,6
12,-7,-16,2
12,-7,-11,4
12,-7,-10,6
12,-7,2,1
12,-7,15,2
12,-7,20,1
12,-7,22,2
12,-7,23,1
12,-7,28,1
12,-6,-36,1
12,-6,-24,2
12,-6,-19,1
12,-6,-17,1
12,-6,-16,1
12,-6,-15,1
12,-6,-12,1
12,-6,-9,1
12,-6,-8,2
12,-6,11,1
12,-6,13,2
12,-6,14,2
12,-6,17,2
12,-6,19,3
12,-6,20,2
12,-6,21,1
12,-6,22,2
12,-6,25,1
12,-5,-25,1
12,-5,-19,1
12,-5,-15,2
12,-5,-13,1
12,-5,-11,2
12,-5,-7,2
12,-5,10,1
12,-5,16,1
12,-5,19,1
12,-5,27,1
12,-5,28,1
12,-5,29,1
12,-5,34,1
12,-5,37,2
12,-4,-53,1
12,-4,-22,2
12,-4,-18,1
12,-4,-17,2
12,-4,-15,2
12,-4,-14,8
12,-4,-13,9
12,-4,-12,1
12,-4,-11,2
12,-4,-10,1
12,-4,-7,1
12,-4,-6,2
12,-4,8,1
12,-4,11,1
12,-4,13,3
12,-4,14,2
12,-4,15,2
12,-4,16,1
12,-4,17,8
12,-4,18,2
12,-4,19,2
12,-4,20,1
12,-4,22,1
12,-4,25,3
12,-4,27,1
12,-4,34,1
12,-3,-39,1
12,-3,-38,1
12,-3,-33,2
12,-3,-30,1
12,-3,-29,1
12,-3,-24,1
12,-3,-23,1
12,-3,-21,1
12,-3,-18,1
12,-3,-17,2
12,-3,-16,1
12,-3,-15,1
12,-3,-14,2
12,-3,-13,2
12,-3,-12,2
12,-3,6,1
12,-3,19,3
12,-3,20,3
12,-3,22,1
12,-3,23,1
12,-3,24,1
12,-3,28,2
12,-2,-40,1
12,-2,-35,1
12,-2,-34,2
12,-2,-33,2
12,-2,-31,1
12,-2,-28,1
12,-2,-21,3
12,-2,-17,3
12,-2,-14,1
12,-2,-12,2
12,-2,-11,4
12,-2,-9,1
12,-2,11,1
12,-2,20,1
12,-2,22,1
12,-2,23,1
12,-2,30,1
12,-1,-37,2
12,-1,-34,1
12,-1,-33,1
12,-1,-32,1
12,-1,-18,2
12,-1,-12,1
12,-1,-10,5
12,-1,-9,5
12,-1,-7,1
12,-1,15,1
12,-1,20,1
12,-1,21,1
12,0,-52,1
12,0,-33,1
12,0,-17,1
12,0,-16,1
12,0,-15,3
12,0,-14,2
12,0,-11,4
12,0,-10,2
12,0,-9,2
12,0,-8,1
12,0,-7,1
12,0,-6,1
12,0,9,1
12,0,11,2
12,0,12,2
12,0,16,1
12,0,17,1
12,1,-49,1
12,1,-48,1
12,1,-34,1
12,1,-30,1
12,1,-28,1
12,1,-14,1
12,1,-13,2
12,1,-12,4
12,1,-11,2
12,1,-9,2
12,1,-8,2
12,1,12,2
12,1,54,23
12,2,-47,1
12,2,-43,1
12,2,-35,1
12,2,-15,1
12,2,-11,1
12,2,-10,1
12,2,-9,1
12,2,-8,1
12,2,11,1
12,3,-48,1
12,3,-19,1
12,3,-18,4
12,3,-17,7
12,3,-14,2
12,3,-13,1
12,3,-11,1
12,3,-10,20
12,3,-9,6
12,3,-7,2
12,3,5,1
12,3,14,2
12,3,24,2
12,4,-15,1
12,4,-10,1
12,4,-9,1
12,5,-10,3
12,5,23,2
12,7,-28,2
12,7,-10,2
12,7,-9,1
12,7,36,1
12,8,-59,1
12,8,-10,1
12,8,-5,1
12,8,40,1
12,9,19,1
12,10,-62,9
12,10,-59,1
12,10,-11,1
12,10,20,1
12,10,22,1
12,11,-56,1
12,11,23,3
12,12,14,1
12,13,-39,1
12,13,-38,1
12,13,-28,1
12,13,-27,1
12,13,18,1
12,15,-40,1
12,15,-8,1
12,16,-48,1
12,17,-20,1
12,21,-47,1
13,-129,-202,1
13,-47,24,1
13,-39,43,1
13,-35,12,1
13,-30,58,1
13,-29,27,1
13,-29,33,1
13,-27,-13,1
13,-27,25,1
13,-27,37,1
13,-25,11,1
13,-24,-16,1
13,-24,-11,1
13,-24,21,1
13,-24,30,1
13,-24,48,1
13,-22,-22,1
13,-22,-19,2
13,-22,26,1
13,-21,-29,1
13,-21,-27,1
13,-21,-15,1
13,-21,-14,1
13,-21,19,1
13,-20,-22,1
13,-20,-20,1
13,-20,13,1
13,-19,20,1
13,-19,24,1
13,-19,37,1
13,-18,23,1
13,-17,-21,1
13,-17,-20,1
13,-17,-16,1
13,-17,-14,1
13,-17,-13,1
13,-17,21,1
13,-17,31,1
13,-17,34,1
13,-17,66,1
13,-16,-56,1
13,-16,-16,2
13,-16,-14,1
13,-16,-9,1
13,-16,9,1
13,-16,31,1
13,-15,-44,1
13,-15,-24,1
13,-15,-21,2
13,-15,-16,1
13,-15,-12,1
13,-15,-10,1
13,-15,-9,1
13,-15,-7,1
13,-15,-6,1
13,-15,11,1
13,-15,24,2
13,-15,48,1
13,-14,-68,1
13,-14,-45,1
13,-14,-25,1
13,-14,-19,1
13,-14,-18,1
13,-14,-17,3
13,-14,-16,3
13,-14,-15,3
13,-14,-14,1
13,-14,-13,1
13,-14,-9,1
13,-14,7,1
13,-14,14,1
13,-14,15,1
13,-14,18,1
13,-14,19,1
13,-14,27,1
13,-14,32,1
13,-14,46,1
13,-13,-23,1
13,-13,-19,2
13,-13,-17,1
13,-13,-16,2
13,-13,8,1
13,-13,13,1
13,-13,18,1
13,-13,20,1
13,-13,26,1
13,-13,30,1
13,-13,33,1
13,-13,44,1
13,-12,-56,1
13,-12,-46,1
13,-12,-21,2
13,-12,-19,1
13,-12,-17,1
13,-12,-16,2
13,-12,-14,2
13,-12,-13,1
13,-12,-12,1
13,-12,-10,2
13,-12,12,2
13,-12,13,1
13,-12,14,2
13,-12,16,1
13,-12,17,2
13,-12,20,1
13,-11,-22,1
13,-11,-21,1
13,-11,-18,1
13,-11,-15,1
13,-11,-14,3
13,-11,-13,2
13,-11,-12,3
13,-11,-11,3
13,-11,-10,1
13,-11,-8,1
13,-11,12,4
13,-11,13,4
13,-11,14,4
13,-11,15,1
13,-11,16,1
13,-11,18,1
13,-11,23,1
13,-11,24,1
13,-11,52,1
13,-10,-36,1
13,-10,-34,1
13,-10,-17,2
13,-10,-16,8
13,-10,-15,2
13,-10,-12,4
13,-10,-11,2
13,-10,-6,1
13,-10,-5,1
13,-10,13,3
13,-10,14,1
13,-10,16,1
13,-10,17,3
13,-10,29,1
13,-9,-39,1
13,-9,-37,1
13,-9,-21,1
13,-9,-17,1
13,-9,-14,4
13,-9,-13,3
13,-9,-12,1
13,-9,-10,2
13,-9,11,2
13,-9,12,5
13,-9,13,3
13,-9,24,1
13,-9,28,2
13,-8,-58,1
13,-8,-35,1
13,-8,-25,1
13,-8,-23,1
13,-8,-18,1
13,-8,-17,2
13,-8,-16,1
13,-8,-14,2
13,-8,-13,1
13,-8,-12,1
13,-8,-11,1
13,-8,-8,1
13,-8,20,1
13,-8,22,1
13,-8,27,1
13,-7,-32,1
13,-7,-28,1
13,-7,-27,1
13,-7,-22,1
13,-7,-21,2
13,-7,-20,1
13,-7,-18,1
13,-7,-17,5
13,-7,-16,2
13,-7,-15,1
13,-7,-14,2
13,-7,-11,2
13,-7,-10,5
13,-7,-9,1
13,-7,-8,1
13,-7,-7,2
13,-7,14,2
13,-7,20,2
13,-7,23,2
13,-7,24,1
13,-6,-38,1
13,-6,-35,1
13,-6,-32,2
13,-6,-31,2
13,-6,-18,2
13,-6,-15,3
13,-6,-11,1
13,-6,-10,2
13,-6,-9,1
13,-6,-7,1
13,-6,10,1
13,-6,13,3
13,-6,15,1
13,-6,16,4
13,-6,17,3
13,-6,18,1
13,-6,19,1
13,-6,20,2
13,-6,21,1
13,-6,24,1
13,-6,34,1
13,-5,-33,1
13,-5,-28,2
13,-5,-16,1
13,-5,-15,1
13,-5,-12,1
13,-5,-10,1
13,-5,-8,1
13,-5,-7,1
13,-5,16,1
13,-5,17,2
13,-5,18,2
13,-5,19,2
13,-5,20,1
13,-5,24,1
13,-5,26,1
13,-4,-40,1
13,-4,-19,1
13,-4,-18,2
13,-4,-17,2
13,-4,-16,5
13,-4,-15,2
13,-4,-14,2
13,-4,-13,7
13,-4,-12,2
13,-4,-10,4
13,-4,-9,1
13,-4,-6,1
13,-4,-3,1
13,-4,11,1
13,-4,12,3
13,-4,15,3
13,-4,16,4
13,-4,18,2
13,-4,19,3
13,-4,20,2
13,-4,21,1
13,-4,24,2
13,-4,25,3
13,-4,28,2
13,-4,29,1
13,-4,33,1
13,-3,-53,1
13,-3,-41,1
13,-3,-37,1
13,-3,-26,1
13,-3,-23,1
13,-3,-21,3
13,-3,-18,1
13,-3,-17,1
13,-3,-16,2
13,-3,-15,2
13,-3,-14,4
13,-3,-13,1
13,-3,-12,1
13,-3,-11,1
13,-3,6,1
13,-3,8,1
13,-3,9,1
13,-3,17,1
13,-3,18,3
13,-3,19,1
13,-3,20,2
13,-3,21,1
13,-3,22,3
13,-3,24,1
13,-3,26,1
13,-3,28,3
13,-3,30,1
13,-3,31,1
13,-2,-37,1
13,-2,-33,2
13,-2,-24,1
13,-2,-22,1
13,-2,-21,1
13,-2,-16,2
13,-2,-15,1
13,-2,-12,1
13,-2,-11,2
13,-2,-10,1
13,-2,-9,5
13,-2,10,1
13,-2,20,1
13,-2,22,2
13,-2,23,1
13,-2,24,1
13,-2,38,1
13,-1,-49,1
13,-1,-46,1
13,-1,-40,1
13,-1,-31,1
13,-1,-27,1
13,-1,-26,1
13,-1,-19,1
13,-1,-16,1
13,-1,-12,4
13,-1,-11,2
13,-1,-9,6
13,-1,-8,1
13,-1,-7,3
13,-1,-6,1
13,-1,-4,1
13,-1,14,2
13,-1,20,2
13,-1,34,1
13,0,-41,1
13,0,-38,1
13,0,-35,1
13,0,-33,1
13,0,-30,1
13,0,-25,1
13,0,-15,1
13,0,-14,1
13,0,-11,3
13,0,-10,5
13,0,-9,6
13,0,-8,2
13,0,-7,4
13,0,-5,1
13,0,10,2
13,0,11,2
13,0,12,1
13,0,13,1
13,0,14,1
13,0,17,1
13,1,-28,1
13,1,-12,1
13,1,-11,1
13,1,-10,2
13,1,-9,3
13,1,-8,1
13,1,-2,1
13,1,9,1
13,1,11,1
13,1,12,1
13,1,14,1
13,1,51,1
13,2,-44,1
13,2,-32,1
13,2,-28,1
13,2,-22,8
13,2,-21,3
13,2,-17,2
13,2,-11,1
13,2,-10,3
13,2,-9,2
13,2,-8,1
13,3,-39,1
13,3,-28,1
13,3,-22,8
13,3,-21,4
13,3,-18,2
13,3,-17,7
13,3,-16,6
13,3,-13,1
13,3,-12,1
13,3,-10,12
13,3,-9,23
13,3,-7,1
13,3,-6,2
13,3,11,1
13,3,30,1
13,4,-33,1
13,4,-28,1
13,4,-15,1
13,4,-10,1
13,4,-9,3
13,5,-55,1
13,5,-10,1
13,5,22,1
13,5,26,1
13,6,-47,1
13,6,-33,1
13,6,-32,1
13,6,-28,1
13,6,-27,1
13,6,32,1
13,6,33,1
13,7,-34,2
13,7,-33,1
13,7,-10,1
13,7,-9,1
13,7,-6,1
13,7,37,1
13,8,33,1
13,9,-38,1
13,9,-5,1
13,9,13,1
13,9,19,1
13,9,31,1
13,9,32,1
13,9,33,1
13,10,-53,1
13,10,-7,1
13,11,11,1
13,11,13,1
13,11,23,1
13,12,-60,1
13,12,-25,1
13,12,12,1
13,12,13,1
13,13,-38,1
13,14,-37,1
13,15,-44,1
13,15,-8,1
13,15,-2,1
13,16,-31,1
13,16,-30,1
13,16,-19,1
13,16,-8,1
13,17,-14,1
14,-39,74,1
14,-33,19,1
14,-32,39,1
14,-30,-19,1
14,-30,38,1
14,-29,28,1
14,-28,16,1
14,-28,18,1
14,-27,-13,1
14,-27,26,1
14,-26,-62,1
14,-26,-57,1
14,-26,20,1
14,-26,25,1
14,-25,16,1
14,-25,21,1
14,-25,27,1
14,-25,28,1
14,-24,-23,1
14,-24,-10,1
14,-24,27,1
14,-23,29,1
14,-22,-13,1
14,-22,-11,1
14,-22,3,1
14,-21,-21,1
14,-21,-19,1
14,-21,14,1
14,-21,16,1
14,-21,23,1
14,-21,25,1
14,-21,31,1
14,-20,-61,1
14,-20,-19,1
14,-20,-18,1
14,-20,21,1
14,-20,24,1
14,-19,-84,1
14,-19,-46,1
14,-19,-40,1
14,-19,-21,1
14,-19,-17,1
14,-19,16,3
14,-19,25,1
14,-19,32,1
14,-19,70,1
14,-18,-40,1
14,-18,-16,2
14,-18,17,1
14,-18,26,1
14,-18,28,1
14,-18,30,1
14,-18,34,1
14,-17,-16,1
14,-17,-15,2
14,-17,-14,1
14,-17,-11,1
14,-17,12,3
14,-17,14,1
14,-17,24,1
14,-17,43,1
14,-17,82,1
14,-16,-41,1
14,-16,-23,1
14,-16,-11,1
14,-16,10,1
14,-16,14,1
14,-16,15,1
14,-16,16,1
14,-16,17,1
14,-16,20,1
14,-16,21,1
14,-15,-20,1
14,-15,-17,1
14,-15,-12,2
14,-15,-10,1
14,-15,-9,1
14,-15,-8,1
14,-15,-7,1
14,-15,8,1
14,-15,9,1
14,-14,-19,1
14,-14,-18,2
14,-14,-16,2
14,-14,-15,1
14,-14,-14,1
14,-14,-12,1
14,-14,-7,1
14,-14,14,1
14,-14,19,1
14,-14,21,1
14,-14,28,1
14,-14,36,1
14,-14,44,1
14,-13,-39,1
14,-13,-38,1
14,-13,-16,2
14,-13,-15,4
14,-13,-14,1
14,-13,14,1
14,-13,17,1
14,-13,19,1
14,-13,76,1
14,-12,-43,1
14,-12,-20,1
14,-12,-19,1
14,-12,-17,1
14,-12,-15,1
14,-12,-12,1
14,-12,-10,1
14,-12,-9,1
14,-12,-6,2
14,-12,13,1
14,-12,15,1
14,-12,17,1
14,-12,20,1
14,-12,27,1
14,-12,33,1
14,-12,34,1
14,-12,54,1
14,-11,-44,1
14,-11,-24,1
14,-11,-23,1
14,-11,-17,1
14,-11,-16,2
14,-11,-14,2
14,-11,-13,8
14,-11,-12,2
14,-11,-11,1
14,-11,-10,1
14,-11,-9,1
14,-11,-6,1
14,-11,8,1
14,-11,11,4
14,-11,12,7
14,-11,13,1
14,-11,15,1
14,-11,16,1
14,-11,19,1
14,-11,22,2
14,-11,37,1
14,-10,-47,1
14,-10,-15,3
14,-10,-13,1
14,-10,-12,2
14,-10,-11,15
14,-10,-10,3
14,-10,-9,1
14,-10,7,1
14,-10,12,4
14,-10,13,4
14,-10,14,1
14,-9,-56,1
14,-9,-41,2
14,-9,-36,1
14,-9,-32,1
14,-9,-31,1
14,-9,-26,1
14,-9,-22,1
14,-9,-18,1
14,-9,-17,1
14,-9,-15,3
14,-9,-14,1
14,-9,-13,5
14,-9,-12,3
14,-9,-10,1
14,-9,11,8
14,-9,12,1
14,-9,15,2
14,-9,16,2
14,-8,-38,1
14,-8,-34,1
14,-8,-33,1
14,-8,-17,2
14,-8,-16,1
14,-8,-15,1
14,-8,-14,1
14,-8,-12,2
14,-8,-11,2
14,-8,-10,3
14,-8,-8,2
14,-8,-7,1
14,-8,10,2
14,-8,11,3
14,-8,15,1
14,-8,16,2
14,-8,23,1
14,-8,26,1
14,-7,-51,1
14,-7,-48,1
14,-7,-41,1
14,-7,-21,1
14,-7,-20,3
14,-7,-19,1
14,-7,-18,2
14,-7,-17,2
14,-7,-14,1
14,-7,-13,1
14,-7,-11,1
14,-7,-10,11
14,-7,-9,6
14,-7,-7,1
14,-7,20,1
14,-6,-38,1
14,-6,-31,1
14,-6,-30,1
14,-6,-22,1
14,-6,-21,2
14,-6,-20,1
14,-6,-16,2
14,-6,-15,1
14,-6,-12,1
14,-6,-10,1
14,-6,-9,1
14,-6,-7,1
14,-6,-6,1
14,-6,12,1
14,-6,13,1
14,-6,15,2
14,-6,16,1
14,-6,18,1
14,-6,19,1
14,-6,20,2
14,-6,23,1
14,-6,25,3
14,-6,30,1
14,-5,-50,1
14,-5,-37,1
14,-5,-31,1
14,-5,-26,1
14,-5,-25,1
14,-5,-17,1
14,-5,-15,3
14,-5,-14,5
14,-5,-13,1
14,-5,-11,3
14,-5,-10,1
14,-5,-8,1
14,-5,-7,1
14,-5,-6,1
14,-5,9,2
14,-5,10,3
14,-5,11,1
14,-5,12,3
14,-5,15,1
14,-5,16,1
14,-5,17,1
14,-5,18,1
14,-5,19,1
14,-5,20,1
14,-5,22,1
14,-5,23,1
14,-5,24,1
14,-5,26,1
14,-4,-44,1
14,-4,-42,1
14,-4,-36,1
14,-4,-34,1
14,-4,-28,1
14,-4,-27,1
14,-4,-19,4
14,-4,-18,2
14,-4,-17,1
14,-4,-16,1
14,-4,-15,6
14,-4,-14,1
14,-4,-13,2
14,-4,-12,5
14,-4,-11,3
14,-4,-9,2
14,-4,-8,1
14,-4,-7,1
14,-4,-6,1
14,-4,6,1
14,-4,11,2
14,-4,12,1
14,-4,15,4
14,-4,16,4
14,-4,17,3
14,-4,18,2
14,-4,19,2
14,-4,22,3
14,-4,23,2
14,-4,24,1
14,-4,25,1
14,-4,26,1
14,-4,31,1
14,-4,32,1
14,-3,-41,1
14,-3,-30,2
14,-3,-25,1
14,-3,-24,1
14,-3,-21,1
14,-3,-16,3
14,-3,-15,2
14,-3,-14,1
14,-3,-13,6
14,-3,-12,1
14,-3,-9,1
14,-3,5,1
14,-3,16,1
14,-3,17,3
14,-3,20,5
14,-3,22,1
14,-3,23,1
14,-3,24,1
14,-3,25,4
14,-3,28,1
14,-3,29,2
14,-3,30,1
14,-2,-38,1
14,-2,-36,1
14,-2,-35,1
14,-2,-30,2
14,-2,-26,1
14,-2,-23,1
14,-2,-22,1
14,-2,-21,1
14,-2,-20,1
14,-2,-19,1
14,-2,-15,1
14,-2,-14,1
14,-2,-10,5
14,-2,-9,2
14,-2,-8,1
14,-2,9,3
14,-2,10,1
14,-2,18,1
14,-2,20,1
14,-2,27,1
14,-2,28,2
14,-1,-45,1
14,-1,-29,1
14,-1,-27,1
14,-1,-26,1
14,-1,-25,1
14,-1,-20,2
14,-1,-19,1
14,-1,-17,2
14,-1,-16,2
14,-1,-12,2
14,-1,-11,2
14,-1,-9,3
14,-1,-8,2
14,-1,-7,1
14,-1,-4,1
14,-1,10,2
14,-1,18,1
14,0,-35,1
14,0,-32,1
14,0,-31,1
14,0,-27,2
14,0,-14,1
14,0,-13,1
14,0,-11,1
14,0,-10,5
14,0,-9,7
14,0,-8,1
14,0,-7,4
14,0,-4,1
14,0,9,3
14,0,10,1
14,0,12,2
14,0,15,1
14,1,-32,1
14,1,-26,1
14,1,-25,2
14,1,-12,1
14,1,-11,5
14,1,-10,2
14,1,-9,6
14,1,-8,2
14,1,-7,1
14,1,10,2
14,1,11,2
14,1,16,1
14,1,24,1
14,2,-41,1
14,2,-37,1
14,2,-32,1
14,2,-31,1
14,2,-16,3
14,2,-15,3
14,2,-9,4
14,2,-8,3
14,2,-6,2
14,2,11,1
14,2,13,1
14,2,19,1
14,2,29,2
14,3,-38,1
14,3,-36,1
14,3,-34,1
14,3,-32,2
14,3,-27,1
14,3,-17,3
14,3,-16,4
14,3,-15,2
14,3,-14,1
14,3,-13,2
14,3,-12,2
14,3,-10,1
14,3,-9,20
14,3,-8,7
14,3,-7,1
14,3,-6,4
14,3,5,1
14,4,-33,1
14,4,-31,1
14,4,-14,2
14,4,-13,1
14,4,-10,1
14,4,-9,3
14,4,-8,1
14,4,-4,1
14,4,14,1
14,4,19,7
14,4,20,3
14,4,21,1
14,5,-37,1
14,5,-35,1
14,5,-32,1
14,5,-3,1
14,5,20,2
14,5,21,1
14,5,26,1
14,5,29,1
14,6,-34,1
14,6,-33,1
14,6,-26,2
14,6,-11,1
14,6,-7,2
14,6,-5,1
14,6,10,1
14,7,-9,2
14,7,34,1
14,7,36,1
14,8,12,1
14,8,36,1
14,9,-48,1
14,9,-9,1
14,9,-7,3
14,9,-4,1
14,9,18,1
14,10,-64,1
14,10,-9,2
14,10,-8,1
14,10,-6,1
14,10,12,2
14,10,21,1
14,11,13,1
14,11,16,1
14,12,-7,1
14,12,-6,1
14,12,-5,1
14,12,11,1
14,13,-34,1
14,13,-20,1
14,14,-7,1
14,15,-11,1
14,16,-14,1
14,16,-8,1
14,17,-71,1
14,18,-6,1
14,19,-53,1
14,19,-19,1
14,22,-50,1
14,27,-53,1
15,-93,-166,1
15,-44,23,1
15,-39,40,1
15,-34,48,1
15,-28,16,1
15,-27,17,1
15,-27,20,1
15,-27,22,1
15,-26,43,1
15,-25,-11,1
15,-25,-10,1
15,-25,24,1
15,-25,27,1
15,-23,27,2
15,-23,38,1
15,-23,40,1
15,-22,-60,1
15,-22,18,1
15,-22,19,1
15,-21,-23,1
15,-21,77,1
15,-20,-56,1
15,-20,-18,1
15,-20,23,1
15,-19,-25,1
15,-19,-22,1
15,-19,-13,1
15,-19,17,1
15,-19,20,2
15,-19,24,1
15,-18,-47,1
15,-18,-26,1
15,-18,-25,1
15,-18,-16,1
15,-18,11,1
15,-18,18,1
15,-18,28,1
15,-18,29,1
15,-17,-52,1
15,-17,-44,1
15,-17,-18,1
15,-17,-13,1
15,-17,-12,1
15,-17,-8,1
15,-17,15,1
15,-16,-16,1
15,-16,-12,1
15,-16,-8,1
15,-16,-6,1
15,-16,10,1
15,-16,12,1
15,-16,15,1
15,-16,17,1
15,-16,40,1
15,-16,61,1
15,-16,77,1
15,-15,-47,1
15,-15,-45,1
15,-15,-43,1
15,-15,-18,2
15,-15,-15,1
15,-15,-14,2
15,-15,-12,1
15,-15,16,1
15,-15,18,1
15,-15,21,1
15,-15,28,1
15,-15,30,1
15,-14,-86,1
15,-14,-50,1
15,-14,-46,1
15,-14,-29,1
15,-14,-19,1
15,-14,-18,1
15,-14,-14,1
15,-14,-12,2
15,-14,-11,1
15,-14,-9,1
15,-14,-7,1
15,-14,7,1
15,-14,8,1
15,-14,11,1
15,-14,14,1
15,-14,21,1
15,-14,42,1
15,-13,-85,1
15,-13,-35,1
15,-13,-25,1
15,-13,-21,2
15,-13,-20,3
15,-13,-18,2
15,-13,-17,1
15,-13,-16,1
15,-13,-15,1
15,-13,-14,1
15,-13,-13,3
15,-13,-12,1
15,-13,-9,1
15,-13,-8,2
15,-13,-7,3
15,-13,-5,1
15,-13,14,1
15,-13,17,1
15,-13,18,1
15,-13,22,1
15,-13,50,2
15,-12,-52,1
15,-12,-40,1
15,-12,-35,1
15,-12,-32,1
15,-12,-16,1
15,-12,-15,1
15,-12,-14,4
15,-12,-13,3
15,-12,-10,1
15,-12,13,1
15,-12,14,1
15,-12,15,1
15,-12,19,2
15,-11,-24,1
15,-11,-19,1
15,-11,-18,1
15,-11,-17,3
15,-11,-16,1
15,-11,-15,2
15,-11,-14,2
15,-11,-13,1
15,-11,-11,1
15,-11,-10,2
15,-11,-8,1
15,-11,7,1
15,-11,11,4
15,-11,12,3
15,-11,14,2
15,-11,16,2
15,-11,17,2
15,-11,25,1
15,-11,50,1
15,-11,57,1
15,-10,-44,1
15,-10,-24,2
15,-10,-23,1
15,-10,-17,3
15,-10,-16,2
15,-10,-15,4
15,-10,-14,1
15,-10,-13,3
15,-10,-12,3
15,-10,-11,3
15,-10,-10,6
15,-10,-9,2
15,-10,-7,1
15,-10,6,1
15,-10,9,2
15,-10,11,4
15,-10,12,4
15,-10,13,1
15,-10,16,2
15,-10,17,1
15,-10,20,2
15,-10,45,1
15,-9,-53,1
15,-9,-46,1
15,-9,-38,1
15,-9,-35,1
15,-9,-31,1
15,-9,-30,1
15,-9,-20,1
15,-9,-18,1
15,-9,-17,1
15,-9,-16,2
15,-9,-15,3
15,-9,-14,4
15,-9,-13,2
15,-9,-12,2
15,-9,-11,5
15,-9,-10,1
15,-9,-8,1
15,-9,-7,2
15,-9,-6,1
15,-9,-5,1
15,-9,-4,1
15,-9,6,1
15,-9,9,1
15,-9,12,4
15,-9,13,4
15,-9,14,1
15,-9,15,2
15,-8,-41,1
15,-8,-40,1
15,-8,-38,1
15,-8,-31,1
15,-8,-29,1
15,-8,-24,1
15,-8,-23,3
15,-8,-18,2
15,-8,-13,1
15,-8,-12,3
15,-8,-9,1
15,-8,-4,1
15,-8,10,7
15,-8,11,4
15,-8,15,2
15,-8,22,1
15,-8,28,2
15,-7,-53,1
15,-7,-38,1
15,-7,-32,1
15,-7,-31,1
15,-7,-30,2
15,-7,-29,1
15,-7,-20,3
15,-7,-18,1
15,-7,-16,3
15,-7,-14,3
15,-7,-13,3
15,-7,-11,1
15,-7,-10,4
15,-7,-9,6
15,-7,-7,2
15,-7,-6,1
15,-7,9,1
15,-7,19,3
15,-7,33,1
15,-6,-38,3
15,-6,-36,1
15,-6,-32,1
15,-6,-29,2
15,-6,-20,2
15,-6,-19,1
15,-6,-18,3
15,-6,-17,2
15,-6,-16,4
15,-6,-15,1
15,-6,-14,2
15,-6,-11,1
15,-6,-9,7
15,-6,-8,4
15,-6,-7,1
15,-6,-6,1
15,-6,11,2
15,-6,12,4
15,-6,13,2
15,-6,14,2
15,-6,17,3
15,-6,18,1
15,-6,23,3
15,-6,24,1
15,-6,29,1
15,-6,33,1
15,-5,-46,1
15,-5,-31,1
15,-5,-22,1
15,-5,-19,1
15,-5,-17,1
15,-5,-16,1
15,-5,-15,3
15,-5,-14,3
15,-5,-13,3
15,-5,-11,1
15,-5,-10,2
15,-5,-9,2
15,-5,-8,2
15,-5,-7,3
15,-5,-6,1
15,-5,-5,1
15,-5,9,2
15,-5,11,1
15,-5,12,2
15,-5,13,1
15,-5,14,1
15,-5,16,1
15,-5,17,5
15,-5,18,1
15,-5,19,1
15,-5,21,1
15,-5,23,2
15,-5,24,1
15,-4,-47,1
15,-4,-38,1
15,-4,-33,1
15,-4,-30,1
15,-4,-19,1
15,-4,-17,5
15,-4,-16,4
15,-4,-15,6
15,-4,-14,6
15,-4,-13,2
15,-4,-12,1
15,-4,-11,4
15,-4,-8,2
15,-4,-6,2
15,-4,-5,1
15,-4,9,1
15,-4,11,1
15,-4,13,1
15,-4,14,3
15,-4,15,4
15,-4,16,7
15,-4,17,2
15,-4,18,5
15,-4,21,2
15,-4,22,6
15,-4,23,3
15,-4,24,2
15,-4,25,5
15,-4,26,1
15,-4,30,3
15,-4,32,1
15,-3,-43,1
15,-3,-35,1
15,-3,-34,1
15,-3,-28,1
15,-3,-24,1
15,-3,-23,2
15,-3,-22,1
15,-3,-19,1
15,-3,-16,1
15,-3,-15,3
15,-3,-14,4
15,-3,-13,1
15,-3,-12,8
15,-3,-11,3
15,-3,-9,1
15,-3,7,1
15,-3,8,3
15,-3,13,1
15,-3,14,1
15,-3,15,2
15,-3,17,2
15,-3,18,1
15,-3,21,1
15,-3,22,1
15,-3,23,4
15,-3,24,2
15,-3,26,1
15,-3,27,1
15,-3,28,1
15,-3,35,1
15,-2,-40,1
15,-2,-37,1
15,-2,-33,2
15,-2,-28,2
15,-2,-25,1
15,-2,-22,1
15,-2,-20,1
15,-2,-19,1
15,-2,-14,2
15,-2,-13,1
15,-2,-10,5
15,-2,-9,1
15,-2,-8,1
15,-2,9,1
15,-2,13,1
15,-2,18,5
15,-2,21,1
15,-2,22,3
15,-2,24,1
15,-2,25,3
15,-2,26,1
15,-2,35,1
15,-2,36,1
15,-1,-44,1
15,-1,-39,1
15,-1,-37,1
15,-1,-35,1
15,-1,-30,1
15,-1,-29,1
15,-1,-27,1
15,-1,-24,2
15,-1,-23,2
15,-1,-16,1
15,-1,-14,1
15,-1,-11,5
15,-1,-10,4
15,-1,-9,2
15,-1,-8,6
15,-1,-7,1
15,-1,12,3
15,-1,19,1
15,-1,20,1
15,-1,30,1
15,0,-34,1
15,0,-23,1
15,0,-15,1
15,0,-13,2
15,0,-12,1
15,0,-10,2
15,0,-9,5
15,0,-8,7
15,0,-7,3
15,0,5,1
15,0,7,1
15,0,8,3
15,0,9,1
15,0,10,1
15,0,15,1
15,1,-40,1
15,1,-30,1
15,1,-29,1
15,1,-28,2
15,1,-25,1
15,1,-23,2
15,1,-13,1
15,1,-11,1
15,1,-10,3
15,1,-9,5
15,1,-8,3
15,1,-7,3
15,1,7,1
15,1,10,2
15,1,12,2
15,1,23,1
15,1,24,1
15,2,-45,1
15,2,-40,1
15,2,-35,1
15,2,-30,1
15,2,-29,1
15,2,-27,1
15,2,-16,2
15,2,-15,17
15,2,-14,2
15,2,-12,2
15,2,-11,1
15,2,-9,6
15,2,-8,14
15,2,-6,3
15,2,12,1
15,2,17,1
15,2,18,1
15,2,25,1
15,2,37,1
15,3,-43,1
15,3,-30,1
15,3,-18,1
15,3,-16,1
15,3,-15,3
15,3,-13,1
15,3,-10,1
15,3,-9,8
15,3,-8,7
15,3,-6,3
15,3,5,1
15,4,-36,1
15,4,-35,1
15,4,-25,1
15,4,-17,1
15,4,-14,1
15,4,-13,4
15,4,-9,5
15,4,-8,6
15,4,19,3
15,4,23,1
15,5,-34,1
15,5,-31,1
15,5,-25,1
15,5,-4,1
15,5,16,2
15,5,20,2
15,5,23,1
15,5,24,2
15,5,28,1
15,6,-55,1
15,6,-46,1
15,6,-9,1
15,6,-6,1
15,6,-5,2
15,6,31,1
15,6,32,2
15,6,33,1
15,7,-51,1
15,7,-47,1
15,8,-32,1
15,8,-7,2
15,8,16,1
15,8,29,1
15,9,-47,1
15,9,20,1
15,9,21,1
15,10,12,2
15,10,15,2
15,10,16,1
15,11,-98,1
15,11,-23,1
15,11,10,4
15,11,11,1
15,11,15,3
15,12,-58,1
15,12,-37,1
15,12,-19,1
15,12,-7,1
15,12,15,1
15,13,-32,1
15,13,-9,1
15,13,-7,3
15,14,-27,1
15,14,-7,1
15,15,-10,1
15,15,-9,1
15,15,-8,1
15,16,-14,1
15,16,-8,1
15,23,-64,1
15,24,-43,1
15,25,-42,1
16,-136,-217,1
16,-104,-170,1
16,-82,-139,1
16,-41,-121,1
16,-40,24,1
16,-34,-30,1
16,-32,-29,1
16,-32,-28,1
16,-26,-12,1
16,-26,14,1
16,-25,28,1
16,-25,52,1
16,-24,-53,1
16,-24,22,1
16,-24,32,1
16,-23,19,1
16,-23,23,1
16,-22,18,1
16,-22,19,1
16,-22,21,1
16,-22,25,1
16,-22,27,1
16,-22,28,1
16,-22,29,2
16,-20,-63,1
16,-20,-12,1
16,-20,12,1
16,-20,18,1
16,-20,19,1
16,-20,26,1
16,-19,-18,1
16,-19,15,1
16,-19,16,1
16,-19,19,1
16,-19,22,1
16,-19,27,2
16,-19,37,1
16,-18,-25,1
16,-18,-23,1
16,-18,-12,1
16,-18,15,1
16,-18,17,1
16,-18,19,1
16,-18,30,1
16,-17,-25,1
16,-17,-22,2
16,-17,-20,1
16,-16,-43,1
16,-16,-18,1
16,-16,-17,1
16,-16,-11,1
16,-16,7,1
16,-16,15,2
16,-16,16,1
16,-16,17,2
16,-16,24,1
16,-16,25,2
16,-16,47,1
16,-16,62,1
16,-15,-50,1
16,-15,-38,2
16,-15,-18,2
16,-15,-15,1
16,-15,-8,2
16,-15,-7,1
16,-15,-5,1
16,-15,8,1
16,-15,9,1
16,-15,12,1
16,-15,13,2
16,-15,15,1
16,-15,16,1
16,-15,19,1
16,-15,27,1
16,-15,29,1
16,-15,37,1
16,-15,59,1
16,-14,-74,1
16,-14,-51,1
16,-14,-49,2
16,-14,-37,1
16,-14,-29,1
16,-14,-17,1
16,-14,-16,1
16,-14,-15,1
16,-14,-14,1
16,-14,-12,2
16,-14,-11,2
16,-14,-8,2
16,-14,-6,1
16,-14,3,1
16,-14,8,1
16,-14,12,1
16,-14,13,3
16,-14,14,3
16,-14,15,1
16,-14,17,1
16,-13,-71,1
16,-13,-50,1
16,-13,-39,1
16,-13,-17,1
16,-13,-16,2
16,-13,-13,4
16,-13,-8,1
16,-13,-7,1
16,-13,7,1
16,-13,10,1
16,-13,13,1
16,-13,16,1
16,-13,19,1
16,-13,20,2
16,-13,24,1
16,-13,25,1
16,-13,33,1
16,-13,40,1
16,-12,-20,1
16,-12,-19,1
16,-12,-17,1
16,-12,-16,3
16,-12,-15,1
16,-12,-14,3
16,-12,-13,3
16,-12,-11,1
16,-12,-7,2
16,-12,-6,1
16,-12,5,1
16,-12,6,3
16,-12,12,1
16,-12,13,1
16,-12,14,2
16,-12,16,4
16,-12,17,1
16,-12,18,3
16,-12,20,1
16,-12,48,1
16,-11,-44,1
16,-11,-38,1
16,-11,-31,1
16,-11,-20,1
16,-11,-19,1
16,-11,-18,1
16,-11,-16,1
16,-11,-14,1
16,-11,-11,2
16,-11,-10,1
16,-11,-9,1
16,-11,-8,2
16,-11,-7,2
16,-11,-6,1
16,-11,5,1
16,-11,6,1
16,-11,11,1
16,-11,12,1
16,-11,14,2
16,-11,17,1
16,-11,18,1
16,-11,23,1
16,-11,24,1
16,-11,26,1
16,-11,27,1
16,-11,31,1
16,-11,33,1
16,-11,34,1
16,-11,38,1
16,-11,48,1
16,-10,-43,1
16,-10,-42,3
16,-10,-40,1
16,-10,-38,1
16,-10,-23,1
16,-10,-22,1
16,-10,-17,1
16,-10,-15,6
16,-10,-14,3
16,-10,-13,5
16,-10,-12,6
16,-10,-11,5
16,-10,-10,1
16,-10,-9,1
16,-10,-8,2
16,-10,5,1
16,-10,6,2
16,-10,7,1
16,-10,8,1
16,-10,10,6
16,-10,11,6
16,-10,14,1
16,-10,15,4
16,-10,16,2
16,-10,17,1
16,-10,19,1
16,-10,20,1
16,-10,22,1
16,-9,-16,1
16,-9,-15,3
16,-9,-14,7
16,-9,-13,3
16,-9,-12,3
16,-9,-11,10
16,-9,-10,13
16,-9,-9,1
16,-9,-7,1
16,-9,-6,2
16,-9,-5,1
16,-9,-4,1
16,-9,4,1
16,-9,5,1
16,-9,10,3
16,-9,11,4
16,-9,12,2
16,-9,20,1
16,-9,53,1
16,-8,-51,1
16,-8,-37,1
16,-8,-35,1
16,-8,-23,1
16,-8,-22,1
16,-8,-17,2
16,-8,-14,1
16,-8,-13,2
16,-8,-12,1
16,-8,-11,4
16,-8,-10,1
16,-8,-9,3
16,-8,6,1
16,-8,10,5
16,-8,11,2
16,-8,12,1
16,-8,13,1
16,-8,20,1
16,-8,24,1
16,-7,-32,1
16,-7,-30,1
16,-7,-29,2
16,-7,-17,3
16,-7,-15,6
16,-7,-14,2
16,-7,-11,1
16,-7,-10,7
16,-7,-9,4
16,-7,-7,3
16,-7,9,1
16,-7,10,2
16,-7,14,1
16,-7,16,1
16,-7,20,3
16,-7,21,1
16,-7,22,2
16,-7,32,2
16,-6,-40,1
16,-6,-28,1
16,-6,-20,1
16,-6,-19,1
16,-6,-17,2
16,-6,-16,4
16,-6,-15,3
16,-6,-14,1
16,-6,-13,4
16,-6,-12,2
16,-6,-10,1
16,-6,-9,9
16,-6,-8,12
16,-6,-7,4
16,-6,-6,2
16,-6,6,1
16,-6,10,1
16,-6,11,2
16,-6,13,1
16,-6,16,4
16,-6,17,1
16,-6,20,2
16,-6,22,4
16,-6,33,1
16,-5,-58,1
16,-5,-41,2
16,-5,-39,1
16,-5,-34,1
16,-5,-33,1
16,-5,-29,1
16,-5,-28,1
16,-5,-26,1
16,-5,-19,2
16,-5,-18,1
16,-5,-14,9
16,-5,-13,4
16,-5,-9,3
16,-5,-8,1
16,-5,-6,3
16,-5,-5,2
16,-5,-4,1
16,-5,6,1
16,-5,11,1
16,-5,13,5
16,-5,14,6
16,-5,15,2
16,-5,16,3
16,-5,17,3
16,-5,20,2
16,-5,21,2
16,-5,22,2
16,-5,23,2
16,-5,25,1
16,-4,-46,1
16,-4,-42,1
16,-4,-37,1
16,-4,-32,2
16,-4,-28,1
16,-4,-26,1
16,-4,-23,2
16,-4,-20,1
16,-4,-17,5
16,-4,-16,5
16,-4,-15,3
16,-4,-14,2
16,-4,-13,7
16,-4,-12,4
16,-4,-11,5
16,-4,-10,2
16,-4,-9,2
16,-4,-8,1
16,-4,-7,1
16,-4,-6,3
16,-4,6,1
16,-4,9,2
16,-4,11,1
16,-4,12,1
16,-4,14,1
16,-4,15,7
16,-4,16,5
16,-4,17,2
16,-4,18,1
16,-4,19,1
16,-4,20,2
16,-4,21,4
16,-4,22,7
16,-4,24,5
16,-4,26,1
16,-4,28,1
16,-4,29,1
16,-3,-37,1
16,-3,-36,2
16,-3,-35,1
16,-3,-28,1
16,-3,-25,1
16,-3,-23,1
16,-3,-22,1
16,-3,-21,1
16,-3,-17,1
16,-3,-16,1
16,-3,-15,2
16,-3,-14,1
16,-3,-13,7
16,-3,-12,7
16,-3,-11,5
16,-3,-10,5
16,-3,-9,1
16,-3,-8,5
16,-3,-5,1
16,-3,-4,1
16,-3,0,1
16,-3,7,1
16,-3,8,4
16,-3,9,2
16,-3,10,1
16,-3,11,1
16,-3,12,1
16,-3,13,4
16,-3,14,7
16,-3,15,4
16,-3,16,1
16,-3,17,3
16,-3,18,1
16,-3,20,5
16,-3,21,3
16,-3,22,4
16,-3,23,4
16,-3,25,2
16,-3,26,3
16,-3,27,1
16,-3,28,1
16,-2,-26,1
16,-2,-22,1
16,-2,-21,3
16,-2,-20,2
16,-2,-19,2
16,-2,-18,3
16,-2,-15,1
16,-2,-14,2
16,-2,-13,3
16,-2,-12,1
16,-2,-10,2
16,-2,-9,1
16,-2,-8,1
16,-2,8,3
16,-2,9,2
16,-2,13,1
16,-2,16,2
16,-2,17,2
16,-2,18,2
16,-2,19,1
16,-2,20,2
16,-2,23,2
16,-2,25,1
16,-1,-40,1
16,-1,-36,1
16,-1,-35,1
16,-1,-33,1
16,-1,-30,1
16,-1,-26,1
16,-1,-23,3
16,-1,-22,2
16,-1,-21,3
16,-1,-17,2
16,-1,-16,2
16,-1,-15,2
16,-1,-14,1
16,-1,-11,1
16,-1,-10,3
16,-1,-9,1
16,-1,-8,11
16,-1,-7,5
16,-1,-6,1
16,-1,-3,1
16,-1,3,1
16,-1,9,1
16,-1,17,1
16,-1,27,1
16,-1,28,1
16,0,-43,2
16,0,-37,1
16,0,-29,1
16,0,-28,1
16,0,-27,2
16,0,-25,1
16,0,-24,2
16,0,-23,1
16,0,-21,3
16,0,-20,1
16,0,-13,2
16,0,-12,3
16,0,-10,1
16,0,-9,9
16,0,-8,6
16,0,-6,1
16,0,-3,1
16,0,8,2
16,0,9,4
16,0,11,6
16,0,12,2
16,0,14,1
16,1,-38,1
16,1,-37,1
16,1,-36,1
16,1,-28,2
16,1,-27,1
16,1,-24,1
16,1,-11,2
16,1,-10,2
16,1,-9,3
16,1,-8,4
16,1,10,1
16,1,16,1
16,2,-31,1
16,2,-30,1
16,2,-29,1
16,2,-27,1
16,2,-23,1
16,2,-15,3
16,2,-14,15
16,2,-13,1
16,2,-11,3
16,2,-10,1
16,2,-9,1
16,2,-8,21
16,2,-7,4
16,2,10,1
16,2,12,1
16,2,17,1
16,2,18,1
16,2,19,1
16,2,20,1
16,2,25,1
16,2,26,1
16,3,-32,1
16,3,-28,1
16,3,-15,1
16,3,-14,1
16,3,-12,1
16,3,-9,1
16,3,-8,7
16,4,-47,2
16,4,-46,1
16,4,-39,1
16,4,-30,1
16,4,-28,1
16,4,-13,2
16,4,-9,1
16,4,-8,1
16,4,18,1
16,4,19,1
16,4,20,2
16,4,22,1
16,5,-30,1
16,5,-29,1
16,5,-23,1
16,5,-10,1
16,6,-47,1
16,6,-32,1
16,6,-11,1
16,6,-8,1
16,6,-6,1
16,6,30,1
16,6,31,1
16,7,-30,3
16,7,-29,1
16,7,-9,1
16,7,-4,2
16,7,-3,1
16,7,10,1
16,7,16,1
16,8,-48,1
16,8,-9,1
16,8,-6,1
16,8,-5,1
16,8,6,1
16,8,16,3
16,8,18,2
16,9,-53,2
16,9,-51,1
16,9,-43,1
16,9,-3,1
16,9,14,1
16,10,-49,1
16,10,9,1
16,10,10,6
16,10,12,1
16,10,14,3
16,10,15,1
16,10,16,1
16,10,17,1
16,11,-48,1
16,11,-6,1
16,11,10,1
16,11,14,1
16,12,-41,1
16,12,-19,1
16,12,-18,1
16,12,-8,2
16,12,-7,2
16,12,-6,3
16,12,-4,1
16,13,-40,1
16,13,-37,1
16,13,-7,1
16,13,-6,1
16,14,-18,1
16,14,-16,1
16,14,-12,1
16,14,-7,1
16,15,-8,1
16,15,-7,2
16,16,-37,1
16,16,-5,1
16,19,-50,1
16,21,-73,1
16,21,-72,1
17,-37,20,1
17,-29,-7,1
17,-27,-69,1
17,-26,-79,1
17,-26,22,3
17,-26,30,1
17,-24,-9,1
17,-24,50,1
17,-23,-20,2
17,-23,14,1
17,-23,25,1
17,-23,26,1
17,-23,29,1
17,-22,-19,1
17,-22,-14,1
17,-22,13,1
17,-22,17,1
17,-22,24,1
17,-22,29,1
17,-22,36,1
17,-21,-47,1
17,-21,-12,1
17,-21,19,2
17,-21,22,1
17,-21,27,1
17,-21,45,1
17,-20,-46,1
17,-20,-19,1
17,-20,-17,1
17,-20,-16,1
17,-20,-14,1
17,-20,17,1
17,-20,18,1
17,-20,19,1
17,-20,28,1
17,-20,41,1
17,-19,-21,1
17,-19,-17,1
17,-19,-13,1
17,-19,12,1
17,-19,41,1
17,-18,-76,1
17,-18,-53,1
17,-18,-16,1
17,-18,-13,1
17,-18,12,1
17,-18,14,1
17,-18,15,2
17,-18,16,1
17,-18,21,1
17,-18,26,1
17,-18,30,1
17,-18,63,1
17,-17,-44,1
17,-17,-43,1
17,-17,-36,1
17,-17,-19,1
17,-17,-18,1
17,-17,-17,1
17,-17,-16,1
17,-17,-13,2
17,-17,14,2
17,-17,15,1
17,-17,18,2
17,-17,20,1
17,-17,22,1
17,-17,25,2
17,-16,-36,1
17,-16,-34,1
17,-16,-18,1
17,-16,-16,1
17,-16,-15,1
17,-16,-7,1
17,-16,13,1
17,-16,14,2
17,-16,16,2
17,-16,18,1
17,-16,26,1
17,-15,-77,1
17,-15,-67,1
17,-15,-17,1
17,-15,-13,1
17,-15,-11,1
17,-15,-8,1
17,-15,-7,2
17,-15,3,1
17,-15,13,1
17,-15,14,2
17,-15,15,1
17,-15,16,1
17,-15,21,2
17,-15,23,1
17,-15,25,1
17,-15,30,1
17,-15,36,1
17,-15,45,2
17,-14,-62,1
17,-14,-54,1
17,-14,-17,1
17,-14,-16,1
17,-14,-15,1
17,-14,-14,2
17,-14,-11,2
17,-14,-10,1
17,-14,-8,2
17,-14,-7,1
17,-14,10,2
17,-14,12,1
17,-14,13,2
17,-14,14,2
17,-14,20,1
17,-14,25,1
17,-14,37,1
17,-13,-77,1
17,-13,-33,2
17,-13,-26,1
17,-13,-20,1
17,-13,-16,1
17,-13,-15,1
17,-13,-13,3
17,-13,-12,3
17,-13,-11,3
17,-13,-9,2
17,-13,-8,1
17,-13,7,1
17,-13,8,1
17,-13,13,2
17,-13,14,1
17,-13,24,1
17,-13,54,1
17,-12,-65,1
17,-12,-38,1
17,-12,-31,1
17,-12,-16,2
17,-12,-13,2
17,-12,-11,1
17,-12,-10,1
17,-12,-9,1
17,-12,-8,1
17,-12,-7,2
17,-12,-6,1
17,-12,-5,1
17,-12,5,1
17,-12,6,1
17,-12,8,1
17,-12,9,2
17,-12,12,1
17,-12,15,3
17,-12,16,1
17,-12,18,2
17,-12,19,1
17,-12,23,1
17,-11,-22,2
17,-11,-21,1
17,-11,-18,3
17,-11,-17,1
17,-11,-16,1
17,-11,-15,1
17,-11,-14,1
17,-11,-13,5
17,-11,-12,6
17,-11,-11,2
17,-11,-10,1
17,-11,-6,1
17,-11,3,1
17,-11,5,1
17,-11,7,1
17,-11,11,2
17,-11,12,2
17,-11,13,1
17,-11,15,2
17,-11,17,2
17,-11,21,3
17,-11,23,1
17,-11,29,1
17,-11,64,1
17,-10,-88,1
17,-10,-35,1
17,-10,-34,1
17,-10,-21,1
17,-10,-20,1
17,-10,-17,1
17,-10,-16,2
17,-10,-15,1
17,-10,-14,1
17,-10,-13,2
17,-10,-12,2
17,-10,-10,2
17,-10,-9,4
17,-10,-8,2
17,-10,-7,3
17,-10,-6,1
17,-10,-5,1
17,-10,4,1
17,-10,6,2
17,-10,10,2
17,-10,11,3
17,-10,14,1
17,-10,21,2
17,-10,25,3
17,-10,26,2
17,-10,29,1
17,-10,31,1
17,-10,45,2
17,-9,-44,1
17,-9,-41,1
17,-9,-36,1
17,-9,-32,1
17,-9,-20,3
17,-9,-19,2
17,-9,-15,2
17,-9,-14,5
17,-9,-13,1
17,-9,-11,10
17,-9,-10,6
17,-9,-9,2
17,-9,-8,3
17,-9,-6,1
17,-9,-5,4
17,-9,-4,3
17,-9,3,1
17,-9,5,2
17,-9,6,1
17,-9,7,2
17,-9,9,1
17,-9,10,15
17,-9,11,3
17,-9,12,1
17,-9,13,1
17,-9,14,1
17,-9,15,4
17,-9,17,1
17,-8,-40,3
17,-8,-37,3
17,-8,-35,1
17,-8,-33,1
17,-8,-28,1
17,-8,-22,1
17,-8,-20,1
17,-8,-19,1
17,-8,-18,1
17,-8,-17,1
17,-8,-16,1
17,-8,-15,1
17,-8,-14,4
17,-8,-13,3
17,-8,-12,2
17,-8,-11,4
17,-8,-10,5
17,-8,-9,9
17,-8,-8,1
17,-8,-7,2
17,-8,-6,2
17,-8,-5,1
17,-8,-4,1
17,-8,-2,1
17,-8,8,1
17,-8,9,1
17,-8,10,7
17,-8,11,4
17,-8,12,3
17,-8,13,2
17,-8,14,1
17,-8,19,1
17,-8,22,2
17,-8,25,1
17,-7,-37,1
17,-7,-29,1
17,-7,-22,1
17,-7,-21,6
17,-7,-17,2
17,-7,-16,3
17,-7,-14,2
17,-7,-13,1
17,-7,-12,2
17,-7,-11,1
17,-7,-10,1
17,-7,-9,1
17,-7,-8,6
17,-7,-7,1
17,-7,-6,3
17,-7,6,2
17,-7,9,3
17,-7,10,5
17,-7,11,1
17,-7,12,2
17,-7,19,3
17,-7,20,1
17,-7,21,1
17,-7,22,2
17,-7,25,1
17,-7,28,1
17,-7,30,1
17,-6,-48,1
17,-6,-43,1
17,-6,-42,1
17,-6,-41,1
17,-6,-29,1
17,-6,-28,3
17,-6,-26,3
17,-6,-19,3
17,-6,-18,3
17,-6,-17,5
17,-6,-16,1
17,-6,-15,3
17,-6,-14,7
17,-6,-13,2
17,-6,-12,2
17,-6,-11,1
17,-6,-9,4
17,-6,-8,13
17,-6,-7,1
17,-6,-6,2
17,-6,-5,2
17,-6,8,1
17,-6,10,1
17,-6,14,1
17,-6,15,4
17,-6,16,1
17,-6,29,2
17,-6,30,1
17,-5,-43,1
17,-5,-40,1
17,-5,-34,1
17,-5,-33,1
17,-5,-30,2
17,-5,-29,2
17,-5,-27,2
17,-5,-26,3
17,-5,-18,2
17,-5,-17,1
17,-5,-15,3
17,-5,-14,3
17,-5,-13,12
17,-5,-12,5
17,-5,-10,3
17,-5,-8,4
17,-5,-7,3
17,-5,-6,4
17,-5,-5,4
17,-5,-4,1
17,-5,-3,1
17,-5,8,1
17,-5,9,3
17,-5,10,4
17,-5,11,4
17,-5,12,4
17,-5,13,1
17,-5,14,1
17,-5,15,6
17,-5,16,5
17,-5,19,3
17,-5,20,3
17,-5,21,5
17,-5,25,1
17,-5,26,1
17,-5,27,1
17,-4,-42,2
17,-4,-40,1
17,-4,-35,1
17,-4,-25,2
17,-4,-22,1
17,-4,-18,1
17,-4,-16,3
17,-4,-14,3
17,-4,-13,1
17,-4,-12,5
17,-4,-11,4
17,-4,-10,7
17,-4,-7,2
17,-4,-6,3
17,-4,-5,3
17,-4,-4,2
17,-4,7,1
17,-4,8,3
17,-4,10,2
17,-4,12,2
17,-4,13,1
17,-4,14,5
17,-4,15,1
17,-4,16,3
17,-4,18,1
17,-4,19,2
17,-4,20,3
17,-4,21,3
17,-4,22,2
17,-4,26,1
17,-4,27,1
17,-4,31,1
17,-3,-42,2
17,-3,-41,1
17,-3,-38,2
17,-3,-36,1
17,-3,-32,1
17,-3,-31,1
17,-3,-24,2
17,-3,-23,2
17,-3,-21,1
17,-3,-20,3
17,-3,-18,1
17,-3,-17,1
17,-3,-16,1
17,-3,-15,3
17,-3,-14,5
17,-3,-13,6
17,-3,-12,7
17,-3,-11,8
17,-3,-10,24
17,-3,-9,1
17,-3,-8,3
17,-3,-7,4
17,-3,-4,1
17,-3,-3,1
17,-3,4,1
17,-3,5,1
17,-3,6,3
17,-3,7,3
17,-3,8,1
17,-3,9,1
17,-3,10,2
17,-3,11,2
17,-3,12,5
17,-3,13,7
17,-3,14,5
17,-3,15,8
17,-3,16,7
17,-3,17,7
17,-3,18,2
17,-3,19,5
17,-3,20,5
17,-3,21,3
17,-3,22,3
17,-3,23,2
17,-3,24,2
17,-3,25,1
17,-3,26,2
17,-2,-33,1
17,-2,-32,1
17,-2,-24,2
17,-2,-23,1
17,-2,-22,1
17,-2,-21,1
17,-2,-20,3
17,-2,-19,1
17,-2,-18,1
17,-2,-17,1
17,-2,-16,1
17,-2,-14,1
17,-2,-13,2
17,-2,-12,3
17,-2,-11,1
17,-2,-10,1
17,-2,-9,2
17,-2,-8,1
17,-2,-3,1
17,-2,7,2
17,-2,9,2
17,-2,12,1
17,-2,13,1
17,-2,14,1
17,-2,15,1
17,-2,16,1
17,-2,18,2
17,-2,19,1
17,-2,20,1
17,-2,21,1
17,-2,22,2
17,-2,23,4
17,-2,31,1
17,-2,32,1
17,-1,-38,1
17,-1,-35,1
17,-1,-34,1
17,-1,-31,1
17,-1,-30,1
17,-1,-26,1
17,-1,-24,1
17,-1,-23,1
17,-1,-22,3
17,-1,-21,2
17,-1,-20,1
17,-1,-16,2
17,-1,-15,1
17,-1,-14,2
17,-1,-10,2
17,-1,-9,6
17,-1,-8,7
17,-1,-7,10
17,-1,9,1
17,-1,17,1
17,0,-41,2
17,0,-36,2
17,0,-35,2
17,0,-33,1
17,0,-27,2
17,0,-26,2
17,0,-25,2
17,0,-24,1
17,0,-23,4
17,0,-22,1
17,0,-20,1
17,0,-19,1
17,0,-13,1
17,0,-12,2
17,0,-11,3
17,0,-9,3
17,0,-8,6
17,0,-7,7
17,0,-6,5
17,0,5,1
17,0,8,2
17,0,9,3
17,0,10,1
17,0,11,3
17,0,12,3
17,0,13,2
17,1,-43,1
17,1,-36,1
17,1,-26,3
17,1,-25,3
17,1,-24,4
17,1,-23,2
17,1,-22,2
17,1,-21,3
17,1,-11,3
17,1,-10,3
17,1,-9,5
17,1,-8,6
17,1,-7,1
17,1,-6,1
17,1,3,1
17,1,9,2
17,1,11,1
17,1,13,1
17,1,15,1
17,1,21,1
17,2,-37,1
17,2,-32,2
17,2,-31,1
17,2,-27,1
17,2,-25,1
17,2,-24,2
17,2,-22,1
17,2,-21,2
17,2,-14,12
17,2,-13,21
17,2,-12,2
17,2,-11,4
17,2,-10,2
17,2,-8,27
17,2,-7,27
17,2,-6,1
17,2,-5,3
17,2,8,1
17,2,9,2
17,2,18,1
17,2,24,1
17,3,-43,1
17,3,-31,1
17,3,-30,1
17,3,-22,1
17,3,-16,1
17,3,-12,2
17,3,-8,5
17,3,-7,3
17,3,12,2
17,3,17,1
17,4,-45,2
17,4,-38,2
17,4,-30,1
17,4,-28,2
17,4,-27,1
17,4,-26,1
17,4,-21,2
17,4,-12,1
17,4,-8,2
17,4,-7,1
17,4,15,1
17,4,17,1
17,4,18,1
17,4,21,1
17,4,22,2
17,5,-44,1
17,5,-43,1
17,5,-39,1
17,5,-29,1
17,5,-27,2
17,5,-22,1
17,5,-21,1
17,5,-10,1
17,5,-8,5
17,5,-7,3
17,5,-6,2
17,5,26,1
17,6,-45,1
17,6,-42,1
17,6,-30,1
17,6,-8,1
17,6,-7,1
17,6,-3,1
17,6,24,1
17,7,-8,2
17,7,-6,2
17,7,-5,2
17,7,-4,2
17,7,-3,1
17,7,10,1
17,7,15,3
17,7,25,1
17,8,-44,1
17,8,-6,1
17,8,16,1
17,8,17,2
17,9,-40,1
17,9,-29,1
17,9,9,3
17,9,10,4
17,9,13,2
17,9,14,1
17,9,15,1
17,10,-41,3
17,10,-39,1
17,10,-16,1
17,10,-6,1
17,10,9,5
17,10,13,4
17,10,14,1
17,10,15,1
17,11,-41,1
17,11,-37,2
17,11,-30,1
17,11,-29,1
17,11,-28,1
17,11,-27,1
17,11,-17,2
17,11,-7,3
17,11,-6,5
17,11,-5,1
17,12,-42,1
17,12,-38,1
17,12,-6,1
17,13,-16,2
17,13,-12,1
17,13,-9,1
17,13,-8,1
17,13,-7,1
17,14,-7,1
17,14,-6,2
17,15,-60,1
17,16,-17,1
17,17,-67,1
17,21,-60,1
17,23,-46,1
17,24,-62,1
17,24,-32,1
18,-75,-134,1
18,-72,-125,1
18,-46,36,1
18,-38,9,1
18,-37,73,1
18,-32,32,1
18,-31,5,1
18,-26,12,1
18,-26,17,1
18,-26,36,1
18,-25,-18,1
18,-25,-10,1
18,-25,-6,1
18,-24,22,1
18,-24,28,1
18,-23,-60,1
18,-23,-58,1
18,-23,-15,1
18,-23,-14,1
18,-23,20,1
18,-23,46,1
18,-23,49,1
18,-22,-14,1
18,-22,16,1
18,-22,18,1
18,-22,20,1
18,-21,-63,1
18,-21,-18,1
18,-21,17,1
18,-21,23,1
18,-21,34,1
18,-20,-85,1
18,-20,-8,2
18,-20,13,1
18,-20,15,1
18,-20,16,1
18,-20,24,1
18,-20,27,1
18,-20,28,1
18,-20,32,1
18,-19,-45,1
18,-19,11,1
18,-19,20,1
18,-19,24,2
18,-19,26,1
18,-19,27,1
18,-19,31,1
18,-18,-16,1
18,-18,-12,1
18,-18,-8,3
18,-18,6,1
18,-18,15,2
18,-18,16,1
18,-18,23,1
18,-18,33,1
18,-17,-18,1
18,-17,-12,1
18,-17,11,1
18,-17,14,1
18,-17,19,1
18,-17,28,1
18,-16,-38,1
18,-16,-34,1
18,-16,-21,2
18,-16,-20,2
18,-16,-19,2
18,-16,-17,3
18,-16,-11,1
18,-16,13,3
18,-16,15,3
18,-16,16,1
18,-16,17,1
18,-16,21,1
18,-16,60,1
18,-15,-59,1
18,-15,-57,1
18,-15,-37,1
18,-15,-20,1
18,-15,-19,1
18,-15,-17,1
18,-15,-16,2
18,-15,-15,2
18,-15,-9,1
18,-15,8,2
18,-15,9,1
18,-15,13,3
18,-15,14,1
18,-15,15,1
18,-15,20,1
18,-15,23,1
18,-15,24,1
18,-14,-39,1
18,-14,-17,1
18,-14,-15,1
18,-14,-10,3
18,-14,-9,1
18,-14,-8,1
18,-14,-7,2
18,-14,12,1
18,-14,13,5
18,-14,14,1
18,-14,18,1
18,-14,22,3
18,-14,23,1
18,-14,25,2
18,-13,-56,1
18,-13,-43,1
18,-13,-42,1
18,-13,-35,1
18,-13,-32,1
18,-13,-26,1
18,-13,-18,1
18,-13,-16,1
18,-13,-14,3
18,-13,-13,3
18,-13,-12,2
18,-13,-11,1
18,-13,-10,1
18,-13,-7,1
18,-13,-6,1
18,-13,8,1
18,-13,10,1
18,-13,11,3
18,-13,12,3
18,-13,13,1
18,-13,16,1
18,-13,18,2
18,-13,22,1
18,-13,33,1
18,-13,35,1
18,-13,66,1
18,-12,-33,1
18,-12,-32,1
18,-12,-31,2
18,-12,-25,1
18,-12,-24,1
18,-12,-23,1
18,-12,-18,2
18,-12,-15,1
18,-12,-14,2
18,-12,-10,4
18,-12,-9,1
18,-12,-8,1
18,-12,-7,1
18,-12,-6,1
18,-12,-4,1
18,-12,6,1
18,-12,10,1
18,-12,11,3
18,-12,12,2
18,-12,13,2
18,-12,15,1
18,-12,16,1
18,-12,18,1
18,-11,-61,1
18,-11,-40,1
18,-11,-24,1
18,-11,-20,1
18,-11,-18,2
18,-11,-15,3
18,-11,-14,2
18,-11,-13,4
18,-11,-12,5
18,-11,-11,3
18,-11,-10,4
18,-11,-9,3
18,-11,-7,3
18,-11,-6,2
18,-11,-5,3
18,-11,-4,1
18,-11,4,1
18,-11,5,1
18,-11,6,1
18,-11,7,3
18,-11,9,1
18,-11,10,1
18,-11,11,1
18,-11,12,3
18,-11,13,1
18,-11,14,4
18,-11,17,2
18,-11,21,2
18,-11,22,1
18,-11,23,2
18,-11,24,1
18,-11,26,1
18,-11,28,2
18,-11,29,2
18,-11,34,1
18,-11,41,1
18,-10,-44,1
18,-10,-42,1
18,-10,-29,1
18,-10,-19,1
18,-10,-18,2
18,-10,-17,2
18,-10,-16,2
18,-10,-14,1
18,-10,-12,7
18,-10,-11,2
18,-10,-10,1
18,-10,-9,2
18,-10,-8,1
18,-10,-7,1
18,-10,-6,7
18,-10,-5,2
18,-10,-4,4
18,-10,3,1
18,-10,5,2
18,-10,6,1
18,-10,7,1
18,-10,8,1
18,-10,10,1
18,-10,11,1
18,-10,12,3
18,-10,13,1
18,-10,14,3
18,-10,15,3
18,-10,16,2
18,-10,20,4
18,-10,21,1
18,-10,23,2
18,-10,24,2
18,-10,28,1
18,-10,44,1
18,-10,61,1
18,-9,-37,1
18,-9,-32,1
18,-9,-30,1
18,-9,-19,2
18,-9,-15,1
18,-9,-14,7
18,-9,-13,6
18,-9,-12,2
18,-9,-11,3
18,-9,-10,2
18,-9,-9,6
18,-9,-8,4
18,-9,-7,2
18,-9,-6,1
18,-9,-5,1
18,-9,5,2
18,-9,6,2
18,-9,7,1
18,-9,8,3
18,-9,9,8
18,-9,10,2
18,-9,12,2
18,-9,13,4
18,-9,14,3
18,-9,15,1
18,-9,17,1
18,-9,20,2
18,-9,22,1
18,-9,30,1
18,-9,40,1
18,-9,49,1
18,-8,-45,1
18,-8,-43,1
18,-8,-42,1
18,-8,-41,1
18,-8,-40,1
18,-8,-36,1
18,-8,-35,2
18,-8,-34,3
18,-8,-33,1
18,-8,-29,1
18,-8,-20,2
18,-8,-18,1
18,-8,-16,2
18,-8,-15,1
18,-8,-14,1
18,-8,-13,6
18,-8,-12,6
18,-8,-11,2
18,-8,-10,11
18,-8,-9,15
18,-8,-8,5
18,-8,-7,1
18,-8,-6,8
18,-8,-5,5
18,-8,-4,2
18,-8,-3,1
18,-8,4,1
18,-8,5,4
18,-8,6,1
18,-8,7,2
18,-8,9,5
18,-8,10,14
18,-8,11,4
18,-8,12,2
18,-8,13,2
18,-8,16,1
18,-8,17,3
18,-8,21,1
18,-8,47,1
18,-7,-40,2
18,-7,-35,1
18,-7,-33,2
18,-7,-32,1
18,-7,-31,1
18,-7,-30,2
18,-7,-28,1
18,-7,-26,2
18,-7,-24,4
18,-7,-21,1
18,-7,-20,2
18,-7,-19,3
18,-7,-18,1
18,-7,-15,2
18,-7,-13,2
18,-7,-12,8
18,-7,-11,1
18,-7,-10,7
18,-7,-9,4
18,-7,-8,4
18,-7,-7,3
18,-7,-6,1
18,-7,-5,2
18,-7,-4,2
18,-7,-3,1
18,-7,8,4
18,-7,9,9
18,-7,11,1
18,-7,12,4
18,-7,13,2
18,-7,18,1
18,-7,20,2
18,-7,22,1
18,-6,-47,1
18,-6,-37,1
18,-6,-35,1
18,-6,-33,1
18,-6,-25,2
18,-6,-24,1
18,-6,-18,1
18,-6,-17,2
18,-6,-16,2
18,-6,-15,7
18,-6,-14,1
18,-6,-13,10
18,-6,-12,3
18,-6,-11,1
18,-6,-9,5
18,-6,-8,14
18,-6,-7,3
18,-6,-6,3
18,-6,-5,2
18,-6,-3,1
18,-6,7,1
18,-6,9,3
18,-6,14,1
18,-6,15,2
18,-6,16,1
18,-6,17,4
18,-6,18,2
18,-6,19,1
18,-6,21,2
18,-6,29,1
18,-6,30,1
18,-5,-40,1
18,-5,-35,1
18,-5,-30,1
18,-5,-25,2
18,-5,-24,2
18,-5,-18,1
18,-5,-17,4
18,-5,-16,6
18,-5,-15,2
18,-5,-14,7
18,-5,-13,7
18,-5,-12,11
18,-5,-11,5
18,-5,-9,2
18,-5,-8,3
18,-5,-7,11
18,-5,-6,5
18,-5,-5,4
18,-5,-4,3
18,-5,9,4
18,-5,10,1
18,-5,11,3
18,-5,12,2
18,-5,13,1
18,-5,14,2
18,-5,15,4
18,-5,16,5
18,-5,17,1
18,-5,19,4
18,-5,20,4
18,-5,21,4
18,-5,22,2
18,-5,29,1
18,-4,-36,1
18,-4,-34,1
18,-4,-33,1
18,-4,-32,1
18,-4,-27,1
18,-4,-25,3
18,-4,-24,3
18,-4,-23,4
18,-4,-21,2
18,-4,-20,1
18,-4,-19,1
18,-4,-18,1
18,-4,-17,2
18,-4,-14,6
18,-4,-13,3
18,-4,-12,7
18,-4,-11,6
18,-4,-10,4
18,-4,-9,4
18,-4,-8,1
18,-4,-7,4
18,-4,-6,3
18,-4,-5,4
18,-4,-4,3
18,-4,-3,1
18,-4,4,1
18,-4,6,1
18,-4,7,1
18,-4,8,3
18,-4,9,4
18,-4,10,4
18,-4,11,1
18,-4,12,4
18,-4,13,6
18,-4,14,2
18,-4,15,5
18,-4,16,1
18,-4,17,2
18,-4,18,2
18,-4,19,4
18,-4,20,1
18,-4,21,1
18,-4,22,1
18,-4,23,3
18,-4,24,1
18,-4,29,3
18,-3,-37,1
18,-3,-34,1
18,-3,-32,3
18,-3,-27,1
18,-3,-25,1
18,-3,-24,2
18,-3,-23,4
18,-3,-22,3
18,-3,-21,1
18,-3,-19,1
18,-3,-16,1
18,-3,-15,2
18,-3,-14,6
18,-3,-13,3
18,-3,-12,13
18,-3,-11,10
18,-3,-10,11
18,-3,-9,7
18,-3,-8,3
18,-3,-7,6
18,-3,-5,4
18,-3,-4,2
18,-3,4,1
18,-3,6,2
18,-3,7,4
18,-3,8,4
18,-3,9,8
18,-3,10,3
18,-3,11,2
18,-3,12,15
18,-3,13,11
18,-3,14,6
18,-3,15,12
18,-3,16,3
18,-3,17,3
18,-3,18,7
18,-3,19,6
18,-3,20,3
18,-3,21,2
18,-3,22,4
18,-3,23,1
18,-3,24,1
18,-3,25,3
18,-3,26,1
18,-2,-33,1
18,-2,-31,1
18,-2,-28,3
18,-2,-26,1
18,-2,-24,3
18,-2,-22,1
18,-2,-20,5
18,-2,-19,3
18,-2,-18,7
18,-2,-17,8
18,-2,-16,2
18,-2,-15,2
18,-2,-14,1
18,-2,-13,3
18,-2,-12,8
18,-2,-11,7
18,-2,-10,8
18,-2,-9,4
18,-2,-8,3
18,-2,6,2
18,-2,8,2
18,-2,12,2
18,-2,13,3
18,-2,14,4
18,-2,15,2
18,-2,16,2
18,-2,17,3
18,-2,18,5
18,-2,19,2
18,-2,20,3
18,-2,21,6
18,-2,22,6
18,-2,23,2
18,-2,29,1
18,-2,66,1
18,-1,-31,1
18,-1,-29,1
18,-1,-25,1
18,-1,-24,2
18,-1,-23,1
18,-1,-22,2
18,-1,-20,9
18,-1,-19,5
18,-1,-16,2
18,-1,-15,4
18,-1,-14,1
18,-1,-13,3
18,-1,-9,9
18,-1,-8,6
18,-1,-7,12
18,-1,-6,2
18,-1,7,3
18,-1,8,4
18,-1,14,1
18,-1,16,2
18,-1,24,1
18,-1,25,2
18,0,-42,1
18,0,-35,1
18,0,-34,1
18,0,-33,2
18,0,-32,1
18,0,-31,1
18,0,-30,1
18,0,-29,2
18,0,-28,1
18,0,-27,2
18,0,-26,2
18,0,-25,2
18,0,-24,2
18,0,-23,1
18,0,-22,1
18,0,-21,4
18,0,-20,1
18,0,-18,2
18,0,-12,1
18,0,-11,3
18,0,-10,4
18,0,-8,8
18,0,-7,6
18,0,-6,5
18,0,-5,4
18,0,7,4
18,0,8,9
18,0,9,1
18,0,10,5
18,0,11,2
18,0,12,1
18,0,13,1
18,1,-34,1
18,1,-32,1
18,1,-31,1
18,1,-25,1
18,1,-24,2
18,1,-23,4
18,1,-22,2
18,1,-21,2
18,1,-20,3
18,1,-10,3
18,1,-9,3
18,1,-8,5
18,1,-7,6
18,1,-6,5
18,1,-5,2
18,1,7,1
18,1,10,1
18,1,15,2
18,1,38,1
18,2,-35,1
18,2,-34,2
18,2,-33,1
18,2,-32,1
18,2,-29,2
18,2,-27,4
18,2,-26,1
18,2,-25,1
18,2,-23,1
18,2,-14,1
18,2,-13,11
18,2,-12,12
18,2,-10,8
18,2,-9,1
18,2,-8,4
18,2,-7,39
18,2,-6,2
18,2,-5,2
18,2,5,1
18,2,8,1
18,2,10,1
18,2,15,2
18,2,17,2
18,2,21,2
18,2,30,2
18,2,31,1
18,3,-33,2
18,3,-28,1
18,3,-21,1
18,3,-20,1
18,3,-12,2
18,3,-11,5
18,3,-8,3
18,3,-7,15
18,3,-4,1
18,3,11,1
18,3,17,2
18,4,-41,1
18,4,-37,1
18,4,-35,1
18,4,-20,2
18,4,-19,1
18,4,-11,1
18,4,-8,1
18,4,-4,1
18,4,-2,2
18,4,13,1
18,4,16,1
18,4,17,2
18,4,21,1
18,4,23,1
18,5,-25,1
18,5,-19,1
18,5,-12,1
18,5,-10,1
18,5,-9,1
18,5,-7,9
18,5,-6,1
18,5,24,1
18,5,26,1
18,5,27,1
18,6,-41,1
18,6,-26,1
18,6,-5,1
18,6,-4,1
18,6,-3,1
18,6,-2,1
18,6,9,1
18,6,10,1
18,6,24,1
18,7,-39,1
18,7,-8,2
18,7,-7,5
18,7,-6,2
18,7,-5,3
18,7,-4,4
18,7,-3,2
18,7,14,2
18,7,15,1
18,7,16,1
18,8,-41,1
18,8,-7,2
18,8,-6,2
18,8,-4,1
18,8,8,4
18,8,9,1
18,8,10,1
18,8,12,2
18,9,-45,1
18,9,-28,1
18,9,-18,2
18,9,-6,1
18,9,8,4
18,9,9,10
18,9,12,3
18,9,13,2
18,10,-48,1
18,10,-36,1
18,10,-33,1
18,10,-20,1
18,10,-16,1
18,10,-7,2
18,10,-6,1
18,10,-5,1
18,10,8,1
18,10,9,1
18,10,12,1
18,10,13,1
18,11,-41,1
18,11,-39,1
18,11,-34,1
18,11,-26,1
18,11,-25,1
18,11,-23,1
18,11,-7,2
18,11,-6,5
18,11,-5,1
18,11,-3,1
18,12,-39,1
18,12,-23,1
18,12,-14,1
18,12,-8,1
18,12,-7,1
18,12,-6,4
18,13,-61,1
18,13,-45,1
18,13,-11,2
18,13,-6,1
18,14,-70,1
18,14,-69,1
18,14,-23,1
18,14,-5,1
18,16,-36,1
18,19,-34,1
18,20,-48,1
18,22,-82,1
18,22,-74,1
19,-104,-152,1
19,-67,-121,1
19,-35,57,1
19,-34,20,1
19,-32,18,1
19,-31,18,1
19,-29,27,1
19,-28,-86,1
19,-27,-24,1
19,-27,51,1
19,-26,11,1
19,-26,15,1
19,-26,41,1
19,-25,-58,1
19,-25,16,1
19,-24,-7,1
19,-24,14,1
19,-24,17,1
19,-23,10,1
19,-23,16,1
19,-23,19,1
19,-23,33,1
19,-22,-65,1
19,-22,12,1
19,-22,19,1
19,-22,21,1
19,-22,41,1
19,-21,-76,1
19,-21,-54,1
19,-21,38,1
19,-21,39,1
19,-20,-51,1
19,-20,-13,1
19,-20,22,1
19,-20,34,1
19,-20,42,1
19,-19,-52,1
19,-19,-8,1
19,-19,2,1
19,-19,15,1
19,-19,16,1
19,-19,18,1
19,-19,20,2
19,-19,25,2
19,-19,33,1
19,-19,41,1
19,-18,-61,1
19,-18,-48,1
19,-18,-16,1
19,-18,-14,1
19,-18,-7,1
19,-18,-1,1
19,-18,13,1
19,-18,16,1
19,-18,19,1
19,-18,24,1
19,-18,25,1
19,-18,38,1
19,-17,-48,1
19,-17,-18,1
19,-17,-17,2
19,-17,-8,2
19,-17,-7,1
19,-17,-2,1
19,-17,11,1
19,-17,13,33
19,-17,14,143
19,-17,15,1
19,-17,19,1
19,-17,20,1
19,-17,21,2
19,-17,22,1
19,-17,30,1
19,-17,32,1
19,-16,-63,1
19,-16,-48,1
19,-16,-16,2
19,-16,-4,1
19,-16,10,1
19,-16,11,1
19,-16,14,1
19,-16,15,1
19,-16,18,2
19,-15,-70,1
19,-15,-39,1
19,-15,-38,1
19,-15,-33,1
19,-15,-32,1
19,-15,-19,1
19,-15,-17,3
19,-15,-16,6
19,-15,-15,2
19,-15,-14,1
19,-15,-10,1
19,-15,-9,2
19,-15,-4,1
19,-15,5,1
19,-15,9,1
19,-15,10,2
19,-15,12,1
19,-15,13,2
19,-15,14,1
19,-15,16,2
19,-15,18,1
19,-15,21,1
19,-15,23,1
19,-15,26,2
19,-14,-53,1
19,-14,-52,1
19,-14,-50,1
19,-14,-38,1
19,-14,-31,1
19,-14,-21,2
19,-14,-19,1
19,-14,-18,2
19,-14,-16,2
19,-14,-15,5
19,-14,-14,1
19,-14,-13,4
19,-14,-12,1
19,-14,-11,1
19,-14,-10,1
19,-14,12,5
19,-14,13,1
19,-14,14,2
19,-14,17,1
19,-14,18,1
19,-14,21,1
19,-14,22,1
19,-13,-42,1
19,-13,-36,1
19,-13,-31,1
19,-13,-12,1
19,-13,-10,1
19,-13,-9,4
19,-13,-8,1
19,-13,-6,1
19,-13,9,1
19,-13,11,2
19,-13,12,2
19,-13,13,2
19,-13,18,1
19,-13,19,1
19,-13,24,1
19,-13,32,1
19,-13,38,1
19,-13,39,1
19,-12,-33,1
19,-12,-17,1
19,-12,-15,2
19,-12,-14,3
19,-12,-12,2
19,-12,-11,4
19,-12,-10,4
19,-12,-9,3
19,-12,-7,1
19,-12,-6,1
19,-12,1,1
19,-12,3,1
19,-12,6,2
19,-12,7,2
19,-12,9,3
19,-12,10,2
19,-12,11,1
19,-12,12,1
19,-12,13,2
19,-12,14,3
19,-12,15,2
19,-12,16,1
19,-12,20,2
19,-12,21,3
19,-11,-38,1
19,-11,-33,2
19,-11,-29,1
19,-11,-22,1
19,-11,-18,1
19,-11,-17,1
19,-11,-16,1
19,-11,-15,1
19,-11,-13,2
19,-11,-12,1
19,-11,-11,5
19,-11,-10,1
19,-11,-9,5
19,-11,-8,4
19,-11,-7,3
19,-11,-6,1
19,-11,-5,2
19,-11,-3,1
19,-11,4,1
19,-11,6,1
19,-11,7,4
19,-11,10,2
19,-11,11,1
19,-11,12,1
19,-11,13,1
19,-11,14,2
19,-11,15,1
19,-11,16,4
19,-11,17,1
19,-11,19,1
19,-11,20,2
19,-11,22,2
19,-11,34,1
19,-11,54,1
19,-10,-67,1
19,-10,-38,1
19,-10,-33,1
19,-10,-32,1
19,-10,-30,2
19,-10,-22,2
19,-10,-20,2
19,-10,-19,1
19,-10,-17,1
19,-10,-16,3
19,-10,-15,2
19,-10,-14,3
19,-10,-13,1
19,-10,-12,8
19,-10,-11,9
19,-10,-10,4
19,-10,-9,6
19,-10,-5,2
19,-10,-4,3
19,-10,4,3
19,-10,5,5
19,-10,6,3
19,-10,7,2
19,-10,8,2
19,-10,10,4
19,-10,11,3
19,-10,12,1
19,-10,13,3
19,-10,16,1
19,-10,17,4
19,-10,18,1
19,-10,19,2
19,-10,20,1
19,-10,22,2
19,-10,24,1
19,-10,25,1
19,-9,-78,1
19,-9,-66,1
19,-9,-62,1
19,-9,-38,2
19,-9,-33,1
19,-9,-32,1
19,-9,-31,1
19,-9,-30,1
19,-9,-26,1
19,-9,-25,1
19,-9,-18,1
19,-9,-16,2
19,-9,-15,3
19,-9,-14,3
19,-9,-12,2
19,-9,-11,7
19,-9,-10,2
19,-9,-9,5
19,-9,-8,4
19,-9,-7,4
19,-9,-6,4
19,-9,-5,1
19,-9,-4,6
19,-9,-3,3
19,-9,3,1
19,-9,4,1
19,-9,5,3
19,-9,6,1
19,-9,7,2
19,-9,8,3
19,-9,9,4
19,-9,10,3
19,-9,11,4
19,-9,12,1
19,-9,13,3
19,-9,14,4
19,-9,15,1
19,-9,17,1
19,-9,18,4
19,-9,19,2
19,-9,21,1
19,-9,22,3
19,-9,23,1
19,-9,25,1
19,-9,27,1
19,-9,28,1
19,-9,41,1
19,-9,45,2
19,-8,-33,1
19,-8,-32,1
19,-8,-31,1
19,-8,-30,1
19,-8,-29,2
19,-8,-27,1
19,-8,-19,2
19,-8,-18,3
19,-8,-17,2
19,-8,-16,1
19,-8,-14,1
19,-8,-13,4
19,-8,-12,10
19,-8,-11,3
19,-8,-10,18
19,-8,-9,23
19,-8,-8,11
19,-8,-7,9
19,-8,-6,3
19,-8,-5,3
19,-8,-4,3
19,-8,-3,1
19,-8,4,4
19,-8,5,3
19,-8,6,4
19,-8,7,1
19,-8,8,10
19,-8,9,14
19,-8,10,6
19,-8,11,9
19,-8,12,7
19,-8,13,2
19,-8,14,3
19,-8,15,3
19,-8,16,3
19,-8,17,1
19,-8,18,1
19,-8,26,1
19,-8,35,1
19,-7,-33,3
19,-7,-31,1
19,-7,-30,1
19,-7,-28,2
19,-7,-27,2
19,-7,-24,2
19,-7,-23,1
19,-7,-19,1
19,-7,-18,4
19,-7,-17,4
19,-7,-16,4
19,-7,-15,5
19,-7,-13,2
19,-7,-12,7
19,-7,-11,11
19,-7,-10,10
19,-7,-9,5
19,-7,-8,12
19,-7,-7,4
19,-7,-5,3
19,-7,-4,2
19,-7,-3,3
19,-7,-2,2
19,-7,4,2
19,-7,7,5
19,-7,8,8
19,-7,9,6
19,-7,10,3
19,-7,11,3
19,-7,13,2
19,-7,15,1
19,-7,16,1
19,-7,17,1
19,-7,19,1
19,-7,43,1
19,-6,-42,1
19,-6,-38,3
19,-6,-34,2
19,-6,-32,1
19,-6,-30,2
19,-6,-29,1
19,-6,-27,2
19,-6,-26,1
19,-6,-24,3
19,-6,-23,1
19,-6,-22,2
19,-6,-19,1
19,-6,-18,46
19,-6,-15,1
19,-6,-14,4
19,-6,-13,5
19,-6,-12,7
19,-6,-11,1
19,-6,-10,4
19,-6,-9,6
19,-6,-8,8
19,-6,-7,7
19,-6,-6,5
19,-6,-5,3
19,-6,-4,2
19,-6,-3,1
19,-6,-2,1
19,-6,7,2
19,-6,8,10
19,-6,9,4
19,-6,10,1
19,-6,11,3
19,-6,12,1
19,-6,14,2
19,-6,15,1
19,-6,16,1
19,-6,17,1
19,-6,18,1
19,-6,19,3
19,-6,21,3
19,-6,25,1
19,-6,26,1
19,-6,27,2
19,-5,-37,1
19,-5,-36,1
19,-5,-33,1
19,-5,-30,2
19,-5,-29,2
19,-5,-28,1
19,-5,-26,2
19,-5,-24,3
19,-5,-23,6
19,-5,-22,1
19,-5,-17,1
19,-5,-16,5
19,-5,-15,7
19,-5,-14,19
19,-5,-13,13
19,-5,-12,16
19,-5,-11,9
19,-5,-10,6
19,-5,-8,2
19,-5,-7,24
19,-5,-6,6
19,-5,-5,8
19,-5,-4,3
19,-5,5,1
19,-5,7,2
19,-5,8,1
19,-5,9,5
19,-5,10,2
19,-5,11,4
19,-5,13,6
19,-5,14,4
19,-5,15,2
19,-5,16,1
19,-5,18,1
19,-5,19,6
19,-5,20,1
19,-5,23,1
19,-5,24,1
19,-5,25,1
19,-4,-34,2
19,-4,-33,1
19,-4,-28,2
19,-4,-27,1
19,-4,-26,3
19,-4,-25,2
19,-4,-24,1
19,-4,-23,5
19,-4,-22,5
19,-4,-21,1
19,-4,-20,1
19,-4,-19,3
19,-4,-18,1
19,-4,-16,1
19,-4,-15,1
19,-4,-14,1
19,-4,-13,3
19,-4,-12,3
19,-4,-11,15
19,-4,-10,9
19,-4,-9,2
19,-4,-8,5
19,-4,-7,6
19,-4,-6,5
19,-4,-5,10
19,-4,-4,2
19,-4,-3,4
19,-4,3,1
19,-4,5,1
19,-4,7,3
19,-4,8,4
19,-4,9,13
19,-4,10,11
19,-4,11,16
19,-4,12,3
19,-4,13,5
19,-4,14,7
19,-4,15,3
19,-4,16,3
19,-4,17,5
19,-4,18,3
19,-4,19,3
19,-4,21,3
19,-4,23,1
19,-4,24,2
19,-3,-39,1
19,-3,-35,1
19,-3,-34,1
19,-3,-33,2
19,-3,-32,2
19,-3,-30,1
19,-3,-29,2
19,-3,-26,1
19,-3,-25,2
19,-3,-24,3
19,-3,-23,1
19,-3,-22,6
19,-3,-21,4
19,-3,-19,2
19,-3,-18,1
19,-3,-17,3
19,-3,-15,1
19,-3,-14,9
19,-3,-13,15
19,-3,-12,8
19,-3,-11,15
19,-3,-10,5
19,-3,-9,19
19,-3,-8,6
19,-3,-7,6
19,-3,-6,2
19,-3,-5,5
19,-3,-4,3
19,-3,-3,1
19,-3,6,1
19,-3,7,9
19,-3,8,4
19,-3,9,3
19,-3,10,4
19,-3,11,17
19,-3,12,17
19,-3,13,8
19,-3,14,14
19,-3,15,2
19,-3,16,7
19,-3,17,8
19,-3,18,3
19,-3,19,7
19,-3,20,5
19,-3,21,2
19,-3,22,1
19,-3,23,2
19,-3,24,3
19,-2,-34,1
19,-2,-31,1
19,-2,-29,1
19,-2,-28,1
19,-2,-26,1
19,-2,-24,1
19,-2,-23,1
19,-2,-22,4
19,-2,-21,5
19,-2,-20,5
19,-2,-19,4
19,-2,-18,9
19,-2,-17,7
19,-2,-16,8
19,-2,-15,13
19,-2,-14,1
19,-2,-12,7
19,-2,-11,9
19,-2,-10,8
19,-2,-9,5
19,-2,-8,7
19,-2,-3,1
19,-2,3,2
19,-2,4,1
19,-2,5,4
19,-2,7,2
19,-2,9,1
19,-2,11,1
19,-2,12,2
19,-2,13,6
19,-2,14,7
19,-2,15,1
19,-2,16,8
19,-2,17,7
19,-2,18,5
19,-2,19,7
19,-2,20,5
19,-2,21,3
19,-2,22,3
19,-2,27,1
19,-1,-33,1
19,-1,-30,1
19,-1,-29,1
19,-1,-27,1
19,-1,-26,2
19,-1,-25,2
19,-1,-24,5
19,-1,-23,5
19,-1,-22,4
19,-1,-21,1
19,-1,-20,3
19,-1,-19,7
19,-1,-18,7
19,-1,-15,2
19,-1,-14,4
19,-1,-13,3
19,-1,-12,3
19,-1,-11,1
19,-1,-9,1
19,-1,-8,2
19,-1,-7,8
19,-1,-6,14
19,-1,-4,1
19,-1,5,1
19,-1,7,3
19,-1,9,2
19,-1,10,1
19,-1,14,3
19,-1,15,1
19,-1,22,3
19,-1,23,2
19,-1,26,2
19,0,-34,1
19,0,-32,3
19,0,-30,1
19,0,-29,1
19,0,-28,1
19,0,-25,1
19,0,-24,1
19,0,-23,2
19,0,-22,3
19,0,-21,4
19,0,-19,4
19,0,-18,3
19,0,-17,2
19,0,-16,1
19,0,-12,1
19,0,-10,10
19,0,-9,2
19,0,-8,7
19,0,-7,9
19,0,-6,12
19,0,-5,6
19,0,6,5
19,0,7,12
19,0,8,5
19,0,9,5
19,0,10,4
19,0,11,2
19,0,12,1
19,0,18,2
19,1,-35,1
19,1,-33,2
19,1,-29,1
19,1,-28,1
19,1,-24,1
19,1,-23,3
19,1,-22,5
19,1,-21,3
19,1,-20,1
19,1,-19,4
19,1,-18,3
19,1,-9,2
19,1,-7,7
19,1,-6,8
19,1,-5,4
19,1,-4,1
19,1,6,1
19,1,7,1
19,1,8,1
19,1,9,1
19,1,10,3
19,1,20,1
19,1,21,1
19,1,28,1
19,1,34,1
19,2,-28,1
19,2,-27,2
19,2,-25,2
19,2,-23,3
19,2,-22,1
19,2,-19,1
19,2,-13,1
19,2,-12,24
19,2,-11,9
19,2,-10,1
19,2,-9,6
19,2,-7,36
19,2,-6,47
19,2,-5,123
19,2,-4,1
19,2,3,1
19,2,4,1
19,2,7,1
19,2,14,1
19,2,16,2
19,2,20,3
19,3,-38,1
19,3,-27,1
19,3,-24,1
19,3,-23,2
19,3,-22,1
19,3,-20,2
19,3,-19,3
19,3,-13,1
19,3,-11,2
19,3,-10,6
19,3,-7,11
19,3,-6,9
19,3,7,2
19,3,8,1
19,3,12,1
19,3,15,6
19,3,16,1
19,3,18,2
19,3,19,4
19,4,-42,1
19,4,-40,1
19,4,-33,1
19,4,-24,3
19,4,-23,2
19,4,-20,2
19,4,-19,1
19,4,-18,3
19,4,-11,2
19,4,-9,1
19,4,-8,1
19,4,-6,1
19,4,-4,4
19,4,7,1
19,4,16,1
19,4,21,1
19,4,22,1
19,5,-37,1
19,5,-36,1
19,5,-33,1
19,5,-27,2
19,5,-25,1
19,5,-24,3
19,5,-9,1
19,5,-8,1
19,5,-7,2
19,5,-6,4
19,5,-5,1
19,5,-4,2
19,5,-3,1
19,5,9,1
19,5,24,1
19,5,26,1
19,6,-37,1
19,6,-35,1
19,6,-34,1
19,6,-31,1
19,6,-7,2
19,6,-6,1
19,6,-5,7
19,6,-4,1
19,6,-3,2
19,6,-2,1
19,6,9,4
19,6,13,1
19,6,14,2
19,6,22,3
19,7,-44,1
19,7,-40,1
19,7,-39,1
19,7,-38,1
19,7,-7,2
19,7,-6,3
19,7,-5,2
19,7,-4,1
19,7,-3,1
19,7,-2,1
19,7,8,4
19,7,11,2
19,7,15,1
19,8,-43,1
19,8,-40,1
19,8,-34,1
19,8,-25,1
19,8,-18,1
19,8,-17,2
19,8,-8,1
19,8,7,1
19,8,8,7
19,8,9,1
19,8,10,1
19,8,12,1
19,8,13,2
19,9,-44,1
19,9,-35,1
19,9,-28,1
19,9,-14,1
19,9,-6,4
19,9,-5,2
19,9,-4,1
19,9,-3,1
19,9,8,2
19,9,11,7
19,9,12,2
19,10,-35,1
19,10,-33,1
19,10,-31,1
19,10,-29,1
19,10,-25,1
19,10,-23,1
19,10,-7,3
19,10,-5,8
19,11,-36,1
19,11,-13,2
19,11,-10,1
19,11,-7,1
19,11,-6,1
19,11,-4,1
19,12,-10,3
19,12,-6,2
19,12,-5,1
19,13,-7,1
19,13,-6,1
19,13,-5,1
19,13,-4,1
19,14,-39,1
19,14,-21,1
19,14,-14,1
19,15,-36,1
19,17,-44,1
19,18,-43,1
19,19,-80,1
19,20,-37,1
19,22,-37,1
19,24,-87,1
19,24,-44,1
20,-94,-151,1
20,-75,-120,1
20,-68,-119,1
20,-65,-119,1
20,-40,70,1
20,-37,52,1
20,-37,57,1
20,-32,-77,1
20,-32,-28,1
20,-32,15,1
20,-32,18,1
20,-31,-30,1
20,-31,-13,1
20,-31,15,1
20,-31,17,1
20,-30,-19,2
20,-30,27,1
20,-29,-49,1
20,-29,-15,1
20,-29,40,1
20,-27,-73,1
20,-26,-60,1
20,-26,7,1
20,-26,8,1
20,-25,-22,1
20,-25,-3,1
20,-25,24,1
20,-24,-19,1
20,-24,14,1
20,-24,25,1
20,-23,23,1
20,-23,26,1
20,-22,-20,1
20,-22,-6,1
20,-22,-4,1
20,-22,16,1
20,-22,17,1
20,-22,26,1
20,-21,-64,31
20,-21,-5,1
20,-21,13,2
20,-21,15,1
20,-21,18,2
20,-21,21,2
20,-21,28,2
20,-20,-62,1
20,-20,-8,1
20,-20,2,1
20,-20,11,2
20,-20,15,1
20,-20,16,3
20,-20,17,3
20,-20,18,1
20,-20,22,1
20,-20,26,1
20,-19,-48,1
20,-19,-47,2
20,-19,-42,1
20,-19,-16,1
20,-19,4,1
20,-19,8,1
20,-19,14,1
20,-19,17,2
20,-19,18,1
20,-19,35,1
20,-18,-39,1
20,-18,-12,1
20,-18,-3,1
20,-18,-1,1
20,-18,8,1
20,-18,11,3
20,-18,13,1
20,-18,14,4
20,-18,15,1
20,-18,17,1
20,-18,18,1
20,-18,19,2
20,-18,20,1
20,-18,21,1
20,-18,24,1
20,-18,31,1
20,-17,-48,1
20,-17,-44,1
20,-17,-19,1
20,-17,-7,1
20,-17,9,1
20,-17,10,2
20,-17,11,1
20,-17,13,1
20,-17,14,2
20,-17,15,1
20,-17,18,1
20,-17,19,1
20,-17,20,3
20,-17,21,1
20,-17,23,4
20,-17,24,1
20,-17,25,1
20,-16,-62,1
20,-16,-15,1
20,-16,-14,1
20,-16,-12,1
20,-16,-10,1
20,-16,-9,1
20,-16,-7,1
20,-16,-3,1
20,-16,2,1
20,-16,11,1
20,-16,13,1
20,-16,14,2
20,-16,15,2
20,-16,18,1
20,-16,19,1
20,-16,20,1
20,-16,21,1
20,-16,23,1
20,-16,31,1
20,-16,32,1
20,-16,33,1
20,-15,-42,1
20,-15,-15,1
20,-15,-13,1
20,-15,-7,2
20,-15,9,1
20,-15,10,3
20,-15,12,2
20,-15,20,1
20,-15,26,1
20,-15,30,1
20,-15,33,1
20,-14,-51,1
20,-14,-48,1
20,-14,-33,1
20,-14,-19,1
20,-14,-18,2
20,-14,-17,2
20,-14,-16,2
20,-14,-15,3
20,-14,-14,4
20,-14,-13,3
20,-14,-10,2
20,-14,-9,2
20,-14,-8,2
20,-14,-7,2
20,-14,9,5
20,-14,10,2
20,-14,11,1
20,-14,12,3
20,-14,13,3
20,-14,14,1
20,-14,15,1
20,-14,16,1
20,-14,20,1
20,-14,21,1
20,-14,22,1
20,-13,-54,1
20,-13,-44,1
20,-13,-43,1
20,-13,-42,1
20,-13,-40,2
20,-13,-37,1
20,-13,-34,1
20,-13,-33,1
20,-13,-32,1
20,-13,-19,1
20,-13,-18,3
20,-13,-17,1
20,-13,-16,4
20,-13,-15,4
20,-13,-14,4
20,-13,-13,3
20,-13,-12,1
20,-13,-10,1
20,-13,-9,1
20,-13,-8,3
20,-13,-2,1
20,-13,3,1
20,-13,6,1
20,-13,8,1
20,-13,9,1
20,-13,10,1
20,-13,11,4
20,-13,12,1
20,-13,13,2
20,-13,15,1
20,-13,16,1
20,-13,18,5
20,-13,21,1
20,-13,22,2
20,-13,28,1
20,-13,49,1
20,-12,-42,1
20,-12,-40,1
20,-12,-38,1
20,-12,-37,1
20,-12,-36,2
20,-12,-29,1
20,-12,-28,1
20,-12,-27,1
20,-12,-16,1
20,-12,-15,2
20,-12,-14,2
20,-12,-13,2
20,-12,-12,2
20,-12,-11,3
20,-12,-10,1
20,-12,-9,2
20,-12,-8,6
20,-12,-7,1
20,-12,-6,3
20,-12,-5,2
20,-12,11,7
20,-12,12,3
20,-12,13,1
20,-12,14,1
20,-12,15,1
20,-12,16,1
20,-12,17,1
20,-12,19,2
20,-12,20,3
20,-12,21,2
20,-12,22,1
20,-12,26,1
20,-12,30,1
20,-12,35,1
20,-11,-76,1
20,-11,-64,1
20,-11,-43,1
20,-11,-41,1
20,-11,-32,1
20,-11,-30,1
20,-11,-28,1
20,-11,-22,3
20,-11,-21,1
20,-11,-14,1
20,-11,-13,7
20,-11,-12,3
20,-11,-11,3
20,-11,-10,5
20,-11,-9,9
20,-11,-7,1
20,-11,-6,1
20,-11,-5,4
20,-11,-4,1
20,-11,-3,1
20,-11,5,1
20,-11,6,5
20,-11,7,3
20,-11,8,2
20,-11,9,2
20,-11,10,2
20,-11,11,6
20,-11,14,3
20,-11,15,3
20,-11,16,2
20,-11,18,2
20,-11,21,1
20,-11,23,1
20,-11,28,2
20,-11,29,1
20,-11,43,1
20,-11,45,1
20,-10,-64,2
20,-10,-54,1
20,-10,-44,1
20,-10,-40,2
20,-10,-33,1
20,-10,-29,1
20,-10,-26,1
20,-10,-22,1
20,-10,-21,1
20,-10,-19,1
20,-10,-16,4
20,-10,-15,2
20,-10,-14,2
20,-10,-13,6
20,-10,-12,1
20,-10,-10,4
20,-10,-9,3
20,-10,-8,5
20,-10,-7,4
20,-10,-6,4
20,-10,-5,4
20,-10,-4,1
20,-10,5,5
20,-10,6,5
20,-10,7,2
20,-10,8,1
20,-10,9,1
20,-10,10,2
20,-10,11,2
20,-10,12,2
20,-10,13,3
20,-10,15,3
20,-10,16,5
20,-10,18,2
20,-10,24,1
20,-9,-65,1
20,-9,-43,1
20,-9,-30,1
20,-9,-28,1
20,-9,-27,1
20,-9,-26,1
20,-9,-25,2
20,-9,-24,3
20,-9,-23,2
20,-9,-21,1
20,-9,-20,3
20,-9,-18,2
20,-9,-17,1
20,-9,-16,2
20,-9,-15,9
20,-9,-13,2
20,-9,-12,9
20,-9,-11,8
20,-9,-10,11
20,-9,-9,7
20,-9,-8,8
20,-9,-7,1
20,-9,-6,4
20,-9,-5,7
20,-9,-4,6
20,-9,-3,1
20,-9,4,4
20,-9,5,6
20,-9,6,1
20,-9,7,2
20,-9,8,1
20,-9,9,5
20,-9,10,8
20,-9,11,1
20,-9,12,4
20,-9,13,7
20,-9,15,3
20,-9,16,1
20,-9,17,1
20,-9,18,4
20,-9,23,2
20,-9,25,1
20,-9,30,1
20,-9,53,1
20,-8,-68,1
20,-8,-38,1
20,-8,-37,1
20,-8,-35,1
20,-8,-32,2
20,-8,-31,2
20,-8,-30,1
20,-8,-29,2
20,-8,-28,1
20,-8,-26,1
20,-8,-23,2
20,-8,-18,2
20,-8,-17,1
20,-8,-16,2
20,-8,-15,2
20,-8,-14,3
20,-8,-13,7
20,-8,-12,13
20,-8,-11,16
20,-8,-10,10
20,-8,-9,8
20,-8,-8,9
20,-8,-7,8
20,-8,-6,4
20,-8,-5,4
20,-8,-4,7
20,-8,-3,5
20,-8,5,7
20,-8,6,2
20,-8,7,9
20,-8,8,15
20,-8,9,13
20,-8,10,6
20,-8,11,7
20,-8,12,7
20,-8,13,2
20,-8,15,2
20,-8,16,2
20,-8,17,3
20,-8,18,2
20,-8,20,2
20,-8,22,2
20,-8,24,2
20,-8,25,1
20,-8,26,1
20,-8,33,2
20,-8,37,1
20,-8,40,1
20,-7,-62,1
20,-7,-37,1
20,-7,-34,1
20,-7,-33,2
20,-7,-32,2
20,-7,-29,1
20,-7,-28,4
20,-7,-27,2
20,-7,-26,3
20,-7,-25,2
20,-7,-23,2
20,-7,-17,3
20,-7,-16,7
20,-7,-15,7
20,-7,-14,5
20,-7,-13,1
20,-7,-12,7
20,-7,-11,10
20,-7,-10,7
20,-7,-9,13
20,-7,-8,21
20,-7,-7,23
20,-7,-6,5
20,-7,-5,5
20,-7,-4,7
20,-7,-3,2
20,-7,-2,5
20,-7,-1,1
20,-7,3,1
20,-7,4,6
20,-7,5,5
20,-7,6,4
20,-7,7,7
20,-7,8,18
20,-7,9,13
20,-7,10,6
20,-7,11,5
20,-7,12,5
20,-7,13,1
20,-7,14,9
20,-7,15,2
20,-7,16,3
20,-7,18,1
20,-7,32,1
20,-7,33,1
20,-7,41,1
20,-6,-35,1
20,-6,-32,1
20,-6,-31,1
20,-6,-29,1
20,-6,-28,1
20,-6,-27,1
20,-6,-25,2
20,-6,-22,5
20,-6,-21,4
20,-6,-18,2
20,-6,-17,6
20,-6,-16,1
20,-6,-15,1
20,-6,-14,1
20,-6,-13,4
20,-6,-12,1
20,-6,-11,5
20,-6,-10,2
20,-6,-9,14
20,-6,-8,16
20,-6,-7,10
20,-6,-6,6
20,-6,-5,1
20,-6,-4,6
20,-6,-3,3
20,-6,-2,1
20,-6,4,1
20,-6,6,1
20,-6,7,4
20,-6,8,19
20,-6,10,6
20,-6,11,3
20,-6,14,1
20,-6,15,1
20,-6,16,1
20,-6,17,4
20,-6,18,2
20,-6,19,2
20,-6,20,3
20,-6,21,1
20,-6,22,1
20,-6,25,1
20,-5,-38,1
20,-5,-36,1
20,-5,-35,1
20,-5,-32,1
20,-5,-27,2
20,-5,-26,1
20,-5,-25,1
20,-5,-24,2
20,-5,-23,5
20,-5,-21,3
20,-5,-20,4
20,-5,-16,1
20,-5,-15,3
20,-5,-14,10
20,-5,-13,9
20,-5,-12,13
20,-5,-11,25
20,-5,-10,15
20,-5,-9,11
20,-5,-8,4
20,-5,-7,21
20,-5,-6,14
20,-5,-5,9
20,-5,-4,2
20,-5,-3,1
20,-5,0,1
20,-5,5,1
20,-5,6,5
20,-5,7,1
20,-5,8,6
20,-5,9,1
20,-5,10,1
20,-5,12,4
20,-5,13,6
20,-5,15,1
20,-5,17,5
20,-5,18,2
20,-5,19,1
20,-5,23,2
20,-5,24,2
20,-5,25,2
20,-5,26,1
20,-4,-37,1
20,-4,-35,2
20,-4,-33,1
20,-4,-31,1
20,-4,-28,1
20,-4,-27,1
20,-4,-26,3
20,-4,-25,3
20,-4,-24,2
20,-4,-23,2
20,-4,-22,9
20,-4,-21,6
20,-4,-19,1
20,-4,-15,3
20,-4,-14,10
20,-4,-12,3
20,-4,-11,23
20,-4,-10,15
20,-4,-9,6
20,-4,-8,4
20,-4,-7,14
20,-4,-6,21
20,-4,-5,11
20,-4,-4,5
20,-4,-3,1
20,-4,4,1
20,-4,6,3
20,-4,7,2
20,-4,8,17
20,-4,9,6
20,-4,10,14
20,-4,11,15
20,-4,12,13
20,-4,13,20
20,-4,14,8
20,-4,15,4
20,-4,16,5
20,-4,18,1
20,-4,19,1
20,-4,20,3
20,-4,21,2
20,-3,-34,1
20,-3,-32,1
20,-3,-31,1
20,-3,-29,1
20,-3,-28,3
20,-3,-26,2
20,-3,-25,1
20,-3,-23,4
20,-3,-22,2
20,-3,-21,4
20,-3,-20,5
20,-3,-19,5
20,-3,-18,6
20,-3,-17,1
20,-3,-16,2
20,-3,-15,8
20,-3,-14,4
20,-3,-13,7
20,-3,-12,11
20,-3,-11,15
20,-3,-10,23
20,-3,-9,10
20,-3,-8,6
20,-3,-7,10
20,-3,-6,8
20,-3,-5,11
20,-3,-4,11
20,-3,-3,4
20,-3,-2,1
20,-3,-1,1
20,-3,4,4
20,-3,5,1
20,-3,6,8
20,-3,7,10
20,-3,8,9
20,-3,9,6
20,-3,10,17
20,-3,11,17
20,-3,12,21
20,-3,13,14
20,-3,14,1
20,-3,15,13
20,-3,16,10
20,-3,17,14
20,-3,18,9
20,-3,19,2
20,-3,20,4
20,-3,21,7
20,-3,22,1
20,-2,-34,2
20,-2,-33,1
20,-2,-31,2
20,-2,-28,3
20,-2,-27,1
20,-2,-26,2
20,-2,-24,5
20,-2,-23,2
20,-2,-21,4
20,-2,-20,8
20,-2,-19,6
20,-2,-18,4
20,-2,-17,8
20,-2,-16,16
20,-2,-15,2
20,-2,-14,9
20,-2,-13,3
20,-2,-12,1
20,-2,-11,7
20,-2,-10,11
20,-2,-9,11
20,-2,-8,19
20,-2,-7,3
20,-2,-6,1
20,-2,-3,2
20,-2,-2,2
20,-2,3,5
20,-2,4,3
20,-2,5,9
20,-2,6,6
20,-2,7,2
20,-2,8,1
20,-2,9,2
20,-2,10,5
20,-2,11,7
20,-2,12,5
20,-2,13,7
20,-2,14,6
20,-2,15,5
20,-2,16,7
20,-2,17,10
20,-2,18,11
20,-2,19,3
20,-2,20,5
20,-2,21,1
20,-2,26,3
20,-1,-33,1
20,-1,-32,1
20,-1,-31,1
20,-1,-30,2
20,-1,-29,2
20,-1,-28,2
20,-1,-27,1
20,-1,-25,3
20,-1,-24,2
20,-1,-23,3
20,-1,-22,7
20,-1,-21,4
20,-1,-20,5
20,-1,-19,6
20,-1,-18,7
20,-1,-17,8
20,-1,-16,3
20,-1,-13,9
20,-1,-12,5
20,-1,-11,7
20,-1,-10,2
20,-1,-8,6
20,-1,-7,9
20,-1,-6,22
20,-1,-5,2
20,-1,-2,1
20,-1,6,2
20,-1,7,6
20,-1,9,2
20,-1,10,1
20,-1,12,2
20,-1,13,5
20,-1,14,1
20,-1,20,1
20,-1,22,1
20,-1,24,1
20,0,-36,2
20,0,-35,1
20,0,-34,1
20,0,-31,2
20,0,-30,3
20,0,-29,1
20,0,-28,1
20,0,-25,5
20,0,-24,2
20,0,-23,2
20,0,-22,2
20,0,-21,14
20,0,-20,8
20,0,-19,6
20,0,-18,4
20,0,-17,4
20,0,-16,3
20,0,-15,1
20,0,-9,8
20,0,-8,6
20,0,-7,13
20,0,-6,19
20,0,-5,9
20,0,6,9
20,0,7,16
20,0,8,5
20,0,9,7
20,0,10,4
20,0,11,1
20,0,16,1
20,0,17,3
20,0,21,1
20,0,30,1
20,0,31,2
20,1,-36,1
20,1,-33,1
20,1,-32,1
20,1,-30,1
20,1,-29,1
20,1,-28,3
20,1,-27,1
20,1,-26,1
20,1,-25,2
20,1,-24,2
20,1,-23,2
20,1,-22,3
20,1,-21,4
20,1,-20,5
20,1,-19,3
20,1,-18,9
20,1,-17,5
20,1,-16,1
20,1,-11,7
20,1,-10,4
20,1,-9,12
20,1,-8,11
20,1,-7,7
20,1,-6,18
20,1,-5,3
20,1,6,2
20,1,7,4
20,1,9,1
20,1,12,1
20,1,13,1
20,1,19,1
20,1,20,1
20,1,26,1
20,1,31,1
20,2,-32,1
20,2,-31,1
20,2,-27,1
20,2,-25,3
20,2,-24,2
20,2,-23,1
20,2,-22,5
20,2,-21,1
20,2,-18,3
20,2,-17,1
20,2,-13,2
20,2,-11,13
20,2,-10,7
20,2,-9,12
20,2,-8,2
20,2,-7,12
20,2,-6,44
20,2,-5,2
20,2,-4,2
20,2,8,2
20,2,12,1
20,2,13,1
20,2,14,1
20,2,15,1
20,2,18,1
20,2,26,2
20,3,-36,1
20,3,-35,1
20,3,-31,1
20,3,-25,2
20,3,-24,2
20,3,-22,3
20,3,-21,3
20,3,-18,2
20,3,-17,1
20,3,-16,1
20,3,-13,1
20,3,-10,3
20,3,-9,2
20,3,-7,2
20,3,-6,4
20,3,-4,5
20,3,-3,5
20,3,8,1
20,3,13,3
20,3,14,3
20,3,15,5
20,3,16,2
20,3,17,2
20,3,18,2
20,3,20,2
20,4,-34,1
20,4,-33,1
20,4,-32,1
20,4,-24,2
20,4,-23,2
20,4,-22,4
20,4,-21,4
20,4,-18,1
20,4,-17,3
20,4,-8,1
20,4,-7,1
20,4,-6,4
20,4,-5,4
20,4,-3,3
20,4,-2,5
20,4,-1,1
20,4,0,1
20,4,20,1
20,4,21,2
20,4,22,1
20,4,23,4
20,4,24,2
20,5,-47,1
20,5,-36,1
20,5,-34,2
20,5,-33,1
20,5,-30,1
20,5,-23,3
20,5,-8,1
20,5,-7,1
20,5,-5,1
20,5,-4,1
20,5,-3,5
20,5,-2,2
20,5,-1,2
20,5,12,2
20,5,24,2
20,6,-37,1
20,6,-33,2
20,6,-32,1
20,6,-7,3
20,6,-6,7
20,6,-5,7
20,6,-4,5
20,6,-3,4
20,6,-2,4
20,6,-1,1
20,6,10,1
20,6,12,2
20,6,13,2
20,6,14,3
20,7,-35,1
20,7,-23,1
20,7,-22,1
20,7,-16,1
20,7,-8,1
20,7,-7,1
20,7,-5,1
20,7,-4,1
20,7,7,7
20,7,8,5
20,7,10,3
20,7,11,5
20,7,12,1
20,8,-36,1
20,8,-35,1
20,8,-32,1
20,8,-26,1
20,8,-24,3
20,8,-23,1
20,8,-16,2
20,8,-14,1
20,8,-13,1
20,8,-5,4
20,8,-4,3
20,8,7,5
20,8,8,6
20,8,10,2
20,8,11,4
20,8,12,2
20,8,13,1
20,9,-24,1
20,9,-22,2
20,9,-19,1
20,9,-14,1
20,9,-6,4
20,9,-5,8
20,9,4,2
20,10,-37,1
20,10,-34,1
20,10,-21,1
20,10,-13,1
20,10,-5,3
20,10,-4,1
20,11,-37,1
20,11,-36,1
20,11,-9,1
20,11,-7,2
20,11,-6,1
20,11,-5,1
20,11,-4,1
20,12,-13,1
20,12,-10,1
20,12,-6,5
20,12,-5,3
20,13,-37,1
20,13,-13,2
20,13,-12,1
20,14,-52,1
20,15,-47,1
20,15,-44,1
20,16,-84,1
20,16,-37,1
20,17,-41,1
20,17,-39,2
20,18,-25,1
20,20,-27,1
20,21,-46,1
21,-111,-183,1
21,-91,-144,1
21,-61,-108,1
21,-57,-103,1
21,-48,30,1
21,-45,29,1
21,-44,49,1
21,-39,-32,1
21,-37,-58,1
21,-35,59,1
21,-32,33,1
21,-31,10,1
21,-31,16,1
21,-30,42,1
21,-29,15,1
21,-28,-26,3
21,-28,5,1
21,-28,23,1
21,-28,25,1
21,-28,99,1
21,-27,14,2
21,-27,30,1
21,-26,-59,1
21,-26,39,1
21,-25,-58,1
21,-25,16,1
21,-24,-56,1
21,-24,20,1
21,-23,-77,1
21,-23,-53,1
21,-23,-49,1
21,-23,9,1
21,-23,11,1
21,-23,36,1
21,-23,42,1
21,-22,-52,1
21,-22,-8,2
21,-22,10,1
21,-22,17,1
21,-22,41,1
21,-21,-50,1
21,-21,-3,1
21,-21,5,1
21,-21,9,1
21,-21,13,1
21,-21,18,1
21,-21,41,1
21,-20,-70,1
21,-20,8,1
21,-20,14,1
21,-20,15,1
21,-20,18,1
21,-20,26,1
21,-20,28,1
21,-20,29,1
21,-19,-73,1
21,-19,-56,1
21,-19,-6,1
21,-19,6,2
21,-19,11,3
21,-19,12,1
21,-19,13,1
21,-19,14,2
21,-19,16,1
21,-18,-78,1
21,-18,-51,1
21,-18,-12,2
21,-18,12,1
21,-18,14,1
21,-18,15,2
21,-18,17,1
21,-18,19,1
21,-18,37,1
21,-17,-56,1
21,-17,-44,2
21,-17,-43,1
21,-17,-38,1
21,-17,-20,1
21,-17,-15,1
21,-17,-14,1
21,-17,-12,1
21,-17,-9,1
21,-17,10,2
21,-17,11,1
21,-17,12,1
21,-17,14,2
21,-17,15,1
21,-17,16,1
21,-17,20,1
21,-17,22,1
21,-16,-39,1
21,-16,-15,1
21,-16,-14,1
21,-16,-13,1
21,-16,-12,2
21,-16,-10,3
21,-16,-7,1
21,-16,-6,1
21,-16,1,1
21,-16,3,1
21,-16,5,1
21,-16,7,1
21,-16,9,2
21,-16,10,1
21,-16,11,1
21,-16,13,3
21,-16,14,3
21,-16,15,1
21,-16,16,3
21,-16,18,2
21,-16,19,2
21,-16,21,1
21,-16,26,1
21,-16,27,2
21,-16,31,1
21,-15,-59,1
21,-15,-55,1
21,-15,-51,1
21,-15,-42,1
21,-15,-17,1
21,-15,-14,2
21,-15,-12,5
21,-15,-10,1
21,-15,-7,2
21,-15,-6,2
21,-15,3,1
21,-15,9,3
21,-15,10,1
21,-15,11,2
21,-15,12,3
21,-15,13,3
21,-15,14,1
21,-15,15,3
21,-15,17,5
21,-15,18,5
21,-15,20,1
21,-15,25,1
21,-15,27,2
21,-14,-47,1
21,-14,-39,1
21,-14,-38,1
21,-14,-31,1
21,-14,-15,2
21,-14,-14,3
21,-14,-13,2
21,-14,-12,2
21,-14,-10,3
21,-14,-9,1
21,-14,-8,1
21,-14,-7,1
21,-14,6,1
21,-14,8,1
21,-14,9,2
21,-14,11,4
21,-14,12,6
21,-14,14,1
21,-14,15,2
21,-14,18,1
21,-14,19,1
21,-14,20,1
21,-14,24,1
21,-14,33,1
21,-14,51,1
21,-13,-44,1
21,-13,-34,2
21,-13,-32,1
21,-13,-29,1
21,-13,-15,1
21,-13,-14,4
21,-13,-12,3
21,-13,-11,2
21,-13,-10,2
21,-13,-8,2
21,-13,-7,4
21,-13,-6,1
21,-13,-2,1
21,-13,8,4
21,-13,9,2
21,-13,10,3
21,-13,11,4
21,-13,12,2
21,-13,13,2
21,-13,14,2
21,-13,15,3
21,-13,16,1
21,-13,19,2
21,-13,22,3
21,-13,23,1
21,-13,32,1
21,-12,-38,1
21,-12,-33,1
21,-12,-30,2
21,-12,-29,1
21,-12,-27,2
21,-12,-25,1
21,-12,-17,2
21,-12,-16,4
21,-12,-15,4
21,-12,-14,3
21,-12,-13,5
21,-12,-12,2
21,-12,-11,2
21,-12,-9,2
21,-12,-8,2
21,-12,-7,3
21,-12,-5,1
21,-12,-1,1
21,-12,3,2
21,-12,5,1
21,-12,6,1
21,-12,10,5
21,-12,11,7
21,-12,12,5
21,-12,14,2
21,-12,15,4
21,-12,16,1
21,-12,17,2
21,-12,18,3
21,-12,19,4
21,-12,20,3
21,-12,25,1
21,-12,44,1
21,-11,-61,1
21,-11,-59,1
21,-11,-53,1
21,-11,-37,1
21,-11,-33,1
21,-11,-31,2
21,-11,-30,2
21,-11,-27,1
21,-11,-26,1
21,-11,-25,1
21,-11,-15,1
21,-11,-13,3
21,-11,-12,2
21,-11,-11,3
21,-11,-10,2
21,-11,-9,5
21,-11,-8,7
21,-11,-7,3
21,-11,-6,3
21,-11,-5,3
21,-11,-4,1
21,-11,2,2
21,-11,3,2
21,-11,6,1
21,-11,7,1
21,-11,9,4
21,-11,10,4
21,-11,11,7
21,-11,14,2
21,-11,15,1
21,-11,16,1
21,-11,17,3
21,-11,18,4
21,-11,19,1
21,-11,20,3
21,-11,22,1
21,-11,27,4
21,-11,43,1
21,-10,-52,1
21,-10,-42,1
21,-10,-34,1
21,-10,-31,1
21,-10,-30,1
21,-10,-27,1
21,-10,-26,1
21,-10,-25,1
21,-10,-24,1
21,-10,-21,1
21,-10,-20,3
21,-10,-14,6
21,-10,-13,4
21,-10,-12,1
21,-10,-11,7
21,-10,-10,4
21,-10,-9,6
21,-10,-8,12
21,-10,-7,10
21,-10,-6,4
21,-10,-5,8
21,-10,-4,4
21,-10,-3,1
21,-10,-2,1
21,-10,4,2
21,-10,5,4
21,-10,6,4
21,-10,7,3
21,-10,8,8
21,-10,9,6
21,-10,10,9
21,-10,11,1
21,-10,12,1
21,-10,13,3
21,-10,15,1
21,-10,16,1
21,-10,17,1
21,-10,18,5
21,-10,19,2
21,-10,36,1
21,-10,39,1
21,-10,40,2
21,-9,-40,1
21,-9,-37,1
21,-9,-33,1
21,-9,-32,1
21,-9,-31,1
21,-9,-30,1
21,-9,-29,1
21,-9,-28,2
21,-9,-27,1
21,-9,-26,4
21,-9,-25,1
21,-9,-24,1
21,-9,-19,1
21,-9,-18,1
21,-9,-17,1
21,-9,-15,3
21,-9,-14,6
21,-9,-13,5
21,-9,-12,8
21,-9,-11,8
21,-9,-10,6
21,-9,-9,11
21,-9,-8,6
21,-9,-7,11
21,-9,-6,7
21,-9,-5,12
21,-9,-4,4
21,-9,-3,3
21,-9,-2,1
21,-9,2,1
21,-9,3,1
21,-9,4,4
21,-9,5,9
21,-9,6,9
21,-9,7,7
21,-9,8,2
21,-9,9,3
21,-9,10,5
21,-9,11,7
21,-9,12,3
21,-9,13,1
21,-9,14,3
21,-9,16,5
21,-9,17,2
21,-9,21,1
21,-9,22,2
21,-9,23,3
21,-9,28,1
21,-9,33,1
21,-8,-48,1
21,-8,-39,1
21,-8,-35,1
21,-8,-33,1
21,-8,-31,1
21,-8,-30,2
21,-8,-29,3
21,-8,-28,1
21,-8,-26,1
21,-8,-25,3
21,-8,-24,2
21,-8,-23,1
21,-8,-22,4
21,-8,-20,2
21,-8,-19,1
21,-8,-18,1
21,-8,-17,1
21,-8,-16,2
21,-8,-13,8
21,-8,-12,5
21,-8,-11,8
21,-8,-10,14
21,-8,-9,14
21,-8,-8,9
21,-8,-7,7
21,-8,-6,7
21,-8,-5,11
21,-8,-4,13
21,-8,-3,10
21,-8,-2,3
21,-8,2,4
21,-8,3,4
21,-8,4,4
21,-8,5,2
21,-8,6,5
21,-8,7,1
21,-8,8,4
21,-8,9,12
21,-8,10,2
21,-8,11,15
21,-8,12,4
21,-8,15,4
21,-8,16,2
21,-8,17,4
21,-8,18,8
21,-8,19,2
21,-8,20,1
21,-8,21,2
21,-8,22,2
21,-8,23,2
21,-8,24,1
21,-8,26,2
21,-8,32,1
21,-8,33,1
21,-8,37,1
21,-7,-33,1
21,-7,-31,1
21,-7,-30,1
21,-7,-28,2
21,-7,-27,4
21,-7,-26,4
21,-7,-25,3
21,-7,-23,2
21,-7,-22,1
21,-7,-16,14
21,-7,-15,7
21,-7,-14,4
21,-7,-13,1
21,-7,-12,11
21,-7,-11,17
21,-7,-10,12
21,-7,-9,25
21,-7,-8,28
21,-7,-7,23
21,-7,-6,19
21,-7,-5,6
21,-7,-4,11
21,-7,-3,5
21,-7,-2,4
21,-7,2,3
21,-7,3,2
21,-7,4,6
21,-7,5,8
21,-7,6,3
21,-7,7,35
21,-7,8,17
21,-7,9,11
21,-7,10,9
21,-7,11,12
21,-7,12,4
21,-7,13,4
21,-7,14,3
21,-7,15,2
21,-7,16,9
21,-7,22,3
21,-7,37,1
21,-7,39,1
21,-6,-35,2
21,-6,-33,2
21,-6,-32,1
21,-6,-31,2
21,-6,-30,1
21,-6,-29,5
21,-6,-28,2
21,-6,-27,2
21,-6,-26,4
21,-6,-24,5
21,-6,-23,4
21,-6,-22,6
21,-6,-21,1
21,-6,-20,5
21,-6,-19,3
21,-6,-18,1
21,-6,-17,1
21,-6,-16,2
21,-6,-15,2
21,-6,-14,9
21,-6,-11,10
21,-6,-10,17
21,-6,-9,16
21,-6,-8,16
21,-6,-7,20
21,-6,-6,13
21,-6,-5,8
21,-6,-4,6
21,-6,-3,4
21,-6,-2,4
21,-6,-1,2
21,-6,0,1
21,-6,3,4
21,-6,4,7
21,-6,5,4
21,-6,6,6
21,-6,7,15
21,-6,8,18
21,-6,9,9
21,-6,10,6
21,-6,11,1
21,-6,12,2
21,-6,13,2
21,-6,14,3
21,-6,15,2
21,-6,16,1
21,-6,17,5
21,-6,18,3
21,-6,19,1
21,-6,37,1
21,-5,-46,1
21,-5,-35,1
21,-5,-34,1
21,-5,-33,1
21,-5,-29,1
21,-5,-28,2
21,-5,-27,2
21,-5,-26,3
21,-5,-25,4
21,-5,-24,1
21,-5,-23,3
21,-5,-22,3
21,-5,-21,5
21,-5,-20,4
21,-5,-19,3
21,-5,-18,1
21,-5,-16,2
21,-5,-15,1
21,-5,-14,3
21,-5,-13,3
21,-5,-12,13
21,-5,-11,11
21,-5,-10,18
21,-5,-9,6
21,-5,-8,17
21,-5,-7,15
21,-5,-6,27
21,-5,-5,13
21,-5,-4,12
21,-5,-3,2
21,-5,-2,4
21,-5,4,2
21,-5,5,2
21,-5,6,10
21,-5,7,18
21,-5,8,1
21,-5,9,2
21,-5,10,3
21,-5,11,3
21,-5,12,11
21,-5,13,4
21,-5,14,2
21,-5,15,3
21,-5,17,1
21,-5,18,3
21,-5,22,1
21,-4,-33,1
21,-4,-31,1
21,-4,-30,3
21,-4,-29,3
21,-4,-28,2
21,-4,-27,1
21,-4,-26,1
21,-4,-25,2
21,-4,-24,6
21,-4,-23,3
21,-4,-22,2
21,-4,-21,1
21,-4,-20,5
21,-4,-19,6
21,-4,-18,1
21,-4,-16,1
21,-4,-14,5
21,-4,-13,19
21,-4,-12,8
21,-4,-11,16
21,-4,-10,29
21,-4,-9,24
21,-4,-8,3
21,-4,-7,4
21,-4,-6,37
21,-4,-5,13
21,-4,-4,23
21,-4,-3,12
21,-4,3,2
21,-4,6,2
21,-4,7,7
21,-4,8,15
21,-4,9,17
21,-4,10,16
21,-4,11,14
21,-4,12,15
21,-4,13,10
21,-4,14,8
21,-4,15,9
21,-4,16,6
21,-4,18,2
21,-4,19,3
21,-4,20,2
21,-4,23,1
21,-4,24,1
21,-3,-33,1
21,-3,-31,2
21,-3,-30,1
21,-3,-29,1
21,-3,-28,4
21,-3,-27,4
21,-3,-26,5
21,-3,-25,2
21,-3,-23,5
21,-3,-22,1
21,-3,-21,6
21,-3,-20,4
21,-3,-19,8
21,-3,-18,3
21,-3,-17,1
21,-3,-16,5
21,-3,-15,3
21,-3,-14,3
21,-3,-13,1
21,-3,-12,12
21,-3,-11,17
21,-3,-10,15
21,-3,-9,13
21,-3,-8,12
21,-3,-7,12
21,-3,-6,9
21,-3,-5,10
21,-3,-4,20
21,-3,-3,7
21,-3,-1,1
21,-3,2,1
21,-3,4,3
21,-3,5,2
21,-3,6,11
21,-3,7,11
21,-3,8,4
21,-3,9,15
21,-3,10,27
21,-3,11,29
21,-3,12,14
21,-3,13,5
21,-3,14,7
21,-3,15,10
21,-3,16,7
21,-3,17,9
21,-3,18,2
21,-3,19,3
21,-3,20,2
21,-3,23,1
21,-2,-33,1
21,-2,-32,3
21,-2,-31,1
21,-2,-30,2
21,-2,-27,2
21,-2,-26,6
21,-2,-25,9
21,-2,-24,6
21,-2,-23,1
21,-2,-22,3
21,-2,-21,4
21,-2,-20,1
21,-2,-19,5
21,-2,-18,6
21,-2,-17,6
21,-2,-16,7
21,-2,-15,20
21,-2,-14,6
21,-2,-13,13
21,-2,-12,7
21,-2,-11,2
21,-2,-10,22
21,-2,-9,18
21,-2,-8,31
21,-2,-7,22
21,-2,-6,8
21,-2,-3,5
21,-2,-2,1
21,-2,2,1
21,-2,3,8
21,-2,4,2
21,-2,5,13
21,-2,6,8
21,-2,7,15
21,-2,8,2
21,-2,9,9
21,-2,10,14
21,-2,11,19
21,-2,12,14
21,-2,13,12
21,-2,14,10
21,-2,15,11
21,-2,16,10
21,-2,17,8
21,-2,18,7
21,-2,19,2
21,-2,25,1
21,-1,-33,1
21,-1,-31,2
21,-1,-30,2
21,-1,-29,1
21,-1,-28,1
21,-1,-27,1
21,-1,-26,1
21,-1,-25,2
21,-1,-24,3
21,-1,-23,6
21,-1,-22,2
21,-1,-21,3
21,-1,-20,8
21,-1,-19,5
21,-1,-18,10
21,-1,-17,5
21,-1,-16,8
21,-1,-15,9
21,-1,-14,1
21,-1,-12,4
21,-1,-11,12
21,-1,-10,4
21,-1,-9,1
21,-1,-8,2
21,-1,-7,17
21,-1,-6,24
21,-1,-5,22
21,-1,-2,2
21,-1,5,3
21,-1,6,12
21,-1,8,5
21,-1,11,3
21,-1,12,5
21,-1,13,3
21,-1,14,1
21,-1,17,1
21,-1,18,1
21,-1,19,2
21,-1,20,2
21,-1,22,3
21,-1,23,2
21,0,-34,1
21,0,-32,1
21,0,-27,3
21,0,-26,3
21,0,-25,3
21,0,-23,3
21,0,-22,1
21,0,-21,4
21,0,-20,5
21,0,-19,13
21,0,-18,9
21,0,-17,11
21,0,-16,8
21,0,-15,6
21,0,-14,2
21,0,-8,9
21,0,-7,16
21,0,-6,21
21,0,-5,15
21,0,-4,3
21,0,1,1
21,0,2,1
21,0,4,1
21,0,5,8
21,0,6,18
21,0,7,5
21,0,8,7
21,0,9,5
21,0,10,2
21,0,15,3
21,0,16,1
21,0,29,1
21,1,-30,3
21,1,-29,1
21,1,-28,3
21,1,-27,2
21,1,-26,2
21,1,-25,2
21,1,-24,3
21,1,-23,5
21,1,-22,3
21,1,-21,6
21,1,-20,8
21,1,-19,9
21,1,-18,6
21,1,-17,4
21,1,-16,8
21,1,-15,2
21,1,-10,29
21,1,-9,6
21,1,-8,13
21,1,-7,7
21,1,-6,45
21,1,-5,22
21,1,-4,6
21,1,-1,1
21,1,4,1
21,1,5,1
21,1,6,5
21,1,7,1
21,1,8,4
21,1,9,1
21,1,11,1
21,1,12,3
21,1,13,3
21,1,16,1
21,1,17,8
21,1,18,5
21,1,19,1
21,1,24,2
21,1,25,2
21,2,-29,1
21,2,-24,1
21,2,-23,2
21,2,-22,3
21,2,-21,2
21,2,-20,5
21,2,-19,5
21,2,-18,1
21,2,-17,5
21,2,-16,6
21,2,-12,1
21,2,-11,3
21,2,-10,10
21,2,-9,13
21,2,-8,5
21,2,-7,1
21,2,-6,25
21,2,-5,12
21,2,-3,1
21,2,8,2
21,2,9,1
21,2,11,3
21,2,12,7
21,2,17,1
21,3,-35,1
21,3,-33,1
21,3,-32,1
21,3,-28,1
21,3,-23,3
21,3,-22,3
21,3,-21,3
21,3,-20,8
21,3,-19,3
21,3,-16,6
21,3,-15,7
21,3,-12,2
21,3,-11,1
21,3,-9,1
21,3,-7,2
21,3,-6,1
21,3,-3,4
21,3,-2,5
21,3,-1,1
21,3,12,3
21,3,13,5
21,3,14,5
21,3,15,2
21,3,16,7
21,3,17,1
21,3,18,2
21,3,19,4
21,4,-37,1
21,4,-32,1
21,4,-31,3
21,4,-29,1
21,4,-21,2
21,4,-20,2
21,4,-19,4
21,4,-16,1
21,4,-9,1
21,4,-8,2
21,4,-7,4
21,4,-6,10
21,4,-5,11
21,4,-4,6
21,4,-3,7
21,4,-2,2
21,4,3,1
21,4,21,3
21,4,23,3
21,5,-35,1
21,5,-34,1
21,5,-32,1
21,5,-30,2
21,5,-28,1
21,5,-22,1
21,5,-21,1
21,5,-20,2
21,5,-7,1
21,5,-6,13
21,5,-5,7
21,5,-4,11
21,5,-3,13
21,5,-2,4
21,5,-1,1
21,5,7,1
21,5,8,2
21,5,10,1
21,5,11,6
21,5,12,3
21,5,18,4
21,5,23,2
21,6,-38,1
21,6,-37,2
21,6,-35,1
21,6,-34,2
21,6,-33,1
21,6,-32,1
21,6,-28,1
21,6,-8,1
21,6,-7,4
21,6,-6,5
21,6,-5,6
21,6,-4,4
21,6,-3,2
21,6,-2,3
21,6,4,1
21,6,6,1
21,6,7,5
21,6,8,4
21,6,9,1
21,6,10,6
21,6,12,2
21,6,13,4
21,6,14,1
21,7,-31,1
21,7,-28,1
21,7,-23,1
21,7,-22,4
21,7,-15,5
21,7,-14,2
21,7,-6,2
21,7,-5,2
21,7,-4,2
21,7,-3,1
21,7,6,9
21,7,7,16
21,7,8,2
21,7,9,3
21,7,10,7
21,7,11,6
21,8,-33,1
21,8,-30,2
21,8,-28,1
21,8,-27,2
21,8,-25,2
21,8,-24,2
21,8,-23,1
21,8,-22,1
21,8,-21,5
21,8,-20,1
21,8,-13,2
21,8,-6,7
21,8,-5,7
21,8,-4,4
21,8,-3,2
21,8,4,1
21,8,9,1
21,8,10,1
21,9,-32,1
21,9,-29,1
21,9,-21,1
21,9,-19,1
21,9,-18,3
21,9,-12,1
21,9,-11,2
21,9,-7,1
21,9,-6,1
21,9,-5,10
21,9,-4,4
21,10,-25,1
21,10,-12,1
21,10,-9,1
21,10,-8,2
21,10,-7,2
21,10,-6,5
21,10,-5,7
21,10,-4,6
21,11,-46,1
21,11,-27,1
21,11,-26,1
21,11,-12,1
21,11,-5,1
21,11,-4,1
21,12,-34,1
21,12,-18,2
21,12,-12,2
21,15,-41,1
21,15,-39,1
21,15,-34,1
21,17,-25,1
21,17,-24,1
22,-97,-153,1
22,-84,-136,1
22,-57,-104,1
22,-55,-100,1
22,-55,-98,1
22,-54,-95,1
22,-49,-88,1
22,-39,-52,1
22,-39,26,1
22,-34,24,1
22,-33,-4,1
22,-31,15,1
22,-30,-12,1
22,-29,14,1
22,-29,134,1
22,-27,15,1
22,-26,14,1
22,-26,41,1
22,-25,7,1
22,-25,14,2
22,-25,15,3
22,-25,31,1
22,-25,32,1
22,-24,-14,1
22,-24,20,1
22,-24,30,1
22,-24,32,1
22,-24,37,1
22,-23,-10,1
22,-23,6,1
22,-23,9,1
22,-23,24,1
22,-22,7,1
22,-22,11,2
22,-22,24,1
22,-22,30,1
22,-22,34,1
22,-21,-4,1
22,-21,8,1
22,-21,16,1
22,-21,28,2
22,-21,34,1
22,-20,-60,1
22,-20,-15,1
22,-20,-7,1
22,-20,7,2
22,-20,8,1
22,-20,12,1
22,-20,19,1
22,-20,20,1
22,-20,34,1
22,-20,36,1
22,-19,-79,1
22,-19,-45,1
22,-19,-11,1
22,-19,8,1
22,-19,9,1
22,-19,10,1
22,-19,13,1
22,-19,15,1
22,-19,18,1
22,-19,27,1
22,-18,-73,1
22,-18,-62,1
22,-18,-55,1
22,-18,-50,1
22,-18,-41,1
22,-18,-7,1
22,-18,-5,1
22,-18,-3,1
22,-18,5,1
22,-18,6,1
22,-18,7,1
22,-18,8,1
22,-18,10,3
22,-18,12,3
22,-18,13,2
22,-18,15,4
22,-18,18,1
22,-18,19,1
22,-18,20,1
22,-18,21,1
22,-18,22,2
22,-18,25,1
22,-18,35,1
22,-17,-50,2
22,-17,-12,2
22,-17,-11,1
22,-17,-5,1
22,-17,-4,1
22,-17,-3,2
22,-17,4,1
22,-17,7,1
22,-17,9,2
22,-17,10,4
22,-17,11,1
22,-17,12,2
22,-17,13,4
22,-17,14,2
22,-17,15,1
22,-17,17,2
22,-17,19,1
22,-17,20,1
22,-17,21,1
22,-16,-56,1
22,-16,-40,1
22,-16,-18,1
22,-16,-11,2
22,-16,-10,1
22,-16,-7,2
22,-16,-5,1
22,-16,-3,2
22,-16,4,1
22,-16,7,1
22,-16,8,1
22,-16,9,1
22,-16,10,2
22,-16,12,5
22,-16,13,1
22,-16,14,2
22,-16,15,2
22,-16,16,1
22,-16,17,1
22,-16,26,1
22,-15,-43,1
22,-15,-37,1
22,-15,-36,1
22,-15,-35,1
22,-15,-18,2
22,-15,-13,1
22,-15,-11,1
22,-15,-9,1
22,-15,-8,2
22,-15,-7,2
22,-15,-6,1
22,-15,-5,2
22,-15,5,2
22,-15,9,2
22,-15,10,2
22,-15,11,6
22,-15,12,3
22,-15,13,2
22,-15,14,2
22,-15,15,3
22,-15,16,3
22,-15,18,4
22,-15,19,1
22,-15,20,2
22,-15,21,1
22,-15,29,4
22,-15,32,1
22,-15,79,1
22,-14,-48,1
22,-14,-16,2
22,-14,-15,2
22,-14,-13,1
22,-14,-11,3
22,-14,-10,1
22,-14,-9,1
22,-14,-8,1
22,-14,-7,1
22,-14,-6,5
22,-14,-5,1
22,-14,-2,1
22,-14,0,1
22,-14,2,1
22,-14,4,1
22,-14,5,1
22,-14,8,3
22,-14,9,5
22,-14,10,2
22,-14,11,5
22,-14,12,5
22,-14,13,4
22,-14,14,1
22,-14,15,2
22,-14,16,4
22,-14,18,7
22,-14,19,2
22,-14,20,1
22,-14,24,2
22,-13,-62,1
22,-13,-53,1
22,-13,-38,2
22,-13,-37,1
22,-13,-16,1
22,-13,-15,1
22,-13,-14,4
22,-13,-13,3
22,-13,-12,4
22,-13,-11,7
22,-13,-10,2
22,-13,-9,2
22,-13,-7,1
22,-13,-6,2
22,-13,-3,2
22,-13,3,1
22,-13,6,2
22,-13,7,1
22,-13,8,3
22,-13,9,1
22,-13,10,1
22,-13,11,8
22,-13,12,4
22,-13,13,1
22,-13,14,1
22,-13,15,1
22,-13,16,2
22,-13,17,1
22,-13,18,4
22,-13,26,1
22,-12,-35,1
22,-12,-33,1
22,-12,-31,1
22,-12,-15,2
22,-12,-14,3
22,-12,-13,6
22,-12,-12,1
22,-12,-11,8
22,-12,-10,1
22,-12,-9,5
22,-12,-7,4
22,-12,-3,2
22,-12,0,1
22,-12,3,1
22,-12,5,1
22,-12,7,1
22,-12,8,8
22,-12,9,3
22,-12,10,10
22,-12,11,5
22,-12,12,7
22,-12,13,7
22,-12,14,2
22,-12,16,1
22,-12,17,3
22,-12,18,3
22,-12,39,1
22,-12,40,1
22,-12,41,1
22,-12,44,1
22,-12,48,1
22,-11,-37,2
22,-11,-36,1
22,-11,-34,1
22,-11,-33,1
22,-11,-29,2
22,-11,-28,1
22,-11,-27,1
22,-11,-26,2
22,-11,-24,1
22,-11,-23,2
22,-11,-22,1
22,-11,-16,2
22,-11,-15,4
22,-11,-14,3
22,-11,-12,5
22,-11,-11,4
22,-11,-10,6
22,-11,-8,4
22,-11,-7,7
22,-11,-6,1
22,-11,-5,3
22,-11,-3,1
22,-11,-2,1
22,-11,-1,1
22,-11,3,3
22,-11,4,1
22,-11,5,3
22,-11,7,1
22,-11,8,1
22,-11,9,6
22,-11,10,9
22,-11,11,4
22,-11,12,5
22,-11,13,7
22,-11,14,1
22,-11,15,6
22,-11,16,3
22,-11,17,4
22,-11,18,3
22,-11,30,1
22,-10,-36,1
22,-10,-34,1
22,-10,-33,1
22,-10,-31,3
22,-10,-30,1
22,-10,-29,4
22,-10,-28,1
22,-10,-27,2
22,-10,-26,3
22,-10,-25,1
22,-10,-24,1
22,-10,-23,2
22,-10,-22,2
22,-10,-21,1
22,-10,-20,1
22,-10,-13,8
22,-10,-12,5
22,-10,-11,5
22,-10,-10,1
22,-10,-9,3
22,-10,-8,7
22,-10,-7,8
22,-10,-6,3
22,-10,-5,13
22,-10,-4,8
22,-10,-3,2
22,-10,3,2
22,-10,4,2
22,-10,5,3
22,-10,6,5
22,-10,7,7
22,-10,8,8
22,-10,9,18
22,-10,10,9
22,-10,11,1
22,-10,12,7
22,-10,13,5
22,-10,14,4
22,-10,15,3
22,-10,16,4
22,-10,17,8
22,-10,18,2
22,-10,19,2
22,-10,29,2
22,-10,40,1
22,-10,47,1
22,-9,-71,1
22,-9,-53,1
22,-9,-50,2
22,-9,-48,1
22,-9,-36,1
22,-9,-35,1
22,-9,-34,1
22,-9,-33,1
22,-9,-32,1
22,-9,-31,1
22,-9,-29,2
22,-9,-28,1
22,-9,-26,1
22,-9,-25,1
22,-9,-24,2
22,-9,-23,5
22,-9,-22,1
22,-9,-19,1
22,-9,-18,4
22,-9,-17,3
22,-9,-14,1
22,-9,-13,3
22,-9,-12,2
22,-9,-11,16
22,-9,-10,3
22,-9,-9,11
22,-9,-8,11
22,-9,-7,16
22,-9,-6,6
22,-9,-5,11
22,-9,-4,14
22,-9,-3,5
22,-9,-2,3
22,-9,3,1
22,-9,4,4
22,-9,5,9
22,-9,6,3
22,-9,7,9
22,-9,8,17
22,-9,9,16
22,-9,10,3
22,-9,11,6
22,-9,12,5
22,-9,13,5
22,-9,14,2
22,-9,15,2
22,-9,16,3
22,-9,17,4
22,-9,18,1
22,-9,23,1
22,-9,24,1
22,-9,35,1
22,-9,45,1
22,-8,-42,2
22,-8,-30,1
22,-8,-29,1
22,-8,-27,2
22,-8,-25,4
22,-8,-24,5
22,-8,-23,2
22,-8,-21,5
22,-8,-20,2
22,-8,-19,1
22,-8,-18,1
22,-8,-17,2
22,-8,-16,1
22,-8,-15,7
22,-8,-14,2
22,-8,-13,10
22,-8,-12,8
22,-8,-11,16
22,-8,-10,13
22,-8,-9,18
22,-8,-8,13
22,-8,-7,28
22,-8,-6,2
22,-8,-5,12
22,-8,-4,18
22,-8,-3,4
22,-8,-2,1
22,-8,-1,1
22,-8,2,4
22,-8,3,5
22,-8,4,12
22,-8,5,10
22,-8,6,6
22,-8,7,3
22,-8,8,14
22,-8,9,4
22,-8,10,13
22,-8,11,7
22,-8,12,6
22,-8,13,10
22,-8,14,4
22,-8,15,10
22,-8,16,8
22,-8,17,6
22,-8,18,2
22,-8,19,2
22,-8,20,1
22,-8,21,2
22,-8,24,3
22,-8,25,2
22,-8,29,1
22,-8,30,1
22,-8,47,1
22,-7,-32,1
22,-7,-31,1
22,-7,-29,3
22,-7,-28,1
22,-7,-27,1
22,-7,-26,7
22,-7,-25,5
22,-7,-24,4
22,-7,-23,5
22,-7,-22,7
22,-7,-21,1
22,-7,-20,7
22,-7,-19,2
22,-7,-15,4
22,-7,-14,2
22,-7,-12,5
22,-7,-11,18
22,-7,-10,17
22,-7,-9,24
22,-7,-8,22
22,-7,-7,19
22,-7,-6,27
22,-7,-5,14
22,-7,-4,8
22,-7,-3,21
22,-7,-2,7
22,-7,2,11
22,-7,3,7
22,-7,4,14
22,-7,5,8
22,-7,6,18
22,-7,7,23
22,-7,8,11
22,-7,9,9
22,-7,10,12
22,-7,11,7
22,-7,13,2
22,-7,14,11
22,-7,15,6
22,-7,16,10
22,-7,17,7
22,-7,18,3
22,-7,20,4
22,-7,21,4
22,-7,22,1
22,-7,24,2
22,-7,29,1
22,-7,30,2
22,-7,33,2
22,-7,42,1
22,-6,-33,1
22,-6,-31,2
22,-6,-29,1
22,-6,-27,3
22,-6,-26,4
22,-6,-25,4
22,-6,-24,4
22,-6,-23,5
22,-6,-22,6
22,-6,-21,4
22,-6,-20,1
22,-6,-19,2
22,-6,-18,2
22,-6,-14,8
22,-6,-13,7
22,-6,-12,10
22,-6,-11,6
22,-6,-10,20
22,-6,-9,25
22,-6,-8,25
22,-6,-7,36
22,-6,-6,40
22,-6,-5,13
22,-6,-4,19
22,-6,-3,14
22,-6,-2,23
22,-6,-1,11
22,-6,0,1
22,-6,1,1
22,-6,2,2
22,-6,3,9
22,-6,4,15
22,-6,5,7
22,-6,6,12
22,-6,7,29
22,-6,8,14
22,-6,9,21
22,-6,10,17
22,-6,11,5
22,-6,12,10
22,-6,13,10
22,-6,14,7
22,-6,16,2
22,-6,20,4
22,-6,21,1
22,-6,22,1
22,-6,26,3
22,-6,33,1
22,-6,35,1
22,-5,-33,1
22,-5,-30,2
22,-5,-29,3
22,-5,-28,1
22,-5,-27,4
22,-5,-26,1
22,-5,-25,1
22,-5,-24,4
22,-5,-23,7
22,-5,-22,2
22,-5,-21,6
22,-5,-20,5
22,-5,-19,5
22,-5,-18,10
22,-5,-17,3
22,-5,-15,3
22,-5,-14,1
22,-5,-12,2
22,-5,-11,8
22,-5,-10,21
22,-5,-9,17
22,-5,-8,25
22,-5,-7,32
22,-5,-6,28
22,-5,-5,7
22,-5,-4,11
22,-5,-3,13
22,-5,-2,9
22,-5,-1,4
22,-5,0,3
22,-5,1,1
22,-5,3,4
22,-5,4,2
22,-5,5,5
22,-5,6,35
22,-5,7,19
22,-5,8,8
22,-5,9,10
22,-5,10,1
22,-5,11,3
22,-5,12,2
22,-5,13,4
22,-5,14,7
22,-5,15,6
22,-5,16,2
22,-5,17,3
22,-5,20,1
22,-5,21,2
22,-4,-29,1
22,-4,-28,1
22,-4,-27,3
22,-4,-26,3
22,-4,-25,2
22,-4,-23,2
22,-4,-22,4
22,-4,-21,4
22,-4,-20,3
22,-4,-19,11
22,-4,-18,10
22,-4,-17,8
22,-4,-16,1
22,-4,-14,1
22,-4,-13,7
22,-4,-12,23
22,-4,-11,21
22,-4,-10,36
22,-4,-9,42
22,-4,-8,12
22,-4,-7,5
22,-4,-6,37
22,-4,-5,36
22,-4,-4,30
22,-4,-3,16
22,-4,-1,1
22,-4,0,1
22,-4,2,2
22,-4,3,1
22,-4,5,1
22,-4,6,4
22,-4,7,22
22,-4,8,8
22,-4,9,6
22,-4,10,18
22,-4,11,27
22,-4,12,15
22,-4,13,3
22,-4,14,10
22,-4,15,4
22,-4,16,3
22,-4,17,3
22,-4,18,1
22,-4,19,2
22,-4,20,3
22,-4,21,1
22,-3,-36,1
22,-3,-31,1
22,-3,-30,1
22,-3,-29,2
22,-3,-28,4
22,-3,-27,4
22,-3,-26,3
22,-3,-24,2
22,-3,-23,2
22,-3,-21,3
22,-3,-20,4
22,-3,-19,12
22,-3,-18,11
22,-3,-17,15
22,-3,-16,6
22,-3,-15,2
22,-3,-14,5
22,-3,-13,7
22,-3,-12,5
22,-3,-11,9
22,-3,-10,9
22,-3,-9,16
22,-3,-8,27
22,-3,-7,7
22,-3,-6,16
22,-3,-5,27
22,-3,-4,25
22,-3,-3,20
22,-3,-2,4
22,-3,-1,1
22,-3,1,2
22,-3,2,2
22,-3,3,5
22,-3,4,9
22,-3,5,13
22,-3,6,16
22,-3,7,19
22,-3,8,14
22,-3,9,25
22,-3,10,30
22,-3,11,11
22,-3,12,6
22,-3,13,13
22,-3,14,15
22,-3,15,5
22,-3,16,6
22,-3,17,4
22,-3,18,3
22,-3,20,1
22,-2,-30,2
22,-2,-29,1
22,-2,-28,2
22,-2,-27,2
22,-2,-26,1
22,-2,-25,4
22,-2,-24,4
22,-2,-23,6
22,-2,-22,5
22,-2,-21,1
22,-2,-20,4
22,-2,-19,4
22,-2,-18,6
22,-2,-17,11
22,-2,-16,10
22,-2,-15,8
22,-2,-14,6
22,-2,-13,2
22,-2,-12,11
22,-2,-11,16
22,-2,-10,9
22,-2,-9,21
22,-2,-8,26
22,-2,-7,23
22,-2,-6,9
22,-2,-5,22
22,-2,-4,1
22,-2,-3,17
22,-2,-2,10
22,-2,1,1
22,-2,2,4
22,-2,3,12
22,-2,4,7
22,-2,5,26
22,-2,6,16
22,-2,7,16
22,-2,8,18
22,-2,9,28
22,-2,10,28
22,-2,11,21
22,-2,12,19
22,-2,13,21
22,-2,14,20
22,-2,15,10
22,-2,16,15
22,-2,17,10
22,-2,18,3
22,-2,21,1
22,-2,22,1
22,-1,-29,1
22,-1,-28,1
22,-1,-27,3
22,-1,-26,3
22,-1,-25,2
22,-1,-24,2
22,-1,-23,6
22,-1,-22,10
22,-1,-21,4
22,-1,-20,6
22,-1,-19,3
22,-1,-18,7
22,-1,-17,12
22,-1,-16,9
22,-1,-15,10
22,-1,-14,14
22,-1,-13,1
22,-1,-12,3
22,-1,-11,9
22,-1,-10,7
22,-1,-9,4
22,-1,-7,8
22,-1,-6,15
22,-1,-5,40
22,-1,-4,4
22,-1,-3,1
22,-1,-2,15
22,-1,4,3
22,-1,5,17
22,-1,6,3
22,-1,7,1
22,-1,8,2
22,-1,9,1
22,-1,10,8
22,-1,11,6
22,-1,12,7
22,-1,13,2
22,-1,14,3
22,-1,15,4
22,-1,16,1
22,-1,17,3
22,-1,18,2
22,-1,20,1
22,-1,21,4
22,-1,22,1
22,0,-29,1
22,0,-28,1
22,0,-27,3
22,0,-26,2
22,0,-25,3
22,0,-24,4
22,0,-23,2
22,0,-22,5
22,0,-21,6
22,0,-20,11
22,0,-19,8
22,0,-18,12
22,0,-17,11
22,0,-16,7
22,0,-15,14
22,0,-14,5
22,0,-13,6
22,0,-10,2
22,0,-9,1
22,0,-8,6
22,0,-7,19
22,0,-6,21
22,0,-5,35
22,0,-4,10
22,0,-1,2
22,0,3,5
22,0,5,18
22,0,6,23
22,0,7,16
22,0,8,7
22,0,9,3
22,0,13,4
22,0,14,5
22,0,15,1
22,0,25,2
22,0,27,2
22,0,28,1
22,1,-27,1
22,1,-26,1
22,1,-25,2
22,1,-24,3
22,1,-23,3
22,1,-22,1
22,1,-21,6
22,1,-20,2
22,1,-19,14
22,1,-18,15
22,1,-17,9
22,1,-16,12
22,1,-15,3
22,1,-14,3
22,1,-10,7
22,1,-9,34
22,1,-8,8
22,1,-7,25
22,1,-6,11
22,1,-5,89
22,1,-4,10
22,1,-3,1
22,1,-1,23
22,1,3,7
22,1,5,5
22,1,6,9
22,1,7,9
22,1,10,3
22,1,11,4
22,1,12,6
22,1,15,5
22,1,16,5
22,1,17,1
22,1,20,1
22,1,21,1
22,1,22,2
22,1,23,4
22,2,-29,1
22,2,-28,1
22,2,-27,1
22,2,-25,1
22,2,-23,1
22,2,-22,1
22,2,-21,4
22,2,-20,2
22,2,-19,4
22,2,-18,6
22,2,-17,2
22,2,-16,1
22,2,-15,5
22,2,-14,1
22,2,-10,6
22,2,-9,4
22,2,-8,14
22,2,-7,2
22,2,-6,3
22,2,-5,9
22,2,-3,5
22,2,-2,1
22,2,6,1
22,2,8,4
22,2,9,1
22,2,10,2
22,2,11,14
22,2,12,12
22,2,13,2
22,2,14,1
22,3,-34,1
22,3,-32,1
22,3,-31,1
22,3,-30,1
22,3,-29,1
22,3,-28,1
22,3,-27,1
22,3,-26,1
22,3,-25,4
22,3,-20,4
22,3,-19,7
22,3,-18,10
22,3,-17,3
22,3,-15,7
22,3,-14,11
22,3,-13,1
22,3,-8,6
22,3,-7,5
22,3,-6,1
22,3,-5,10
22,3,-4,6
22,3,-3,16
22,3,-2,12
22,3,-1,7
22,3,6,4
22,3,10,9
22,3,11,2
22,3,12,3
22,3,13,3
22,3,14,2
22,3,15,2
22,3,16,1
22,3,17,7
22,3,18,3
22,3,19,3
22,4,-39,1
22,4,-34,1
22,4,-31,1
22,4,-30,1
22,4,-29,3
22,4,-28,1
22,4,-27,4
22,4,-26,4
22,4,-25,1
22,4,-21,1
22,4,-20,2
22,4,-19,2
22,4,-18,1
22,4,-7,1
22,4,-6,4
22,4,-5,6
22,4,-4,9
22,4,-3,6
22,4,-2,7
22,4,-1,6
22,4,7,5
22,4,10,1
22,4,16,2
22,4,17,4
22,4,18,1
22,4,20,2
22,4,21,1
22,5,-33,1
22,5,-32,1
22,5,-30,2
22,5,-29,1
22,5,-28,2
22,5,-27,2
22,5,-26,1
22,5,-25,2
22,5,-24,1
22,5,-20,1
22,5,-6,5
22,5,-5,18
22,5,-4,18
22,5,-3,20
22,5,-2,13
22,5,-1,1
22,5,1,1
22,5,6,2
22,5,7,1
22,5,9,2
22,5,10,6
22,5,11,3
22,5,12,5
22,5,17,1
22,6,-34,2
22,6,-32,1
22,6,-31,2
22,6,-30,1
22,6,-29,4
22,6,-21,1
22,6,-20,1
22,6,-19,4
22,6,-14,1
22,6,-13,2
22,6,-7,5
22,6,-5,6
22,6,-3,3
22,6,6,42
22,6,7,7
22,6,8,5
22,6,9,12
22,6,10,5
22,7,-34,2
22,7,-28,3
22,7,-25,1
22,7,-24,3
22,7,-23,1
22,7,-22,1
22,7,-21,1
22,7,-20,1
22,7,-19,1
22,7,-15,1
22,7,-13,1
22,7,-12,5
22,7,-11,2
22,7,-5,12
22,7,-4,17
22,7,-3,5
22,7,-2,1
22,7,3,1
22,7,6,7
22,7,7,4
22,7,8,3
22,7,9,7
22,7,10,2
22,8,-45,1
22,8,-30,1
22,8,-28,2
22,8,-26,2
22,8,-24,2
22,8,-19,3
22,8,-17,1
22,8,-16,2
22,8,-15,1
22,8,-12,1
22,8,-11,1
22,8,-10,1
22,8,-8,1
22,8,-6,8
22,8,-5,2
22,8,-4,22
22,8,3,1
22,9,-32,1
22,9,-11,4
22,9,-10,1
22,9,-8,1
22,9,-7,2
22,9,-6,4
22,9,-5,8
22,9,-4,5
22,9,-3,3
22,10,-24,1
22,10,-16,3
22,10,-11,2
22,10,-10,2
22,10,-5,5
22,10,-4,6
22,10,-3,1
22,11,-46,1
22,11,-42,1
22,11,-12,1
22,11,-11,2
22,12,-42,1
22,12,-29,1
22,12,-27,1
22,13,-47,1
22,13,-29,2
22,14,-39,1
22,14,-31,1
22,14,-24,1
22,15,-64,1
22,15,-32,1
22,16,-35,1
22,16,-30,1
22,17,-36,1
22,17,-28,1
22,18,-35,1
22,23,-60,1
23,-87,-139,1
23,-84,-134,1
23,-83,-134,1
23,-75,-120,1
23,-72,-113,1
23,-70,-120,1
23,-55,-88,1
23,-35,42,1
23,-32,32,1
23,-30,-71,1
23,-30,17,1
23,-29,-22,1
23,-29,14,1
23,-28,17,1
23,-27,25,1
23,-26,-17,1
23,-26,-12,1
23,-26,-11,1
23,-26,1,1
23,-26,13,1
23,-26,29,1
23,-25,-58,1
23,-25,-45,1
23,-25,-10,1
23,-25,29,1
23,-24,-21,1
23,-24,13,1
23,-24,17,1
23,-24,38,1
23,-23,-58,1
23,-23,12,1
23,-22,-61,1
23,-22,-38,1
23,-22,-9,1
23,-22,-8,1
23,-22,12,2
23,-22,15,1
23,-22,32,1
23,-22,35,1
23,-21,-68,1
23,-21,-46,1
23,-21,-10,1
23,-21,-9,1
23,-21,1,1
23,-21,11,1
23,-21,23,1
23,-21,72,1
23,-20,-39,1
23,-20,-11,1
23,-20,8,1
23,-20,10,1
23,-20,11,1
23,-20,15,1
23,-20,30,1
23,-20,36,1
23,-19,-75,1
23,-19,-17,2
23,-19,-12,1
23,-19,-5,1
23,-19,8,1
23,-19,9,1
23,-19,15,1
23,-19,23,1
23,-19,29,1
23,-19,35,1
23,-18,-16,1
23,-18,-12,2
23,-18,-10,1
23,-18,-7,1
23,-18,-6,1
23,-18,-5,1
23,-18,-4,1
23,-18,7,1
23,-18,8,1
23,-18,10,3
23,-18,25,1
23,-18,29,1
23,-18,30,2
23,-18,31,1
23,-17,-63,1
23,-17,-10,1
23,-17,-9,1
23,-17,-7,1
23,-17,-6,2
23,-17,-5,3
23,-17,7,6
23,-17,10,1
23,-17,11,3
23,-17,17,2
23,-17,18,1
23,-17,20,1
23,-17,23,1
23,-17,28,1
23,-17,29,1
23,-17,34,2
23,-16,-36,1
23,-16,-15,1
23,-16,-14,1
23,-16,-13,1
23,-16,-10,2
23,-16,-9,1
23,-16,-5,7
23,-16,-4,1
23,-16,3,1
23,-16,6,1
23,-16,7,4
23,-16,8,1
23,-16,9,2
23,-16,10,2
23,-16,11,4
23,-16,12,2
23,-16,13,2
23,-16,14,2
23,-16,15,1
23,-16,16,1
23,-16,18,1
23,-16,19,2
23,-16,23,1
23,-15,-60,1
23,-15,-46,1
23,-15,-40,1
23,-15,-32,1
23,-15,-14,1
23,-15,-11,2
23,-15,-6,1
23,-15,-5,2
23,-15,-3,1
23,-15,4,1
23,-15,5,1
23,-15,7,2
23,-15,8,7
23,-15,9,4
23,-15,10,3
23,-15,11,2
23,-15,12,4
23,-15,13,2
23,-15,14,6
23,-15,15,1
23,-15,16,1
23,-15,17,1
23,-15,26,1
23,-15,30,1
23,-14,-40,1
23,-14,-33,1
23,-14,-17,1
23,-14,-12,1
23,-14,-11,2
23,-14,-10,2
23,-14,-9,2
23,-14,-8,2
23,-14,-7,4
23,-14,-6,5
23,-14,-5,1
23,-14,-3,1
23,-14,-1,1
23,-14,1,1
23,-14,3,1
23,-14,4,3
23,-14,5,1
23,-14,7,1
23,-14,8,10
23,-14,9,4
23,-14,10,1
23,-14,11,4
23,-14,12,3
23,-14,13,3
23,-14,15,2
23,-14,16,3
23,-14,17,2
23,-14,18,1
23,-14,19,1
23,-14,24,1
23,-14,28,2
23,-14,29,1
23,-13,-46,1
23,-13,-40,1
23,-13,-36,1
23,-13,-33,1
23,-13,-30,1
23,-13,-29,1
23,-13,-28,1
23,-13,-16,1
23,-13,-15,2
23,-13,-12,1
23,-13,-11,1
23,-13,-10,2
23,-13,-9,1
23,-13,-8,2
23,-13,-7,1
23,-13,-6,6
23,-13,-5,6
23,-13,-4,1
23,-13,-2,4
23,-13,-1,2
23,-13,4,1
23,-13,5,4
23,-13,6,2
23,-13,8,2
23,-13,9,8
23,-13,10,2
23,-13,11,6
23,-13,12,7
23,-13,13,4
23,-13,14,4
23,-13,15,6
23,-13,16,5
23,-13,17,4
23,-13,18,5
23,-13,21,2
23,-13,22,1
23,-13,23,3
23,-13,26,1
23,-13,27,1
23,-12,-47,1
23,-12,-36,1
23,-12,-32,1
23,-12,-31,1
23,-12,-28,1
23,-12,-14,2
23,-12,-13,4
23,-12,-12,4
23,-12,-11,6
23,-12,-10,2
23,-12,-9,3
23,-12,-8,4
23,-12,-7,3
23,-12,-6,8
23,-12,-5,5
23,-12,-2,2
23,-12,2,2
23,-12,5,3
23,-12,7,7
23,-12,8,4
23,-12,9,4
23,-12,10,9
23,-12,11,7
23,-12,12,4
23,-12,13,3
23,-12,14,1
23,-12,15,6
23,-12,16,3
23,-12,17,2
23,-12,19,1
23,-12,20,2
23,-12,24,4
23,-12,26,1
23,-12,28,1
23,-11,-56,1
23,-11,-55,1
23,-11,-51,1
23,-11,-50,1
23,-11,-45,1
23,-11,-42,1
23,-11,-35,1
23,-11,-34,1
23,-11,-33,1
23,-11,-31,1
23,-11,-30,1
23,-11,-28,1
23,-11,-26,1
23,-11,-25,1
23,-11,-23,1
23,-11,-15,1
23,-11,-14,2
23,-11,-13,8
23,-11,-12,12
23,-11,-11,9
23,-11,-10,11
23,-11,-9,4
23,-11,-8,9
23,-11,-7,4
23,-11,-6,7
23,-11,-5,2
23,-11,-3,2
23,-11,-2,1
23,-11,1,1
23,-11,2,4
23,-11,3,1
23,-11,4,6
23,-11,5,2
23,-11,6,2
23,-11,7,15
23,-11,8,6
23,-11,9,13
23,-11,10,10
23,-11,11,8
23,-11,12,13
23,-11,13,4
23,-11,15,7
23,-11,16,7
23,-11,17,3
23,-11,18,2
23,-11,19,1
23,-11,22,2
23,-11,24,1
23,-11,25,1
23,-11,26,1
23,-11,39,1
23,-11,42,1
23,-10,-46,1
23,-10,-41,1
23,-10,-39,1
23,-10,-35,1
23,-10,-34,1
23,-10,-31,1
23,-10,-29,1
23,-10,-28,2
23,-10,-27,2
23,-10,-26,3
23,-10,-25,2
23,-10,-23,5
23,-10,-21,1
23,-10,-19,1
23,-10,-15,4
23,-10,-14,4
23,-10,-13,4
23,-10,-12,7
23,-10,-11,16
23,-10,-10,15
23,-10,-9,6
23,-10,-8,4
23,-10,-7,15
23,-10,-6,9
23,-10,-4,4
23,-10,-3,2
23,-10,-2,2
23,-10,-1,3
23,-10,1,1
23,-10,2,4
23,-10,3,1
23,-10,4,7
23,-10,5,6
23,-10,6,5
23,-10,7,5
23,-10,8,13
23,-10,9,13
23,-10,10,10
23,-10,11,6
23,-10,12,13
23,-10,13,9
23,-10,14,11
23,-10,15,12
23,-10,16,8
23,-10,17,3
23,-10,18,2
23,-10,21,4
23,-10,23,2
23,-10,28,2
23,-10,29,1
23,-10,37,1
23,-9,-51,1
23,-9,-48,1
23,-9,-45,1
23,-9,-33,1
23,-9,-31,2
23,-9,-29,1
23,-9,-28,4
23,-9,-27,3
23,-9,-26,1
23,-9,-25,2
23,-9,-24,3
23,-9,-23,5
23,-9,-22,5
23,-9,-21,2
23,-9,-20,2
23,-9,-19,3
23,-9,-18,2
23,-9,-12,4
23,-9,-11,4
23,-9,-10,15
23,-9,-9,9
23,-9,-8,12
23,-9,-7,12
23,-9,-6,16
23,-9,-5,8
23,-9,-4,17
23,-9,-3,3
23,-9,-2,3
23,-9,-1,2
23,-9,1,1
23,-9,2,7
23,-9,3,3
23,-9,4,1
23,-9,5,6
23,-9,6,9
23,-9,7,12
23,-9,8,24
23,-9,9,14
23,-9,10,2
23,-9,11,9
23,-9,12,8
23,-9,13,12
23,-9,14,12
23,-9,15,18
23,-9,16,3
23,-9,17,5
23,-9,18,1
23,-9,21,1
23,-9,22,1
23,-9,23,2
23,-9,31,1
23,-9,35,2
23,-9,40,1
23,-9,41,1
23,-9,43,2
23,-8,-43,1
23,-8,-34,1
23,-8,-33,1
23,-8,-30,1
23,-8,-29,3
23,-8,-28,2
23,-8,-27,3
23,-8,-26,3
23,-8,-25,5
23,-8,-24,3
23,-8,-23,3
23,-8,-22,2
23,-8,-21,3
23,-8,-20,1
23,-8,-17,3
23,-8,-16,5
23,-8,-13,1
23,-8,-12,8
23,-8,-11,6
23,-8,-10,15
23,-8,-9,13
23,-8,-8,16
23,-8,-7,31
23,-8,-6,35
23,-8,-5,7
23,-8,-4,14
23,-8,-3,12
23,-8,-2,2
23,-8,-1,2
23,-8,2,3
23,-8,3,2
23,-8,4,14
23,-8,5,11
23,-8,6,17
23,-8,7,20
23,-8,8,25
23,-8,9,6
23,-8,10,12
23,-8,11,12
23,-8,12,7
23,-8,14,4
23,-8,15,6
23,-8,16,1
23,-8,18,1
23,-8,19,1
23,-8,23,1
23,-8,28,1
23,-8,32,2
23,-7,-39,1
23,-7,-33,1
23,-7,-30,2
23,-7,-29,3
23,-7,-28,1
23,-7,-27,2
23,-7,-26,4
23,-7,-25,3
23,-7,-24,3
23,-7,-23,11
23,-7,-22,5
23,-7,-21,4
23,-7,-20,1
23,-7,-19,6
23,-7,-18,3
23,-7,-17,1
23,-7,-16,2
23,-7,-15,4
23,-7,-14,2
23,-7,-13,1
23,-7,-12,8
23,-7,-11,11
23,-7,-10,12
23,-7,-9,23
23,-7,-8,33
23,-7,-7,21
23,-7,-6,33
23,-7,-5,8
23,-7,-4,22
23,-7,-3,27
23,-7,-2,5
23,-7,-1,1
23,-7,1,2
23,-7,2,11
23,-7,3,16
23,-7,4,14
23,-7,5,10
23,-7,6,12
23,-7,7,22
23,-7,8,15
23,-7,9,21
23,-7,10,10
23,-7,11,6
23,-7,12,7
23,-7,13,15
23,-7,14,12
23,-7,15,15
23,-7,16,3
23,-7,17,6
23,-7,18,2
23,-7,19,3
23,-7,21,2
23,-7,22,2
23,-7,23,1
23,-7,27,2
23,-7,28,2
23,-6,-51,1
23,-6,-27,2
23,-6,-26,5
23,-6,-25,3
23,-6,-24,5
23,-6,-23,5
23,-6,-22,9
23,-6,-21,9
23,-6,-20,3
23,-6,-19,3
23,-6,-18,1
23,-6,-17,1
23,-6,-16,1
23,-6,-14,5
23,-6,-13,6
23,-6,-12,10
23,-6,-10,11
23,-6,-9,38
23,-6,-8,32
23,-6,-7,34
23,-6,-6,26
23,-6,-5,39
23,-6,-4,16
23,-6,-3,14
23,-6,-2,17
23,-6,-1,1
23,-6,0,1
23,-6,1,1
23,-6,2,12
23,-6,3,26
23,-6,4,16
23,-6,5,19
23,-6,6,45
23,-6,7,32
23,-6,8,12
23,-6,9,12
23,-6,10,2
23,-6,11,12
23,-6,12,6
23,-6,13,13
23,-6,14,3
23,-6,15,5
23,-6,16,4
23,-6,17,3
23,-6,18,7
23,-6,19,4
23,-6,20,1
23,-6,25,3
23,-6,29,1
23,-6,30,1
23,-6,31,2
23,-6,36,1
23,-5,-31,1
23,-5,-30,2
23,-5,-29,3
23,-5,-28,3
23,-5,-27,1
23,-5,-26,2
23,-5,-25,4
23,-5,-24,8
23,-5,-23,7
23,-5,-22,3
23,-5,-21,8
23,-5,-20,6
23,-5,-19,7
23,-5,-18,4
23,-5,-17,7
23,-5,-16,5
23,-5,-15,1
23,-5,-13,7
23,-5,-12,14
23,-5,-11,6
23,-5,-10,12
23,-5,-9,11
23,-5,-8,18
23,-5,-7,29
23,-5,-6,43
23,-5,-5,34
23,-5,-4,15
23,-5,-3,24
23,-5,-2,29
23,-5,-1,16
23,-5,1,1
23,-5,3,10
23,-5,4,5
23,-5,5,15
23,-5,6,21
23,-5,7,20
23,-5,8,28
23,-5,9,4
23,-5,10,1
23,-5,11,10
23,-5,12,7
23,-5,13,3
23,-5,14,3
23,-5,15,4
23,-5,16,1
23,-4,-37,1
23,-4,-35,1
23,-4,-30,1
23,-4,-27,4
23,-4,-26,4
23,-4,-25,6
23,-4,-24,3
23,-4,-23,6
23,-4,-21,8
23,-4,-20,3
23,-4,-19,3
23,-4,-18,9
23,-4,-17,9
23,-4,-16,17
23,-4,-15,3
23,-4,-14,1
23,-4,-13,1
23,-4,-12,5
23,-4,-11,12
23,-4,-10,12
23,-4,-9,31
23,-4,-8,30
23,-4,-7,12
23,-4,-6,25
23,-4,-5,89
23,-4,-4,29
23,-4,-3,29
23,-4,-2,18
23,-4,-1,5
23,-4,0,5
23,-4,1,1
23,-4,3,7
23,-4,4,7
23,-4,5,30
23,-4,6,22
23,-4,7,8
23,-4,8,2
23,-4,9,17
23,-4,10,15
23,-4,11,8
23,-4,12,12
23,-4,13,13
23,-4,14,5
23,-4,15,2
23,-4,16,1
23,-4,17,1
23,-4,18,3
23,-4,19,1
23,-3,-35,1
23,-3,-28,1
23,-3,-27,2
23,-3,-26,3
23,-3,-25,10
23,-3,-24,8
23,-3,-23,9
23,-3,-22,7
23,-3,-21,1
23,-3,-20,6
23,-3,-19,6
23,-3,-18,8
23,-3,-17,13
23,-3,-16,24
23,-3,-15,8
23,-3,-14,6
23,-3,-13,3
23,-3,-12,6
23,-3,-11,14
23,-3,-10,7
23,-3,-9,25
23,-3,-8,36
23,-3,-7,16
23,-3,-6,13
23,-3,-5,44
23,-3,-4,33
23,-3,-3,39
23,-3,-2,15
23,-3,0,2
23,-3,2,8
23,-3,3,9
23,-3,4,15
23,-3,5,26
23,-3,6,32
23,-3,7,26
23,-3,8,30
23,-3,9,47
23,-3,10,22
23,-3,11,14
23,-3,12,14
23,-3,13,14
23,-3,14,3
23,-3,15,5
23,-3,16,2
23,-2,-26,6
23,-2,-25,3
23,-2,-24,1
23,-2,-23,5
23,-2,-22,8
23,-2,-21,8
23,-2,-20,5
23,-2,-19,5
23,-2,-18,13
23,-2,-17,8
23,-2,-16,4
23,-2,-15,6
23,-2,-14,7
23,-2,-13,12
23,-2,-12,11
23,-2,-11,12
23,-2,-10,12
23,-2,-9,23
23,-2,-8,28
23,-2,-7,43
23,-2,-6,27
23,-2,-5,19
23,-2,-4,8
23,-2,-3,11
23,-2,-2,14
23,-2,-1,5
23,-2,1,1
23,-2,2,8
23,-2,3,10
23,-2,4,16
23,-2,5,36
23,-2,6,33
23,-2,7,18
23,-2,8,36
23,-2,9,46
23,-2,10,30
23,-2,11,24
23,-2,12,36
23,-2,13,22
23,-2,14,18
23,-2,15,16
23,-2,16,9
23,-2,17,2
23,-2,19,2
23,-2,20,1
23,-2,21,1
23,-1,-27,6
23,-1,-26,1
23,-1,-24,6
23,-1,-23,2
23,-1,-22,6
23,-1,-21,1
23,-1,-20,9
23,-1,-19,10
23,-1,-18,5
23,-1,-17,4
23,-1,-16,19
23,-1,-15,18
23,-1,-14,7
23,-1,-13,22
23,-1,-12,17
23,-1,-11,10
23,-1,-10,8
23,-1,-9,16
23,-1,-8,11
23,-1,-7,4
23,-1,-6,21
23,-1,-5,34
23,-1,-4,42
23,-1,-2,17
23,-1,0,1
23,-1,1,1
23,-1,2,2
23,-1,4,4
23,-1,5,30
23,-1,6,2
23,-1,7,3
23,-1,8,1
23,-1,9,17
23,-1,10,13
23,-1,11,13
23,-1,12,4
23,-1,13,6
23,-1,14,5
23,-1,16,4
23,-1,17,3
23,-1,18,6
23,-1,19,5
23,-1,20,2
23,0,-29,1
23,0,-27,3
23,0,-26,2
23,0,-25,6
23,0,-24,6
23,0,-23,1
23,0,-22,7
23,0,-21,5
23,0,-20,6
23,0,-19,3
23,0,-18,5
23,0,-17,12
23,0,-16,28
23,0,-15,13
23,0,-14,17
23,0,-13,12
23,0,-12,7
23,0,-11,2
23,0,-9,1
23,0,-8,5
23,0,-7,18
23,0,-6,12
23,0,-5,47
23,0,-4,20
23,0,-3,3
23,0,-1,5
23,0,0,1
23,0,2,4
23,0,3,6
23,0,4,25
23,0,5,49
23,0,6,25
23,0,7,19
23,0,8,12
23,0,12,3
23,0,13,3
23,0,23,1
23,0,24,1
23,0,25,1
23,1,-26,1
23,1,-24,3
23,1,-23,6
23,1,-22,1
23,1,-21,4
23,1,-20,3
23,1,-19,9
23,1,-18,6
23,1,-17,11
23,1,-16,21
23,1,-15,9
23,1,-14,2
23,1,-13,10
23,1,-12,1
23,1,-11,1
23,1,-10,2
23,1,-9,13
23,1,-8,45
23,1,-7,11
23,1,-6,29
23,1,-5,103
23,1,-4,34
23,1,-3,7
23,1,-2,1
23,1,-1,3
23,1,2,1
23,1,3,3
23,1,5,19
23,1,6,7
23,1,7,1
23,1,9,10
23,1,10,6
23,1,11,7
23,1,13,6
23,1,14,14
23,1,15,10
23,1,20,3
23,1,21,1
23,2,-27,1
23,2,-26,1
23,2,-25,2
23,2,-24,4
23,2,-23,4
23,2,-22,3
23,2,-20,1
23,2,-19,3
23,2,-18,4
23,2,-17,6
23,2,-16,10
23,2,-15,2
23,2,-14,4
23,2,-13,8
23,2,-12,2
23,2,-9,3
23,2,-8,10
23,2,-7,23
23,2,-6,3
23,2,-5,8
23,2,-3,9
23,2,-2,13
23,2,-1,4
23,2,5,2
23,2,7,5
23,2,8,3
23,2,9,2
23,2,10,6
23,2,11,15
23,2,12,6
23,2,13,11
23,2,14,1
23,2,15,2
23,3,-29,1
23,3,-28,3
23,3,-27,3
23,3,-26,2
23,3,-25,3
23,3,-24,2
23,3,-23,1
23,3,-22,1
23,3,-19,3
23,3,-18,3
23,3,-17,10
23,3,-16,12
23,3,-15,1
23,3,-14,5
23,3,-13,8
23,3,-8,2
23,3,-7,1
23,3,-6,8
23,3,-5,20
23,3,-4,15
23,3,-3,20
23,3,-2,19
23,3,-1,14
23,3,0,3
23,3,6,1
23,3,14,1
23,3,15,2
23,3,16,3
23,3,17,5
23,3,18,3
23,4,-29,1
23,4,-27,5
23,4,-26,2
23,4,-25,3
23,4,-24,9
23,4,-23,1
23,4,-21,1
23,4,-19,1
23,4,-17,1
23,4,-8,1
23,4,-5,17
23,4,-4,13
23,4,-3,19
23,4,-2,29
23,4,-1,14
23,4,6,6
23,4,9,10
23,4,10,6
23,4,14,1
23,4,15,5
23,4,16,1
23,4,18,1
23,4,19,2
23,5,-31,3
23,5,-29,1
23,5,-28,2
23,5,-27,2
23,5,-25,4
23,5,-23,1
23,5,-12,1
23,5,-6,14
23,5,-5,11
23,5,-4,11
23,5,-3,12
23,5,-2,6
23,5,0,3
23,5,1,1
23,5,3,1
23,5,5,14
23,5,6,18
23,5,8,14
23,5,9,5
23,5,10,8
23,5,11,4
23,6,-31,1
23,6,-30,1
23,6,-27,3
23,6,-26,2
23,6,-25,2
23,6,-24,2
23,6,-23,1
23,6,-22,2
23,6,-21,1
23,6,-20,2
23,6,-19,9
23,6,-18,5
23,6,-17,3
23,6,-13,4
23,6,-12,7
23,6,-11,3
23,6,-10,7
23,6,-6,1
23,6,-5,6
23,6,-4,19
23,6,-3,15
23,6,-2,3
23,6,3,2
23,6,4,1
23,6,5,19
23,6,6,27
23,6,7,1
23,6,8,19
23,6,9,12
23,7,-41,1
23,7,-32,1
23,7,-31,1
23,7,-29,1
23,7,-27,1
23,7,-26,1
23,7,-25,2
23,7,-24,4
23,7,-22,2
23,7,-21,7
23,7,-20,1
23,7,-19,2
23,7,-18,2
23,7,-17,2
23,7,-15,6
23,7,-14,2
23,7,-11,8
23,7,-10,2
23,7,-9,3
23,7,-6,2
23,7,-5,7
23,7,-4,33
23,7,-3,2
23,7,-2,1
23,7,3,3
23,8,-45,1
23,8,-28,2
23,8,-27,1
23,8,-26,1
23,8,-15,1
23,8,-10,4
23,8,-9,2
23,8,-8,1
23,8,-7,11
23,8,-6,2
23,8,-5,5
23,8,-4,9
23,8,-3,3
23,9,-48,1
23,9,-36,1
23,9,-21,2
23,9,-15,3
23,9,-14,1
23,9,-10,2
23,9,-9,3
23,9,-8,1
23,9,-7,2
23,9,-5,3
23,9,-4,7
23,9,-3,7
23,10,-38,1
23,10,-29,1
23,10,-27,1
23,10,-15,1
23,10,-10,6
23,10,-7,1
23,10,-5,2
23,11,-29,1
23,11,-26,2
23,11,-25,1
23,12,-61,1
23,12,-42,1
23,12,-32,1
23,12,-31,1
23,12,-25,1
23,13,-30,1
23,13,-28,1
23,13,-25,1
23,13,-18,2
23,14,-31,1
23,14,-29,2
23,14,-28,2
23,14,-21,2
23,15,-39,1
23,15,-30,1
23,15,-27,1
23,15,-25,1
23,16,-30,1
23,17,-33,1
23,18,-34,1
23,19,-47,1
23,19,-44,1
23,21,-45,1
23,24,-52,1
24,-71,-114,1
24,-71,-113,1
24,-70,-111,1
24,-67,-107,1
24,-65,-106,1
24,-65,-104,1
24,-64,-105,1
24,-61,-111,1
24,-45,-81,1
24,-39,-20,23
24,-33,35,1
24,-32,24,1
24,-32,48,1
24,-31,46,1
24,-30,22,1
24,-30,25,1
24,-30,52,1
24,-29,-36,1
24,-29,19,1
24,-27,-21,1
24,-27,-16,1
24,-27,-4,1
24,-27,6,1
24,-27,18,1
24,-26,-77,1
24,-26,-10,2
24,-26,13,1
24,-26,21,1
24,-25,6,1
24,-25,15,2
24,-24,-72,1
24,-24,-52,1
24,-24,-41,1
24,-24,7,1
24,-23,-41,1
24,-23,-14,1
24,-23,10,1
24,-22,-54,1
24,-22,4,2
24,-22,5,1
24,-22,12,1
24,-22,13,1
24,-22,32,1
24,-21,-62,1
24,-21,-13,3
24,-21,12,2
24,-21,15,1
24,-20,-61,1
24,-20,-48,1
24,-20,-20,2
24,-20,-19,1
24,-20,-12,1
24,-20,-11,1
24,-20,5,1
24,-20,10,1
24,-20,17,1
24,-20,31,1
24,-19,-43,1
24,-19,-19,1
24,-19,-14,1
24,-19,-7,1
24,-19,5,1
24,-19,9,1
24,-19,11,2
24,-19,12,1
24,-19,18,1
24,-19,22,1
24,-18,-42,1
24,-18,-36,1
24,-18,-12,2
24,-18,-8,1
24,-18,-7,2
24,-18,-6,1
24,-18,3,1
24,-18,4,1
24,-18,6,1
24,-18,9,1
24,-18,15,1
24,-18,16,1
24,-18,19,1
24,-18,24,1
24,-18,34,1
24,-18,35,1
24,-18,62,1
24,-17,-46,1
24,-17,-41,1
24,-17,-39,1
24,-17,-8,1
24,-17,-7,1
24,-17,-6,1
24,-17,-5,1
24,-17,5,2
24,-17,6,2
24,-17,7,3
24,-17,8,2
24,-17,9,4
24,-17,10,1
24,-17,12,1
24,-17,15,1
24,-17,16,2
24,-17,20,2
24,-17,26,1
24,-17,27,1
24,-17,31,1
24,-16,-39,1
24,-16,-37,2
24,-16,-15,1
24,-16,-13,2
24,-16,-12,2
24,-16,-11,2
24,-16,-8,1
24,-16,-6,3
24,-16,-5,5
24,-16,-3,1
24,-16,4,2
24,-16,5,3
24,-16,6,2
24,-16,7,4
24,-16,8,4
24,-16,10,1
24,-16,11,1
24,-16,13,1
24,-16,14,2
24,-16,15,1
24,-16,21,1
24,-16,27,2
24,-15,-64,1
24,-15,-56,2
24,-15,-44,2
24,-15,-39,1
24,-15,-38,1
24,-15,-36,2
24,-15,-12,3
24,-15,-11,1
24,-15,-6,1
24,-15,-5,2
24,-15,-4,5
24,-15,-3,3
24,-15,4,1
24,-15,5,1
24,-15,6,5
24,-15,7,3
24,-15,8,4
24,-15,9,2
24,-15,10,1
24,-15,12,5
24,-15,14,2
24,-15,17,1
24,-15,21,3
24,-15,25,2
24,-15,27,1
24,-14,-33,1
24,-14,-13,1
24,-14,-12,2
24,-14,-9,2
24,-14,-8,1
24,-14,-6,3
24,-14,-5,5
24,-14,-4,4
24,-14,-3,3
24,-14,-2,1
24,-14,2,1
24,-14,3,1
24,-14,5,2
24,-14,6,6
24,-14,7,4
24,-14,8,6
24,-14,9,5
24,-14,10,3
24,-14,11,4
24,-14,12,7
24,-14,13,2
24,-14,14,4
24,-14,15,1
24,-14,16,2
24,-14,19,2
24,-14,21,1
24,-14,26,1
24,-14,27,2
24,-13,-59,1
24,-13,-54,1
24,-13,-50,1
24,-13,-29,1
24,-13,-16,1
24,-13,-15,2
24,-13,-11,2
24,-13,-10,4
24,-13,-9,5
24,-13,-8,2
24,-13,-7,6
24,-13,-6,2
24,-13,-5,6
24,-13,-4,4
24,-13,-3,3
24,-13,-2,3
24,-13,0,1
24,-13,2,4
24,-13,3,5
24,-13,4,2
24,-13,5,2
24,-13,6,1
24,-13,7,10
24,-13,8,8
24,-13,9,5
24,-13,10,10
24,-13,11,8
24,-13,12,8
24,-13,13,4
24,-13,15,5
24,-13,16,1
24,-13,17,1
24,-13,22,1
24,-13,23,1
24,-13,24,1
24,-13,26,1
24,-13,27,1
24,-12,-60,1
24,-12,-48,1
24,-12,-41,1
24,-12,-40,2
24,-12,-37,1
24,-12,-35,1
24,-12,-34,1
24,-12,-31,1
24,-12,-30,1
24,-12,-29,1
24,-12,-28,1
24,-12,-27,1
24,-12,-15,1
24,-12,-11,2
24,-12,-10,4
24,-12,-9,6
24,-12,-8,3
24,-12,-7,6
24,-12,-6,6
24,-12,-5,4
24,-12,-4,4
24,-12,-3,4
24,-12,-2,4
24,-12,-1,2
24,-12,0,1
24,-12,1,3
24,-12,2,4
24,-12,3,5
24,-12,4,1
24,-12,5,4
24,-12,6,2
24,-12,7,6
24,-12,8,14
24,-12,9,19
24,-12,10,12
24,-12,11,9
24,-12,12,6
24,-12,13,7
24,-12,14,9
24,-12,15,6
24,-12,16,10
24,-12,17,4
24,-12,19,4
24,-12,20,6
24,-12,21,1
24,-12,22,1
24,-12,25,1
24,-12,26,1
24,-11,-49,1
24,-11,-43,1
24,-11,-41,1
24,-11,-37,1
24,-11,-32,1
24,-11,-31,1
24,-11,-29,2
24,-11,-28,1
24,-11,-27,1
24,-11,-13,2
24,-11,-12,5
24,-11,-11,11
24,-11,-10,5
24,-11,-9,13
24,-11,-8,6
24,-11,-7,10
24,-11,-6,9
24,-11,-5,17
24,-11,-4,3
24,-11,-3,6
24,-11,-2,5
24,-11,-1,3
24,-11,0,2
24,-11,1,2
24,-11,2,5
24,-11,3,3
24,-11,4,4
24,-11,5,2
24,-11,6,3
24,-11,7,10
24,-11,8,6
24,-11,9,20
24,-11,10,3
24,-11,11,6
24,-11,12,9
24,-11,13,12
24,-11,14,15
24,-11,15,8
24,-11,16,4
24,-11,18,2
24,-11,19,5
24,-11,20,1
24,-11,21,2
24,-11,22,7
24,-11,23,3
24,-11,24,1
24,-11,25,1
24,-10,-34,1
24,-10,-31,1
24,-10,-30,2
24,-10,-29,1
24,-10,-28,1
24,-10,-27,1
24,-10,-26,2
24,-10,-25,1
24,-10,-22,1
24,-10,-20,2
24,-10,-13,6
24,-10,-12,9
24,-10,-11,12
24,-10,-10,12
24,-10,-9,10
24,-10,-8,4
24,-10,-7,25
24,-10,-6,13
24,-10,-5,13
24,-10,-3,2
24,-10,-2,4
24,-10,-1,2
24,-10,0,1
24,-10,2,8
24,-10,3,7
24,-10,4,7
24,-10,5,2
24,-10,6,16
24,-10,7,13
24,-10,8,29
24,-10,9,17
24,-10,10,11
24,-10,11,13
24,-10,12,4
24,-10,13,8
24,-10,14,7
24,-10,15,6
24,-10,16,2
24,-10,17,3
24,-10,18,3
24,-10,19,1
24,-10,20,3
24,-10,22,2
24,-10,23,1
24,-10,25,1
24,-10,37,1
24,-10,39,1
24,-9,-49,1
24,-9,-43,1
24,-9,-42,1
24,-9,-37,3
24,-9,-33,3
24,-9,-31,1
24,-9,-29,1
24,-9,-28,1
24,-9,-27,3
24,-9,-26,1
24,-9,-25,1
24,-9,-24,2
24,-9,-23,8
24,-9,-22,6
24,-9,-21,5
24,-9,-20,5
24,-9,-19,5
24,-9,-18,4
24,-9,-14,2
24,-9,-13,9
24,-9,-12,9
24,-9,-11,15
24,-9,-10,22
24,-9,-9,15
24,-9,-8,13
24,-9,-7,5
24,-9,-6,16
24,-9,-5,13
24,-9,-4,7
24,-9,-3,3
24,-9,-2,23
24,-9,-1,5
24,-9,1,2
24,-9,2,8
24,-9,3,4
24,-9,4,6
24,-9,5,11
24,-9,6,13
24,-9,7,25
24,-9,8,30
24,-9,9,12
24,-9,10,9
24,-9,11,7
24,-9,12,15
24,-9,13,9
24,-9,14,17
24,-9,15,5
24,-9,16,3
24,-9,18,2
24,-9,19,4
24,-9,20,6
24,-9,21,1
24,-9,29,1
24,-9,30,1
24,-9,33,1
24,-9,34,2
24,-8,-47,1
24,-8,-43,1
24,-8,-40,1
24,-8,-36,1
24,-8,-31,3
24,-8,-28,2
24,-8,-27,1
24,-8,-26,7
24,-8,-25,1
24,-8,-24,2
24,-8,-23,5
24,-8,-22,4
24,-8,-21,7
24,-8,-20,8
24,-8,-19,7
24,-8,-18,4
24,-8,-17,3
24,-8,-16,2
24,-8,-15,4
24,-8,-11,3
24,-8,-10,9
24,-8,-9,18
24,-8,-8,22
24,-8,-7,26
24,-8,-6,33
24,-8,-5,16
24,-8,-4,24
24,-8,-3,19
24,-8,-2,5
24,-8,-1,4
24,-8,1,3
24,-8,2,9
24,-8,3,9
24,-8,4,9
24,-8,5,18
24,-8,6,35
24,-8,7,35
24,-8,8,25
24,-8,9,9
24,-8,10,10
24,-8,11,14
24,-8,12,10
24,-8,13,17
24,-8,14,15
24,-8,15,6
24,-8,16,1
24,-8,18,3
24,-8,19,1
24,-8,20,4
24,-8,21,1
24,-8,23,3
24,-8,28,1
24,-8,30,1
24,-8,31,2
24,-8,34,1
24,-8,40,1
24,-7,-41,1
24,-7,-40,1
24,-7,-37,1
24,-7,-32,1
24,-7,-29,1
24,-7,-28,1
24,-7,-27,2
24,-7,-26,2
24,-7,-25,2
24,-7,-24,4
24,-7,-23,6
24,-7,-22,6
24,-7,-21,6
24,-7,-20,10
24,-7,-19,4
24,-7,-18,3
24,-7,-17,2
24,-7,-15,9
24,-7,-14,10
24,-7,-13,4
24,-7,-11,12
24,-7,-10,19
24,-7,-9,19
24,-7,-8,21
24,-7,-7,33
24,-7,-6,49
24,-7,-5,37
24,-7,-4,28
24,-7,-3,31
24,-7,-2,20
24,-7,-1,1
24,-7,1,1
24,-7,2,13
24,-7,3,26
24,-7,4,31
24,-7,5,20
24,-7,6,19
24,-7,7,30
24,-7,8,12
24,-7,9,8
24,-7,10,8
24,-7,11,9
24,-7,12,14
24,-7,13,14
24,-7,14,7
24,-7,16,1
24,-7,17,3
24,-7,19,2
24,-7,20,4
24,-7,21,3
24,-7,26,1
24,-7,27,1
24,-7,28,1
24,-7,29,2
24,-6,-49,1
24,-6,-45,1
24,-6,-30,2
24,-6,-29,1
24,-6,-28,1
24,-6,-26,2
24,-6,-25,6
24,-6,-24,2
24,-6,-23,4
24,-6,-22,5
24,-6,-21,8
24,-6,-20,10
24,-6,-19,6
24,-6,-18,9
24,-6,-17,3
24,-6,-16,9
24,-6,-15,5
24,-6,-14,5
24,-6,-13,3
24,-6,-12,6
24,-6,-11,8
24,-6,-10,16
24,-6,-9,17
24,-6,-8,26
24,-6,-7,34
24,-6,-6,35
24,-6,-5,47
24,-6,-4,20
24,-6,-3,34
24,-6,-2,32
24,-6,-1,2
24,-6,1,8
24,-6,2,31
24,-6,3,25
24,-6,4,19
24,-6,5,19
24,-6,6,34
24,-6,7,20
24,-6,8,25
24,-6,9,10
24,-6,10,3
24,-6,11,11
24,-6,12,20
24,-6,13,27
24,-6,14,8
24,-6,15,14
24,-6,16,7
24,-6,17,6
24,-6,18,4
24,-6,19,2
24,-6,20,3
24,-6,23,3
24,-6,24,3
24,-6,25,2
24,-6,27,2
24,-6,28,1
24,-6,29,1
24,-6,35,1
24,-6,37,1
24,-5,-44,1
24,-5,-27,1
24,-5,-26,2
24,-5,-25,5
24,-5,-24,5
24,-5,-23,8
24,-5,-22,9
24,-5,-21,10
24,-5,-20,11
24,-5,-19,9
24,-5,-18,16
24,-5,-17,7
24,-5,-16,5
24,-5,-15,2
24,-5,-12,7
24,-5,-11,22
24,-5,-10,11
24,-5,-9,22
24,-5,-8,43
24,-5,-7,42
24,-5,-6,62
24,-5,-5,74
24,-5,-4,22
24,-5,-3,30
24,-5,-2,31
24,-5,-1,8
24,-5,0,4
24,-5,1,5
24,-5,2,14
24,-5,3,19
24,-5,4,15
24,-5,5,57
24,-5,6,34
24,-5,7,35
24,-5,8,22
24,-5,9,13
24,-5,10,18
24,-5,11,6
24,-5,12,4
24,-5,13,7
24,-5,15,1
24,-5,16,2
24,-5,17,3
24,-5,18,3
24,-5,21,1
24,-5,25,1
24,-5,26,1
24,-5,27,1
24,-5,29,4
24,-4,-34,2
24,-4,-26,4
24,-4,-25,3
24,-4,-24,4
24,-4,-23,6
24,-4,-22,6
24,-4,-21,12
24,-4,-20,4
24,-4,-19,7
24,-4,-18,7
24,-4,-17,10
24,-4,-16,15
24,-4,-15,12
24,-4,-14,10
24,-4,-13,2
24,-4,-12,2
24,-4,-11,8
24,-4,-10,7
24,-4,-9,20
24,-4,-8,29
24,-4,-7,32
24,-4,-6,43
24,-4,-5,51
24,-4,-4,20
24,-4,-3,23
24,-4,-2,44
24,-4,-1,11
24,-4,0,17
24,-4,1,2
24,-4,2,4
24,-4,3,12
24,-4,4,18
24,-4,5,58
24,-4,6,15
24,-4,7,33
24,-4,8,8
24,-4,9,16
24,-4,10,14
24,-4,11,12
24,-4,12,12
24,-4,13,7
24,-4,14,3
24,-4,15,2
24,-4,16,4
24,-4,17,4
24,-3,-32,1
24,-3,-31,1
24,-3,-30,1
24,-3,-26,1
24,-3,-25,4
24,-3,-24,5
24,-3,-23,6
24,-3,-22,6
24,-3,-21,6
24,-3,-20,9
24,-3,-19,4
24,-3,-18,10
24,-3,-17,13
24,-3,-16,9
24,-3,-15,20
24,-3,-14,17
24,-3,-13,9
24,-3,-12,1
24,-3,-11,2
24,-3,-10,27
24,-3,-9,25
24,-3,-8,52
24,-3,-7,47
24,-3,-6,24
24,-3,-5,38
24,-3,-4,63
24,-3,-3,43
24,-3,-2,23
24,-3,-1,3
24,-3,0,1
24,-3,2,19
24,-3,3,17
24,-3,4,17
24,-3,5,31
24,-3,6,38
24,-3,7,31
24,-3,8,45
24,-3,9,39
24,-3,10,26
24,-3,11,19
24,-3,12,13
24,-3,13,11
24,-3,14,11
24,-3,15,3
24,-3,16,6
24,-3,17,5
24,-3,18,2
24,-2,-26,1
24,-2,-25,2
24,-2,-24,3
24,-2,-23,8
24,-2,-22,6
24,-2,-21,8
24,-2,-20,7
24,-2,-19,7
24,-2,-18,7
24,-2,-17,6
24,-2,-16,7
24,-2,-15,7
24,-2,-14,18
24,-2,-13,19
24,-2,-12,12
24,-2,-11,12
24,-2,-10,9
24,-2,-9,22
24,-2,-8,33
24,-2,-7,36
24,-2,-6,71
24,-2,-5,28
24,-2,-4,23
24,-2,-3,31
24,-2,-2,35
24,-2,-1,18
24,-2,0,1
24,-2,1,9
24,-2,2,16
24,-2,3,18
24,-2,4,68
24,-2,5,59
24,-2,6,29
24,-2,7,58
24,-2,8,62
24,-2,9,41
24,-2,10,35
24,-2,11,27
24,-2,12,28
24,-2,13,31
24,-2,14,10
24,-2,15,5
24,-2,16,1
24,-2,17,1
24,-2,18,1
24,-1,-24,2
24,-1,-23,5
24,-1,-22,6
24,-1,-21,5
24,-1,-20,4
24,-1,-19,8
24,-1,-18,9
24,-1,-17,5
24,-1,-16,11
24,-1,-15,15
24,-1,-14,30
24,-1,-13,18
24,-1,-12,19
24,-1,-11,24
24,-1,-10,11
24,-1,-9,15
24,-1,-8,10
24,-1,-7,24
24,-1,-6,25
24,-1,-5,38
24,-1,-4,59
24,-1,-2,22
24,-1,-1,4
24,-1,0,2
24,-1,2,1
24,-1,3,4
24,-1,4,45
24,-1,5,8
24,-1,6,5
24,-1,7,6
24,-1,8,25
24,-1,9,27
24,-1,10,19
24,-1,11,7
24,-1,12,10
24,-1,13,5
24,-1,14,6
24,-1,15,7
24,-1,16,5
24,-1,17,4
24,-1,18,4
24,0,-25,1
24,0,-24,3
24,0,-23,1
24,0,-22,6
24,0,-21,8
24,0,-20,13
24,0,-19,10
24,0,-18,8
24,0,-17,7
24,0,-16,6
24,0,-15,19
24,0,-14,28
24,0,-13,17
24,0,-12,16
24,0,-11,17
24,0,-10,2
24,0,-8,4
24,0,-7,7
24,0,-6,32
24,0,-5,35
24,0,-4,56
24,0,-3,5
24,0,-2,4
24,0,-1,4
24,0,0,1
24,0,2,18
24,0,3,8
24,0,4,69
24,0,5,40
24,0,6,34
24,0,7,12
24,0,8,2
24,0,10,1
24,0,11,12
24,0,12,1
24,0,20,1
24,0,21,1
24,0,22,1
24,1,-23,1
24,1,-22,1
24,1,-21,2
24,1,-20,4
24,1,-19,5
24,1,-18,7
24,1,-17,10
24,1,-16,7
24,1,-15,15
24,1,-14,14
24,1,-13,8
24,1,-12,9
24,1,-11,4
24,1,-9,2
24,1,-8,22
24,1,-7,53
24,1,-6,37
24,1,-5,30
24,1,-4,94
24,1,-3,5
24,1,-2,1
24,1,-1,2
24,1,2,16
24,1,3,6
24,1,4,8
24,1,5,16
24,1,6,11
24,1,8,4
24,1,9,15
24,1,10,7
24,1,12,9
24,1,13,8
24,1,14,2
24,1,16,2
24,1,17,3
24,1,18,1
24,1,19,1
24,2,-27,3
24,2,-25,5
24,2,-23,3
24,2,-22,1
24,2,-21,3
24,2,-20,4
24,2,-19,2
24,2,-18,3
24,2,-17,5
24,2,-16,5
24,2,-15,9
24,2,-14,15
24,2,-13,4
24,2,-12,18
24,2,-11,4
24,2,-9,2
24,2,-8,3
24,2,-7,12
24,2,-6,10
24,2,-5,3
24,2,-4,12
24,2,-3,6
24,2,-2,31
24,2,-1,23
24,2,0,1
24,2,2,1
24,2,4,2
24,2,5,2
24,2,7,2
24,2,8,5
24,2,9,18
24,2,10,15
24,2,11,7
24,2,12,4
24,2,13,1
24,2,14,5
24,2,15,1
24,3,-33,1
24,3,-32,1
24,3,-31,2
24,3,-28,1
24,3,-27,1
24,3,-26,1
24,3,-25,4
24,3,-24,5
24,3,-23,9
24,3,-22,7
24,3,-21,4
24,3,-20,1
24,3,-18,1
24,3,-17,4
24,3,-16,9
24,3,-15,9
24,3,-14,3
24,3,-13,1
24,3,-12,5
24,3,-8,1
24,3,-7,2
24,3,-6,8
24,3,-5,12
24,3,-4,18
24,3,-3,37
24,3,-2,37
24,3,-1,23
24,3,2,2
24,3,5,13
24,3,6,5
24,3,8,1
24,3,13,9
24,3,14,2
24,3,15,4
24,3,16,9
24,3,17,2
24,4,-28,1
24,4,-27,2
24,4,-26,1
24,4,-25,5
24,4,-24,6
24,4,-23,3
24,4,-22,8
24,4,-21,1
24,4,-19,1
24,4,-6,1
24,4,-5,20
24,4,-4,41
24,4,-3,37
24,4,-2,32
24,4,-1,13
24,4,0,6
24,4,3,2
24,4,4,1
24,4,5,10
24,4,7,3
24,4,8,6
24,4,9,10
24,4,10,3
24,4,14,3
24,4,15,1
24,5,-46,1
24,5,-27,1
24,5,-24,3
24,5,-23,1
24,5,-22,3
24,5,-21,1
24,5,-19,1
24,5,-18,2
24,5,-17,4
24,5,-16,5
24,5,-15,3
24,5,-12,2
24,5,-11,6
24,5,-9,6
24,5,-6,3
24,5,-5,5
24,5,-4,8
24,5,-3,22
24,5,-2,6
24,5,-1,1
24,5,2,2
24,5,3,1
24,5,4,9
24,5,5,80
24,5,6,12
24,5,7,26
24,5,8,17
24,5,9,1
24,6,-29,4
24,6,-28,1
24,6,-25,1
24,6,-24,4
24,6,-23,4
24,6,-22,4
24,6,-21,7
24,6,-20,5
24,6,-19,2
24,6,-18,7
24,6,-17,3
24,6,-16,3
24,6,-15,11
24,6,-13,1
24,6,-10,3
24,6,-9,3
24,6,-8,5
24,6,-6,1
24,6,-5,5
24,6,-4,42
24,6,-3,29
24,6,-2,11
24,6,-1,2
24,6,2,6
24,6,3,6
24,6,5,1
24,6,7,1
24,7,-41,1
24,7,-25,1
24,7,-24,4
24,7,-23,3
24,7,-18,1
24,7,-14,3
24,7,-9,9
24,7,-8,3
24,7,-7,3
24,7,-6,8
24,7,-5,7
24,7,-4,31
24,7,-3,11
24,7,-2,1
24,8,-34,1
24,8,-25,1
24,8,-24,1
24,8,-19,5
24,8,-18,1
24,8,-14,2
24,8,-13,3
24,8,-12,2
24,8,-9,2
24,8,-8,2
24,8,-7,1
24,8,-6,2
24,8,-5,1
24,8,-4,17
24,8,-3,7
24,9,-41,1
24,9,-34,1
24,9,-33,1
24,9,-25,1
24,9,-22,3
24,9,-21,1
24,9,-14,1
24,9,-9,6
24,9,-7,1
24,9,-4,1
24,10,-39,1
24,10,-35,1
24,10,-30,1
24,10,-29,1
24,10,-28,1
24,10,-25,3
24,10,-23,1
24,10,-22,2
24,10,-18,1
24,10,-8,1
24,11,-58,2
24,11,-36,1
24,11,-34,1
24,11,-32,2
24,11,-31,1
24,11,-29,1
24,11,-27,2
24,11,-26,1
24,11,-25,3
24,11,-22,1
24,11,-20,1
24,11,-19,1
24,12,-49,1
24,12,-39,1
24,12,-38,1
24,12,-31,1
24,12,-26,1
24,12,-21,3
24,12,-20,1
24,12,-19,1
24,12,-17,5
24,13,-47,1
24,13,-34,1
24,13,-27,1
24,13,-25,1
24,13,-24,2
24,13,-23,1
24,13,-22,2
24,13,-19,2
24,13,-18,1
24,13,-17,1
24,14,-47,1
24,14,-32,1
24,14,-29,1
24,14,-24,1
24,15,-56,1
24,15,-35,1
24,15,-29,2
24,15,-24,1
24,16,-42,1
24,16,-30,1
24,17,-48,1
24,18,-77,1
24,18,-33,1
24,19,-42,1
24,20,-48,1
24,20,-42,1
24,20,-39,1
24,21,-42,1
24,24,-53,1
25,-80,-134,1
25,-76,-124,1
25,-68,-120,1
25,-67,-110,1
25,-67,-108,1
25,-62,-98,1
25,-61,-97,1
25,-59,-95,1
25,-59,-94,1
25,-57,-92,1
25,-56,-89,1
25,-51,-84,1
25,-37,48,1
25,-33,42,1
25,-32,-108,1
25,-32,-30,1
25,-32,-12,1
25,-30,-57,1
25,-30,29,1
25,-29,-7,1
25,-27,-58,1
25,-27,20,1
25,-26,19,1
25,-26,31,1
25,-25,-60,1
25,-25,-20,1
25,-25,13,1
25,-25,18,1
25,-25,21,1
25,-24,-19,1
25,-24,-9,1
25,-24,-2,1
25,-24,18,1
25,-23,-63,1
25,-23,-37,1
25,-23,-18,1
25,-23,6,1
25,-23,12,1
25,-23,28,1
25,-22,-9,1
25,-22,-7,1
25,-22,-5,1
25,-22,-4,1
25,-22,-1,1
25,-22,5,1
25,-22,7,1
25,-22,9,1
25,-22,25,1
25,-22,26,1
25,-22,31,1
25,-22,33,1
25,-22,38,1
25,-21,-69,1
25,-21,-66,1
25,-21,-57,1
25,-21,-17,1
25,-21,-7,2
25,-21,-6,1
25,-21,6,3
25,-21,8,1
25,-21,13,1
25,-21,17,1
25,-21,20,1
25,-21,22,1
25,-21,23,1
25,-21,30,2
25,-21,35,1
25,-20,-38,1
25,-20,-20,1
25,-20,-11,1
25,-20,-9,1
25,-20,-6,1
25,-20,4,1
25,-20,6,1
25,-20,7,1
25,-20,8,1
25,-20,9,1
25,-20,10,3
25,-20,11,1
25,-20,12,1
25,-20,14,3
25,-20,18,1
25,-20,19,1
25,-20,20,1
25,-20,22,1
25,-20,28,1
25,-19,-34,1
25,-19,-20,1
25,-19,-18,1
25,-19,-17,1
25,-19,-8,1
25,-19,-6,1
25,-19,3,1
25,-19,5,1
25,-19,6,2
25,-19,7,1
25,-19,9,2
25,-19,10,1
25,-19,13,2
25,-19,18,1
25,-19,20,1
25,-19,21,1
25,-19,27,1
25,-19,28,1
25,-18,-39,1
25,-18,-32,1
25,-18,-12,1
25,-18,-10,2
25,-18,-9,2
25,-18,-8,3
25,-18,-6,1
25,-18,0,1
25,-18,1,1
25,-18,4,1
25,-18,5,1
25,-18,6,1
25,-18,7,1
25,-18,9,8
25,-18,10,1
25,-18,12,1
25,-18,15,2
25,-18,16,1
25,-18,18,2
25,-17,-35,1
25,-17,-16,1
25,-17,-15,1
25,-17,-9,2
25,-17,-8,3
25,-17,-7,1
25,-17,-5,1
25,-17,0,1
25,-17,1,1
25,-17,3,2
25,-17,4,1
25,-17,5,1
25,-17,8,1
25,-17,9,1
25,-17,11,2
25,-17,12,1
25,-17,14,2
25,-17,16,1
25,-17,17,1
25,-17,22,1
25,-17,24,1
25,-17,81,1
25,-16,-52,1
25,-16,-47,1
25,-16,-45,1
25,-16,-40,1
25,-16,-38,1
25,-16,-37,1
25,-16,-33,1
25,-16,-32,1
25,-16,-16,1
25,-16,-15,1
25,-16,-14,1
25,-16,-11,1
25,-16,-10,1
25,-16,-9,2
25,-16,-7,3
25,-16,-5,3
25,-16,-4,1
25,-16,-1,1
25,-16,1,2
25,-16,5,2
25,-16,6,2
25,-16,8,2
25,-16,9,2
25,-16,14,5
25,-16,16,3
25,-16,19,1
25,-15,-29,1
25,-15,-14,1
25,-15,-13,2
25,-15,-12,2
25,-15,-10,1
25,-15,-8,2
25,-15,-7,1
25,-15,-6,1
25,-15,-5,4
25,-15,-4,4
25,-15,-3,2
25,-15,0,2
25,-15,3,1
25,-15,4,2
25,-15,5,6
25,-15,6,14
25,-15,7,3
25,-15,8,4
25,-15,11,2
25,-15,14,1
25,-15,15,3
25,-15,16,3
25,-15,17,2
25,-15,18,2
25,-15,19,2
25,-15,20,2
25,-15,22,1
25,-15,24,1
25,-15,26,1
25,-14,-32,1
25,-14,-31,1
25,-14,-30,1
25,-14,-13,3
25,-14,-11,2
25,-14,-9,1
25,-14,-6,5
25,-14,-5,5
25,-14,-4,5
25,-14,-3,5
25,-14,-1,1
25,-14,3,3
25,-14,4,2
25,-14,5,3
25,-14,6,4
25,-14,7,7
25,-14,8,2
25,-14,9,2
25,-14,10,3
25,-14,11,3
25,-14,13,3
25,-14,14,2
25,-14,15,1
25,-14,16,3
25,-14,17,2
25,-14,18,2
25,-14,19,1
25,-14,20,1
25,-14,21,1
25,-14,22,1
25,-14,24,2
25,-14,27,2
25,-13,-50,1
25,-13,-48,1
25,-13,-40,2
25,-13,-39,2
25,-13,-33,1
25,-13,-11,3
25,-13,-10,4
25,-13,-9,2
25,-13,-8,1
25,-13,-6,2
25,-13,-5,5
25,-13,-4,11
25,-13,-3,7
25,-13,-2,9
25,-13,1,1
25,-13,2,3
25,-13,3,1
25,-13,4,3
25,-13,5,8
25,-13,6,4
25,-13,7,8
25,-13,8,9
25,-13,9,12
25,-13,10,10
25,-13,11,7
25,-13,12,4
25,-13,13,5
25,-13,14,3
25,-13,15,5
25,-13,16,5
25,-13,17,6
25,-13,18,2
25,-13,19,1
25,-13,24,1
25,-13,25,1
25,-13,26,1
25,-13,52,1
25,-13,54,1
25,-12,-41,1
25,-12,-40,1
25,-12,-37,1
25,-12,-36,2
25,-12,-30,1
25,-12,-28,1
25,-12,-26,1
25,-12,-14,1
25,-12,-13,1
25,-12,-11,1
25,-12,-10,4
25,-12,-9,2
25,-12,-8,6
25,-12,-7,1
25,-12,-6,5
25,-12,-5,8
25,-12,-4,7
25,-12,-3,3
25,-12,-2,2
25,-12,1,8
25,-12,2,8
25,-12,3,6
25,-12,4,3
25,-12,5,10
25,-12,6,17
25,-12,7,12
25,-12,8,9
25,-12,9,21
25,-12,10,13
25,-12,11,9
25,-12,12,7
25,-12,13,3
25,-12,14,3
25,-12,15,5
25,-12,16,2
25,-12,17,2
25,-12,19,1
25,-12,21,1
25,-12,22,1
25,-12,23,2
25,-12,24,5
25,-12,59,1
25,-12,61,1
25,-11,-38,2
25,-11,-37,2
25,-11,-36,1
25,-11,-32,270
25,-11,-30,1
25,-11,-27,1
25,-11,-26,2
25,-11,-25,4
25,-11,-24,3
25,-11,-23,1
25,-11,-13,4
25,-11,-12,3
25,-11,-10,3
25,-11,-9,6
25,-11,-8,5
25,-11,-7,16
25,-11,-6,3
25,-11,-5,10
25,-11,-4,13
25,-11,-3,4
25,-11,-2,7
25,-11,-1,2
25,-11,0,1
25,-11,1,7
25,-11,2,3
25,-11,3,9
25,-11,4,11
25,-11,5,8
25,-11,6,11
25,-11,7,14
25,-11,8,27
25,-11,9,19
25,-11,10,12
25,-11,11,9
25,-11,12,17
25,-11,13,11
25,-11,14,11
25,-11,15,1
25,-11,17,1
25,-11,18,5
25,-11,19,3
25,-11,20,3
25,-11,21,1
25,-11,22,1
25,-11,45,1
25,-11,58,1
25,-10,-55,1
25,-10,-41,1
25,-10,-37,1
25,-10,-34,1
25,-10,-33,1
25,-10,-31,1
25,-10,-30,1
25,-10,-29,3
25,-10,-28,1
25,-10,-27,4
25,-10,-26,2
25,-10,-24,1
25,-10,-23,2
25,-10,-22,1
25,-10,-12,3
25,-10,-11,6
25,-10,-10,10
25,-10,-9,9
25,-10,-8,11
25,-10,-7,6
25,-10,-6,23
25,-10,-5,12
25,-10,-4,16
25,-10,-3,11
25,-10,-2,13
25,-10,-1,14
25,-10,0,6
25,-10,1,8
25,-10,2,13
25,-10,3,14
25,-10,4,11
25,-10,5,3
25,-10,6,22
25,-10,7,15
25,-10,8,37
25,-10,9,29
25,-10,10,22
25,-10,11,28
25,-10,12,21
25,-10,13,24
25,-10,14,8
25,-10,15,2
25,-10,16,1
25,-10,17,6
25,-10,18,2
25,-10,19,2
25,-10,20,2
25,-10,21,4
25,-10,22,1
25,-9,-46,1
25,-9,-35,1
25,-9,-34,3
25,-9,-32,1
25,-9,-31,1
25,-9,-29,1
25,-9,-28,3
25,-9,-27,3
25,-9,-26,3
25,-9,-25,6
25,-9,-24,3
25,-9,-23,4
25,-9,-22,3
25,-9,-21,6
25,-9,-19,2
25,-9,-18,2
25,-9,-11,14
25,-9,-10,23
25,-9,-9,27
25,-9,-8,23
25,-9,-7,19
25,-9,-6,29
25,-9,-5,17
25,-9,-4,11
25,-9,-3,3
25,-9,-2,17
25,-9,-1,12
25,-9,0,3
25,-9,1,13
25,-9,2,12
25,-9,3,10
25,-9,4,8
25,-9,5,25
25,-9,6,18
25,-9,7,44
25,-9,8,27
25,-9,9,17
25,-9,10,15
25,-9,11,7
25,-9,12,9
25,-9,13,13
25,-9,14,1
25,-9,15,6
25,-9,16,2
25,-9,17,8
25,-9,18,8
25,-9,19,2
25,-9,31,1
25,-8,-45,1
25,-8,-36,2
25,-8,-34,1
25,-8,-33,2
25,-8,-32,1
25,-8,-29,2
25,-8,-28,3
25,-8,-27,1
25,-8,-26,3
25,-8,-25,3
25,-8,-24,3
25,-8,-23,2
25,-8,-22,5
25,-8,-21,3
25,-8,-20,7
25,-8,-19,6
25,-8,-18,6
25,-8,-17,9
25,-8,-16,4
25,-8,-15,2
25,-8,-12,7
25,-8,-11,15
25,-8,-10,19
25,-8,-9,23
25,-8,-8,29
25,-8,-7,12
25,-8,-6,25
25,-8,-5,33
25,-8,-4,12
25,-8,-3,15
25,-8,-2,25
25,-8,-1,13
25,-8,0,2
25,-8,1,18
25,-8,2,13
25,-8,3,18
25,-8,4,16
25,-8,5,25
25,-8,6,25
25,-8,7,51
25,-8,8,13
25,-8,9,17
25,-8,10,19
25,-8,11,23
25,-8,12,25
25,-8,13,8
25,-8,14,3
25,-8,16,4
25,-8,17,3
25,-8,18,2
25,-8,20,1
25,-8,22,1
25,-8,23,1
25,-8,25,1
25,-8,26,1
25,-8,32,1
25,-7,-48,1
25,-7,-41,1
25,-7,-39,1
25,-7,-38,2
25,-7,-37,1
25,-7,-36,1
25,-7,-33,2
25,-7,-31,2
25,-7,-30,3
25,-7,-29,1
25,-7,-26,2
25,-7,-25,2
25,-7,-24,5
25,-7,-23,6
25,-7,-22,6
25,-7,-21,7
25,-7,-20,7
25,-7,-19,9
25,-7,-18,12
25,-7,-17,11
25,-7,-16,11
25,-7,-15,2
25,-7,-14,4
25,-7,-13,5
25,-7,-11,1
25,-7,-10,4
25,-7,-9,16
25,-7,-8,27
25,-7,-7,27
25,-7,-6,55
25,-7,-5,71
25,-7,-4,14
25,-7,-3,37
25,-7,-2,17
25,-7,-1,5
25,-7,0,4
25,-7,1,21
25,-7,2,21
25,-7,3,17
25,-7,4,30
25,-7,5,53
25,-7,6,55
25,-7,7,39
25,-7,8,15
25,-7,9,9
25,-7,10,9
25,-7,11,18
25,-7,12,27
25,-7,13,7
25,-7,14,1
25,-7,15,1
25,-7,16,8
25,-7,17,10
25,-7,18,1
25,-7,20,1
25,-7,21,1
25,-7,24,1
25,-7,25,2
25,-7,28,3
25,-7,31,1
25,-6,-29,2
25,-6,-27,2
25,-6,-26,4
25,-6,-24,5
25,-6,-23,3
25,-6,-22,6
25,-6,-21,7
25,-6,-20,6
25,-6,-19,10
25,-6,-18,15
25,-6,-17,9
25,-6,-16,11
25,-6,-15,4
25,-6,-14,3
25,-6,-13,10
25,-6,-12,11
25,-6,-11,5
25,-6,-10,11
25,-6,-9,24
25,-6,-8,32
25,-6,-7,37
25,-6,-6,57
25,-6,-5,64
25,-6,-4,21
25,-6,-3,35
25,-6,-2,35
25,-6,-1,18
25,-6,1,16
25,-6,2,33
25,-6,3,34
25,-6,4,24
25,-6,5,24
25,-6,6,32
25,-6,7,17
25,-6,8,19
25,-6,9,28
25,-6,10,7
25,-6,11,18
25,-6,12,6
25,-6,13,5
25,-6,14,14
25,-6,15,8
25,-6,16,2
25,-6,17,3
25,-6,18,5
25,-6,20,1
25,-6,21,4
25,-6,22,3
25,-6,26,1
25,-5,-38,1
25,-5,-36,1
25,-5,-34,2
25,-5,-25,1
25,-5,-24,1
25,-5,-23,2
25,-5,-22,5
25,-5,-21,7
25,-5,-20,14
25,-5,-19,15
25,-5,-18,10
25,-5,-17,10
25,-5,-16,12
25,-5,-15,7
25,-5,-14,13
25,-5,-13,2
25,-5,-11,7
25,-5,-10,21
25,-5,-9,12
25,-5,-8,37
25,-5,-7,48
25,-5,-6,79
25,-5,-5,77
25,-5,-4,46
25,-5,-3,34
25,-5,-2,34
25,-5,-1,7
25,-5,0,5
25,-5,1,26
25,-5,2,27
25,-5,3,39
25,-5,4,44
25,-5,5,55
25,-5,6,31
25,-5,7,29
25,-5,8,15
25,-5,9,12
25,-5,10,18
25,-5,11,16
25,-5,12,13
25,-5,13,12
25,-5,14,11
25,-5,15,11
25,-5,16,6
25,-5,17,1
25,-5,19,4
25,-5,20,5
25,-5,21,5
25,-5,23,1
25,-5,24,1
25,-5,25,4
25,-5,26,1
25,-5,27,2
25,-5,29,1
25,-5,31,1
25,-4,-24,3
25,-4,-23,6
25,-4,-22,6
25,-4,-21,8
25,-4,-20,8
25,-4,-19,12
25,-4,-18,10
25,-4,-17,10
25,-4,-16,19
25,-4,-15,15
25,-4,-14,21
25,-4,-13,13
25,-4,-12,5
25,-4,-11,3
25,-4,-10,12
25,-4,-9,15
25,-4,-8,16
25,-4,-7,50
25,-4,-6,46
25,-4,-5,103
25,-4,-4,66
25,-4,-3,26
25,-4,-2,61
25,-4,-1,27
25,-4,0,20
25,-4,1,2
25,-4,2,22
25,-4,3,7
25,-4,4,48
25,-4,5,52
25,-4,6,49
25,-4,7,13
25,-4,8,7
25,-4,9,20
25,-4,10,7
25,-4,11,21
25,-4,12,7
25,-4,14,2
25,-4,18,2
25,-4,19,2
25,-4,23,1
25,-4,24,1
25,-4,25,1
25,-3,-31,1
25,-3,-30,1
25,-3,-29,1
25,-3,-28,1
25,-3,-27,1
25,-3,-26,1
25,-3,-25,1
25,-3,-23,7
25,-3,-22,4
25,-3,-21,8
25,-3,-20,10
25,-3,-19,11
25,-3,-18,9
25,-3,-17,14
25,-3,-16,7
25,-3,-15,19
25,-3,-14,17
25,-3,-13,26
25,-3,-12,16
25,-3,-11,1
25,-3,-10,3
25,-3,-9,31
25,-3,-8,38
25,-3,-7,70
25,-3,-6,74
25,-3,-5,38
25,-3,-4,97
25,-3,-3,67
25,-3,-2,67
25,-3,-1,8
25,-3,0,19
25,-3,1,8
25,-3,2,32
25,-3,3,19
25,-3,4,33
25,-3,5,50
25,-3,6,25
25,-3,7,42
25,-3,8,60
25,-3,9,42
25,-3,10,28
25,-3,11,12
25,-3,12,9
25,-3,13,9
25,-3,14,9
25,-3,15,8
25,-3,16,3
25,-2,-23,2
25,-2,-22,8
25,-2,-21,8
25,-2,-20,12
25,-2,-19,9
25,-2,-18,17
25,-2,-17,16
25,-2,-16,15
25,-2,-15,11
25,-2,-14,18
25,-2,-13,26
25,-2,-12,23
25,-2,-11,15
25,-2,-10,8
25,-2,-9,15
25,-2,-8,15
25,-2,-7,33
25,-2,-6,77
25,-2,-5,52
25,-2,-4,62
25,-2,-3,31
25,-2,-2,59
25,-2,-1,33
25,-2,0,8
25,-2,1,18
25,-2,2,28
25,-2,3,37
25,-2,4,93
25,-2,5,180
25,-2,6,53
25,-2,7,89
25,-2,8,33
25,-2,9,52
25,-2,10,48
25,-2,11,30
25,-2,12,24
25,-2,13,8
25,-2,14,2
25,-2,15,1
25,-2,16,2
25,-2,35,1
25,-1,-22,2
25,-1,-21,5
25,-1,-20,6
25,-1,-19,9
25,-1,-18,6
25,-1,-17,9
25,-1,-16,16
25,-1,-15,19
25,-1,-14,14
25,-1,-13,24
25,-1,-12,34
25,-1,-11,28
25,-1,-10,31
25,-1,-9,25
25,-1,-8,31
25,-1,-7,21
25,-1,-6,39
25,-1,-5,57
25,-1,-4,84
25,-1,-3,30
25,-1,-2,17
25,-1,-1,27
25,-1,0,11
25,-1,1,2
25,-1,2,13
25,-1,3,35
25,-1,4,37
25,-1,5,7
25,-1,6,15
25,-1,7,30
25,-1,8,35
25,-1,9,18
25,-1,10,10
25,-1,11,18
25,-1,12,6
25,-1,13,4
25,-1,14,3
25,-1,15,7
25,0,-22,3
25,0,-21,2
25,0,-20,9
25,0,-19,9
25,0,-18,12
25,0,-17,22
25,0,-16,14
25,0,-15,18
25,0,-14,19
25,0,-13,28
25,0,-12,34
25,0,-11,32
25,0,-10,19
25,0,-9,4
25,0,-7,8
25,0,-6,24
25,0,-5,50
25,0,-4,89
25,0,-3,36
25,0,-2,6
25,0,-1,5
25,0,0,7
25,0,1,3
25,0,2,28
25,0,3,56
25,0,4,68
25,0,5,63
25,0,6,21
25,0,7,17
25,0,8,2
25,0,9,5
25,0,10,5
25,0,11,2
25,0,12,1
25,0,14,2
25,0,15,1
25,0,18,2
25,0,19,1
25,1,-22,1
25,1,-20,3
25,1,-19,7
25,1,-18,12
25,1,-17,6
25,1,-16,8
25,1,-15,15
25,1,-14,15
25,1,-13,28
25,1,-12,9
25,1,-11,17
25,1,-10,5
25,1,-8,4
25,1,-7,45
25,1,-6,75
25,1,-5,47
25,1,-4,116
25,1,-3,21
25,1,-2,16
25,1,-1,5
25,1,2,36
25,1,3,4
25,1,4,19
25,1,5,23
25,1,6,10
25,1,7,10
25,1,8,20
25,1,9,14
25,1,10,2
25,1,11,18
25,1,12,4
25,1,15,2
25,1,16,3
25,2,-25,1
25,2,-24,1
25,2,-23,4
25,2,-22,5
25,2,-21,5
25,2,-20,3
25,2,-19,13
25,2,-18,10
25,2,-17,1
25,2,-16,4
25,2,-15,5
25,2,-14,19
25,2,-13,25
25,2,-12,4
25,2,-11,8
25,2,-10,15
25,2,-8,2
25,2,-6,21
25,2,-5,27
25,2,-4,22
25,2,-3,29
25,2,-2,58
25,2,-1,34
25,2,0,8
25,2,1,1
25,2,2,2
25,2,4,28
25,2,5,1
25,2,6,5
25,2,7,12
25,2,8,17
25,2,9,10
25,2,10,10
25,2,11,7
25,2,12,7
25,2,13,8
25,2,14,7
25,3,-29,1
25,3,-28,1
25,3,-27,1
25,3,-24,1
25,3,-23,8
25,3,-22,6
25,3,-21,8
25,3,-20,13
25,3,-19,15
25,3,-18,3
25,3,-17,1
25,3,-15,1
25,3,-14,4
25,3,-13,3
25,3,-7,1
25,3,-5,10
25,3,-4,29
25,3,-3,29
25,3,-2,36
25,3,-1,30
25,3,0,7
25,3,2,2
25,3,3,1
25,3,4,3
25,3,5,13
25,3,7,12
25,3,8,7
25,3,11,2
25,3,12,7
25,3,13,1
25,3,14,10
25,3,15,5
25,4,-26,1
25,4,-25,2
25,4,-24,3
25,4,-23,4
25,4,-22,4
25,4,-21,7
25,4,-20,6
25,4,-19,4
25,4,-18,1
25,4,-15,4
25,4,-14,4
25,4,-13,3
25,4,-10,4
25,4,-9,2
25,4,-5,16
25,4,-4,11
25,4,-3,38
25,4,-2,30
25,4,-1,7
25,4,0,6
25,4,3,4
25,4,4,65
25,4,5,23
25,4,6,14
25,4,7,20
25,4,8,2
25,4,9,3
25,5,-25,4
25,5,-24,2
25,5,-22,2
25,5,-21,6
25,5,-20,11
25,5,-19,5
25,5,-18,2
25,5,-17,6
25,5,-16,7
25,5,-15,12
25,5,-14,11
25,5,-13,2
25,5,-12,1
25,5,-11,3
25,5,-10,4
25,5,-9,2
25,5,-8,9
25,5,-7,2
25,5,-5,4
25,5,-4,24
25,5,-3,53
25,5,-2,27
25,5,-1,9
25,5,1,1
25,5,2,19
25,5,3,1
25,5,4,20
25,5,5,12
25,5,6,8
25,5,7,7
25,6,-39,1
25,6,-34,1
25,6,-32,1
25,6,-30,1
25,6,-28,2
25,6,-27,1
25,6,-26,1
25,6,-22,5
25,6,-21,6
25,6,-20,3
25,6,-19,5
25,6,-18,1
25,6,-16,1
25,6,-14,1
25,6,-13,1
25,6,-12,6
25,6,-11,1
25,6,-8,6
25,6,-7,4
25,6,-6,7
25,6,-5,6
25,6,-4,24
25,6,-3,41
25,6,-2,7
25,6,-1,1
25,7,-42,1
25,7,-37,1
25,7,-31,1
25,7,-30,4
25,7,-29,1
25,7,-27,1
25,7,-21,3
25,7,-18,1
25,7,-17,2
25,7,-16,1
25,7,-12,1
25,7,-11,7
25,7,-8,5
25,7,-7,5
25,7,-6,4
25,7,-5,3
25,7,-4,7
25,7,-3,22
25,8,-40,1
25,8,-31,1
25,8,-26,2
25,8,-25,1
25,8,-24,1
25,8,-23,3
25,8,-22,6
25,8,-21,3
25,8,-20,5
25,8,-19,1
25,8,-18,1
25,8,-12,1
25,8,-8,5
25,8,-6,2
25,8,-4,2
25,8,-3,1
25,9,-32,1
25,9,-31,1
25,9,-30,1
25,9,-29,1
25,9,-26,1
25,9,-25,1
25,9,-24,2
25,9,-23,3
25,9,-22,2
25,9,-21,4
25,9,-20,4
25,9,-17,1
25,9,-16,1
25,10,-44,1
25,10,-31,1
25,10,-29,1
25,10,-28,1
25,10,-25,2
25,10,-23,3
25,10,-21,2
25,10,-20,3
25,10,-19,3
25,10,-18,3
25,10,-17,7
25,10,-15,1
25,11,-40,1
25,11,-39,1
25,11,-26,1
25,11,-24,3
25,11,-23,3
25,11,-22,1
25,11,-21,2
25,11,-20,3
25,11,-18,2
25,11,-17,1
25,11,-16,3
25,12,-55,1
25,12,-29,1
25,12,-26,1
25,12,-24,2
25,12,-21,2
25,12,-20,1
25,12,-16,1
25,13,-32,1
25,13,-26,2
25,13,-25,1
25,13,-22,1
25,14,-49,1
25,14,-34,1
25,14,-31,1
25,14,-28,1
25,14,-27,2
25,14,-26,1
25,15,-36,1
25,15,-34,1
25,16,-67,1
25,16,-31,1
25,17,-39,1
25,18,-36,1
25,19,-45,1
25,22,-53,1
26,-60,-97,1
26,-52,-83,1
26,-49,-80,1
26,-49,63,1
26,-46,-73,1
26,-32,45,1
26,-30,52,1
26,-30,104,1
26,-29,-7,1
26,-29,6,1
26,-26,-44,1
26,-26,-9,1
26,-26,-5,1
26,-26,20,1
26,-26,21,1
26,-25,-79,1
26,-25,5,1
26,-25,43,1
26,-24,-52,1
26,-24,-33,1
26,-24,-22,1
26,-24,7,1
26,-24,11,1
26,-24,12,1
26,-24,36,1
26,-24,41,1
26,-23,-49,1
26,-23,-37,1
26,-23,-11,1
26,-22,-71,1
26,-22,-30,1
26,-22,-29,1
26,-22,-7,1
26,-22,13,1
26,-22,16,1
26,-21,-16,1
26,-21,-14,1
26,-21,-12,1
26,-21,-8,1
26,-21,-7,1
26,-21,-2,1
26,-21,5,1
26,-21,12,1
26,-21,13,1
26,-21,15,1
26,-21,20,1
26,-21,23,1
26,-21,24,1
26,-20,-28,1
26,-20,-25,1
26,-20,-14,1
26,-20,-11,2
26,-20,-8,3
26,-20,-2,1
26,-20,-1,1
26,-20,0,1
26,-20,2,1
26,-20,6,4
26,-20,10,1
26,-20,12,2
26,-20,13,2
26,-20,32,1
26,-20,33,1
26,-19,-27,1
26,-19,-9,1
26,-19,-8,5
26,-19,-7,2
26,-19,-2,1
26,-19,-1,1
26,-19,3,1
26,-19,4,1
26,-19,5,3
26,-19,7,1
26,-19,12,1
26,-19,19,2
26,-19,21,1
26,-19,22,1
26,-19,27,2
26,-19,33,1
26,-18,-44,1
26,-18,-31,1
26,-18,-19,1
26,-18,-11,1
26,-18,-8,1
26,-18,-7,3
26,-18,-5,1
26,-18,-3,1
26,-18,-2,2
26,-18,-1,1
26,-18,0,1
26,-18,4,2
26,-18,5,1
26,-18,6,2
26,-18,9,1
26,-18,12,1
26,-18,13,1
26,-18,28,1
26,-17,-18,1
26,-17,-17,2
26,-17,-16,1
26,-17,-14,1
26,-17,-10,3
26,-17,-6,2
26,-17,-5,1
26,-17,0,1
26,-17,2,1
26,-17,3,1
26,-17,4,1
26,-17,5,8
26,-17,6,1
26,-17,8,3
26,-17,9,4
26,-17,10,1
26,-17,12,2
26,-17,13,1
26,-17,14,1
26,-17,16,1
26,-17,17,2
26,-17,27,1
26,-17,32,1
26,-17,63,1
26,-16,-61,1
26,-16,-31,1
26,-16,-30,1
26,-16,-27,1
26,-16,-16,3
26,-16,-9,2
26,-16,-8,1
26,-16,-6,1
26,-16,-5,2
26,-16,-4,2
26,-16,-2,2
26,-16,1,1
26,-16,2,1
26,-16,3,2
26,-16,4,1
26,-16,5,3
26,-16,6,2
26,-16,8,5
26,-16,9,2
26,-16,16,2
26,-16,17,2
26,-16,22,1
26,-16,23,1
26,-16,26,2
26,-16,62,1
26,-15,-40,1
26,-15,-38,1
26,-15,-34,1
26,-15,-33,1
26,-15,-32,1
26,-15,-29,1
26,-15,-15,2
26,-15,-14,2
26,-15,-10,1
26,-15,-9,4
26,-15,-8,6
26,-15,-7,2
26,-15,-6,2
26,-15,-5,2
26,-15,0,2
26,-15,1,4
26,-15,2,1
26,-15,3,3
26,-15,4,3
26,-15,7,3
26,-15,8,5
26,-15,9,1
26,-15,10,4
26,-15,11,1
26,-15,12,2
26,-15,13,1
26,-15,14,1
26,-15,15,2
26,-15,16,2
26,-15,17,1
26,-15,20,1
26,-15,22,2
26,-15,30,1
26,-15,31,1
26,-14,-45,1
26,-14,-43,1
26,-14,-40,1
26,-14,-33,1
26,-14,-29,1
26,-14,-14,2
26,-14,-13,3
26,-14,-12,1
26,-14,-11,1
26,-14,-10,1
26,-14,-9,1
26,-14,-8,2
26,-14,-6,3
26,-14,-5,8
26,-14,-4,6
26,-14,-3,3
26,-14,-1,3
26,-14,0,5
26,-14,1,5
26,-14,3,2
26,-14,4,2
26,-14,5,5
26,-14,6,2
26,-14,7,8
26,-14,9,5
26,-14,10,1
26,-14,11,3
26,-14,12,2
26,-14,13,1
26,-14,14,3
26,-14,15,2
26,-14,16,1
26,-14,17,1
26,-14,18,1
26,-14,19,1
26,-14,20,1
26,-14,21,2
26,-14,22,2
26,-14,25,2
26,-14,29,1
26,-13,-46,1
26,-13,-45,1
26,-13,-42,2
26,-13,-39,1
26,-13,-37,1
26,-13,-29,2
26,-13,-26,1
26,-13,-13,1
26,-13,-12,7
26,-13,-11,1
26,-13,-10,2
26,-13,-9,5
26,-13,-7,5
26,-13,-6,1
26,-13,-5,7
26,-13,-4,14
26,-13,-3,2
26,-13,-2,3
26,-13,-1,2
26,-13,0,4
26,-13,1,5
26,-13,2,6
26,-13,3,2
26,-13,4,10
26,-13,5,13
26,-13,6,6
26,-13,7,6
26,-13,8,1
26,-13,9,4
26,-13,10,2
26,-13,11,1
26,-13,12,7
26,-13,14,5
26,-13,15,2
26,-13,16,2
26,-13,17,5
26,-13,18,2
26,-13,19,1
26,-13,20,4
26,-13,22,2
26,-13,23,1
26,-13,24,1
26,-13,44,1
26,-12,-39,1
26,-12,-38,1
26,-12,-36,1
26,-12,-30,1
26,-12,-29,1
26,-12,-28,2
26,-12,-27,2
26,-12,-26,2
26,-12,-12,1
26,-12,-11,5
26,-12,-10,5
26,-12,-9,9
26,-12,-8,1
26,-12,-7,9
26,-12,-6,1
26,-12,-5,13
26,-12,-4,14
26,-12,-3,14
26,-12,-2,10
26,-12,-1,2
26,-12,0,1
26,-12,1,4
26,-12,2,3
26,-12,3,4
26,-12,4,9
26,-12,5,13
26,-12,6,14
26,-12,7,20
26,-12,8,18
26,-12,9,15
26,-12,10,5
26,-12,11,7
26,-12,12,10
26,-12,13,1
26,-12,14,7
26,-12,15,4
26,-12,16,4
26,-12,19,1
26,-12,20,1
26,-12,21,2
26,-12,22,5
26,-12,59,1
26,-11,-43,1
26,-11,-38,2
26,-11,-37,1
26,-11,-33,1
26,-11,-32,2
26,-11,-30,1
26,-11,-28,1
26,-11,-27,1
26,-11,-24,3
26,-11,-23,1
26,-11,-10,2
26,-11,-9,7
26,-11,-8,6
26,-11,-7,5
26,-11,-6,9
26,-11,-5,5
26,-11,-4,23
26,-11,-3,12
26,-11,-2,10
26,-11,-1,1
26,-11,0,4
26,-11,1,9
26,-11,2,14
26,-11,3,8
26,-11,4,20
26,-11,5,12
26,-11,6,26
26,-11,7,28
26,-11,8,26
26,-11,9,23
26,-11,10,12
26,-11,11,5
26,-11,12,9
26,-11,13,12
26,-11,14,11
26,-11,15,5
26,-11,16,4
26,-11,18,1
26,-11,19,1
26,-11,20,4
26,-11,21,3
26,-11,22,1
26,-10,-47,1
26,-10,-41,1
26,-10,-38,1
26,-10,-33,1
26,-10,-31,2
26,-10,-30,3
26,-10,-28,1
26,-10,-27,1
26,-10,-26,4
26,-10,-25,4
26,-10,-24,3
26,-10,-23,2
26,-10,-22,1
26,-10,-21,1
26,-10,-20,1
26,-10,-12,4
26,-10,-11,2
26,-10,-10,1
26,-10,-9,3
26,-10,-8,8
26,-10,-7,18
26,-10,-6,17
26,-10,-5,20
26,-10,-4,22
26,-10,-3,26
26,-10,-2,23
26,-10,-1,1
26,-10,0,6
26,-10,1,18
26,-10,2,17
26,-10,3,20
26,-10,4,14
26,-10,5,26
26,-10,6,33
26,-10,7,36
26,-10,8,50
26,-10,9,27
26,-10,10,18
26,-10,11,15
26,-10,12,6
26,-10,13,5
26,-10,14,1
26,-10,15,3
26,-10,16,6
26,-10,18,4
26,-10,19,1
26,-10,20,3
26,-10,21,4
26,-10,39,1
26,-10,40,1
26,-10,50,1
26,-10,52,1
26,-9,-44,1
26,-9,-41,1
26,-9,-38,1
26,-9,-35,1
26,-9,-34,1
26,-9,-32,2
26,-9,-31,2
26,-9,-30,2
26,-9,-26,5
26,-9,-25,3
26,-9,-24,1
26,-9,-23,4
26,-9,-22,2
26,-9,-21,4
26,-9,-20,5
26,-9,-11,4
26,-9,-10,10
26,-9,-9,1
26,-9,-8,14
26,-9,-7,24
26,-9,-6,31
26,-9,-5,22
26,-9,-4,30
26,-9,-3,17
26,-9,-2,27
26,-9,-1,22
26,-9,0,7
26,-9,1,26
26,-9,2,25
26,-9,3,21
26,-9,4,21
26,-9,5,26
26,-9,6,24
26,-9,7,40
26,-9,8,28
26,-9,9,23
26,-9,10,38
26,-9,11,25
26,-9,12,15
26,-9,13,3
26,-9,14,8
26,-9,15,5
26,-9,16,2
26,-9,17,6
26,-9,18,10
26,-9,19,1
26,-9,20,1
26,-8,-41,2
26,-8,-39,1
26,-8,-32,2
26,-8,-31,3
26,-8,-29,3
26,-8,-28,1
26,-8,-27,3
26,-8,-26,2
26,-8,-25,4
26,-8,-24,5
26,-8,-23,3
26,-8,-22,5
26,-8,-21,6
26,-8,-20,6
26,-8,-19,6
26,-8,-18,6
26,-8,-17,5
26,-8,-16,5
26,-8,-15,2
26,-8,-10,8
26,-8,-9,26
26,-8,-8,32
26,-8,-7,29
26,-8,-6,29
26,-8,-5,36
26,-8,-4,30
26,-8,-3,7
26,-8,-2,35
26,-8,-1,22
26,-8,0,11
26,-8,1,33
26,-8,2,33
26,-8,3,35
26,-8,4,19
26,-8,5,48
26,-8,6,46
26,-8,7,36
26,-8,8,13
26,-8,9,15
26,-8,10,11
26,-8,11,15
26,-8,12,6
26,-8,13,14
26,-8,14,8
26,-8,15,7
26,-8,16,13
26,-8,17,3
26,-8,18,2
26,-8,27,1
26,-8,28,1
26,-8,29,1
26,-7,-39,1
26,-7,-37,1
26,-7,-31,1
26,-7,-30,2
26,-7,-29,1
26,-7,-28,3
26,-7,-27,1
26,-7,-26,1
26,-7,-25,2
26,-7,-24,2
26,-7,-23,5
26,-7,-22,9
26,-7,-21,6
26,-7,-20,5
26,-7,-19,2
26,-7,-18,5
26,-7,-17,13
26,-7,-16,11
26,-7,-15,14
26,-7,-14,9
26,-7,-13,5
26,-7,-11,2
26,-7,-10,10
26,-7,-9,29
26,-7,-8,38
26,-7,-7,38
26,-7,-6,44
26,-7,-5,45
26,-7,-4,27
26,-7,-3,9
26,-7,-2,21
26,-7,-1,37
26,-7,0,8
26,-7,1,53
26,-7,2,40
26,-7,3,32
26,-7,4,37
26,-7,5,42
26,-7,6,73
26,-7,7,28
26,-7,8,40
26,-7,9,14
26,-7,10,30
26,-7,11,14
26,-7,12,6
26,-7,13,2
26,-7,14,9
26,-7,15,6
26,-7,16,2
26,-7,17,3
26,-7,18,1
26,-7,19,2
26,-7,21,1
26,-7,22,1
26,-7,23,1
26,-7,24,5
26,-7,25,3
26,-7,26,3
26,-7,28,1
26,-6,-43,1
26,-6,-34,3
26,-6,-32,2
26,-6,-31,2
26,-6,-29,3
26,-6,-28,2
26,-6,-27,1
26,-6,-25,2
26,-6,-24,2
26,-6,-23,1
26,-6,-22,4
26,-6,-21,8
26,-6,-20,10
26,-6,-19,9
26,-6,-18,12
26,-6,-17,17
26,-6,-16,10
26,-6,-15,17
26,-6,-14,21
26,-6,-13,5
26,-6,-12,9
26,-6,-11,9
26,-6,-9,6
26,-6,-8,21
26,-6,-7,42
26,-6,-6,62
26,-6,-5,103
26,-6,-4,68
26,-6,-3,39
26,-6,-2,33
26,-6,-1,20
26,-6,0,19
26,-6,1,56
26,-6,2,53
26,-6,3,34
26,-6,4,57
26,-6,5,80
26,-6,6,42
26,-6,7,27
26,-6,8,18
26,-6,9,15
26,-6,10,24
26,-6,11,13
26,-6,12,2
26,-6,13,5
26,-6,14,11
26,-6,15,3
26,-6,16,1
26,-6,17,2
26,-6,18,1
26,-6,20,1
26,-6,21,3
26,-6,22,6
26,-6,23,4
26,-6,24,1
26,-6,25,2
26,-6,26,1
26,-6,27,2
26,-6,28,2
26,-6,29,1
26,-6,30,1
26,-5,-37,1
26,-5,-35,1
26,-5,-32,1
26,-5,-31,1
26,-5,-30,4
26,-5,-29,3
26,-5,-28,2
26,-5,-26,1
26,-5,-24,1
26,-5,-22,2
26,-5,-21,5
26,-5,-20,2
26,-5,-19,8
26,-5,-18,11
26,-5,-17,15
26,-5,-16,22
26,-5,-15,28
26,-5,-14,19
26,-5,-13,20
26,-5,-12,11
26,-5,-11,4
26,-5,-10,12
26,-5,-9,10
26,-5,-8,22
26,-5,-7,51
26,-5,-6,86
26,-5,-5,84
26,-5,-4,72
26,-5,-3,36
26,-5,-2,50
26,-5,-1,20
26,-5,0,24
26,-5,1,61
26,-5,2,67
26,-5,3,47
26,-5,4,53
26,-5,5,47
26,-5,6,36
26,-5,7,16
26,-5,8,14
26,-5,9,32
26,-5,10,18
26,-5,11,14
26,-5,12,14
26,-5,13,9
26,-5,14,5
26,-5,15,7
26,-5,16,3
26,-5,17,2
26,-5,18,7
26,-5,19,5
26,-5,20,4
26,-5,21,1
26,-5,22,4
26,-5,23,1
26,-5,24,1
26,-5,26,1
26,-4,-35,1
26,-4,-34,2
26,-4,-31,1
26,-4,-30,1
26,-4,-28,1
26,-4,-22,2
26,-4,-21,2
26,-4,-20,2
26,-4,-19,11
26,-4,-18,11
26,-4,-17,13
26,-4,-16,26
26,-4,-15,28
26,-4,-14,29
26,-4,-13,15
26,-4,-12,8
26,-4,-11,6
26,-4,-10,2
26,-4,-9,19
26,-4,-8,28
26,-4,-7,40
26,-4,-6,81
26,-4,-5,130
26,-4,-4,130
26,-4,-3,35
26,-4,-2,53
26,-4,-1,26
26,-4,0,18
26,-4,1,42
26,-4,2,55
26,-4,3,35
26,-4,4,124
26,-4,5,71
26,-4,6,34
26,-4,7,16
26,-4,8,28
26,-4,9,27
26,-4,10,10
26,-4,11,6
26,-4,12,15
26,-4,13,8
26,-4,14,3
26,-4,16,1
26,-4,17,4
26,-4,18,5
26,-4,20,4
26,-4,21,5
26,-4,22,2
26,-3,-28,1
26,-3,-25,2
26,-3,-23,1
26,-3,-22,1
26,-3,-20,4
26,-3,-19,13
26,-3,-18,14
26,-3,-17,26
26,-3,-16,24
26,-3,-15,15
26,-3,-14,20
26,-3,-13,17
26,-3,-12,37
26,-3,-11,35
26,-3,-10,8
26,-3,-9,10
26,-3,-8,36
26,-3,-7,46
26,-3,-6,98
26,-3,-5,90
26,-3,-4,133
26,-3,-3,67
26,-3,-2,90
26,-3,-1,38
26,-3,0,43
26,-3,1,41
26,-3,2,36
26,-3,3,39
26,-3,4,78
26,-3,5,27
26,-3,6,26
26,-3,7,48
26,-3,8,34
26,-3,9,38
26,-3,10,15
26,-3,11,11
26,-3,12,7
26,-3,13,6
26,-2,-24,1
26,-2,-23,1
26,-2,-21,1
26,-2,-20,3
26,-2,-19,9
26,-2,-18,19
26,-2,-17,19
26,-2,-16,30
26,-2,-15,31
26,-2,-14,17
26,-2,-13,31
26,-2,-12,38
26,-2,-11,52
26,-2,-10,28
26,-2,-9,13
26,-2,-8,21
26,-2,-7,33
26,-2,-6,87
26,-2,-5,124
26,-2,-4,68
26,-2,-3,114
26,-2,-2,79
26,-2,-1,46
26,-2,0,39
26,-2,1,34
26,-2,2,40
26,-2,3,70
26,-2,4,106
26,-2,5,89
26,-2,6,90
26,-2,7,75
26,-2,8,90
26,-2,9,63
26,-2,10,39
26,-2,11,15
26,-2,12,4
26,-2,13,2
26,-2,31,1
26,-1,-19,9
26,-1,-18,13
26,-1,-17,17
26,-1,-16,15
26,-1,-15,22
26,-1,-14,31
26,-1,-13,18
26,-1,-12,39
26,-1,-11,44
26,-1,-10,52
26,-1,-9,55
26,-1,-8,36
26,-1,-7,35
26,-1,-6,49
26,-1,-5,77
26,-1,-4,143
26,-1,-3,83
26,-1,-2,9
26,-1,-1,38
26,-1,0,24
26,-1,1,21
26,-1,2,35
26,-1,3,86
26,-1,4,24
26,-1,5,24
26,-1,6,55
26,-1,7,73
26,-1,8,41
26,-1,9,37
26,-1,10,22
26,-1,11,9
26,-1,12,7
26,-1,13,3
26,-1,14,5
26,0,-18,7
26,0,-17,9
26,0,-16,25
26,0,-15,25
26,0,-14,20
26,0,-13,22
26,0,-12,39
26,0,-11,58
26,0,-10,42
26,0,-9,31
26,0,-8,13
26,0,-7,3
26,0,-6,33
26,0,-5,91
26,0,-4,93
26,0,-3,108
26,0,-2,15
26,0,-1,6
26,0,0,19
26,0,1,44
26,0,2,64
26,0,3,123
26,0,4,61
26,0,5,35
26,0,6,17
26,0,7,6
26,0,8,6
26,0,9,9
26,0,10,7
26,0,11,1
26,0,12,1
26,0,13,1
26,0,14,4
26,0,15,2
26,0,17,2
26,0,18,1
26,1,-78,1
26,1,-19,3
26,1,-18,4
26,1,-17,7
26,1,-16,14
26,1,-15,12
26,1,-14,3
26,1,-13,13
26,1,-12,22
26,1,-11,19
26,1,-10,12
26,1,-9,10
26,1,-8,6
26,1,-7,13
26,1,-6,100
26,1,-5,114
26,1,-4,70
26,1,-3,98
26,1,-2,47
26,1,-1,24
26,1,0,5
26,1,1,16
26,1,2,25
26,1,3,15
26,1,4,32
26,1,5,18
26,1,6,14
26,1,7,50
26,1,8,24
26,1,9,12
26,1,10,10
26,1,11,1
26,1,13,1
26,1,14,2
26,2,-24,2
26,2,-23,1
26,2,-22,1
26,2,-19,9
26,2,-18,8
26,2,-17,13
26,2,-16,18
26,2,-15,4
26,2,-13,14
26,2,-12,23
26,2,-11,25
26,2,-10,5
26,2,-9,15
26,2,-6,2
26,2,-5,25
26,2,-4,61
26,2,-3,48
26,2,-2,62
26,2,-1,68
26,2,0,17
26,2,1,13
26,2,2,1
26,2,3,4
26,2,4,23
26,2,6,7
26,2,9,1
26,2,10,13
26,2,11,9
26,2,12,10
26,2,13,4
26,3,-25,1
26,3,-22,1
26,3,-21,1
26,3,-20,6
26,3,-19,8
26,3,-18,11
26,3,-17,7
26,3,-16,8
26,3,-15,2
26,3,-12,4
26,3,-11,1
26,3,-8,3
26,3,-5,1
26,3,-4,34
26,3,-3,53
26,3,-2,34
26,3,-1,24
26,3,0,7
26,3,2,10
26,3,3,7
26,3,4,37
26,3,5,7
26,3,6,20
26,3,7,7
26,3,8,1
26,3,10,2
26,3,11,4
26,3,13,1
26,4,-36,2
26,4,-35,1
26,4,-22,3
26,4,-21,11
26,4,-20,7
26,4,-19,1
26,4,-18,6
26,4,-17,14
26,4,-16,12
26,4,-15,14
26,4,-14,10
26,4,-13,14
26,4,-12,9
26,4,-11,2
26,4,-10,3
26,4,-9,11
26,4,-8,4
26,4,-7,4
26,4,-6,1
26,4,-5,2
26,4,-4,9
26,4,-3,49
26,4,-2,69
26,4,-1,12
26,4,1,2
26,4,2,8
26,4,3,14
26,4,4,73
26,4,5,20
26,4,6,20
26,5,-33,1
26,5,-29,1
26,5,-28,1
26,5,-25,1
26,5,-24,2
26,5,-23,5
26,5,-22,3
26,5,-21,1
26,5,-20,1
26,5,-19,7
26,5,-18,5
26,5,-17,5
26,5,-16,4
26,5,-15,7
26,5,-14,2
26,5,-13,1
26,5,-12,3
26,5,-11,4
26,5,-10,3
26,5,-8,2
26,5,-7,16
26,5,-6,16
26,5,-5,25
26,5,-4,16
26,5,-3,39
26,5,-2,16
26,5,-1,5
26,5,2,3
26,5,4,1
26,6,-35,1
26,6,-32,1
26,6,-31,1
26,6,-27,1
26,6,-26,5
26,6,-25,5
26,6,-23,1
26,6,-21,1
26,6,-20,1
26,6,-19,1
26,6,-18,1
26,6,-16,1
26,6,-15,3
26,6,-14,2
26,6,-11,2
26,6,-10,4
26,6,-9,4
26,6,-7,9
26,6,-6,6
26,6,-5,15
26,6,-4,4
26,6,-3,27
26,6,-2,12
26,7,-29,1
26,7,-27,2
26,7,-26,1
26,7,-22,2
26,7,-21,2
26,7,-20,5
26,7,-19,7
26,7,-18,6
26,7,-17,9
26,7,-16,4
26,7,-11,3
26,7,-7,2
26,7,-6,1
26,7,-5,4
26,8,-34,1
26,8,-32,1
26,8,-29,1
26,8,-26,2
26,8,-25,2
26,8,-23,6
26,8,-22,7
26,8,-21,2
26,8,-20,8
26,8,-19,8
26,8,-18,7
26,8,-17,1
26,8,-15,2
26,8,-14,1
26,8,-12,4
26,9,-49,1
26,9,-40,1
26,9,-38,1
26,9,-37,1
26,9,-35,1
26,9,-32,2
26,9,-31,1
26,9,-22,3
26,9,-21,1
26,9,-20,2
26,9,-19,4
26,9,-18,5
26,9,-17,2
26,9,-16,3
26,9,-14,3
26,9,-13,5
26,10,-27,2
26,10,-23,1
26,10,-22,2
26,10,-21,5
26,10,-20,1
26,10,-19,5
26,10,-18,2
26,10,-17,2
26,10,-16,1
26,10,-15,1
26,10,-14,3
26,11,-42,1
26,11,-27,1
26,11,-26,1
26,11,-24,1
26,11,-23,1
26,11,-21,1
26,11,-19,1
26,11,-18,1
26,12,-33,1
26,12,-28,3
26,12,-27,1
26,12,-25,1
26,12,-23,2
26,12,-22,1
26,13,-30,1
26,13,-26,1
26,15,-70,1
26,15,-64,1
26,15,-33,1
26,15,-30,1
26,16,-33,1
26,16,-32,1
26,16,-31,1
27,-47,-76,1
27,-44,38,1
27,-42,-83,1
27,-41,-67,1
27,-32,3,1
27,-29,-8,1
27,-28,29,2
27,-27,-37,1
27,-27,7,1
27,-26,-9,1
27,-26,46,1
27,-24,-45,1
27,-24,-36,1
27,-24,-15,1
27,-24,14,1
27,-24,34,1
27,-24,86,1
27,-23,-44,1
27,-23,-32,1
27,-23,-15,1
27,-23,-5,1
27,-23,18,1
27,-23,40,1
27,-22,-64,1
27,-22,-24,1
27,-22,-9,1
27,-22,21,1
27,-21,-36,1
27,-21,-27,1
27,-21,-15,1
27,-21,-9,1
27,-21,-8,3
27,-21,-7,3
27,-21,-5,1
27,-21,-4,1
27,-21,10,1
27,-21,12,1
27,-21,13,1
27,-21,14,2
27,-21,21,1
27,-21,24,2
27,-21,35,1
27,-20,-10,1
27,-20,-9,1
27,-20,-7,2
27,-20,-4,1
27,-20,3,1
27,-20,10,1
27,-19,-53,1
27,-19,-35,2
27,-19,-26,1
27,-19,-24,1
27,-19,-14,1
27,-19,-11,1
27,-19,-9,1
27,-19,-7,2
27,-19,-6,1
27,-19,-4,2
27,-19,-2,1
27,-19,3,1
27,-19,5,1
27,-19,6,1
27,-19,10,1
27,-19,12,1
27,-19,15,3
27,-19,20,1
27,-19,21,1
27,-19,23,1
27,-18,-60,1
27,-18,-49,1
27,-18,-33,2
27,-18,-28,1
27,-18,-27,1
27,-18,-14,1
27,-18,-12,1
27,-18,-10,1
27,-18,-9,1
27,-18,-7,4
27,-18,-6,2
27,-18,-5,1
27,-18,-4,3
27,-18,-3,3
27,-18,-2,1
27,-18,1,2
27,-18,2,1
27,-18,3,1
27,-18,4,3
27,-18,5,2
27,-18,7,1
27,-18,9,3
27,-18,10,1
27,-18,11,1
27,-18,13,2
27,-18,19,1
27,-18,20,1
27,-18,21,2
27,-18,28,1
27,-18,31,1
27,-18,32,1
27,-18,58,1
27,-17,-36,1
27,-17,-32,1
27,-17,-31,1
27,-17,-14,1
27,-17,-11,1
27,-17,-10,2
27,-17,-7,2
27,-17,-6,1
27,-17,-5,2
27,-17,-4,3
27,-17,-3,3
27,-17,-2,3
27,-17,-1,1
27,-17,2,1
27,-17,3,1
27,-17,5,1
27,-17,6,3
27,-17,8,2
27,-17,10,3
27,-17,11,4
27,-17,12,2
27,-17,14,1
27,-17,16,2
27,-17,19,1
27,-17,20,1
27,-17,22,1
27,-17,23,1
27,-17,28,1
27,-17,29,1
27,-17,61,1
27,-16,-46,1
27,-16,-41,1
27,-16,-35,1
27,-16,-13,1
27,-16,-10,1
27,-16,-9,1
27,-16,-7,2
27,-16,-6,5
27,-16,-5,2
27,-16,-4,3
27,-16,-3,2
27,-16,-2,10
27,-16,-1,2
27,-16,0,1
27,-16,1,1
27,-16,2,3
27,-16,3,4
27,-16,4,1
27,-16,5,1
27,-16,6,4
27,-16,7,2
27,-16,8,8
27,-16,9,1
27,-16,11,1
27,-16,12,1
27,-16,13,3
27,-16,15,3
27,-16,16,1
27,-16,19,1
27,-16,20,1
27,-16,21,1
27,-16,22,1
27,-16,23,1
27,-16,24,2
27,-16,25,1
27,-16,26,1
27,-16,57,1
27,-15,-35,1
27,-15,-32,1
27,-15,-28,1
27,-15,-25,1
27,-15,-14,2
27,-15,-13,1
27,-15,-9,3
27,-15,-8,2
27,-15,-7,1
27,-15,-6,6
27,-15,-5,5
27,-15,-4,4
27,-15,-3,5
27,-15,-2,9
27,-15,-1,1
27,-15,0,2
27,-15,1,1
27,-15,2,2
27,-15,3,3
27,-15,4,9
27,-15,5,2
27,-15,6,5
27,-15,7,8
27,-15,8,5
27,-15,9,2
27,-15,10,3
27,-15,11,1
27,-15,13,1
27,-15,14,4
27,-15,15,2
27,-15,17,1
27,-15,18,1
27,-15,21,2
27,-15,24,1
27,-15,25,2
27,-15,50,1
27,-15,52,1
27,-15,66,1
27,-14,-34,1
27,-14,-23,1
27,-14,-15,1
27,-14,-14,2
27,-14,-13,1
27,-14,-12,2
27,-14,-10,1
27,-14,-9,2
27,-14,-8,5
27,-14,-6,4
27,-14,-5,5
27,-14,-4,2
27,-14,-3,8
27,-14,-2,4
27,-14,0,6
27,-14,1,11
27,-14,2,13
27,-14,3,6
27,-14,4,10
27,-14,5,5
27,-14,6,4
27,-14,7,14
27,-14,8,5
27,-14,9,5
27,-14,10,6
27,-14,11,3
27,-14,12,5
27,-14,13,8
27,-14,14,5
27,-14,15,2
27,-14,17,1
27,-14,18,1
27,-14,19,3
27,-14,20,1
27,-14,21,1
27,-14,22,2
27,-14,23,2
27,-14,24,1
27,-14,26,1
27,-14,46,1
27,-13,-37,1
27,-13,-35,1
27,-13,-34,1
27,-13,-31,2
27,-13,-30,1
27,-13,-26,3
27,-13,-25,2
27,-13,-24,2
27,-13,-23,6
27,-13,-22,3
27,-13,-14,1
27,-13,-13,6
27,-13,-12,4
27,-13,-11,1
27,-13,-8,8
27,-13,-7,4
27,-13,-6,10
27,-13,-5,14
27,-13,-4,5
27,-13,-3,1
27,-13,-2,2
27,-13,0,10
27,-13,1,12
27,-13,2,14
27,-13,3,6
27,-13,4,5
27,-13,5,2
27,-13,6,12
27,-13,7,13
27,-13,8,13
27,-13,9,8
27,-13,10,6
27,-13,11,4
27,-13,12,1
27,-13,13,4
27,-13,14,1
27,-13,15,2
27,-13,16,2
27,-13,17,1
27,-13,18,4
27,-13,19,3
27,-13,20,2
27,-13,22,1
27,-13,25,1
27,-13,44,1
27,-12,-40,1
27,-12,-36,1
27,-12,-35,1
27,-12,-33,1
27,-12,-29,1
27,-12,-28,1
27,-12,-27,3
27,-12,-25,2
27,-12,-24,2
27,-12,-23,2
27,-12,-21,2
27,-12,-20,1
27,-12,-12,7
27,-12,-11,6
27,-12,-10,1
27,-12,-9,4
27,-12,-8,2
27,-12,-7,11
27,-12,-6,9
27,-12,-5,12
27,-12,-4,11
27,-12,-3,4
27,-12,-2,4
27,-12,0,7
27,-12,1,13
27,-12,2,10
27,-12,3,19
27,-12,4,15
27,-12,5,3
27,-12,6,17
27,-12,7,7
27,-12,8,14
27,-12,9,6
27,-12,10,12
27,-12,11,11
27,-12,12,14
27,-12,13,7
27,-12,14,7
27,-12,15,2
27,-12,16,6
27,-12,17,7
27,-12,18,6
27,-12,20,1
27,-11,-45,1
27,-11,-44,1
27,-11,-42,1
27,-11,-37,1
27,-11,-36,1
27,-11,-35,1
27,-11,-34,1
27,-11,-33,1
27,-11,-32,1
27,-11,-30,1
27,-11,-29,1
27,-11,-26,1
27,-11,-25,3
27,-11,-24,4
27,-11,-23,5
27,-11,-22,4
27,-11,-21,4
27,-11,-11,3
27,-11,-10,8
27,-11,-9,7
27,-11,-8,8
27,-11,-7,6
27,-11,-6,10
27,-11,-5,10
27,-11,-4,16
27,-11,-3,19
27,-11,-2,18
27,-11,-1,11
27,-11,0,10
27,-11,1,14
27,-11,2,10
27,-11,3,18
27,-11,4,20
27,-11,5,24
27,-11,6,33
27,-11,7,6
27,-11,8,13
27,-11,9,3
27,-11,10,15
27,-11,11,12
27,-11,12,12
27,-11,13,8
27,-11,14,8
27,-11,15,8
27,-11,16,9
27,-11,17,5
27,-11,18,5
27,-11,19,6
27,-11,20,5
27,-11,21,1
27,-11,39,1
27,-11,40,2
27,-10,-42,1
27,-10,-41,1
27,-10,-39,1
27,-10,-37,1
27,-10,-35,2
27,-10,-32,1
27,-10,-31,1
27,-10,-29,3
27,-10,-28,2
27,-10,-27,1
27,-10,-26,1
27,-10,-25,5
27,-10,-24,5
27,-10,-23,7
27,-10,-22,5
27,-10,-21,7
27,-10,-20,1
27,-10,-10,1
27,-10,-9,22
27,-10,-8,29
27,-10,-7,12
27,-10,-6,14
27,-10,-5,12
27,-10,-4,27
27,-10,-3,41
27,-10,-2,30
27,-10,-1,19
27,-10,0,8
27,-10,1,22
27,-10,2,15
27,-10,3,25
27,-10,4,21
27,-10,5,41
27,-10,6,21
27,-10,7,21
27,-10,8,20
27,-10,9,17
27,-10,10,10
27,-10,11,16
27,-10,12,13
27,-10,13,12
27,-10,14,5
27,-10,15,4
27,-10,16,5
27,-10,17,4
27,-10,18,10
27,-10,20,2
27,-9,-40,1
27,-9,-38,1
27,-9,-36,1
27,-9,-35,1
27,-9,-34,1
27,-9,-28,2
27,-9,-27,4
27,-9,-26,2
27,-9,-25,3
27,-9,-24,4
27,-9,-23,4
27,-9,-22,7
27,-9,-21,3
27,-9,-20,11
27,-9,-19,5
27,-9,-18,1
27,-9,-10,2
27,-9,-9,1
27,-9,-8,12
27,-9,-7,23
27,-9,-6,35
27,-9,-5,26
27,-9,-4,21
27,-9,-3,40
27,-9,-2,18
27,-9,-1,10
27,-9,0,6
27,-9,1,32
27,-9,2,26
27,-9,3,24
27,-9,4,32
27,-9,5,67
27,-9,6,43
27,-9,7,49
27,-9,8,33
27,-9,9,24
27,-9,10,33
27,-9,11,10
27,-9,12,7
27,-9,13,2
27,-9,14,7
27,-9,15,8
27,-9,16,10
27,-9,17,5
27,-9,18,2
27,-9,19,1
27,-9,35,1
27,-9,43,1
27,-9,47,1
27,-8,-37,1
27,-8,-36,2
27,-8,-33,1
27,-8,-32,2
27,-8,-31,3
27,-8,-30,1
27,-8,-29,1
27,-8,-28,2
27,-8,-26,4
27,-8,-25,4
27,-8,-24,2
27,-8,-23,5
27,-8,-22,6
27,-8,-21,9
27,-8,-20,10
27,-8,-19,10
27,-8,-18,15
27,-8,-17,10
27,-8,-10,5
27,-8,-9,11
27,-8,-8,3
27,-8,-7,15
27,-8,-6,44
27,-8,-5,65
27,-8,-4,38
27,-8,-3,30
27,-8,-2,38
27,-8,-1,26
27,-8,0,27
27,-8,1,59
27,-8,2,47
27,-8,3,43
27,-8,4,39
27,-8,5,47
27,-8,6,62
27,-8,7,40
27,-8,8,35
27,-8,9,45
27,-8,10,20
27,-8,11,10
27,-8,12,8
27,-8,13,18
27,-8,14,6
27,-8,15,8
27,-8,16,12
27,-8,17,5
27,-7,-36,1
27,-7,-34,2
27,-7,-33,1
27,-7,-31,1
27,-7,-30,3
27,-7,-28,3
27,-7,-27,2
27,-7,-26,5
27,-7,-25,6
27,-7,-24,2
27,-7,-23,3
27,-7,-22,4
27,-7,-21,8
27,-7,-20,8
27,-7,-19,9
27,-7,-18,11
27,-7,-17,11
27,-7,-16,11
27,-7,-15,5
27,-7,-14,2
27,-7,-8,34
27,-7,-7,37
27,-7,-6,40
27,-7,-5,53
27,-7,-4,51
27,-7,-3,26
27,-7,-2,36
27,-7,-1,53
27,-7,0,26
27,-7,1,51
27,-7,2,38
27,-7,3,31
27,-7,4,56
27,-7,5,60
27,-7,6,53
27,-7,7,42
27,-7,8,34
27,-7,9,39
27,-7,10,16
27,-7,11,13
27,-7,12,10
27,-7,13,10
27,-7,14,19
27,-7,15,9
27,-7,16,1
27,-7,21,1
27,-7,22,1
27,-7,25,1
27,-6,-31,3
27,-6,-30,2
27,-6,-29,2
27,-6,-27,3
27,-6,-26,2
27,-6,-25,2
27,-6,-24,4
27,-6,-23,9
27,-6,-22,5
27,-6,-21,5
27,-6,-20,6
27,-6,-19,6
27,-6,-18,18
27,-6,-17,15
27,-6,-16,17
27,-6,-15,12
27,-6,-14,21
27,-6,-13,24
27,-6,-12,16
27,-6,-11,6
27,-6,-10,1
27,-6,-9,10
27,-6,-8,27
27,-6,-7,61
27,-6,-6,77
27,-6,-5,62
27,-6,-4,87
27,-6,-3,30
27,-6,-2,37
27,-6,-1,53
27,-6,0,40
27,-6,1,67
27,-6,2,56
27,-6,3,37
27,-6,4,66
27,-6,5,98
27,-6,6,41
27,-6,7,39
27,-6,8,55
27,-6,9,36
27,-6,10,16
27,-6,11,5
27,-6,12,11
27,-6,13,4
27,-6,14,4
27,-6,15,3
27,-6,16,3
27,-6,18,3
27,-6,19,7
27,-6,20,1
27,-6,21,5
27,-6,22,4
27,-6,23,4
27,-6,24,1
27,-6,25,1
27,-5,-31,1
27,-5,-29,1
27,-5,-28,3
27,-5,-27,2
27,-5,-26,3
27,-5,-25,3
27,-5,-24,4
27,-5,-22,8
27,-5,-21,3
27,-5,-20,6
27,-5,-19,12
27,-5,-18,8
27,-5,-17,13
27,-5,-16,20
27,-5,-15,20
27,-5,-14,33
27,-5,-13,33
27,-5,-12,15
27,-5,-11,13
27,-5,-10,17
27,-5,-9,13
27,-5,-8,3
27,-5,-7,39
27,-5,-6,63
27,-5,-5,103
27,-5,-4,195
27,-5,-3,73
27,-5,-2,56
27,-5,-1,39
27,-5,0,35
27,-5,1,64
27,-5,2,67
27,-5,3,75
27,-5,4,99
27,-5,5,59
27,-5,6,32
27,-5,7,39
27,-5,8,40
27,-5,9,32
27,-5,10,2
27,-5,11,6
27,-5,12,10
27,-5,13,6
27,-5,14,4
27,-5,16,5
27,-5,17,2
27,-5,18,5
27,-5,19,2
27,-5,20,6
27,-5,21,2
27,-5,23,2
27,-5,25,4
27,-5,26,1
27,-4,-29,3
27,-4,-28,3
27,-4,-27,1
27,-4,-26,1
27,-4,-25,3
27,-4,-24,1
27,-4,-23,2
27,-4,-22,1
27,-4,-21,1
27,-4,-19,1
27,-4,-18,3
27,-4,-17,11
27,-4,-16,13
27,-4,-15,19
27,-4,-14,35
27,-4,-13,28
27,-4,-12,30
27,-4,-11,25
27,-4,-10,14
27,-4,-9,16
27,-4,-8,22
27,-4,-7,26
27,-4,-6,86
27,-4,-5,158
27,-4,-4,218
27,-4,-3,121
27,-4,-2,67
27,-4,-1,31
27,-4,0,58
27,-4,1,108
27,-4,2,71
27,-4,3,107
27,-4,4,126
27,-4,5,72
27,-4,6,28
27,-4,7,51
27,-4,8,32
27,-4,9,35
27,-4,10,26
27,-4,11,17
27,-4,12,8
27,-4,13,7
27,-4,14,5
27,-4,15,11
27,-4,16,6
27,-4,17,6
27,-4,18,10
27,-4,19,6
27,-4,20,3
27,-4,21,3
27,-4,22,2
27,-4,23,5
27,-3,-29,1
27,-3,-26,1
27,-3,-25,1
27,-3,-24,1
27,-3,-23,2
27,-3,-18,5
27,-3,-17,12
27,-3,-16,17
27,-3,-15,33
27,-3,-14,41
27,-3,-13,38
27,-3,-12,43
27,-3,-11,32
27,-3,-10,43
27,-3,-9,19
27,-3,-8,6
27,-3,-7,41
27,-3,-6,51
27,-3,-5,123
27,-3,-4,230
27,-3,-3,237
27,-3,-2,128
27,-3,-1,59
27,-3,0,48
27,-3,1,57
27,-3,2,36
27,-3,3,161
27,-3,4,106
27,-3,5,35
27,-3,6,49
27,-3,7,46
27,-3,8,24
27,-3,9,9
27,-3,10,11
27,-3,11,6
27,-3,12,1
27,-3,14,2
27,-3,16,3
27,-3,17,5
27,-3,18,1
27,-3,19,2
27,-2,-22,3
27,-2,-21,2
27,-2,-20,4
27,-2,-19,6
27,-2,-17,3
27,-2,-16,9
27,-2,-15,30
27,-2,-14,36
27,-2,-13,30
27,-2,-12,31
27,-2,-11,27
27,-2,-10,68
27,-2,-9,56
27,-2,-8,20
27,-2,-7,32
27,-2,-6,69
27,-2,-5,172
27,-2,-4,167
27,-2,-3,282
27,-2,-2,114
27,-2,-1,58
27,-2,0,55
27,-2,1,65
27,-2,2,55
27,-2,3,100
27,-2,4,67
27,-2,5,121
27,-2,6,92
27,-2,7,148
27,-2,8,92
27,-2,9,50
27,-2,10,8
27,-2,11,7
27,-1,-17,3
27,-1,-16,12
27,-1,-15,26
27,-1,-14,26
27,-1,-13,31
27,-1,-12,44
27,-1,-11,40
27,-1,-10,48
27,-1,-9,55
27,-1,-8,68
27,-1,-7,53
27,-1,-6,52
27,-1,-5,138
27,-1,-4,252
27,-1,-3,336
27,-1,-2,36
27,-1,-1,46
27,-1,0,55
27,-1,1,76
27,-1,2,151
27,-1,3,168
27,-1,4,111
27,-1,5,117
27,-1,6,108
27,-1,7,68
27,-1,8,61
27,-1,9,20
27,-1,10,9
27,-1,11,8
27,-1,12,7
27,0,-17,3
27,0,-16,4
27,0,-15,16
27,0,-14,25
27,0,-13,41
27,0,-12,33
27,0,-11,37
27,0,-10,43
27,0,-9,73
27,0,-8,52
27,0,-7,20
27,0,-6,1
27,0,-5,189
27,0,-4,146
27,0,-3,307
27,0,-2,106
27,0,-1,35
27,0,0,64
27,0,1,129
27,0,2,138
27,0,3,119
27,0,4,84
27,0,5,22
27,0,6,22
27,0,7,19
27,0,8,19
27,0,9,2
27,0,10,2
27,0,11,3
27,0,12,4
27,0,13,5
27,0,14,7
27,1,-72,1
27,1,-18,2
27,1,-17,2
27,1,-16,1
27,1,-15,10
27,1,-14,12
27,1,-13,16
27,1,-12,14
27,1,-11,19
27,1,-10,21
27,1,-9,21
27,1,-8,28
27,1,-7,26
27,1,-6,28
27,1,-5,92
27,1,-4,161
27,1,-3,113
27,1,-2,61
27,1,-1,48
27,1,0,42
27,1,1,32
27,1,2,6
27,1,3,54
27,1,4,35
27,1,5,37
27,1,6,39
27,1,7,15
27,1,8,5
27,1,9,5
27,1,10,1
27,2,-22,3
27,2,-21,1
27,2,-20,1
27,2,-19,1
27,2,-17,6
27,2,-16,14
27,2,-15,32
27,2,-14,24
27,2,-13,18
27,2,-12,2
27,2,-11,7
27,2,-10,15
27,2,-9,4
27,2,-8,5
27,2,-5,9
27,2,-4,53
27,2,-3,146
27,2,-2,67
27,2,-1,50
27,2,0,14
27,2,1,18
27,2,2,3
27,2,3,21
27,2,4,18
27,2,5,11
27,2,6,10
27,2,8,10
27,2,9,10
27,2,10,9
27,2,11,6
27,3,-31,1
27,3,-29,1
27,3,-27,1
27,3,-19,1
27,3,-18,3
27,3,-17,7
27,3,-16,15
27,3,-15,14
27,3,-14,16
27,3,-13,8
27,3,-12,5
27,3,-11,12
27,3,-10,7
27,3,-9,2
27,3,-8,7
27,3,-7,13
27,3,-6,7
27,3,-4,14
27,3,-3,42
27,3,-2,72
27,3,-1,26
27,3,0,9
27,3,1,9
27,3,2,9
27,3,3,109
27,3,4,31
27,3,5,43
27,3,6,6
27,3,7,1
27,4,-26,1
27,4,-25,1
27,4,-24,3
27,4,-22,2
27,4,-20,5
27,4,-19,3
27,4,-18,1
27,4,-17,4
27,4,-16,13
27,4,-15,15
27,4,-14,14
27,4,-13,4
27,4,-12,6
27,4,-11,11
27,4,-10,8
27,4,-9,7
27,4,-8,9
27,4,-7,2
27,4,-6,15
27,4,-5,10
27,4,-4,44
27,4,-3,57
27,4,-2,37
27,4,-1,22
27,4,1,9
27,4,2,4
27,4,3,3
27,4,4,1
27,4,5,2
27,5,-28,1
27,5,-27,3
27,5,-26,2
27,5,-25,2
27,5,-22,4
27,5,-21,8
27,5,-18,2
27,5,-17,3
27,5,-16,5
27,5,-15,7
27,5,-14,2
27,5,-13,1
27,5,-12,2
27,5,-11,1
27,5,-9,2
27,5,-8,5
27,5,-6,12
27,5,-5,20
27,5,-4,31
27,5,-3,14
27,5,-2,23
27,6,-32,1
27,6,-31,2
27,6,-29,2
27,6,-25,2
27,6,-23,6
27,6,-22,2
27,6,-21,4
27,6,-20,4
27,6,-19,10
27,6,-18,13
27,6,-17,13
27,6,-16,13
27,6,-15,9
27,6,-14,2
27,6,-13,1
27,6,-12,1
27,6,-10,2
27,6,-9,4
27,6,-6,5
27,6,-5,4
27,6,-4,7
27,7,-31,1
27,7,-30,1
27,7,-28,3
27,7,-27,1
27,7,-26,1
27,7,-24,1
27,7,-23,1
27,7,-22,2
27,7,-21,4
27,7,-20,6
27,7,-19,5
27,7,-18,5
27,7,-17,5
27,7,-16,10
27,7,-15,7
27,7,-14,6
27,7,-13,8
27,7,-12,7
27,7,-11,10
27,7,-10,2
27,7,-7,1
27,8,-32,1
27,8,-28,1
27,8,-27,1
27,8,-24,1
27,8,-23,1
27,8,-21,2
27,8,-20,2
27,8,-19,1
27,8,-18,12
27,8,-17,10
27,8,-16,11
27,8,-15,4
27,8,-14,7
27,8,-13,2
27,8,-12,7
27,9,-128,1
27,9,-37,1
27,9,-35,1
27,9,-34,1
27,9,-33,1
27,9,-30,1
27,9,-26,1
27,9,-24,1
27,9,-23,3
27,9,-20,1
27,9,-19,11
27,9,-18,9
27,9,-17,5
27,9,-16,2
27,9,-15,2
27,10,-28,1
27,10,-26,1
27,10,-24,1
27,10,-23,2
27,10,-22,1
27,10,-21,1
27,10,-20,5
27,10,-19,4
27,10,-18,1
27,10,-16,1
27,11,-54,1
27,11,-49,1
27,11,-31,1
27,11,-29,1
27,11,-28,2
27,11,-26,2
27,11,-25,2
27,11,-23,1
27,11,-22,2
27,11,-21,1
27,12,-24,1
27,12,-23,1
27,12,-22,1
27,13,-32,1
27,13,-30,1
27,13,-27,1
27,24,-60,1
28,-47,20,1
28,-45,-93,1
28,-39,49,1
28,-34,-66,1
28,-34,29,1
28,-34,40,1
28,-32,38,1
28,-30,-27,1
28,-30,38,1
28,-29,-60,1
28,-28,5,1
28,-28,33,1
28,-27,32,1
28,-26,-51,1
28,-25,-7,1
28,-25,6,1
28,-25,22,1
28,-25,42,1
28,-24,-7,1
28,-24,6,1
28,-24,40,1
28,-23,-17,1
28,-23,4,1
28,-23,9,1
28,-22,-14,1
28,-22,-6,2
28,-22,2,1
28,-22,7,1
28,-22,29,1
28,-21,-38,1
28,-21,-37,1
28,-21,-7,1
28,-21,4,1
28,-21,6,1
28,-21,26,1
28,-20,-34,1
28,-20,-26,1
28,-20,-20,1
28,-20,-19,1
28,-20,-13,2
28,-20,-12,2
28,-20,-8,1
28,-20,2,1
28,-20,7,1
28,-20,9,1
28,-20,12,2
28,-20,26,1
28,-20,28,1
28,-20,33,1
28,-19,-58,1
28,-19,-35,1
28,-19,-33,1
28,-19,-32,1
28,-19,-24,1
28,-19,-13,1
28,-19,-8,1
28,-19,-7,3
28,-19,-3,1
28,-19,3,1
28,-19,4,3
28,-19,7,1
28,-19,11,2
28,-19,12,1
28,-19,13,1
28,-19,15,1
28,-19,22,1
28,-19,26,1
28,-18,-66,1
28,-18,-31,1
28,-18,-24,1
28,-18,-23,1
28,-18,-16,1
28,-18,-13,1
28,-18,-12,2
28,-18,-9,1
28,-18,-7,1
28,-18,-4,2
28,-18,2,2
28,-18,3,2
28,-18,4,2
28,-18,5,1
28,-18,6,1
28,-18,9,3
28,-18,11,3
28,-18,12,1
28,-18,14,1
28,-18,17,2
28,-18,18,1
28,-18,20,1
28,-18,21,1
28,-18,23,1
28,-18,24,1
28,-18,26,1
28,-18,30,1
28,-18,32,1
28,-17,-49,1
28,-17,-46,1
28,-17,-30,1
28,-17,-24,1
28,-17,-23,1
28,-17,-22,3
28,-17,-21,1
28,-17,-12,2
28,-17,-8,2
28,-17,-6,1
28,-17,-5,2
28,-17,-4,4
28,-17,-3,5
28,-17,-2,1
28,-17,2,2
28,-17,3,5
28,-17,4,1
28,-17,5,1
28,-17,6,4
28,-17,7,4
28,-17,8,2
28,-17,9,1
28,-17,10,1
28,-17,11,2
28,-17,12,2
28,-17,16,2
28,-17,18,2
28,-17,19,2
28,-17,28,1
28,-16,-32,1
28,-16,-29,1
28,-16,-28,1
28,-16,-25,2
28,-16,-24,1
28,-16,-22,1
28,-16,-21,1
28,-16,-20,1
28,-16,-12,2
28,-16,-9,1
28,-16,-8,3
28,-16,-7,2
28,-16,-6,2
28,-16,-5,2
28,-16,-4,3
28,-16,-3,8
28,-16,-2,1
28,-16,1,2
28,-16,2,2
28,-16,3,2
28,-16,5,2
28,-16,6,1
28,-16,7,1
28,-16,8,5
28,-16,9,3
28,-16,10,4
28,-16,11,7
28,-16,12,1
28,-16,13,1
28,-16,15,2
28,-16,16,2
28,-16,17,5
28,-16,19,1
28,-16,22,1
28,-16,23,1
28,-15,-56,1
28,-15,-41,1
28,-15,-27,3
28,-15,-26,1
28,-15,-25,1
28,-15,-22,1
28,-15,-18,1
28,-15,-12,1
28,-15,-9,2
28,-15,-8,3
28,-15,-7,4
28,-15,-6,10
28,-15,-5,9
28,-15,-4,5
28,-15,-3,6
28,-15,-2,7
28,-15,-1,1
28,-15,0,1
28,-15,1,1
28,-15,2,6
28,-15,3,4
28,-15,4,6
28,-15,5,5
28,-15,6,2
28,-15,7,1
28,-15,8,6
28,-15,9,2
28,-15,10,8
28,-15,11,6
28,-15,12,4
28,-15,13,1
28,-15,14,2
28,-15,15,2
28,-15,16,2
28,-15,17,2
28,-15,24,1
28,-15,26,1
28,-14,-54,1
28,-14,-51,1
28,-14,-41,1
28,-14,-29,1
28,-14,-24,1
28,-14,-23,1
28,-14,-22,2
28,-14,-19,1
28,-14,-18,1
28,-14,-11,3
28,-14,-10,3
28,-14,-9,3
28,-14,-8,7
28,-14,-7,4
28,-14,-6,7
28,-14,-5,8
28,-14,-4,6
28,-14,-3,13
28,-14,-2,8
28,-14,-1,2
28,-14,0,2
28,-14,1,6
28,-14,2,6
28,-14,3,8
28,-14,4,11
28,-14,5,5
28,-14,6,3
28,-14,7,10
28,-14,8,9
28,-14,9,7
28,-14,10,9
28,-14,11,6
28,-14,12,8
28,-14,13,2
28,-14,15,7
28,-14,16,5
28,-14,17,1
28,-14,18,2
28,-14,19,1
28,-14,20,1
28,-14,21,2
28,-14,22,3
28,-14,23,2
28,-14,24,1
28,-14,25,1
28,-13,-42,1
28,-13,-34,1
28,-13,-31,1
28,-13,-29,1
28,-13,-28,1
28,-13,-26,1
28,-13,-24,1
28,-13,-23,2
28,-13,-22,1
28,-13,-21,2
28,-13,-20,1
28,-13,-17,1
28,-13,-13,1
28,-13,-12,1
28,-13,-11,1
28,-13,-10,3
28,-13,-9,1
28,-13,-8,3
28,-13,-7,8
28,-13,-6,5
28,-13,-5,10
28,-13,-4,14
28,-13,-3,12
28,-13,-2,11
28,-13,-1,8
28,-13,0,7
28,-13,1,3
28,-13,2,11
28,-13,3,8
28,-13,4,6
28,-13,5,8
28,-13,6,22
28,-13,7,11
28,-13,8,10
28,-13,9,9
28,-13,10,7
28,-13,11,2
28,-13,12,12
28,-13,13,8
28,-13,14,2
28,-13,15,2
28,-13,16,1
28,-13,17,4
28,-13,18,5
28,-13,19,6
28,-13,20,1
28,-13,21,2
28,-13,22,3
28,-13,23,1
28,-13,48,1
28,-13,60,1
28,-12,-42,1
28,-12,-41,1
28,-12,-38,1
28,-12,-31,1
28,-12,-28,2
28,-12,-27,2
28,-12,-26,2
28,-12,-23,2
28,-12,-22,6
28,-12,-21,5
28,-12,-20,2
28,-12,-13,1
28,-12,-12,7
28,-12,-11,1
28,-12,-10,2
28,-12,-8,8
28,-12,-7,11
28,-12,-6,4
28,-12,-5,18
28,-12,-4,13
28,-12,-3,17
28,-12,-2,21
28,-12,-1,4
28,-12,0,10
28,-12,1,8
28,-12,2,24
28,-12,3,12
28,-12,4,12
28,-12,5,10
28,-12,6,21
28,-12,7,10
28,-12,8,7
28,-12,9,13
28,-12,10,5
28,-12,11,5
28,-12,12,6
28,-12,13,2
28,-12,14,3
28,-12,15,3
28,-12,16,9
28,-12,17,3
28,-12,18,2
28,-12,19,1
28,-12,20,1
28,-12,23,2
28,-12,24,1
28,-12,42,2
28,-12,43,1
28,-11,-42,1
28,-11,-40,1
28,-11,-38,1
28,-11,-36,1
28,-11,-35,1
28,-11,-33,1
28,-11,-29,2
28,-11,-28,1
28,-11,-27,1
28,-11,-25,5
28,-11,-24,3
28,-11,-23,3
28,-11,-22,1
28,-11,-21,5
28,-11,-20,8
28,-11,-19,2
28,-11,-18,3
28,-11,-12,1
28,-11,-11,12
28,-11,-10,8
28,-11,-9,4
28,-11,-8,5
28,-11,-7,7
28,-11,-6,11
28,-11,-5,23
28,-11,-4,12
28,-11,-3,10
28,-11,-2,12
28,-11,-1,3
28,-11,0,25
28,-11,1,27
28,-11,2,27
28,-11,3,15
28,-11,4,13
28,-11,5,27
28,-11,6,18
28,-11,7,13
28,-11,8,21
28,-11,9,11
28,-11,10,14
28,-11,11,10
28,-11,12,7
28,-11,13,4
28,-11,14,6
28,-11,15,10
28,-11,16,3
28,-11,17,7
28,-11,18,1
28,-11,21,1
28,-11,22,1
28,-11,38,1
28,-11,49,1
28,-10,-32,2
28,-10,-31,1
28,-10,-30,2
28,-10,-29,2
28,-10,-27,2
28,-10,-26,1
28,-10,-25,3
28,-10,-24,4
28,-10,-23,5
28,-10,-22,1
28,-10,-21,7
28,-10,-20,3
28,-10,-19,4
28,-10,-18,2
28,-10,-17,4
28,-10,-16,2
28,-10,-10,16
28,-10,-9,13
28,-10,-8,7
28,-10,-7,6
28,-10,-6,26
28,-10,-5,15
28,-10,-4,18
28,-10,-3,18
28,-10,-2,9
28,-10,-1,10
28,-10,0,28
28,-10,1,32
28,-10,2,19
28,-10,3,22
28,-10,4,6
28,-10,5,26
28,-10,6,15
28,-10,7,5
28,-10,8,25
28,-10,9,18
28,-10,10,24
28,-10,11,7
28,-10,12,5
28,-10,13,7
28,-10,14,7
28,-10,15,13
28,-10,16,3
28,-10,17,2
28,-10,18,3
28,-10,20,1
28,-10,34,2
28,-10,37,2
28,-10,43,1
28,-9,-36,1
28,-9,-34,2
28,-9,-32,1
28,-9,-30,2
28,-9,-29,1
28,-9,-28,3
28,-9,-27,1
28,-9,-26,4
28,-9,-25,1
28,-9,-24,1
28,-9,-23,9
28,-9,-22,2
28,-9,-21,6
28,-9,-20,7
28,-9,-19,9
28,-9,-18,8
28,-9,-17,3
28,-9,-10,1
28,-9,-9,8
28,-9,-8,25
28,-9,-7,24
28,-9,-6,20
28,-9,-5,29
28,-9,-4,18
28,-9,-3,35
28,-9,-2,35
28,-9,-1,33
28,-9,0,29
28,-9,1,33
28,-9,2,36
28,-9,3,22
28,-9,4,30
28,-9,5,33
28,-9,6,14
28,-9,7,11
28,-9,8,20
28,-9,9,25
28,-9,10,17
28,-9,11,7
28,-9,12,12
28,-9,13,13
28,-9,14,11
28,-9,15,9
28,-9,16,11
28,-9,17,2
28,-9,29,1
28,-9,30,1
28,-8,-35,1
28,-8,-34,1
28,-8,-33,1
28,-8,-32,3
28,-8,-31,3
28,-8,-30,2
28,-8,-29,5
28,-8,-28,1
28,-8,-27,4
28,-8,-26,2
28,-8,-25,3
28,-8,-24,3
28,-8,-23,1
28,-8,-22,6
28,-8,-21,4
28,-8,-20,3
28,-8,-19,9
28,-8,-18,17
28,-8,-17,15
28,-8,-16,4
28,-8,-9,1
28,-8,-8,5
28,-8,-7,46
28,-8,-6,50
28,-8,-5,44
28,-8,-4,27
28,-8,-3,38
28,-8,-2,44
28,-8,-1,46
28,-8,0,11
28,-8,1,42
28,-8,2,43
28,-8,3,41
28,-8,4,68
28,-8,5,49
28,-8,6,47
28,-8,7,34
28,-8,8,30
28,-8,9,30
28,-8,10,21
28,-8,11,18
28,-8,12,5
28,-8,13,9
28,-8,14,14
28,-8,15,10
28,-8,16,3
28,-8,29,1
28,-8,32,1
28,-8,40,1
28,-7,-36,1
28,-7,-32,1
28,-7,-31,2
28,-7,-30,1
28,-7,-28,2
28,-7,-27,5
28,-7,-26,3
28,-7,-25,3
28,-7,-24,2
28,-7,-23,3
28,-7,-22,5
28,-7,-21,6
28,-7,-20,8
28,-7,-19,12
28,-7,-18,7
28,-7,-17,16
28,-7,-16,21
28,-7,-15,18
28,-7,-14,2
28,-7,-9,5
28,-7,-8,6
28,-7,-7,14
28,-7,-6,37
28,-7,-5,60
28,-7,-4,70
28,-7,-3,42
28,-7,-2,52
28,-7,-1,29
28,-7,0,20
28,-7,1,72
28,-7,2,44
28,-7,3,50
28,-7,4,93
28,-7,5,107
28,-7,6,77
28,-7,7,56
28,-7,8,37
28,-7,9,24
28,-7,10,14
28,-7,11,15
28,-7,12,15
28,-7,13,13
28,-7,14,5
28,-7,15,1
28,-7,28,2
28,-7,29,1
28,-7,32,1
28,-7,35,2
28,-6,-31,2
28,-6,-30,1
28,-6,-29,1
28,-6,-28,3
28,-6,-27,2
28,-6,-25,1
28,-6,-24,6
28,-6,-23,5
28,-6,-22,6
28,-6,-21,6
28,-6,-20,9
28,-6,-19,8
28,-6,-18,8
28,-6,-17,15
28,-6,-16,22
28,-6,-15,24
28,-6,-14,25
28,-6,-13,11
28,-6,-12,4
28,-6,-11,2
28,-6,-8,2
28,-6,-7,28
28,-6,-6,69
28,-6,-5,70
28,-6,-4,137
28,-6,-3,53
28,-6,-2,31
28,-6,-1,77
28,-6,0,66
28,-6,1,53
28,-6,2,79
28,-6,3,65
28,-6,4,96
28,-6,5,88
28,-6,6,71
28,-6,7,85
28,-6,8,45
28,-6,9,21
28,-6,10,23
28,-6,11,26
28,-6,12,16
28,-6,13,8
28,-6,19,1
28,-6,20,6
28,-6,21,1
28,-6,32,1
28,-5,-32,2
28,-5,-30,1
28,-5,-26,2
28,-5,-25,2
28,-5,-24,4
28,-5,-23,3
28,-5,-22,10
28,-5,-21,8
28,-5,-20,10
28,-5,-19,13
28,-5,-18,7
28,-5,-17,5
28,-5,-16,17
28,-5,-15,20
28,-5,-14,25
28,-5,-13,28
28,-5,-12,45
28,-5,-11,31
28,-5,-10,36
28,-5,-9,6
28,-5,-8,1
28,-5,-7,28
28,-5,-6,85
28,-5,-5,128
28,-5,-4,180
28,-5,-3,124
28,-5,-2,48
28,-5,-1,63
28,-5,0,70
28,-5,1,77
28,-5,2,69
28,-5,3,119
28,-5,4,155
28,-5,5,61
28,-5,6,67
28,-5,7,75
28,-5,8,31
28,-5,9,9
28,-5,10,23
28,-5,11,16
28,-5,12,2
28,-5,13,1
28,-5,14,6
28,-5,15,5
28,-5,16,4
28,-5,17,7
28,-5,18,12
28,-5,19,7
28,-5,20,2
28,-5,22,1
28,-5,23,1
28,-4,-30,1
28,-4,-28,1
28,-4,-27,2
28,-4,-26,2
28,-4,-24,2
28,-4,-23,3
28,-4,-22,3
28,-4,-21,6
28,-4,-20,9
28,-4,-19,7
28,-4,-18,6
28,-4,-17,10
28,-4,-16,4
28,-4,-15,16
28,-4,-14,32
28,-4,-13,35
28,-4,-12,33
28,-4,-11,52
28,-4,-10,51
28,-4,-9,27
28,-4,-8,17
28,-4,-7,38
28,-4,-6,40
28,-4,-5,141
28,-4,-4,369
28,-4,-3,420
28,-4,-2,131
28,-4,-1,75
28,-4,0,84
28,-4,1,106
28,-4,2,103
28,-4,3,179
28,-4,4,108
28,-4,5,55
28,-4,6,60
28,-4,7,51
28,-4,8,18
28,-4,9,25
28,-4,10,8
28,-4,11,15
28,-4,12,11
28,-4,13,10
28,-4,14,18
28,-4,15,12
28,-4,16,7
28,-4,17,6
28,-4,18,5
28,-4,19,6
28,-4,20,2
28,-3,-26,1
28,-3,-24,2
28,-3,-23,6
28,-3,-22,3
28,-3,-21,3
28,-3,-20,5
28,-3,-19,1
28,-3,-18,3
28,-3,-17,2
28,-3,-16,2
28,-3,-15,7
28,-3,-14,15
28,-3,-13,39
28,-3,-12,45
28,-3,-11,74
28,-3,-10,65
28,-3,-9,53
28,-3,-8,39
28,-3,-7,12
28,-3,-6,68
28,-3,-5,146
28,-3,-4,386
28,-3,-3,695
28,-3,-2,186
28,-3,-1,79
28,-3,0,63
28,-3,1,148
28,-3,2,222
28,-3,3,332
28,-3,4,114
28,-3,5,71
28,-3,6,64
28,-3,7,48
28,-3,8,25
28,-3,9,26
28,-3,10,1
28,-3,11,10
28,-3,12,12
28,-3,13,15
28,-3,14,14
28,-3,15,7
28,-3,16,2
28,-3,17,1
28,-2,-19,3
28,-2,-18,2
28,-2,-17,4
28,-2,-16,5
28,-2,-15,6
28,-2,-14,16
28,-2,-13,28
28,-2,-12,54
28,-2,-11,43
28,-2,-10,47
28,-2,-9,51
28,-2,-8,115
28,-2,-7,80
28,-2,-6,33
28,-2,-5,174
28,-2,-4,391
28,-2,-3,516
28,-2,-2,341
28,-2,-1,117
28,-2,0,39
28,-2,1,95
28,-2,2,155
28,-2,3,183
28,-2,4,137
28,-2,5,140
28,-2,6,168
28,-2,7,63
28,-2,8,27
28,-2,9,18
28,-2,10,2
28,-1,-14,5
28,-1,-13,18
28,-1,-12,35
28,-1,-11,38
28,-1,-10,57
28,-1,-9,79
28,-1,-8,98
28,-1,-7,138
28,-1,-6,155
28,-1,-5,147
28,-1,-4,299
28,-1,-3,488
28,-1,-2,292
28,-1,-1,92
28,-1,0,106
28,-1,1,192
28,-1,2,318
28,-1,3,190
28,-1,4,234
28,-1,5,233
28,-1,6,132
28,-1,7,69
28,-1,8,34
28,-1,9,15
28,-1,10,5
28,-1,18,1
28,0,-14,1
28,0,-13,4
28,0,-12,20
28,0,-11,46
28,0,-10,57
28,0,-9,58
28,0,-8,111
28,0,-7,126
28,0,-6,63
28,0,-5,34
28,0,-4,304
28,0,-3,390
28,0,-2,374
28,0,-1,77
28,0,0,95
28,0,1,215
28,0,2,215
28,0,3,126
28,0,4,45
28,0,5,32
28,0,6,27
28,0,7,13
28,0,8,7
28,0,9,10
28,0,10,7
28,0,12,3
28,1,-16,1
28,1,-15,2
28,1,-14,6
28,1,-13,18
28,1,-12,34
28,1,-11,31
28,1,-10,16
28,1,-9,26
28,1,-8,59
28,1,-7,44
28,1,-6,26
28,1,-5,24
28,1,-4,157
28,1,-3,272
28,1,-2,151
28,1,-1,85
28,1,0,43
28,1,1,34
28,1,2,62
28,1,3,46
28,1,4,39
28,1,5,46
28,1,6,22
28,1,7,18
28,1,8,15
28,1,9,4
28,2,-24,1
28,2,-22,3
28,2,-19,1
28,2,-18,1
28,2,-16,3
28,2,-15,7
28,2,-14,15
28,2,-13,38
28,2,-12,31
28,2,-11,18
28,2,-10,6
28,2,-9,7
28,2,-8,10
28,2,-7,2
28,2,-6,9
28,2,-5,8
28,2,-4,4
28,2,-3,106
28,2,-2,126
28,2,-1,54
28,2,0,31
28,2,1,31
28,2,2,102
28,2,3,72
28,2,4,46
28,2,5,19
28,2,7,3
28,2,8,4
28,2,9,2
28,3,-28,2
28,3,-25,1
28,3,-21,1
28,3,-20,1
28,3,-19,1
28,3,-18,4
28,3,-17,5
28,3,-16,6
28,3,-15,7
28,3,-14,7
28,3,-13,15
28,3,-12,33
28,3,-11,20
28,3,-10,24
28,3,-9,10
28,3,-8,16
28,3,-7,7
28,3,-6,11
28,3,-5,23
28,3,-4,19
28,3,-3,99
28,3,-2,84
28,3,-1,42
28,3,0,11
28,3,1,26
28,3,2,10
28,3,3,25
28,3,4,16
28,3,5,1
28,4,-26,1
28,4,-25,1
28,4,-24,3
28,4,-23,5
28,4,-22,1
28,4,-21,2
28,4,-20,3
28,4,-19,6
28,4,-18,5
28,4,-17,6
28,4,-16,3
28,4,-15,6
28,4,-14,8
28,4,-13,12
28,4,-12,9
28,4,-11,5
28,4,-10,4
28,4,-9,1
28,4,-8,3
28,4,-7,10
28,4,-6,1
28,4,-5,26
28,4,-4,78
28,4,-3,86
28,4,-2,37
28,4,-1,6
28,4,1,3
28,5,-30,1
28,5,-29,1
28,5,-27,2
28,5,-26,1
28,5,-24,2
28,5,-23,1
28,5,-22,1
28,5,-21,1
28,5,-20,4
28,5,-19,6
28,5,-18,4
28,5,-17,11
28,5,-16,15
28,5,-15,11
28,5,-14,31
28,5,-13,28
28,5,-12,15
28,5,-11,3
28,5,-10,8
28,5,-9,2
28,5,-8,2
28,5,-5,9
28,5,-4,21
28,5,-3,1
28,6,-28,4
28,6,-27,1
28,6,-26,1
28,6,-25,1
28,6,-23,2
28,6,-22,5
28,6,-21,5
28,6,-20,6
28,6,-19,4
28,6,-18,5
28,6,-17,9
28,6,-16,11
28,6,-15,12
28,6,-14,24
28,6,-13,26
28,6,-12,11
28,6,-11,18
28,6,-10,10
28,6,-9,12
28,6,-8,2
28,7,-29,3
28,7,-28,1
28,7,-26,2
28,7,-25,3
28,7,-21,3
28,7,-20,1
28,7,-19,3
28,7,-18,7
28,7,-17,3
28,7,-16,5
28,7,-15,10
28,7,-14,12
28,7,-13,10
28,7,-12,8
28,7,-11,1
28,7,-10,6
28,8,-24,2
28,8,-22,6
28,8,-21,3
28,8,-20,11
28,8,-19,10
28,8,-18,3
28,8,-17,7
28,8,-16,20
28,8,-15,4
28,8,-14,2
28,8,-13,2
28,9,-27,1
28,9,-26,1
28,9,-24,2
28,9,-23,3
28,9,-22,5
28,9,-21,2
28,9,-20,3
28,9,-19,3
28,9,-18,10
28,9,-17,2
28,9,-16,2
28,10,-26,2
28,10,-25,1
28,10,-21,3
28,10,-20,1
28,10,-19,4
28,11,-54,1
28,11,-27,1
28,11,-26,1
28,11,-25,3
28,11,-24,1
28,11,-22,3
28,11,-21,1
28,12,-59,1
28,12,-56,1
28,12,-30,1
28,12,-27,2
28,14,-65,1
28,14,-52,1
28,14,-32,1
28,16,-41,1
29,-38,-5,1
29,-36,19,1
29,-36,23,1
29,-35,-65,1
29,-34,-53,1
29,-34,21,1
29,-33,-63,1
29,-32,16,1
29,-31,-40,1
29,-30,-62,1
29,-30,-30,1
29,-30,-20,1
29,-29,-32,1
29,-28,107,1
29,-25,-36,1
29,-24,-25,1
29,-24,6,1
29,-24,25,1
29,-23,-36,1
29,-23,5,1
29,-23,7,1
29,-22,-67,1
29,-22,-7,1
29,-22,0,1
29,-22,5,1
29,-22,6,1
29,-22,7,1
29,-22,23,1
29,-22,38,1
29,-21,-19,1
29,-21,-16,1
29,-21,-15,1
29,-21,-8,1
29,-21,-7,1
29,-21,-5,1
29,-21,2,1
29,-21,4,3
29,-21,5,2
29,-21,13,2
29,-21,22,1
29,-20,-57,1
29,-20,-40,1
29,-20,-27,1
29,-20,-22,1
29,-20,-20,1
29,-20,-15,1
29,-20,-11,2
29,-20,-7,1
29,-20,-6,1
29,-20,4,3
29,-20,6,2
29,-20,7,2
29,-20,14,1
29,-20,20,1
29,-20,28,1
29,-20,69,1
29,-19,-20,2
29,-19,-19,1
29,-19,-14,1
29,-19,-13,1
29,-19,-10,1
29,-19,-6,1
29,-19,-5,4
29,-19,0,1
29,-19,4,1
29,-19,5,2
29,-19,6,3
29,-19,7,1
29,-19,17,1
29,-19,20,1
29,-19,26,1
29,-18,-50,1
29,-18,-18,1
29,-18,-13,2
29,-18,-12,1
29,-18,-11,1
29,-18,-6,2
29,-18,-5,2
29,-18,-3,1
29,-18,3,2
29,-18,4,4
29,-18,5,3
29,-18,6,2
29,-18,7,1
29,-18,13,1
29,-18,16,1
29,-18,24,1
29,-18,26,1
29,-18,31,1
29,-18,63,1
29,-17,-30,1
29,-17,-29,1
29,-17,-15,3
29,-17,-13,1
29,-17,-10,1
29,-17,-5,1
29,-17,-4,1
29,-17,-3,3
29,-17,1,1
29,-17,2,4
29,-17,3,3
29,-17,4,8
29,-17,5,1
29,-17,6,3
29,-17,7,2
29,-17,10,1
29,-17,12,1
29,-17,14,1
29,-17,17,2
29,-17,18,1
29,-17,22,2
29,-17,24,1
29,-17,25,1
29,-17,29,2
29,-17,58,1
29,-16,-48,1
29,-16,-28,1
29,-16,-26,1
29,-16,-24,1
29,-16,-23,1
29,-16,-22,1
29,-16,-15,1
29,-16,-12,1
29,-16,-11,3
29,-16,-10,6
29,-16,-9,1
29,-16,-6,3
29,-16,-5,7
29,-16,-4,6
29,-16,-3,3
29,-16,1,1
29,-16,2,6
29,-16,3,6
29,-16,4,3
29,-16,5,4
29,-16,6,1
29,-16,7,1
29,-16,9,1
29,-16,10,1
29,-16,11,2
29,-16,12,1
29,-16,13,1
29,-16,14,1
29,-16,16,1
29,-16,17,1
29,-16,18,2
29,-16,19,1
29,-16,20,2
29,-16,27,1
29,-16,28,1
29,-15,-37,1
29,-15,-28,1
29,-15,-25,2
29,-15,-21,3
29,-15,-19,3
29,-15,-16,1
29,-15,-14,4
29,-15,-10,2
29,-15,-9,1
29,-15,-8,1
29,-15,-6,2
29,-15,-5,10
29,-15,-4,7
29,-15,-3,4
29,-15,-2,2
29,-15,1,1
29,-15,2,4
29,-15,3,8
29,-15,4,7
29,-15,5,2
29,-15,7,3
29,-15,8,5
29,-15,9,3
29,-15,11,4
29,-15,12,2
29,-15,13,1
29,-15,14,1
29,-15,15,1
29,-15,16,2
29,-15,18,1
29,-15,20,3
29,-15,67,1
29,-14,-54,1
29,-14,-45,1
29,-14,-28,2
29,-14,-21,1
29,-14,-20,1
29,-14,-19,2
29,-14,-18,5
29,-14,-16,1
29,-14,-14,3
29,-14,-13,3
29,-14,-12,2
29,-14,-10,2
29,-14,-9,10
29,-14,-8,4
29,-14,-7,2
29,-14,-6,2
29,-14,-5,17
29,-14,-4,7
29,-14,-3,15
29,-14,-2,1
29,-14,0,2
29,-14,1,4
29,-14,2,10
29,-14,3,11
29,-14,4,8
29,-14,5,6
29,-14,6,6
29,-14,7,3
29,-14,8,7
29,-14,9,7
29,-14,10,5
29,-14,11,2
29,-14,13,4
29,-14,14,7
29,-14,15,6
29,-14,16,3
29,-14,17,4
29,-14,18,2
29,-14,19,1
29,-14,20,1
29,-14,24,2
29,-14,25,1
29,-14,26,1
29,-13,-40,1
29,-13,-35,1
29,-13,-26,2
29,-13,-25,2
29,-13,-24,1
29,-13,-20,2
29,-13,-19,1
29,-13,-18,1
29,-13,-17,6
29,-13,-16,2
29,-13,-15,2
29,-13,-13,3
29,-13,-12,4
29,-13,-9,2
29,-13,-8,4
29,-13,-7,3
29,-13,-6,7
29,-13,-5,6
29,-13,-4,12
29,-13,-3,9
29,-13,-2,10
29,-13,-1,5
29,-13,0,3
29,-13,1,9
29,-13,2,14
29,-13,3,5
29,-13,4,10
29,-13,5,6
29,-13,6,13
29,-13,7,8
29,-13,8,7
29,-13,9,11
29,-13,10,8
29,-13,11,6
29,-13,12,8
29,-13,13,5
29,-13,14,3
29,-13,15,7
29,-13,16,2
29,-13,18,3
29,-13,19,2
29,-13,21,2
29,-13,22,4
29,-13,56,1
29,-13,60,1
29,-13,87,1
29,-12,-44,2
29,-12,-34,1
29,-12,-30,1
29,-12,-27,1
29,-12,-26,2
29,-12,-25,1
29,-12,-24,1
29,-12,-22,1
29,-12,-21,2
29,-12,-19,1
29,-12,-18,4
29,-12,-17,2
29,-12,-16,4
29,-12,-15,3
29,-12,-14,3
29,-12,-13,1
29,-12,-12,1
29,-12,-9,6
29,-12,-8,2
29,-12,-7,6
29,-12,-6,23
29,-12,-5,14
29,-12,-4,17
29,-12,-3,14
29,-12,-2,15
29,-12,-1,9
29,-12,0,6
29,-12,1,10
29,-12,2,11
29,-12,3,12
29,-12,4,14
29,-12,5,10
29,-12,6,22
29,-12,7,15
29,-12,8,28
29,-12,9,5
29,-12,10,6
29,-12,11,8
29,-12,12,9
29,-12,13,10
29,-12,14,4
29,-12,15,2
29,-12,16,5
29,-12,17,3
29,-12,18,1
29,-12,19,2
29,-12,20,2
29,-12,21,1
29,-12,51,1
29,-12,52,2
29,-12,82,1
29,-11,-40,1
29,-11,-34,2
29,-11,-33,1
29,-11,-32,1
29,-11,-29,1
29,-11,-28,1
29,-11,-27,2
29,-11,-26,1
29,-11,-24,1
29,-11,-23,2
29,-11,-22,3
29,-11,-21,3
29,-11,-20,2
29,-11,-19,3
29,-11,-18,5
29,-11,-17,2
29,-11,-16,5
29,-11,-15,3
29,-11,-14,5
29,-11,-11,1
29,-11,-9,3
29,-11,-8,11
29,-11,-7,9
29,-11,-6,28
29,-11,-5,15
29,-11,-4,18
29,-11,-3,22
29,-11,-2,31
29,-11,-1,22
29,-11,0,14
29,-11,1,15
29,-11,2,21
29,-11,3,28
29,-11,4,18
29,-11,5,15
29,-11,6,14
29,-11,7,18
29,-11,8,15
29,-11,9,12
29,-11,10,6
29,-11,11,11
29,-11,12,17
29,-11,13,5
29,-11,14,3
29,-11,15,5
29,-11,16,6
29,-11,17,4
29,-11,18,5
29,-11,19,4
29,-10,-38,1
29,-10,-37,1
29,-10,-35,1
29,-10,-33,1
29,-10,-32,1
29,-10,-30,2
29,-10,-29,3
29,-10,-28,1
29,-10,-26,2
29,-10,-25,1
29,-10,-24,1
29,-10,-23,1
29,-10,-22,2
29,-10,-21,3
29,-10,-20,2
29,-10,-19,1
29,-10,-18,7
29,-10,-17,3
29,-10,-16,4
29,-10,-14,1
29,-10,-13,2
29,-10,-12,1
29,-10,-10,6
29,-10,-9,7
29,-10,-8,12
29,-10,-7,9
29,-10,-6,32
29,-10,-5,7
29,-10,-4,34
29,-10,-3,22
29,-10,-2,47
29,-10,-1,19
29,-10,0,27
29,-10,1,36
29,-10,2,29
29,-10,3,28
29,-10,4,18
29,-10,5,42
29,-10,6,23
29,-10,7,22
29,-10,8,14
29,-10,9,20
29,-10,10,14
29,-10,11,7
29,-10,12,2
29,-10,13,9
29,-10,14,12
29,-10,15,7
29,-10,16,6
29,-10,17,6
29,-10,31,1
29,-9,-33,1
29,-9,-32,2
29,-9,-28,2
29,-9,-26,3
29,-9,-25,1
29,-9,-24,3
29,-9,-23,3
29,-9,-22,3
29,-9,-21,3
29,-9,-20,6
29,-9,-19,2
29,-9,-18,7
29,-9,-17,8
29,-9,-16,9
29,-9,-15,8
29,-9,-14,1
29,-9,-9,15
29,-9,-8,11
29,-9,-7,8
29,-9,-6,17
29,-9,-5,29
29,-9,-4,34
29,-9,-3,22
29,-9,-2,38
29,-9,-1,36
29,-9,0,35
29,-9,1,43
29,-9,2,36
29,-9,3,32
29,-9,4,53
29,-9,5,35
29,-9,6,25
29,-9,7,22
29,-9,8,41
29,-9,9,30
29,-9,10,11
29,-9,11,12
29,-9,12,12
29,-9,13,11
29,-9,14,8
29,-9,15,6
29,-9,16,1
29,-9,17,2
29,-9,18,1
29,-9,34,1
29,-9,40,1
29,-8,-31,1
29,-8,-30,2
29,-8,-28,2
29,-8,-27,4
29,-8,-25,3
29,-8,-24,4
29,-8,-23,2
29,-8,-22,3
29,-8,-21,3
29,-8,-20,1
29,-8,-19,5
29,-8,-18,9
29,-8,-17,11
29,-8,-16,9
29,-8,-15,10
29,-8,-14,13
29,-8,-13,4
29,-8,-8,31
29,-8,-7,44
29,-8,-6,24
29,-8,-5,46
29,-8,-4,42
29,-8,-3,36
29,-8,-2,32
29,-8,-1,55
29,-8,0,58
29,-8,1,54
29,-8,2,50
29,-8,3,21
29,-8,4,79
29,-8,5,27
29,-8,6,22
29,-8,7,26
29,-8,8,43
29,-8,9,17
29,-8,10,16
29,-8,11,24
29,-8,12,14
29,-8,13,6
29,-8,14,5
29,-8,15,4
29,-8,16,2
29,-8,25,2
29,-8,26,3
29,-8,27,2
29,-8,29,1
29,-8,30,1
29,-8,35,1
29,-8,37,1
29,-8,38,1
29,-7,-30,1
29,-7,-28,1
29,-7,-27,2
29,-7,-26,4
29,-7,-25,4
29,-7,-24,6
29,-7,-23,7
29,-7,-22,4
29,-7,-21,7
29,-7,-20,1
29,-7,-19,3
29,-7,-18,7
29,-7,-17,11
29,-7,-16,12
29,-7,-15,20
29,-7,-14,7
29,-7,-13,9
29,-7,-12,3
29,-7,-7,14
29,-7,-6,65
29,-7,-5,50
29,-7,-4,69
29,-7,-3,37
29,-7,-2,38
29,-7,-1,45
29,-7,0,29
29,-7,1,52
29,-7,2,59
29,-7,3,49
29,-7,4,84
29,-7,5,43
29,-7,6,45
29,-7,7,59
29,-7,8,45
29,-7,9,34
29,-7,10,15
29,-7,11,12
29,-7,12,21
29,-7,13,9
29,-7,22,4
29,-7,23,1
29,-7,24,4
29,-7,25,2
29,-7,26,3
29,-7,31,2
29,-7,39,1
29,-6,-26,2
29,-6,-25,4
29,-6,-24,2
29,-6,-23,8
29,-6,-22,5
29,-6,-21,3
29,-6,-20,5
29,-6,-19,7
29,-6,-18,10
29,-6,-17,10
29,-6,-16,10
29,-6,-15,16
29,-6,-14,25
29,-6,-13,32
29,-6,-12,13
29,-6,-7,9
29,-6,-6,31
29,-6,-5,65
29,-6,-4,113
29,-6,-3,83
29,-6,-2,78
29,-6,-1,58
29,-6,0,50
29,-6,1,86
29,-6,2,91
29,-6,3,112
29,-6,4,122
29,-6,5,116
29,-6,6,77
29,-6,7,59
29,-6,8,14
29,-6,9,16
29,-6,10,27
29,-6,11,16
29,-6,12,10
29,-6,21,1
29,-6,23,1
29,-6,24,1
29,-6,25,2
29,-6,27,1
29,-6,29,1
29,-6,30,2
29,-6,31,2
29,-5,-27,2
29,-5,-24,2
29,-5,-23,5
29,-5,-22,4
29,-5,-21,5
29,-5,-20,9
29,-5,-19,8
29,-5,-18,11
29,-5,-17,15
29,-5,-16,15
29,-5,-15,18
29,-5,-14,23
29,-5,-13,33
29,-5,-12,39
29,-5,-11,42
29,-5,-10,22
29,-5,-6,28
29,-5,-5,83
29,-5,-4,146
29,-5,-3,226
29,-5,-2,103
29,-5,-1,90
29,-5,0,82
29,-5,1,127
29,-5,2,130
29,-5,3,208
29,-5,4,193
29,-5,5,127
29,-5,6,89
29,-5,7,40
29,-5,8,49
29,-5,9,48
29,-5,10,30
29,-5,11,4
29,-5,15,1
29,-5,16,3
29,-5,17,3
29,-5,19,1
29,-5,20,1
29,-5,23,2
29,-5,25,2
29,-4,-25,1
29,-4,-24,1
29,-4,-23,4
29,-4,-22,1
29,-4,-21,6
29,-4,-20,11
29,-4,-19,13
29,-4,-18,11
29,-4,-17,22
29,-4,-16,20
29,-4,-15,27
29,-4,-14,19
29,-4,-13,22
29,-4,-12,49
29,-4,-11,53
29,-4,-10,50
29,-4,-9,73
29,-4,-8,49
29,-4,-7,27
29,-4,-6,14
29,-4,-5,139
29,-4,-4,373
29,-4,-3,585
29,-4,-2,176
29,-4,-1,96
29,-4,0,128
29,-4,1,180
29,-4,2,320
29,-4,3,391
29,-4,4,152
29,-4,5,172
29,-4,6,117
29,-4,7,21
29,-4,8,21
29,-4,9,12
29,-4,10,9
29,-4,11,13
29,-4,12,8
29,-4,13,16
29,-4,14,14
29,-4,15,9
29,-4,16,6
29,-4,17,2
29,-4,18,1
29,-3,-22,6
29,-3,-21,4
29,-3,-20,7
29,-3,-19,12
29,-3,-18,8
29,-3,-17,14
29,-3,-16,12
29,-3,-15,14
29,-3,-14,13
29,-3,-13,20
29,-3,-12,16
29,-3,-11,33
29,-3,-10,71
29,-3,-9,100
29,-3,-8,153
29,-3,-7,99
29,-3,-6,83
29,-3,-5,135
29,-3,-4,388
29,-3,-3,954
29,-3,-2,664
29,-3,-1,196
29,-3,0,167
29,-3,1,398
29,-3,2,604
29,-3,3,317
29,-3,4,200
29,-3,5,203
29,-3,6,73
29,-3,7,57
29,-3,8,21
29,-3,9,23
29,-3,10,33
29,-3,11,32
29,-3,12,26
29,-3,13,14
29,-3,14,10
29,-3,15,4
29,-3,17,2
29,-2,-19,2
29,-2,-18,2
29,-2,-17,4
29,-2,-16,5
29,-2,-15,10
29,-2,-14,8
29,-2,-13,4
29,-2,-12,7
29,-2,-11,17
29,-2,-10,70
29,-2,-9,109
29,-2,-8,206
29,-2,-7,244
29,-2,-6,268
29,-2,-5,166
29,-2,-4,544
29,-2,-3,971
29,-2,-2,1019
29,-2,-1,337
29,-2,0,171
29,-2,1,308
29,-2,2,686
29,-2,3,342
29,-2,4,273
29,-2,5,154
29,-2,6,80
29,-2,7,29
29,-2,8,12
29,-2,9,13
29,-2,10,18
29,-2,11,8
29,-2,12,4
29,-2,13,1
29,-1,-13,2
29,-1,-12,3
29,-1,-11,20
29,-1,-10,37
29,-1,-9,108
29,-1,-8,204
29,-1,-7,320
29,-1,-6,540
29,-1,-5,652
29,-1,-4,536
29,-1,-3,959
29,-1,-2,822
29,-1,-1,252
29,-1,0,152
29,-1,1,453
29,-1,2,659
29,-1,3,677
29,-1,4,412
29,-1,5,316
29,-1,6,94
29,-1,7,20
29,-1,8,2
29,-1,14,2
29,-1,15,2
29,-1,16,1
29,0,-44,1
29,0,-11,4
29,0,-10,19
29,0,-9,65
29,0,-8,146
29,0,-7,218
29,0,-6,468
29,0,-5,446
29,0,-4,171
29,0,-3,481
29,0,-2,705
29,0,-1,170
29,0,0,116
29,0,1,344
29,0,2,365
29,0,3,190
29,0,4,116
29,0,5,55
29,0,6,20
29,0,7,10
29,0,8,12
29,0,9,4
29,0,10,1
29,1,-15,2
29,1,-13,3
29,1,-12,5
29,1,-11,26
29,1,-10,55
29,1,-9,82
29,1,-8,51
29,1,-7,82
29,1,-6,146
29,1,-5,72
29,1,-4,34
29,1,-3,113
29,1,-2,401
29,1,-1,207
29,1,0,50
29,1,1,55
29,1,2,192
29,1,3,94
29,1,4,36
29,1,5,70
29,1,6,60
29,1,7,12
29,2,-20,3
29,2,-19,2
29,2,-18,1
29,2,-17,2
29,2,-16,1
29,2,-15,4
29,2,-14,2
29,2,-13,8
29,2,-12,14
29,2,-11,22
29,2,-10,38
29,2,-9,60
29,2,-8,53
29,2,-7,67
29,2,-6,60
29,2,-5,44
29,2,-4,47
29,2,-3,82
29,2,-2,216
29,2,-1,126
29,2,0,65
29,2,1,60
29,2,2,252
29,2,3,75
29,2,4,7
29,3,-22,1
29,3,-21,2
29,3,-19,6
29,3,-18,5
29,3,-17,8
29,3,-16,6
29,3,-15,8
29,3,-14,16
29,3,-13,20
29,3,-12,8
29,3,-11,16
29,3,-10,31
29,3,-9,23
29,3,-8,10
29,3,-7,5
29,3,-6,9
29,3,-5,21
29,3,-4,71
29,3,-3,235
29,3,-2,120
29,3,-1,20
29,3,0,2
29,3,1,6
29,4,-25,1
29,4,-24,1
29,4,-23,1
29,4,-22,3
29,4,-21,5
29,4,-20,8
29,4,-19,3
29,4,-18,9
29,4,-17,5
29,4,-16,9
29,4,-15,14
29,4,-14,18
29,4,-13,16
29,4,-12,29
29,4,-11,34
29,4,-10,34
29,4,-9,24
29,4,-8,14
29,4,-7,8
29,4,-6,2
29,4,-5,1
29,4,-4,13
29,4,-3,35
29,5,-26,1
29,5,-22,3
29,5,-21,8
29,5,-20,5
29,5,-19,8
29,5,-18,4
29,5,-17,5
29,5,-16,3
29,5,-15,9
29,5,-14,11
29,5,-13,16
29,5,-12,24
29,5,-11,33
29,5,-10,22
29,5,-9,24
29,5,-8,12
29,5,-7,5
29,6,-83,1
29,6,-81,1
29,6,-35,1
29,6,-32,1
29,6,-30,1
29,6,-29,1
29,6,-24,2
29,6,-22,1
29,6,-21,1
29,6,-18,2
29,6,-17,6
29,6,-16,20
29,6,-15,8
29,6,-14,6
29,6,-13,10
29,6,-12,18
29,6,-11,8
29,6,-10,2
29,7,-36,1
29,7,-32,1
29,7,-26,1
29,7,-21,1
29,7,-20,3
29,7,-19,9
29,7,-18,8
29,7,-17,6
29,7,-16,9
29,7,-15,9
29,7,-14,10
29,7,-13,7
29,8,-40,1
29,8,-35,1
29,8,-22,1
29,8,-21,2
29,8,-20,3
29,8,-19,4
29,8,-18,3
29,8,-17,9
29,8,-16,3
29,8,-15,1
29,9,-38,1
29,9,-37,1
29,9,-36,1
29,9,-33,1
29,9,-22,3
29,9,-21,4
29,9,-20,6
29,9,-19,3
29,9,-18,2
29,10,-51,1
29,10,-48,1
29,10,-40,1
29,10,-25,1
29,10,-24,2
29,10,-23,2
29,10,-22,2
29,11,-43,1
29,11,-26,2
29,20,-82,1
30,-28,-56,1
30,-28,21,1
30,-27,-47,1
30,-27,-45,1
30,-27,-30,1
30,-27,6,1
30,-27,22,1
30,-26,-35,1
30,-25,-47,1
30,-25,4,1
30,-25,7,1
30,-25,13,1
30,-25,14,1
30,-24,4,1
30,-24,6,2
30,-24,12,1
30,-24,15,1
30,-24,16,1
30,-24,19,2
30,-23,-46,1
30,-23,-45,1
30,-23,-23,1
30,-23,27,1
30,-22,-42,1
30,-22,-30,1
30,-22,-27,1
30,-22,-22,2
30,-22,-21,1
30,-22,-20,1
30,-22,-19,1
30,-22,-9,1
30,-22,-3,1
30,-22,5,2
30,-22,6,3
30,-22,7,1
30,-22,8,1
30,-22,10,1
30,-22,11,2
30,-22,12,1
30,-22,13,1
30,-22,15,1
30,-21,-71,1
30,-21,-28,1
30,-21,-14,1
30,-21,-3,1
30,-21,4,2
30,-21,5,4
30,-21,6,2
30,-21,9,1
30,-21,13,1
30,-21,18,1
30,-20,-26,1
30,-20,-18,1
30,-20,-11,1
30,-20,0,1
30,-20,2,1
30,-20,3,2
30,-20,4,3
30,-20,5,2
30,-20,6,3
30,-20,7,1
30,-20,10,1
30,-20,11,1
30,-20,12,1
30,-20,16,1
30,-20,23,1
30,-20,34,1
30,-19,-38,1
30,-19,-36,1
30,-19,-30,1
30,-19,-24,1
30,-19,-23,1
30,-19,-13,1
30,-19,-11,1
30,-19,-3,1
30,-19,1,1
30,-19,2,1
30,-19,3,3
30,-19,4,2
30,-19,5,3
30,-19,6,3
30,-19,9,1
30,-19,14,2
30,-19,15,1
30,-19,22,1
30,-18,-37,1
30,-18,-25,1
30,-18,-18,1
30,-18,-16,2
30,-18,-11,1
30,-18,-3,2
30,-18,1,2
30,-18,2,2
30,-18,3,5
30,-18,4,3
30,-18,5,3
30,-18,6,5
30,-18,9,1
30,-18,10,1
30,-18,14,1
30,-18,21,2
30,-18,31,1
30,-17,-42,2
30,-17,-24,1
30,-17,-18,2
30,-17,-10,2
30,-17,-6,2
30,-17,-5,1
30,-17,-3,1
30,-17,4,5
30,-17,5,4
30,-17,6,1
30,-17,10,1
30,-17,13,1
30,-17,14,1
30,-17,17,3
30,-17,20,1
30,-17,21,2
30,-17,66,1
30,-16,-31,1
30,-16,-29,1
30,-16,-22,1
30,-16,-17,2
30,-16,-16,2
30,-16,-15,2
30,-16,-12,3
30,-16,-11,2
30,-16,-10,2
30,-16,-9,1
30,-16,-4,2
30,-16,-3,1
30,-16,-1,1
30,-16,0,3
30,-16,1,1
30,-16,2,3
30,-16,3,8
30,-16,4,7
30,-16,5,6
30,-16,6,1
30,-16,9,2
30,-16,10,2
30,-16,11,3
30,-16,13,1
30,-16,14,1
30,-16,16,1
30,-16,17,1
30,-16,26,1
30,-16,30,1
30,-15,-28,2
30,-15,-27,1
30,-15,-26,1
30,-15,-22,1
30,-15,-21,2
30,-15,-19,1
30,-15,-17,1
30,-15,-16,2
30,-15,-15,3
30,-15,-11,2
30,-15,-9,6
30,-15,-8,1
30,-15,-6,1
30,-15,-5,13
30,-15,-4,2
30,-15,-3,1
30,-15,-1,1
30,-15,0,1
30,-15,1,2
30,-15,2,5
30,-15,3,20
30,-15,4,12
30,-15,5,10
30,-15,6,2
30,-15,8,3
30,-15,9,4
30,-15,10,6
30,-15,12,1
30,-15,15,4
30,-15,16,3
30,-15,17,4
30,-15,18,2
30,-15,20,2
30,-15,25,1
30,-15,50,1
30,-14,-40,1
30,-14,-30,1
30,-14,-29,1
30,-14,-27,1
30,-14,-24,2
30,-14,-23,1
30,-14,-22,2
30,-14,-21,1
30,-14,-20,2
30,-14,-15,2
30,-14,-13,2
30,-14,-11,2
30,-14,-10,4
30,-14,-9,2
30,-14,-8,5
30,-14,-7,1
30,-14,-5,7
30,-14,-4,10
30,-14,-3,1
30,-14,-2,4
30,-14,-1,1
30,-14,0,2
30,-14,1,2
30,-14,2,6
30,-14,3,14
30,-14,4,16
30,-14,5,7
30,-14,8,3
30,-14,10,4
30,-14,11,1
30,-14,12,2
30,-14,14,5
30,-14,15,2
30,-14,16,2
30,-14,17,3
30,-14,18,1
30,-14,22,1
30,-14,23,2
30,-14,24,3
30,-14,25,2
30,-14,48,1
30,-13,-36,1
30,-13,-35,1
30,-13,-25,1
30,-13,-24,1
30,-13,-23,3
30,-13,-20,2
30,-13,-19,2
30,-13,-18,1
30,-13,-17,2
30,-13,-15,2
30,-13,-14,3
30,-13,-13,7
30,-13,-12,3
30,-13,-10,4
30,-13,-9,6
30,-13,-8,14
30,-13,-7,5
30,-13,-5,3
30,-13,-4,14
30,-13,-3,11
30,-13,-2,5
30,-13,-1,1
30,-13,0,3
30,-13,1,9
30,-13,2,16
30,-13,3,12
30,-13,4,11
30,-13,5,6
30,-13,7,4
30,-13,8,4
30,-13,9,4
30,-13,11,5
30,-13,13,5
30,-13,14,4
30,-13,15,3
30,-13,16,1
30,-13,17,2
30,-13,18,4
30,-13,20,1
30,-13,21,2
30,-13,22,2
30,-13,23,1
30,-13,24,1
30,-12,-45,1
30,-12,-43,1
30,-12,-41,1
30,-12,-39,1
30,-12,-38,3
30,-12,-37,1
30,-12,-34,2
30,-12,-32,1
30,-12,-26,2
30,-12,-25,1
30,-12,-24,3
30,-12,-23,1
30,-12,-22,2
30,-12,-21,1
30,-12,-20,4
30,-12,-19,2
30,-12,-18,2
30,-12,-17,2
30,-12,-16,3
30,-12,-15,3
30,-12,-14,3
30,-12,-13,5
30,-12,-12,7
30,-12,-11,7
30,-12,-10,1
30,-12,-9,6
30,-12,-8,10
30,-12,-7,16
30,-12,-5,2
30,-12,-4,14
30,-12,-3,19
30,-12,-2,13
30,-12,0,5
30,-12,1,26
30,-12,2,28
30,-12,3,22
30,-12,4,20
30,-12,5,3
30,-12,6,6
30,-12,7,8
30,-12,8,10
30,-12,9,8
30,-12,10,3
30,-12,11,2
30,-12,12,6
30,-12,13,6
30,-12,14,6
30,-12,15,4
30,-12,16,5
30,-12,17,1
30,-12,19,3
30,-12,20,4
30,-12,21,1
30,-12,22,2
30,-12,23,1
30,-11,-36,1
30,-11,-32,3
30,-11,-31,3
30,-11,-30,2
30,-11,-29,1
30,-11,-28,2
30,-11,-23,5
30,-11,-22,2
30,-11,-21,4
30,-11,-20,3
30,-11,-19,7
30,-11,-18,3
30,-11,-17,2
30,-11,-16,7
30,-11,-15,4
30,-11,-14,8
30,-11,-13,2
30,-11,-12,1
30,-11,-11,5
30,-11,-10,3
30,-11,-8,14
30,-11,-7,10
30,-11,-6,7
30,-11,-5,9
30,-11,-4,11
30,-11,-3,24
30,-11,-2,27
30,-11,-1,3
30,-11,0,8
30,-11,1,31
30,-11,2,32
30,-11,3,24
30,-11,4,20
30,-11,5,20
30,-11,6,20
30,-11,7,16
30,-11,8,17
30,-11,9,9
30,-11,10,7
30,-11,11,14
30,-11,12,4
30,-11,13,9
30,-11,14,8
30,-11,15,4
30,-11,16,2
30,-11,18,2
30,-11,19,5
30,-11,20,4
30,-11,38,1
30,-10,-39,1
30,-10,-38,1
30,-10,-34,2
30,-10,-32,2
30,-10,-31,1
30,-10,-30,1
30,-10,-29,1
30,-10,-21,5
30,-10,-20,4
30,-10,-19,2
30,-10,-18,5
30,-10,-17,3
30,-10,-16,4
30,-10,-15,6
30,-10,-14,3
30,-10,-13,9
30,-10,-12,12
30,-10,-11,6
30,-10,-10,6
30,-10,-9,7
30,-10,-8,3
30,-10,-7,14
30,-10,-6,26
30,-10,-5,33
30,-10,-4,18
30,-10,-3,19
30,-10,-2,33
30,-10,-1,26
30,-10,0,21
30,-10,1,42
30,-10,2,31
30,-10,3,25
30,-10,4,26
30,-10,5,21
30,-10,6,26
30,-10,7,20
30,-10,8,12
30,-10,9,13
30,-10,10,21
30,-10,11,13
30,-10,12,8
30,-10,13,7
30,-10,14,6
30,-10,16,8
30,-10,17,3
30,-10,18,2
30,-10,35,1
30,-9,-34,1
30,-9,-30,1
30,-9,-29,2
30,-9,-28,1
30,-9,-27,3
30,-9,-26,4
30,-9,-25,3
30,-9,-24,2
30,-9,-23,1
30,-9,-22,3
30,-9,-20,4
30,-9,-19,4
30,-9,-18,4
30,-9,-17,10
30,-9,-16,12
30,-9,-15,12
30,-9,-14,11
30,-9,-13,10
30,-9,-12,13
30,-9,-11,16
30,-9,-10,10
30,-9,-9,13
30,-9,-8,12
30,-9,-7,9
30,-9,-6,17
30,-9,-5,29
30,-9,-4,26
30,-9,-3,20
30,-9,-2,30
30,-9,-1,35
30,-9,0,29
30,-9,1,42
30,-9,2,32
30,-9,3,26
30,-9,4,35
30,-9,5,47
30,-9,6,49
30,-9,7,30
30,-9,8,18
30,-9,9,23
30,-9,10,14
30,-9,11,9
30,-9,12,10
30,-9,13,11
30,-9,14,11
30,-9,15,6
30,-9,16,2
30,-9,38,1
30,-9,39,1
30,-9,58,1
30,-8,-33,1
30,-8,-31,1
30,-8,-30,1
30,-8,-29,3
30,-8,-28,1
30,-8,-26,8
30,-8,-25,3
30,-8,-24,2
30,-8,-23,6
30,-8,-22,9
30,-8,-21,4
30,-8,-20,3
30,-8,-19,1
30,-8,-18,4
30,-8,-17,9
30,-8,-16,15
30,-8,-15,15
30,-8,-14,14
30,-8,-13,13
30,-8,-12,18
30,-8,-11,20
30,-8,-10,16
30,-8,-9,16
30,-8,-8,11
30,-8,-7,5
30,-8,-6,18
30,-8,-5,49
30,-8,-4,71
30,-8,-3,50
30,-8,-2,43
30,-8,-1,40
30,-8,0,58
30,-8,1,58
30,-8,2,68
30,-8,3,44
30,-8,4,81
30,-8,5,69
30,-8,6,29
30,-8,7,44
30,-8,8,54
30,-8,9,30
30,-8,10,9
30,-8,11,15
30,-8,12,14
30,-8,13,9
30,-8,14,8
30,-8,15,1
30,-8,24,2
30,-8,27,2
30,-8,55,1
30,-7,-27,2
30,-7,-26,6
30,-7,-25,7
30,-7,-24,1
30,-7,-23,3
30,-7,-22,4
30,-7,-21,6
30,-7,-20,10
30,-7,-19,10
30,-7,-18,8
30,-7,-17,4
30,-7,-16,13
30,-7,-15,16
30,-7,-14,12
30,-7,-13,16
30,-7,-12,28
30,-7,-11,26
30,-7,-10,11
30,-7,-9,12
30,-7,-8,9
30,-7,-7,20
30,-7,-6,31
30,-7,-5,46
30,-7,-4,88
30,-7,-3,46
30,-7,-2,48
30,-7,-1,52
30,-7,0,72
30,-7,1,57
30,-7,2,66
30,-7,3,91
30,-7,4,100
30,-7,5,70
30,-7,6,70
30,-7,7,53
30,-7,8,29
30,-7,9,30
30,-7,10,38
30,-7,11,21
30,-7,12,7
30,-7,13,4
30,-7,21,2
30,-7,22,2
30,-7,23,3
30,-7,24,2
30,-7,26,1
30,-7,30,1
30,-7,31,1
30,-7,34,1
30,-7,36,1
30,-7,44,1
30,-7,47,1
30,-7,50,1
30,-6,-25,1
30,-6,-23,2
30,-6,-22,6
30,-6,-21,6
30,-6,-20,5
30,-6,-19,6
30,-6,-18,13
30,-6,-17,9
30,-6,-16,16
30,-6,-15,14
30,-6,-14,22
30,-6,-13,25
30,-6,-12,29
30,-6,-11,34
30,-6,-10,24
30,-6,-9,14
30,-6,-8,4
30,-6,-7,1
30,-6,-6,51
30,-6,-5,75
30,-6,-4,97
30,-6,-3,146
30,-6,-2,82
30,-6,-1,75
30,-6,0,74
30,-6,1,101
30,-6,2,113
30,-6,3,164
30,-6,4,59
30,-6,5,111
30,-6,6,83
30,-6,7,55
30,-6,8,59
30,-6,9,46
30,-6,10,12
30,-6,11,7
30,-6,12,1
30,-6,17,1
30,-6,18,3
30,-6,19,1
30,-6,20,1
30,-6,21,5
30,-6,22,3
30,-6,23,1
30,-6,24,2
30,-6,25,2
30,-6,26,2
30,-6,28,1
30,-6,42,1
30,-5,-21,2
30,-5,-20,6
30,-5,-19,10
30,-5,-18,7
30,-5,-17,13
30,-5,-16,10
30,-5,-15,15
30,-5,-14,30
30,-5,-13,29
30,-5,-12,40
30,-5,-11,39
30,-5,-10,36
30,-5,-9,26
30,-5,-8,5
30,-5,-5,73
30,-5,-4,137
30,-5,-3,227
30,-5,-2,143
30,-5,-1,84
30,-5,0,73
30,-5,1,204
30,-5,2,368
30,-5,3,230
30,-5,4,139
30,-5,5,133
30,-5,6,85
30,-5,7,62
30,-5,8,39
30,-5,9,25
30,-5,10,10
30,-5,14,1
30,-5,15,4
30,-5,16,5
30,-5,17,5
30,-5,18,5
30,-5,19,1
30,-5,20,1
30,-5,21,2
30,-5,22,1
30,-5,23,2
30,-5,25,1
30,-4,-21,1
30,-4,-20,1
30,-4,-19,1
30,-4,-18,5
30,-4,-17,11
30,-4,-16,18
30,-4,-15,14
30,-4,-14,35
30,-4,-13,28
30,-4,-12,32
30,-4,-11,38
30,-4,-10,60
30,-4,-9,91
30,-4,-8,84
30,-4,-7,13
30,-4,-5,10
30,-4,-4,149
30,-4,-3,423
30,-4,-2,430
30,-4,-1,203
30,-4,0,163
30,-4,1,457
30,-4,2,770
30,-4,3,566
30,-4,4,398
30,-4,5,197
30,-4,6,153
30,-4,7,78
30,-4,8,24
30,-4,12,1
30,-4,13,2
30,-4,14,2
30,-4,16,6
30,-4,17,8
30,-4,18,4
30,-4,19,7
30,-4,20,2
30,-4,21,2
30,-3,-20,1
30,-3,-19,2
30,-3,-18,4
30,-3,-17,1
30,-3,-16,2
30,-3,-15,11
30,-3,-14,18
30,-3,-13,30
30,-3,-12,52
30,-3,-11,66
30,-3,-10,70
30,-3,-9,127
30,-3,-8,258
30,-3,-7,396
30,-3,-6,347
30,-3,-5,249
30,-3,-4,232
30,-3,-3,1150
30,-3,-2,1151
30,-3,-1,394
30,-3,0,395
30,-3,1,994
30,-3,2,1528
30,-3,3,954
30,-3,4,632
30,-3,5,278
30,-3,6,145
30,-3,7,41
30,-3,8,80
30,-3,9,50
30,-3,10,39
30,-3,11,23
30,-3,12,13
30,-3,13,5
30,-3,15,3
30,-2,-16,2
30,-2,-15,6
30,-2,-14,13
30,-2,-13,27
30,-2,-12,31
30,-2,-11,55
30,-2,-10,55
30,-2,-9,92
30,-2,-8,165
30,-2,-7,561
30,-2,-6,1283
30,-2,-5,1415
30,-2,-4,672
30,-2,-3,1189
30,-2,-2,2361
30,-2,-1,832
30,-2,0,587
30,-2,1,1597
30,-2,2,1490
30,-2,3,1047
30,-2,4,542
30,-2,5,303
30,-2,6,151
30,-2,7,146
30,-2,8,101
30,-2,9,46
30,-2,10,21
30,-2,11,15
30,-2,12,2
30,-1,-11,1
30,-1,-10,21
30,-1,-9,18
30,-1,-8,127
30,-1,-7,459
30,-1,-6,1204
30,-1,-5,2063
30,-1,-4,2178
30,-1,-3,1565
30,-1,-2,2075
30,-1,-1,920
30,-1,0,377
30,-1,1,1379
30,-1,2,1797
30,-1,3,1040
30,-1,4,492
30,-1,5,128
30,-1,6,9
30,-1,8,1
30,-1,9,4
30,-1,10,7
30,-1,11,5
30,-1,12,3
30,-1,13,3
30,0,-30,3
30,0,-27,1
30,0,-9,11
30,0,-8,74
30,0,-7,310
30,0,-6,838
30,0,-5,1482
30,0,-4,1624
30,0,-3,615
30,0,-2,1131
30,0,-1,836
30,0,0,300
30,0,1,746
30,0,2,633
30,0,3,375
30,0,4,244
30,0,5,60
30,0,6,39
30,0,7,9
30,1,-16,2
30,1,-15,3
30,1,-14,5
30,1,-13,3
30,1,-12,4
30,1,-11,6
30,1,-10,8
30,1,-9,55
30,1,-8,163
30,1,-7,368
30,1,-6,577
30,1,-5,520
30,1,-4,234
30,1,-3,135
30,1,-2,316
30,1,-1,531
30,1,0,189
30,1,1,493
30,1,2,348
30,1,3,50
30,1,4,43
30,1,5,55
30,2,-17,1
30,2,-16,2
30,2,-15,7
30,2,-14,11
30,2,-13,15
30,2,-12,21
30,2,-11,39
30,2,-10,41
30,2,-9,43
30,2,-8,111
30,2,-7,194
30,2,-6,212
30,2,-5,113
30,2,-4,94
30,2,-3,167
30,2,-2,402
30,2,-1,154
30,2,0,33
30,2,1,10
30,2,2,4
30,3,-19,4
30,3,-18,3
30,3,-17,3
30,3,-16,7
30,3,-15,8
30,3,-14,12
30,3,-13,18
30,3,-12,24
30,3,-11,25
30,3,-10,39
30,3,-9,70
30,3,-8,99
30,3,-7,119
30,3,-6,106
30,3,-5,36
30,3,-4,3
30,3,-3,23
30,3,-2,18
30,4,-60,1
30,4,-26,1
30,4,-24,1
30,4,-23,3
30,4,-22,1
30,4,-21,3
30,4,-18,1
30,4,-17,2
30,4,-16,8
30,4,-15,6
30,4,-14,1
30,4,-13,10
30,4,-12,17
30,4,-11,33
30,4,-10,41
30,4,-9,48
30,4,-8,50
30,4,-7,13
30,4,-6,5
30,5,-29,2
30,5,-28,1
30,5,-27,1
30,5,-26,1
30,5,-25,2
30,5,-24,1
30,5,-23,2
30,5,-22,2
30,5,-18,1
30,5,-16,1
30,5,-15,1
30,5,-14,12
30,5,-13,21
30,5,-12,24
30,5,-11,25
30,5,-10,16
30,5,-9,1
30,6,-31,1
30,6,-28,1
30,6,-27,1
30,6,-25,1
30,6,-22,1
30,6,-17,1
30,6,-16,10
30,6,-15,14
30,6,-14,12
30,6,-13,11
30,6,-12,4
30,7,-35,1
30,7,-34,1
30,7,-33,1
30,7,-32,1
30,7,-30,1
30,7,-28,2
30,7,-27,1
30,7,-18,2
30,7,-17,6
30,7,-16,2
30,7,-14,1
30,8,-36,1
30,8,-34,1
30,8,-31,1
30,8,-20,1
30,8,-19,1
30,8,-18,3
30,9,-25,1
30,9,-24,1
30,10,-27,1
30,11,-30,1
30,11,-28,1
31,-40,29,1
31,-34,-26,1
31,-33,-31,1
31,-32,22,1
31,-32,109,1
31,-30,31,1
31,-29,23,1
31,-28,-42,1
31,-28,22,1
31,-27,24,1
31,-27,94,1
31,-26,-77,1
31,-26,-26,1
31,-26,-25,1
31,-26,18,1
31,-26,19,1
31,-26,24,1
31,-25,-48,1
31,-25,-3,1
31,-25,4,1
31,-25,14,1
31,-24,-12,2
31,-24,16,1
31,-24,21,1
31,-24,22,1
31,-24,37,1
31,-23,-16,1
31,-23,-7,1
31,-23,4,1
31,-23,21,1
31,-23,23,1
31,-22,-39,1
31,-22,-35,1
31,-22,-10,2
31,-22,-7,1
31,-22,6,2
31,-22,14,1
31,-22,15,1
31,-21,-41,1
31,-21,-39,1
31,-21,-24,1
31,-21,-10,1
31,-21,-7,1
31,-21,-3,2
31,-21,-1,1
31,-21,4,3
31,-21,6,1
31,-21,11,1
31,-21,16,2
31,-21,31,1
31,-21,71,1
31,-20,-62,1
31,-20,-17,1
31,-20,-14,1
31,-20,-7,1
31,-20,-3,2
31,-20,-2,1
31,-20,3,1
31,-20,4,3
31,-20,5,1
31,-20,6,3
31,-20,9,1
31,-20,11,1
31,-20,12,1
31,-20,14,2
31,-20,16,1
31,-20,18,1
31,-19,-38,1
31,-19,-35,1
31,-19,-31,1
31,-19,-24,1
31,-19,-18,1
31,-19,-14,2
31,-19,-12,1
31,-19,-8,4
31,-19,-7,1
31,-19,-3,5
31,-19,3,2
31,-19,4,1
31,-19,5,1
31,-19,6,2
31,-19,7,1
31,-19,8,2
31,-19,10,1
31,-19,14,1
31,-19,16,1
31,-19,19,2
31,-19,20,1
31,-19,29,1
31,-18,-30,1
31,-18,-19,1
31,-18,-17,1
31,-18,-13,3
31,-18,-9,2
31,-18,-7,1
31,-18,-3,4
31,-18,3,3
31,-18,6,2
31,-18,8,1
31,-18,10,3
31,-18,11,1
31,-18,13,2
31,-18,14,1
31,-18,15,1
31,-18,16,1
31,-18,19,1
31,-18,20,1
31,-18,28,1
31,-17,-36,1
31,-17,-30,1
31,-17,-24,1
31,-17,-19,1
31,-17,-18,1
31,-17,-16,2
31,-17,-12,2
31,-17,-11,2
31,-17,-7,4
31,-17,-2,2
31,-17,2,3
31,-17,3,4
31,-17,4,1
31,-17,5,3
31,-17,6,1
31,-17,7,2
31,-17,9,1
31,-17,10,2
31,-17,11,2
31,-17,12,4
31,-17,14,1
31,-17,25,1
31,-17,26,1
31,-16,-34,1
31,-16,-29,2
31,-16,-27,1
31,-16,-26,2
31,-16,-20,1
31,-16,-19,2
31,-16,-18,1
31,-16,-16,3
31,-16,-11,3
31,-16,-10,1
31,-16,-8,1
31,-16,-7,1
31,-16,-6,2
31,-16,-3,7
31,-16,-2,1
31,-16,1,1
31,-16,2,2
31,-16,3,4
31,-16,4,8
31,-16,5,1
31,-16,6,2
31,-16,7,1
31,-16,8,8
31,-16,9,3
31,-16,10,2
31,-16,11,4
31,-16,12,3
31,-16,13,1
31,-16,18,1
31,-16,20,1
31,-16,25,1
31,-15,-57,1
31,-15,-55,1
31,-15,-29,2
31,-15,-28,2
31,-15,-24,1
31,-15,-23,1
31,-15,-21,1
31,-15,-19,3
31,-15,-18,1
31,-15,-17,2
31,-15,-16,1
31,-15,-15,1
31,-15,-14,1
31,-15,-13,1
31,-15,-11,1
31,-15,-10,4
31,-15,-8,1
31,-15,-7,2
31,-15,-6,7
31,-15,-3,3
31,-15,-2,3
31,-15,0,2
31,-15,1,2
31,-15,2,13
31,-15,3,7
31,-15,4,14
31,-15,5,7
31,-15,6,4
31,-15,7,4
31,-15,8,8
31,-15,9,4
31,-15,10,2
31,-15,11,1
31,-15,12,2
31,-15,14,1
31,-15,17,1
31,-15,18,3
31,-14,-40,1
31,-14,-30,1
31,-14,-28,1
31,-14,-25,1
31,-14,-24,1
31,-14,-23,1
31,-14,-22,1
31,-14,-19,2
31,-14,-18,1
31,-14,-17,5
31,-14,-15,1
31,-14,-14,5
31,-14,-13,4
31,-14,-12,3
31,-14,-11,1
31,-14,-9,1
31,-14,-7,1
31,-14,-6,3
31,-14,-5,1
31,-14,-4,1
31,-14,-3,1
31,-14,-2,4
31,-14,-1,1
31,-14,1,2
31,-14,2,13
31,-14,3,3
31,-14,4,20
31,-14,5,5
31,-14,6,4
31,-14,7,11
31,-14,8,13
31,-14,9,8
31,-14,10,17
31,-14,11,11
31,-14,12,3
31,-14,15,1
31,-14,16,3
31,-14,17,2
31,-14,21,1
31,-14,23,1
31,-13,-37,1
31,-13,-36,1
31,-13,-28,1
31,-13,-27,2
31,-13,-26,1
31,-13,-25,3
31,-13,-24,2
31,-13,-23,3
31,-13,-22,2
31,-13,-21,2
31,-13,-20,4
31,-13,-19,2
31,-13,-18,2
31,-13,-17,2
31,-13,-16,3
31,-13,-15,4
31,-13,-14,2
31,-13,-13,3
31,-13,-12,6
31,-13,-11,2
31,-13,-10,1
31,-13,-9,5
31,-13,-8,7
31,-13,-7,4
31,-13,-6,3
31,-13,-5,2
31,-13,-4,1
31,-13,-3,3
31,-13,-2,8
31,-13,-1,1
31,-13,1,16
31,-13,2,19
31,-13,3,17
31,-13,4,13
31,-13,5,7
31,-13,6,12
31,-13,7,19
31,-13,8,11
31,-13,9,9
31,-13,10,5
31,-13,11,4
31,-13,12,2
31,-13,13,1
31,-13,14,1
31,-13,15,3
31,-13,16,1
31,-13,19,2
31,-13,43,1
31,-12,-32,3
31,-12,-28,1
31,-12,-26,1
31,-12,-24,1
31,-12,-23,2
31,-12,-22,2
31,-12,-21,1
31,-12,-20,2
31,-12,-19,4
31,-12,-18,1
31,-12,-17,1
31,-12,-16,2
31,-12,-15,6
31,-12,-14,4
31,-12,-13,3
31,-12,-12,10
31,-12,-11,10
31,-12,-10,4
31,-12,-9,4
31,-12,-8,10
31,-12,-7,13
31,-12,-6,4
31,-12,-5,16
31,-12,-4,2
31,-12,-3,2
31,-12,-2,7
31,-12,-1,3
31,-12,0,7
31,-12,1,18
31,-12,2,15
31,-12,3,17
31,-12,4,11
31,-12,5,11
31,-12,6,26
31,-12,7,18
31,-12,8,16
31,-12,9,16
31,-12,10,3
31,-12,12,2
31,-12,13,3
31,-12,14,3
31,-12,15,2
31,-12,18,1
31,-12,19,1
31,-12,21,1
31,-11,-31,1
31,-11,-30,1
31,-11,-29,1
31,-11,-28,1
31,-11,-22,5
31,-11,-21,5
31,-11,-20,2
31,-11,-19,2
31,-11,-18,2
31,-11,-17,4
31,-11,-16,4
31,-11,-15,3
31,-11,-14,11
31,-11,-13,3
31,-11,-12,10
31,-11,-11,17
31,-11,-10,9
31,-11,-9,9
31,-11,-8,4
31,-11,-7,19
31,-11,-6,12
31,-11,-5,5
31,-11,-4,6
31,-11,-3,4
31,-11,-2,7
31,-11,-1,5
31,-11,0,13
31,-11,1,20
31,-11,2,28
31,-11,3,34
31,-11,4,15
31,-11,5,19
31,-11,6,34
31,-11,7,15
31,-11,8,6
31,-11,9,8
31,-11,11,10
31,-11,12,9
31,-11,13,2
31,-11,17,2
31,-11,18,3
31,-11,19,1
31,-11,42,1
31,-11,44,1
31,-10,-36,1
31,-10,-35,1
31,-10,-33,1
31,-10,-32,1
31,-10,-30,2
31,-10,-29,1
31,-10,-28,1
31,-10,-27,1
31,-10,-26,2
31,-10,-22,3
31,-10,-21,6
31,-10,-20,8
31,-10,-19,3
31,-10,-18,3
31,-10,-17,4
31,-10,-16,4
31,-10,-15,7
31,-10,-14,9
31,-10,-13,15
31,-10,-12,12
31,-10,-11,9
31,-10,-10,23
31,-10,-9,14
31,-10,-8,8
31,-10,-7,14
31,-10,-6,11
31,-10,-5,8
31,-10,-4,7
31,-10,-3,15
31,-10,-2,29
31,-10,-1,21
31,-10,0,25
31,-10,1,41
31,-10,2,38
31,-10,3,20
31,-10,4,18
31,-10,5,40
31,-10,6,22
31,-10,7,16
31,-10,8,11
31,-10,9,1
31,-10,10,6
31,-10,11,18
31,-10,12,5
31,-10,13,1
31,-10,14,1
31,-10,15,2
31,-10,16,3
31,-10,17,3
31,-10,18,1
31,-10,33,1
31,-10,38,1
31,-9,-31,1
31,-9,-30,1
31,-9,-29,3
31,-9,-28,1
31,-9,-26,4
31,-9,-24,4
31,-9,-23,1
31,-9,-22,1
31,-9,-20,2
31,-9,-19,7
31,-9,-18,9
31,-9,-17,8
31,-9,-16,5
31,-9,-15,8
31,-9,-14,13
31,-9,-13,15
31,-9,-12,22
31,-9,-11,20
31,-9,-10,16
31,-9,-9,38
31,-9,-8,39
31,-9,-7,24
31,-9,-6,17
31,-9,-5,28
31,-9,-4,5
31,-9,-3,18
31,-9,-2,30
31,-9,-1,44
31,-9,0,39
31,-9,1,47
31,-9,2,39
31,-9,3,30
31,-9,4,24
31,-9,5,32
31,-9,6,18
31,-9,7,20
31,-9,8,10
31,-9,9,16
31,-9,10,22
31,-9,11,7
31,-9,12,3
31,-9,14,6
31,-9,15,3
31,-9,16,3
31,-9,33,1
31,-8,-30,1
31,-8,-26,2
31,-8,-25,3
31,-8,-24,5
31,-8,-23,4
31,-8,-22,2
31,-8,-21,1
31,-8,-20,4
31,-8,-18,5
31,-8,-17,12
31,-8,-16,11
31,-8,-15,10
31,-8,-14,16
31,-8,-13,18
31,-8,-12,18
31,-8,-11,29
31,-8,-10,40
31,-8,-9,48
31,-8,-8,51
31,-8,-7,40
31,-8,-6,32
31,-8,-5,58
31,-8,-4,11
31,-8,-3,11
31,-8,-2,35
31,-8,-1,47
31,-8,0,40
31,-8,1,59
31,-8,2,64
31,-8,3,34
31,-8,4,47
31,-8,5,32
31,-8,6,24
31,-8,7,16
31,-8,8,17
31,-8,9,25
31,-8,10,10
31,-8,11,4
31,-8,12,2
31,-8,13,11
31,-8,14,4
31,-8,15,3
31,-8,25,2
31,-8,26,2
31,-8,27,1
31,-8,32,1
31,-7,-26,1
31,-7,-24,2
31,-7,-23,7
31,-7,-22,6
31,-7,-20,6
31,-7,-19,7
31,-7,-18,6
31,-7,-17,4
31,-7,-16,1
31,-7,-15,15
31,-7,-14,18
31,-7,-13,31
31,-7,-12,35
31,-7,-11,40
31,-7,-10,32
31,-7,-9,56
31,-7,-8,80
31,-7,-7,86
31,-7,-6,53
31,-7,-5,35
31,-7,-4,95
31,-7,-3,42
31,-7,-2,53
31,-7,-1,72
31,-7,0,70
31,-7,1,84
31,-7,2,76
31,-7,3,74
31,-7,4,68
31,-7,5,38
31,-7,6,41
31,-7,7,60
31,-7,8,41
31,-7,9,14
31,-7,10,21
31,-7,11,12
31,-7,12,11
31,-7,13,1
31,-7,20,1
31,-7,22,2
31,-7,23,3
31,-7,24,4
31,-7,32,1
31,-7,33,1
31,-7,35,1
31,-6,-31,1
31,-6,-30,1
31,-6,-29,2
31,-6,-26,1
31,-6,-23,1
31,-6,-22,6
31,-6,-21,8
31,-6,-20,6
31,-6,-19,9
31,-6,-18,16
31,-6,-17,11
31,-6,-16,9
31,-6,-15,13
31,-6,-14,8
31,-6,-13,14
31,-6,-12,30
31,-6,-11,39
31,-6,-10,46
31,-6,-9,59
31,-6,-8,92
31,-6,-7,101
31,-6,-6,109
31,-6,-5,57
31,-6,-4,115
31,-6,-3,120
31,-6,-2,74
31,-6,-1,103
31,-6,0,99
31,-6,1,147
31,-6,2,163
31,-6,3,162
31,-6,4,102
31,-6,5,74
31,-6,6,82
31,-6,7,42
31,-6,8,38
31,-6,9,33
31,-6,10,21
31,-6,11,3
31,-6,17,1
31,-6,18,3
31,-6,19,6
31,-6,20,3
31,-6,21,2
31,-6,22,1
31,-6,23,1
31,-6,24,1
31,-6,25,1
31,-6,26,2
31,-6,27,1
31,-6,29,1
31,-5,-24,1
31,-5,-20,1
31,-5,-19,3
31,-5,-18,5
31,-5,-17,15
31,-5,-16,16
31,-5,-15,26
31,-5,-14,23
31,-5,-13,31
31,-5,-12,10
31,-5,-11,27
31,-5,-10,30
31,-5,-9,67
31,-5,-8,100
31,-5,-7,88
31,-5,-6,130
31,-5,-5,116
31,-5,-4,98
31,-5,-3,336
31,-5,-2,233
31,-5,-1,199
31,-5,0,188
31,-5,1,362
31,-5,2,414
31,-5,3,329
31,-5,4,203
31,-5,5,161
31,-5,6,103
31,-5,7,80
31,-5,8,35
31,-5,9,8
31,-5,13,2
31,-5,14,3
31,-5,15,7
31,-5,16,9
31,-5,17,4
31,-5,18,4
31,-5,19,3
31,-5,20,2
31,-5,21,5
31,-5,22,2
31,-5,28,1
31,-5,33,1
31,-5,38,1
31,-4,-16,5
31,-4,-15,13
31,-4,-14,16
31,-4,-13,44
31,-4,-12,61
31,-4,-11,60
31,-4,-10,82
31,-4,-9,83
31,-4,-8,164
31,-4,-7,203
31,-4,-6,222
31,-4,-5,207
31,-4,-4,220
31,-4,-3,404
31,-4,-2,627
31,-4,-1,381
31,-4,0,356
31,-4,1,747
31,-4,2,978
31,-4,3,687
31,-4,4,520
31,-4,5,437
31,-4,6,197
31,-4,7,34
31,-4,8,6
31,-4,10,1
31,-4,11,17
31,-4,12,17
31,-4,13,12
31,-4,14,11
31,-4,15,8
31,-4,16,2
31,-4,17,8
31,-4,18,7
31,-4,19,2
31,-4,20,1
31,-4,22,1
31,-4,23,1
31,-4,24,1
31,-4,27,1
31,-3,-14,1
31,-3,-13,8
31,-3,-12,24
31,-3,-11,68
31,-3,-10,137
31,-3,-9,272
31,-3,-8,371
31,-3,-7,537
31,-3,-6,873
31,-3,-5,820
31,-3,-4,176
31,-3,-3,458
31,-3,-2,1312
31,-3,-1,822
31,-3,0,678
31,-3,1,1901
31,-3,2,2330
31,-3,3,1555
31,-3,4,993
31,-3,5,321
31,-3,6,33
31,-3,7,19
31,-3,8,58
31,-3,9,54
31,-3,10,29
31,-3,11,37
31,-3,12,20
31,-3,13,14
31,-3,14,9
31,-3,15,3
31,-3,16,1
31,-3,17,1
31,-3,20,1
31,-2,-12,7
31,-2,-11,19
31,-2,-10,67
31,-2,-9,207
31,-2,-8,524
31,-2,-7,864
31,-2,-6,1614
31,-2,-5,3075
31,-2,-4,3436
31,-2,-3,1359
31,-2,-2,2405
31,-2,-1,2182
31,-2,0,991
31,-2,1,4057
31,-2,2,3544
31,-2,3,1737
31,-2,4,635
31,-2,5,363
31,-2,6,296
31,-2,7,184
31,-2,8,70
31,-2,9,32
31,-2,10,16
31,-2,11,5
31,-1,-9,17
31,-1,-8,85
31,-1,-7,182
31,-1,-6,527
31,-1,-5,1836
31,-1,-4,3823
31,-1,-3,5340
31,-1,-2,3710
31,-1,-1,4372
31,-1,0,1379
31,-1,1,5653
31,-1,2,2931
31,-1,3,1133
31,-1,4,445
31,-1,5,153
31,-1,6,51
31,-1,7,8
31,-1,8,4
31,0,-25,1
31,0,-22,1
31,0,-18,2
31,0,-17,1
31,0,-16,5
31,0,-14,6
31,0,-13,4
31,0,-12,2
31,0,-11,1
31,0,-9,4
31,0,-8,17
31,0,-7,59
31,0,-6,155
31,0,-5,1148
31,0,-4,2341
31,0,-3,3458
31,0,-2,1716
31,0,-1,2844
31,0,0,1177
31,0,1,1341
31,0,2,612
31,0,3,262
31,0,4,41
31,0,5,1
31,1,-24,3
31,1,-23,1
31,1,-22,3
31,1,-21,1
31,1,-19,1
31,1,-11,4
31,1,-10,28
31,1,-9,66
31,1,-8,131
31,1,-7,304
31,1,-6,752
31,1,-5,1543
31,1,-4,2069
31,1,-3,1186
31,1,-2,372
31,1,-1,781
31,1,0,130
31,1,1,176
31,1,2,4
31,2,-34,1
31,2,-33,1
31,2,-31,1
31,2,-29,1
31,2,-25,1
31,2,-18,1
31,2,-16,2
31,2,-15,6
31,2,-14,4
31,2,-13,13
31,2,-12,24
31,2,-11,46
31,2,-10,66
31,2,-9,73
31,2,-8,118
31,2,-7,239
31,2,-6,769
31,2,-5,1095
31,2,-4,542
31,2,-3,28
31,2,-2,19
31,3,-43,1
31,3,-22,1
31,3,-21,3
31,3,-20,2
31,3,-19,4
31,3,-18,5
31,3,-17,6
31,3,-16,15
31,3,-15,12
31,3,-14,11
31,3,-13,5
31,3,-12,17
31,3,-11,6
31,3,-10,4
31,3,-9,32
31,3,-8,76
31,3,-7,116
31,3,-6,94
31,3,-5,13
31,4,-28,1
31,4,-27,1
31,4,-26,1
31,4,-25,1
31,4,-24,2
31,4,-22,3
31,4,-21,4
31,4,-20,3
31,4,-19,2
31,4,-18,3
31,4,-17,5
31,4,-16,2
31,4,-13,1
31,4,-12,6
31,4,-11,15
31,4,-10,21
31,4,-9,20
31,4,-8,4
31,5,-34,2
31,5,-29,1
31,5,-28,2
31,5,-27,1
31,5,-21,1
31,5,-20,1
31,5,-19,2
31,5,-15,1
31,5,-14,1
31,5,-13,6
31,5,-12,3
31,5,-11,5
31,6,-37,1
31,6,-27,1
31,6,-16,2
31,6,-15,1
31,7,-32,2
31,7,-31,1
31,7,-29,1
31,7,-28,1
31,7,-19,3
31,7,-17,1
31,8,-34,1
31,8,-33,1
31,8,-32,1
31,9,-42,1
31,9,-39,1
32,-46,-98,1
32,-41,-130,2
32,-38,41,1
32,-35,-34,1
32,-34,-34,1
32,-34,-29,1
32,-33,-21,1
32,-33,21,1
32,-31,-23,1
32,-31,24,1
32,-30,-52,1
32,-30,-22,1
32,-30,33,1
32,-30,46,1
32,-29,-22,1
32,-28,-32,1
32,-28,-27,1
32,-27,-23,1
32,-27,-20,1
32,-26,-35,1
32,-26,-24,1
32,-26,6,1
32,-26,19,2
32,-25,-34,1
32,-25,-32,1
32,-25,-24,1
32,-25,-19,1
32,-25,-10,1
32,-24,-38,1
32,-24,-29,1
32,-24,-23,1
32,-24,-17,1
32,-24,6,1
32,-24,18,1
32,-24,19,1
32,-24,25,1
32,-23,-76,1
32,-23,-49,1
32,-23,-23,1
32,-23,-17,2
32,-23,-16,1
32,-23,12,1
32,-23,18,1
32,-23,28,1
32,-22,-45,1
32,-22,-40,1
32,-22,-37,1
32,-22,-28,1
32,-22,-17,1
32,-22,-9,1
32,-22,5,1
32,-22,6,1
32,-22,25,1
32,-21,-41,1
32,-21,-38,1
32,-21,-27,1
32,-21,-21,1
32,-21,-15,3
32,-21,-9,3
32,-21,-8,1
32,-21,3,1
32,-21,5,1
32,-21,13,1
32,-21,15,3
32,-21,21,1
32,-21,23,1
32,-20,-41,1
32,-20,-27,1
32,-20,-19,2
32,-20,-16,1
32,-20,-15,2
32,-20,-14,5
32,-20,-13,2
32,-20,-10,1
32,-20,-8,1
32,-20,-5,1
32,-20,5,1
32,-20,6,1
32,-20,7,2
32,-20,14,1
32,-20,15,1
32,-20,24,1
32,-19,-25,2
32,-19,-24,2
32,-19,-22,1
32,-19,-19,1
32,-19,-18,4
32,-19,-17,1
32,-19,-14,7
32,-19,-13,6
32,-19,-11,2
32,-19,-9,4
32,-19,-8,3
32,-19,-5,1
32,-19,2,1
32,-19,4,3
32,-19,6,3
32,-19,11,1
32,-19,12,1
32,-19,13,2
32,-19,14,1
32,-19,15,1
32,-19,20,2
32,-18,-41,1
32,-18,-39,1
32,-18,-36,1
32,-18,-33,1
32,-18,-31,1
32,-18,-23,3
32,-18,-18,1
32,-18,-17,2
32,-18,-15,1
32,-18,-14,2
32,-18,-13,10
32,-18,-12,2
32,-18,-11,2
32,-18,-8,1
32,-18,-7,4
32,-18,-5,2
32,-18,4,1
32,-18,5,7
32,-18,6,1
32,-18,13,1
32,-18,16,1
32,-18,17,1
32,-18,22,1
32,-17,-58,1
32,-17,-36,2
32,-17,-34,1
32,-17,-33,1
32,-17,-31,1
32,-17,-29,1
32,-17,-28,1
32,-17,-24,1
32,-17,-19,1
32,-17,-17,1
32,-17,-16,3
32,-17,-15,3
32,-17,-14,1
32,-17,-13,7
32,-17,-12,4
32,-17,-11,3
32,-17,-9,2
32,-17,-7,4
32,-17,-5,1
32,-17,-4,3
32,-17,3,1
32,-17,4,2
32,-17,5,4
32,-17,6,1
32,-17,8,1
32,-17,9,2
32,-17,10,1
32,-17,12,1
32,-17,13,1
32,-17,15,1
32,-17,17,1
32,-17,21,1
32,-17,24,1
32,-16,-55,1
32,-16,-35,1
32,-16,-34,2
32,-16,-30,1
32,-16,-28,2
32,-16,-27,1
32,-16,-23,1
32,-16,-21,1
32,-16,-18,1
32,-16,-17,1
32,-16,-16,1
32,-16,-15,3
32,-16,-14,5
32,-16,-13,2
32,-16,-12,15
32,-16,-11,10
32,-16,-10,2
32,-16,-8,4
32,-16,-7,7
32,-16,-5,3
32,-16,-4,3
32,-16,2,5
32,-16,4,6
32,-16,5,1
32,-16,8,2
32,-16,9,4
32,-16,11,4
32,-16,12,3
32,-16,16,3
32,-16,19,2
32,-16,20,1
32,-16,63,1
32,-16,67,1
32,-15,-50,1
32,-15,-34,1
32,-15,-33,2
32,-15,-31,1
32,-15,-30,1
32,-15,-29,1
32,-15,-28,1
32,-15,-27,2
32,-15,-26,1
32,-15,-25,1
32,-15,-23,1
32,-15,-22,2
32,-15,-20,2
32,-15,-19,3
32,-15,-17,1
32,-15,-15,3
32,-15,-14,8
32,-15,-13,7
32,-15,-12,2
32,-15,-11,11
32,-15,-10,8
32,-15,-9,1
32,-15,-8,2
32,-15,-7,3
32,-15,-6,11
32,-15,-4,5
32,-15,2,2
32,-15,3,3
32,-15,4,11
32,-15,5,2
32,-15,7,3
32,-15,8,2
32,-15,9,2
32,-15,10,3
32,-15,11,5
32,-15,12,1
32,-15,13,1
32,-15,14,1
32,-15,15,5
32,-15,16,2
32,-15,17,1
32,-15,19,1
32,-15,22,1
32,-15,49,1
32,-15,50,1
32,-15,51,2
32,-15,69,1
32,-14,-43,1
32,-14,-31,1
32,-14,-29,1
32,-14,-24,2
32,-14,-23,2
32,-14,-22,1
32,-14,-20,1
32,-14,-19,4
32,-14,-18,3
32,-14,-17,4
32,-14,-16,3
32,-14,-15,3
32,-14,-14,4
32,-14,-13,9
32,-14,-12,3
32,-14,-11,6
32,-14,-10,12
32,-14,-9,4
32,-14,-8,2
32,-14,-7,7
32,-14,-6,6
32,-14,-5,2
32,-14,-4,7
32,-14,1,1
32,-14,2,3
32,-14,3,7
32,-14,4,6
32,-14,5,2
32,-14,7,5
32,-14,8,6
32,-14,9,5
32,-14,10,8
32,-14,11,3
32,-14,12,2
32,-14,13,3
32,-14,14,2
32,-14,15,3
32,-14,16,1
32,-14,20,1
32,-14,60,1
32,-13,-29,1
32,-13,-27,2
32,-13,-26,3
32,-13,-25,2
32,-13,-24,3
32,-13,-23,2
32,-13,-22,3
32,-13,-21,1
32,-13,-20,2
32,-13,-19,2
32,-13,-18,3
32,-13,-17,9
32,-13,-16,3
32,-13,-15,3
32,-13,-14,4
32,-13,-13,6
32,-13,-12,14
32,-13,-11,3
32,-13,-10,11
32,-13,-9,17
32,-13,-8,3
32,-13,-7,5
32,-13,-6,11
32,-13,-5,11
32,-13,-4,2
32,-13,-3,2
32,-13,1,2
32,-13,2,2
32,-13,3,5
32,-13,4,8
32,-13,6,1
32,-13,7,13
32,-13,8,6
32,-13,9,11
32,-13,10,5
32,-13,11,7
32,-13,12,1
32,-13,13,6
32,-13,14,7
32,-13,15,3
32,-13,16,3
32,-13,17,1
32,-13,18,1
32,-13,19,1
32,-13,20,2
32,-13,54,1
32,-12,-39,1
32,-12,-26,1
32,-12,-25,1
32,-12,-24,3
32,-12,-22,1
32,-12,-21,4
32,-12,-20,8
32,-12,-19,2
32,-12,-16,9
32,-12,-15,9
32,-12,-14,5
32,-12,-13,2
32,-12,-12,11
32,-12,-11,7
32,-12,-10,4
32,-12,-9,30
32,-12,-8,11
32,-12,-7,3
32,-12,-6,14
32,-12,-5,16
32,-12,-4,3
32,-12,-3,7
32,-12,1,6
32,-12,2,12
32,-12,3,16
32,-12,4,9
32,-12,5,2
32,-12,6,7
32,-12,7,13
32,-12,8,6
32,-12,9,12
32,-12,10,1
32,-12,11,7
32,-12,12,9
32,-12,13,4
32,-12,14,6
32,-12,15,3
32,-12,16,1
32,-12,17,2
32,-12,18,1
32,-12,19,1
32,-12,38,1
32,-12,39,1
32,-12,56,1
32,-12,58,1
32,-11,-35,1
32,-11,-34,2
32,-11,-31,1
32,-11,-24,2
32,-11,-23,5
32,-11,-22,1
32,-11,-21,4
32,-11,-20,7
32,-11,-19,6
32,-11,-18,8
32,-11,-17,4
32,-11,-16,1
32,-11,-15,7
32,-11,-14,12
32,-11,-13,3
32,-11,-12,12
32,-11,-11,10
32,-11,-10,17
32,-11,-9,10
32,-11,-8,34
32,-11,-7,14
32,-11,-6,11
32,-11,-5,11
32,-11,-4,6
32,-11,-3,12
32,-11,-2,2
32,-11,-1,2
32,-11,1,10
32,-11,2,17
32,-11,3,11
32,-11,4,2
32,-11,5,9
32,-11,6,22
32,-11,7,21
32,-11,8,28
32,-11,9,9
32,-11,10,14
32,-11,11,20
32,-11,12,12
32,-11,13,3
32,-11,14,1
32,-11,15,1
32,-11,16,3
32,-11,18,1
32,-11,35,1
32,-11,38,1
32,-10,-34,1
32,-10,-33,1
32,-10,-31,2
32,-10,-30,1
32,-10,-22,3
32,-10,-21,7
32,-10,-20,2
32,-10,-19,3
32,-10,-18,16
32,-10,-17,13
32,-10,-16,9
32,-10,-15,9
32,-10,-14,7
32,-10,-13,11
32,-10,-12,12
32,-10,-11,8
32,-10,-10,18
32,-10,-9,30
32,-10,-8,27
32,-10,-7,45
32,-10,-6,12
32,-10,-5,24
32,-10,-4,17
32,-10,-3,14
32,-10,-2,6
32,-10,-1,5
32,-10,0,2
32,-10,1,19
32,-10,2,20
32,-10,3,18
32,-10,4,8
32,-10,5,24
32,-10,6,21
32,-10,7,39
32,-10,8,8
32,-10,9,12
32,-10,10,19
32,-10,11,3
32,-10,12,4
32,-10,13,4
32,-10,14,1
32,-10,15,2
32,-10,16,1
32,-10,31,3
32,-10,37,1
32,-10,47,1
32,-9,-31,1
32,-9,-29,1
32,-9,-28,1
32,-9,-26,1
32,-9,-25,2
32,-9,-20,1
32,-9,-19,2
32,-9,-18,3
32,-9,-17,12
32,-9,-16,15
32,-9,-15,9
32,-9,-14,14
32,-9,-13,15
32,-9,-12,15
32,-9,-11,26
32,-9,-10,22
32,-9,-9,39
32,-9,-8,50
32,-9,-7,45
32,-9,-6,27
32,-9,-5,21
32,-9,-4,40
32,-9,-3,15
32,-9,-2,16
32,-9,-1,16
32,-9,0,5
32,-9,1,29
32,-9,2,32
32,-9,3,24
32,-9,4,48
32,-9,5,32
32,-9,6,56
32,-9,7,10
32,-9,8,17
32,-9,9,34
32,-9,10,15
32,-9,11,5
32,-9,12,4
32,-9,13,6
32,-9,14,2
32,-9,28,2
32,-9,29,4
32,-9,30,1
32,-9,32,1
32,-8,-28,1
32,-8,-26,1
32,-8,-24,1
32,-8,-18,2
32,-8,-17,10
32,-8,-16,10
32,-8,-15,15
32,-8,-14,25
32,-8,-13,23
32,-8,-12,29
32,-8,-11,18
32,-8,-10,35
32,-8,-9,56
32,-8,-8,52
32,-8,-7,79
32,-8,-6,69
32,-8,-5,25
32,-8,-4,56
32,-8,-3,28
32,-8,-2,16
32,-8,-1,43
32,-8,0,14
32,-8,1,45
32,-8,2,50
32,-8,3,30
32,-8,4,78
32,-8,5,77
32,-8,6,39
32,-8,7,23
32,-8,8,36
32,-8,9,19
32,-8,10,6
32,-8,11,7
32,-8,12,8
32,-8,24,1
32,-8,25,1
32,-8,26,1
32,-8,27,1
32,-8,30,1
32,-8,32,1
32,-8,36,1
32,-8,37,1
32,-7,-30,1
32,-7,-24,2
32,-7,-23,2
32,-7,-21,6
32,-7,-20,1
32,-7,-19,1
32,-7,-17,2
32,-7,-16,2
32,-7,-15,12
32,-7,-14,12
32,-7,-13,28
32,-7,-12,30
32,-7,-11,43
32,-7,-10,39
32,-7,-9,65
32,-7,-8,88
32,-7,-7,96
32,-7,-6,134
32,-7,-5,91
32,-7,-4,52
32,-7,-3,66
32,-7,-2,12
32,-7,-1,63
32,-7,0,27
32,-7,1,91
32,-7,2,63
32,-7,3,127
32,-7,4,86
32,-7,5,89
32,-7,6,50
32,-7,7,42
32,-7,8,25
32,-7,9,7
32,-7,10,9
32,-7,11,3
32,-7,20,1
32,-7,21,3
32,-7,23,2
32,-7,25,3
32,-7,26,2
32,-7,31,1
32,-6,-29,1
32,-6,-23,1
32,-6,-21,1
32,-6,-20,5
32,-6,-19,4
32,-6,-18,4
32,-6,-17,1
32,-6,-16,2
32,-6,-15,3
32,-6,-14,7
32,-6,-13,16
32,-6,-12,31
32,-6,-11,56
32,-6,-10,50
32,-6,-9,89
32,-6,-8,92
32,-6,-7,110
32,-6,-6,172
32,-6,-5,201
32,-6,-4,141
32,-6,-3,127
32,-6,-2,51
32,-6,-1,92
32,-6,0,60
32,-6,1,141
32,-6,2,173
32,-6,3,229
32,-6,4,136
32,-6,5,65
32,-6,6,91
32,-6,7,33
32,-6,8,17
32,-6,9,15
32,-6,10,2
32,-6,18,1
32,-6,19,1
32,-6,20,2
32,-6,21,1
32,-6,22,2
32,-6,23,1
32,-6,25,1
32,-6,26,1
32,-6,28,2
32,-5,-86,1
32,-5,-25,1
32,-5,-23,1
32,-5,-22,2
32,-5,-20,1
32,-5,-19,1
32,-5,-18,1
32,-5,-17,8
32,-5,-16,9
32,-5,-15,12
32,-5,-14,13
32,-5,-13,9
32,-5,-12,9
32,-5,-11,24
32,-5,-10,63
32,-5,-9,96
32,-5,-8,152
32,-5,-7,179
32,-5,-6,265
32,-5,-5,387
32,-5,-4,393
32,-5,-3,250
32,-5,-2,181
32,-5,-1,141
32,-5,0,107
32,-5,1,319
32,-5,2,435
32,-5,3,354
32,-5,4,188
32,-5,5,207
32,-5,6,50
32,-5,7,36
32,-5,8,10
32,-5,9,2
32,-5,13,1
32,-5,14,1
32,-5,15,7
32,-5,16,7
32,-5,17,4
32,-5,18,2
32,-5,19,7
32,-5,20,4
32,-5,21,5
32,-5,22,5
32,-5,23,1
32,-5,24,3
32,-4,-19,1
32,-4,-18,1
32,-4,-17,2
32,-4,-15,3
32,-4,-14,12
32,-4,-13,11
32,-4,-12,30
32,-4,-11,39
32,-4,-10,49
32,-4,-9,65
32,-4,-8,150
32,-4,-7,339
32,-4,-6,524
32,-4,-5,661
32,-4,-4,934
32,-4,-3,715
32,-4,-2,442
32,-4,-1,364
32,-4,0,429
32,-4,1,811
32,-4,2,1029
32,-4,3,661
32,-4,4,572
32,-4,5,218
32,-4,6,107
32,-4,7,9
32,-4,10,9
32,-4,11,17
32,-4,12,15
32,-4,13,19
32,-4,14,14
32,-4,15,10
32,-4,16,4
32,-4,17,2
32,-4,18,7
32,-3,-40,1
32,-3,-37,1
32,-3,-15,1
32,-3,-14,2
32,-3,-13,2
32,-3,-12,6
32,-3,-11,22
32,-3,-10,73
32,-3,-9,161
32,-3,-8,372
32,-3,-7,425
32,-3,-6,747
32,-3,-5,1872
32,-3,-4,2437
32,-3,-3,2452
32,-3,-2,1529
32,-3,-1,798
32,-3,0,996
32,-3,1,2120
32,-3,2,2295
32,-3,3,1550
32,-3,4,564
32,-3,5,132
32,-3,6,1
32,-3,7,99
32,-3,8,105
32,-3,9,95
32,-3,10,103
32,-3,11,52
32,-3,12,41
32,-3,13,13
32,-3,14,11
32,-3,15,5
32,-3,16,2
32,-3,17,2
32,-3,19,2
32,-2,-27,1
32,-2,-25,1
32,-2,-22,1
32,-2,-21,1
32,-2,-20,2
32,-2,-19,1
32,-2,-16,1
32,-2,-9,5
32,-2,-8,70
32,-2,-7,331
32,-2,-6,1144
32,-2,-5,2348
32,-2,-4,4226
32,-2,-3,5868
32,-2,-2,6259
32,-2,-1,2811
32,-2,0,1544
32,-2,1,5012
32,-2,2,3361
32,-2,3,836
32,-2,4,554
32,-2,5,769
32,-2,6,698
32,-2,7,287
32,-2,8,122
32,-2,9,88
32,-2,10,7
32,-2,11,5
32,-2,12,2
32,-2,13,2
32,-2,14,1
32,-1,-44,1
32,-1,-23,1
32,-1,-16,2
32,-1,-15,1
32,-1,-14,4
32,-1,-13,3
32,-1,-12,6
32,-1,-11,5
32,-1,-10,7
32,-1,-9,14
32,-1,-8,27
32,-1,-7,24
32,-1,-6,70
32,-1,-5,403
32,-1,-4,1710
32,-1,-3,3656
32,-1,-2,7386
32,-1,-1,8056
32,-1,0,4281
32,-1,1,4539
32,-1,2,2086
32,-1,3,1256
32,-1,4,488
32,-1,5,103
32,-1,6,23
32,-1,7,7
32,0,-27,1
32,0,-24,1
32,0,-22,1
32,0,-19,1
32,0,-15,3
32,0,-14,4
32,0,-13,7
32,0,-12,22
32,0,-11,27
32,0,-10,19
32,0,-9,32
32,0,-8,46
32,0,-7,51
32,0,-6,104
32,0,-5,458
32,0,-4,1110
32,0,-3,2094
32,0,-2,3471
32,0,-1,2405
32,0,0,696
32,0,1,163
32,0,2,8
32,1,-24,1
32,1,-22,2
32,1,-20,3
32,1,-19,2
32,1,-18,6
32,1,-17,3
32,1,-16,6
32,1,-15,5
32,1,-14,12
32,1,-13,6
32,1,-12,1
32,1,-11,15
32,1,-10,23
32,1,-9,70
32,1,-8,186
32,1,-7,291
32,1,-6,398
32,1,-5,694
32,1,-4,1075
32,1,-3,1268
32,1,-2,288
32,1,-1,2
32,2,-18,1
32,2,-17,3
32,2,-16,6
32,2,-15,6
32,2,-14,12
32,2,-13,11
32,2,-12,34
32,2,-11,52
32,2,-10,63
32,2,-9,63
32,2,-8,35
32,2,-7,21
32,2,-6,74
32,2,-5,128
32,2,-4,25
32,3,-22,2
32,3,-20,4
32,3,-18,3
32,3,-17,5
32,3,-16,8
32,3,-15,10
32,3,-14,19
32,3,-13,20
32,3,-12,7
32,3,-11,1
32,3,-10,1
32,3,-9,5
32,3,-8,7
32,4,-24,1
32,4,-22,4
32,4,-21,1
32,4,-20,1
32,4,-19,3
32,4,-18,5
32,4,-17,8
32,4,-16,4
32,5,-28,1
32,5,-24,1
32,5,-23,2
32,5,-22,5
32,5,-21,1
32,6,-37,1
32,6,-33,1
32,6,-31,1
32,6,-25,1
32,7,-38,1
32,7,-33,1
32,9,-48,1
33,-54,58,1
33,-50,-46,1
33,-39,-72,1
33,-39,-28,1
33,-38,13,1
33,-35,24,1
33,-34,-26,1
33,-34,156,1
33,-31,-24,1
33,-31,19,1
33,-30,-39,1
33,-30,23,1
33,-29,-36,1
33,-29,-27,1
33,-29,-22,1
33,-29,-21,1
33,-29,23,1
33,-28,-22,1
33,-28,-21,1
33,-28,128,1
33,-27,-35,1
33,-27,-21,1
33,-27,-20,1
33,-26,-52,1
33,-26,-45,1
33,-26,25,1
33,-25,-19,1
33,-25,17,1
33,-25,88,1
33,-24,-78,1
33,-24,-32,1
33,-24,-30,1
33,-24,-23,1
33,-24,-17,1
33,-24,14,1
33,-24,28,1
33,-24,38,1
33,-23,-28,1
33,-23,-23,1
33,-23,-17,1
33,-23,-16,2
33,-23,6,1
33,-22,-47,1
33,-22,-43,1
33,-22,-37,1
33,-22,-18,1
33,-22,-16,3
33,-22,-15,1
33,-22,-10,1
33,-22,6,1
33,-22,12,1
33,-22,13,1
33,-22,15,1
33,-22,25,1
33,-22,72,1
33,-21,-20,1
33,-21,-19,2
33,-21,-16,1
33,-21,-15,4
33,-21,-14,1
33,-21,6,1
33,-21,7,1
33,-21,12,1
33,-21,14,1
33,-21,19,1
33,-21,25,1
33,-20,-79,1
33,-20,-19,1
33,-20,-18,3
33,-20,-17,1
33,-20,-15,4
33,-20,-9,1
33,-20,-8,1
33,-20,-3,2
33,-20,5,2
33,-20,6,2
33,-20,13,2
33,-20,24,4
33,-19,-39,1
33,-19,-33,2
33,-19,-29,1
33,-19,-22,1
33,-19,-19,1
33,-19,-18,4
33,-19,-15,5
33,-19,-14,11
33,-19,-13,4
33,-19,-9,1
33,-19,5,1
33,-19,6,1
33,-19,16,3
33,-19,17,1
33,-19,19,1
33,-19,22,2
33,-19,30,1
33,-18,-39,1
33,-18,-34,1
33,-18,-29,1
33,-18,-25,1
33,-18,-19,1
33,-18,-18,1
33,-18,-17,3
33,-18,-16,1
33,-18,-14,3
33,-18,-13,9
33,-18,-12,2
33,-18,5,1
33,-18,11,1
33,-18,15,1
33,-18,17,2
33,-18,21,1
33,-18,27,1
33,-17,-31,1
33,-17,-28,1
33,-17,-25,1
33,-17,-22,1
33,-17,-19,1
33,-17,-17,2
33,-17,-16,10
33,-17,-15,2
33,-17,-14,1
33,-17,-13,4
33,-17,-12,9
33,-17,-8,1
33,-17,-3,1
33,-17,-2,1
33,-17,6,1
33,-17,7,2
33,-17,10,1
33,-17,12,2
33,-17,13,2
33,-17,14,1
33,-17,15,1
33,-17,16,1
33,-17,58,1
33,-16,-55,1
33,-16,-32,1
33,-16,-27,2
33,-16,-21,1
33,-16,-17,2
33,-16,-15,1
33,-16,-13,1
33,-16,-12,5
33,-16,-11,4
33,-16,-6,1
33,-16,-2,1
33,-16,2,1
33,-16,4,5
33,-16,5,6
33,-16,6,1
33,-16,7,1
33,-16,8,1
33,-16,9,3
33,-16,10,2
33,-16,11,2
33,-16,12,2
33,-16,13,1
33,-16,14,1
33,-16,15,1
33,-16,16,1
33,-16,18,1
33,-16,25,1
33,-16,72,1
33,-15,-32,1
33,-15,-31,1
33,-15,-25,1
33,-15,-24,1
33,-15,-23,1
33,-15,-19,1
33,-15,-18,2
33,-15,-16,1
33,-15,-15,3
33,-15,-14,7
33,-15,-13,4
33,-15,-12,2
33,-15,-11,7
33,-15,-10,8
33,-15,-7,1
33,-15,-6,2
33,-15,-3,1
33,-15,-2,1
33,-15,2,1
33,-15,4,5
33,-15,5,5
33,-15,6,4
33,-15,7,3
33,-15,8,8
33,-15,9,7
33,-15,10,3
33,-15,11,8
33,-15,12,5
33,-15,13,1
33,-15,14,2
33,-15,15,1
33,-15,16,1
33,-15,17,2
33,-15,18,1
33,-15,23,2
33,-15,53,1
33,-15,58,1
33,-14,-32,1
33,-14,-31,1
33,-14,-29,2
33,-14,-25,2
33,-14,-24,2
33,-14,-19,1
33,-14,-18,1
33,-14,-17,2
33,-14,-16,1
33,-14,-15,2
33,-14,-14,5
33,-14,-13,10
33,-14,-12,2
33,-14,-11,11
33,-14,-10,18
33,-14,-9,4
33,-14,-6,2
33,-14,-2,2
33,-14,-1,2
33,-14,3,4
33,-14,4,9
33,-14,5,6
33,-14,6,1
33,-14,7,11
33,-14,8,12
33,-14,9,7
33,-14,10,4
33,-14,11,5
33,-14,12,6
33,-14,13,4
33,-14,14,1
33,-14,15,1
33,-14,16,5
33,-14,17,1
33,-14,50,1
33,-13,-42,1
33,-13,-26,1
33,-13,-25,2
33,-13,-24,1
33,-13,-23,3
33,-13,-20,1
33,-13,-19,1
33,-13,-18,1
33,-13,-17,4
33,-13,-16,3
33,-13,-15,3
33,-13,-14,2
33,-13,-13,7
33,-13,-12,11
33,-13,-11,4
33,-13,-10,11
33,-13,-9,13
33,-13,-8,1
33,-13,-6,3
33,-13,-5,2
33,-13,-3,1
33,-13,-2,1
33,-13,-1,1
33,-13,2,3
33,-13,3,6
33,-13,4,15
33,-13,5,11
33,-13,6,20
33,-13,7,13
33,-13,8,9
33,-13,9,5
33,-13,10,7
33,-13,11,7
33,-13,12,8
33,-13,13,3
33,-13,15,1
33,-13,19,1
33,-13,20,2
33,-13,42,1
33,-13,60,2
33,-12,-26,1
33,-12,-24,1
33,-12,-22,1
33,-12,-21,2
33,-12,-20,2
33,-12,-17,3
33,-12,-16,6
33,-12,-15,2
33,-12,-14,11
33,-12,-13,9
33,-12,-12,13
33,-12,-11,12
33,-12,-10,5
33,-12,-9,13
33,-12,-8,18
33,-12,-7,1
33,-12,-5,2
33,-12,-4,1
33,-12,-2,1
33,-12,-1,3
33,-12,1,2
33,-12,2,5
33,-12,3,14
33,-12,4,7
33,-12,5,17
33,-12,6,27
33,-12,7,15
33,-12,8,8
33,-12,9,14
33,-12,10,9
33,-12,11,11
33,-12,12,2
33,-12,13,3
33,-12,14,3
33,-12,18,3
33,-12,19,2
33,-12,43,1
33,-12,47,1
33,-11,-32,1
33,-11,-31,1
33,-11,-25,2
33,-11,-24,1
33,-11,-23,2
33,-11,-22,4
33,-11,-21,3
33,-11,-20,4
33,-11,-19,8
33,-11,-18,1
33,-11,-17,3
33,-11,-16,3
33,-11,-15,3
33,-11,-14,7
33,-11,-13,8
33,-11,-12,12
33,-11,-11,14
33,-11,-10,16
33,-11,-9,6
33,-11,-8,26
33,-11,-7,7
33,-11,-5,6
33,-11,-4,6
33,-11,-3,8
33,-11,-2,5
33,-11,-1,4
33,-11,0,1
33,-11,1,9
33,-11,2,8
33,-11,3,23
33,-11,4,21
33,-11,5,45
33,-11,6,20
33,-11,7,19
33,-11,8,19
33,-11,9,22
33,-11,10,18
33,-11,11,3
33,-11,12,1
33,-11,16,1
33,-11,17,2
33,-11,34,1
33,-11,41,1
33,-11,49,1
33,-11,55,1
33,-10,-37,1
33,-10,-23,1
33,-10,-22,1
33,-10,-21,4
33,-10,-20,4
33,-10,-19,5
33,-10,-18,1
33,-10,-17,9
33,-10,-16,7
33,-10,-15,3
33,-10,-14,9
33,-10,-13,11
33,-10,-12,11
33,-10,-11,16
33,-10,-10,12
33,-10,-9,18
33,-10,-8,10
33,-10,-7,27
33,-10,-6,1
33,-10,-5,4
33,-10,-4,9
33,-10,-3,9
33,-10,-2,6
33,-10,-1,7
33,-10,0,1
33,-10,1,17
33,-10,2,19
33,-10,3,19
33,-10,4,30
33,-10,5,44
33,-10,6,33
33,-10,7,26
33,-10,8,21
33,-10,9,23
33,-10,10,7
33,-10,11,5
33,-10,12,2
33,-10,14,1
33,-10,15,2
33,-10,16,2
33,-10,32,1
33,-10,34,1
33,-10,37,1
33,-10,40,1
33,-10,47,1
33,-9,-21,1
33,-9,-20,5
33,-9,-19,4
33,-9,-18,7
33,-9,-17,7
33,-9,-16,10
33,-9,-15,11
33,-9,-14,17
33,-9,-13,9
33,-9,-12,9
33,-9,-11,31
33,-9,-10,21
33,-9,-9,18
33,-9,-8,28
33,-9,-7,20
33,-9,-6,21
33,-9,-5,8
33,-9,-4,15
33,-9,-3,18
33,-9,-2,6
33,-9,-1,10
33,-9,0,3
33,-9,1,19
33,-9,2,37
33,-9,3,19
33,-9,4,47
33,-9,5,37
33,-9,6,32
33,-9,7,15
33,-9,8,40
33,-9,9,11
33,-9,10,2
33,-9,11,5
33,-9,12,1
33,-9,13,4
33,-9,14,3
33,-9,15,2
33,-9,27,4
33,-9,29,1
33,-9,30,1
33,-9,31,1
33,-9,34,1
33,-9,42,1
33,-8,-29,1
33,-8,-27,1
33,-8,-24,1
33,-8,-23,1
33,-8,-18,2
33,-8,-17,8
33,-8,-16,12
33,-8,-15,11
33,-8,-14,11
33,-8,-13,17
33,-8,-12,13
33,-8,-11,14
33,-8,-10,23
33,-8,-9,42
33,-8,-8,31
33,-8,-7,38
33,-8,-6,20
33,-8,-5,18
33,-8,-4,11
33,-8,-3,22
33,-8,-2,17
33,-8,-1,21
33,-8,0,13
33,-8,1,49
33,-8,2,42
33,-8,3,42
33,-8,4,55
33,-8,5,50
33,-8,6,54
33,-8,7,62
33,-8,8,16
33,-8,9,11
33,-8,10,6
33,-8,11,10
33,-8,12,7
33,-8,13,1
33,-8,23,1
33,-8,24,1
33,-8,25,1
33,-8,26,1
33,-8,27,2
33,-8,33,1
33,-7,-27,2
33,-7,-26,2
33,-7,-21,2
33,-7,-19,4
33,-7,-16,2
33,-7,-15,7
33,-7,-14,16
33,-7,-13,16
33,-7,-12,15
33,-7,-11,20
33,-7,-10,35
33,-7,-9,47
33,-7,-8,60
33,-7,-7,50
33,-7,-6,38
33,-7,-5,25
33,-7,-4,22
33,-7,-3,25
33,-7,-2,37
33,-7,-1,31
33,-7,0,28
33,-7,1,49
33,-7,2,61
33,-7,3,92
33,-7,4,66
33,-7,5,60
33,-7,6,90
33,-7,7,18
33,-7,8,9
33,-7,9,8
33,-7,10,11
33,-7,11,1
33,-7,12,1
33,-7,20,1
33,-7,22,1
33,-7,23,3
33,-7,24,3
33,-7,27,1
33,-7,28,1
33,-7,29,3
33,-7,30,2
33,-7,31,1
33,-7,33,1
33,-6,-22,2
33,-6,-20,4
33,-6,-19,5
33,-6,-18,4
33,-6,-17,3
33,-6,-16,2
33,-6,-14,1
33,-6,-13,3
33,-6,-12,16
33,-6,-11,28
33,-6,-10,28
33,-6,-9,41
33,-6,-8,66
33,-6,-7,91
33,-6,-6,81
33,-6,-5,62
33,-6,-4,24
33,-6,-3,47
33,-6,-2,62
33,-6,-1,59
33,-6,0,41
33,-6,1,110
33,-6,2,122
33,-6,3,143
33,-6,4,85
33,-6,5,118
33,-6,6,45
33,-6,7,23
33,-6,8,13
33,-6,9,13
33,-6,10,2
33,-6,17,6
33,-6,18,3
33,-6,19,3
33,-6,20,5
33,-6,21,2
33,-6,22,4
33,-6,24,2
33,-6,25,2
33,-5,-19,1
33,-5,-18,4
33,-5,-17,7
33,-5,-16,6
33,-5,-15,10
33,-5,-14,4
33,-5,-13,3
33,-5,-11,10
33,-5,-10,35
33,-5,-9,45
33,-5,-8,73
33,-5,-7,90
33,-5,-6,183
33,-5,-5,210
33,-5,-4,114
33,-5,-3,107
33,-5,-2,100
33,-5,-1,139
33,-5,0,85
33,-5,1,210
33,-5,2,282
33,-5,3,258
33,-5,4,239
33,-5,5,121
33,-5,6,52
33,-5,7,36
33,-5,8,8
33,-5,13,2
33,-5,14,3
33,-5,15,4
33,-5,16,5
33,-5,17,6
33,-5,18,2
33,-5,19,2
33,-5,20,6
33,-5,22,3
33,-5,23,1
33,-5,24,1
33,-5,25,3
33,-4,-15,5
33,-4,-14,2
33,-4,-13,7
33,-4,-12,13
33,-4,-11,10
33,-4,-10,4
33,-4,-9,16
33,-4,-8,75
33,-4,-7,189
33,-4,-6,279
33,-4,-5,438
33,-4,-4,516
33,-4,-3,253
33,-4,-2,248
33,-4,-1,264
33,-4,0,349
33,-4,1,596
33,-4,2,793
33,-4,3,657
33,-4,4,319
33,-4,5,245
33,-4,6,67
33,-4,7,6
33,-4,9,1
33,-4,10,19
33,-4,11,14
33,-4,12,9
33,-4,13,16
33,-4,14,5
33,-4,15,11
33,-4,16,2
33,-4,17,6
33,-4,18,3
33,-4,19,1
33,-4,20,1
33,-3,-11,8
33,-3,-10,15
33,-3,-9,30
33,-3,-8,70
33,-3,-7,76
33,-3,-6,353
33,-3,-5,1107
33,-3,-4,1194
33,-3,-3,1222
33,-3,-2,846
33,-3,-1,734
33,-3,0,661
33,-3,1,1408
33,-3,2,1569
33,-3,3,886
33,-3,4,382
33,-3,5,57
33,-3,6,37
33,-3,7,130
33,-3,8,121
33,-3,9,92
33,-3,10,56
33,-3,11,25
33,-3,12,18
33,-3,13,9
33,-3,14,8
33,-3,15,4
33,-2,-45,1
33,-2,-39,1
33,-2,-30,1
33,-2,-27,2
33,-2,-22,1
33,-2,-9,4
33,-2,-8,43
33,-2,-7,140
33,-2,-6,262
33,-2,-5,339
33,-2,-4,1399
33,-2,-3,2455
33,-2,-2,2037
33,-2,-1,1655
33,-2,0,894
33,-2,1,2393
33,-2,2,1486
33,-2,3,377
33,-2,4,409
33,-2,5,617
33,-2,6,469
33,-2,7,157
33,-2,8,66
33,-2,9,32
33,-2,10,12
33,-1,-48,1
33,-1,-34,1
33,-1,-25,1
33,-1,-23,1
33,-1,-22,2
33,-1,-20,2
33,-1,-18,2
33,-1,-17,1
33,-1,-16,2
33,-1,-15,1
33,-1,-14,6
33,-1,-13,4
33,-1,-12,9
33,-1,-11,6
33,-1,-10,10
33,-1,-9,15
33,-1,-8,36
33,-1,-7,40
33,-1,-6,79
33,-1,-5,108
33,-1,-4,260
33,-1,-3,574
33,-1,-2,2168
33,-1,-1,2489
33,-1,0,1516
33,-1,1,1960
33,-1,2,737
33,-1,3,446
33,-1,4,149
33,-1,5,20
33,0,-90,21
33,0,-80,1
33,0,-78,1
33,0,-33,1
33,0,-14,1
33,0,-11,1
33,0,-9,3
33,0,-7,50
33,0,-6,188
33,0,-5,429
33,0,-4,762
33,0,-3,805
33,0,-2,825
33,0,-1,945
33,0,0,45
33,1,-11,4
33,1,-10,23
33,1,-9,68
33,1,-8,146
33,1,-7,284
33,1,-6,396
33,1,-5,390
33,1,-4,131
33,1,-3,34
33,2,-14,3
33,2,-13,6
33,2,-12,9
33,2,-11,13
33,2,-10,23
33,2,-9,32
33,2,-8,33
33,2,-7,42
33,2,-6,40
33,2,-5,12
33,3,-18,1
33,3,-16,1
33,3,-15,2
33,3,-14,3
33,3,-13,5
33,3,-12,8
33,3,-11,4
33,3,-10,2
33,3,-9,11
33,3,-8,13
33,4,-22,2
33,4,-21,1
33,4,-20,2
33,4,-17,3
33,4,-16,1
33,4,-15,2
33,4,-13,2
33,4,-12,3
33,4,-11,4
33,5,-21,1
33,5,-20,3
33,5,-19,4
33,5,-18,1
33,5,-14,1
33,6,-27,1
33,6,-25,1
33,6,-24,1
33,6,-23,2
33,7,-26,2
33,7,-25,1
34,-46,-44,1
34,-42,-40,1
34,-40,-28,1
34,-40,25,1
34,-33,-31,1
34,-31,-105,1
34,-29,-28,1
34,-29,-26,1
34,-29,23,1
34,-26,-17,1
34,-26,22,1
34,-25,-23,1
34,-25,7,1
34,-25,21,1
34,-25,29,1
34,-24,-43,1
34,-24,-41,1
34,-24,22,1
34,-23,-23,2
34,-23,22,1
34,-23,34,1
34,-22,-43,1
34,-22,20,1
34,-22,68,1
34,-22,70,1
34,-21,-37,1
34,-21,-22,3
34,-21,6,2
34,-21,9,1
34,-21,11,1
34,-20,-42,1
34,-20,-23,1
34,-20,-21,1
34,-20,-20,1
34,-20,9,2
34,-20,12,1
34,-20,15,2
34,-20,18,1
34,-19,-26,1
34,-19,-16,1
34,-19,-13,1
34,-19,6,2
34,-19,8,1
34,-19,9,1
34,-19,10,1
34,-19,14,1
34,-19,28,1
34,-19,60,1
34,-18,-31,1
34,-18,-30,1
34,-18,-19,1
34,-18,-12,1
34,-18,-6,1
34,-18,-5,1
34,-18,5,2
34,-18,6,2
34,-18,7,1
34,-18,9,1
34,-18,14,2
34,-17,-18,1
34,-17,-16,1
34,-17,-15,1
34,-17,-12,1
34,-17,-6,1
34,-17,2,2
34,-17,5,2
34,-17,7,2
34,-17,9,2
34,-17,12,1
34,-17,14,1
34,-17,15,2
34,-17,28,2
34,-17,55,1
34,-16,-21,1
34,-16,-20,2
34,-16,-17,1
34,-16,-14,1
34,-16,-11,1
34,-16,-9,2
34,-16,-6,2
34,-16,-5,2
34,-16,3,1
34,-16,4,3
34,-16,7,2
34,-16,8,6
34,-16,9,1
34,-16,10,1
34,-16,13,1
34,-16,14,2
34,-16,15,4
34,-16,17,2
34,-16,24,1
34,-16,26,2
34,-16,49,1
34,-16,51,1
34,-15,-33,1
34,-15,-24,1
34,-15,-22,1
34,-15,-21,2
34,-15,-20,1
34,-15,-19,2
34,-15,-17,1
34,-15,-13,2
34,-15,-10,2
34,-15,-9,1
34,-15,-8,2
34,-15,-6,1
34,-15,-5,7
34,-15,-4,1
34,-15,3,3
34,-15,4,4
34,-15,5,1
34,-15,7,7
34,-15,8,3
34,-15,9,4
34,-15,10,2
34,-15,11,3
34,-15,12,1
34,-15,14,7
34,-15,15,2
34,-15,16,2
34,-15,20,1
34,-15,22,2
34,-15,23,1
34,-14,-22,1
34,-14,-21,1
34,-14,-20,1
34,-14,-18,2
34,-14,-17,3
34,-14,-15,3
34,-14,-13,1
34,-14,-12,1
34,-14,-10,2
34,-14,-8,2
34,-14,-5,3
34,-14,-4,1
34,-14,3,6
34,-14,4,4
34,-14,5,1
34,-14,6,5
34,-14,7,13
34,-14,8,6
34,-14,9,5
34,-14,10,4
34,-14,11,2
34,-14,12,3
34,-14,13,6
34,-14,14,8
34,-14,15,2
34,-14,18,1
34,-14,21,2
34,-14,22,2
34,-13,-38,1
34,-13,-27,1
34,-13,-23,1
34,-13,-22,1
34,-13,-19,2
34,-13,-17,2
34,-13,-16,2
34,-13,-15,1
34,-13,-14,1
34,-13,-12,1
34,-13,-11,2
34,-13,-7,1
34,-13,-5,5
34,-13,-4,4
34,-13,-3,3
34,-13,2,5
34,-13,3,10
34,-13,4,4
34,-13,5,2
34,-13,6,18
34,-13,7,11
34,-13,8,4
34,-13,9,4
34,-13,10,4
34,-13,11,1
34,-13,12,6
34,-13,13,4
34,-13,14,3
34,-13,17,1
34,-13,19,1
34,-13,20,1
34,-13,21,1
34,-12,-26,2
34,-12,-25,2
34,-12,-21,1
34,-12,-20,1
34,-12,-19,1
34,-12,-17,1
34,-12,-16,2
34,-12,-15,3
34,-12,-14,7
34,-12,-11,4
34,-12,-10,3
34,-12,-7,5
34,-12,-6,4
34,-12,-5,3
34,-12,-4,5
34,-12,-3,4
34,-12,-2,3
34,-12,1,1
34,-12,2,11
34,-12,3,12
34,-12,4,4
34,-12,5,16
34,-12,6,25
34,-12,7,20
34,-12,8,8
34,-12,9,3
34,-12,10,4
34,-12,11,9
34,-12,12,3
34,-12,13,6
34,-12,14,1
34,-12,15,3
34,-12,17,3
34,-12,18,4
34,-12,37,1
34,-11,-36,1
34,-11,-24,1
34,-11,-22,2
34,-11,-17,1
34,-11,-15,3
34,-11,-14,2
34,-11,-13,5
34,-11,-12,1
34,-11,-11,3
34,-11,-10,6
34,-11,-9,1
34,-11,-6,5
34,-11,-4,11
34,-11,-3,6
34,-11,-2,5
34,-11,-1,1
34,-11,1,1
34,-11,2,22
34,-11,3,27
34,-11,4,5
34,-11,5,13
34,-11,6,26
34,-11,7,19
34,-11,8,4
34,-11,9,7
34,-11,10,2
34,-11,11,6
34,-11,12,3
34,-11,14,3
34,-11,15,1
34,-11,16,1
34,-11,17,5
34,-11,18,1
34,-11,32,1
34,-11,36,1
34,-11,41,1
34,-10,-31,1
34,-10,-21,2
34,-10,-20,1
34,-10,-19,1
34,-10,-16,2
34,-10,-15,1
34,-10,-14,1
34,-10,-13,11
34,-10,-12,5
34,-10,-11,1
34,-10,-10,8
34,-10,-9,7
34,-10,-6,2
34,-10,-5,8
34,-10,-4,2
34,-10,-3,5
34,-10,-2,2
34,-10,-1,2
34,-10,1,5
34,-10,2,25
34,-10,3,11
34,-10,4,18
34,-10,5,39
34,-10,6,30
34,-10,7,10
34,-10,8,6
34,-10,9,10
34,-10,10,10
34,-10,11,6
34,-10,12,7
34,-10,13,1
34,-10,14,1
34,-10,15,4
34,-10,16,3
34,-10,32,1
34,-10,43,1
34,-10,46,1
34,-10,47,1
34,-9,-31,1
34,-9,-27,1
34,-9,-20,1
34,-9,-19,4
34,-9,-18,8
34,-9,-17,4
34,-9,-15,4
34,-9,-14,1
34,-9,-13,1
34,-9,-12,6
34,-9,-11,10
34,-9,-10,4
34,-9,-9,11
34,-9,-8,3
34,-9,-7,1
34,-9,-5,15
34,-9,-4,1
34,-9,-3,2
34,-9,-2,13
34,-9,-1,3
34,-9,0,1
34,-9,1,15
34,-9,2,34
34,-9,3,6
34,-9,4,46
34,-9,5,53
34,-9,6,16
34,-9,7,16
34,-9,8,5
34,-9,9,9
34,-9,10,10
34,-9,11,7
34,-9,12,4
34,-9,13,2
34,-9,14,2
34,-9,28,1
34,-9,29,1
34,-9,39,1
34,-9,42,1
34,-9,43,1
34,-8,-30,1
34,-8,-29,1
34,-8,-26,1
34,-8,-25,2
34,-8,-17,3
34,-8,-16,6
34,-8,-15,5
34,-8,-14,3
34,-8,-13,6
34,-8,-12,2
34,-8,-11,9
34,-8,-10,12
34,-8,-9,15
34,-8,-8,14
34,-8,-7,8
34,-8,-6,8
34,-8,-5,11
34,-8,-4,29
34,-8,-2,15
34,-8,-1,28
34,-8,0,17
34,-8,1,20
34,-8,2,43
34,-8,3,36
34,-8,4,48
34,-8,5,26
34,-8,6,18
34,-8,7,21
34,-8,8,5
34,-8,9,10
34,-8,10,6
34,-8,11,5
34,-8,12,2
34,-8,13,8
34,-8,14,1
34,-8,25,1
34,-8,27,1
34,-8,37,1
34,-8,41,1
34,-7,-25,1
34,-7,-23,1
34,-7,-22,2
34,-7,-21,1
34,-7,-20,1
34,-7,-15,5
34,-7,-14,9
34,-7,-13,13
34,-7,-12,18
34,-7,-11,11
34,-7,-10,7
34,-7,-9,20
34,-7,-8,20
34,-7,-7,17
34,-7,-6,8
34,-7,-5,10
34,-7,-4,46
34,-7,-3,9
34,-7,-2,8
34,-7,-1,42
34,-7,0,50
34,-7,1,33
34,-7,2,18
34,-7,3,59
34,-7,4,54
34,-7,5,25
34,-7,6,43
34,-7,7,26
34,-7,8,22
34,-7,9,14
34,-7,10,6
34,-7,11,4
34,-7,12,3
34,-7,22,1
34,-7,23,1
34,-7,26,1
34,-7,28,2
34,-7,32,1
34,-7,34,2
34,-6,-21,1
34,-6,-19,2
34,-6,-18,1
34,-6,-17,2
34,-6,-13,3
34,-6,-12,11
34,-6,-11,28
34,-6,-10,20
34,-6,-9,18
34,-6,-8,19
34,-6,-7,32
34,-6,-6,23
34,-6,-5,33
34,-6,-4,34
34,-6,-3,65
34,-6,-1,37
34,-6,0,88
34,-6,1,50
34,-6,2,69
34,-6,3,103
34,-6,4,64
34,-6,5,87
34,-6,6,52
34,-6,7,26
34,-6,8,18
34,-6,9,22
34,-6,10,5
34,-6,11,1
34,-6,18,4
34,-6,19,1
34,-6,20,1
34,-6,21,2
34,-6,25,1
34,-5,-17,1
34,-5,-16,2
34,-5,-11,1
34,-5,-10,23
34,-5,-9,48
34,-5,-8,51
34,-5,-7,25
34,-5,-6,87
34,-5,-5,53
34,-5,-4,100
34,-5,-3,212
34,-5,-2,29
34,-5,-1,31
34,-5,0,175
34,-5,1,131
34,-5,2,229
34,-5,3,133
34,-5,4,134
34,-5,5,125
34,-5,6,61
34,-5,7,47
34,-5,8,12
34,-5,9,1
34,-5,13,3
34,-5,14,5
34,-5,15,2
34,-5,16,5
34,-5,17,1
34,-5,18,1
34,-5,19,1
34,-5,20,1
34,-5,21,1
34,-4,-15,5
34,-4,-14,3
34,-4,-13,5
34,-4,-12,3
34,-4,-11,1
34,-4,-9,6
34,-4,-8,87
34,-4,-7,196
34,-4,-6,108
34,-4,-5,137
34,-4,-4,236
34,-4,-3,412
34,-4,-2,283
34,-4,-1,100
34,-4,0,229
34,-4,1,437
34,-4,2,358
34,-4,3,282
34,-4,4,212
34,-4,5,61
34,-4,6,41
34,-4,7,3
34,-4,9,2
34,-4,10,5
34,-4,11,11
34,-4,12,19
34,-4,13,5
34,-4,14,6
34,-4,15,1
34,-4,16,1
34,-3,-14,5
34,-3,-13,7
34,-3,-12,7
34,-3,-11,12
34,-3,-10,32
34,-3,-9,24
34,-3,-8,17
34,-3,-7,69
34,-3,-6,484
34,-3,-5,670
34,-3,-4,431
34,-3,-3,578
34,-3,-2,756
34,-3,-1,364
34,-3,0,243
34,-3,1,604
34,-3,2,479
34,-3,3,487
34,-3,4,139
34,-3,5,56
34,-3,6,2
34,-3,7,32
34,-3,8,70
34,-3,9,70
34,-3,10,53
34,-3,11,19
34,-3,12,9
34,-3,13,5
34,-3,14,2
34,-2,-29,1
34,-2,-27,1
34,-2,-19,1
34,-2,-18,1
34,-2,-16,1
34,-2,-15,1
34,-2,-9,14
34,-2,-8,4
34,-2,-7,9
34,-2,-6,60
34,-2,-5,529
34,-2,-4,1117
34,-2,-3,758
34,-2,-2,574
34,-2,-1,1064
34,-2,0,300
34,-2,1,803
34,-2,2,584
34,-2,3,638
34,-2,4,161
34,-2,5,9
34,-2,6,78
34,-2,7,85
34,-2,8,42
34,-2,9,22
34,-1,-39,1
34,-1,-26,1
34,-1,-25,2
34,-1,-23,1
34,-1,-22,3
34,-1,-21,2
34,-1,-20,1
34,-1,-19,1
34,-1,-18,1
34,-1,-17,1
34,-1,-16,1
34,-1,-14,2
34,-1,-13,4
34,-1,-12,3
34,-1,-11,1
34,-1,-6,19
34,-1,-5,77
34,-1,-4,566
34,-1,-3,1805
34,-1,-2,1576
34,-1,-1,1341
34,-1,0,270
34,-1,1,123
34,-1,2,987
34,-1,3,529
34,-1,4,66
34,0,-29,1
34,0,-7,14
34,0,-6,58
34,0,-5,115
34,0,-4,116
34,0,-3,496
34,0,-2,928
34,0,-1,309
34,1,-14,3
34,1,-13,7
34,1,-12,33
34,1,-11,46
34,1,-10,73
34,1,-9,92
34,1,-8,120
34,1,-7,92
34,1,-6,44
34,2,-18,1
34,2,-17,1
34,2,-16,3
34,2,-15,13
34,2,-14,15
34,2,-13,27
34,2,-12,32
34,2,-11,45
34,2,-10,35
34,2,-9,42
34,2,-8,7
34,3,-19,4
34,3,-18,3
34,3,-17,4
34,3,-16,4
34,3,-15,5
34,3,-14,6
34,3,-13,6
34,3,-12,4
34,5,-25,1
34,5,-24,1
34,5,-23,1
34,5,-15,1
34,5,-14,5
34,5,-13,2
34,6,-26,1
34,6,-23,1
34,6,-17,1
34,6,-16,2
34,7,-37,1
34,7,-28,1
34,7,-27,3
34,7,-26,1
34,7,-19,1
34,8,-34,1
34,8,-33,1
34,8,-30,1
34,8,-21,2
34,9,-34,1
34,10,-35,1
34,11,-42,1
35,-31,-56,1
35,-29,44,1
35,-28,-8,1
35,-27,21,1
35,-27,83,1
35,-26,24,1
35,-26,26,1
35,-25,-73,1
35,-25,13,1
35,-24,-31,1
35,-24,-21,1
35,-24,12,1
35,-24,23,1
35,-24,26,1
35,-23,-8,1
35,-23,17,1
35,-23,20,1
35,-23,26,1
35,-22,-19,1
35,-22,-12,1
35,-22,-11,1
35,-22,11,1
35,-22,29,1
35,-22,33,1
35,-21,-23,1
35,-21,27,1
35,-20,-7,1
35,-20,3,1
35,-20,4,1
35,-20,10,3
35,-20,13,1
35,-20,19,1
35,-20,21,1
35,-20,22,1
35,-20,86,1
35,-19,-16,1
35,-19,-5,1
35,-19,3,1
35,-19,4,1
35,-19,17,1
35,-19,19,1
35,-19,29,1
35,-18,-10,1
35,-18,-7,1
35,-18,-5,1
35,-18,3,1
35,-18,4,1
35,-18,5,4
35,-18,10,2
35,-18,11,1
35,-18,16,1
35,-18,17,1
35,-17,-17,2
35,-17,-9,2
35,-17,-4,1
35,-17,-2,1
35,-17,3,1
35,-17,4,2
35,-17,5,2
35,-17,6,1
35,-17,7,1
35,-17,8,1
35,-17,9,2
35,-17,10,1
35,-17,14,1
35,-17,15,1
35,-17,20,1
35,-17,25,1
35,-16,-20,1
35,-16,-19,1
35,-16,-17,1
35,-16,-16,1
35,-16,-9,1
35,-16,3,5
35,-16,4,2
35,-16,7,2
35,-16,8,2
35,-16,9,4
35,-16,10,2
35,-16,14,1
35,-16,17,2
35,-16,53,1
35,-15,-32,1
35,-15,-24,1
35,-15,-18,1
35,-15,-15,2
35,-15,-14,2
35,-15,-3,1
35,-15,3,6
35,-15,4,9
35,-15,5,4
35,-15,7,2
35,-15,8,5
35,-15,9,3
35,-15,10,3
35,-15,13,4
35,-15,14,1
35,-15,18,1
35,-15,19,1
35,-15,23,1
35,-14,-47,1
35,-14,-28,2
35,-14,-27,1
35,-14,-23,1
35,-14,-19,1
35,-14,-18,1
35,-14,-17,1
35,-14,-16,2
35,-14,-14,6
35,-14,-13,3
35,-14,-7,1
35,-14,-3,2
35,-14,-1,1
35,-14,1,1
35,-14,2,1
35,-14,3,5
35,-14,4,4
35,-14,5,1
35,-14,6,11
35,-14,7,4
35,-14,8,12
35,-14,9,3
35,-14,10,1
35,-14,12,2
35,-14,13,2
35,-14,16,1
35,-14,17,1
35,-14,21,1
35,-13,-27,1
35,-13,-21,2
35,-13,-17,1
35,-13,-16,1
35,-13,-15,3
35,-13,-14,1
35,-13,-13,8
35,-13,-12,4
35,-13,-10,1
35,-13,-7,7
35,-13,-3,2
35,-13,-2,1
35,-13,0,1
35,-13,1,3
35,-13,2,1
35,-13,3,18
35,-13,4,3
35,-13,5,9
35,-13,6,17
35,-13,7,14
35,-13,8,1
35,-13,11,1
35,-13,12,1
35,-13,14,1
35,-13,15,2
35,-13,63,1
35,-12,-43,1
35,-12,-41,1
35,-12,-25,1
35,-12,-24,3
35,-12,-23,1
35,-12,-19,2
35,-12,-16,6
35,-12,-15,2
35,-12,-14,2
35,-12,-12,6
35,-12,-11,5
35,-12,-9,3
35,-12,-7,2
35,-12,-6,6
35,-12,-3,1
35,-12,-2,2
35,-12,0,7
35,-12,1,14
35,-12,2,1
35,-12,3,10
35,-12,4,2
35,-12,5,18
35,-12,6,11
35,-12,7,19
35,-12,8,4
35,-12,9,5
35,-12,10,3
35,-12,11,1
35,-12,13,2
35,-12,14,2
35,-12,16,1
35,-12,17,1
35,-12,19,1
35,-12,20,2
35,-12,42,1
35,-11,-42,1
35,-11,-41,1
35,-11,-23,3
35,-11,-21,5
35,-11,-19,2
35,-11,-18,3
35,-11,-16,1
35,-11,-15,2
35,-11,-14,8
35,-11,-13,6
35,-11,-11,3
35,-11,-10,4
35,-11,-9,5
35,-11,-8,4
35,-11,-7,8
35,-11,-6,16
35,-11,-5,8
35,-11,-2,2
35,-11,-1,5
35,-11,0,10
35,-11,1,13
35,-11,2,5
35,-11,3,6
35,-11,4,6
35,-11,5,21
35,-11,6,11
35,-11,7,7
35,-11,8,3
35,-11,9,6
35,-11,10,8
35,-11,11,4
35,-11,12,3
35,-11,13,3
35,-11,14,3
35,-11,18,1
35,-11,19,2
35,-10,-31,1
35,-10,-22,2
35,-10,-20,2
35,-10,-19,6
35,-10,-18,3
35,-10,-17,3
35,-10,-16,2
35,-10,-14,6
35,-10,-13,2
35,-10,-12,9
35,-10,-8,4
35,-10,-7,5
35,-10,-6,8
35,-10,-5,23
35,-10,-2,5
35,-10,-1,2
35,-10,0,38
35,-10,1,14
35,-10,2,9
35,-10,3,5
35,-10,4,15
35,-10,5,38
35,-10,6,30
35,-10,7,10
35,-10,8,7
35,-10,9,10
35,-10,10,8
35,-10,11,5
35,-10,12,8
35,-10,13,3
35,-10,14,2
35,-10,15,1
35,-10,16,3
35,-10,17,1
35,-10,29,1
35,-10,45,1
35,-9,-19,1
35,-9,-18,4
35,-9,-17,4
35,-9,-16,11
35,-9,-15,6
35,-9,-14,3
35,-9,-13,4
35,-9,-12,3
35,-9,-11,8
35,-9,-10,2
35,-9,-8,7
35,-9,-7,6
35,-9,-6,12
35,-9,-5,34
35,-9,-4,8
35,-9,-2,5
35,-9,-1,4
35,-9,0,26
35,-9,1,23
35,-9,2,6
35,-9,3,6
35,-9,4,37
35,-9,5,29
35,-9,6,22
35,-9,7,21
35,-9,8,18
35,-9,9,16
35,-9,10,7
35,-9,11,8
35,-9,12,2
35,-9,13,6
35,-9,14,2
35,-9,15,1
35,-9,16,1
35,-9,26,1
35,-9,28,1
35,-9,31,2
35,-8,-17,3
35,-8,-16,5
35,-8,-15,12
35,-8,-14,11
35,-8,-13,9
35,-8,-12,2
35,-8,-11,1
35,-8,-10,8
35,-8,-9,4
35,-8,-8,6
35,-8,-7,12
35,-8,-6,17
35,-8,-5,34
35,-8,-4,23
35,-8,-2,4
35,-8,-1,2
35,-8,0,56
35,-8,1,26
35,-8,2,12
35,-8,3,14
35,-8,4,57
35,-8,5,31
35,-8,6,26
35,-8,7,33
35,-8,8,25
35,-8,9,9
35,-8,10,9
35,-8,11,2
35,-8,12,6
35,-8,13,2
35,-8,14,1
35,-8,22,1
35,-8,23,1
35,-8,24,1
35,-8,25,1
35,-8,26,1
35,-7,-15,5
35,-7,-14,13
35,-7,-13,18
35,-7,-12,13
35,-7,-11,6
35,-7,-10,1
35,-7,-9,3
35,-7,-8,19
35,-7,-7,5
35,-7,-6,21
35,-7,-5,38
35,-7,-4,54
35,-7,-3,10
35,-7,-2,4
35,-7,-1,3
35,-7,0,26
35,-7,1,37
35,-7,2,36
35,-7,3,38
35,-7,4,20
35,-7,5,32
35,-7,6,41
35,-7,7,35
35,-7,8,15
35,-7,9,2
35,-7,10,8
35,-7,11,2
35,-7,21,2
35,-7,22,2
35,-7,25,3
35,-7,26,1
35,-6,-23,1
35,-6,-22,2
35,-6,-21,3
35,-6,-20,2
35,-6,-19,1
35,-6,-13,8
35,-6,-12,20
35,-6,-11,22
35,-6,-10,15
35,-6,-9,1
35,-6,-8,6
35,-6,-7,27
35,-6,-6,12
35,-6,-5,48
35,-6,-4,82
35,-6,-3,68
35,-6,-2,35
35,-6,-1,3
35,-6,0,23
35,-6,1,89
35,-6,2,90
35,-6,3,76
35,-6,4,35
35,-6,5,55
35,-6,6,25
35,-6,7,20
35,-6,8,1
35,-6,9,4
35,-6,10,2
35,-6,17,2
35,-6,18,1
35,-6,19,2
35,-6,20,3
35,-6,21,2
35,-5,-21,2
35,-5,-20,2
35,-5,-19,1
35,-5,-18,5
35,-5,-17,2
35,-5,-16,1
35,-5,-11,8
35,-5,-10,40
35,-5,-9,42
35,-5,-8,13
35,-5,-7,11
35,-5,-6,71
35,-5,-5,44
35,-5,-4,137
35,-5,-3,157
35,-5,-2,78
35,-5,-1,35
35,-5,0,40
35,-5,1,132
35,-5,2,163
35,-5,3,84
35,-5,4,44
35,-5,5,49
35,-5,6,18
35,-5,7,6
35,-5,8,11
35,-5,13,1
35,-5,14,1
35,-5,15,4
35,-5,16,4
35,-5,17,4
35,-5,18,1
35,-5,19,3
35,-5,21,1
35,-4,-16,1
35,-4,-15,3
35,-4,-14,2
35,-4,-10,2
35,-4,-9,30
35,-4,-8,88
35,-4,-7,54
35,-4,-6,18
35,-4,-5,148
35,-4,-4,111
35,-4,-3,142
35,-4,-2,249
35,-4,-1,84
35,-4,0,104
35,-4,1,70
35,-4,2,200
35,-4,3,94
35,-4,4,95
35,-4,5,96
35,-4,6,44
35,-4,7,13
35,-4,8,1
35,-4,11,1
35,-4,12,11
35,-4,13,6
35,-4,14,5
35,-4,15,7
35,-4,16,9
35,-4,17,2
35,-3,-11,3
35,-3,-10,3
35,-3,-9,5
35,-3,-8,43
35,-3,-7,132
35,-3,-6,171
35,-3,-5,68
35,-3,-4,187
35,-3,-3,164
35,-3,-2,424
35,-3,-1,381
35,-3,0,130
35,-3,1,198
35,-3,2,184
35,-3,3,90
35,-3,4,150
35,-3,5,72
35,-3,6,17
35,-3,7,2
35,-3,10,2
35,-3,11,7
35,-3,12,2
35,-3,13,1
35,-3,14,1
35,-2,-33,1
35,-2,-28,1
35,-2,-21,1
35,-2,-20,1
35,-2,-7,12
35,-2,-6,153
35,-2,-5,420
35,-2,-4,284
35,-2,-3,397
35,-2,-2,262
35,-2,-1,1167
35,-2,0,345
35,-2,1,272
35,-2,2,33
35,-2,3,192
35,-2,4,622
35,-2,5,327
35,-2,6,94
35,-2,7,8
35,-1,-51,1
35,-1,-28,1
35,-1,-8,15
35,-1,-7,21
35,-1,-6,79
35,-1,-5,464
35,-1,-4,1051
35,-1,-3,476
35,-1,-2,592
35,-1,-1,240
35,-1,0,9
35,-1,3,26
35,-1,4,52
35,0,-9,21
35,0,-8,26
35,0,-7,45
35,0,-6,18
35,0,-5,76
35,0,-4,325
35,0,-3,334
35,0,-2,169
35,0,-1,64
35,1,-15,1
35,1,-13,3
35,1,-12,5
35,1,-11,10
35,2,-21,1
35,2,-20,1
35,2,-19,1
35,2,-18,1
35,2,-17,4
35,2,-16,4
35,2,-15,10
35,2,-14,9
35,2,-13,10
35,2,-12,9
35,2,-11,1
35,3,-23,1
35,3,-22,3
35,3,-21,1
35,3,-20,2
35,3,-19,2
35,3,-18,4
35,3,-17,5
35,3,-16,5
35,3,-15,5
35,3,-14,9
35,3,-13,2
35,4,-25,2
35,4,-24,3
35,4,-22,2
35,4,-21,2
35,4,-20,2
35,4,-19,2
35,4,-18,3
35,4,-17,4
35,4,-16,3
35,5,-27,3
35,5,-23,1
35,5,-22,1
35,5,-21,1
35,8,-41,1
35,10,-26,1
35,11,-29,1
35,11,-28,1
35,12,-31,1
35,15,-54,1
36,-39,-43,1
36,-36,28,1
36,-32,33,1
36,-28,21,1
36,-28,27,1
36,-28,38,1
36,-26,-55,1
36,-26,-35,1
36,-26,23,1
36,-25,-13,1
36,-24,26,1
36,-22,-22,1
36,-22,10,1
36,-22,12,1
36,-22,13,2
36,-21,6,1
36,-21,12,1
36,-21,14,1
36,-20,-66,1
36,-20,-19,1
36,-20,6,2
36,-20,11,1
36,-19,-61,1
36,-19,-25,1
36,-19,-19,1
36,-19,-18,1
36,-19,-2,1
36,-19,3,1
36,-19,4,1
36,-19,6,1
36,-19,8,1
36,-19,9,1
36,-19,17,1
36,-18,-29,1
36,-18,-24,1
36,-18,-22,1
36,-18,-21,1
36,-18,-17,2
36,-18,1,1
36,-18,4,3
36,-18,5,2
36,-18,6,1
36,-18,10,1
36,-18,11,1
36,-18,16,1
36,-18,21,1
36,-18,22,1
36,-17,-16,1
36,-17,-13,1
36,-17,-8,1
36,-17,2,1
36,-17,4,3
36,-17,5,4
36,-17,7,3
36,-17,8,3
36,-17,10,1
36,-17,15,1
36,-17,24,1
36,-16,-34,1
36,-16,-15,3
36,-16,-12,2
36,-16,-8,2
36,-16,0,1
36,-16,1,4
36,-16,2,4
36,-16,4,1
36,-16,5,2
36,-16,7,4
36,-16,9,2
36,-16,10,1
36,-16,15,2
36,-15,-25,1
36,-15,-20,1
36,-15,-19,1
36,-15,-18,1
36,-15,-12,5
36,-15,-11,1
36,-15,-8,1
36,-15,-3,1
36,-15,0,1
36,-15,1,2
36,-15,2,5
36,-15,3,1
36,-15,4,5
36,-15,6,6
36,-15,7,4
36,-15,11,4
36,-15,12,1
36,-15,13,2
36,-15,14,2
36,-15,17,1
36,-14,-26,2
36,-14,-20,1
36,-14,-19,1
36,-14,-18,2
36,-14,-17,1
36,-14,-12,1
36,-14,-11,6
36,-14,-10,1
36,-14,-9,2
36,-14,-8,5
36,-14,-7,5
36,-14,0,9
36,-14,1,4
36,-14,2,2
36,-14,3,3
36,-14,4,1
36,-14,6,2
36,-14,7,10
36,-14,8,2
36,-14,9,2
36,-14,11,2
36,-14,12,2
36,-14,13,1
36,-14,14,1
36,-14,16,1
36,-14,17,2
36,-14,18,2
36,-14,20,1
36,-14,23,1
36,-14,24,2
36,-13,-26,2
36,-13,-19,3
36,-13,-18,1
36,-13,-17,1
36,-13,-16,4
36,-13,-15,3
36,-13,-10,2
36,-13,-9,1
36,-13,-8,5
36,-13,-7,3
36,-13,-6,2
36,-13,-1,2
36,-13,0,11
36,-13,1,14
36,-13,2,4
36,-13,3,11
36,-13,4,1
36,-13,6,14
36,-13,7,13
36,-13,8,8
36,-13,9,1
36,-13,10,5
36,-13,12,7
36,-13,13,1
36,-13,15,3
36,-13,16,1
36,-13,17,2
36,-13,18,1
36,-13,20,1
36,-13,22,1
36,-13,24,1
36,-13,38,1
36,-12,-25,1
36,-12,-23,2
36,-12,-22,1
36,-12,-21,2
36,-12,-20,1
36,-12,-19,2
36,-12,-15,4
36,-12,-11,2
36,-12,-10,6
36,-12,-8,6
36,-12,-7,8
36,-12,-6,9
36,-12,-3,1
36,-12,-2,1
36,-12,-1,3
36,-12,0,25
36,-12,1,28
36,-12,2,2
36,-12,3,6
36,-12,5,2
36,-12,6,20
36,-12,7,12
36,-12,8,14
36,-12,9,6
36,-12,10,4
36,-12,11,2
36,-12,12,4
36,-12,13,2
36,-12,14,1
36,-12,15,4
36,-12,16,1
36,-12,17,3
36,-12,18,6
36,-12,19,1
36,-12,53,1
36,-11,-22,1
36,-11,-21,2
36,-11,-20,2
36,-11,-19,3
36,-11,-18,1
36,-11,-17,1
36,-11,-14,4
36,-11,-13,1
36,-11,-10,8
36,-11,-9,1
36,-11,-8,8
36,-11,-7,14
36,-11,-6,9
36,-11,-5,4
36,-11,-1,4
36,-11,0,24
36,-11,1,29
36,-11,2,5
36,-11,3,11
36,-11,4,9
36,-11,5,23
36,-11,6,25
36,-11,7,10
36,-11,8,6
36,-11,9,10
36,-11,10,5
36,-11,11,13
36,-11,12,4
36,-11,14,1
36,-11,15,1
36,-11,16,3
36,-11,17,3
36,-11,18,1
36,-11,35,1
36,-10,-21,2
36,-10,-19,6
36,-10,-18,2
36,-10,-17,4
36,-10,-16,2
36,-10,-15,1
36,-10,-14,1
36,-10,-13,1
36,-10,-12,3
36,-10,-11,5
36,-10,-10,1
36,-10,-9,11
36,-10,-8,2
36,-10,-7,8
36,-10,-6,20
36,-10,-5,9
36,-10,-3,1
36,-10,-2,2
36,-10,-1,3
36,-10,0,16
36,-10,1,35
36,-10,2,12
36,-10,3,24
36,-10,4,14
36,-10,5,23
36,-10,6,1
36,-10,7,20
36,-10,8,4
36,-10,9,4
36,-10,10,5
36,-10,11,1
36,-10,12,1
36,-10,14,1
36,-10,15,3
36,-10,16,3
36,-10,29,1
36,-10,32,1
36,-10,36,1
36,-9,-20,1
36,-9,-19,1
36,-9,-18,5
36,-9,-17,8
36,-9,-16,4
36,-9,-15,3
36,-9,-12,1
36,-9,-11,8
36,-9,-10,12
36,-9,-9,2
36,-9,-8,6
36,-9,-7,14
36,-9,-6,20
36,-9,-5,32
36,-9,-4,6
36,-9,-3,6
36,-9,0,20
36,-9,1,24
36,-9,2,21
36,-9,3,23
36,-9,4,33
36,-9,5,11
36,-9,6,13
36,-9,7,4
36,-9,8,17
36,-9,9,4
36,-9,11,7
36,-9,12,1
36,-9,14,1
36,-9,15,2
36,-9,28,1
36,-8,-17,1
36,-8,-16,5
36,-8,-15,6
36,-8,-14,3
36,-8,-10,16
36,-8,-9,14
36,-8,-8,2
36,-8,-7,11
36,-8,-6,32
36,-8,-5,34
36,-8,-4,11
36,-8,-3,18
36,-8,-2,1
36,-8,0,18
36,-8,1,17
36,-8,2,43
36,-8,3,32
36,-8,4,32
36,-8,5,15
36,-8,6,15
36,-8,7,33
36,-8,8,9
36,-8,9,8
36,-8,10,2
36,-8,12,1
36,-8,25,1
36,-8,27,1
36,-8,32,1
36,-7,-26,1
36,-7,-25,2
36,-7,-23,1
36,-7,-16,5
36,-7,-15,8
36,-7,-14,10
36,-7,-13,9
36,-7,-12,9
36,-7,-11,3
36,-7,-9,15
36,-7,-8,16
36,-7,-7,9
36,-7,-6,44
36,-7,-5,40
36,-7,-4,27
36,-7,-3,33
36,-7,-2,23
36,-7,-1,6
36,-7,1,40
36,-7,2,56
36,-7,3,36
36,-7,4,23
36,-7,5,30
36,-7,6,17
36,-7,7,4
36,-7,8,6
36,-7,9,3
36,-7,11,3
36,-7,12,1
36,-7,19,1
36,-7,21,1
36,-7,22,1
36,-7,23,1
36,-7,24,1
36,-6,-23,2
36,-6,-22,1
36,-6,-14,4
36,-6,-13,10
36,-6,-12,20
36,-6,-11,11
36,-6,-10,1
36,-6,-8,17
36,-6,-7,28
36,-6,-6,19
36,-6,-5,28
36,-6,-4,28
36,-6,-3,68
36,-6,-2,20
36,-6,-1,12
36,-6,0,9
36,-6,1,15
36,-6,2,55
36,-6,3,36
36,-6,4,33
36,-6,5,9
36,-6,6,24
36,-6,7,7
36,-6,8,5
36,-6,9,2
36,-6,10,2
36,-6,17,1
36,-6,18,1
36,-6,19,2
36,-6,20,1
36,-6,22,1
36,-6,23,1
36,-5,-13,4
36,-5,-12,9
36,-5,-11,33
36,-5,-10,36
36,-5,-9,4
36,-5,-8,2
36,-5,-7,23
36,-5,-6,17
36,-5,-5,14
36,-5,-4,47
36,-5,-3,76
36,-5,-2,45
36,-5,-1,25
36,-5,0,23
36,-5,1,11
36,-5,2,53
36,-5,3,42
36,-5,4,19
36,-5,5,29
36,-5,6,44
36,-5,7,26
36,-5,8,10
36,-5,9,4
36,-5,16,3
36,-5,17,2
36,-5,19,1
36,-5,21,3
36,-5,23,1
36,-4,-14,4
36,-4,-13,1
36,-4,-11,5
36,-4,-10,28
36,-4,-9,39
36,-4,-8,17
36,-4,-6,24
36,-4,-5,60
36,-4,-4,53
36,-4,-3,66
36,-4,-2,175
36,-4,-1,65
36,-4,0,33
36,-4,1,11
36,-4,2,166
36,-4,3,35
36,-4,4,14
36,-4,5,44
36,-4,6,29
36,-4,7,11
36,-4,8,5
36,-4,18,2
36,-3,-13,2
36,-3,-12,1
36,-3,-9,9
36,-3,-8,30
36,-3,-7,23
36,-3,-6,31
36,-3,-5,25
36,-3,-4,15
36,-3,-3,5
36,-3,-2,196
36,-3,-1,258
36,-3,0,98
36,-3,1,77
36,-3,2,226
36,-3,3,7
36,-3,4,3
36,-3,5,107
36,-3,6,117
36,-3,7,60
36,-3,8,24
36,-3,9,6
36,-2,-8,20
36,-2,-7,80
36,-2,-6,198
36,-2,-5,69
36,-2,-4,89
36,-2,-3,208
36,-2,-2,294
36,-2,-1,332
36,-2,0,98
36,-2,1,35
36,-2,2,22
36,-2,4,27
36,-2,5,126
36,-2,6,135
36,-2,7,69
36,-2,8,21
36,-1,-41,1
36,-1,-11,3
36,-1,-10,7
36,-1,-9,10
36,-1,-8,9
36,-1,-7,13
36,-1,-6,137
36,-1,-5,202
36,-1,-4,122
36,-1,-3,116
36,-1,-2,132
36,0,-11,10
36,0,-10,13
36,0,-9,5
36,0,-8,1
36,0,-7,8
36,0,-6,90
36,0,-5,182
36,0,-4,136
36,0,-3,82
36,0,-2,79
36,0,-1,9
36,1,-12,1
36,1,-11,4
36,1,-10,1
36,1,-7,1
36,1,-6,1
36,1,-5,9
36,2,-20,3
36,2,-19,1
36,2,-18,3
36,2,-17,1
36,2,-16,3
36,2,-15,1
36,3,-26,1
36,3,-23,1
36,3,-22,1
36,3,-21,1
36,3,-19,4
36,3,-18,1
36,3,-17,2
36,3,-16,1
36,4,-30,1
36,4,-27,1
36,4,-23,1
36,4,-19,1
36,4,-18,2
36,4,-17,1
36,5,-35,1
36,5,-30,1
36,5,-27,1
36,5,-26,1
36,5,-24,2
36,5,-23,2
36,6,-34,2
36,6,-29,1
36,6,-28,1
36,6,-25,1
36,6,-24,1
36,7,-36,1
36,22,-82,1
37,-50,-87,1
37,-34,22,1
37,-34,23,1
37,-32,35,1
37,-25,126,1
37,-24,-24,1
37,-24,10,1
37,-24,14,1
37,-24,15,1
37,-24,29,1
37,-24,30,1
37,-23,-48,1
37,-23,75,1
37,-22,-22,1
37,-22,-21,1
37,-22,9,1
37,-21,-16,1
37,-21,2,1
37,-21,19,1
37,-20,-34,1
37,-20,-15,1
37,-20,-3,1
37,-20,1,1
37,-20,18,1
37,-20,19,1
37,-19,-18,1
37,-19,-9,1
37,-19,1,1
37,-19,2,2
37,-19,3,1
37,-19,9,2
37,-19,18,1
37,-18,-22,2
37,-18,-14,1
37,-18,-11,1
37,-18,-9,3
37,-18,1,1
37,-18,2,1
37,-18,4,2
37,-18,5,1
37,-18,7,1
37,-18,10,1
37,-18,21,1
37,-18,23,1
37,-18,26,1
37,-17,-8,2
37,-17,1,7
37,-17,4,1
37,-17,10,1
37,-17,15,1
37,-17,17,1
37,-17,22,1
37,-16,-28,1
37,-16,-22,1
37,-16,-21,1
37,-16,-13,2
37,-16,-10,3
37,-16,-9,1
37,-16,-8,2
37,-16,-1,1
37,-16,0,6
37,-16,1,2
37,-16,2,1
37,-16,4,4
37,-16,8,3
37,-16,9,1
37,-16,10,2
37,-16,13,1
37,-16,15,1
37,-16,19,1
37,-16,21,1
37,-16,22,1
37,-15,-29,1
37,-15,-23,1
37,-15,-14,2
37,-15,-13,1
37,-15,-10,1
37,-15,-9,4
37,-15,-8,2
37,-15,-1,1
37,-15,0,10
37,-15,1,9
37,-15,2,3
37,-15,3,2
37,-15,4,3
37,-15,7,2
37,-15,8,3
37,-15,9,4
37,-15,10,1
37,-15,12,1
37,-15,13,1
37,-15,14,1
37,-15,15,6
37,-15,23,1
37,-14,-29,1
37,-14,-28,2
37,-14,-26,4
37,-14,-23,1
37,-14,-18,1
37,-14,-17,1
37,-14,-12,4
37,-14,-11,1
37,-14,-10,4
37,-14,-9,3
37,-14,-8,1
37,-14,-7,3
37,-14,-1,1
37,-14,0,7
37,-14,1,13
37,-14,2,11
37,-14,4,7
37,-14,5,8
37,-14,6,3
37,-14,7,10
37,-14,8,4
37,-14,9,3
37,-14,11,2
37,-14,12,2
37,-14,13,1
37,-14,14,2
37,-14,15,1
37,-14,22,2
37,-13,-25,1
37,-13,-24,2
37,-13,-22,2
37,-13,-21,1
37,-13,-15,1
37,-13,-13,1
37,-13,-12,2
37,-13,-11,7
37,-13,-10,3
37,-13,-8,8
37,-13,-7,10
37,-13,-1,1
37,-13,0,16
37,-13,1,17
37,-13,2,9
37,-13,4,15
37,-13,5,5
37,-13,6,7
37,-13,7,6
37,-13,9,3
37,-13,10,4
37,-13,11,2
37,-13,12,1
37,-13,13,4
37,-13,14,3
37,-13,15,1
37,-13,20,1
37,-13,21,1
37,-13,45,1
37,-12,-26,1
37,-12,-24,1
37,-12,-23,2
37,-12,-21,2
37,-12,-20,2
37,-12,-19,1
37,-12,-16,1
37,-12,-15,5
37,-12,-14,1
37,-12,-13,5
37,-12,-12,2
37,-12,-11,8
37,-12,-10,4
37,-12,-9,3
37,-12,-8,5
37,-12,-7,10
37,-12,-6,7
37,-12,-5,1
37,-12,0,8
37,-12,1,21
37,-12,2,6
37,-12,3,10
37,-12,4,12
37,-12,5,6
37,-12,6,17
37,-12,8,2
37,-12,9,2
37,-12,11,1
37,-12,12,2
37,-12,13,1
37,-12,14,1
37,-12,36,1
37,-12,37,1
37,-11,-22,3
37,-11,-21,3
37,-11,-20,2
37,-11,-19,1
37,-11,-14,4
37,-11,-13,9
37,-11,-12,7
37,-11,-11,1
37,-11,-10,2
37,-11,-9,2
37,-11,-8,13
37,-11,-7,12
37,-11,-6,8
37,-11,-5,3
37,-11,-4,6
37,-11,0,14
37,-11,1,7
37,-11,2,11
37,-11,3,24
37,-11,4,8
37,-11,5,26
37,-11,6,7
37,-11,7,4
37,-11,8,1
37,-11,9,4
37,-11,10,9
37,-11,11,3
37,-11,12,5
37,-11,13,5
37,-11,18,2
37,-11,41,1
37,-10,-36,1
37,-10,-34,1
37,-10,-21,1
37,-10,-19,6
37,-10,-18,5
37,-10,-13,5
37,-10,-12,11
37,-10,-11,1
37,-10,-9,3
37,-10,-8,11
37,-10,-7,25
37,-10,-6,9
37,-10,-5,1
37,-10,-4,14
37,-10,-3,1
37,-10,0,5
37,-10,1,18
37,-10,2,22
37,-10,3,34
37,-10,4,22
37,-10,5,27
37,-10,6,5
37,-10,7,5
37,-10,8,6
37,-10,9,12
37,-10,10,3
37,-10,11,3
37,-10,12,1
37,-10,16,1
37,-10,30,1
37,-9,-33,1
37,-9,-30,1
37,-9,-21,1
37,-9,-20,3
37,-9,-19,1
37,-9,-18,2
37,-9,-17,5
37,-9,-16,5
37,-9,-15,1
37,-9,-12,1
37,-9,-11,10
37,-9,-10,2
37,-9,-9,4
37,-9,-8,12
37,-9,-7,22
37,-9,-6,8
37,-9,-5,9
37,-9,-4,17
37,-9,-3,15
37,-9,-2,8
37,-9,1,24
37,-9,2,23
37,-9,3,38
37,-9,4,24
37,-9,5,18
37,-9,6,6
37,-9,7,7
37,-9,8,2
37,-9,9,3
37,-9,10,2
37,-9,11,1
37,-9,31,1
37,-8,-35,1
37,-8,-19,2
37,-8,-18,2
37,-8,-17,6
37,-8,-16,5
37,-8,-15,8
37,-8,-14,1
37,-8,-11,6
37,-8,-10,15
37,-8,-9,7
37,-8,-8,7
37,-8,-7,21
37,-8,-6,11
37,-8,-5,7
37,-8,-4,33
37,-8,-3,25
37,-8,-2,13
37,-8,-1,1
37,-8,0,5
37,-8,1,11
37,-8,2,20
37,-8,3,19
37,-8,4,27
37,-8,5,17
37,-8,6,25
37,-8,7,2
37,-8,8,6
37,-8,10,1
37,-8,14,1
37,-8,26,1
37,-8,27,1
37,-8,28,1
37,-8,34,1
37,-7,-17,3
37,-7,-16,7
37,-7,-15,16
37,-7,-14,7
37,-7,-13,10
37,-7,-12,1
37,-7,-11,2
37,-7,-10,6
37,-7,-9,17
37,-7,-8,6
37,-7,-7,10
37,-7,-6,6
37,-7,-5,3
37,-7,-4,26
37,-7,-3,22
37,-7,-2,2
37,-7,-1,11
37,-7,0,12
37,-7,2,8
37,-7,3,13
37,-7,4,27
37,-7,5,11
37,-7,6,11
37,-7,7,12
37,-7,8,13
37,-7,9,2
37,-7,10,2
37,-7,11,1
37,-7,12,4
37,-7,13,2
37,-7,22,1
37,-7,25,3
37,-7,26,1
37,-7,31,1
37,-7,33,1
37,-6,-15,7
37,-6,-14,5
37,-6,-13,21
37,-6,-12,13
37,-6,-11,3
37,-6,-9,4
37,-6,-8,8
37,-6,-7,6
37,-6,-6,1
37,-6,-5,34
37,-6,-4,17
37,-6,-3,37
37,-6,-2,24
37,-6,-1,13
37,-6,0,13
37,-6,1,4
37,-6,2,6
37,-6,3,42
37,-6,4,12
37,-6,5,9
37,-6,6,6
37,-6,7,16
37,-6,8,22
37,-6,9,7
37,-6,10,2
37,-6,12,1
37,-6,21,3
37,-6,22,1
37,-6,26,1
37,-6,27,1
37,-5,-13,8
37,-5,-12,13
37,-5,-11,15
37,-5,-10,2
37,-5,-8,11
37,-5,-7,15
37,-5,-6,7
37,-5,-5,18
37,-5,-4,31
37,-5,-3,70
37,-5,-2,46
37,-5,-1,25
37,-5,0,1
37,-5,1,13
37,-5,2,14
37,-5,3,58
37,-5,4,21
37,-5,5,1
37,-5,6,16
37,-5,7,17
37,-5,8,3
37,-5,9,4
37,-5,22,1
37,-4,-16,2
37,-4,-12,3
37,-4,-11,8
37,-4,-10,15
37,-4,-9,5
37,-4,-8,8
37,-4,-7,3
37,-4,-6,11
37,-4,-5,11
37,-4,-3,29
37,-4,-2,118
37,-4,-1,72
37,-4,0,30
37,-4,1,1
37,-4,2,65
37,-4,3,46
37,-4,4,7
37,-4,6,2
37,-4,7,30
37,-4,8,19
37,-4,9,12
37,-4,10,4
37,-4,11,2
37,-3,-11,2
37,-3,-10,6
37,-3,-9,19
37,-3,-8,19
37,-3,-7,12
37,-3,-5,2
37,-3,-4,7
37,-3,-3,42
37,-3,-2,147
37,-3,-1,174
37,-3,0,53
37,-3,1,27
37,-3,2,83
37,-3,3,32
37,-3,5,4
37,-3,6,75
37,-3,7,79
37,-3,8,48
37,-3,9,35
37,-3,10,10
37,-3,11,2
37,-2,-54,1
37,-2,-10,9
37,-2,-9,29
37,-2,-8,84
37,-2,-7,59
37,-2,-6,21
37,-2,-5,33
37,-2,-4,94
37,-2,-3,30
37,-2,-2,99
37,-2,-1,41
37,-2,0,11
37,-2,6,9
37,-2,7,25
37,-2,8,15
37,-2,9,1
37,-1,-13,3
37,-1,-12,2
37,-1,-11,3
37,-1,-10,2
37,-1,-9,1
37,-1,-8,4
37,-1,-7,37
37,-1,-6,69
37,-1,-5,26
37,-1,-4,52
37,-1,-3,95
37,-1,-2,29
37,0,-15,1
37,0,-14,3
37,0,-13,1
37,0,-8,13
37,0,-7,60
37,0,-6,39
37,0,-5,74
37,0,-4,43
37,0,-3,80
37,0,-2,41
37,1,-14,3
37,1,-13,1
37,1,-12,1
37,1,-8,5
37,1,-7,11
37,1,-6,23
37,1,-5,12
37,3,-28,1
37,3,-25,1
37,3,-22,1
37,3,-20,2
37,4,-32,1
37,4,-30,1
37,4,-29,1
37,4,-27,1
37,4,-25,1
37,4,-23,1
37,4,-21,2
37,5,-27,1
37,5,-23,1
37,5,-22,1
37,6,-38,1
37,6,-32,1
37,6,-31,1
37,6,-29,1
37,6,-28,1
37,6,-27,1
37,6,-26,2
37,7,-46,1
37,7,-36,1
37,7,-29,1
37,8,-36,1
38,-27,-100,1
38,-27,-5,1
38,-26,-53,1
38,-26,-35,1
38,-25,11,1
38,-24,-19,1
38,-24,81,1
38,-22,-31,1
38,-22,-11,1
38,-22,19,1
38,-21,-25,1
38,-21,-16,1
38,-21,-13,1
38,-21,-11,1
38,-21,-10,1
38,-20,-25,1
38,-20,-12,3
38,-20,-10,2
38,-20,2,1
38,-20,5,1
38,-20,10,1
38,-20,12,1
38,-20,25,1
38,-19,-12,2
38,-19,-10,2
38,-19,0,1
38,-19,2,1
38,-19,4,1
38,-19,5,1
38,-19,9,1
38,-19,10,1
38,-19,13,1
38,-19,29,1
38,-18,-10,1
38,-18,0,5
38,-18,1,1
38,-18,2,7
38,-18,4,1
38,-18,5,2
38,-18,8,1
38,-18,12,1
38,-18,16,1
38,-18,21,1
38,-18,28,2
38,-17,-15,1
38,-17,-14,1
38,-17,-11,1
38,-17,-1,1
38,-17,0,3
38,-17,1,3
38,-17,2,4
38,-17,5,1
38,-17,7,1
38,-17,11,1
38,-17,14,1
38,-17,16,1
38,-17,17,1
38,-17,25,2
38,-16,-26,1
38,-16,-14,1
38,-16,-13,2
38,-16,-12,1
38,-16,-10,3
38,-16,-9,2
38,-16,-8,2
38,-16,0,3
38,-16,1,5
38,-16,2,4
38,-16,3,2
38,-16,5,3
38,-16,6,3
38,-16,7,2
38,-16,8,1
38,-16,9,1
38,-16,12,1
38,-16,13,1
38,-16,16,1
38,-16,17,2
38,-16,18,2
38,-16,25,1
38,-16,52,1
38,-15,-27,1
38,-15,-26,1
38,-15,-18,1
38,-15,-13,2
38,-15,-12,2
38,-15,-11,2
38,-15,-9,4
38,-15,-8,3
38,-15,0,1
38,-15,1,5
38,-15,2,2
38,-15,4,4
38,-15,5,7
38,-15,6,4
38,-15,7,5
38,-15,11,1
38,-15,12,1
38,-15,16,1
38,-15,25,1
38,-14,-27,1
38,-14,-17,1
38,-14,-16,1
38,-14,-15,4
38,-14,-12,2
38,-14,-10,1
38,-14,-9,1
38,-14,-8,5
38,-14,-7,2
38,-14,-5,1
38,-14,0,1
38,-14,1,10
38,-14,2,8
38,-14,3,8
38,-14,4,5
38,-14,5,1
38,-14,6,5
38,-14,7,3
38,-14,13,1
38,-14,15,1
38,-14,16,1
38,-14,41,1
38,-13,-27,1
38,-13,-24,1
38,-13,-17,1
38,-13,-16,2
38,-13,-15,4
38,-13,-14,1
38,-13,-11,1
38,-13,-10,4
38,-13,-9,5
38,-13,-8,8
38,-13,-7,6
38,-13,-5,8
38,-13,0,2
38,-13,1,2
38,-13,2,7
38,-13,3,12
38,-13,4,15
38,-13,5,1
38,-13,6,15
38,-13,8,1
38,-13,9,3
38,-13,11,1
38,-13,12,1
38,-13,14,3
38,-13,15,1
38,-13,42,1
38,-12,-22,1
38,-12,-21,1
38,-12,-16,1
38,-12,-15,3
38,-12,-14,1
38,-12,-11,4
38,-12,-10,4
38,-12,-9,22
38,-12,-8,2
38,-12,-7,4
38,-12,-5,5
38,-12,-4,3
38,-12,0,2
38,-12,1,5
38,-12,2,14
38,-12,3,11
38,-12,4,24
38,-12,5,19
38,-12,6,21
38,-12,8,5
38,-12,9,5
38,-12,10,5
38,-12,11,4
38,-12,12,2
38,-12,13,1
38,-12,14,2
38,-12,15,2
38,-11,-25,1
38,-11,-22,3
38,-11,-21,1
38,-11,-20,3
38,-11,-14,4
38,-11,-13,1
38,-11,-10,7
38,-11,-9,9
38,-11,-8,11
38,-11,-7,4
38,-11,-6,6
38,-11,-4,5
38,-11,-3,3
38,-11,0,1
38,-11,1,8
38,-11,2,20
38,-11,3,18
38,-11,4,27
38,-11,5,15
38,-11,6,12
38,-11,8,7
38,-11,9,3
38,-11,10,2
38,-11,11,2
38,-10,-46,1
38,-10,-34,1
38,-10,-21,3
38,-10,-20,4
38,-10,-19,2
38,-10,-18,3
38,-10,-13,3
38,-10,-12,4
38,-10,-11,1
38,-10,-10,2
38,-10,-9,8
38,-10,-8,12
38,-10,-7,6
38,-10,-6,1
38,-10,-5,10
38,-10,-4,15
38,-10,-3,15
38,-10,-2,2
38,-10,-1,1
38,-10,1,6
38,-10,2,12
38,-10,3,24
38,-10,4,23
38,-10,5,9
38,-10,6,4
38,-10,7,11
38,-10,8,11
38,-10,13,2
38,-10,34,1
38,-10,37,1
38,-9,-20,1
38,-9,-19,1
38,-9,-17,3
38,-9,-13,2
38,-9,-12,13
38,-9,-11,2
38,-9,-10,2
38,-9,-9,6
38,-9,-8,4
38,-9,-7,2
38,-9,-6,1
38,-9,-5,15
38,-9,-4,8
38,-9,-3,8
38,-9,-2,3
38,-9,-1,7
38,-9,0,6
38,-9,1,2
38,-9,2,6
38,-9,3,17
38,-9,4,5
38,-9,5,16
38,-9,6,5
38,-9,7,4
38,-9,9,2
38,-9,10,3
38,-9,16,2
38,-9,29,1
38,-9,32,1
38,-9,34,3
38,-8,-21,1
38,-8,-20,1
38,-8,-19,1
38,-8,-18,1
38,-8,-17,3
38,-8,-16,8
38,-8,-15,1
38,-8,-12,4
38,-8,-11,5
38,-8,-10,5
38,-8,-9,3
38,-8,-8,4
38,-8,-6,1
38,-8,-5,4
38,-8,-4,18
38,-8,-3,18
38,-8,-2,1
38,-8,-1,18
38,-8,0,16
38,-8,3,3
38,-8,4,5
38,-8,5,15
38,-8,7,3
38,-8,8,5
38,-8,9,11
38,-8,10,6
38,-8,11,2
38,-8,12,3
38,-8,13,3
38,-8,14,2
38,-8,15,1
38,-8,27,1
38,-8,30,1
38,-8,33,1
38,-8,36,2
38,-8,38,1
38,-7,-18,3
38,-7,-17,3
38,-7,-16,8
38,-7,-15,7
38,-7,-14,7
38,-7,-13,2
38,-7,-10,4
38,-7,-9,7
38,-7,-8,2
38,-7,-7,8
38,-7,-6,16
38,-7,-5,7
38,-7,-4,30
38,-7,-3,10
38,-7,-2,10
38,-7,-1,6
38,-7,0,11
38,-7,1,5
38,-7,2,5
38,-7,3,10
38,-7,4,17
38,-7,5,2
38,-7,6,3
38,-7,7,4
38,-7,8,2
38,-7,9,9
38,-7,10,8
38,-7,11,3
38,-7,13,1
38,-7,26,1
38,-7,29,1
38,-7,30,1
38,-7,31,1
38,-7,34,1
38,-6,-16,8
38,-6,-15,6
38,-6,-14,8
38,-6,-13,5
38,-6,-9,6
38,-6,-8,14
38,-6,-7,1
38,-6,-6,18
38,-6,-5,16
38,-6,-4,28
38,-6,-3,42
38,-6,-2,17
38,-6,-1,4
38,-6,1,11
38,-6,2,2
38,-6,3,16
38,-6,4,14
38,-6,5,9
38,-6,6,1
38,-6,7,4
38,-6,8,6
38,-6,9,2
38,-6,11,1
38,-5,-21,2
38,-5,-20,1
38,-5,-15,2
38,-5,-14,6
38,-5,-13,8
38,-5,-12,4
38,-5,-11,1
38,-5,-10,5
38,-5,-9,3
38,-5,-8,5
38,-5,-7,8
38,-5,-6,1
38,-5,-4,2
38,-5,-3,50
38,-5,-2,48
38,-5,-1,2
38,-5,0,5
38,-5,3,29
38,-5,4,21
38,-5,5,6
38,-5,9,1
38,-5,10,2
38,-5,11,2
38,-5,12,1
38,-5,13,2
38,-4,-51,2
38,-4,-13,3
38,-4,-12,8
38,-4,-11,7
38,-4,-10,6
38,-4,-9,9
38,-4,-8,1
38,-4,-6,4
38,-4,-5,1
38,-4,-4,1
38,-4,-3,39
38,-4,-2,97
38,-4,-1,90
38,-4,0,32
38,-4,1,15
38,-4,2,20
38,-4,3,68
38,-4,4,4
38,-4,7,10
38,-4,8,36
38,-4,9,23
38,-4,10,20
38,-4,11,8
38,-4,12,4
38,-4,14,2
38,-3,-12,2
38,-3,-11,9
38,-3,-10,13
38,-3,-9,11
38,-3,-8,3
38,-3,-5,25
38,-3,-4,10
38,-3,-3,77
38,-3,-2,106
38,-3,-1,67
38,-3,0,36
38,-3,1,4
38,-3,2,6
38,-3,3,7
38,-3,7,19
38,-3,8,21
38,-3,9,26
38,-3,10,15
38,-3,11,10
38,-3,12,4
38,-2,-17,1
38,-2,-15,1
38,-2,-12,3
38,-2,-11,6
38,-2,-10,21
38,-2,-9,41
38,-2,-8,17
38,-2,-7,11
38,-2,-6,11
38,-2,-5,23
38,-2,-4,8
38,-2,-3,29
38,-2,-2,15
38,-1,-16,1
38,-1,-15,1
38,-1,-13,1
38,-1,-12,1
38,-1,-9,5
38,-1,-8,17
38,-1,-7,22
38,-1,-6,5
38,-1,-5,29
38,-1,-4,69
38,-1,-3,50
38,-1,-2,3
38,0,-17,1
38,0,-14,1
38,0,-12,2
38,0,-10,4
38,0,-9,15
38,0,-8,24
38,0,-7,21
38,0,-6,24
38,0,-5,30
38,0,-4,24
38,0,-3,54
38,0,-2,15
38,1,-17,4
38,1,-16,3
38,1,-15,1
38,1,-10,2
38,1,-9,12
38,1,-8,17
38,1,-7,17
38,1,-6,13
38,1,-5,1
38,4,-33,1
38,4,-25,1
38,5,-37,1
38,6,-41,2
38,7,-47,1
38,8,-48,1
38,8,-45,1
38,8,-40,1
38,8,-39,1
38,8,-37,1
38,8,-32,1
38,9,-41,1
39,-34,-74,1
39,-29,-39,1
39,-28,-14,1
39,-26,-16,1
39,-26,23,1
39,-25,-36,1
39,-25,-12,1
39,-25,26,1
39,-25,35,1
39,-23,-47,1
39,-23,-14,1
39,-23,1,1
39,-23,5,1
39,-22,-31,1
39,-22,12,1
39,-22,13,1
39,-22,27,1
39,-21,-34,1
39,-21,-11,1
39,-21,0,3
39,-21,11,1
39,-21,16,1
39,-20,-32,1
39,-20,-12,1
39,-20,-11,1
39,-20,-10,1
39,-20,0,2
39,-20,1,1
39,-20,2,1
39,-20,3,1
39,-20,15,1
39,-20,20,1
39,-20,21,1
39,-19,-17,1
39,-19,-16,1
39,-19,-14,1
39,-19,0,1
39,-19,1,2
39,-19,2,3
39,-19,3,2
39,-19,6,1
39,-19,7,3
39,-19,14,1
39,-19,17,1
39,-19,20,1
39,-18,-29,1
39,-18,-16,1
39,-18,-13,1
39,-18,-11,1
39,-18,-10,1
39,-18,0,1
39,-18,1,3
39,-18,3,2
39,-18,6,9
39,-18,9,1
39,-18,13,1
39,-18,14,1
39,-17,-19,1
39,-17,-18,1
39,-17,-11,1
39,-17,-10,1
39,-17,0,1
39,-17,1,2
39,-17,2,1
39,-17,4,1
39,-17,5,1
39,-17,6,2
39,-17,8,1
39,-17,18,1
39,-16,-30,1
39,-16,-19,1
39,-16,-17,1
39,-16,-13,1
39,-16,-12,1
39,-16,-10,1
39,-16,-9,2
39,-16,0,1
39,-16,1,2
39,-16,3,1
39,-16,4,4
39,-16,5,6
39,-16,7,1
39,-16,18,1
39,-16,19,1
39,-16,48,1
39,-15,-29,1
39,-15,-17,1
39,-15,-13,1
39,-15,-12,1
39,-15,-10,2
39,-15,-9,2
39,-15,-6,1
39,-15,0,4
39,-15,1,3
39,-15,2,4
39,-15,3,6
39,-15,4,11
39,-15,5,4
39,-15,6,1
39,-15,7,8
39,-15,10,1
39,-15,11,1
39,-15,17,1
39,-15,18,1
39,-15,45,1
39,-14,-27,1
39,-14,-17,1
39,-14,-16,1
39,-14,-13,2
39,-14,-12,1
39,-14,-11,4
39,-14,-10,4
39,-14,-8,3
39,-14,-6,1
39,-14,-5,6
39,-14,0,1
39,-14,2,9
39,-14,3,6
39,-14,4,13
39,-14,5,11
39,-14,6,9
39,-14,7,5
39,-14,9,2
39,-14,12,5
39,-14,13,2
39,-14,14,2
39,-14,16,2
39,-14,17,1
39,-14,48,1
39,-14,53,1
39,-13,-27,1
39,-13,-26,1
39,-13,-16,1
39,-13,-15,1
39,-13,-12,1
39,-13,-11,3
39,-13,-10,13
39,-13,-9,7
39,-13,-7,2
39,-13,-6,2
39,-13,-5,4
39,-13,-3,2
39,-13,2,7
39,-13,3,4
39,-13,4,10
39,-13,5,8
39,-13,6,5
39,-13,7,6
39,-13,8,2
39,-13,10,2
39,-13,11,1
39,-13,12,1
39,-13,13,1
39,-13,16,1
39,-13,17,1
39,-12,-43,1
39,-12,-25,1
39,-12,-24,2
39,-12,-16,1
39,-12,-14,1
39,-12,-11,5
39,-12,-10,4
39,-12,-9,9
39,-12,-8,1
39,-12,-7,2
39,-12,-6,6
39,-12,-5,5
39,-12,-4,3
39,-12,-3,3
39,-12,1,8
39,-12,2,14
39,-12,3,16
39,-12,4,12
39,-12,5,4
39,-12,6,2
39,-12,7,4
39,-12,8,1
39,-12,9,1
39,-12,10,2
39,-12,15,3
39,-12,37,1
39,-12,42,1
39,-11,-25,1
39,-11,-23,3
39,-11,-22,1
39,-11,-21,2
39,-11,-20,1
39,-11,-16,1
39,-11,-15,4
39,-11,-14,2
39,-11,-13,5
39,-11,-12,1
39,-11,-11,3
39,-11,-10,6
39,-11,-9,2
39,-11,-8,1
39,-11,-6,2
39,-11,-5,4
39,-11,-4,1
39,-11,-3,7
39,-11,0,1
39,-11,1,2
39,-11,2,5
39,-11,3,7
39,-11,4,17
39,-11,5,5
39,-11,6,10
39,-11,7,7
39,-11,8,5
39,-11,9,1
39,-11,12,1
39,-11,38,1
39,-11,39,1
39,-10,-43,1
39,-10,-21,3
39,-10,-20,3
39,-10,-19,3
39,-10,-15,1
39,-10,-13,7
39,-10,-12,1
39,-10,-11,1
39,-10,-10,7
39,-10,-9,2
39,-10,-6,10
39,-10,-5,4
39,-10,-4,4
39,-10,-3,1
39,-10,-1,14
39,-10,0,3
39,-10,3,1
39,-10,4,4
39,-10,5,4
39,-10,6,10
39,-10,7,4
39,-10,8,2
39,-10,9,3
39,-10,10,2
39,-10,11,3
39,-10,12,3
39,-10,17,1
39,-10,18,2
39,-10,34,1
39,-10,46,1
39,-9,-23,1
39,-9,-21,1
39,-9,-20,1
39,-9,-19,4
39,-9,-18,4
39,-9,-17,2
39,-9,-14,2
39,-9,-13,2
39,-9,-11,3
39,-9,-9,2
39,-9,-7,1
39,-9,-6,3
39,-9,-5,12
39,-9,-4,14
39,-9,-3,5
39,-9,-1,11
39,-9,0,3
39,-9,4,1
39,-9,5,9
39,-9,6,5
39,-9,8,2
39,-9,9,2
39,-9,10,3
39,-9,11,7
39,-9,12,3
39,-9,15,2
39,-9,16,1
39,-9,30,1
39,-9,31,1
39,-9,32,1
39,-9,34,1
39,-8,-21,1
39,-8,-20,3
39,-8,-19,4
39,-8,-18,5
39,-8,-17,5
39,-8,-16,2
39,-8,-15,1
39,-8,-11,2
39,-8,-10,5
39,-8,-9,1
39,-8,-8,5
39,-8,-7,8
39,-8,-6,5
39,-8,-5,7
39,-8,-4,6
39,-8,-3,7
39,-8,-2,8
39,-8,-1,3
39,-8,0,3
39,-8,1,5
39,-8,2,3
39,-8,3,10
39,-8,4,11
39,-8,5,3
39,-8,9,1
39,-8,10,2
39,-8,11,7
39,-8,12,2
39,-8,14,1
39,-8,15,1
39,-7,-26,1
39,-7,-19,3
39,-7,-18,1
39,-7,-17,2
39,-7,-16,6
39,-7,-15,1
39,-7,-11,5
39,-7,-10,14
39,-7,-9,5
39,-7,-7,6
39,-7,-6,6
39,-7,-5,15
39,-7,-4,21
39,-7,-3,23
39,-7,-2,7
39,-7,-1,8
39,-7,1,13
39,-7,2,1
39,-7,3,1
39,-7,4,14
39,-7,5,5
39,-7,6,4
39,-7,7,1
39,-7,8,1
39,-7,9,12
39,-7,10,5
39,-7,12,4
39,-6,-17,2
39,-6,-16,2
39,-6,-15,2
39,-6,-14,4
39,-6,-12,1
39,-6,-9,8
39,-6,-8,1
39,-6,-5,1
39,-6,-4,26
39,-6,-3,24
39,-6,-2,14
39,-6,-1,2
39,-6,0,4
39,-6,3,3
39,-6,4,10
39,-6,5,12
39,-6,6,13
39,-6,11,1
39,-6,12,1
39,-6,13,1
39,-6,14,1
39,-5,-15,6
39,-5,-14,2
39,-5,-12,7
39,-5,-11,9
39,-5,-10,7
39,-5,-7,3
39,-5,-6,3
39,-5,-4,12
39,-5,-3,35
39,-5,-2,51
39,-5,-1,56
39,-5,0,29
39,-5,1,2
39,-5,2,6
39,-5,3,21
39,-5,4,14
39,-5,5,1
39,-5,9,2
39,-5,10,9
39,-5,11,4
39,-5,12,12
39,-5,13,1
39,-5,14,4
39,-4,-15,1
39,-4,-14,5
39,-4,-13,1
39,-4,-12,2
39,-4,-11,9
39,-4,-10,3
39,-4,-6,3
39,-4,-5,6
39,-4,-4,17
39,-4,-3,48
39,-4,-2,74
39,-4,-1,42
39,-4,0,26
39,-4,1,8
39,-4,2,7
39,-4,3,11
39,-4,4,16
39,-4,5,1
39,-4,8,8
39,-4,9,20
39,-4,10,14
39,-4,11,21
39,-4,12,6
39,-4,13,1
39,-4,14,3
39,-4,15,3
39,-3,-14,1
39,-3,-13,5
39,-3,-12,18
39,-3,-11,18
39,-3,-10,10
39,-3,-8,6
39,-3,-6,19
39,-3,-5,20
39,-3,-4,15
39,-3,-3,87
39,-3,-2,51
39,-3,-1,17
39,-3,0,9
39,-3,1,3
39,-3,9,4
39,-3,10,3
39,-3,11,3
39,-3,12,11
39,-3,13,2
39,-2,-18,2
39,-2,-13,1
39,-2,-12,10
39,-2,-11,21
39,-2,-10,15
39,-2,-9,12
39,-2,-8,13
39,-2,-7,9
39,-2,-6,7
39,-2,-5,2
39,-2,-3,2
39,-1,-16,1
39,-1,-14,2
39,-1,-10,5
39,-1,-9,13
39,-1,-8,8
39,-1,-7,1
39,-1,-6,12
39,-1,-5,40
39,-1,-4,77
39,-1,-3,19
39,0,-11,2
39,0,-10,11
39,0,-9,10
39,0,-8,14
39,0,-7,14
39,0,-6,13
39,0,-5,19
39,0,-4,29
39,0,-3,23
39,0,-2,1
39,1,-20,2
39,1,-19,1
39,1,-18,1
39,1,-17,1
39,1,-11,4
39,1,-10,12
39,1,-9,14
39,1,-8,8
39,1,-7,9
39,1,-6,3
39,5,-37,1
39,5,-33,1
39,6,-46,1
39,6,-45,1
39,6,-37,1
39,8,-50,1
39,8,-40,1
39,9,-45,1
39,9,-39,1
39,10,-48,1
39,10,-41,1
39,11,-60,1
39,28,-71,1
40,-35,17,1
40,-29,-15,1
40,-28,35,1
40,-27,-17,1
40,-26,13,1
40,-26,34,1
40,-25,0,1
40,-25,26,1
40,-24,-1,1
40,-23,-40,1
40,-23,2,1
40,-22,1,1
40,-22,3,1
40,-21,-38,1
40,-21,-16,1
40,-21,-15,1
40,-21,-14,1
40,-21,1,1
40,-20,-40,1
40,-20,-21,1
40,-20,-11,1
40,-20,1,1
40,-20,2,1
40,-20,3,4
40,-20,4,1
40,-20,6,1
40,-20,7,1
40,-19,-21,1
40,-19,-10,2
40,-19,0,1
40,-19,1,1
40,-19,2,1
40,-19,3,1
40,-19,6,1
40,-18,-22,1
40,-18,-20,2
40,-18,0,1
40,-18,1,1
40,-18,4,3
40,-18,5,1
40,-18,8,1
40,-18,55,1
40,-17,-37,1
40,-17,-14,1
40,-17,-12,2
40,-17,-7,1
40,-17,-6,3
40,-17,1,2
40,-17,3,4
40,-17,4,4
40,-17,5,3
40,-17,7,1
40,-17,8,3
40,-17,15,1
40,-17,20,1
40,-16,-20,1
40,-16,-13,3
40,-16,-12,1
40,-16,-11,1
40,-16,-10,2
40,-16,-9,1
40,-16,-6,2
40,-16,1,1
40,-16,2,3
40,-16,3,1
40,-16,5,5
40,-16,6,3
40,-16,7,7
40,-16,8,4
40,-16,9,1
40,-16,10,1
40,-16,11,1
40,-16,16,1
40,-15,-19,1
40,-15,-18,1
40,-15,-13,2
40,-15,-12,2
40,-15,-11,5
40,-15,-10,2
40,-15,-8,1
40,-15,-4,1
40,-15,2,8
40,-15,3,6
40,-15,4,3
40,-15,5,8
40,-15,6,4
40,-15,8,3
40,-15,9,2
40,-15,12,1
40,-15,13,2
40,-15,19,2
40,-15,49,1
40,-14,-27,1
40,-14,-13,5
40,-14,-11,9
40,-14,-10,4
40,-14,-7,3
40,-14,-6,1
40,-14,-5,4
40,-14,-4,3
40,-14,1,1
40,-14,2,8
40,-14,3,10
40,-14,4,11
40,-14,5,10
40,-14,6,2
40,-14,8,1
40,-14,9,1
40,-14,11,1
40,-14,14,1
40,-14,17,2
40,-13,-28,1
40,-13,-17,1
40,-13,-15,1
40,-13,-12,10
40,-13,-11,2
40,-13,-10,2
40,-13,-7,2
40,-13,-6,1
40,-13,-4,3
40,-13,-3,1
40,-13,-2,1
40,-13,2,2
40,-13,3,5
40,-13,4,6
40,-13,5,11
40,-13,7,3
40,-13,9,4
40,-13,10,3
40,-13,11,4
40,-13,23,1
40,-13,47,1
40,-12,-53,1
40,-12,-26,1
40,-12,-25,2
40,-12,-17,1
40,-12,-16,2
40,-12,-15,4
40,-12,-14,1
40,-12,-12,4
40,-12,-11,2
40,-12,-7,4
40,-12,-6,3
40,-12,-5,1
40,-12,-1,4
40,-12,0,2
40,-12,3,1
40,-12,4,3
40,-12,5,7
40,-12,6,4
40,-12,7,7
40,-12,8,2
40,-12,9,1
40,-12,10,2
40,-12,13,4
40,-12,21,1
40,-12,22,1
40,-11,-23,3
40,-11,-21,1
40,-11,-16,2
40,-11,-15,2
40,-11,-14,1
40,-11,-11,3
40,-11,-7,1
40,-11,-6,12
40,-11,-5,3
40,-11,-4,4
40,-11,-1,4
40,-11,0,2
40,-11,4,4
40,-11,6,2
40,-11,7,5
40,-11,8,2
40,-11,10,2
40,-11,12,6
40,-11,13,3
40,-11,16,1
40,-11,51,1
40,-10,-25,2
40,-10,-21,3
40,-10,-19,1
40,-10,-14,4
40,-10,-13,1
40,-10,-12,1
40,-10,-9,1
40,-10,-8,1
40,-10,-7,5
40,-10,-6,3
40,-10,-5,12
40,-10,-4,3
40,-10,-3,3
40,-10,-2,4
40,-10,-1,6
40,-10,0,2
40,-10,5,1
40,-10,6,3
40,-10,10,3
40,-10,12,2
40,-10,13,2
40,-10,14,1
40,-10,15,1
40,-10,16,1
40,-10,36,1
40,-10,37,1
40,-10,48,1
40,-9,-23,2
40,-9,-22,2
40,-9,-21,1
40,-9,-19,1
40,-9,-12,3
40,-9,-11,2
40,-9,-9,7
40,-9,-8,6
40,-9,-7,1
40,-9,-6,3
40,-9,-5,19
40,-9,-4,2
40,-9,-3,6
40,-9,-2,2
40,-9,-1,4
40,-9,0,2
40,-9,1,4
40,-9,2,2
40,-9,3,9
40,-9,4,2
40,-9,5,13
40,-9,11,2
40,-9,12,3
40,-9,13,4
40,-8,-20,4
40,-8,-19,2
40,-8,-18,1
40,-8,-17,3
40,-8,-12,4
40,-8,-11,4
40,-8,-7,10
40,-8,-6,11
40,-8,-5,13
40,-8,-4,15
40,-8,-3,9
40,-8,-2,5
40,-8,-1,4
40,-8,1,4
40,-8,2,2
40,-8,3,2
40,-8,4,4
40,-8,5,9
40,-8,10,4
40,-8,11,2
40,-8,12,2
40,-8,14,1
40,-8,15,1
40,-7,-28,1
40,-7,-27,2
40,-7,-20,3
40,-7,-18,4
40,-7,-17,2
40,-7,-11,2
40,-7,-10,8
40,-7,-6,1
40,-7,-5,8
40,-7,-4,16
40,-7,-3,15
40,-7,-2,4
40,-7,-1,3
40,-7,4,4
40,-7,5,3
40,-7,6,11
40,-7,7,8
40,-6,-17,2
40,-6,-16,4
40,-6,-14,2
40,-6,-13,2
40,-6,-12,2
40,-6,-11,1
40,-6,-4,14
40,-6,-3,27
40,-6,-2,16
40,-6,-1,8
40,-6,0,10
40,-6,2,1
40,-6,3,1
40,-6,4,13
40,-6,5,5
40,-6,6,1
40,-6,12,8
40,-6,13,3
40,-6,14,1
40,-6,16,5
40,-5,-16,1
40,-5,-15,1
40,-5,-14,3
40,-5,-13,2
40,-5,-12,5
40,-5,-11,1
40,-5,-7,1
40,-5,-5,1
40,-5,-4,20
40,-5,-3,37
40,-5,-2,34
40,-5,-1,34
40,-5,0,14
40,-5,1,6
40,-5,2,17
40,-5,3,6
40,-5,4,8
40,-5,5,11
40,-5,10,3
40,-5,11,13
40,-5,12,10
40,-5,13,11
40,-5,14,5
40,-5,15,3
40,-5,16,1
40,-5,17,2
40,-5,18,1
40,-4,-16,2
40,-4,-15,1
40,-4,-14,4
40,-4,-13,5
40,-4,-12,4
40,-4,-11,1
40,-4,-7,2
40,-4,-6,2
40,-4,-5,6
40,-4,-4,20
40,-4,-3,49
40,-4,-2,40
40,-4,-1,22
40,-4,0,26
40,-4,1,6
40,-4,2,3
40,-4,4,3
40,-4,10,7
40,-4,11,3
40,-4,12,5
40,-4,13,5
40,-4,14,2
40,-4,15,3
40,-4,16,3
40,-3,-16,2
40,-3,-15,8
40,-3,-14,6
40,-3,-13,10
40,-3,-12,18
40,-3,-11,5
40,-3,-10,3
40,-3,-9,4
40,-3,-8,5
40,-3,-7,4
40,-3,-6,20
40,-3,-4,35
40,-3,-3,48
40,-3,-2,7
40,-3,-1,1
40,-3,11,3
40,-3,12,1
40,-2,-20,2
40,-2,-14,1
40,-2,-13,4
40,-2,-12,6
40,-2,-11,8
40,-2,-10,8
40,-2,-9,5
40,-2,-8,1
40,-1,-17,1
40,-1,-12,3
40,-1,-11,4
40,-1,-10,4
40,-1,-9,1
40,-1,-8,1
40,-1,-7,12
40,-1,-6,15
40,-1,-5,27
40,-1,-4,25
40,-1,-3,3
40,0,-17,1
40,0,-13,3
40,0,-12,3
40,0,-11,3
40,0,-10,6
40,0,-9,2
40,0,-8,8
40,0,-7,9
40,0,-6,10
40,0,-5,25
40,0,-4,18
40,0,-3,24
40,1,-22,1
40,1,-21,1
40,1,-13,1
40,1,-12,7
40,1,-11,11
40,1,-10,17
40,1,-9,3
40,1,-8,4
40,1,-7,12
40,1,-6,1
40,2,-23,1
40,2,-11,5
40,2,-10,4
40,5,-42,1
40,6,-34,1
40,7,-48,1
40,9,-44,1
40,10,-54,1
40,10,-51,1
40,12,-75,1
41,-34,39,1
41,-33,26,1
41,-32,-26,1
41,-29,-53,1
41,-27,40,1
41,-25,2,1
41,-25,4,1
41,-25,9,1
41,-25,80,1
41,-24,-38,1
41,-24,-15,1
41,-24,8,1
41,-24,9,1
41,-24,86,1
41,-23,-15,1
41,-23,8,1
41,-23,12,1
41,-23,68,1
41,-22,1,2
41,-22,2,1
41,-22,3,1
41,-21,-26,1
41,-21,2,1
41,-21,5,1
41,-20,-15,1
41,-20,-14,1
41,-20,-11,2
41,-20,-8,1
41,-20,5,1
41,-20,9,1
41,-20,22,1
41,-20,62,1
41,-19,-15,2
41,-19,-14,1
41,-19,-13,1
41,-19,-8,1
41,-19,3,1
41,-19,4,2
41,-19,5,1
41,-19,6,5
41,-19,7,1
41,-19,9,1
41,-19,17,1
41,-19,22,1
41,-18,-22,1
41,-18,-21,1
41,-18,-12,1
41,-18,-10,1
41,-18,-7,2
41,-18,2,1
41,-18,3,2
41,-18,5,2
41,-18,6,3
41,-18,7,3
41,-18,9,1
41,-18,17,1
41,-18,18,2
41,-17,-21,1
41,-17,-15,2
41,-17,-13,3
41,-17,-12,2
41,-17,-10,1
41,-17,-6,1
41,-17,2,2
41,-17,3,1
41,-17,4,1
41,-17,5,3
41,-17,6,4
41,-17,7,1
41,-17,9,1
41,-17,10,1
41,-17,22,1
41,-17,28,1
41,-16,-15,1
41,-16,-14,2
41,-16,-13,1
41,-16,-12,1
41,-16,-11,1
41,-16,-9,1
41,-16,-8,1
41,-16,-7,1
41,-16,-6,1
41,-16,-4,1
41,-16,2,2
41,-16,3,2
41,-16,4,3
41,-16,5,7
41,-16,6,8
41,-16,7,1
41,-16,9,2
41,-16,13,2
41,-16,20,1
41,-15,-14,2
41,-15,-13,1
41,-15,-12,2
41,-15,-11,3
41,-15,-8,1
41,-15,-7,3
41,-15,-6,2
41,-15,-5,1
41,-15,2,6
41,-15,3,2
41,-15,4,7
41,-15,5,5
41,-15,6,2
41,-15,9,1
41,-15,12,1
41,-14,-18,1
41,-14,-17,2
41,-14,-14,1
41,-14,-13,2
41,-14,-7,3
41,-14,2,2
41,-14,4,2
41,-14,5,4
41,-14,6,2
41,-14,8,1
41,-14,9,1
41,-14,10,1
41,-14,12,1
41,-14,15,1
41,-14,25,1
41,-13,-28,1
41,-13,-27,1
41,-13,-18,2
41,-13,-17,1
41,-13,-13,4
41,-13,-12,2
41,-13,-8,2
41,-13,-7,4
41,-13,-5,1
41,-13,-1,2
41,-13,0,1
41,-13,5,2
41,-13,7,1
41,-13,8,1
41,-13,9,2
41,-13,15,1
41,-13,16,1
41,-13,45,1
41,-13,46,1
41,-13,54,1
41,-12,-19,1
41,-12,-18,4
41,-12,-17,1
41,-12,-16,1
41,-12,-12,2
41,-12,-7,2
41,-12,-6,7
41,-12,-5,3
41,-12,-1,2
41,-12,7,1
41,-12,8,4
41,-12,11,1
41,-12,12,2
41,-12,14,4
41,-12,18,2
41,-12,21,2
41,-12,44,1
41,-12,56,1
41,-11,-23,1
41,-11,-16,2
41,-11,-15,2
41,-11,-14,1
41,-11,-10,2
41,-11,-9,3
41,-11,-8,4
41,-11,-7,1
41,-11,-6,5
41,-11,-5,1
41,-11,-4,1
41,-11,-2,1
41,-11,-1,1
41,-11,0,2
41,-11,6,1
41,-11,16,3
41,-11,20,1
41,-10,-27,1
41,-10,-24,1
41,-10,-20,1
41,-10,-13,2
41,-10,-10,4
41,-10,-9,7
41,-10,-8,2
41,-10,-7,1
41,-10,-6,6
41,-10,-5,4
41,-10,-3,10
41,-10,-2,1
41,-10,0,1
41,-10,1,1
41,-10,2,2
41,-10,3,7
41,-10,4,5
41,-10,5,7
41,-10,6,2
41,-10,14,4
41,-10,15,1
41,-10,18,1
41,-9,-24,2
41,-9,-23,1
41,-9,-22,1
41,-9,-20,1
41,-9,-14,1
41,-9,-12,1
41,-9,-11,1
41,-9,-9,4
41,-9,-8,4
41,-9,-7,2
41,-9,-6,3
41,-9,-5,7
41,-9,-4,6
41,-9,-3,6
41,-9,-2,9
41,-9,-1,1
41,-9,0,1
41,-9,1,5
41,-9,2,3
41,-9,5,7
41,-9,6,3
41,-9,11,1
41,-9,12,2
41,-9,16,1
41,-9,17,2
41,-8,-19,2
41,-8,-12,7
41,-8,-11,1
41,-8,-8,1
41,-8,-7,2
41,-8,-6,2
41,-8,-5,13
41,-8,-4,9
41,-8,-3,2
41,-8,6,1
41,-8,7,10
41,-8,8,4
41,-7,-19,1
41,-7,-18,1
41,-7,-15,1
41,-7,-14,4
41,-7,-13,1
41,-7,-5,2
41,-7,-4,5
41,-7,-3,27
41,-7,-2,10
41,-7,0,3
41,-7,4,6
41,-7,5,9
41,-7,6,1
41,-7,7,2
41,-7,13,1
41,-7,14,1
41,-7,15,2
41,-7,16,2
41,-7,17,4
41,-7,19,2
41,-7,20,1
41,-6,-18,3
41,-6,-17,2
41,-6,-16,3
41,-6,-15,4
41,-6,-14,3
41,-6,-13,1
41,-6,-5,6
41,-6,-4,18
41,-6,-3,15
41,-6,-2,10
41,-6,-1,23
41,-6,0,9
41,-6,2,10
41,-6,3,10
41,-6,4,11
41,-6,5,16
41,-6,6,2
41,-6,12,3
41,-6,13,9
41,-6,14,3
41,-6,15,3
41,-6,16,3
41,-6,18,2
41,-6,20,2
41,-5,-19,2
41,-5,-14,3
41,-5,-13,1
41,-5,-7,1
41,-5,-6,4
41,-5,-5,5
41,-5,-4,23
41,-5,-3,20
41,-5,-2,22
41,-5,0,20
41,-5,1,10
41,-5,2,16
41,-5,3,4
41,-5,4,4
41,-5,5,8
41,-5,6,1
41,-5,11,4
41,-5,12,7
41,-5,13,8
41,-5,14,2
41,-5,15,1
41,-5,16,2
41,-5,17,1
41,-5,18,1
41,-5,19,1
41,-4,-17,2
41,-4,-16,6
41,-4,-15,14
41,-4,-14,7
41,-4,-13,1
41,-4,-8,1
41,-4,-7,5
41,-4,-6,1
41,-4,-5,8
41,-4,-4,29
41,-4,-3,40
41,-4,-2,18
41,-4,-1,10
41,-4,0,4
41,-4,1,1
41,-4,13,5
41,-4,14,2
41,-4,15,2
41,-4,17,2
41,-3,-19,1
41,-3,-16,1
41,-3,-15,7
41,-3,-14,9
41,-3,-13,7
41,-3,-12,1
41,-3,-11,2
41,-3,-10,5
41,-3,-9,8
41,-3,-8,5
41,-3,-7,8
41,-3,-6,2
41,-3,-5,4
41,-3,-4,13
41,-3,-3,1
41,-2,-14,4
41,-2,-13,4
41,-2,-12,13
41,-2,-11,7
41,-2,-10,5
41,-2,-6,1
41,-1,-14,3
41,-1,-12,2
41,-1,-11,7
41,-1,-8,14
41,-1,-7,10
41,-1,-6,16
41,-1,-5,22
41,-1,-4,12
41,0,-14,5
41,0,-13,5
41,0,-12,4
41,0,-11,5
41,0,-10,2
41,0,-9,7
41,0,-8,5
41,0,-7,10
41,0,-6,12
41,0,-5,14
41,0,-4,14
41,0,-3,6
41,1,-14,6
41,1,-13,9
41,1,-12,15
41,1,-11,7
41,1,-10,5
41,1,-9,5
41,1,-8,5
41,2,-27,1
41,2,-14,1
41,2,-13,2
41,2,-12,7
41,2,-11,1
41,2,-10,3
41,2,-9,2
41,6,-46,1
41,6,-39,1
42,-40,-39,1
42,-33,-40,1
42,-32,-56,1
42,-29,24,1
42,-28,10,1
42,-28,26,1
42,-27,1,1
42,-27,11,1
42,-25,-42,1
42,-25,-32,1
42,-25,-13,1
42,-24,-43,1
42,-23,-43,1
42,-23,7,1
42,-23,26,1
42,-22,-47,1
42,-22,1,1
42,-22,5,2
42,-22,11,1
42,-22,22,1
42,-21,-9,2
42,-21,-8,3
42,-21,3,1
42,-21,6,2
42,-20,-25,1
42,-20,-24,1
42,-20,3,3
42,-20,8,1
42,-19,-15,2
42,-19,-14,1
42,-19,-11,1
42,-19,2,1
42,-19,3,2
42,-19,4,1
42,-19,5,1
42,-19,6,1
42,-19,8,1
42,-19,15,1
42,-19,24,2
42,-18,-17,1
42,-18,-14,5
42,-18,-7,1
42,-18,4,2
42,-18,5,2
42,-18,6,2
42,-18,7,1
42,-18,14,1
42,-17,-15,1
42,-17,-13,2
42,-17,-9,3
42,-17,-7,1
42,-17,-6,2
42,-17,-5,1
42,-17,-4,1
42,-17,3,2
42,-17,4,2
42,-17,6,4
42,-17,12,1
42,-17,14,2
42,-16,-34,1
42,-16,-22,1
42,-16,-15,2
42,-16,-14,1
42,-16,-13,1
42,-16,-9,1
42,-16,2,1
42,-16,3,1
42,-16,5,4
42,-16,6,2
42,-16,7,1
42,-16,11,1
42,-16,13,1
42,-16,14,1
42,-15,-31,1
42,-15,-20,1
42,-15,-19,1
42,-15,-15,2
42,-15,-14,2
42,-15,-13,1
42,-15,-8,1
42,-15,-6,1
42,-15,5,1
42,-15,6,3
42,-15,9,1
42,-15,11,1
42,-15,12,1
42,-14,-31,1
42,-14,-28,1
42,-14,-18,2
42,-14,-14,1
42,-14,-13,2
42,-14,-9,1
42,-14,-7,1
42,-14,-6,1
42,-14,-1,2
42,-14,8,1
42,-14,9,1
42,-14,13,1
42,-14,15,1
42,-14,27,1
42,-14,49,1
42,-13,-30,1
42,-13,-28,1
42,-13,-26,1
42,-13,-20,1
42,-13,-19,1
42,-13,-17,2
42,-13,-8,1
42,-13,-7,3
42,-13,-1,1
42,-13,8,1
42,-13,9,1
42,-12,-15,1
42,-12,-14,1
42,-12,-11,1
42,-12,-10,4
42,-12,-9,2
42,-12,-6,1
42,-12,-5,1
42,-12,-4,2
42,-12,-3,2
42,-12,-1,3
42,-12,4,1
42,-12,5,1
42,-12,16,1
42,-12,18,1
42,-11,-24,1
42,-11,-23,1
42,-11,-14,1
42,-11,-11,7
42,-11,-10,8
42,-11,-8,1
42,-11,-7,2
42,-11,-6,3
42,-11,-5,1
42,-11,-4,4
42,-11,-3,1
42,-11,1,2
42,-11,2,3
42,-11,3,1
42,-11,4,4
42,-11,5,1
42,-11,6,5
42,-11,15,2
42,-11,16,4
42,-10,-28,1
42,-10,-25,1
42,-10,-23,1
42,-10,-15,2
42,-10,-14,3
42,-10,-13,1
42,-10,-10,3
42,-10,-9,3
42,-10,-8,3
42,-10,-7,3
42,-10,-6,5
42,-10,-5,4
42,-10,-4,2
42,-10,-3,4
42,-10,2,5
42,-10,5,2
42,-10,6,2
42,-10,7,1
42,-10,14,1
42,-10,15,1
42,-10,19,1
42,-9,-36,1
42,-9,-26,1
42,-9,-23,1
42,-9,-22,1
42,-9,-15,1
42,-9,-13,6
42,-9,-12,2
42,-9,-7,1
42,-9,-6,5
42,-9,-5,2
42,-9,-4,3
42,-9,-3,1
42,-9,6,1
42,-9,7,6
42,-9,8,4
42,-9,9,1
42,-8,-22,3
42,-8,-20,1
42,-8,-16,1
42,-8,-15,1
42,-8,-13,1
42,-8,-10,1
42,-8,-5,1
42,-8,-4,10
42,-8,-3,9
42,-8,-2,3
42,-8,0,3
42,-8,5,4
42,-8,6,2
42,-8,7,1
42,-8,16,1
42,-8,17,1
42,-8,22,1
42,-7,-20,2
42,-7,-19,1
42,-7,-17,1
42,-7,-15,2
42,-7,-4,12
42,-7,-3,7
42,-7,-2,8
42,-7,-1,6
42,-7,0,10
42,-7,4,1
42,-7,5,15
42,-7,6,9
42,-7,14,2
42,-7,15,2
42,-7,17,2
42,-7,21,1
42,-6,-21,1
42,-6,-16,2
42,-6,-15,3
42,-6,-6,4
42,-6,-5,12
42,-6,-4,18
42,-6,-3,9
42,-6,-2,2
42,-6,-1,12
42,-6,0,7
42,-6,1,1
42,-6,2,15
42,-6,3,4
42,-6,4,9
42,-6,5,5
42,-6,6,11
42,-6,7,1
42,-6,12,2
42,-6,13,7
42,-6,14,2
42,-6,15,2
42,-6,16,1
42,-6,17,2
42,-6,19,2
42,-6,20,1
42,-6,23,1
42,-5,-17,2
42,-5,-16,1
42,-5,-14,1
42,-5,-8,1
42,-5,-7,1
42,-5,-5,6
42,-5,-4,17
42,-5,-3,14
42,-5,-2,14
42,-5,-1,8
42,-5,0,9
42,-5,1,5
42,-5,2,2
42,-5,4,1
42,-5,12,2
42,-5,13,5
42,-5,14,4
42,-5,15,1
42,-5,16,3
42,-5,17,2
42,-5,18,1
42,-5,19,1
42,-5,20,2
42,-4,-20,1
42,-4,-19,3
42,-4,-18,4
42,-4,-17,4
42,-4,-16,7
42,-4,-15,4
42,-4,-14,4
42,-4,-12,1
42,-4,-11,2
42,-4,-8,9
42,-4,-7,5
42,-4,-5,16
42,-4,-4,17
42,-4,-3,24
42,-4,-2,11
42,-4,13,1
42,-4,15,2
42,-4,16,1
42,-3,-19,2
42,-3,-17,1
42,-3,-16,1
42,-3,-15,6
42,-3,-14,1
42,-3,-13,1
42,-3,-12,1
42,-3,-11,3
42,-3,-10,5
42,-3,-9,3
42,-3,-7,1
42,-3,-5,2
42,-2,-25,2
42,-2,-15,1
42,-2,-14,4
42,-2,-13,5
42,-2,-12,5
42,-2,-11,2
42,-2,-6,8
42,-1,-23,2
42,-1,-15,1
42,-1,-14,1
42,-1,-13,2
42,-1,-9,9
42,-1,-8,10
42,-1,-7,21
42,-1,-6,17
42,-1,-5,10
42,-1,-4,3
42,0,-16,1
42,0,-15,5
42,0,-14,7
42,0,-13,1
42,0,-12,1
42,0,-11,2
42,0,-10,7
42,0,-9,7
42,0,-8,7
42,0,-7,8
42,0,-6,8
42,0,-5,8
42,0,-4,14
42,0,-3,1
42,1,-27,1
42,1,-16,3
42,1,-15,6
42,1,-14,5
42,1,-13,4
42,1,-12,5
42,1,-11,3
42,1,-10,3
42,1,-9,11
42,2,-29,1
42,2,-15,3
42,2,-14,2
42,2,-13,9
42,2,-12,1
42,2,-11,1
42,2,-10,2
42,2,-9,1
43,-42,-59,1
43,-38,-23,1
43,-37,10,1
43,-30,-53,1
43,-29,31,1
43,-25,6,1
43,-24,16,1
43,-23,-28,1
43,-22,-16,1
43,-22,3,1
43,-21,6,1
43,-21,12,1
43,-21,21,1
43,-20,4,2
43,-19,-18,1
43,-19,-16,1
43,-19,-15,1
43,-19,-9,1
43,-19,-5,2
43,-19,3,1
43,-19,4,3
43,-19,5,1
43,-19,6,1
43,-19,7,1
43,-19,11,1
43,-19,61,1
43,-19,63,1
43,-18,-22,1
43,-18,-9,2
43,-18,-8,2
43,-18,-5,2
43,-18,6,1
43,-18,12,1
43,-18,13,1
43,-17,-34,1
43,-17,-21,1
43,-17,-16,1
43,-17,-15,1
43,-17,6,1
43,-17,15,1
43,-16,-17,1
43,-16,-9,2
43,-16,-6,2
43,-16,6,1
43,-16,9,2
43,-16,17,1
43,-15,-15,2
43,-15,-9,1
43,-15,-6,3
43,-15,10,1
43,-14,-37,1
43,-14,-19,1
43,-14,-10,1
43,-14,-9,1
43,-14,-8,1
43,-14,-7,4
43,-13,-29,1
43,-13,-26,1
43,-13,-16,1
43,-13,-11,3
43,-13,-9,3
43,-13,-5,1
43,-13,-4,1
43,-13,-1,1
43,-13,9,1
43,-13,17,1
43,-12,-12,6
43,-12,-11,16
43,-12,-7,2
43,-12,-4,3
43,-12,2,4
43,-12,4,3
43,-12,6,2
43,-12,7,3
43,-12,21,1
43,-11,-17,1
43,-11,-15,4
43,-11,-12,1
43,-11,-11,5
43,-11,-10,10
43,-11,-9,2
43,-11,-8,6
43,-11,-6,3
43,-11,-4,5
43,-11,-3,2
43,-11,2,1
43,-11,7,1
43,-11,14,3
43,-11,20,1
43,-10,-15,3
43,-10,-14,4
43,-10,-13,1
43,-10,-8,1
43,-10,-7,1
43,-10,-6,4
43,-10,-3,1
43,-10,8,2
43,-10,9,1
43,-9,-23,1
43,-9,-13,1
43,-9,-6,1
43,-9,-5,2
43,-9,-4,7
43,-9,-3,5
43,-9,8,3
43,-9,9,2
43,-9,21,1
43,-8,-18,1
43,-8,-16,3
43,-8,-6,1
43,-8,-5,3
43,-8,-4,3
43,-8,-3,5
43,-8,-2,5
43,-8,-1,1
43,-8,0,5
43,-8,5,8
43,-8,6,11
43,-8,7,4
43,-8,18,2
43,-8,19,2
43,-8,24,1
43,-7,-20,1
43,-7,-19,1
43,-7,-18,3
43,-7,-6,1
43,-7,-5,10
43,-7,-4,11
43,-7,-3,1
43,-7,-2,3
43,-7,-1,13
43,-7,0,3
43,-7,2,7
43,-7,3,2
43,-7,4,13
43,-7,5,3
43,-7,6,1
43,-7,7,4
43,-7,14,1
43,-7,15,3
43,-7,17,1
43,-7,18,2
43,-7,19,1
43,-7,20,1
43,-7,22,2
43,-6,-23,1
43,-6,-17,1
43,-6,-16,1
43,-6,-6,1
43,-6,-5,10
43,-6,-4,11
43,-6,-3,4
43,-6,-2,3
43,-6,0,6
43,-6,1,5
43,-6,2,17
43,-6,4,3
43,-6,13,1
43,-6,14,3
43,-6,15,2
43,-6,16,2
43,-6,17,2
43,-6,18,1
43,-6,19,3
43,-5,-20,4
43,-5,-19,4
43,-5,-18,6
43,-5,-9,1
43,-5,-6,3
43,-5,-5,2
43,-5,-4,14
43,-5,-3,16
43,-5,-2,14
43,-5,-1,4
43,-5,0,7
43,-5,1,3
43,-5,14,2
43,-5,15,1
43,-5,16,3
43,-5,17,3
43,-5,19,2
43,-5,21,1
43,-4,-22,2
43,-4,-21,2
43,-4,-20,2
43,-4,-19,1
43,-4,-18,5
43,-4,-17,2
43,-4,-16,1
43,-4,-13,4
43,-4,-12,1
43,-4,-11,1
43,-4,-10,4
43,-4,-9,9
43,-4,-8,9
43,-4,-6,4
43,-4,-5,19
43,-4,-4,9
43,-4,-3,4
43,-3,-19,2
43,-3,-17,1
43,-3,-16,4
43,-3,-14,3
43,-3,-13,4
43,-3,-11,1
43,-2,-28,2
43,-2,-16,2
43,-2,-15,3
43,-2,-14,5
43,-2,-13,6
43,-2,-12,2
43,-2,-10,2
43,-2,-8,3
43,-2,-7,12
43,-2,-6,1
43,-1,-17,2
43,-1,-16,1
43,-1,-10,2
43,-1,-9,8
43,-1,-8,5
43,-1,-7,8
43,-1,-6,9
43,-1,-5,4
43,0,-16,3
43,0,-15,2
43,0,-14,4
43,0,-11,1
43,0,-10,2
43,0,-9,1
43,0,-8,4
43,0,-7,9
43,0,-6,1
43,0,-5,1
43,0,-4,6
43,1,-30,1
43,1,-17,4
43,1,-16,2
43,1,-15,1
43,1,-14,1
43,1,-13,2
43,1,-12,6
43,1,-11,5
43,1,-10,9
43,1,-9,1
43,1,-6,3
43,2,-17,1
43,2,-16,3
43,2,-15,1
43,2,-14,3
43,2,-13,3
43,2,-12,3
43,2,-11,1
43,8,-49,1
43,13,-80,1
43,15,-92,1
43,18,-82,1
44,-33,25,1
44,-32,4,1
44,-29,-16,1
44,-26,6,1
44,-26,7,1
44,-26,12,1
44,-25,4,1
44,-25,12,1
44,-24,-13,1
44,-24,12,1
44,-23,-18,1
44,-23,4,1
44,-23,10,1
44,-22,-17,1
44,-22,-9,1
44,-22,5,1
44,-22,12,1
44,-21,-75,1
44,-21,-10,1
44,-21,-9,1
44,-21,-7,1
44,-21,4,1
44,-21,5,2
44,-21,6,1
44,-21,7,1
44,-20,-19,1
44,-20,-9,1
44,-20,6,1
44,-20,7,1
44,-19,-18,1
44,-19,-16,1
44,-19,-9,2
44,-19,7,3
44,-18,-17,1
44,-18,-11,1
44,-18,-10,3
44,-18,7,1
44,-18,8,1
44,-17,-11,2
44,-17,-9,2
44,-17,-7,1
44,-17,7,3
44,-17,18,1
44,-16,-34,1
44,-16,-22,1
44,-16,-10,1
44,-16,-7,1
44,-16,-1,1
44,-16,55,1
44,-16,73,1
44,-15,-11,1
44,-15,-10,1
44,-15,-8,3
44,-15,14,1
44,-15,15,1
44,-15,22,1
44,-15,57,1
44,-14,-17,1
44,-14,-12,2
44,-14,-11,1
44,-14,-10,2
44,-14,-6,1
44,-14,-5,1
44,-14,-4,1
44,-14,-1,1
44,-14,9,1
44,-14,20,1
44,-13,-13,1
44,-13,-11,1
44,-13,-7,1
44,-13,-4,1
44,-13,0,1
44,-13,3,1
44,-13,4,1
44,-13,5,3
44,-13,7,1
44,-13,17,1
44,-13,18,1
44,-13,19,3
44,-12,-18,1
44,-12,-12,3
44,-12,-11,2
44,-12,-10,1
44,-12,-9,2
44,-12,-8,3
44,-12,-5,1
44,-12,-4,2
44,-12,-3,2
44,-12,1,1
44,-12,2,3
44,-12,6,1
44,-12,7,1
44,-12,15,1
44,-12,18,1
44,-11,-26,1
44,-11,-18,1
44,-11,-16,1
44,-11,-15,3
44,-11,-9,1
44,-11,-8,1
44,-11,-7,2
44,-11,-6,4
44,-10,-25,1
44,-10,-23,1
44,-10,-15,1
44,-10,-5,1
44,-10,-4,1
44,-10,-3,4
44,-10,9,1
44,-9,-18,3
44,-9,-7,2
44,-9,-6,1
44,-9,-4,6
44,-9,-3,5
44,-9,0,2
44,-9,1,1
44,-9,6,6
44,-9,7,5
44,-9,8,1
44,-9,20,1
44,-9,22,1
44,-9,23,2
44,-9,26,1
44,-8,-24,1
44,-8,-22,1
44,-8,-20,1
44,-8,-19,1
44,-8,-11,1
44,-8,-7,1
44,-8,-6,1
44,-8,-5,9
44,-8,-4,2
44,-8,-3,2
44,-8,-2,4
44,-8,-1,8
44,-8,0,3
44,-8,2,1
44,-8,3,1
44,-8,4,1
44,-8,5,2
44,-8,6,3
44,-8,7,1
44,-8,17,2
44,-8,18,1
44,-8,20,1
44,-8,21,1
44,-7,-18,2
44,-7,-6,5
44,-7,-5,2
44,-7,-4,2
44,-7,-3,1
44,-7,-2,1
44,-7,-1,1
44,-7,0,4
44,-7,1,1
44,-7,2,8
44,-7,3,8
44,-7,4,2
44,-7,5,5
44,-7,6,2
44,-7,7,4
44,-7,8,1
44,-7,15,1
44,-7,16,3
44,-7,17,2
44,-7,18,3
44,-7,19,3
44,-7,22,1
44,-7,23,1
44,-6,-25,1
44,-6,-8,1
44,-6,-6,2
44,-6,-5,4
44,-6,-4,4
44,-6,-3,4
44,-6,-2,3
44,-6,-1,2
44,-6,0,1
44,-6,1,7
44,-6,2,3
44,-6,16,2
44,-6,17,2
44,-6,18,1
44,-5,-22,1
44,-5,-21,1
44,-5,-20,1
44,-5,-19,3
44,-5,-18,3
44,-5,-9,4
44,-5,-6,4
44,-5,-5,8
44,-5,-4,5
44,-5,-3,4
44,-5,-2,9
44,-5,-1,2
44,-5,15,1
44,-5,18,1
44,-5,19,1
44,-5,21,1
44,-4,-23,2
44,-4,-22,1
44,-4,-21,2
44,-4,-20,2
44,-4,-19,5
44,-4,-18,5
44,-4,-17,2
44,-4,-15,1
44,-4,-14,4
44,-4,-13,2
44,-4,-12,5
44,-4,-11,5
44,-4,-10,6
44,-4,-9,7
44,-4,-6,6
44,-4,-5,3
44,-3,-32,1
44,-3,-31,1
44,-3,-20,2
44,-3,-19,1
44,-3,-18,2
44,-3,-15,3
44,-3,-14,1
44,-2,-17,1
44,-2,-16,3
44,-2,-15,7
44,-2,-14,2
44,-2,-13,1
44,-2,-11,1
44,-2,-10,3
44,-2,-9,9
44,-2,-8,8
44,-2,-7,7
44,-1,-25,1
44,-1,-19,1
44,-1,-18,1
44,-1,-10,3
44,-1,-8,7
44,-1,-7,6
44,-1,-6,4
44,0,-17,1
44,0,-15,3
44,0,-12,1
44,0,-11,1
44,0,-9,7
44,0,-8,4
44,0,-6,3
44,0,-5,6
44,1,-20,1
44,1,-18,3
44,1,-17,1
44,1,-16,1
44,1,-15,1
44,1,-14,1
44,1,-13,2
44,1,-12,3
44,1,-11,6
44,1,-10,3
44,1,-7,3
44,2,-17,2
44,2,-16,1
44,2,-15,6
44,2,-14,1
44,2,-13,1
44,3,-15,1
44,18,-73,1
45,-37,34,1
45,-33,54,1
45,-27,9,1
45,-26,24,1
45,-25,98,1
45,-24,5,1
45,-24,24,1
45,-23,-11,1
45,-23,-9,1
45,-23,-8,1
45,-22,-79,1
45,-22,-11,2
45,-22,-10,2
45,-22,8,1
45,-21,75,1
45,-20,16,1
45,-19,-10,2
45,-19,-8,1
45,-18,-26,1
45,-18,-17,1
45,-18,-10,1
45,-18,-7,1
45,-17,-22,1
45,-17,-10,1
45,-17,17,2
45,-16,-12,1
45,-16,-11,1
45,-16,23,1
45,-15,-13,1
45,-15,-11,1
45,-15,-9,1
45,-15,5,1
45,-15,23,1
45,-14,-14,1
45,-14,-13,1
45,-14,-12,1
45,-14,-9,1
45,-14,-8,1
45,-14,-4,2
45,-14,2,2
45,-14,5,1
45,-14,18,1
45,-14,21,1
45,-13,-20,1
45,-13,-13,1
45,-13,-12,1
45,-13,-11,1
45,-13,-10,2
45,-13,-8,1
45,-13,-6,1
45,-13,-5,1
45,-13,16,1
45,-12,-32,1
45,-12,-10,2
45,-12,-9,1
45,-12,-8,1
45,-12,-7,2
45,-12,-6,2
45,-12,8,1
45,-11,-27,1
45,-11,-7,1
45,-11,-4,2
45,-10,-6,1
45,-10,-5,3
45,-10,-4,3
45,-10,-3,2
45,-10,0,2
45,-10,22,1
45,-10,25,1
45,-9,-23,3
45,-9,-20,1
45,-9,-6,2
45,-9,-5,5
45,-9,-4,1
45,-9,-3,2
45,-9,-2,3
45,-9,-1,3
45,-9,6,2
45,-9,7,8
45,-9,8,1
45,-9,19,1
45,-9,21,2
45,-9,23,1
45,-8,-24,1
45,-8,-22,1
45,-8,-21,1
45,-8,-20,1
45,-8,-7,2
45,-8,-6,4
45,-8,-5,4
45,-8,-4,2
45,-8,-3,1
45,-8,-2,1
45,-8,-1,6
45,-8,0,3
45,-8,2,1
45,-8,3,8
45,-8,4,2
45,-8,5,10
45,-8,6,1
45,-8,7,1
45,-8,8,2
45,-8,17,1
45,-8,19,1
45,-8,22,3
45,-8,25,1
45,-8,28,1
45,-7,-6,7
45,-7,-5,4
45,-7,-4,2
45,-7,-3,2
45,-7,-2,1
45,-7,0,3
45,-7,1,2
45,-7,2,5
45,-7,3,5
45,-7,5,1
45,-7,6,2
45,-7,7,1
45,-7,8,2
45,-7,17,1
45,-7,18,2
45,-7,20,1
45,-7,22,1
45,-6,-22,1
45,-6,-6,3
45,-6,-5,2
45,-6,-4,3
45,-6,-3,6
45,-6,-2,6
45,-6,0,1
45,-6,1,2
45,-6,21,1
45,-6,26,1
45,-5,-25,1
45,-5,-23,1
45,-5,-22,1
45,-5,-21,2
45,-5,-20,6
45,-5,-19,2
45,-5,-16,1
45,-5,-15,1
45,-5,-11,1
45,-5,-10,11
45,-5,-7,4
45,-5,-6,7
45,-5,-5,1
45,-5,-4,1
45,-5,-3,4
45,-5,-2,1
45,-5,19,1
45,-4,-23,2
45,-4,-22,3
45,-4,-21,1
45,-4,-20,3
45,-4,-19,2
45,-4,-18,1
45,-4,-15,1
45,-4,-13,4
45,-4,-12,1
45,-4,-11,2
45,-4,-10,1
45,-4,-6,1
45,-3,-21,1
45,-3,-18,1
45,-3,-16,2
45,-3,-15,1
45,-2,-19,1
45,-2,-18,1
45,-2,-17,4
45,-2,-16,2
45,-2,-15,6
45,-2,-11,3
45,-2,-10,4
45,-2,-9,8
45,-2,-8,7
45,-1,-11,1
45,-1,-10,1
45,-1,-9,2
45,-1,-8,3
45,-1,-7,4
45,0,-19,3
45,0,-18,1
45,0,-17,1
45,0,-16,4
45,0,-13,2
45,0,-12,2
45,0,-10,2
45,0,-9,7
45,0,-8,4
45,0,-6,2
45,1,-19,2
45,1,-17,1
45,1,-15,4
45,1,-14,1
45,1,-12,4
45,1,-11,2
45,1,-7,1
45,2,-37,1
45,2,-20,1
45,2,-19,1
45,2,-17,1
45,2,-16,1
45,2,-15,1
45,2,-13,1
45,3,-17,3
45,3,-16,1
45,17,-77,1
46,-32,98,1
46,-28,-60,1
46,-25,-9,1
46,-25,8,1
46,-24,-10,1
46,-24,-9,1
46,-22,-20,1
46,-20,-40,1
46,-20,-12,2
46,-20,24,1
46,-19,-40,1
46,-19,-28,1
46,-19,-8,1
46,-19,22,1
46,-18,-21,1
46,-18,-10,1
46,-17,-36,1
46,-17,-15,1
46,-17,-12,1
46,-17,-9,1
46,-17,-7,1
46,-16,-15,1
46,-16,-9,1
46,-16,6,2
46,-15,-15,1
46,-15,-14,1
46,-15,-9,1
46,-15,3,1
46,-15,21,1
46,-14,-21,2
46,-14,-13,3
46,-14,-12,1
46,-14,-5,1
46,-14,-2,1
46,-14,2,1
46,-14,3,1
46,-14,18,1
46,-13,-18,1
46,-13,-17,1
46,-13,-11,1
46,-13,-7,2
46,-12,11,1
46,-12,12,1
46,-11,-31,2
46,-11,-5,1
46,-11,-4,1
46,-11,11,1
46,-11,26,1
46,-10,-8,1
46,-10,-7,1
46,-10,-6,3
46,-10,-5,4
46,-10,-1,1
46,-10,0,2
46,-10,7,1
46,-10,8,1
46,-10,21,1
46,-10,28,1
46,-9,-29,1
46,-9,-8,1
46,-9,-6,4
46,-9,-5,2
46,-9,-2,5
46,-9,-1,2
46,-9,3,6
46,-9,4,1
46,-9,6,1
46,-9,7,1
46,-9,19,1
46,-8,-21,1
46,-8,-7,2
46,-8,-6,2
46,-8,-5,2
46,-8,-4,2
46,-8,-3,1
46,-8,2,2
46,-8,3,4
46,-8,4,1
46,-8,5,4
46,-8,6,1
46,-8,9,2
46,-8,21,2
46,-8,24,1
46,-7,-29,1
46,-7,-6,2
46,-7,-5,4
46,-7,-4,2
46,-7,-3,5
46,-7,0,1
46,-7,2,3
46,-7,3,2
46,-7,18,1
46,-7,19,2
46,-7,21,1
46,-7,22,1
46,-7,28,1
46,-6,-25,1
46,-6,-13,1
46,-6,-11,1
46,-6,-7,1
46,-6,-6,4
46,-6,-5,7
46,-6,-4,3
46,-6,-3,9
46,-6,-2,3
46,-6,-1,1
46,-6,0,2
46,-6,19,1
46,-6,22,1
46,-6,26,1
46,-6,27,1
46,-5,-26,1
46,-5,-23,1
46,-5,-22,1
46,-5,-21,1
46,-5,-20,1
46,-5,-16,2
46,-5,-14,1
46,-5,-13,2
46,-5,-11,6
46,-5,-10,5
46,-5,-7,5
46,-5,-6,2
46,-5,-5,2
46,-5,-4,1
46,-4,-24,1
46,-4,-20,1
46,-4,-14,3
46,-4,-12,1
46,-3,-36,1
46,-3,-18,1
46,-3,-17,2
46,-3,-16,2
46,-2,-19,1
46,-2,-18,1
46,-2,-17,3
46,-2,-13,1
46,-2,-12,3
46,-2,-11,1
46,-2,-10,9
46,-2,-9,1
46,-2,-8,5
46,-1,-12,1
46,-1,-10,2
46,-1,-9,2
46,-1,-8,1
46,-1,-7,3
46,0,-21,2
46,0,-20,1
46,0,-18,4
46,0,-11,3
46,0,-9,6
46,0,-8,2
46,0,-6,1
46,0,-5,1
46,1,-22,1
46,1,-17,2
46,1,-16,1
46,1,-15,2
46,2,-19,1
46,3,-39,1
46,3,-20,1
46,3,-18,3
46,18,-116,1
47,-28,-10,1
47,-27,36,1
47,-26,-13,1
47,-25,-12,2
47,-25,8,1
47,-25,10,1
47,-23,-31,1
47,-23,-27,1
47,-23,-22,1
47,-22,-21,1
47,-22,9,1
47,-21,97,1
47,-20,-10,1
47,-19,-9,2
47,-19,33,1
47,-18,-42,1
47,-18,-16,1
47,-18,-15,1
47,-18,-13,1
47,-18,26,1
47,-18,27,1
47,-17,-36,1
47,-17,-15,1
47,-16,-15,1
47,-16,-4,1
47,-15,-23,1
47,-15,-14,1
47,-15,-13,1
47,-15,-11,1
47,-15,-10,1
47,-15,-9,2
47,-15,-8,1
47,-14,-39,1
47,-14,-13,1
47,-14,-7,1
47,-14,27,1
47,-13,-32,1
47,-12,-6,2
47,-12,-5,1
47,-12,-4,1
47,-11,-24,1
47,-11,-8,3
47,-11,-7,2
47,-11,-6,1
47,-11,-5,1
47,-11,-4,3
47,-11,24,1
47,-10,-6,3
47,-10,-2,1
47,-10,-1,1
47,-10,21,1
47,-10,25,1
47,-10,26,1
47,-9,-9,1
47,-9,-8,2
47,-9,-7,1
47,-9,-6,1
47,-9,-4,1
47,-9,-1,1
47,-9,3,2
47,-9,4,2
47,-9,5,5
47,-9,6,5
47,-9,19,1
47,-9,20,2
47,-9,23,1
47,-9,25,1
47,-9,29,1
47,-8,-31,1
47,-8,-7,4
47,-8,-6,2
47,-8,-5,4
47,-8,-3,1
47,-8,1,1
47,-8,2,1
47,-8,3,2
47,-8,4,1
47,-8,20,1
47,-8,22,1
47,-8,23,2
47,-7,-18,1
47,-7,-12,1
47,-7,-5,1
47,-7,-4,4
47,-7,-3,6
47,-7,-2,3
47,-7,-1,1
47,-7,28,1
47,-6,-24,3
47,-6,-23,1
47,-6,-12,2
47,-6,-11,3
47,-6,-7,4
47,-6,-6,3
47,-6,-5,1
47,-6,-4,4
47,-6,-3,1
47,-6,-2,2
47,-6,24,1
47,-6,25,1
47,-5,-27,1
47,-5,-25,1
47,-5,-24,1
47,-5,-18,1
47,-5,-15,2
47,-5,-13,1
47,-5,-12,1
47,-5,-11,3
47,-5,-8,1
47,-5,-7,1
47,-4,-25,1
47,-4,-19,1
47,-4,-18,1
47,-3,-20,2
47,-3,-18,1
47,-3,-17,1
47,-2,-20,3
47,-2,-13,4
47,-2,-12,1
47,-2,-11,6
47,-2,-10,2
47,-2,-9,1
47,-1,-23,1
47,-1,-10,2
47,-1,-8,4
47,0,-22,1
47,0,-20,1
47,0,-12,3
47,0,-11,1
47,0,-10,2
47,0,-9,3
47,0,-7,1
47,0,-6,3
47,1,-18,1
47,1,-16,1
47,1,-15,1
47,1,-9,1
47,2,-20,1
47,2,-14,2
47,2,-13,2
47,3,-24,1
47,3,-21,1
47,3,-20,2
47,3,-19,1
48,-44,-71,1
48,-36,-20,1
48,-34,16,2
48,-33,-24,1
48,-33,3,1
48,-31,30,1
48,-30,-107,1
48,-30,12,1
48,-28,-57,1
48,-28,-23,1
48,-26,11,1
48,-24,-30,1
48,-23,-50,1
48,-23,-22,1
48,-22,-8,1
48,-21,21,1
48,-20,-13,1
48,-20,-10,1
48,-20,36,1
48,-19,86,1
48,-18,-24,1
48,-18,-5,1
48,-17,-17,1
48,-17,-5,1
48,-17,3,1
48,-17,4,1
48,-17,25,1
48,-16,-15,1
48,-16,-10,1
48,-16,-6,2
48,-16,22,1
48,-15,-22,2
48,-15,-21,1
48,-15,-12,1
48,-15,-9,1
48,-15,-7,1
48,-14,-43,1
48,-14,-21,1
48,-14,-20,1
48,-14,-7,1
48,-14,-5,1
48,-13,-8,1
48,-13,-5,1
48,-13,-4,1
48,-13,13,1
48,-12,-9,2
48,-12,-8,4
48,-12,-4,2
48,-12,30,2
48,-11,-8,2
48,-11,-7,3
48,-11,-4,1
48,-11,0,1
48,-11,7,2
48,-11,9,1
48,-11,10,1
48,-11,24,1
48,-11,27,1
48,-11,28,1
48,-10,-7,1
48,-10,-6,4
48,-10,-5,2
48,-10,-2,1
48,-10,-1,1
48,-10,4,1
48,-10,6,4
48,-10,24,2
48,-9,-7,1
48,-9,-6,1
48,-9,-5,2
48,-9,-4,1
48,-9,-3,1
48,-9,6,1
48,-9,9,1
48,-9,10,1
48,-9,22,1
48,-9,24,1
48,-9,27,1
48,-9,33,1
48,-8,-7,3
48,-8,-5,2
48,-8,-4,3
48,-8,-3,1
48,-8,1,1
48,-8,2,1
48,-8,22,1
48,-7,-27,1
48,-7,-7,1
48,-7,-6,3
48,-7,-4,4
48,-7,-3,1
48,-7,-2,1
48,-7,26,1
48,-6,-25,1
48,-6,-23,1
48,-6,-18,1
48,-6,-13,1
48,-6,-12,3
48,-6,-8,6
48,-6,-6,1
48,-6,-5,2
48,-5,-17,1
48,-5,-15,1
48,-5,-14,1
48,-5,-8,2
48,-2,-14,2
48,-2,-13,1
48,-2,-12,2
48,-2,-11,3
48,-1,-10,1
48,-1,-9,2
48,0,-23,2
48,0,-11,1
48,0,-10,1
48,0,-6,1
48,1,-25,1
48,1,-18,1
48,1,-9,1
48,2,-25,2
48,2,-21,1
48,2,-19,1
48,2,-14,1
48,3,-24,1
48,3,-23,3
48,3,-22,1
48,3,-21,1
48,3,-20,2
48,4,-22,1
48,4,-21,1
49,-36,-69,10
49,-36,-68,1
49,-31,10,1
49,-24,-23,1
49,-24,-9,1
49,-21,-15,1
49,-20,-25,1
49,-20,-14,1
49,-20,-11,1
49,-19,-18,2
49,-18,-19,1
49,-18,-18,1
49,-18,-12,1
49,-17,-17,1
49,-17,-16,1
49,-17,-10,1
49,-17,3,1
49,-17,31,1
49,-16,-22,1
49,-16,-13,1
49,-16,-12,2
49,-16,-9,1
49,-14,-9,1
49,-13,-8,1
49,-13,-7,1
49,-13,-6,2
49,-12,-9,2
49,-12,-8,2
49,-12,-4,1
49,-12,-1,1
49,-12,8,1
49,-12,25,1
49,-12,28,2
49,-11,-7,2
49,-11,-6,1
49,-11,-3,1
49,-11,-2,1
49,-11,0,1
49,-10,-5,1
49,-10,0,2
49,-10,4,1
49,-10,10,2
49,-10,22,1
49,-10,23,1
49,-10,25,1
49,-9,-9,1
49,-9,-8,1
49,-9,-7,1
49,-9,-4,1
49,-9,0,1
49,-9,3,2
49,-8,-7,1
49,-8,-5,2
49,-8,-3,1
49,-8,24,1
49,-8,27,2
49,-7,-8,1
49,-7,-6,1
49,-7,-5,1
49,-7,-3,3
49,-7,-2,1
49,-6,-20,1
49,-6,-15,1
49,-6,-13,2
49,-6,-8,3
49,-6,-7,2
49,-6,-5,1
49,-5,-25,1
49,-4,-20,1
49,-3,-21,1
49,-3,-20,2
49,-2,-23,1
49,-2,-15,1
49,-2,-12,1
49,-2,-11,2
49,-1,-11,1
49,0,-25,1
49,0,-23,1
49,0,-21,1
49,0,-17,1
49,0,-11,2
49,0,-6,1
49,2,-26,2
49,2,-15,2
49,2,-14,2
49,3,-23,1
49,3,-22,2
49,3,-17,1
49,4,-26,1
49,4,-22,2
49,4,-21,1
50,-40,51,1
50,-30,5,1
50,-23,-51,1
50,-20,-51,1
50,-18,-17,1
50,-17,-27,1
50,-17,-11,1
50,-17,-10,1
50,-16,-23,1
50,-15,-5,1
50,-14,-6,1
50,-13,-10,1
50,-13,-9,1
50,-13,9,1
50,-12,-8,1
50,-12,-7,1
50,-12,-6,1
50,-12,-3,1
50,-12,0,1
50,-11,-33,1
50,-11,-6,1
50,-11,5,1
50,-11,25,1
50,-11,35,1
50,-10,-9,1
50,-10,-7,1
50,-10,24,1
50,-10,27,1
50,-9,-5,1
50,-9,2,1
50,-8,-7,1
50,-8,-4,1
50,-8,-3,2
50,-8,-1,1
50,-7,-14,1
50,-7,-7,2
50,-7,-6,2
50,-6,-32,1
50,-6,-30,1
50,-6,-26,1
50,-6,-20,2
50,-6,-18,1
50,-6,-16,1
50,-6,-14,1
50,-6,-13,1
50,-6,-8,1
50,-5,-30,1
50,-4,-24,1
50,-4,-22,1
50,-2,-15,1
50,-2,-11,1
50,-1,-12,1
50,-1,-10,1
50,0,-23,1
50,0,-14,1
50,2,-28,1
50,2,-23,1
50,2,-22,2
50,2,-16,1
50,3,-27,1
50,3,-24,1
50,4,-26,1
51,-33,12,1
51,-30,-41,1
51,-29,-61,1
51,-27,-28,1
51,-27,-10,1
51,-25,26,1
51,-25,45,1
51,-22,101,1
51,-21,-12,1
51,-19,-11,1
51,-15,-7,1
51,-14,-10,4
51,-14,-9,1
51,-13,-9,1
51,-13,-7,1
51,-12,-6,2
51,-11,-28,1
51,-11,-8,1
51,-11,3,1
51,-11,4,1
51,-11,12,1
51,-11,24,1
51,-10,-8,1
51,-10,1,1
51,-10,25,2
51,-9,-16,1
51,-9,-7,1
51,-9,-4,1
51,-9,-3,1
51,-9,2,1
51,-8,-7,2
51,-8,-3,2
51,-8,-2,2
51,-8,29,1
51,-8,30,1
51,-8,35,1
51,-7,-15,1
51,-7,-10,1
51,-7,-8,1
51,-7,-6,1
51,-6,-30,1
51,-6,-28,2
51,-6,-16,1
51,-6,-14,2
51,-4,-30,1
51,-4,-23,1
51,-3,-24,1
51,-2,-17,1
51,-2,-16,1
51,-2,-15,1
51,-2,-14,2
51,-1,-12,1
51,0,-28,1
51,0,-15,1
51,0,-12,1
51,2,-29,1
51,2,-21,1
51,3,-25,2
51,4,-25,1
51,4,-24,1
51,4,-23,1
52,-34,11,1
52,-21,-8,1
52,-20,-32,1
52,-17,-7,1
52,-15,35,1
52,-14,-10,3
52,-14,-8,1
52,-14,-6,1
52,-12,13,1
52,-12,26,1
52,-11,26,1
52,-11,34,1
52,-10,-6,1
52,-10,32,1
52,-9,-3,1
52,-9,32,1
52,-8,-35,1
52,-8,-9,1
52,-8,-7,1
52,-7,-18,1
52,-7,-16,1
52,-7,-15,1
52,-7,-10,1
52,-6,-17,2
52,-4,-27,1
52,-3,-25,1
52,-2,-18,2
52,-2,-17,1
52,-2,-12,1
52,0,-28,1
52,0,-14,1
52,0,-13,1
52,0,-8,1
52,0,-7,1
52,2,-24,1
52,2,-22,2
52,2,-18,1
52,5,-27,1
53,-22,29,1
53,-17,-6,1
53,-15,-11,1
53,-15,11,1
53,-14,30,1
53,-14,31,2
53,-13,29,1
53,-13,32,1
53,-12,-7,1
53,-12,8,1
53,-12,27,1
53,-11,-9,1
53,-11,-8,1
53,-10,-7,1
53,-9,-9,1
53,-9,-5,1
53,-9,-3,1
53,-8,-16,1
53,-8,-5,1
53,-7,-18,1
53,-7,-16,1
53,-7,-11,1
53,-5,-25,1
53,-3,-28,1
53,-3,-13,2
53,-2,-16,1
53,-1,-13,1
53,-1,-11,1
53,0,-13,1
53,2,-26,1
53,2,-25,1
53,3,-33,1
53,3,-19,1
54,-40,-16,1
54,-38,-33,1
54,-35,26,1
54,-14,-6,1
54,-14,-2,1
54,-13,8,1
54,-13,9,1
54,-12,12,1
54,-9,-5,1
54,-9,-4,1
54,-9,34,1
54,-8,-26,1
54,-8,-17,1
54,-8,-9,1
54,-5,-34,1
54,-1,-15,1
54,0,-14,1
54,5,-25,1
55,-34,-44,1
55,-21,-31,1
55,-18,43,1
55,-16,-12,1
55,-14,-39,1
55,-14,-7,1
55,-14,9,1
55,-14,35,1
55,-13,-10,1
55,-13,30,1
55,-13,35,1
55,-12,31,1
55,-12,35,1
55,-10,-37,1
55,-9,-9,1
55,-9,-8,1
55,-8,-45,1
55,-8,-26,1
55,-8,-18,1
55,-7,-22,1
55,-3,-30,1
55,-1,-15,1
55,0,-33,1
55,5,-28,1
55,5,-23,1
56,-17,37,1
56,-14,10,1
56,-14,33,1
56,-12,-7,1
56,-11,-7,1
56,-9,-45,1
57,-25,-11,1
57,-18,-13,1
57,-14,-9,1
57,-14,32,1
57,-10,-8,1
57,-8,-45,1
57,-8,-20,1
58,-18,-11,1
58,-15,34,1
58,-12,51,1
58,-4,-17,1
58,0,-10,1
58,5,-38,1
59,-16,36,1
59,-12,-48,1
59,5,-39,1
60,-15,42,1
60,4,-43,1
60,7,-36,1
61,-18,55,1
61,-17,39,1
61,-11,-53,1
61,5,-82,1
62,-12,-6,1
64,-10,-24,1
64,-4,-43,1
66,-12,-13,1
68,-1,-18,1
69,9,-49,1
70,-4,-33,1
77,-27,68,1
