source_id_1,source_id_2,phase1_kpc,phase2_kpc,best_min_Neff_2kms,best_h_2kms,qualifying_h_2kms,Neff_U_at_best,Neff_V_at_best
2025179884408158464,2072235820984829312,3.675491706021214,7.258123211473825,4.613760634332042,7.0,4.0,4.613760634332042,4.630600059380912
2031745858613175040,2072235820984829312,4.414297908739168,7.258123211473825,4.524408412723344,7.0,4.0,4.524408412723344,4.612677310333992
2025179884408158464,2031745858613175040,3.675491706021214,4.414297908739168,4.51196832386573,7.0,3.0,4.51196832386573,4.612439689359461
2025179884408158464,2162679246615275264,3.675491706021214,11.047321291401156,4.492519591443391,7.0,5.0,4.60201570913544,4.492519591443391
2072235820984829312,2162679246615275264,7.258123211473825,11.047321291401156,4.492000612606774,7.0,5.0,4.672987934203919,4.492000612606774
2031745858613175040,2162679246615275264,4.414297908739168,11.047321291401156,4.4436527119346945,7.0,5.0,4.494774627149524,4.4436527119346945
2072235820984829312,2059995546465811968,7.258123211473825,7.495451905728237,4.415271916718188,7.0,5.0,4.473735324356392,4.415271916718188
2072235820984829312,1873298884367855872,7.258123211473825,8.701455980597105,4.402829643369766,7.0,5.0,4.402829643369766,4.417621516725348
2025179884408158464,2059995546465811968,3.675491706021214,7.495451905728237,4.380014040554887,7.0,4.0,4.380014040554887,4.414819293646056
4513281175196176512,2031745858613175040,-0.5553821435353719,4.414297908739168,4.353979268839555,7.0,3.0,4.4775016668951375,4.353979268839555
4513281175196176512,2072235820984829312,-0.5553821435353719,7.258123211473825,4.34953638924039,7.0,4.0,4.664674828757068,4.34953638924039
4513281175196176512,2025179884408158464,-0.5553821435353719,3.675491706021214,4.349080010979453,7.0,2.0,4.5890787839476355,4.349080010979453
4160906424545920128,2031745858613175040,-10.492719760197533,4.414297908739168,4.3416070405504845,7.0,4.0,4.523817289433654,4.3416070405504845
2072235820984829312,2165006259882192128,7.258123211473825,11.812473605287641,4.338543531507635,7.0,5.0,4.338543531507635,4.484223616169143
4160906424545920128,2072235820984829312,-10.492719760197533,7.258123211473825,4.3371874534260915,7.0,5.0,4.649199390524592,4.3371874534260915
4160906424545920128,2025179884408158464,-10.492719760197533,3.675491706021214,4.336731879954566,7.0,4.0,4.604887594679555,4.336731879954566
2025179884408158464,1873298884367855872,3.675491706021214,8.701455980597105,4.308882263049561,7.0,5.0,4.308882263049561,4.417169319140384
2162679246615275264,2165006259882192128,11.047321291401156,11.812473605287641,4.286157709868948,7.0,7.0,4.387733629297892,4.286157709868948
2022722274099045376,2195158098523149312,1.9749487268872292,14.622208144751117,4.279576401514663,10.0,7.0,4.711550890765489,4.279576401514663
2059995546465811968,1873298884367855872,7.495451905728237,8.701455980597105,4.253405731698634,7.0,7.0,4.317746924576779,4.253405731698634
2059995546465811968,2165006259882192128,7.495451905728237,11.812473605287641,4.253261726018735,7.0,7.0,4.253261726018735,4.316357533844096
2031745858613175040,2059995546465811968,4.414297908739168,7.495451905728237,4.253178282738392,7.0,4.0,4.253178282738392,4.419389960293613
4513281175196176512,2165006259882192128,-0.5553821435353719,11.812473605287641,4.2515809016773884,7.0,5.0,4.390998587998934,4.2515809016773884
2025179884408158464,2165006259882192128,3.675491706021214,11.812473605287641,4.245409266221755,7.0,5.0,4.245409266221755,4.483794760560385
4513399883752121216,2031745858613175040,-0.2951798599172809,4.414297908739168,4.242834938203373,7.0,3.0,4.3571179885525195,4.242834938203373
1861245556872133504,2195158098523149312,5.627762113582395,14.622208144751117,4.239675849239486,10.0,7.0,4.269822435394103,4.239675849239486
4513399883752121216,2072235820984829312,-0.2951798599172809,7.258123211473825,4.239312632329741,7.0,4.0,4.571678744315643,4.239312632329741
4160906424545920128,2165006259882192128,-10.492719760197533,11.812473605287641,4.239228565393486,7.0,7.0,4.303950685699647,4.239228565393486
4513399883752121216,2025179884408158464,-0.2951798599172809,3.675491706021214,4.238876165634749,7.0,2.0,4.481534634964946,4.238876165634749
2162679246615275264,2195158098523149312,11.047321291401156,14.622208144751117,4.238079318979085,10.0,7.0,5.012739178916713,4.238079318979085
2022722274099045376,2072235820984829312,1.9749487268872292,7.258123211473825,4.224732043993928,10.0,5.0,4.914216992837949,4.224732043993928
4310507179195737984,2022722274099045376,-4.121974879050933,1.9749487268872292,4.224351932938263,10.0,3.0,4.2789553431092004,4.224351932938263
4320461195449352064,2031745858613175040,-1.5660179682254343,4.414297908739168,4.2190754924414575,7.0,3.0,4.2190754924414575,4.612934838228386
1873298884367855872,2162679246615275264,8.701455980597105,11.047321291401156,4.217112488172868,7.0,7.0,4.452376126303672,4.217112488172868
4314164395446976128,2031745858613175040,-1.4064472565490531,4.414297908739168,4.215578275748964,7.0,3.0,4.3020056029321285,4.215578275748964
4320461195449352064,2025179884408158464,-1.5660179682254343,3.675491706021214,4.2155265606098276,7.0,3.0,4.2155265606098276,4.624404317426212
2059995546465811968,2162679246615275264,7.495451905728237,11.047321291401156,4.214741395725884,7.0,5.0,4.522512400868657,4.214741395725884
4314164395446976128,2072235820984829312,-1.4064472565490531,7.258123211473825,4.212484637403098,7.0,4.0,4.52089584636577,4.212484637403098
4314164395446976128,2025179884408158464,-1.4064472565490531,3.675491706021214,4.212056666065738,7.0,3.0,4.428264607835961,4.212056666065738
1861245556872133504,2162679246615275264,5.627762113582395,11.047321291401156,4.207601962568629,10.0,5.0,4.562787254559836,4.207601962568629
2033842562903693184,2072235820984829312,5.873788935685492,7.258123211473825,4.207511819724157,7.0,5.0,4.411142491285263,4.207511819724157
2025179884408158464,2033842562903693184,3.675491706021214,5.873788935685492,4.207085552632078,7.0,4.0,4.317152729756399,4.207085552632078
1861245556872133504,2062016551910446592,5.627762113582395,7.216691153427344,4.2024911939396885,10.0,4.0,4.3288563407622735,4.2024911939396885
2062016551910446592,2162679246615275264,7.216691153427344,11.047321291401156,4.201508924497874,10.0,5.0,4.463014682610209,4.201508924497874
4160906424545920128,4320461195449352064,-10.492719760197533,-1.5660179682254343,4.200243131911149,7.0,5.0,4.200243131911149,4.345336091764137
2022722274099045376,2165006259882192128,1.9749487268872292,11.812473605287641,4.194785422391104,10.0,7.0,4.764633109059814,4.194785422391104
2022722274099045376,2031745858613175040,1.9749487268872292,4.414297908739168,4.193284793650676,7.0,4.0,4.193284793650676,4.323774852729057
2072235820984829312,2195158098523149312,7.258123211473825,14.622208144751117,4.192262985216603,10.0,7.0,5.232682337317276,4.192262985216603
2031745858613175040,2033842562903693184,4.414297908739168,5.873788935685492,4.1906363865384515,7.0,4.0,4.1906363865384515,4.210518726605375
4513281175196176512,1873298884367855872,-0.5553821435353719,8.701455980597105,4.1887509438366735,7.0,5.0,4.455670453012248,4.1887509438366735
1871915630021420672,2162679246615275264,9.334988515462278,11.047321291401156,4.186690876077143,7.0,5.0,4.403915984821236,4.186690876077143
4513281175196176512,2059995546465811968,-0.5553821435353719,7.495451905728237,4.186481225130738,7.0,4.0,4.5255219147710655,4.186481225130738
2022722274099045376,2025179884408158464,1.9749487268872292,3.675491706021214,4.186089900752919,7.0,3.0,4.186089900752919,4.3834092231265585
1873298884367855872,2165006259882192128,8.701455980597105,11.812473605287641,4.1853152376662,7.0,7.0,4.1853152376662,4.31863761326271
2022722274099045376,1861245556872133504,1.9749487268872292,5.627762113582395,4.183081763289827,10.0,3.0,4.522248680710261,4.183081763289827
4320461195449352064,2072235820984829312,-1.5660179682254343,7.258123211473825,4.1827115337573915,7.0,4.0,4.1827115337573915,4.624577530484978
2031745858613175040,1873298884367855872,4.414297908739168,8.701455980597105,4.182479718987756,7.0,5.0,4.182479718987756,4.42171171582125
2022722274099045376,2162679246615275264,1.9749487268872292,11.047321291401156,4.180929929327935,10.0,5.0,4.8719934204759765,4.180929929327935
4512885247948565376,2022722274099045376,-1.027293880191791,1.9749487268872292,4.178233588581854,10.0,2.0,4.747314932492998,4.178233588581854
4160906424545920128,1873298884367855872,-10.492719760197533,8.701455980597105,4.176405838672617,7.0,5.0,4.367954733767647,4.176405838672617
2022722274099045376,1871915630021420672,1.9749487268872292,9.334988515462278,4.175119861243074,7.0,5.0,4.182527702557412,4.175119861243074
4160906424545920128,2059995546465811968,-10.492719760197533,7.495451905728237,4.174136298202459,7.0,5.0,4.439029726028514,4.174136298202459
2031982665929461504,2072235820984829312,4.870920701590028,7.258123211473825,4.173091342276887,7.0,5.0,4.388628377926889,4.173091342276887
4320165285017783168,2031745858613175040,-1.3180151471644346,4.414297908739168,4.172905396948586,7.0,3.0,4.349272239450964,4.172905396948586
2025179884408158464,2031982665929461504,3.675491706021214,4.870920701590028,4.1726778984726565,7.0,4.0,4.2947894081433295,4.1726778984726565
4320165285017783168,2072235820984829312,-1.3180151471644346,7.258123211473825,4.170607695528304,7.0,4.0,4.5646436927373415,4.170607695528304
2022722274099045376,2062016551910446592,1.9749487268872292,7.216691153427344,4.170584110002853,10.0,4.0,4.44054977834376,4.170584110002853
4320165285017783168,2025179884408158464,-1.3180151471644346,3.675491706021214,4.170195243147653,7.0,2.0,4.474046043143927,4.170195243147653
2031982665929461504,2031745858613175040,4.870920701590028,4.414297908739168,4.168614067791063,7.0,4.0,4.168614067791063,4.175440238655977
4513281175196176512,2195158098523149312,-0.5553821435353719,14.622208144751117,4.163851847792113,7.0,5.0,4.163851847792113,4.33019297122895
4310507179195737984,2072235820984829312,-4.121974879050933,7.258123211473825,4.162924293377687,10.0,5.0,4.224997556539331,4.162924293377687
2165006259882192128,2195158098523149312,11.812473605287641,14.622208144751117,4.159328105838744,10.0,7.0,5.430298619510067,4.159328105838744
4512885247948565376,2031745858613175040,-1.027293880191791,4.414297908739168,4.157842806663758,7.0,3.0,4.157842806663758,4.57627539476129
2021540814501736320,2031745858613175040,3.2978077202738225,4.414297908739168,4.15594930487947,7.0,3.0,4.231079538225351,4.15594930487947
2021540814501736320,2072235820984829312,3.2978077202738225,7.258123211473825,4.154005903532686,7.0,4.0,4.451867374858638,4.154005903532686
2021540814501736320,2025179884408158464,3.2978077202738225,3.675491706021214,4.153600293483308,7.0,3.0,4.357922607497774,4.153600293483308
4512885247948565376,1871915630021420672,-1.027293880191791,9.334988515462278,4.150711952685813,7.0,5.0,4.150711952685813,4.154939731071534
4513281175196176512,2162679246615275264,-0.5553821435353719,11.047321291401156,4.149717766854582,7.0,5.0,4.6937729695860595,4.149717766854582
2072235820984829312,1978690990909022336,7.258123211473825,13.41499047438571,4.149230650474443,7.0,7.0,4.149230650474443,4.218478584248003
4512885247948565376,2025179884408158464,-1.027293880191791,3.675491706021214,4.145944407872421,7.0,3.0,4.145944407872421,4.6061751349514095
2062016551910446592,2195158098523149312,7.216691153427344,14.622208144751117,4.142521428415348,10.0,5.0,4.142521428415348,4.230339519312669
4512885247948565376,2195158098523149312,-1.027293880191791,14.622208144751117,4.14157273089772,10.0,7.0,4.684446056645869,4.14157273089772
4513399883752121216,2165006259882192128,-0.2951798599172809,11.812473605287641,4.139769350438839,7.0,5.0,4.338318920241504,4.139769350438839
4160906424545920128,2162679246615275264,-10.492719760197533,11.047321291401156,4.13774487353722,7.0,5.0,4.648132279552497,4.13774487353722
4160906424545920128,4512885247948565376,-10.492719760197533,-1.027293880191791,4.126475818392023,7.0,5.0,4.126475818392023,4.287446462564943
1861245556872133504,1871915630021420672,5.627762113582395,9.334988515462278,4.125505798020603,10.0,4.0,4.4023467499899755,4.125505798020603
1871915630021420672,2195158098523149312,9.334988515462278,14.622208144751117,4.125182752958631,10.0,7.0,4.316778087578767,4.125182752958631
2062016551910446592,1871915630021420672,7.216691153427344,9.334988515462278,4.122593702747229,10.0,4.0,4.34462024399451,4.122593702747229
2022722274099045376,1979638838645769216,1.9749487268872292,13.992623423361778,4.120805834226646,10.0,7.0,4.622587285599999,4.120805834226646
2031745858613175040,2165006259882192128,4.414297908739168,11.812473605287641,4.1203279339494046,7.0,5.0,4.1203279339494046,4.486897944512251
4512885247948565376,2072235820984829312,-1.027293880191791,7.258123211473825,4.119085425385203,10.0,5.0,4.893181348523472,4.119085425385203
4310507179195737984,4512885247948565376,-4.121974879050933,-1.027293880191791,4.118736611293276,10.0,3.0,4.277321479180448,4.118736611293276
4314393025132914944,2022722274099045376,-1.9704265331367863,1.9749487268872292,4.118622877314126,10.0,2.0,4.633374527944196,4.118622877314126
4320461195449352064,2162679246615275264,-1.5660179682254343,11.047321291401156,4.116357103661691,7.0,5.0,4.116357103661691,4.466175810823249
4314164395446976128,2165006259882192128,-1.4064472565490531,11.812473605287641,4.11210711000554,7.0,5.0,4.295892580971066,4.11210711000554
4280510268611908480,2022722274099045376,-6.654270217860955,1.9749487268872292,4.110400061535658,10.0,5.0,4.423936601462363,4.110400061535658
4311113353708708864,2031745858613175040,-4.1909205037905375,4.414297908739168,4.110138622406456,7.0,3.0,4.110138622406456,4.609200617752472
4160906424545920128,4513281175196176512,-10.492719760197533,-0.5553821435353719,4.109535807174162,7.0,4.0,4.637858460868633,4.109535807174162
2033842562903693184,2165006259882192128,5.873788935685492,11.812473605287641,4.106963724808831,7.0,7.0,4.193472019704329,4.106963724808831
4513399883752121216,2195158098523149312,-0.2951798599172809,14.622208144751117,4.10691561925478,7.0,7.0,4.10691561925478,4.218677517619728
2025179884408158464,1871915630021420672,3.675491706021214,9.334988515462278,4.102388352003343,7.0,4.0,4.446136725627085,4.102388352003343
2072235820984829312,1871915630021420672,7.258123211473825,9.334988515462278,4.101320731266471,7.0,5.0,4.445049879427468,4.101320731266471
4320165285017783168,2195158098523149312,-1.3180151471644346,14.622208144751117,4.101181027528797,7.0,7.0,4.101181027528797,4.14814626233461
2025179884408158464,2195158098523149312,3.675491706021214,14.622208144751117,4.097607281176472,10.0,5.0,5.279680171991669,4.097607281176472
4320461195449352064,2022722274099045376,-1.5660179682254343,1.9749487268872292,4.096796904802839,7.0,1.0,4.096796904802839,4.349875017274749
4280510268611908480,2031745858613175040,-6.654270217860955,4.414297908739168,4.094399526461536,7.0,3.0,4.094399526461536,4.596986958283212
4311113353708708864,2025179884408158464,-4.1909205037905375,3.675491706021214,4.092409149532084,7.0,3.0,4.092409149532084,4.618661166344831
4512885247948565376,2165006259882192128,-1.027293880191791,11.812473605287641,4.091214900226403,10.0,7.0,4.737784860175284,4.091214900226403
4320461195449352064,4513281175196176512,-1.5660179682254343,-0.5553821435353719,4.090866169574946,7.0,1.0,4.090866169574946,4.357704543538726
2072235820984829312,1979638838645769216,7.258123211473825,13.992623423361778,4.086975449064381,7.0,7.0,4.086975449064381,4.261724634572968
4160906424545920128,2195158098523149312,-10.492719760197533,14.622208144751117,4.086903560442811,7.0,7.0,4.086903560442811,4.317824495964999
1861245556872133504,2072235820984829312,5.627762113582395,7.258123211473825,4.082579558754774,10.0,4.0,4.549426079229402,4.082579558754774
4310507179195737984,1861245556872133504,-4.121974879050933,5.627762113582395,4.082121451641688,10.0,3.0,4.213333050768886,4.082121451641688
1979638838645769216,2195158098523149312,13.992623423361778,14.622208144751117,4.081636260930139,10.0,7.0,5.340575915876759,4.081636260930139
4310507179195737984,2162679246615275264,-4.121974879050933,11.047321291401156,4.079764993414506,10.0,7.0,4.271814915031906,4.079764993414506
4314393025132914944,2195158098523149312,-1.9704265331367863,14.622208144751117,4.079397994232465,10.0,7.0,4.459553412224044,4.079397994232465
4310507179195737984,2025179884408158464,-4.121974879050933,3.675491706021214,4.078046266648038,10.0,3.0,4.206697182042658,4.078046266648038
4311113353708708864,2022722274099045376,-4.1909205037905375,1.9749487268872292,4.07692372021868,10.0,4.0,4.622850125265678,4.07692372021868
4513399883752121216,1873298884367855872,-0.2951798599172809,8.701455980597105,4.076869549990283,7.0,5.0,4.402899749157164,4.076869549990283
4320461195449352064,4512885247948565376,-1.5660179682254343,-1.027293880191791,4.075424773911855,7.0,2.0,4.075424773911855,4.592337415750973
4280510268611908480,2025179884408158464,-6.654270217860955,3.675491706021214,4.074860538552943,7.0,3.0,4.074860538552943,4.602984257164603
4513399883752121216,2059995546465811968,-0.2951798599172809,7.495451905728237,4.0745983351929675,7.0,5.0,4.471523876211169,4.0745983351929675
2031982665929461504,2165006259882192128,4.870920701590028,11.812473605287641,4.071236321358107,7.0,7.0,4.171279781580372,4.071236321358107
4280510268611908480,2195158098523149312,-6.654270217860955,14.622208144751117,4.070988557285319,10.0,7.0,4.117643720413447,4.070988557285319
4160906424545920128,4311113353708708864,-10.492719760197533,-4.1909205037905375,4.070064998150311,7.0,5.0,4.070064998150311,4.344158949866953
2072235820984829312,2062016551910446592,7.258123211473825,7.216691153427344,4.068926883771723,10.0,4.0,4.436602249377399,4.068926883771723
4320165285017783168,2165006259882192128,-1.3180151471644346,11.812473605287641,4.068650238323616,7.0,5.0,4.332725413810462,4.068650238323616
4310507179195737984,2062016551910446592,-4.121974879050933,7.216691153427344,4.068466189266924,10.0,3.0,4.17973042933037,4.068466189266924
2162679246615275264,1979638838645769216,11.047321291401156,13.992623423361778,4.065863654249387,7.0,7.0,4.129057194948403,4.065863654249387
4314164395446976128,2195158098523149312,-1.4064472565490531,14.622208144751117,4.063672227175566,7.0,7.0,4.063672227175566,4.191214117883013
2025179884408158464,1978690990909022336,3.675491706021214,13.41499047438571,4.062003815723181,7.0,5.0,4.062003815723181,4.218048611205555
4314393025132914944,2072235820984829312,-1.9704265331367863,7.258123211473825,4.061056018991141,10.0,5.0,4.711527082572505,4.061056018991141
4310507179195737984,4314393025132914944,-4.121974879050933,-1.9704265331367863,4.060711995561864,10.0,2.0,4.251405459390969,4.060711995561864
4320461195449352064,1871915630021420672,-1.5660179682254343,9.334988515462278,4.05750548486236,7.0,5.0,4.205530221865479,4.05750548486236
2059995546465811968,1978690990909022336,7.495451905728237,13.41499047438571,4.053086096704886,7.0,7.0,4.053784240728777,4.053086096704886
4280510268611908480,2072235820984829312,-6.654270217860955,7.258123211473825,4.052968503410605,10.0,4.0,4.414194337235719,4.052968503410605
4280510268611908480,4310507179195737984,-6.654270217860955,-4.121974879050933,4.052624903714092,10.0,3.0,4.172409330950537,4.052624903714092
2025179884408158464,2062016551910446592,3.675491706021214,7.216691153427344,4.052111720676089,7.0,3.0,4.149356695936651,4.052111720676089
4160906424545920128,4280510268611908480,-10.492719760197533,-6.654270217860955,4.051632627120144,7.0,4.0,4.051632627120144,4.336471863290382
2021540814501736320,2165006259882192128,3.2978077202738225,11.812473605287641,4.051337264585643,7.0,7.0,4.232730255353174,4.051337264585643
4314164395446976128,1873298884367855872,-1.4064472565490531,8.701455980597105,4.049151640443357,7.0,5.0,4.360416445380783,4.049151640443357
4311113353708708864,2072235820984829312,-4.1909205037905375,7.258123211473825,4.048027267651106,7.0,4.0,4.048027267651106,4.618870303634663
1861245556872133504,2165006259882192128,5.627762113582395,11.812473605287641,4.0476553690282016,10.0,7.0,4.324929468490511,4.0476553690282016
4314164395446976128,2059995546465811968,-1.4064472565490531,7.495451905728237,4.046879175034285,7.0,5.0,4.428730281792167,4.046879175034285
4311113353708708864,4320461195449352064,-4.1909205037905375,-1.5660179682254343,4.045544908070535,7.0,3.0,4.045544908070535,4.618123742455224
4512885247948565376,2062016551910446592,-1.027293880191791,7.216691153427344,4.045436602708711,7.0,4.0,4.045436602708711,4.10783304330459
4513399883752121216,2162679246615275264,-0.2951798599172809,11.047321291401156,4.04487632689122,7.0,5.0,4.6160601894156645,4.04487632689122
2033842562903693184,1873298884367855872,5.873788935685492,8.701455980597105,4.043996566684606,7.0,7.0,4.2579264699097195,4.043996566684606
2033842562903693184,2059995546465811968,5.873788935685492,7.495451905728237,4.0417238382530725,7.0,5.0,4.325916844454469,4.0417238382530725
4311113353708708864,1871915630021420672,-4.1909205037905375,9.334988515462278,4.040784667783067,7.0,4.0,4.107552575663587,4.040784667783067
4311113353708708864,2195158098523149312,-4.1909205037905375,14.622208144751117,4.037072286992506,10.0,7.0,4.440570863124521,4.037072286992506
2165006259882192128,1979638838645769216,11.812473605287641,13.992623423361778,4.035643489039856,10.0,7.0,5.363993019015704,4.035643489039856
4280510268611908480,4320461195449352064,-6.654270217860955,-1.5660179682254343,4.035429490334511,7.0,4.0,4.035429490334511,4.604681628397928
4512885247948565376,2162679246615275264,-1.027293880191791,11.047321291401156,4.034861902918577,7.0,7.0,4.034861902918577,4.506188715310751
2022722274099045376,1978690990909022336,1.9749487268872292,13.41499047438571,4.03481933438222,10.0,7.0,4.662643514933458,4.03481933438222
2062016551910446592,2165006259882192128,7.216691153427344,11.812473605287641,4.03384727052873,10.0,5.0,4.197477073883108,4.03384727052873
4314393025132914944,2165006259882192128,-1.9704265331367863,11.812473605287641,4.033507485372839,10.0,7.0,4.514316449166664,4.033507485372839
4513281175196176512,1979638838645769216,-0.5553821435353719,13.992623423361778,4.033010889094961,7.0,5.0,4.1306357678846295,4.033010889094961
4505886787660255616,4314393025132914944,-3.1881593335627447,-1.9704265331367863,4.031350949857964,10.0,2.0,4.031350949857964,4.120703723962416
4311113353708708864,4505886787660255616,-4.1909205037905375,-3.1881593335627447,4.03069952996829,10.0,2.0,4.03069952996829,4.0787215211145345
4314393025132914944,1871915630021420672,-1.9704265331367863,9.334988515462278,4.030484418843342,7.0,5.0,4.030484418843342,4.107600523061596
4512885247948565376,1861245556872133504,-1.027293880191791,5.627762113582395,4.029166120552169,10.0,3.0,4.516225491758259,4.029166120552169
4505886718970731648,4314393025132914944,-3.2528085686505253,-1.9704265331367863,4.0289853269819,10.0,2.0,4.0289853269819,4.118501139534136
4505886787660255616,4512885247948565376,-3.1881593335627447,-1.027293880191791,4.02872966593017,10.0,2.0,4.02872966593017,4.181284515018951
4311113353708708864,4505886718970731648,-4.1909205037905375,-3.2528085686505253,4.028356964839452,10.0,2.0,4.028356964839452,4.076804977260279
4505886787660255616,2022722274099045376,-3.1881593335627447,1.9749487268872292,4.027074329759817,10.0,2.0,4.027074329759817,4.3052471887096955
2031745858613175040,2195158098523149312,4.414297908739168,14.622208144751117,4.0263732581174665,10.0,5.0,5.097325000970779,4.0263732581174665
2031745858613175040,1871915630021420672,4.414297908739168,9.334988515462278,4.02611380546631,7.0,4.0,4.41316283735395,4.02611380546631
4505886718970731648,4512885247948565376,-3.2528085686505253,-1.027293880191791,4.026105273821608,10.0,2.0,4.026105273821608,4.178102197726256
4314393025132914944,2031745858613175040,-1.9704265331367863,4.414297908739168,4.025856445186125,7.0,3.0,4.025856445186125,4.611081067861515
2162679246615275264,1978690990909022336,11.047321291401156,13.41499047438571,4.025492304749176,7.0,7.0,4.193692898091553,4.025492304749176
4280510268611908480,2165006259882192128,-6.654270217860955,11.812473605287641,4.025448619545635,10.0,5.0,4.172536621650681,4.025448619545635
4505886718970731648,2022722274099045376,-3.2528085686505253,1.9749487268872292,4.024420620869317,10.0,2.0,4.024420620869317,4.294612109664671
4505886787660255616,1871915630021420672,-3.1881593335627447,9.334988515462278,4.023214402514524,10.0,7.0,4.023214402514524,4.081164407680565
4513281175196176512,2022722274099045376,-0.5553821435353719,1.9749487268872292,4.02290345141015,7.0,2.0,4.055716398957772,4.02290345141015
4505886787660255616,4320461195449352064,-3.1881593335627447,-1.5660179682254343,4.022830699770479,10.0,2.0,4.022830699770479,4.057776122611551
4505886718970731648,1871915630021420672,-3.2528085686505253,9.334988515462278,4.021026580027359,10.0,7.0,4.021026580027359,4.03823329018802
4160906424545920128,1979638838645769216,-10.492719760197533,13.992623423361778,4.02066837862573,7.0,7.0,4.055826920005949,4.02066837862573
2059995546465811968,2195158098523149312,7.495451905728237,14.622208144751117,4.020586274266311,7.0,7.0,4.020586274266311,4.395330083169541
4505886718970731648,4320461195449352064,-3.2528085686505253,-1.5660179682254343,4.020119506851498,10.0,2.0,4.020119506851498,4.055911399471752
4512885247948565376,1979638838645769216,-1.027293880191791,13.992623423361778,4.020099507737088,10.0,7.0,4.595422813677716,4.020099507737088
4314164395446976128,2162679246615275264,-1.4064472565490531,11.047321291401156,4.019936589782065,7.0,5.0,4.568197745066426,4.019936589782065
4311113353708708864,4310507179195737984,-4.1909205037905375,-4.121974879050933,4.019540408926952,10.0,3.0,4.248249546193676,4.019540408926952
4505886787660255616,1861245556872133504,-3.1881593335627447,5.627762113582395,4.01891294106594,10.0,4.0,4.01891294106594,4.2165628378163715
4314393025132914944,4512885247948565376,-1.9704265331367863,-1.027293880191791,4.017967034801637,10.0,2.0,4.624759143811875,4.017967034801637
4311113353708708864,4512885247948565376,-4.1909205037905375,-1.027293880191791,4.017474383458748,7.0,3.0,4.017474383458748,4.584304520203
4505886718970731648,1861245556872133504,-3.2528085686505253,5.627762113582395,4.016785732282646,10.0,4.0,4.016785732282646,4.182668170446177
4320461195449352064,2195158098523149312,-1.5660179682254343,14.622208144751117,4.016130375712434,10.0,7.0,4.76587387516552,4.016130375712434
2033842562903693184,2162679246615275264,5.873788935685492,11.047321291401156,4.015334212565388,7.0,5.0,4.460669865919288,4.015334212565388
4160906424545920128,2022722274099045376,-10.492719760197533,1.9749487268872292,4.011224522737487,7.0,7.0,4.168969626445673,4.011224522737487
4513281175196176512,4513399883752121216,-0.5553821435353719,-0.2951798599172809,4.009970317225018,7.0,1.0,4.617775772200933,4.009970317225018
4280510268611908480,4512885247948565376,-6.654270217860955,-1.027293880191791,4.009920589382624,10.0,4.0,4.419864860082822,4.009920589382624
4310507179195737984,2031745858613175040,-4.121974879050933,4.414297908739168,4.008961869291831,10.0,3.0,4.25946971660819,4.008961869291831
4512885247948565376,4513281175196176512,-1.027293880191791,-0.5553821435353719,4.00836349561208,7.0,2.0,4.00836349561208,4.299711791329279
2031982665929461504,1873298884367855872,4.870920701590028,8.701455980597105,4.008177456614541,7.0,5.0,4.235728352398097,4.008177456614541
4280510268611908480,1871915630021420672,-6.654270217860955,9.334988515462278,4.0071680404805745,7.0,4.0,4.093235714097117,4.0071680404805745
2031982665929461504,2059995546465811968,4.870920701590028,7.495451905728237,4.005902662696964,7.0,5.0,4.303693447469122,4.005902662696964
4320461195449352064,2062016551910446592,-1.5660179682254343,7.216691153427344,4.005873086829784,7.0,4.0,4.077277087874845,4.005873086829784
4320165285017783168,1873298884367855872,-1.3180151471644346,8.701455980597105,4.005584063720519,7.0,5.0,4.397297482563485,4.005584063720519
4320165285017783168,2059995546465811968,-1.3180151471644346,7.495451905728237,4.003309105117668,7.0,5.0,4.4658700521931545,4.003309105117668
4505886787660255616,2062016551910446592,-3.1881593335627447,7.216691153427344,4.003192202014095,10.0,5.0,4.003192202014095,4.205033656022398
2025179884408158464,1979638838645769216,3.675491706021214,13.992623423361778,4.002474356727504,7.0,5.0,4.002474356727504,4.2612820380476775
4505886718970731648,2062016551910446592,-3.2528085686505253,7.216691153427344,4.001234323958139,10.0,5.0,4.001234323958139,4.170161889510095
2021540814501736320,2195158098523149312,3.2978077202738225,14.622208144751117,3.9999116867622404,7.0,7.0,3.9999116867622404,4.131011498024086
4280510268611908480,4505886787660255616,-6.654270217860955,-3.1881593335627447,3.9994218066440266,10.0,5.0,3.9994218066440266,4.112403657538282
4314393025132914944,2025179884408158464,-1.9704265331367863,3.675491706021214,3.999028405217909,7.0,3.0,3.999028405217909,4.630109140896723
4310507179195737984,4320461195449352064,-4.121974879050933,-1.5660179682254343,3.9987761673930176,10.0,2.0,4.281200007966733,3.9987761673930176
4160906424545920128,4513399883752121216,-10.492719760197533,-0.2951798599172809,3.9976269594873837,7.0,5.0,4.538598384738609,3.9976269594873837
4280510268611908480,4505886718970731648,-6.654270217860955,-3.2528085686505253,3.997497835304833,10.0,5.0,3.997497835304833,4.110279118294347
1978690990909022336,2195158098523149312,13.41499047438571,14.622208144751117,3.9950247341506167,10.0,7.0,5.372382456304312,3.9950247341506167
4311113353708708864,2165006259882192128,-4.1909205037905375,11.812473605287641,3.99244875434949,10.0,7.0,4.495401280883211,3.99244875434949
4314393025132914944,4320461195449352064,-1.9704265331367863,-1.5660179682254343,3.9900302740849587,7.0,1.0,3.9900302740849587,4.6233678487448735
4311113353708708864,2062016551910446592,-4.1909205037905375,7.216691153427344,3.9888140392759004,7.0,3.0,4.0189265485051315,3.9888140392759004
4513281175196176512,1978690990909022336,-0.5553821435353719,13.41499047438571,3.9884423407908676,7.0,5.0,4.195860248398231,3.9884423407908676
2021540814501736320,1873298884367855872,3.2978077202738225,8.701455980597105,3.988219989259349,7.0,5.0,4.297202164063587,3.988219989259349
2059995546465811968,1979638838645769216,7.495451905728237,13.992623423361778,3.986031832073765,7.0,7.0,3.986031832073765,4.097625431975303
2021540814501736320,2059995546465811968,3.2978077202738225,7.495451905728237,3.985943879534993,7.0,5.0,4.365269676785002,3.985943879534993
4505886787660255616,2162679246615275264,-3.1881593335627447,11.047321291401156,3.985839583056578,10.0,7.0,3.985839583056578,4.21458143126766
4280510268611908480,4311113353708708864,-6.654270217860955,-4.1909205037905375,3.9855992502269406,7.0,3.0,3.9855992502269406,4.601315284623875
1873298884367855872,1978690990909022336,8.701455980597105,13.41499047438571,3.985570226709422,7.0,7.0,3.985570226709422,4.055358257693337
2022722274099045376,2004103831357741696,1.9749487268872292,13.865547560825528,3.9846221916141373,10.0,7.0,4.450915688219816,3.9846221916141373
2025179884408158464,1861245556872133504,3.675491706021214,5.627762113582395,3.9841551935864556,10.0,3.0,4.538169729294343,3.9841551935864556
2031982665929461504,2162679246615275264,4.870920701590028,11.047321291401156,3.9836395718773487,7.0,5.0,4.438170177772507,3.9836395718773487
4505886718970731648,2162679246615275264,-3.2528085686505253,11.047321291401156,3.9828899787039527,10.0,7.0,3.9828899787039527,4.180514816308044
4314164395446976128,4513281175196176512,-1.4064472565490531,-0.5553821435353719,3.982230358001931,7.0,2.0,4.570756694278237,3.982230358001931
4320165285017783168,2162679246615275264,-1.3180151471644346,11.047321291401156,3.981363020542729,7.0,5.0,4.609539576088297,3.981363020542729
4160906424545920128,4505886787660255616,-10.492719760197533,-3.1881593335627447,3.977739181638593,10.0,7.0,4.0276957463734435,3.977739181638593
2072235820984829312,2004103831357741696,7.258123211473825,13.865547560825528,3.9773938930538897,7.0,7.0,3.9773938930538897,4.1447428491876
4513281175196176512,2033842562903693184,-0.5553821435353719,5.873788935685492,3.9770706497713615,7.0,4.0,4.463950160538362,3.9770706497713615
4160906424545920128,1978690990909022336,-10.492719760197533,13.41499047438571,3.976098000720346,7.0,7.0,4.116976270290764,3.976098000720346
4160906424545920128,4505886718970731648,-10.492719760197533,-3.2528085686505253,3.9756393195690074,10.0,7.0,4.025052382788104,3.9756393195690074
2031745858613175040,2062016551910446592,4.414297908739168,7.216691153427344,3.9739022476507184,7.0,4.0,4.16086677268962,3.9739022476507184
4311113353708708864,2162679246615275264,-4.1909205037905375,11.047321291401156,3.9732998650997016,7.0,5.0,3.9732998650997016,4.454512527702541
4160906424545920128,4314393025132914944,-10.492719760197533,-1.9704265331367863,3.9722858610479443,7.0,5.0,3.9722858610479443,4.334288329905878
4320461195449352064,2165006259882192128,-1.5660179682254343,11.812473605287641,3.971715661808642,10.0,7.0,4.8183806278374375,3.971715661808642
4160906424545920128,4314164395446976128,-10.492719760197533,-1.4064472565490531,3.9698857039389606,7.0,5.0,4.486703793797479,3.9698857039389606
4314393025132914944,2062016551910446592,-1.9704265331367863,7.216691153427344,3.9689829836553825,7.0,4.0,3.9689829836553825,4.057537946170289
1861245556872133504,1979638838645769216,5.627762113582395,13.992623423361778,3.9680281218152986,10.0,7.0,4.182348683609514,3.9680281218152986
2022722274099045376,1873298884367855872,1.9749487268872292,8.701455980597105,3.967106686840213,10.0,7.0,4.665736497147847,3.967106686840213
4310507179195737984,2165006259882192128,-4.121974879050933,11.812473605287641,3.966310235642128,10.0,7.0,3.966310235642128,4.134606034982413
2021540814501736320,2162679246615275264,3.2978077202738225,11.047321291401156,3.9661793859108614,7.0,5.0,4.501040089258126,3.9661793859108614
4314393025132914944,1861245556872133504,-1.9704265331367863,5.627762113582395,3.9657762276129946,10.0,3.0,4.453406241118265,3.9657762276129946
4505886787660255616,2031745858613175040,-3.1881593335627447,4.414297908739168,3.964818300528707,10.0,3.0,3.964818300528707,4.068033784257503
4160906424545920128,2033842562903693184,-10.492719760197533,5.873788935685492,3.9647257252943517,7.0,5.0,4.376257984781475,3.9647257252943517
4314393025132914944,2162679246615275264,-1.9704265331367863,11.047321291401156,3.963372029842351,10.0,7.0,4.703033844022438,3.963372029842351
4314393025132914944,1979638838645769216,-1.9704265331367863,13.992623423361778,3.96285709206226,10.0,7.0,4.370840357140894,3.96285709206226
4505886718970731648,2031745858613175040,-3.2528085686505253,4.414297908739168,3.9617965262966806,10.0,3.0,3.9617965262966806,4.066150493962409
2033842562903693184,2195158098523149312,5.873788935685492,14.622208144751117,3.960474772656821,7.0,7.0,3.960474772656821,4.186112102795431
4310507179195737984,4505886787660255616,-4.121974879050933,-3.1881593335627447,3.9593754624048523,10.0,2.0,3.9593754624048523,4.228881537391965
4310507179195737984,4505886718970731648,-4.121974879050933,-3.2528085686505253,3.957740537732452,10.0,2.0,3.957740537732452,4.224206182679748
2162679246615275264,2004103831357741696,11.047321291401156,13.865547560825528,3.9577323938247404,7.0,7.0,4.014602662692015,3.9577323938247404
4280510268611908480,1861245556872133504,-6.654270217860955,5.627762113582395,3.9573327154304,10.0,3.0,4.317379330903805,3.9573327154304
4280510268611908480,2162679246615275264,-6.654270217860955,11.047321291401156,3.9549291368915926,10.0,5.0,4.443009126144308,3.9549291368915926
4280510268611908480,1979638838645769216,-6.654270217860955,13.992623423361778,3.954840255102991,10.0,7.0,4.031720070573777,3.954840255102991
4280510268611908480,2062016551910446592,-6.654270217860955,7.216691153427344,3.9547115585877055,7.0,4.0,4.009887033156529,3.9547115585877055
2062016551910446592,1979638838645769216,7.216691153427344,13.992623423361778,3.954108839274306,10.0,5.0,4.056313001334728,3.954108839274306
4280510268611908480,4314393025132914944,-6.654270217860955,-1.9704265331367863,3.952717198292546,10.0,4.0,4.373310409096322,3.952717198292546
1873298884367855872,2195158098523149312,8.701455980597105,14.622208144751117,3.9522936518669853,7.0,7.0,3.9522936518669853,4.397632914618497
2165006259882192128,1978690990909022336,11.812473605287641,13.41499047438571,3.950576606448198,10.0,7.0,5.396497769174132,3.950576606448198
4320461195449352064,4513399883752121216,-1.5660179682254343,-0.2951798599172809,3.949942588609926,7.0,1.0,3.949942588609926,4.246853682574464
4311113353708708864,4314393025132914944,-4.1909205037905375,-1.9704265331367863,3.9484348649945216,7.0,3.0,3.9484348649945216,4.617444981598534
4311113353708708864,4513281175196176512,-4.1909205037905375,-0.5553821435353719,3.9461661154889818,7.0,2.0,3.9461661154889818,4.356530122504526
2195158098523149312,2004103831357741696,14.622208144751117,13.865547560825528,3.945596162044144,10.0,7.0,5.168155861440523,3.945596162044144
2031745858613175040,1978690990909022336,4.414297908739168,13.41499047438571,3.9439800348444485,7.0,5.0,3.9439800348444485,4.2216738159666525
4320165285017783168,4320461195449352064,-1.3180151471644346,-1.5660179682254343,3.941749871854649,7.0,2.0,3.941749871854649,4.177344523032859
4513281175196176512,2031982665929461504,-0.5553821435353719,4.870920701590028,3.9412152060204133,7.0,4.0,4.441478281487618,3.9412152060204133
4320165285017783168,4513281175196176512,-1.3180151471644346,-0.5553821435353719,3.938618921505523,7.0,2.0,4.611401403478777,3.938618921505523
2031982665929461504,2195158098523149312,4.870920701590028,14.622208144751117,3.938225075377772,7.0,7.0,3.938225075377772,4.15070680302452
4512885247948565376,1978690990909022336,-1.027293880191791,13.41499047438571,3.9351080544735675,10.0,7.0,4.635460222352301,3.9351080544735675
4160906424545920128,2031982665929461504,-10.492719760197533,4.870920701590028,3.928868188613412,7.0,5.0,4.353785274255902,3.928868188613412
4310507179195737984,1871915630021420672,-4.121974879050933,9.334988515462278,3.9276275703295744,10.0,5.0,4.224098744632872,3.9276275703295744
4160906424545920128,4320165285017783168,-10.492719760197533,-1.3180151471644346,3.926271739681416,7.0,5.0,4.531363040018937,3.926271739681416
4280510268611908480,4513281175196176512,-6.654270217860955,-0.5553821435353719,3.925995268348535,7.0,3.0,3.925995268348535,4.3488440882790105
4311113353708708864,1861245556872133504,-4.1909205037905375,5.627762113582395,3.9235308866860956,10.0,3.0,4.44710311049732,3.9235308866860956
4311113353708708864,1979638838645769216,-4.1909205037905375,13.992623423361778,3.921968016878562,10.0,7.0,4.351944284353155,3.921968016878562
4513281175196176512,2021540814501736320,-0.5553821435353719,3.2978077202738225,3.9212346598377854,7.0,3.0,4.504180495553209,3.9212346598377854
4513399883752121216,1979638838645769216,-0.2951798599172809,13.992623423361778,3.9211087939857787,7.0,7.0,4.072684031454573,3.9211087939857787
4160906424545920128,4310507179195737984,-10.492719760197533,-4.121974879050933,3.9183636390643692,10.0,7.0,4.278414594485551,3.9183636390643692
1873298884367855872,1979638838645769216,8.701455980597105,13.992623423361778,3.917650641751094,7.0,7.0,3.917650641751094,4.099895836354369
4505886787660255616,2072235820984829312,-3.1881593335627447,7.258123211473825,3.917449824855766,10.0,7.0,3.917449824855766,4.229277824889782
2022722274099045376,2059995546465811968,1.9749487268872292,7.495451905728237,3.9156710242274015,10.0,5.0,4.686113033251984,3.9156710242274015
4505886718970731648,2072235820984829312,-3.2528085686505253,7.258123211473825,3.9143249387370234,10.0,7.0,3.9143249387370234,4.224586137739378
4513399883752121216,2022722274099045376,-0.2951798599172809,1.9749487268872292,3.913958065460279,7.0,1.0,3.913958065460279,3.921343143590577
2031745858613175040,1861245556872133504,4.414297908739168,5.627762113582395,3.912943835887695,10.0,3.0,4.563436581975879,3.912943835887695
4513281175196176512,1871915630021420672,-0.5553821435353719,9.334988515462278,3.912734980500714,5.0,4.0,3.912734980500714,4.375682007156854
4310507179195737984,2195158098523149312,-4.121974879050933,14.622208144751117,3.912319827918704,10.0,7.0,3.912319827918704,4.191836805961708
4513281175196176512,2004103831357741696,-0.5553821435353719,13.865547560825528,3.911513386910522,7.0,5.0,4.014956615840532,3.911513386910522
2031745858613175040,1979638838645769216,4.414297908739168,13.992623423361778,3.9114347176465403,10.0,5.0,5.012187257078548,3.9114347176465403
4160906424545920128,2021540814501736320,-10.492719760197533,3.2978077202738225,3.908886339386724,7.0,5.0,4.4170438753138335,3.908886339386724
4320461195449352064,1861245556872133504,-1.5660179682254343,5.627762113582395,3.902839084368842,10.0,3.0,4.533245547821522,3.902839084368842
4320461195449352064,1979638838645769216,-1.5660179682254343,13.992623423361778,3.9012833571441834,10.0,7.0,4.677099758195659,3.9012833571441834
2165006259882192128,2004103831357741696,11.812473605287641,13.865547560825528,3.900230854514655,10.0,7.0,5.190477699252522,3.900230854514655
4160906424545920128,2004103831357741696,-10.492719760197533,13.865547560825528,3.899164403862941,7.0,7.0,3.948470101079253,3.899164403862941
2025179884408158464,2004103831357741696,3.675491706021214,13.865547560825528,3.8983367827649857,7.0,5.0,3.8983367827649857,4.14434121459968
4505886787660255616,2025179884408158464,-3.1881593335627447,3.675491706021214,3.8950086708616873,10.0,2.0,3.8950086708616873,4.1385977134969645
4046851570796262656,2022722274099045376,-18.40876332224839,1.9749487268872292,3.894944839074402,10.0,7.0,4.709552703332805,3.894944839074402
4314164395446976128,4320461195449352064,-1.4064472565490531,-1.5660179682254343,3.893735086985557,7.0,2.0,3.893735086985557,4.219743091060425
4314164395446976128,1979638838645769216,-1.4064472565490531,13.992623423361778,3.8933736090860838,7.0,7.0,4.029234283133304,3.8933736090860838
1871915630021420672,2165006259882192128,9.334988515462278,11.812473605287641,3.891999142148188,10.0,5.0,4.371866084337055,3.891999142148188
4505886718970731648,2025179884408158464,-3.2528085686505253,3.675491706021214,3.8918524106187005,10.0,2.0,3.8918524106187005,4.1361857795582475
2025217890612425344,1871915630021420672,2.631692265250517,9.334988515462278,3.888268890571353,10.0,7.0,3.888268890571353,4.093551107162058
2033842562903693184,1979638838645769216,5.873788935685492,13.992623423361778,3.8882149345832175,7.0,7.0,3.92583791182599,3.8882149345832175
2025217890612425344,1861245556872133504,2.631692265250517,5.627762113582395,3.887384731370684,10.0,5.0,3.887384731370684,4.152918486396148
4512885247948565376,2004103831357741696,-1.027293880191791,13.865547560825528,3.8847590631560993,10.0,7.0,4.424397883860727,3.8847590631560993
1861245556872133504,1978690990909022336,5.627762113582395,13.41499047438571,3.882107085314026,10.0,7.0,4.221135375719596,3.882107085314026
2025217890612425344,2062016551910446592,2.631692265250517,7.216691153427344,3.881265963469917,10.0,7.0,3.881265963469917,4.149122508474357
1978690990909022336,1979638838645769216,13.41499047438571,13.992623423361778,3.88017214597414,10.0,7.0,5.309191393574163,3.88017214597414
4314393025132914944,1978690990909022336,-1.9704265331367863,13.41499047438571,3.87805299073751,10.0,7.0,4.410406746313373,3.87805299073751
4513399883752121216,1978690990909022336,-0.2951798599172809,13.41499047438571,3.8765549219991793,7.0,7.0,4.1398280165106,3.8765549219991793
4314164395446976128,4513399883752121216,-1.4064472565490531,-0.2951798599172809,3.8703455490085177,7.0,2.0,4.515022572316695,3.8703455490085177
4280510268611908480,1978690990909022336,-6.654270217860955,13.41499047438571,3.8700535191805514,10.0,7.0,4.0696641456313865,3.8700535191805514
4512885247948565376,2025217890612425344,-1.027293880191791,2.631692265250517,3.869522893961555,10.0,2.0,3.869522893961555,3.9195256612688736
4310507179195737984,1873298884367855872,-4.121974879050933,8.701455980597105,3.868593848566797,10.0,7.0,3.868593848566797,3.909645206566668
2062016551910446592,1978690990909022336,7.216691153427344,13.41499047438571,3.868325346515538,10.0,5.0,4.094407068374336,3.868325346515538
4512885247948565376,1873298884367855872,-1.027293880191791,8.701455980597105,3.867093224867306,10.0,7.0,4.63855459253908,3.867093224867306
2022722274099045376,2025217890612425344,1.9749487268872292,2.631692265250517,3.866264143506413,10.0,2.0,3.866264143506413,4.08234683828483
4310507179195737984,1978690990909022336,-4.121974879050933,13.41499047438571,3.86571701821959,10.0,7.0,3.86571701821959,3.977620240498988
4512885247948565376,4513399883752121216,-1.027293880191791,-0.2951798599172809,3.86567785158481,7.0,3.0,3.86567785158481,4.191043996896935
4513399883752121216,2033842562903693184,-0.2951798599172809,5.873788935685492,3.865188110920901,7.0,4.0,4.411104164339085,3.865188110920901
2059995546465811968,2004103831357741696,7.495451905728237,13.865547560825528,3.865008162680637,7.0,7.0,3.865008162680637,3.9762338117339713
4505886718970731648,4505886787660255616,-3.2528085686505253,-3.1881593335627447,3.862763894881965,10.0,2.0,3.862763894881965,4.30500604523424
4320165285017783168,2022722274099045376,-1.3180151471644346,1.9749487268872292,3.8604657908092834,7.0,5.0,3.9057725248759665,3.8604657908092834
4046851570796262656,2195158098523149312,-18.40876332224839,14.622208144751117,3.8587175059814705,10.0,7.0,5.403843349710884,3.8587175059814705
4314164395446976128,2022722274099045376,-1.4064472565490531,1.9749487268872292,3.857882429758026,7.0,5.0,3.857882429758026,3.897388322369914
4310507179195737984,2059995546465811968,-4.121974879050933,7.495451905728237,3.8576515166824317,10.0,7.0,3.887771164794506,3.8576515166824317
4320165285017783168,4512885247948565376,-1.3180151471644346,-1.027293880191791,3.8575093546843826,7.0,4.0,3.8575093546843826,4.1240455533190925
4314393025132914944,2025217890612425344,-1.9704265331367863,2.631692265250517,3.8559825910817436,10.0,7.0,3.88644573102113,3.8559825910817436
4310507179195737984,2025217890612425344,-4.121974879050933,2.631692265250517,3.855975964450716,10.0,7.0,3.855975964450716,3.973697809105904
2031982665929461504,1979638838645769216,4.870920701590028,13.992623423361778,3.8523679646770863,7.0,7.0,3.9035737866027023,3.8523679646770863
4320165285017783168,1979638838645769216,-1.3180151471644346,13.992623423361778,3.849772383117252,7.0,7.0,4.066914090725808,3.849772383117252
4314164395446976128,1978690990909022336,-1.4064472565490531,13.41499047438571,3.8488324257548245,7.0,7.0,4.096767171316935,3.8488324257548245
4046851570796262656,2072235820984829312,-18.40876332224839,7.258123211473825,3.848625773948973,7.0,7.0,3.9200581141317334,3.848625773948973
4280510268611908480,2025217890612425344,-6.654270217860955,2.631692265250517,3.8476008809653783,10.0,7.0,3.8794277504748744,3.8476008809653783
4320461195449352064,2059995546465811968,-1.5660179682254343,7.495451905728237,3.8460424521199963,7.0,5.0,3.8460424521199963,4.423258422833065
4046851570796262656,2025179884408158464,-18.40876332224839,3.675491706021214,3.844115646891812,7.0,5.0,3.844115646891812,3.848395096515437
2033842562903693184,1978690990909022336,5.873788935685492,13.41499047438571,3.8436764424374754,7.0,7.0,3.9937458533507204,3.8436764424374754
4314393025132914944,4513281175196176512,-1.9704265331367863,-0.5553821435353719,3.8399483170912356,7.0,2.0,3.8399483170912356,4.346632219792802
4314164395446976128,2033842562903693184,-1.4064472565490531,5.873788935685492,3.8374697622678258,7.0,4.0,4.3685994894726585,3.8374697622678258
4311113353708708864,1978690990909022336,-4.1909205037905375,13.41499047438571,3.8372347548345673,10.0,7.0,4.391447332215701,3.8372347548345673
4513399883752121216,1871915630021420672,-0.2951798599172809,9.334988515462278,3.8369978336257256,5.0,4.0,3.8369978336257256,4.275752601557764
4046851570796262656,4310507179195737984,-18.40876332224839,-4.121974879050933,3.8366285513198264,10.0,10.0,3.910364603874492,3.8366285513198264
1861245556872133504,2004103831357741696,5.627762113582395,13.865547560825528,3.833968415542068,10.0,7.0,4.023462713482462,3.833968415542068
2021540814501736320,1979638838645769216,3.2978077202738225,13.992623423361778,3.8323931488413177,7.0,7.0,3.9653204970948126,3.8323931488413177
1979638838645769216,2004103831357741696,13.992623423361778,13.865547560825528,3.829818829169387,10.0,7.0,5.106989696734338,3.829818829169387
4513399883752121216,2031982665929461504,-0.2951798599172809,4.870920701590028,3.8293509825052445,7.0,4.0,4.388799941361202,3.8293509825052445
4310507179195737984,1979638838645769216,-4.121974879050933,13.992623423361778,3.829179693278807,10.0,7.0,3.829179693278807,4.06285603488286
4314393025132914944,2004103831357741696,-1.9704265331367863,13.865547560825528,3.8276996211482817,10.0,7.0,4.205913509736003,3.8276996211482817
4320165285017783168,4513399883752121216,-1.3180151471644346,-0.2951798599172809,3.826756195597577,7.0,2.0,4.553083450219986,3.826756195597577
4160906424545920128,1861245556872133504,-10.492719760197533,5.627762113582395,3.8255869738974377,10.0,7.0,4.520153518431214,3.8255869738974377
4320461195449352064,2021540814501736320,-1.5660179682254343,3.2978077202738225,3.824956646489085,7.0,4.0,3.824956646489085,4.160511332389886
4320165285017783168,1871915630021420672,-1.3180151471644346,9.334988515462278,3.8240941523371204,5.0,4.0,3.8240941523371204,4.193621571216997
2062016551910446592,2004103831357741696,7.216691153427344,13.865547560825528,3.820346699436004,10.0,5.0,3.9018790601656637,3.820346699436004
4280510268611908480,2004103831357741696,-6.654270217860955,13.865547560825528,3.819699988427988,10.0,7.0,3.8781905983384486,3.819699988427988
1861245556872133504,1873298884367855872,5.627762113582395,8.701455980597105,3.8174355181372612,10.0,5.0,4.224167486376413,3.8174355181372612
4320461195449352064,1978690990909022336,-1.5660179682254343,13.41499047438571,3.816570940475998,10.0,7.0,4.717166354526136,3.816570940475998
4512885247948565376,2059995546465811968,-1.027293880191791,7.495451905728237,3.8149711544746836,10.0,5.0,4.658951709273336,3.8149711544746836
4311113353708708864,2025217890612425344,-4.1909205037905375,2.631692265250517,3.814206690284132,10.0,7.0,3.8870802618197016,3.814206690284132
4160906424545920128,2062016551910446592,-10.492719760197533,7.216691153427344,3.811998126087943,10.0,5.0,4.439035999117637,3.811998126087943
1871915630021420672,1979638838645769216,9.334988515462278,13.992623423361778,3.811957485500496,10.0,7.0,4.2289224804552354,3.811957485500496
4314393025132914944,1873298884367855872,-1.9704265331367863,8.701455980597105,3.8100170160156273,10.0,7.0,4.413485327633244,3.8100170160156273
4314164395446976128,4512885247948565376,-1.4064472565490531,-1.027293880191791,3.809824025934724,7.0,4.0,3.809824025934724,4.164826462602504
4046851570796262656,2165006259882192128,-18.40876332224839,11.812473605287641,3.809414952618668,10.0,7.0,5.429065430499104,3.809414952618668
4513399883752121216,2021540814501736320,-0.2951798599172809,3.2978077202738225,3.8093825567821877,7.0,3.0,4.450713253649413,3.8093825567821877
2025217890612425344,2162679246615275264,2.631692265250517,11.047321291401156,3.809112678573551,10.0,7.0,3.809112678573551,4.152290610055393
2031982665929461504,1978690990909022336,4.870920701590028,13.41499047438571,3.8078508687209345,7.0,7.0,3.9715090816296783,3.8078508687209345
4320165285017783168,1978690990909022336,-1.3180151471644346,13.41499047438571,3.8052570130118135,7.0,7.0,4.134124715035931,3.8052570130118135
2062016551910446592,1873298884367855872,7.216691153427344,8.701455980597105,3.8038799513621164,10.0,5.0,4.097393296204443,3.8038799513621164
4311113353708708864,4513399883752121216,-4.1909205037905375,-0.2951798599172809,3.802583737034475,7.0,2.0,3.802583737034475,4.24551100218654
4513281175196176512,2062016551910446592,-0.5553821435353719,7.216691153427344,3.802532929967622,5.0,3.0,3.9305159756734933,3.802532929967622
4280510268611908480,1873298884367855872,-6.654270217860955,8.701455980597105,3.8020159426031666,10.0,5.0,4.072640136254017,3.8020159426031666
4314164395446976128,2031982665929461504,-1.4064472565490531,4.870920701590028,3.8016479222851842,7.0,4.0,4.346345169169538,3.8016479222851842
4513399883752121216,2004103831357741696,-0.2951798599172809,13.865547560825528,3.799667676374491,7.0,7.0,3.952956013258989,3.799667676374491
4314164395446976128,4320165285017783168,-1.4064472565490531,-1.3180151471644346,3.7990543672083676,7.0,2.0,4.509300604260947,3.7990543672083676
2031982665929461504,2033842562903693184,4.870920701590028,5.873788935685492,3.7964960496753477,7.0,5.0,4.243886535839681,3.7964960496753477
1873298884367855872,2004103831357741696,8.701455980597105,13.865547560825528,3.7962764885979134,7.0,7.0,3.7962764885979134,3.978510600319598
4311113353708708864,4320165285017783168,-4.1909205037905375,-1.3180151471644346,3.7944496156916885,7.0,3.0,3.7944496156916885,4.17576538619099
4320165285017783168,2033842562903693184,-1.3180151471644346,5.873788935685492,3.793902754790513,7.0,4.0,4.405498396199063,3.793902754790513
4320461195449352064,2025217890612425344,-1.5660179682254343,2.631692265250517,3.7938790008207395,10.0,7.0,3.858888149206678,3.7938790008207395
4046851570796262656,4512885247948565376,-18.40876332224839,-1.027293880191791,3.793876778625262,10.0,7.0,4.682442074922047,3.793876778625262
2022722274099045376,2021540814501736320,1.9749487268872292,3.2978077202738225,3.7894874084174863,7.0,5.0,3.7894874084174863,3.8459712508538573
2031745858613175040,2004103831357741696,4.414297908739168,13.865547560825528,3.789227243877753,7.0,5.0,3.789227243877753,4.146479705071807
4505886787660255616,2025217890612425344,-3.1881593335627447,2.631692265250517,3.7882159534514805,10.0,5.0,3.7882159534514805,4.122501185714507
2021540814501736320,1978690990909022336,3.2978077202738225,13.41499047438571,3.7878899240971844,7.0,7.0,4.033142193031331,3.7878899240971844
4505886718970731648,2025217890612425344,-3.2528085686505253,2.631692265250517,3.787338769969776,10.0,7.0,3.787338769969776,4.0818743982355254
4320461195449352064,2033842562903693184,-1.5660179682254343,5.873788935685492,3.7870300376400525,7.0,5.0,3.7870300376400525,4.214713273233134
4311113353708708864,2004103831357741696,-4.1909205037905375,13.865547560825528,3.7868809717765375,10.0,7.0,4.187587338961965,3.7868809717765375
1871915630021420672,1873298884367855872,9.334988515462278,8.701455980597105,3.7850016193797362,7.0,5.0,4.081311227427064,3.7850016193797362
2025217890612425344,2031745858613175040,2.631692265250517,4.414297908739168,3.7843163793788466,10.0,7.0,3.7843163793788466,3.803795790025203
2059995546465811968,1871915630021420672,7.495451905728237,9.334988515462278,3.7827678444272905,7.0,5.0,4.151300213084682,3.7827678444272905
4280510268611908480,4513399883752121216,-6.654270217860955,-0.2951798599172809,3.7821960099440246,7.0,3.0,3.7821960099440246,4.237563254436391
4314164395446976128,2021540814501736320,-1.4064472565490531,3.2978077202738225,3.781689391855043,7.0,3.0,4.408048572018796,3.781689391855043
4314164395446976128,1871915630021420672,-1.4064472565490531,9.334988515462278,3.7814507498836467,5.0,4.0,3.7814507498836467,4.238552914536222
2072235820984829312,2169133616066947584,7.258123211473825,12.897120727574887,3.781002169878317,7.0,7.0,3.943234995495443,3.781002169878317
2025179884408158464,2169133616066947584,3.675491706021214,12.897120727574887,3.780818941833513,7.0,5.0,3.866014181309776,3.780818941833513
4320461195449352064,1873298884367855872,-1.5660179682254343,8.701455980597105,3.779473718782178,7.0,7.0,3.779473718782178,4.425591196036839
2021540814501736320,2033842562903693184,3.2978077202738225,5.873788935685492,3.7765396083611886,7.0,5.0,4.30536775522513,3.7765396083611886
4280510268611908480,4320165285017783168,-6.654270217860955,-1.3180151471644346,3.7740757898432675,7.0,4.0,3.7740757898432675,4.167423712300442
4314164395446976128,2004103831357741696,-1.4064472565490531,13.865547560825528,3.771979664454638,7.0,7.0,3.908677480440302,3.771979664454638
1861245556872133504,2059995546465811968,5.627762113582395,7.495451905728237,3.769545706273758,10.0,5.0,4.244293005734991,3.769545706273758
4311113353708708864,1873298884367855872,-4.1909205037905375,8.701455980597105,3.7691925960927772,10.0,5.0,4.394522536041686,3.7691925960927772
2033842562903693184,2004103831357741696,5.873788935685492,13.865547560825528,3.766830967999963,7.0,7.0,3.804487599339083,3.766830967999963
4320461195449352064,2031982665929461504,-1.5660179682254343,4.870920701590028,3.766693685859335,7.0,5.0,3.766693685859335,4.179861639060218
4320461195449352064,2004103831357741696,-1.5660179682254343,13.865547560825528,3.766217157134629,10.0,7.0,4.5041952178780225,3.766217157134629
2031745858613175040,2169133616066947584,4.414297908739168,12.897120727574887,3.7588656847255204,7.0,5.0,3.7588656847255204,3.7711381707495115
4320165285017783168,2031982665929461504,-1.3180151471644346,4.870920701590028,3.758111810269651,7.0,4.0,4.383202306643671,3.758111810269651
4314393025132914944,2059995546465811968,-1.9704265331367863,7.495451905728237,3.757807361255635,10.0,7.0,4.433861429682659,3.757807361255635
2059995546465811968,2062016551910446592,7.495451905728237,7.216691153427344,3.7562099813935674,10.0,4.0,4.117247359253272,3.7562099813935674
2022722274099045376,2033842562903693184,1.9749487268872292,5.873788935685492,3.751855945573645,7.0,5.0,3.751855945573645,3.8929750421909066
4046851570796262656,1861245556872133504,-18.40876332224839,5.627762113582395,3.7504944148030073,10.0,7.0,4.267799174510585,3.7504944148030073
4280510268611908480,2059995546465811968,-6.654270217860955,7.495451905728237,3.749798579565972,10.0,4.0,4.0924322167544345,3.749798579565972
4046851570796262656,2162679246615275264,-18.40876332224839,11.047321291401156,3.7482073965063205,10.0,7.0,5.01085492244553,3.7482073965063205
4311113353708708864,4314164395446976128,-4.1909205037905375,-1.4064472565490531,3.7470930312774553,7.0,3.0,3.7470930312774553,4.218318095755051
1978690990909022336,2004103831357741696,13.41499047438571,13.865547560825528,3.7451184767021255,10.0,7.0,5.1375459684151386,3.7451184767021255
4512885247948565376,2021540814501736320,-1.027293880191791,3.2978077202738225,3.741981843449824,7.0,5.0,3.741981843449824,4.107921984908991
2021540814501736320,2031982665929461504,3.2978077202738225,4.870920701590028,3.740763125973839,7.0,5.0,4.283154599000867,3.740763125973839
4046851570796262656,1979638838645769216,-18.40876332224839,13.992623423361778,3.738786455414134,10.0,7.0,5.339456869879489,3.738786455414134
4046851570796262656,2031745858613175040,-18.40876332224839,4.414297908739168,3.7383266353865245,7.0,7.0,3.7383266353865245,3.841299965649867
4320165285017783168,2021540814501736320,-1.3180151471644346,3.2978077202738225,3.738173216310557,7.0,3.0,4.4450809630840045,3.738173216310557
4046851570796262656,2062016551910446592,-18.40876332224839,7.216691153427344,3.737256771915431,10.0,7.0,4.1405145258901355,3.737256771915431
4046851570796262656,4314393025132914944,-18.40876332224839,-1.9704265331367863,3.7366633926876442,10.0,7.0,4.457524028423772,3.7366633926876442
2025217890612425344,2072235820984829312,2.631692265250517,7.258123211473825,3.731704147222161,10.0,7.0,3.731704147222161,3.9741721094170805
2022722274099045376,2031982665929461504,1.9749487268872292,4.870920701590028,3.7316988088569523,7.0,5.0,3.7316988088569523,3.862640861959563
2031982665929461504,2004103831357741696,4.870920701590028,13.865547560825528,3.731063074822192,7.0,7.0,3.782167993171434,3.731063074822192
4046851570796262656,4280510268611908480,-18.40876332224839,-6.654270217860955,3.7286502125340615,10.0,7.0,4.115641075594104,3.7286502125340615
4320165285017783168,2004103831357741696,-1.3180151471644346,13.865547560825528,3.7284738544049927,7.0,7.0,3.947044128818066,3.7284738544049927
1871915630021420672,1978690990909022336,9.334988515462278,13.41499047438571,3.727990381942489,10.0,5.0,4.267931507883496,3.727990381942489
4280510268611908480,4314164395446976128,-6.654270217860955,-1.4064472565490531,3.726839544874019,7.0,4.0,3.726839544874019,4.210234106407446
4160906424545920128,2025217890612425344,-10.492719760197533,2.631692265250517,3.718624062050033,10.0,7.0,3.867450933219328,3.718624062050033
4311113353708708864,2059995546465811968,-4.1909205037905375,7.495451905728237,3.7169518857856776,10.0,5.0,4.414882502644147,3.7169518857856776
4160906424545920128,1871915630021420672,-10.492719760197533,9.334988515462278,3.7118175308003396,7.0,5.0,4.449941092425792,3.7118175308003396
2021540814501736320,2004103831357741696,3.2978077202738225,13.865547560825528,3.7111393207243872,7.0,7.0,3.8441503505109194,3.7111393207243872
2025217890612425344,2025179884408158464,2.631692265250517,3.675491706021214,3.7077327877410555,10.0,7.0,3.7077327877410555,3.874288268103555
4512885247948565376,2033842562903693184,-1.027293880191791,5.873788935685492,3.704761110899006,7.0,5.0,3.704761110899006,4.159975013457692
4046851570796262656,4311113353708708864,-18.40876332224839,-4.1909205037905375,3.6957901738293204,10.0,7.0,4.438541033852733,3.6957901738293204
4314393025132914944,4513399883752121216,-1.9704265331367863,-0.2951798599172809,3.6956033626335754,7.0,2.0,3.6956033626335754,4.2365297900225
4513399883752121216,2062016551910446592,-0.2951798599172809,7.216691153427344,3.691477269981662,5.0,4.0,3.8159167434236774,3.691477269981662
4314393025132914944,4320165285017783168,-1.9704265331367863,-1.3180151471644346,3.687556532219857,7.0,2.0,3.687556532219857,4.167970012452512
4512885247948565376,2031982665929461504,-1.027293880191791,4.870920701590028,3.6848506755445056,7.0,5.0,3.6848506755445056,4.126459696566367
4310507179195737984,2004103831357741696,-4.121974879050933,13.865547560825528,3.683511285275377,10.0,10.0,3.683511285275377,3.9272852543083627
1871915630021420672,2004103831357741696,9.334988515462278,13.865547560825528,3.6817149717271818,10.0,7.0,4.068472373617212,3.6817149717271818
4311113353708708864,2021540814501736320,-4.1909205037905375,3.2978077202738225,3.680036043973611,7.0,3.0,3.680036043973611,4.158863246251959
4046851570796262656,4320461195449352064,-18.40876332224839,-1.5660179682254343,3.67511062999444,10.0,7.0,4.763889271589006,3.67511062999444
4310507179195737984,4513281175196176512,-4.121974879050933,-0.5553821435353719,3.673048991090244,10.0,2.0,3.9907714749085783,3.673048991090244
2021540814501736320,1871915630021420672,3.2978077202738225,9.334988515462278,3.6708764860493415,5.0,5.0,3.6708764860493415,4.130244964876398
4505886787660255616,4513281175196176512,-3.1881593335627447,-0.5553821435353719,3.6687299618817493,10.0,2.0,3.6687299618817493,3.739967830306523
2072235820984829312,6027712069996094336,7.258123211473825,-22.068937731197753,3.667928682298967,7.0,7.0,3.714187294264944,3.667928682298967
4505886718970731648,4513281175196176512,-3.2528085686505253,-0.5553821435353719,3.665530933451021,10.0,2.0,3.665530933451021,3.734570444717264
4046851570796262656,1873298884367855872,-18.40876332224839,8.701455980597105,3.662371922954206,7.0,7.0,3.732035559476374,3.662371922954206
4046851570796262656,2059995546465811968,-18.40876332224839,7.495451905728237,3.6600645644427643,7.0,7.0,3.800969511177634,3.6600645644427643
4280510268611908480,2021540814501736320,-6.654270217860955,3.2978077202738225,3.660050761037335,7.0,4.0,3.660050761037335,4.150405654669945
4314164395446976128,2062016551910446592,-1.4064472565490531,7.216691153427344,3.654467561386312,5.0,4.0,3.752399707564658,3.654467561386312
2169133616066947584,2165006259882192128,12.897120727574887,11.812473605287641,3.654026952353397,7.0,7.0,3.6934417056917086,3.654026952353397
4046851570796262656,1978690990909022336,-18.40876332224839,13.41499047438571,3.6540025623832344,10.0,7.0,5.371241150034423,3.6540025623832344
2025179884408158464,6027712069996094336,3.675491706021214,-22.068937731197753,3.650522480017077,7.0,7.0,3.650522480017077,3.667829172409287
4505886787660255616,2165006259882192128,-3.1881593335627447,11.812473605287641,3.6451129860290057,10.0,10.0,3.6451129860290057,4.198271561624054
4311113353708708864,2033842562903693184,-4.1909205037905375,5.873788935685492,3.6433761921392467,7.0,4.0,3.6433761921392467,4.213271548747315
4505886718970731648,2165006259882192128,-3.2528085686505253,11.812473605287641,3.641925967261707,10.0,10.0,3.641925967261707,4.194649779927844
4314393025132914944,4314164395446976128,-1.9704265331367863,-1.4064472565490531,3.640903854583512,7.0,2.0,3.640903854583512,4.209753193415735
2162679246615275264,2169133616066947584,11.047321291401156,12.897120727574887,3.6358364901390097,7.0,7.0,3.978777882473389,3.6358364901390097
2072235820984829312,5932569301703870848,7.258123211473825,-29.99720902440187,3.631069204129345,7.0,7.0,3.677300406095121,3.631069204129345
2072235820984829312,5887186031454577536,7.258123211473825,-31.24861887569381,3.6310683368954293,7.0,7.0,3.6768551531832134,3.6310683368954293
2072235820984829312,5836081345120598656,7.258123211473825,-30.966457965194127,3.631010925809474,7.0,7.0,3.677135865255113,3.631010925809474
2072235820984829312,5903264739714238336,7.258123211473825,-31.070133099615347,3.6309553892956377,7.0,7.0,3.6769005147923592,3.6309553892956377
2072235820984829312,5886466366696738688,7.258123211473825,-31.763457865251965,3.6308726261383075,7.0,7.0,3.6768628838276864,3.6308726261383075
2072235820984829312,5879347372530785536,7.258123211473825,-33.943303291693255,3.630819024122021,7.0,7.0,3.676770464210194,3.630819024122021
2072235820984829312,5876688031868273664,7.258123211473825,-32.1317748653798,3.630811868406414,7.0,7.0,3.6768003404958245,3.630811868406414
2072235820984829312,5853234722943657600,7.258123211473825,-34.165492016303354,3.630787332435274,7.0,7.0,3.6767377450548526,3.630787332435274
2072235820984829312,5877599934975498240,7.258123211473825,-33.7448589578402,3.630786049645445,7.0,7.0,3.6767390442943757,3.630786049645445
2072235820984829312,5853544377279654656,7.258123211473825,-36.529764867454375,3.6307828634587542,7.0,7.0,3.6767228890687798,3.6307828634587542
2072235820984829312,5890995564340234368,7.258123211473825,-36.70748043104877,3.6307825071236564,7.0,7.0,3.676721896950315,3.6307825071236564
2072235820984829312,5854237585002133888,7.258123211473825,-34.21390935663812,3.6307797491779343,7.0,7.0,3.6767305289112575,3.6307797491779343
2072235820984829312,5878331144574194304,7.258123211473825,-35.146102347057436,3.6307789165026194,7.0,7.0,3.6767373977381714,3.6307789165026194
2072235820984829312,5868726773064635904,7.258123211473825,-36.50874735653909,3.630774872399881,7.0,7.0,3.6767201856245086,3.630774872399881
2072235820984829312,5882784926903517952,7.258123211473825,-34.234158491623674,3.6307738866379906,7.0,7.0,3.6767192217058287,3.6307738866379906
2072235820984829312,5859151474291292416,7.258123211473825,-36.52124376223585,3.6307738432986807,7.0,7.0,3.6767183512682355,3.6307738432986807
2072235820984829312,5864121301183823488,7.258123211473825,-36.00911360584487,3.6307733651951026,7.0,7.0,3.6767205307700257,3.6307733651951026
2072235820984829312,5865152299549771264,7.258123211473825,-36.23954028109426,3.630773035358399,7.0,7.0,3.676719313184947,3.630773035358399
2072235820984829312,5865159545033841280,7.258123211473825,-35.832366713952766,3.630771625073596,7.0,7.0,3.676717060488539,3.630771625073596
2072235820984829312,5862045113940303232,7.258123211473825,-36.513508509841834,3.6307714636181307,7.0,7.0,3.6767174597121213,3.6307714636181307
2072235820984829312,5862110156977174784,7.258123211473825,-36.3951538740554,3.630770868106796,7.0,7.0,3.6767164073186143,3.630770868106796
2072235820984829312,5607793392275328640,7.258123211473825,59.86384783057561,3.6307697243812243,7.0,7.0,3.6767147030105782,3.6307697243812243
4310507179195737984,2033842562903693184,-4.121974879050933,5.873788935685492,3.630282590309893,10.0,7.0,3.780807260529994,3.630282590309893
4311113353708708864,2031982665929461504,-4.1909205037905375,4.870920701590028,3.623798414581263,7.0,4.0,3.623798414581263,4.1782924511701784
4280510268611908480,2033842562903693184,-6.654270217860955,5.873788935685492,3.623577727271885,7.0,4.0,3.623577727271885,4.20515972368688
2025179884408158464,5932569301703870848,3.675491706021214,-29.99720902440187,3.6159743380236935,7.0,7.0,3.6159743380236935,3.630997938579608
2025179884408158464,5836081345120598656,3.675491706021214,-30.966457965194127,3.6158203047888695,7.0,7.0,3.6158203047888695,3.630939705233022
2025179884408158464,5903264739714238336,3.675491706021214,-31.070133099615347,3.61559998496602,7.0,7.0,3.61559998496602,3.6308842115775146
2025179884408158464,5886466366696738688,3.675491706021214,-31.763457865251965,3.615564757422378,7.0,7.0,3.615564757422378,3.630801512291323
2025179884408158464,5887186031454577536,3.675491706021214,-31.24861887569381,3.6155575205242307,7.0,7.0,3.6155575205242307,3.6309970720149285
2025179884408158464,5876688031868273664,3.675491706021214,-32.1317748653798,3.6155062086935117,7.0,7.0,3.6155062086935117,3.6307408014494644
2025179884408158464,5879347372530785536,3.675491706021214,-33.943303291693255,3.615478240620169,7.0,7.0,3.615478240620169,3.630747951642564
2025179884408158464,5877599934975498240,3.675491706021214,-33.7448589578402,3.615448827531926,7.0,7.0,3.615448827531926,3.630715002614547
2025179884408158464,5853234722943657600,3.675491706021214,-34.165492016303354,3.6154476112768896,7.0,7.0,3.6154476112768896,3.6307162844143583
2025179884408158464,5878331144574194304,3.675491706021214,-35.146102347057436,3.615447286143882,7.0,7.0,3.615447286143882,3.630707874976875
2025179884408158464,5854237585002133888,3.675491706021214,-34.21390935663812,3.6154408560405495,7.0,7.0,3.6154408560405495,3.630708707009555
2025179884408158464,5853544377279654656,3.675491706021214,-36.529764867454375,3.6154337041690376,7.0,7.0,3.6154337041690376,3.630711818886862
2025179884408158464,5890995564340234368,3.675491706021214,-36.70748043104877,3.615432775419129,7.0,7.0,3.615432775419129,3.6307114628267727
2025179884408158464,5864121301183823488,3.675491706021214,-36.00911360584487,3.615431496499497,7.0,7.0,3.615431496499497,3.630702327953707
2025179884408158464,5868726773064635904,3.675491706021214,-36.50874735653909,3.6154311733991196,7.0,7.0,3.6154311733991196,3.6307038339952644
2025179884408158464,5865152299549771264,3.675491706021214,-36.23954028109426,3.6154303566840422,7.0,7.0,3.6154303566840422,3.6307019983715625
2025179884408158464,5882784926903517952,3.675491706021214,-34.234158491623674,3.6154302710478814,7.0,7.0,3.6154302710478814,3.630702848994159
2025179884408158464,5859151474291292416,3.675491706021214,-36.52124376223585,3.6154294562069222,7.0,7.0,3.6154294562069222,3.6307028056882977
2025179884408158464,5862045113940303232,3.675491706021214,-36.513508509841834,3.6154286215963447,7.0,7.0,3.6154286215963447,3.6307004278443227
2025179884408158464,5865159545033841280,3.675491706021214,-35.832366713952766,3.6154282478720052,7.0,7.0,3.6154282478720052,3.6307005891751816
2025179884408158464,5862110156977174784,3.675491706021214,-36.3951538740554,3.6154276364214146,7.0,7.0,3.6154276364214146,3.630699832792588
2025179884408158464,5607793392275328640,3.675491706021214,59.86384783057561,3.6154260409711596,7.0,7.0,3.6154260409711596,3.630698689949714
4320165285017783168,2062016551910446592,-1.3180151471644346,7.216691153427344,3.6116355536733042,5.0,4.0,3.8005484303108377,3.6116355536733042
4513281175196176512,1861245556872133504,-0.5553821435353719,5.627762113582395,3.6068353936008357,10.0,3.0,4.349356106030065,3.6068353936008357
4280510268611908480,2031982665929461504,-6.654270217860955,4.870920701590028,3.6041098198967747,7.0,4.0,3.6041098198967747,4.1699674765228805
2033842562903693184,1871915630021420672,5.873788935685492,9.334988515462278,3.6038434478152195,7.0,5.0,4.089346256091235,3.6038434478152195
4046851570796262656,2004103831357741696,-18.40876332224839,13.865547560825528,3.60364898596607,10.0,7.0,5.167072647185519,3.60364898596607
4046851570796262656,1871915630021420672,-18.40876332224839,9.334988515462278,3.6024543839512453,10.0,7.0,4.314751190992527,3.6024543839512453
4046851570796262656,4513281175196176512,-18.40876332224839,-0.5553821435353719,3.5948618965788013,7.0,7.0,3.9540727841071313,3.5948618965788013
4046851570796262656,4160906424545920128,-18.40876332224839,-10.492719760197533,3.594707113135133,10.0,7.0,4.699941601485048,3.594707113135133
4505886787660255616,2195158098523149312,-3.1881593335627447,14.622208144751117,3.593747326328505,10.0,10.0,3.593747326328505,4.3025842714052045
4310507179195737984,4513399883752121216,-4.121974879050933,-0.2951798599172809,3.5923347806972843,10.0,2.0,3.850042157635869,3.5923347806972843
4046851570796262656,4505886787660255616,-18.40876332224839,-3.1881593335627447,3.5919046371182617,10.0,10.0,3.5919046371182617,3.897679086768122
4505886718970731648,2195158098523149312,-3.2528085686505253,14.622208144751117,3.5905930481956685,10.0,10.0,3.5905930481956685,4.279257598277033
1873298884367855872,2169133616066947584,8.701455980597105,12.897120727574887,3.5891144536500708,7.0,7.0,3.758055992151202,3.5891144536500708
4046851570796262656,4505886718970731648,-18.40876332224839,-3.2528085686505253,3.5887516872558596,10.0,10.0,3.5887516872558596,3.8948184431469914
2059995546465811968,2169133616066947584,7.495451905728237,12.897120727574887,3.586798934946669,7.0,7.0,3.826907065917717,3.586798934946669
4310507179195737984,2031982665929461504,-4.121974879050933,4.870920701590028,3.5854653749939565,10.0,7.0,3.739569956943042,3.5854653749939565
4310507179195737984,4314164395446976128,-4.121974879050933,-1.4064472565490531,3.577068318629033,10.0,2.0,3.8040887245403727,3.577068318629033
2031982665929461504,1871915630021420672,4.870920701590028,9.334988515462278,3.5766083116438843,7.0,5.0,4.067673315645906,3.5766083116438843
4314393025132914944,2021540814501736320,-1.9704265331367863,3.2978077202738225,3.575328564548665,7.0,5.0,3.575328564548665,4.15140952533776
4505886787660255616,2059995546465811968,-3.1881593335627447,7.495451905728237,3.5706911844272624,10.0,10.0,3.5706911844272624,3.918171501009026
2033842562903693184,1861245556872133504,5.873788935685492,5.627762113582395,3.5703096615736074,10.0,5.0,4.130277564155932,3.5703096615736074
4505886718970731648,2059995546465811968,-3.2528085686505253,7.495451905728237,3.567554230308469,10.0,10.0,3.567554230308469,3.915546715745921
2033842562903693184,2062016551910446592,5.873788935685492,7.216691153427344,3.5582334471301627,10.0,4.0,4.005445089294581,3.5582334471301627
2031745858613175040,6027712069996094336,4.414297908739168,-22.068937731197753,3.5576368801702745,7.0,7.0,3.5576368801702745,3.6535810112604317
2021540814501736320,2062016551910446592,3.2978077202738225,7.216691153427344,3.5538335879226195,5.0,4.0,3.6382631824644407,3.5538335879226195
4505886787660255616,1873298884367855872,-3.1881593335627447,8.701455980597105,3.552793949274169,10.0,10.0,3.552793949274169,3.9691458439230822
4310507179195737984,2021540814501736320,-4.121974879050933,3.2978077202738225,3.5513767445070448,10.0,3.0,3.763648418609915,3.5513767445070448
4505886787660255616,1978690990909022336,-3.1881593335627447,13.41499047438571,3.5501172910637995,10.0,10.0,3.5501172910637995,4.036566193201867
4505886718970731648,1873298884367855872,-3.2528085686505253,8.701455980597105,3.5496714547501362,10.0,10.0,3.5496714547501362,3.966986421082231
4310507179195737984,4320165285017783168,-4.121974879050933,-1.3180151471644346,3.5485301347307594,10.0,2.0,3.8464819006624604,3.5485301347307594
4505886718970731648,1978690990909022336,-3.2528085686505253,13.41499047438571,3.5469970316218715,10.0,10.0,3.5469970316218715,4.034701377652992
2022722274099045376,6027712069996094336,1.9749487268872292,-22.068937731197753,3.540318791073828,10.0,7.0,4.229472425337515,3.540318791073828
4314393025132914944,2033842562903693184,-1.9704265331367863,5.873788935685492,3.5396776931997627,7.0,7.0,3.5396776931997627,4.204790679181932
2162679246615275264,6027712069996094336,11.047321291401156,-22.068937731197753,3.538291474108518,7.0,7.0,3.7372634755368193,3.538291474108518
4513399883752121216,1861245556872133504,-0.2951798599172809,5.627762113582395,3.538173650007167,10.0,3.0,4.204557186973435,3.538173650007167
4505886787660255616,4513399883752121216,-3.1881593335627447,-0.2951798599172809,3.535568764813996,10.0,2.0,3.535568764813996,3.662991882753059
4505886718970731648,4513399883752121216,-3.2528085686505253,-0.2951798599172809,3.532460972026882,10.0,2.0,3.532460972026882,3.656001668524989
2031982665929461504,1861245556872133504,4.870920701590028,5.627762113582395,3.532381552502847,10.0,5.0,4.085316572525662,3.532381552502847
4505886787660255616,4320165285017783168,-3.1881593335627447,-1.3180151471644346,3.532272516406187,10.0,2.0,3.532272516406187,3.6213853178937696
4505886718970731648,4320165285017783168,-3.2528085686505253,-1.3180151471644346,3.529167621316003,10.0,2.0,3.529167621316003,3.6134614858903467
2031982665929461504,2062016551910446592,4.870920701590028,7.216691153427344,3.5278948762824394,7.0,4.0,3.688795511335998,3.5278948762824394
2031745858613175040,5932569301703870848,4.414297908739168,-29.99720902440187,3.5255265415132726,7.0,7.0,3.5255265415132726,3.6152085030759205
2031745858613175040,5836081345120598656,4.414297908739168,-30.966457965194127,3.525383451642125,7.0,7.0,3.525383451642125,3.6151478156893924
2195158098523149312,6027712069996094336,14.622208144751117,-22.068937731197753,3.525367554168669,10.0,7.0,4.890728799362555,3.525367554168669
4314164395446976128,1861245556872133504,-1.4064472565490531,5.627762113582395,3.525311352122453,10.0,3.0,4.1554352397534515,3.525311352122453
2031745858613175040,5903264739714238336,4.414297908739168,-31.070133099615347,3.525178785656757,7.0,7.0,3.525178785656757,3.6150899834004138
2031745858613175040,5886466366696738688,4.414297908739168,-31.763457865251965,3.5251460611696537,7.0,7.0,3.5251460611696537,3.615003798884089
2031745858613175040,5887186031454577536,4.414297908739168,-31.24861887569381,3.52513933848593,7.0,7.0,3.52513933848593,3.615207599993294
2031745858613175040,5876688031868273664,4.414297908739168,-32.1317748653798,3.5250916726339003,7.0,7.0,3.5250916726339003,3.614940529413727
2031745858613175040,5879347372530785536,4.414297908739168,-33.943303291693255,3.5250656918709042,7.0,7.0,3.5250656918709042,3.6149479809511127
2031745858613175040,5877599934975498240,4.414297908739168,-33.7448589578402,3.5250383687932847,7.0,7.0,3.5250383687932847,3.6149136432825992
2031745858613175040,5853234722943657600,4.414297908739168,-34.165492016303354,3.5250372389623834,7.0,7.0,3.5250372389623834,3.6149149791043165
2031745858613175040,5878331144574194304,4.414297908739168,-35.146102347057436,3.5250369369325463,7.0,7.0,3.5250369369325463,3.6149062152476543
2031745858613175040,5854237585002133888,4.414297908739168,-34.21390935663812,3.5250309637374895,7.0,7.0,3.5250309637374895,3.6149070823467393
2031745858613175040,5853544377279654656,4.414297908739168,-36.529764867454375,3.5250243200627405,7.0,7.0,3.5250243200627405,3.614910325375474
2031745858613175040,5890995564340234368,4.414297908739168,-36.70748043104877,3.525023457307924,7.0,7.0,3.525023457307924,3.614909954309084
2031745858613175040,5864121301183823488,4.414297908739168,-36.00911360584487,3.525022269265775,7.0,7.0,3.525022269265775,3.614900434442337
2031745858613175040,5868726773064635904,4.414297908739168,-36.50874735653909,3.525021969124274,7.0,7.0,3.525021969124274,3.6149020039568383
2031745858613175040,5865152299549771264,4.414297908739168,-36.23954028109426,3.525021210443375,7.0,7.0,3.525021210443375,3.614900090969769
2031745858613175040,5882784926903517952,4.414297908739168,-34.234158491623674,3.5250211308923536,7.0,7.0,3.5250211308923536,3.6149009774423275
2031745858613175040,5859151474291292416,4.414297908739168,-36.52124376223585,3.525020373952421,7.0,7.0,3.525020373952421,3.614900932311317
2031745858613175040,5862045113940303232,4.414297908739168,-36.513508509841834,3.525019598647679,7.0,7.0,3.525019598647679,3.6148984542517564
2031745858613175040,5865159545033841280,4.414297908739168,-35.832366713952766,3.5250192514794843,7.0,7.0,3.5250192514794843,3.614898622381998
2031745858613175040,5862110156977174784,4.414297908739168,-36.3951538740554,3.525018683477425,7.0,7.0,3.525018683477425,3.614897834121215
2031745858613175040,5607793392275328640,4.414297908739168,59.86384783057561,3.5250172013969165,7.0,7.0,3.5250172013969165,3.6148966431125373
4513281175196176512,2169133616066947584,-0.5553821435353719,12.897120727574887,3.5214773105418518,7.0,5.0,3.9787097380642416,3.5214773105418518
4314393025132914944,2031982665929461504,-1.9704265331367863,4.870920701590028,3.520688687480944,7.0,7.0,3.520688687480944,4.170447672858456
4505886787660255616,1979638838645769216,-3.1881593335627447,13.992623423361778,3.516294682433156,10.0,10.0,3.516294682433156,4.122909146096285
4505886718970731648,1979638838645769216,-3.2528085686505253,13.992623423361778,3.513204203266007,10.0,10.0,3.513204203266007,4.120683866908767
4160906424545920128,2169133616066947584,-10.492719760197533,12.897120727574887,3.509105128430637,7.0,7.0,3.915064661565777,3.509105128430637
2162679246615275264,5932569301703870848,11.047321291401156,-29.99720902440187,3.5066518537931066,7.0,7.0,3.6982092877734187,3.5066518537931066
2162679246615275264,5887186031454577536,11.047321291401156,-31.24861887569381,3.506651110165728,7.0,7.0,3.6977376687914103,3.506651110165728
2162679246615275264,5836081345120598656,11.047321291401156,-30.966457965194127,3.5066018819412847,7.0,7.0,3.698035004040682,3.5066018819412847
2162679246615275264,5903264739714238336,11.047321291401156,-31.070133099615347,3.5065542612545038,7.0,7.0,3.6977857167460533,3.5065542612545038
2162679246615275264,5886466366696738688,11.047321291401156,-31.763457865251965,3.506483294913682,7.0,7.0,3.697745857253382,3.506483294913682
2162679246615275264,5879347372530785536,11.047321291401156,-33.943303291693255,3.5064373333458256,7.0,7.0,3.6976479643489797,3.5064373333458256
2162679246615275264,5876688031868273664,11.047321291401156,-32.1317748653798,3.506431197618603,7.0,7.0,3.697679609994127,3.506431197618603
2162679246615275264,5853234722943657600,11.047321291401156,-34.165492016303354,3.5064101590668875,7.0,7.0,3.6976133074469346,3.5064101590668875
2162679246615275264,5877599934975498240,11.047321291401156,-33.7448589578402,3.50640905912996,7.0,7.0,3.697614683632605,3.50640905912996
2162679246615275264,5853544377279654656,11.047321291401156,-36.529764867454375,3.506406327112694,7.0,7.0,3.6975975716272673,3.506406327112694
2162679246615275264,5890995564340234368,11.047321291401156,-36.70748043104877,3.506406021570792,7.0,7.0,3.697596520751213,3.506406021570792
2162679246615275264,5854237585002133888,11.047321291401156,-34.21390935663812,3.506403656752072,7.0,7.0,3.697605663933805,3.506403656752072
2162679246615275264,5878331144574194304,11.047321291401156,-35.146102347057436,3.506402942769211,7.0,7.0,3.6976129395607678,3.506402942769211
2162679246615275264,5868726773064635904,11.047321291401156,-36.50874735653909,3.5063994751275085,7.0,7.0,3.6975947080731633,3.5063994751275085
2162679246615275264,5882784926903517952,11.047321291401156,-34.234158491623674,3.5063986298798038,7.0,7.0,3.6975936870669472,3.5063986298798038
2162679246615275264,5859151474291292416,11.047321291401156,-36.52124376223585,3.5063985927182424,7.0,7.0,3.6975927650781633,3.5063985927182424
2162679246615275264,5864121301183823488,11.047321291401156,-36.00911360584487,3.5063981827653525,7.0,7.0,3.6975950736597216,3.5063981827653525
2162679246615275264,5865152299549771264,11.047321291401156,-36.23954028109426,3.506397899944825,7.0,7.0,3.6975937839638657,3.506397899944825
2162679246615275264,5865159545033841280,11.047321291401156,-35.832366713952766,3.5063966906874287,7.0,7.0,3.697591397852712,3.5063966906874287
2162679246615275264,5862045113940303232,11.047321291401156,-36.513508509841834,3.5063965522464504,7.0,7.0,3.6975918207201075,3.5063965522464504
2162679246615275264,5862110156977174784,11.047321291401156,-36.3951538740554,3.506396041621619,7.0,7.0,3.697590705999124,3.506396041621619
2162679246615275264,5607793392275328640,11.047321291401156,59.86384783057561,3.5063950609271894,7.0,7.0,3.697588900754246,3.5063950609271894
2021540814501736320,1861245556872133504,3.2978077202738225,5.627762113582395,3.5037448837601937,10.0,3.0,4.1116290673582,3.5037448837601937
4320165285017783168,1861245556872133504,-1.3180151471644346,5.627762113582395,3.501361191604586,10.0,3.0,4.200778597681568,3.501361191604586
4505886787660255616,4314164395446976128,-3.1881593335627447,-1.4064472565490531,3.49323996350218,10.0,2.0,3.49323996350218,3.6484792796074537
2022722274099045376,2169133616066947584,1.9749487268872292,12.897120727574887,3.490699067333824,10.0,7.0,4.343135178677098,3.490699067333824
4505886718970731648,4314164395446976128,-3.2528085686505253,-1.4064472565490531,3.490171322010044,10.0,2.0,3.490171322010044,3.6411686957023397
4046851570796262656,4513399883752121216,-18.40876332224839,-0.2951798599172809,3.483420531096975,7.0,7.0,3.889682380735306,3.483420531096975
4513281175196176512,2025217890612425344,-0.5553821435353719,2.631692265250517,3.480813899319639,10.0,10.0,3.480813899319639,3.509328399902086
2169133616066947584,2195158098523149312,12.897120727574887,14.622208144751117,3.479497222692986,10.0,7.0,5.038961257587031,3.479497222692986
4310507179195737984,6027712069996094336,-4.121974879050933,-22.068937731197753,3.472882155057805,10.0,10.0,3.5110862060829335,3.472882155057805
4505886787660255616,2033842562903693184,-3.1881593335627447,5.873788935685492,3.471961898606036,10.0,10.0,3.471961898606036,3.6991274005852253
4505886718970731648,2033842562903693184,-3.2528085686505253,5.873788935685492,3.468914436512172,10.0,10.0,3.468914436512172,3.692908352461854
1873298884367855872,6027712069996094336,8.701455980597105,-22.068937731197753,3.4661235684954232,7.0,7.0,3.49853481017838,3.4661235684954232
2059995546465811968,6027712069996094336,7.495451905728237,-22.068937731197753,3.4637944535844123,7.0,7.0,3.568229042158482,3.4637944535844123
2025217890612425344,2165006259882192128,2.631692265250517,11.812473605287641,3.4580123028984446,10.0,10.0,3.4580123028984446,3.9383053058278783
4505886787660255616,2021540814501736320,-3.1881593335627447,3.2978077202738225,3.456345113601222,10.0,10.0,3.456345113601222,3.6240859081045285
4046851570796262656,4314164395446976128,-18.40876332224839,-1.4064472565490531,3.4560041216763597,7.0,7.0,3.844913553711325,3.4560041216763597
4505886718970731648,2021540814501736320,-3.2528085686505253,3.2978077202738225,3.453313786793575,10.0,10.0,3.453313786793575,3.6162240531905625
4046851570796262656,2033842562903693184,-18.40876332224839,5.873788935685492,3.4509120816747942,7.0,7.0,3.74026001136753,3.4509120816747942
2165006259882192128,6027712069996094336,11.812473605287641,-22.068937731197753,3.444049403456249,10.0,7.0,4.914681282619351,3.444049403456249
1861245556872133504,6027712069996094336,5.627762113582395,-22.068937731197753,3.438402954039273,10.0,7.0,3.8290120461659636,3.438402954039273
4505886787660255616,2031982665929461504,-3.1881593335627447,4.870920701590028,3.434518319403913,10.0,10.0,3.434518319403913,3.656460010983716
4505886718970731648,2031982665929461504,-3.2528085686505253,4.870920701590028,3.4315103374810914,10.0,10.0,3.4315103374810914,3.649326328375563
2169133616066947584,1979638838645769216,12.897120727574887,13.992623423361778,3.4286995768065207,7.0,7.0,3.4286995768065207,3.432959186893709
4512885247948565376,6027712069996094336,-1.027293880191791,-22.068937731197753,3.427824094275824,10.0,7.0,4.204608070197757,3.427824094275824
2062016551910446592,6027712069996094336,7.216691153427344,-22.068937731197753,3.427374697355081,10.0,7.0,3.7152502035319235,3.427374697355081
1873298884367855872,5932569301703870848,8.701455980597105,-29.99720902440187,3.425931994663761,7.0,7.0,3.4563684053309336,3.425931994663761
1873298884367855872,5887186031454577536,8.701455980597105,-31.24861887569381,3.4259310485845815,7.0,7.0,3.455858995024494,3.4259310485845815
1873298884367855872,5836081345120598656,8.701455980597105,-30.966457965194127,3.425868417880146,7.0,7.0,3.4561801565929966,3.425868417880146
1873298884367855872,5903264739714238336,8.701455980597105,-31.070133099615347,3.4258078320954475,7.0,7.0,3.455910893321578,3.4258078320954475
1873298884367855872,5886466366696738688,8.701455980597105,-31.763457865251965,3.4257175441246206,7.0,7.0,3.455867839675559,3.4257175441246206
1873298884367855872,5879347372530785536,8.701455980597105,-33.943303291693255,3.425659068525761,7.0,7.0,3.455762101953016,3.425659068525761
1873298884367855872,5876688031868273664,8.701455980597105,-32.1317748653798,3.425651262195163,7.0,7.0,3.4557962835985085,3.425651262195163
1873298884367855872,5853234722943657600,8.701455980597105,-34.165492016303354,3.4256244953439547,7.0,7.0,3.4557246677126665,3.4256244953439547
1873298884367855872,5877599934975498240,8.701455980597105,-33.7448589578402,3.4256230959188043,7.0,7.0,3.455726154183713,3.4256230959188043
1873298884367855872,5853544377279654656,8.701455980597105,-36.529764867454375,3.4256196200337246,7.0,7.0,3.4557076708461576,3.4256196200337246
1873298884367855872,5890995564340234368,8.701455980597105,-36.70748043104877,3.4256192312994718,7.0,7.0,3.455706535754168,3.4256192312994718
1873298884367855872,5854237585002133888,8.701455980597105,-34.21390935663812,3.4256162225921734,7.0,7.0,3.4557164116595938,3.4256162225921734
1873298884367855872,5878331144574194304,8.701455980597105,-35.146102347057436,3.4256153142072168,7.0,7.0,3.4557242703446707,3.4256153142072168
1873298884367855872,5868726773064635904,8.701455980597105,-36.50874735653909,3.4256109024007912,7.0,7.0,3.455704577810239,3.4256109024007912
1873298884367855872,5882784926903517952,8.701455980597105,-34.234158491623674,3.4256098270099855,7.0,7.0,3.45570347498176,3.4256098270099855
1873298884367855872,5859151474291292416,8.701455980597105,-36.52124376223585,3.4256097797301144,7.0,7.0,3.455702479105839,3.4256097797301144
1873298884367855872,5864121301183823488,8.701455980597105,-36.00911360584487,3.4256092581556774,7.0,7.0,3.455704972694478,3.4256092581556774
1873298884367855872,5865152299549771264,8.701455980597105,-36.23954028109426,3.4256088983290587,7.0,7.0,3.4557035796438877,3.4256088983290587
1873298884367855872,5865159545033841280,8.701455980597105,-35.832366713952766,3.425607359816158,7.0,7.0,3.4557010023124537,3.425607359816158
1873298884367855872,5862045113940303232,8.701455980597105,-36.513508509841834,3.4256071836805853,7.0,7.0,3.455701459067978,3.4256071836805853
1873298884367855872,5862110156977174784,8.701455980597105,-36.3951538740554,3.4256065340232293,7.0,7.0,3.45570025501447,3.4256065340232293
1873298884367855872,5607793392275328640,8.701455980597105,59.86384783057561,3.4256052863060096,7.0,7.0,3.4556983050991827,3.4256052863060096
2059995546465811968,5932569301703870848,7.495451905728237,-29.99720902440187,3.4235985627880607,7.0,7.0,3.5261962284992503,3.4235985627880607
2059995546465811968,5887186031454577536,7.495451905728237,-31.24861887569381,3.4235976166083537,7.0,7.0,3.525688414711083,3.4235976166083537
2059995546465811968,5836081345120598656,7.495451905728237,-30.966457965194127,3.4235349792491063,7.0,7.0,3.5260085697950205,3.4235349792491063
2059995546465811968,5903264739714238336,7.495451905728237,-31.070133099615347,3.4234743870271087,7.0,7.0,3.525740150376813,3.4234743870271087
2059995546465811968,5886466366696738688,7.495451905728237,-31.763457865251965,3.423384089463518,7.0,7.0,3.525697231646394,3.423384089463518
2059995546465811968,5879347372530785536,7.495451905728237,-33.943303291693255,3.423325607652111,7.0,7.0,3.5255918252565355,3.423325607652111
2059995546465811968,5876688031868273664,7.495451905728237,-32.1317748653798,3.4233178004921707,7.0,7.0,3.5256258997948247,3.4233178004921707
2059995546465811968,5853234722943657600,7.495451905728237,-34.165492016303354,3.42329103079729,7.0,7.0,3.525554508312973,3.42329103079729
2059995546465811968,5877599934975498240,7.495451905728237,-33.7448589578402,3.4232896312234677,7.0,7.0,3.5255559901263442,3.4232896312234677
2059995546465811968,5853544377279654656,7.495451905728237,-36.529764867454375,3.423286154969118,7.0,7.0,3.5255375647037956,3.423286154969118
2059995546465811968,5890995564340234368,7.495451905728237,-36.70748043104877,3.423285766193567,7.0,7.0,3.525536433168442,3.423285766193567
2059995546465811968,5854237585002133888,7.495451905728237,-34.21390935663812,3.423282757166632,7.0,7.0,3.5255462781291635,3.423282757166632
2059995546465811968,5878331144574194304,7.495451905728237,-35.146102347057436,3.423281848685171,7.0,7.0,3.5255541121900804,3.423281848685171
2059995546465811968,5868726773064635904,7.495451905728237,-36.50874735653909,3.4232774364100482,7.0,7.0,3.5255344813594234,3.4232774364100482
2059995546465811968,5882784926903517952,7.495451905728237,-34.234158491623674,3.4232763609049965,7.0,7.0,3.525533381986481,3.4232763609049965
2059995546465811968,5859151474291292416,7.495451905728237,-36.52124376223585,3.423276313620102,7.0,7.0,3.525532389230977,3.423276313620102
2059995546465811968,5864121301183823488,7.495451905728237,-36.00911360584487,3.423275791990255,7.0,7.0,3.525534875006355,3.423275791990255
2059995546465811968,5865152299549771264,7.495451905728237,-36.23954028109426,3.4232754321254086,7.0,7.0,3.525533486320667,3.4232754321254086
2059995546465811968,5865159545033841280,7.495451905728237,-35.832366713952766,3.4232738934490623,7.0,7.0,3.525530917064882,3.4232738934490623
2059995546465811968,5862045113940303232,7.495451905728237,-36.513508509841834,3.4232737172947774,7.0,7.0,3.525531372389238,3.4232737172947774
2059995546465811968,5862110156977174784,7.495451905728237,-36.3951538740554,3.4232730675684033,7.0,7.0,3.525530172108434,3.4232730675684033
2059995546465811968,5607793392275328640,7.495451905728237,59.86384783057561,3.423271819718631,7.0,7.0,3.5255282283028793,3.423271819718631
4310507179195737984,2169133616066947584,-4.121974879050933,12.897120727574887,3.4216007020213257,10.0,10.0,3.5980176538509876,3.4216007020213257
4046851570796262656,2031982665929461504,-18.40876332224839,4.870920701590028,3.415587102101479,7.0,7.0,3.717909746092121,3.415587102101479
4046851570796262656,4320165285017783168,-18.40876332224839,-1.3180151471644346,3.413033141208928,7.0,7.0,3.8836864488633798,3.413033141208928
4320461195449352064,2169133616066947584,-1.5660179682254343,12.897120727574887,3.412318137856081,7.0,7.0,3.412318137856081,3.7798635356995103
4513399883752121216,2169133616066947584,-0.2951798599172809,12.897120727574887,3.4101929496610017,7.0,7.0,3.915304719208521,3.4101929496610017
2025217890612425344,2195158098523149312,2.631692265250517,14.622208144751117,3.408771062703251,10.0,10.0,3.408771062703251,4.16103990931502
4046851570796262656,2025217890612425344,-18.40876332224839,2.631692265250517,3.407012721426618,10.0,10.0,3.407012721426618,3.6462486355951222
4513281175196176512,6027712069996094336,-0.5553821435353719,-22.068937731197753,3.398288100851708,7.0,7.0,3.73401314362576,3.398288100851708
1861245556872133504,2169133616066947584,5.627762113582395,12.897120727574887,3.3960997598132248,10.0,7.0,3.9277480071822044,3.3960997598132248
4046851570796262656,2021540814501736320,-18.40876332224839,3.2978077202738225,3.395945178808738,7.0,7.0,3.7800262491040177,3.395945178808738
2165006259882192128,5932569301703870848,11.812473605287641,-29.99720902440187,3.3916949866245787,7.0,7.0,3.3916949866245787,3.4917130853387843
2165006259882192128,5836081345120598656,11.812473605287641,-30.966457965194127,3.3915067650179536,7.0,7.0,3.3915067650179536,3.4916498461065433
2165006259882192128,5903264739714238336,11.812473605287641,-31.070133099615347,3.3912375407270163,7.0,7.0,3.3912375407270163,3.491589581989769
2165006259882192128,5886466366696738688,11.812473605287641,-31.763457865251965,3.391194493332637,7.0,7.0,3.391194493332637,3.4914997733788113
2165006259882192128,5887186031454577536,11.812473605287641,-31.24861887569381,3.3911856499665114,7.0,7.0,3.3911856499665114,3.491712144282695
2165006259882192128,5876688031868273664,11.812473605287641,-32.1317748653798,3.3911229476574656,7.0,7.0,3.3911229476574656,3.4914338433511474
2165006259882192128,5879347372530785536,11.812473605287641,-33.943303291693255,3.3910887709859274,7.0,7.0,3.3910887709859274,3.491441608236831
2165006259882192128,5877599934975498240,11.812473605287641,-33.7448589578402,3.3910528284511203,7.0,7.0,3.3910528284511203,3.4914058266131054
2165006259882192128,5853234722943657600,11.812473605287641,-34.165492016303354,3.3910513421966035,7.0,7.0,3.3910513421966035,3.4914072186085474
2165006259882192128,5878331144574194304,11.812473605287641,-35.146102347057436,3.3910509448864916,7.0,7.0,3.3910509448864916,3.4913980862154883
2165006259882192128,5854237585002133888,11.812473605287641,-34.21390935663812,3.3910430873462736,7.0,7.0,3.3910430873462736,3.491398989777731
2165006259882192128,5853544377279654656,11.812473605287641,-36.529764867454375,3.39103434780641,7.0,7.0,3.39103434780641,3.4914023691818916
2165006259882192128,5890995564340234368,11.812473605287641,-36.70748043104877,3.3910332128798237,7.0,7.0,3.3910332128798237,3.491401982511472
2165006259882192128,5864121301183823488,11.812473605287641,-36.00911360584487,3.3910316500479056,7.0,7.0,3.3910316500479056,3.491392062316163
2165006259882192128,5868726773064635904,11.812473605287641,-36.50874735653909,3.3910312552212107,7.0,7.0,3.3910312552212107,3.4913936978318096
2165006259882192128,5865152299549771264,11.812473605287641,-36.23954028109426,3.391030257200319,7.0,7.0,3.391030257200319,3.4913917043999
2165006259882192128,5882784926903517952,11.812473605287641,-34.234158491623674,3.3910301525534425,7.0,7.0,3.3910301525534425,3.491392628150365
2165006259882192128,5859151474291292416,11.812473605287641,-36.52124376223585,3.391029156822651,7.0,7.0,3.391029156822651,3.491392581121507
2165006259882192128,5862045113940303232,11.812473605287641,-36.513508509841834,3.3910281369334423,7.0,7.0,3.3910281369334423,3.49138999885467
2165006259882192128,5865159545033841280,11.812473605287641,-35.832366713952766,3.3910276802444828,7.0,7.0,3.3910276802444828,3.491390174055121
2165006259882192128,5862110156977174784,11.812473605287641,-36.3951538740554,3.391026933055408,7.0,7.0,3.391026933055408,3.4913893526464093
2165006259882192128,5607793392275328640,11.812473605287641,59.86384783057561,3.3910249834243014,7.0,7.0,3.3910249834243014,3.491388111553445
2169133616066947584,1978690990909022336,12.897120727574887,13.41499047438571,3.3889778052594273,7.0,7.0,3.4954791132752185,3.3889778052594273
2025217890612425344,2059995546465811968,2.631692265250517,7.495451905728237,3.3868075213982918,10.0,10.0,3.3868075213982918,3.6645490002461014
4160906424545920128,6027712069996094336,-10.492719760197533,-22.068937731197753,3.385917684032844,7.0,7.0,3.6916030497903125,3.385917684032844
2062016551910446592,2169133616066947584,7.216691153427344,12.897120727574887,3.3854330657647047,10.0,5.0,3.8097618064802377,3.3854330657647047
4505886787660255616,2004103831357741696,-3.1881593335627447,13.865547560825528,3.3840629162268443,10.0,10.0,3.3840629162268443,3.986547888816891
4314164395446976128,2169133616066947584,-1.4064472565490531,12.897120727574887,3.382865633025299,7.0,7.0,3.8707380161204776,3.382865633025299
4505886718970731648,2004103831357741696,-3.2528085686505253,13.865547560825528,3.381112168944047,10.0,10.0,3.381112168944047,3.9845028849800137
2033842562903693184,2169133616066947584,5.873788935685492,12.897120727574887,3.3777919563129735,7.0,7.0,3.766275019013405,3.3777919563129735
4512885247948565376,2169133616066947584,-1.027293880191791,12.897120727574887,3.3761218778723174,10.0,7.0,4.31733783913942,3.3761218778723174
1979638838645769216,6027712069996094336,13.992623423361778,-22.068937731197753,3.3711634324562874,10.0,7.0,4.827919333715088,3.3711634324562874
2025217890612425344,1873298884367855872,2.631692265250517,8.701455980597105,3.369811839848394,10.0,10.0,3.369811839848394,3.710734326597967
4314393025132914944,6027712069996094336,-1.9704265331367863,-22.068937731197753,3.3690001055999463,10.0,7.0,3.9998472708269723,3.3690001055999463
2025217890612425344,1978690990909022336,2.631692265250517,13.41499047438571,3.3672738424271054,10.0,10.0,3.3672738424271054,3.7735897918670065
4280510268611908480,6027712069996094336,-6.654270217860955,-22.068937731197753,3.360845759388105,10.0,7.0,3.6930930999213314,3.360845759388105
4513281175196176512,5932569301703870848,-0.5553821435353719,-29.99720902440187,3.35803802748411,7.0,7.0,3.6944039283864827,3.35803802748411
4513281175196176512,5887186031454577536,-0.5553821435353719,-31.24861887569381,3.3580370800726995,7.0,7.0,3.6939255565407536,3.3580370800726995
4513281175196176512,5836081345120598656,-0.5553821435353719,-30.966457965194127,3.357974361179105,7.0,7.0,3.694227149310556,3.357974361179105
4513281175196176512,5903264739714238336,-0.5553821435353719,-31.070133099615347,3.3579136900938393,7.0,7.0,3.693974292521258,3.3579136900938393
4513281175196176512,5886466366696738688,-0.5553821435353719,-31.763457865251965,3.3578232750205843,7.0,7.0,3.6939338622587887,3.3578232750205843
4513281175196176512,5879347372530785536,-0.5553821435353719,-33.943303291693255,3.357764717113699,7.0,7.0,3.693834567537767,3.357764717113699
4513281175196176512,5876688031868273664,-0.5553821435353719,-32.1317748653798,3.3577568997958442,7.0,7.0,3.693866666350799,3.3577568997958442
4513281175196176512,5853234722943657600,-0.5553821435353719,-34.165492016303354,3.3577300952719558,7.0,7.0,3.6937994143404995,3.3577300952719558
4513281175196176512,5877599934975498240,-0.5553821435353719,-33.7448589578402,3.35772869387725,7.0,7.0,3.6938008102335993,3.35772869387725
4513281175196176512,5853544377279654656,-0.5553821435353719,-36.529764867454375,3.3577252131002204,7.0,7.0,3.6937834531780434,3.3577252131002204
4513281175196176512,5890995564340234368,-0.5553821435353719,-36.70748043104877,3.3577248238188657,7.0,7.0,3.693782387253008,3.3577248238188657
4513281175196176512,5854237585002133888,-0.5553821435353719,-34.21390935663812,3.357721810877148,7.0,7.0,3.693791661369579,3.357721810877148
4513281175196176512,5878331144574194304,-0.5553821435353719,-35.146102347057436,3.3577209012137446,7.0,7.0,3.6937990411860806,3.3577209012137446
4513281175196176512,5868726773064635904,-0.5553821435353719,-36.50874735653909,3.357716483198245,7.0,7.0,3.693780548616642,3.357716483198245
4513281175196176512,5882784926903517952,-0.5553821435353719,-34.234158491623674,3.357715406293966,7.0,7.0,3.693779512989179,3.357715406293966
4513281175196176512,5859151474291292416,-0.5553821435353719,-36.52124376223585,3.3577153589475546,7.0,7.0,3.6937785777971146,3.3577153589475546
4513281175196176512,5864121301183823488,-0.5553821435353719,-36.00911360584487,3.3577148366390714,7.0,7.0,3.6937809194385562,3.3577148366390714
4513281175196176512,5865152299549771264,-0.5553821435353719,-36.23954028109426,3.3577144763060445,7.0,7.0,3.693779611273703,3.3577144763060445
4513281175196176512,5865159545033841280,-0.5553821435353719,-35.832366713952766,3.357712935627895,7.0,7.0,3.6937771909923924,3.357712935627895
4513281175196176512,5862045113940303232,-0.5553821435353719,-36.513508509841834,3.3577127592444356,7.0,7.0,3.6937776199154366,3.3577127592444356
4513281175196176512,5862110156977174784,-0.5553821435353719,-36.3951538740554,3.357712108672776,7.0,7.0,3.6937764892311513,3.357712108672776
4513281175196176512,5607793392275328640,-0.5553821435353719,59.86384783057561,3.357710859199571,7.0,7.0,3.6937746581343505,3.357710859199571
4513399883752121216,2025217890612425344,-0.2951798599172809,2.631692265250517,3.3534957605001887,10.0,10.0,3.3534957605001887,3.444425138438142
4320165285017783168,2025217890612425344,-1.3180151471644346,2.631692265250517,3.3503779251866046,10.0,10.0,3.3503779251866046,3.409740965674203
4160906424545920128,5932569301703870848,-10.492719760197533,-29.99720902440187,3.3456698469339363,7.0,7.0,3.6556823747155063,3.3456698469339363
4160906424545920128,5887186031454577536,-10.492719760197533,-31.24861887569381,3.3456688995858475,7.0,7.0,3.655248871986904,3.3456688995858475
4160906424545920128,5836081345120598656,-10.492719760197533,-30.966457965194127,3.3456061848853116,7.0,7.0,3.6555221758592227,3.3456061848853116
4160906424545920128,5903264739714238336,-10.492719760197533,-31.070133099615347,3.345545517858346,7.0,7.0,3.6552930364155354,3.345545517858346
4160906424545920128,5886466366696738688,-10.492719760197533,-31.763457865251965,3.345455108836891,7.0,7.0,3.65525639860326,3.345455108836891
4160906424545920128,5879347372530785536,-10.492719760197533,-33.943303291693255,3.3453965548519964,7.0,7.0,3.655166418175249,3.3453965548519964
4160906424545920128,5876688031868273664,-10.492719760197533,-32.1317748653798,3.3453887380578657,7.0,7.0,3.655195505940029,3.3453887380578657
4160906424545920128,5853234722943657600,-10.492719760197533,-34.165492016303354,3.345361935330022,7.0,7.0,3.655134562582602,3.345361935330022
4160906424545920128,5877599934975498240,-10.492719760197533,-33.7448589578402,3.3453605340292283,7.0,7.0,3.6551358275308505,3.3453605340292283
4160906424545920128,5853544377279654656,-10.492719760197533,-36.529764867454375,3.3453570534854613,7.0,7.0,3.655120098696881,3.3453570534854613
4160906424545920128,5890995564340234368,-10.492719760197533,-36.70748043104877,3.3453566642301955,7.0,7.0,3.6551191327639003,3.3453566642301955
4160906424545920128,5854237585002133888,-10.492719760197533,-34.21390935663812,3.345353651490395,7.0,7.0,3.655127536897472,3.345353651490395
4160906424545920128,5878331144574194304,-10.492719760197533,-35.146102347057436,3.3453527418879556,7.0,7.0,3.6551342244327722,3.3453527418879556
4160906424545920128,5868726773064635904,-10.492719760197533,-36.50874735653909,3.3453483241685498,7.0,7.0,3.655117466606004,3.3453483241685498
4160906424545920128,5882784926903517952,-10.492719760197533,-34.234158491623674,3.345347247336446,7.0,7.0,3.6551165281285427,3.345347247336446
4160906424545920128,5859151474291292416,-10.492719760197533,-36.52124376223585,3.3453471999932076,7.0,7.0,3.65511568066488,3.3453471999932076
4160906424545920128,5864121301183823488,-10.492719760197533,-36.00911360584487,3.34534667771973,7.0,7.0,3.655117802641913,3.34534667771973
4160906424545920128,5865152299549771264,-10.492719760197533,-36.23954028109426,3.345346317410853,7.0,7.0,3.6551166171932032,3.345346317410853
4160906424545920128,5865159545033841280,-10.492719760197533,-35.832366713952766,3.345344776835964,7.0,7.0,3.655114423953445,3.345344776835964
4160906424545920128,5862045113940303232,-10.492719760197533,-36.513508509841834,3.3453446004643266,7.0,7.0,3.6551148126400976,3.3453446004643266
4160906424545920128,5862110156977174784,-10.492719760197533,-36.3951538740554,3.34534394993627,7.0,7.0,3.655113788023001,3.34534394993627
4160906424545920128,5607793392275328640,-10.492719760197533,59.86384783057561,3.3453427005468086,7.0,7.0,3.655112128697746,3.3453427005468086
2031982665929461504,2169133616066947584,4.870920701590028,12.897120727574887,3.342608917865391,7.0,7.0,3.7439371818029534,3.342608917865391
4320165285017783168,2169133616066947584,-1.3180151471644346,12.897120727574887,3.3400661621744447,7.0,7.0,3.909343446859154,3.3400661621744447
2025217890612425344,1979638838645769216,2.631692265250517,13.992623423361778,3.3352843943133936,10.0,10.0,3.3352843943133936,3.858220910047239
2195158098523149312,5887186031454577536,14.622208144751117,-31.24861887569381,3.331960540443613,10.0,7.0,4.463892531526596,3.331960540443613
2022722274099045376,5887186031454577536,1.9749487268872292,-31.24861887569381,3.330316245286546,10.0,7.0,3.931606896073699,3.330316245286546
4311113353708708864,6027712069996094336,-4.1909205037905375,-22.068937731197753,3.327565615249781,10.0,7.0,3.982681201278854,3.327565615249781
2195158098523149312,5836081345120598656,14.622208144751117,-30.966457965194127,3.325947374257727,10.0,7.0,4.505019292847524,3.325947374257727
2195158098523149312,5932569301703870848,14.622208144751117,-29.99720902440187,3.3244768678297496,10.0,7.0,4.506468971405098,3.3244768678297496
2022722274099045376,5836081345120598656,1.9749487268872292,-30.966457965194127,3.323758972354334,10.0,7.0,3.9591391635297244,3.323758972354334
2021540814501736320,2169133616066947584,3.2978077202738225,12.897120727574887,3.3230562688915457,7.0,7.0,3.805998905027944,3.3230562688915457
2195158098523149312,5903264739714238336,14.622208144751117,-31.070133099615347,3.3224992460477467,10.0,7.0,4.469821159555681,3.3224992460477467
2022722274099045376,5932569301703870848,1.9749487268872292,-29.99720902440187,3.322155202367149,10.0,7.0,3.960112892528944,3.322155202367149
2022722274099045376,5903264739714238336,1.9749487268872292,-31.070133099615347,3.31999823544781,10.0,7.0,3.9355651561798,3.31999823544781
2195158098523149312,5879347372530785536,14.622208144751117,-33.943303291693255,3.3184846141006097,10.0,7.0,4.463664847343366,3.3184846141006097
2195158098523149312,5886466366696738688,14.622208144751117,-31.763457865251965,3.318395000668513,10.0,7.0,4.469833155328268,3.318395000668513
4314393025132914944,2169133616066947584,-1.9704265331367863,12.897120727574887,3.3170094838996165,10.0,7.0,4.10493332760313,3.3170094838996165
2195158098523149312,5890995564340234368,14.622208144751117,-36.70748043104877,3.315800517850886,10.0,7.0,4.448396467666492,3.315800517850886
2022722274099045376,5879347372530785536,1.9749487268872292,-33.943303291693255,3.3156190918198543,10.0,7.0,3.9314549515434565,3.3156190918198543
2195158098523149312,5853544377279654656,14.622208144751117,-36.529764867454375,3.3155329680900376,10.0,7.0,4.448934124059571,3.3155329680900376
2022722274099045376,5886466366696738688,1.9749487268872292,-31.763457865251965,3.3155213352549553,10.0,7.0,3.9355731687191526,3.3155213352549553
4314164395446976128,2025217890612425344,-1.4064472565490531,2.631692265250517,3.313560210209399,10.0,10.0,3.313560210209399,3.432298124858625
2195158098523149312,5876688031868273664,14.622208144751117,-32.1317748653798,3.313357696147314,10.0,7.0,4.459492956111725,3.313357696147314
1871915630021420672,6027712069996094336,9.334988515462278,-22.068937731197753,3.313207306572902,10.0,7.0,3.871142537648684,3.313207306572902
2022722274099045376,5890995564340234368,1.9749487268872292,-36.70748043104877,3.3126909688103856,10.0,7.0,3.921277128427986,3.3126909688103856
2195158098523149312,5853234722943657600,14.622208144751117,-34.165492016303354,3.3126743273298125,10.0,7.0,4.45055218619537,3.3126743273298125
2022722274099045376,5853544377279654656,1.9749487268872292,-36.529764867454375,3.312399080522899,10.0,7.0,3.9216351470887436,3.312399080522899
2195158098523149312,5877599934975498240,14.622208144751117,-33.7448589578402,3.311938238696107,10.0,7.0,4.449600182823601,3.311938238696107
2195158098523149312,5878331144574194304,14.622208144751117,-35.146102347057436,3.3117348316481072,10.0,7.0,4.454831264760828,3.3117348316481072
2195158098523149312,5868726773064635904,14.622208144751117,-36.50874735653909,3.3115465427314814,10.0,7.0,4.445905860504426,3.3115465427314814
2195158098523149312,5854237585002133888,14.622208144751117,-34.21390935663812,3.3111325871518225,10.0,7.0,4.447347880839307,3.3111325871518225
2195158098523149312,5859151474291292416,14.622208144751117,-36.52124376223585,3.311049110335559,10.0,7.0,4.4439168688044255,3.311049110335559
2195158098523149312,5864121301183823488,14.622208144751117,-36.00911360584487,3.3104954620134435,10.0,7.0,4.445187576674199,3.3104954620134435
2195158098523149312,5865152299549771264,14.622208144751117,-36.23954028109426,3.3104831392390506,10.0,7.0,4.444461987078142,3.3104831392390506
2022722274099045376,5876688031868273664,1.9749487268872292,-32.1317748653798,3.3100258341793993,10.0,7.0,3.928671748861297,3.3100258341793993
2195158098523149312,5882784926903517952,14.622208144751117,-34.234158491623674,3.3098972367434003,10.0,7.0,4.442043840522665,3.3098972367434003
2169133616066947584,2004103831357741696,12.897120727574887,13.865547560825528,3.3098717911468274,7.0,7.0,3.3098717911468274,3.313556118274433
2195158098523149312,5862045113940303232,14.622208144751117,-36.513508509841834,3.309868054759084,10.0,7.0,4.442926792472268,3.309868054759084
2195158098523149312,5865159545033841280,14.622208144751117,-35.832366713952766,3.3097354477861907,10.0,7.0,4.441903183775605,3.3097354477861907
2195158098523149312,5862110156977174784,14.622208144751117,-36.3951538740554,3.309549112136221,10.0,7.0,4.441689360521388,3.309549112136221
2022722274099045376,5853234722943657600,1.9749487268872292,-34.165492016303354,3.3092802367147045,10.0,7.0,3.9227127601771317,3.3092802367147045
2195158098523149312,5607793392275328640,14.622208144751117,59.86384783057561,3.3090089599357237,10.0,7.0,4.439899590585019,3.3090089599357237
4280510268611908480,2169133616066947584,-6.654270217860955,12.897120727574887,3.308830606426561,10.0,7.0,3.78678205518467,3.308830606426561
2022722274099045376,5877599934975498240,1.9749487268872292,-33.7448589578402,3.3084771003996987,10.0,7.0,3.9220787053548136,3.3084771003996987
2022722274099045376,5878331144574194304,1.9749487268872292,-35.146102347057436,3.3082551623937992,10.0,7.0,3.9255637887603094,3.3082551623937992
2022722274099045376,5868726773064635904,1.9749487268872292,-36.50874735653909,3.3080497185376867,10.0,7.0,3.919619021432726,3.3080497185376867
4505886787660255616,2169133616066947584,-3.1881593335627447,12.897120727574887,3.307949110987297,10.0,10.0,3.307949110987297,3.5013439037382064
2022722274099045376,5854237585002133888,1.9749487268872292,-34.21390935663812,3.3075980432620775,10.0,7.0,3.92057896643707,3.3075980432620775
2022722274099045376,5859151474291292416,1.9749487268872292,-36.52124376223585,3.3075069593027298,10.0,7.0,3.9182952821944217,3.3075069593027298
2022722274099045376,5864121301183823488,1.9749487268872292,-36.00911360584487,3.3069028515350567,10.0,7.0,3.91914093703629,3.3069028515350567
2022722274099045376,5865152299549771264,1.9749487268872292,-36.23954028109426,3.3068894055432616,10.0,7.0,3.9186580392846246,3.3068894055432616
4320461195449352064,6027712069996094336,-1.5660179682254343,-22.068937731197753,3.30673365827727,10.0,7.0,4.2794363367028465,3.30673365827727
2022722274099045376,5882784926903517952,1.9749487268872292,-34.234158491623674,3.306250092121765,10.0,7.0,3.9170490598826153,3.306250092121765
2022722274099045376,5862045113940303232,1.9749487268872292,-36.513508509841834,3.3062182495939907,10.0,7.0,3.9176364924220692,3.3062182495939907
2022722274099045376,5865159545033841280,1.9749487268872292,-35.832366713952766,3.3060735523721947,10.0,7.0,3.9169554869449423,3.3060735523721947
2022722274099045376,5862110156977174784,1.9749487268872292,-36.3951538740554,3.3058702268104265,10.0,7.0,3.916813242988693,3.3058702268104265
2022722274099045376,5607793392275328640,1.9749487268872292,59.86384783057561,3.305280817249399,10.0,7.0,3.915622782151667,3.305280817249399
4505886718970731648,2169133616066947584,-3.2528085686505253,12.897120727574887,3.305092291764634,10.0,10.0,3.305092291764634,3.4904999154243295
2025217890612425344,2033842562903693184,2.631692265250517,5.873788935685492,3.293564013957121,10.0,10.0,3.293564013957121,3.4747656915459575
1871915630021420672,2169133616066947584,9.334988515462278,12.897120727574887,3.2897978102162986,7.0,7.0,3.6722287008210053,3.2897978102162986
4311113353708708864,2169133616066947584,-4.1909205037905375,12.897120727574887,3.2886404820298827,7.0,7.0,3.2886404820298827,3.7758889897986987
4513399883752121216,6027712069996094336,-0.2951798599172809,-22.068937731197753,3.2873321507634468,7.0,7.0,3.659986892095081,3.2873321507634468
1978690990909022336,6027712069996094336,13.41499047438571,-22.068937731197753,3.285545155241972,10.0,7.0,4.859083786969448,3.285545155241972
2021540814501736320,2025217890612425344,3.2978077202738225,2.631692265250517,3.2789190799945507,10.0,10.0,3.2789190799945507,3.411984666326223
1861245556872133504,5887186031454577536,5.627762113582395,-31.24861887569381,3.26067350624471,10.0,7.0,3.5772013133333287,3.26067350624471
4314164395446976128,6027712069996094336,-1.4064472565490531,-22.068937731197753,3.260175818829834,7.0,7.0,3.6132557818097824,3.260175818829834
2025217890612425344,2031982665929461504,2.631692265250517,4.870920701590028,3.2584922323345413,10.0,10.0,3.2584922323345413,3.4389630118314103
4310507179195737984,5887186031454577536,-4.121974879050933,-31.24861887569381,3.2555202148466034,10.0,10.0,3.293403968299293,3.2555202148466034
1861245556872133504,5836081345120598656,5.627762113582395,-30.966457965194127,3.255171023756133,10.0,7.0,3.6001700298809887,3.255171023756133
2033842562903693184,6027712069996094336,5.873788935685492,-22.068937731197753,3.25513714165349,7.0,7.0,3.506805592061287,3.25513714165349
1861245556872133504,5932569301703870848,5.627762113582395,-29.99720902440187,3.2538255784398453,10.0,7.0,3.6009832746060813,3.2538255784398453
1861245556872133504,5903264739714238336,5.627762113582395,-31.070133099615347,3.2520162531856713,10.0,7.0,3.580500466533796,3.2520162531856713
2062016551910446592,5887186031454577536,7.216691153427344,-31.24861887569381,3.2512273906730518,10.0,7.0,3.475854788001348,3.2512273906730518
4310507179195737984,5836081345120598656,-4.121974879050933,-30.966457965194127,3.248722169169208,10.0,10.0,3.3130770548219393,3.248722169169208
1861245556872133504,5879347372530785536,5.627762113582395,-33.943303291693255,3.2483436434187793,10.0,7.0,3.5770746894771643,3.2483436434187793
1861245556872133504,5886466366696738688,5.627762113582395,-31.763457865251965,3.2482616702055367,10.0,7.0,3.580507145878396,3.2482616702055367
4513399883752121216,5932569301703870848,-0.2951798599172809,-29.99720902440187,3.247208473195908,7.0,7.0,3.618527685969294,3.247208473195908
4513399883752121216,5887186031454577536,-0.2951798599172809,-31.24861887569381,3.2472075288762023,7.0,7.0,3.618026820019107,3.2472075288762023
4513399883752121216,5836081345120598656,-0.2951798599172809,-30.966457965194127,3.2471450146666845,7.0,7.0,3.618342594745764,3.2471450146666845
4513399883752121216,5903264739714238336,-0.2951798599172809,-31.070133099615347,3.2470845416056138,7.0,7.0,3.618077847829041,3.2470845416056138
4310507179195737984,5932569301703870848,-4.121974879050933,-29.99720902440187,3.2470594411443763,10.0,10.0,3.3137741664398352,3.2470594411443763
4513399883752121216,5886466366696738688,-0.2951798599172809,-31.763457865251965,3.246994421680167,7.0,7.0,3.6180355163194253,3.246994421680167
4513399883752121216,5879347372530785536,-0.2951798599172809,-33.943303291693255,3.2469360549546753,7.0,7.0,3.6179315521266155,3.2469360549546753
4513399883752121216,5876688031868273664,-0.2951798599172809,-32.1317748653798,3.2469282631606116,7.0,7.0,3.6179651604468033,3.2469282631606116
4513399883752121216,5853234722943657600,-0.2951798599172809,-34.165492016303354,3.2469015461572197,7.0,7.0,3.617894745766472,3.2469015461572197
4513399883752121216,5877599934975498240,-0.2951798599172809,-33.7448589578402,3.246900149338385,7.0,7.0,3.617896207305121,3.246900149338385
4513399883752121216,5853544377279654656,-0.2951798599172809,-36.529764867454375,3.246896679926932,7.0,7.0,3.617878033986259,3.246896679926932
4513399883752121216,5890995564340234368,-0.2951798599172809,-36.70748043104877,3.2468962919166797,7.0,7.0,3.6178769179330192,3.2468962919166797
4513399883752121216,5854237585002133888,-0.2951798599172809,-34.21390935663812,3.246893288813012,7.0,7.0,3.6178866281911493,3.246893288813012
4513399883752121216,5878331144574194304,-0.2951798599172809,-35.146102347057436,3.2468923821199107,7.0,7.0,3.61789435506348,3.2468923821199107
4513399883752121216,5868726773064635904,-0.2951798599172809,-36.50874735653909,3.2468879785305247,7.0,7.0,3.617874992829428,3.2468879785305247
4513399883752121216,5882784926903517952,-0.2951798599172809,-34.234158491623674,3.2468869051426714,7.0,7.0,3.6178739084985456,3.2468869051426714
4513399883752121216,5859151474291292416,-0.2951798599172809,-36.52124376223585,3.246886857950861,7.0,7.0,3.6178729293263214,3.246886857950861
4513399883752121216,5864121301183823488,-0.2951798599172809,-36.00911360584487,3.246886337347879,7.0,7.0,3.6178753810903257,3.246886337347879
4513399883752121216,5865152299549771264,-0.2951798599172809,-36.23954028109426,3.246885978191454,7.0,7.0,3.6178740114051906,3.246885978191454
4513399883752121216,5865159545033841280,-0.2951798599172809,-35.832366713952766,3.246884442544117,7.0,7.0,3.617871477302996,3.246884442544117
4513399883752121216,5862045113940303232,-0.2951798599172809,-36.513508509841834,3.246884266736608,7.0,7.0,3.617871926397421,3.246884266736608
4513399883752121216,5862110156977174784,-0.2951798599172809,-36.3951538740554,3.24688361828928,7.0,7.0,3.617870742539343,3.24688361828928
4513399883752121216,5607793392275328640,-0.2951798599172809,59.86384783057561,3.246882372896026,7.0,7.0,3.617868825329725,3.246882372896026
1861245556872133504,5890995564340234368,5.627762113582395,-36.70748043104877,3.245888493760196,10.0,7.0,3.5685962270177742,3.245888493760196
2062016551910446592,5836081345120598656,7.216691153427344,-30.966457965194127,3.245776215121169,10.0,7.0,3.4976165119103015,3.245776215121169
1861245556872133504,5853544377279654656,5.627762113582395,-36.529764867454375,3.24564377743637,10.0,7.0,3.5688943593681492,3.24564377743637
4310507179195737984,5903264739714238336,-4.121974879050933,-31.070133099615347,3.2448231368380287,10.0,10.0,3.2962279195560207,3.2448231368380287
2062016551910446592,5932569301703870848,7.216691153427344,-29.99720902440187,3.2444433328633657,10.0,7.0,3.4983872469974573,3.2444433328633657
1861245556872133504,5876688031868273664,5.627762113582395,-32.1317748653798,3.2436542303659524,10.0,7.0,3.574755548144455,3.2436542303659524
1861245556872133504,5853234722943657600,5.627762113582395,-34.165492016303354,3.243029237363119,10.0,7.0,3.5697917661604777,3.243029237363119
2062016551910446592,5903264739714238336,7.216691153427344,-31.070133099615347,3.2426509129985144,10.0,7.0,3.4789798273425054,3.2426509129985144
1861245556872133504,5877599934975498240,5.627762113582395,-33.7448589578402,3.2423560439067223,10.0,7.0,3.5692637339302884,3.2423560439067223
1861245556872133504,5878331144574194304,5.627762113582395,-35.146102347057436,3.2421700198907364,10.0,7.0,3.572166371077769,3.2421700198907364
1861245556872133504,5868726773064635904,5.627762113582395,-36.50874735653909,3.2419978231360513,10.0,7.0,3.567215576715937,3.2419978231360513
1861245556872133504,5854237585002133888,5.627762113582395,-34.21390935663812,3.241619250146685,10.0,7.0,3.5680148702822803,3.241619250146685
1861245556872133504,5859151474291292416,5.627762113582395,-36.52124376223585,3.241542909085353,10.0,7.0,3.566113464202533,3.241542909085353
1861245556872133504,5864121301183823488,5.627762113582395,-36.00911360584487,3.2410365929821787,10.0,7.0,3.5668175231198216,3.2410365929821787
1861245556872133504,5865152299549771264,5.627762113582395,-36.23954028109426,3.2410253238052467,10.0,7.0,3.56641547611593,3.2410253238052467
1861245556872133504,5882784926903517952,5.627762113582395,-34.234158491623674,3.2404895212625733,10.0,7.0,3.5650759881561815,3.2404895212625733
1861245556872133504,5862045113940303232,5.627762113582395,-36.513508509841834,3.240462834871477,10.0,7.0,3.565565012048395,3.240462834871477
1861245556872133504,5865159545033841280,5.627762113582395,-35.832366713952766,3.240341568541936,10.0,7.0,3.5649980928080187,3.240341568541936
4310507179195737984,5879347372530785536,-4.121974879050933,-33.943303291693255,3.2402827717200666,10.0,10.0,3.2932955950246874,3.2402827717200666
4310507179195737984,5886466366696738688,-4.121974879050933,-31.763457865251965,3.240181413935841,10.0,10.0,3.2962336374363055,3.240181413935841
1861245556872133504,5862110156977174784,5.627762113582395,-36.3951538740554,3.240171169343596,10.0,7.0,3.5648796820020174,3.240171169343596
1861245556872133504,5607793392275328640,5.627762113582395,59.86384783057561,3.2396772198291908,10.0,7.0,3.56388873257679,3.2396772198291908
2062016551910446592,5879347372530785536,7.216691153427344,-33.943303291693255,3.2390126562393404,10.0,7.0,3.4757348516471276,3.2390126562393404
2062016551910446592,5886466366696738688,7.216691153427344,-31.763457865251965,3.2389314503691313,10.0,7.0,3.478986154432072,3.2389314503691313
4310507179195737984,5890995564340234368,-4.121974879050933,-36.70748043104877,3.2372467388482096,10.0,10.0,3.286041149771327,3.2372467388482096
4310507179195737984,5853544377279654656,-4.121974879050933,-36.529764867454375,3.2369440889172734,10.0,10.0,3.2862961750889803,3.2369440889172734
2062016551910446592,5890995564340234368,7.216691153427344,-36.70748043104877,3.236580499877818,10.0,7.0,3.4677049840145133,3.236580499877818
2062016551910446592,5853544377279654656,7.216691153427344,-36.529764867454375,3.236338076635472,10.0,7.0,3.467987315180265,3.236338076635472
2004103831357741696,6027712069996094336,13.865547560825528,-22.068937731197753,3.2352563698952808,10.0,7.0,4.656616209153413,3.2352563698952808
4310507179195737984,5876688031868273664,-4.121974879050933,-32.1317748653798,3.2344833118857292,10.0,10.0,3.2913108728190017,3.2344833118857292
2062016551910446592,5876688031868273664,7.216691153427344,-32.1317748653798,3.234367180594345,10.0,7.0,3.4735382568616138,3.234367180594345
2062016551910446592,5853234722943657600,7.216691153427344,-34.165492016303354,3.2337480496171396,10.0,7.0,3.4688371707173284,3.2337480496171396
4310507179195737984,5853234722943657600,-4.121974879050933,-34.165492016303354,3.23371020365099,10.0,10.0,3.2870638546022413,3.23371020365099
2062016551910446592,5877599934975498240,7.216691153427344,-33.7448589578402,3.233081171886172,10.0,7.0,3.4683371153943092,3.233081171886172
2062016551910446592,5878331144574194304,7.216691153427344,-35.146102347057436,3.232896893393198,10.0,7.0,3.4710860373158843,3.232896893393198
4310507179195737984,5877599934975498240,-4.121974879050933,-33.7448589578402,3.2328774274414473,10.0,10.0,3.2866121483500272,3.2328774274414473
2062016551910446592,5868726773064635904,7.216691153427344,-36.50874735653909,3.232726312529323,10.0,7.0,3.4663975344397238,3.232726312529323
4310507179195737984,5878331144574194304,-4.121974879050933,-35.146102347057436,3.2326472976644935,10.0,10.0,3.2890954021391985,3.2326472976644935
4310507179195737984,5868726773064635904,-4.121974879050933,-36.50874735653909,3.2324342704127957,10.0,10.0,3.2848601905638133,3.2324342704127957
2062016551910446592,5854237585002133888,7.216691153427344,-34.21390935663812,3.2323512924442337,10.0,7.0,3.467154445140659,3.2323512924442337
2062016551910446592,5859151474291292416,7.216691153427344,-36.52124376223585,3.2322756679068827,10.0,7.0,3.46535388485589,3.2322756679068827
4310507179195737984,5854237585002133888,-4.121974879050933,-34.21390935663812,3.2319659213458816,10.0,10.0,3.2855438653541604,3.2319659213458816
4310507179195737984,5859151474291292416,-4.121974879050933,-36.52124376223585,3.231871474742769,10.0,10.0,3.2839175563156378,3.231871474742769
2062016551910446592,5864121301183823488,7.216691153427344,-36.00911360584487,3.2317741045401642,10.0,7.0,3.4660205930234573,3.2317741045401642
2062016551910446592,5865152299549771264,7.216691153427344,-36.23954028109426,3.2317629411565147,10.0,7.0,3.4656398735267837,3.2317629411565147
4505886787660255616,6027712069996094336,-3.1881593335627447,-22.068937731197753,3.2314001630717373,10.0,10.0,3.2314001630717373,3.5497608670162917
4310507179195737984,5864121301183823488,-4.121974879050933,-36.00911360584487,3.2312450624547986,10.0,10.0,3.2845197287259853,3.2312450624547986
2062016551910446592,5882784926903517952,7.216691153427344,-34.234158491623674,3.231232169181715,10.0,7.0,3.4643714672859613,3.231232169181715
4310507179195737984,5865152299549771264,-4.121974879050933,-36.23954028109426,3.231231119977752,10.0,10.0,3.2841758599060893,3.231231119977752
2062016551910446592,5862045113940303232,7.216691153427344,-36.513508509841834,3.2312057333725264,10.0,7.0,3.4648345359298203,3.2312057333725264
2062016551910446592,5865159545033841280,7.216691153427344,-35.832366713952766,3.2310856057516206,10.0,7.0,3.464297706763723,3.2310856057516206
2062016551910446592,5862110156977174784,7.216691153427344,-36.3951538740554,3.2309168067176435,10.0,7.0,3.46418558167081,3.2309168067176435
4310507179195737984,5882784926903517952,-4.121974879050933,-34.234158491623674,3.2305681982800767,10.0,10.0,3.2830302650472185,3.2305681982800767
4310507179195737984,5862045113940303232,-4.121974879050933,-36.513508509841834,3.23053517978317,10.0,10.0,3.283448490774006,3.23053517978317
2062016551910446592,5607793392275328640,7.216691153427344,59.86384783057561,3.2304274963246855,10.0,7.0,3.463247247726058,3.2304274963246855
4310507179195737984,5865159545033841280,-4.121974879050933,-35.832366713952766,3.2303851386587006,10.0,10.0,3.2829636481375295,3.2303851386587006
4310507179195737984,5862110156977174784,-4.121974879050933,-36.3951538740554,3.2301743036154904,10.0,10.0,3.282862382610002,3.2301743036154904
4310507179195737984,5607793392275328640,-4.121974879050933,59.86384783057561,3.229563122985715,10.0,10.0,3.2820149469728803,3.229563122985715
4505886718970731648,6027712069996094336,-3.2528085686505253,-22.068937731197753,3.2286455491469654,10.0,10.0,3.2286455491469654,3.540130774839431
4320461195449352064,5932569301703870848,-1.5660179682254343,-29.99720902440187,3.221447519713587,7.0,7.0,3.221447519713587,3.626059203330768
4320461195449352064,5836081345120598656,-1.5660179682254343,-30.966457965194127,3.2213317927386016,7.0,7.0,3.2213317927386016,3.6259993696580755
4320461195449352064,5903264739714238336,-1.5660179682254343,-31.070133099615347,3.2211662670574097,7.0,7.0,3.2211662670574097,3.625942350934958
4320461195449352064,5886466366696738688,-1.5660179682254343,-31.763457865251965,3.221139801047536,7.0,7.0,3.221139801047536,3.625857378863078
4320461195449352064,5887186031454577536,-1.5660179682254343,-31.24861887569381,3.221134364068959,7.0,7.0,3.221134364068959,3.626058312952043
4320461195449352064,5876688031868273664,-1.5660179682254343,-32.1317748653798,3.2210958143367683,7.0,7.0,3.2210958143367683,3.6257949994899406
4320461195449352064,5879347372530785536,-1.5660179682254343,-33.943303291693255,3.2210748024700604,7.0,7.0,3.2210748024700604,3.6258023461955102
4320461195449352064,5877599934975498240,-1.5660179682254343,-33.7448589578402,3.221052705057018,7.0,7.0,3.221052705057018,3.625768491607983
4320461195449352064,5853234722943657600,-1.5660179682254343,-34.165492016303354,3.2210517913125174,7.0,7.0,3.2210517913125174,3.6257698086365333
4320461195449352064,5878331144574194304,-1.5660179682254343,-35.146102347057436,3.2210515470475682,7.0,7.0,3.2210515470475682,3.625761168075387
4320461195449352064,5854237585002133888,-1.5660179682254343,-34.21390935663812,3.2210467162605365,7.0,7.0,3.2210467162605365,3.6257620229755547
4320461195449352064,5853544377279654656,-1.5660179682254343,-36.529764867454375,3.221041343229612,7.0,7.0,3.221041343229612,3.625765220379267
4320461195449352064,5890995564340234368,-1.5660179682254343,-36.70748043104877,3.2210406454821894,7.0,7.0,3.2210406454821894,3.6257648545332772
4320461195449352064,5864121301183823488,-1.5660179682254343,-36.00911360584487,3.221039684660803,7.0,7.0,3.221039684660803,3.625755468598315
4320461195449352064,5868726773064635904,-1.5660179682254343,-36.50874735653909,3.221039441923324,7.0,7.0,3.221039441923324,3.625757016031819
4320461195449352064,5865152299549771264,-1.5660179682254343,-36.23954028109426,3.2210388283451263,7.0,7.0,3.2210388283451263,3.625755129957954
4320461195449352064,5882784926903517952,-1.5660179682254343,-34.234158491623674,3.2210387640087625,7.0,7.0,3.2210387640087625,3.6257560039590118
4320461195449352064,5859151474291292416,-1.5660179682254343,-36.52124376223585,3.2210381518386004,7.0,7.0,3.2210381518386004,3.6257559594629347
4320461195449352064,5862045113940303232,-1.5660179682254343,-36.513508509841834,3.2210375248160594,7.0,7.0,3.2210375248160594,3.6257535162664185
4320461195449352064,5865159545033841280,-1.5660179682254343,-35.832366713952766,3.2210372440461086,7.0,7.0,3.2210372440461086,3.625753682031288
4320461195449352064,5862110156977174784,-1.5660179682254343,-36.3951538740554,3.221036784678267,7.0,7.0,3.221036784678267,3.6257529048603043
4320461195449352064,5607793392275328640,-1.5660179682254343,59.86384783057561,3.2210355860557307,7.0,7.0,3.2210355860557307,3.625751730607569
2031982665929461504,6027712069996094336,4.870920701590028,-22.068937731197753,3.220222866469504,7.0,7.0,3.484352462289877,3.220222866469504
4314164395446976128,5932569301703870848,-1.4064472565490531,-29.99720902440187,3.220113889730609,7.0,7.0,3.571424497611104,3.220113889730609
4314164395446976128,5887186031454577536,-1.4064472565490531,-31.24861887569381,3.2201129468988285,7.0,7.0,3.5709191192994014,3.2201129468988285
4314164395446976128,5836081345120598656,-1.4064472565490531,-30.966457965194127,3.2200505311939707,7.0,7.0,3.5712377389205603,3.2200505311939707
4314164395446976128,5903264739714238336,-1.4064472565490531,-31.070133099615347,3.2199901534281183,7.0,7.0,3.570970606841507,3.2199901534281183
4314164395446976128,5886466366696738688,-1.4064472565490531,-31.763457865251965,3.2199001755287444,7.0,7.0,3.5709278939488107,3.2199001755287444
4314164395446976128,5879347372530785536,-1.4064472565490531,-33.943303291693255,3.219841900795272,7.0,7.0,3.5708229930862148,3.219841900795272
4314164395446976128,5876688031868273664,-1.4064472565490531,-32.1317748653798,3.219834121282358,7.0,7.0,3.5708569042036786,3.219834121282358
4314164395446976128,5853234722943657600,-1.4064472565490531,-34.165492016303354,3.2198074463902064,7.0,7.0,3.5707858551138996,3.2198074463902064
4314164395446976128,5877599934975498240,-1.4064472565490531,-33.7448589578402,3.2198060517730687,7.0,7.0,3.570787329820528,3.2198060517730687
4314164395446976128,5853544377279654656,-1.4064472565490531,-36.529764867454375,3.219802587830194,7.0,7.0,3.5707689927658697,3.219802587830194
4314164395446976128,5890995564340234368,-1.4064472565490531,-36.70748043104877,3.219802200431535,7.0,7.0,3.5707678666573317,3.219802200431535
4314164395446976128,5854237585002133888,-1.4064472565490531,-34.21390935663812,3.219799202061459,7.0,7.0,3.570777664401859,3.219799202061459
4314164395446976128,5878331144574194304,-1.4064472565490531,-35.146102347057436,3.2197982967975203,7.0,7.0,3.570785460890803,3.2197982967975203
4314164395446976128,5868726773064635904,-1.4064472565490531,-36.50874735653909,3.2197939001492553,7.0,7.0,3.5707659242091414,3.2197939001492553
4314164395446976128,5882784926903517952,-1.4064472565490531,-34.234158491623674,3.219792828453327,7.0,7.0,3.570764830108765,3.219792828453327
4314164395446976128,5859151474291292416,-1.4064472565490531,-36.52124376223585,3.219792781335902,7.0,7.0,3.5707638421144923,3.219792781335902
4314164395446976128,5864121301183823488,-1.4064472565490531,-36.00911360584487,3.2197922615535193,7.0,7.0,3.570766315968153,3.2197922615535193
4314164395446976128,5865152299549771264,-1.4064472565490531,-36.23954028109426,3.219791902963214,7.0,7.0,3.5707649339425673,3.219791902963214
4314164395446976128,5865159545033841280,-1.4064472565490531,-35.832366713952766,3.219790369736443,7.0,7.0,3.5707623770088697,3.219790369736443
4314164395446976128,5862045113940303232,-1.4064472565490531,-36.513508509841834,3.2197901942060505,7.0,7.0,3.570762830149502,3.2197901942060505
4314164395446976128,5862110156977174784,-1.4064472565490531,-36.3951538740554,3.21978954678084,7.0,7.0,3.570761635625214,3.21978954678084
4314164395446976128,5607793392275328640,-1.4064472565490531,59.86384783057561,3.219788303350643,7.0,7.0,3.5707597011421024,3.219788303350643
4320165285017783168,6027712069996094336,-1.3180151471644346,-22.068937731197753,3.2177012239412366,7.0,7.0,3.653653288897075,3.2177012239412366
2033842562903693184,5932569301703870848,5.873788935685492,-29.99720902440187,3.2150877823676938,7.0,7.0,3.4646464795307987,3.2150877823676938
2033842562903693184,5887186031454577536,5.873788935685492,-31.24861887569381,3.215086839838391,7.0,7.0,3.4641371543503015,3.215086839838391
2033842562903693184,5836081345120598656,5.873788935685492,-30.966457965194127,3.2150244441583586,7.0,7.0,3.464458262259156,3.2150244441583586
2033842562903693184,5903264739714238336,5.873788935685492,-31.070133099615347,3.214964085764808,7.0,7.0,3.464189043978221,3.214964085764808
2033842562903693184,5886466366696738688,5.873788935685492,-31.763457865251965,3.2148741367373748,7.0,7.0,3.464145997523998,3.2148741367373748
2033842562903693184,5879347372530785536,5.873788935685492,-33.943303291693255,3.2148158807045166,7.0,7.0,3.4640402774619137,3.2148158807045166
2033842562903693184,5876688031868273664,5.873788935685492,-32.1317748653798,3.214808103688173,7.0,7.0,3.464074453398691,3.214808103688173
2033842562903693184,5853234722943657600,5.873788935685492,-34.165492016303354,3.214781437356583,7.0,7.0,3.464002849473116,3.214781437356583
2033842562903693184,5877599934975498240,5.873788935685492,-33.7448589578402,3.2147800431870155,7.0,7.0,3.464004335695928,3.2147800431870155
2033842562903693184,5853544377279654656,5.873788935685492,-36.529764867454375,3.2147765803558164,7.0,7.0,3.463985855444966,3.2147765803558164
2033842562903693184,5890995564340234368,5.873788935685492,-36.70748043104877,3.214776193081485,7.0,7.0,3.463984720542526,3.214776193081485
2033842562903693184,5854237585002133888,5.873788935685492,-34.21390935663812,3.214773195673673,7.0,7.0,3.463994594798757,3.214773195673673
2033842562903693184,5878331144574194304,5.873788935685492,-35.146102347057436,3.214772290700261,7.0,7.0,3.4640024521714787,3.214772290700261
2033842562903693184,5868726773064635904,5.873788935685492,-36.50874735653909,3.214767895463016,7.0,7.0,3.4639827629255544,3.214767895463016
2033842562903693184,5882784926903517952,5.873788935685492,-34.234158491623674,3.214766824111028,7.0,7.0,3.4639816602812354,3.214766824111028
2033842562903693184,5859151474291292416,5.873788935685492,-36.52124376223585,3.2147667770087254,7.0,7.0,3.463980664571616,3.2147667770087254
2033842562903693184,5864121301183823488,5.873788935685492,-36.00911360584487,3.2147662573931575,7.0,7.0,3.4639831577438516,3.2147662573931575
2033842562903693184,5865152299549771264,5.873788935685492,-36.23954028109426,3.214765898917935,7.0,7.0,3.4639817649258866,3.214765898917935
2033842562903693184,5865159545033841280,5.873788935685492,-35.832366713952766,3.2147643661832266,7.0,7.0,3.4639791880248385,3.2147643661832266
2033842562903693184,5862045113940303232,5.873788935685492,-36.513508509841834,3.2147641907091673,7.0,7.0,3.46397964470409,3.2147641907091673
2033842562903693184,5862110156977174784,5.873788935685492,-36.3951538740554,3.214763543491737,7.0,7.0,3.4639784408516454,3.214763543491737
2033842562903693184,5607793392275328640,5.873788935685492,59.86384783057561,3.2147623004605985,7.0,7.0,3.463976491261971,3.2147623004605985
2025217890612425344,2004103831357741696,2.631692265250517,13.865547560825528,3.211444400522723,10.0,10.0,3.211444400522723,3.726745683833864
4512885247948565376,5887186031454577536,-1.027293880191791,-31.24861887569381,3.2086141908663066,10.0,7.0,3.909735820276131,3.2086141908663066
4512885247948565376,5836081345120598656,-1.027293880191791,-30.966457965194127,3.201756489302253,10.0,7.0,3.936967178757518,3.201756489302253
2021540814501736320,6027712069996094336,3.2978077202738225,-22.068937731197753,3.200838115150129,7.0,7.0,3.546956193876134,3.200838115150129
4512885247948565376,5932569301703870848,-1.027293880191791,-29.99720902440187,3.200079162566061,10.0,7.0,3.9379303376128787,3.200079162566061
4512885247948565376,5903264739714238336,-1.027293880191791,-31.070133099615347,3.197823219152699,10.0,7.0,3.913650581789099,3.197823219152699
1978690990909022336,5932569301703870848,13.41499047438571,-29.99720902440187,3.1965452788243627,7.0,7.0,3.1965452788243627,3.226170525967975
1978690990909022336,5836081345120598656,13.41499047438571,-30.966457965194127,3.1963591680024894,7.0,7.0,3.1963591680024894,3.2261071436588393
1978690990909022336,5903264739714238336,13.41499047438571,-31.070133099615347,3.1960929636723505,7.0,7.0,3.1960929636723505,3.2260467432373185
1978690990909022336,5886466366696738688,13.41499047438571,-31.763457865251965,3.196050399237544,7.0,7.0,3.196050399237544,3.2259567315725115
1978690990909022336,5887186031454577536,13.41499047438571,-31.24861887569381,3.1960416550902906,7.0,7.0,3.1960416550902906,3.2261695827824504
1978690990909022336,5876688031868273664,13.41499047438571,-32.1317748653798,3.1959796563034617,7.0,7.0,3.1959796563034617,3.2258906525361977
1978690990909022336,5879347372530785536,13.41499047438571,-33.943303291693255,3.195945863116485,7.0,7.0,3.195945863116485,3.225898434968831
1978690990909022336,5877599934975498240,13.41499047438571,-33.7448589578402,3.195910323896399,7.0,7.0,3.195910323896399,3.225862572491964
1978690990909022336,5853234722943657600,13.41499047438571,-34.165492016303354,3.1959088543196437,7.0,7.0,3.1959088543196437,3.2258639676325322
1978690990909022336,5878331144574194304,13.41499047438571,-35.146102347057436,3.1959084614678868,7.0,7.0,3.1959084614678868,3.225854814605788
1978690990909022336,5854237585002133888,13.41499047438571,-34.21390935663812,3.1959006921002775,7.0,7.0,3.1959006921002775,3.2258557202094953
1978690990909022336,5853544377279654656,13.41499047438571,-36.529764867454375,3.1958920506312154,7.0,7.0,3.1958920506312154,3.2258591072489917
1978690990909022336,5890995564340234368,13.41499047438571,-36.70748043104877,3.1958909284402863,7.0,7.0,3.1958909284402863,3.2258587197049327
1978690990909022336,5864121301183823488,13.41499047438571,-36.00911360584487,3.195889383145821,7.0,7.0,3.195889383145821,3.2258487770965987
1978690990909022336,5868726773064635904,13.41499047438571,-36.50874735653909,3.195888992749713,7.0,7.0,3.195888992749713,3.225850416307345
1978690990909022336,5865152299549771264,13.41499047438571,-36.23954028109426,3.19588800592822,7.0,7.0,3.19588800592822,3.2258484183717044
1978690990909022336,5882784926903517952,13.41499047438571,-34.234158491623674,3.195887902455651,7.0,7.0,3.195887902455651,3.225849344209179
1978690990909022336,5859151474291292416,13.41499047438571,-36.52124376223585,3.1958869178985734,7.0,7.0,3.1958869178985734,3.22584929707407
1978690990909022336,5862045113940303232,13.41499047438571,-36.513508509841834,3.1958859094541885,7.0,7.0,3.1958859094541885,3.225846708973195
1978690990909022336,5865159545033841280,13.41499047438571,-35.832366713952766,3.1958854578900295,7.0,7.0,3.1958854578900295,3.225846884569469
1978690990909022336,5862110156977174784,13.41499047438571,-36.3951538740554,3.1958847190856505,7.0,7.0,3.1958847190856505,3.225846061304987
1978690990909022336,5607793392275328640,13.41499047438571,59.86384783057561,3.1958827913326577,7.0,7.0,3.1958827913326577,3.2258448174080945
4512885247948565376,5879347372530785536,-1.027293880191791,-33.943303291693255,3.1932429659378214,10.0,7.0,3.909585547067626,3.1932429659378214
4512885247948565376,5886466366696738688,-1.027293880191791,-31.763457865251965,3.1931407174851794,10.0,7.0,3.9136585063554423,3.1931407174851794
4512885247948565376,5890995564340234368,-1.027293880191791,-36.70748043104877,3.1901802503717414,10.0,7.0,3.8995199341321505,3.1901802503717414
4512885247948565376,5853544377279654656,-1.027293880191791,-36.529764867454375,3.1898749401112556,10.0,7.0,3.899873997067347,3.1898749401112556
4512885247948565376,5876688031868273664,-1.027293880191791,-32.1317748653798,3.187392529705057,10.0,7.0,3.9068329785879454,3.187392529705057
1871915630021420672,5932569301703870848,9.334988515462278,-29.99720902440187,3.1868967289063277,7.0,7.0,3.4506182804888805,3.1868967289063277
1871915630021420672,5887186031454577536,9.334988515462278,-31.24861887569381,3.1868961402346554,7.0,7.0,3.4502517083297155,3.1868961402346554
1871915630021420672,5836081345120598656,9.334988515462278,-30.966457965194127,3.1868571701807213,7.0,7.0,3.4504828143372963,3.1868571701807213
1871915630021420672,5903264739714238336,9.334988515462278,-31.070133099615347,3.186819472842696,7.0,7.0,3.4502890535419364,3.186819472842696
1871915630021420672,5886466366696738688,9.334988515462278,-31.763457865251965,3.1867632949775038,7.0,7.0,3.4502580727901995,3.1867632949775038
1871915630021420672,5879347372530785536,9.334988515462278,-33.943303291693255,3.186726911393721,7.0,7.0,3.450181986091408,3.186726911393721
1871915630021420672,5876688031868273664,9.334988515462278,-32.1317748653798,3.186722054308621,7.0,7.0,3.450206582415331,3.186722054308621
1871915630021420672,5853234722943657600,9.334988515462278,-34.165492016303354,3.186705400061582,7.0,7.0,3.450155049371515,3.186705400061582
1871915630021420672,5877599934975498240,9.334988515462278,-33.7448589578402,3.186704529345567,7.0,7.0,3.4501561189960612,3.186704529345567
1871915630021420672,5853544377279654656,9.334988515462278,-36.529764867454375,3.1867023666662924,7.0,7.0,3.450142818895239,3.1867023666662924
1871915630021420672,5890995564340234368,9.334988515462278,-36.70748043104877,3.1867021247977423,7.0,7.0,3.4501420021150944,3.1867021247977423
1871915630021420672,5854237585002133888,9.334988515462278,-34.21390935663812,3.1867002527952315,7.0,7.0,3.4501491085408773,3.1867002527952315
1871915630021420672,5878331144574194304,9.334988515462278,-35.146102347057436,3.186699687602847,7.0,7.0,3.450154763436229,3.186699687602847
1871915630021420672,5868726773064635904,9.334988515462278,-36.50874735653909,3.1866969426009164,7.0,7.0,3.450140593234146,3.1866969426009164
1871915630021420672,5882784926903517952,9.334988515462278,-34.234158491623674,3.1866962734988715,7.0,7.0,3.4501397996701564,3.1866962734988715
1871915630021420672,5859151474291292416,9.334988515462278,-36.52124376223585,3.1866962440816073,7.0,7.0,3.450139083066258,3.1866962440816073
1871915630021420672,5864121301183823488,9.334988515462278,-36.00911360584487,3.186695919560997,7.0,7.0,3.4501408773816284,3.186695919560997
1871915630021420672,5865152299549771264,9.334988515462278,-36.23954028109426,3.1866956956789605,7.0,7.0,3.4501398749820402,3.1866956956789605
1871915630021420672,5865159545033841280,9.334988515462278,-35.832366713952766,3.1866947384252837,7.0,7.0,3.4501380204080068,3.1866947384252837
1871915630021420672,5862045113940303232,9.334988515462278,-36.513508509841834,3.1866946288347795,7.0,7.0,3.450138349076192,3.1866946288347795
1871915630021420672,5862110156977174784,9.334988515462278,-36.3951538740554,3.1866942246218652,7.0,7.0,3.4501374826738265,3.1866942246218652
1871915630021420672,5607793392275328640,9.334988515462278,59.86384783057561,3.186693448299792,7.0,7.0,3.45013607957094,3.186693448299792
4512885247948565376,5853234722943657600,-1.027293880191791,-34.165492016303354,3.186612623838397,10.0,7.0,3.90093970742624,3.186612623838397
4512885247948565376,5877599934975498240,-1.027293880191791,-33.7448589578402,3.1857725248279563,10.0,7.0,3.900312655347418,3.1857725248279563
4512885247948565376,5878331144574194304,-1.027293880191791,-35.146102347057436,3.185540371368542,10.0,7.0,3.903759272334669,3.185540371368542
4512885247948565376,5868726773064635904,-1.027293880191791,-36.50874735653909,3.1853254707913514,10.0,7.0,3.8978801555380063,3.1853254707913514
4512885247948565376,5854237585002133888,-1.027293880191791,-34.21390935663812,3.184853003018681,10.0,7.0,3.8988294878729945,3.184853003018681
4512885247948565376,5859151474291292416,-1.027293880191791,-36.52124376223585,3.1847577258227857,10.0,7.0,3.8965710581795765,3.1847577258227857
4512885247948565376,5864121301183823488,-1.027293880191791,-36.00911360584487,3.184125804498013,10.0,7.0,3.8974073582600655,3.184125804498013
4512885247948565376,5865152299549771264,-1.027293880191791,-36.23954028109426,3.1841117393992597,10.0,7.0,3.896929801974857,3.1841117393992597
4512885247948565376,5882784926903517952,-1.027293880191791,-34.234158491623674,3.1834429872494603,10.0,7.0,3.895338628028359,3.1834429872494603
4512885247948565376,5862045113940303232,-1.027293880191791,-36.513508509841834,3.1834096783434886,10.0,7.0,3.8959195584206503,3.1834096783434886
4512885247948565376,5865159545033841280,-1.027293880191791,-35.832366713952766,3.1832583175453726,10.0,7.0,3.895246090979359,3.1832583175453726
4512885247948565376,5862110156977174784,-1.027293880191791,-36.3951538740554,3.183045628092655,10.0,7.0,3.8951054217991388,3.183045628092655
4512885247948565376,5607793392275328640,-1.027293880191791,59.86384783057561,3.1824290716098314,10.0,7.0,3.8939281442919507,3.1824290716098314
2031982665929461504,5932569301703870848,4.870920701590028,-29.99720902440187,3.180269520877805,7.0,7.0,3.4421780241788986,3.180269520877805
2031982665929461504,5887186031454577536,4.870920701590028,-31.24861887569381,3.180268580655938,7.0,7.0,3.441668522397084,3.180268580655938
2031982665929461504,5836081345120598656,4.870920701590028,-30.966457965194127,3.1802063377337393,7.0,7.0,3.4419897416208305,3.1802063377337393
2031982665929461504,5903264739714238336,4.870920701590028,-31.070133099615347,3.18014612711971,7.0,7.0,3.4417204300072797,3.18014612711971
2031982665929461504,5886466366696738688,4.870920701590028,-31.763457865251965,3.180056398337684,7.0,7.0,3.441677368635214,3.180056398337684
2031982665929461504,5879347372530785536,4.870920701590028,-33.943303291693255,3.1799982849590465,7.0,7.0,3.4415716119420545,3.1799982849590465
2031982665929461504,5876688031868273664,4.870920701590028,-32.1317748653798,3.179990526987291,7.0,7.0,3.4416057997194933,3.179990526987291
2031982665929461504,5853234722943657600,4.870920701590028,-34.165492016303354,3.1799639259581687,7.0,7.0,3.4415341709869827,3.1799639259581687
2031982665929461504,5877599934975498240,4.870920701590028,-33.7448589578402,3.179962535202795,7.0,7.0,3.441535657724649,3.179962535202795
2031982665929461504,5853544377279654656,4.870920701590028,-36.529764867454375,3.1799590808517757,7.0,7.0,3.441517171071927,3.1799590808517757
2031982665929461504,5890995564340234368,4.870920701590028,-36.70748043104877,3.179958694525848,7.0,7.0,3.4415160357763535,3.179958694525848
2031982665929461504,5854237585002133888,4.870920701590028,-34.21390935663812,3.179955704458461,7.0,7.0,3.4415259134530904,3.179955704458461
2031982665929461504,5878331144574194304,4.870920701590028,-35.146102347057436,3.1799548017012644,7.0,7.0,3.4415337735477136,3.1799548017012644
2031982665929461504,5868726773064635904,4.870920701590028,-36.50874735653909,3.1799504172276736,7.0,7.0,3.4415140774812603,3.1799504172276736
2031982665929461504,5882784926903517952,4.870920701590028,-34.234158491623674,3.1799493484993655,7.0,7.0,3.441512974454985,3.1799493484993655
2031982665929461504,5859151474291292416,4.870920701590028,-36.52124376223585,3.1799493015124134,7.0,7.0,3.441511978400452,3.1799493015124134
2031982665929461504,5864121301183823488,4.870920701590028,-36.00911360584487,3.179948783169356,7.0,7.0,3.441514472436323,3.179948783169356
2031982665929461504,5865152299549771264,4.870920701590028,-36.23954028109426,3.17994842557202,7.0,7.0,3.441513079135885,3.17994842557202
2031982665929461504,5865159545033841280,4.870920701590028,-35.832366713952766,3.1799468965908995,7.0,7.0,3.441510501342201,3.1799468965908995
2031982665929461504,5862045113940303232,4.870920701590028,-36.513508509841834,3.179946721546568,7.0,7.0,3.4415109581796455,3.179946721546568
2031982665929461504,5862110156977174784,4.870920701590028,-36.3951538740554,3.179946075914142,7.0,7.0,3.4415097539101898,3.179946075914142
2031982665929461504,5607793392275328640,4.870920701590028,59.86384783057561,3.179944835927129,7.0,7.0,3.4415078036451843,3.179944835927129
4320165285017783168,5932569301703870848,-1.3180151471644346,-29.99720902440187,3.1777553908042933,7.0,7.0,3.6121297441510145,3.1777553908042933
4320165285017783168,5887186031454577536,-1.3180151471644346,-31.24861887569381,3.177754450762789,7.0,7.0,3.6116280972092136,3.177754450762789
4320165285017783168,5836081345120598656,-1.3180151471644346,-30.966457965194127,3.177692219781051,7.0,7.0,3.6119443643273055,3.177692219781051
4320165285017783168,5903264739714238336,-1.3180151471644346,-31.070133099615347,3.1776320207183124,7.0,7.0,3.6116792045896045,3.1776320207183124
4320165285017783168,5886466366696738688,-1.3180151471644346,-31.763457865251965,3.1775423091518604,7.0,7.0,3.6116368070702083,3.1775423091518604
4320165285017783168,5879347372530785536,-1.3180151471644346,-33.943303291693255,3.177484206923808,7.0,7.0,3.6115326807580543,3.177484206923808
4320165285017783168,5876688031868273664,-1.3180151471644346,-32.1317748653798,3.1774764504406727,7.0,7.0,3.611566341486653,3.1774764504406727
4320165285017783168,5853234722943657600,-1.3180151471644346,-34.165492016303354,3.1774498545159133,7.0,7.0,3.6114958170021008,3.1774498545159133
4320165285017783168,5877599934975498240,-1.3180151471644346,-33.7448589578402,3.17744846402741,7.0,7.0,3.611497280819881,3.17744846402741
4320165285017783168,5853544377279654656,-1.3180151471644346,-36.529764867454375,3.177445010339243,7.0,7.0,3.6114790791614078,3.177445010339243
4320165285017783168,5890995564340234368,-1.3180151471644346,-36.70748043104877,3.1774446240874465,7.0,7.0,3.6114779613677834,3.1774446240874465
4320165285017783168,5854237585002133888,-1.3180151471644346,-34.21390935663812,3.1774416345938232,7.0,7.0,3.6114876867681796,3.1774416345938232
4320165285017783168,5878331144574194304,-1.3180151471644346,-35.146102347057436,3.1774407320098565,7.0,7.0,3.6114954256898453,3.1774407320098565
4320165285017783168,5868726773064635904,-1.3180151471644346,-36.50874735653909,3.1774363483776047,7.0,7.0,3.6114760332621643,3.1774363483776047
4320165285017783168,5882784926903517952,-1.3180151471644346,-34.234158491623674,3.1774352798543766,7.0,7.0,3.6114749472403638,3.1774352798543766
4320165285017783168,5859151474291292416,-1.3180151471644346,-36.52124376223585,3.1774352328764404,7.0,7.0,3.611473966541207,3.1774352328764404
4320165285017783168,5864121301183823488,-1.3180151471644346,-36.00911360584487,3.1774347146328483,7.0,7.0,3.6114764221285203,3.1774347146328483
4320165285017783168,5865152299549771264,-1.3180151471644346,-36.23954028109426,3.177434357104133,7.0,7.0,3.611475050307482,3.177434357104133
4320165285017783168,5865159545033841280,-1.3180151471644346,-35.832366713952766,3.1774328284164106,7.0,7.0,3.6114725122535782,3.1774328284164106
4320165285017783168,5862045113940303232,-1.3180151471644346,-36.513508509841834,3.1774326534056687,7.0,7.0,3.611472962048326,3.1774326534056687
4320165285017783168,5862110156977174784,-1.3180151471644346,-36.3951538740554,3.1774320078971336,7.0,7.0,3.6114717763441253,3.1774320078971336
4320165285017783168,5607793392275328640,-1.3180151471644346,59.86384783057561,3.1774307681480654,7.0,7.0,3.6114698561447853,3.1774307681480654
2021540814501736320,5932569301703870848,3.2978077202738225,-29.99720902440187,3.1609444189584788,7.0,7.0,3.504863589202649,3.1609444189584788
2021540814501736320,5887186031454577536,3.2978077202738225,-31.24861887569381,3.160943480168161,7.0,7.0,3.5043550563804438,3.160943480168161
2021540814501736320,5836081345120598656,3.2978077202738225,-30.966457965194127,3.1608813320177673,7.0,7.0,3.504675664774176,3.1608813320177673
2021540814501736320,5903264739714238336,3.2978077202738225,-31.070133099615347,3.1608212130865816,7.0,7.0,3.504406865296581,3.1608212130865816
2021540814501736320,5886466366696738688,3.2978077202738225,-31.763457865251965,3.1607316209447376,7.0,7.0,3.5043638857992248,3.1607316209447376
2021540814501736320,5879347372530785536,3.2978077202738225,-33.943303291693255,3.160673596068282,7.0,7.0,3.50425833017141,3.160673596068282
2021540814501736320,5876688031868273664,3.2978077202738225,-32.1317748653798,3.1606658499116955,7.0,7.0,3.5042924529531567,3.1606658499116955
2021540814501736320,5853234722943657600,3.2978077202738225,-34.165492016303354,3.1606392893958564,7.0,7.0,3.5042209603942016,3.1606392893958564
2021540814501736320,5877599934975498240,3.2978077202738225,-33.7448589578402,3.160637900758627,7.0,7.0,3.5042224443055274,3.160637900758627
2021540814501736320,5853544377279654656,3.2978077202738225,-36.529764867454375,3.1606344516686575,7.0,7.0,3.5042039927962825,3.1606344516686575
2021540814501736320,5890995564340234368,3.2978077202738225,-36.70748043104877,3.160634065931113,7.0,7.0,3.504202859658906,3.160634065931113
2021540814501736320,5854237585002133888,3.2978077202738225,-34.21390935663812,3.1606310804176783,7.0,7.0,3.504212718558095,3.1606310804176783
2021540814501736320,5878331144574194304,3.2978077202738225,-35.146102347057436,3.160630179035407,7.0,7.0,3.504220563710478,3.160630179035407
2021540814501736320,5868726773064635904,3.2978077202738225,-36.50874735653909,3.1606258012395156,7.0,7.0,3.5042009050865257,3.1606258012395156
2021540814501736320,5882784926903517952,3.2978077202738225,-34.234158491623674,3.1606247341389206,7.0,7.0,3.5041998041570976,3.1606247341389206
2021540814501736320,5859151474291292416,3.2978077202738225,-36.52124376223585,3.1606246872235313,7.0,7.0,3.504198809996056,3.1606246872235313
2021540814501736320,5864121301183823488,3.2978077202738225,-36.00911360584487,3.16062416966993,7.0,7.0,3.5042012992907807,3.16062416966993
2021540814501736320,5865152299549771264,3.2978077202738225,-36.23954028109426,3.160623812617229,7.0,7.0,3.504199908639,3.160623812617229
2021540814501736320,5865159545033841280,3.2978077202738225,-35.832366713952766,3.1606222859648088,7.0,7.0,3.5041973357456784,3.1606222859648088
2021540814501736320,5862045113940303232,3.2978077202738225,-36.513508509841834,3.160622111187077,7.0,7.0,3.50419779171468,3.160622111187077
2021540814501736320,5862110156977174784,3.2978077202738225,-36.3951538740554,3.1606214665379766,7.0,7.0,3.5041965897345255,3.1606214665379766
2021540814501736320,5607793392275328640,3.2978077202738225,59.86384783057561,3.1606202284395186,7.0,7.0,3.504194643176945,3.1606202284395186
1979638838645769216,5887186031454577536,13.992623423361778,-31.24861887569381,3.150737094561839,10.0,7.0,4.395690954595461,3.150737094561839
4314393025132914944,5887186031454577536,-1.9704265331367863,-31.24861887569381,3.148543902835402,10.0,7.0,3.7288938446881286,3.148543902835402
4046851570796262656,6027712069996094336,-18.40876332224839,-22.068937731197753,3.1450330671818474,10.0,10.0,4.889595731222358,3.1450330671818474
1979638838645769216,5836081345120598656,13.992623423361778,-30.966457965194127,3.1438410553467455,10.0,7.0,4.437404870098085,3.1438410553467455
1979638838645769216,5932569301703870848,13.992623423361778,-29.99720902440187,3.142154356959192,10.0,7.0,4.438875092178259,3.142154356959192
4314393025132914944,5836081345120598656,-1.9704265331367863,-30.966457965194127,3.141646949936786,10.0,7.0,3.7537425070946235,3.141646949936786
2025217890612425344,2169133616066947584,2.631692265250517,12.897120727574887,3.140868139012284,10.0,10.0,3.140868139012284,3.3109275945802676
4280510268611908480,5887186031454577536,-6.654270217860955,-31.24861887569381,3.1402859621065695,10.0,7.0,3.4560880543583745,3.1402859621065695
4314393025132914944,5932569301703870848,-1.9704265331367863,-29.99720902440187,3.139960028503379,10.0,7.0,3.7546219093405186,3.139960028503379
1979638838645769216,5903264739714238336,13.992623423361778,-31.070133099615347,3.139885812555018,10.0,7.0,4.401704713654556,3.139885812555018
4314393025132914944,5903264739714238336,-1.9704265331367863,-31.070133099615347,3.1376911843851065,10.0,7.0,3.7324643632143713,3.1376911843851065
1979638838645769216,5879347372530785536,13.992623423361778,-33.943303291693255,3.1352799885699603,10.0,7.0,4.3954599979397795,3.1352799885699603
1979638838645769216,5886466366696738688,13.992623423361778,-31.763457865251965,3.135177169489175,10.0,7.0,4.401716881519884,3.135177169489175
4280510268611908480,5836081345120598656,-6.654270217860955,-30.966457965194127,3.1333858632811515,10.0,7.0,3.4776184711665903,3.1333858632811515
4314393025132914944,5879347372530785536,-1.9704265331367863,-33.943303291693255,3.1330847528757193,10.0,7.0,3.7287567968786504,3.1330847528757193
4314393025132914944,5886466366696738688,-1.9704265331367863,-31.763457865251965,3.132981920248023,10.0,7.0,3.7324715915081534,3.132981920248023
1979638838645769216,5890995564340234368,13.992623423361778,-36.70748043104877,3.1322001846845606,10.0,7.0,4.37997166505089,3.1322001846845606
1979638838645769216,5853544377279654656,13.992623423361778,-36.529764867454375,3.131893171426163,10.0,7.0,4.380517083243324,3.131893171426163
4280510268611908480,5932569301703870848,-6.654270217860955,-29.99720902440187,3.1316981741387306,10.0,7.0,3.478381056700776,3.1316981741387306
1979638838645769216,5876688031868273664,13.992623423361778,-32.1317748653798,3.130836495737259,7.0,7.0,3.130836495737259,3.269532551775019
1979638838645769216,5877599934975498240,13.992623423361778,-33.7448589578402,3.1307676006979337,7.0,7.0,3.1307676006979337,3.2695044068144417
1979638838645769216,5853234722943657600,13.992623423361778,-34.165492016303354,3.1307661403919487,7.0,7.0,3.1307661403919487,3.2695058051803945
1979638838645769216,5878331144574194304,13.992623423361778,-35.146102347057436,3.130765750018485,7.0,7.0,3.130765750018485,3.269496630992938
1979638838645769216,5854237585002133888,13.992623423361778,-34.21390935663812,3.130758029663851,7.0,7.0,3.130758029663851,3.269497538690304
1979638838645769216,5864121301183823488,13.992623423361778,-36.00911360584487,3.1307467920523973,7.0,7.0,3.1307467920523973,3.2694905795256104
1979638838645769216,5868726773064635904,13.992623423361778,-36.50874735653909,3.1307464041191313,7.0,7.0,3.1307464041191313,3.2694922225260643
1979638838645769216,5865152299549771264,13.992623423361778,-36.23954028109426,3.1307454235230767,7.0,7.0,3.1307454235230767,3.269490219971375
1979638838645769216,5882784926903517952,13.992623423361778,-34.234158491623674,3.130745320703272,7.0,7.0,3.130745320703272,3.2694911479493047
1979638838645769216,5859151474291292416,13.992623423361778,-36.52124376223585,3.1307443423573535,7.0,7.0,3.1307443423573535,3.2694911007052236
1979638838645769216,5862045113940303232,13.992623423361778,-36.513508509841834,3.1307433402748286,7.0,7.0,3.1307433402748286,3.2694885066208816
1979638838645769216,5865159545033841280,13.992623423361778,-35.832366713952766,3.130742891559403,7.0,7.0,3.130742891559403,3.2694886826231193
1979638838645769216,5862110156977174784,13.992623423361778,-36.3951538740554,3.1307421574158405,7.0,7.0,3.1307421574158405,3.2694878574553172
1979638838645769216,5607793392275328640,13.992623423361778,59.86384783057561,3.1307402418242734,7.0,7.0,3.1307402418242734,3.269486610682632
4314393025132914944,5890995564340234368,-1.9704265331367863,-36.70748043104877,3.1300045435054678,10.0,7.0,3.71957891042025,3.1300045435054678
4314393025132914944,5853544377279654656,-1.9704265331367863,-36.529764867454375,3.129697489859506,10.0,7.0,3.7199016853718168,3.129697489859506
4280510268611908480,5903264739714238336,-6.654270217860955,-31.070133099615347,3.1294282985907467,10.0,7.0,3.459179736673076,3.1294282985907467
4314393025132914944,5876688031868273664,-1.9704265331367863,-32.1317748653798,3.127200907855582,10.0,7.0,3.7262466247795887,3.127200907855582
4314393025132914944,5853234722943657600,-1.9704265331367863,-34.165492016303354,3.126416550960151,10.0,7.0,3.7208732475765185,3.126416550960151
4314393025132914944,5877599934975498240,-1.9704265331367863,-33.7448589578402,3.1255716580996094,10.0,7.0,3.7203015863108715,3.1255716580996094
4314393025132914944,5878331144574194304,-1.9704265331367863,-35.146102347057436,3.125338180035559,10.0,7.0,3.7234439194677313,3.125338180035559
4314393025132914944,5868726773064635904,-1.9704265331367863,-36.50874735653909,3.1251220533447377,10.0,7.0,3.718084094656019,3.1251220533447377
4280510268611908480,5879347372530785536,-6.654270217860955,-33.943303291693255,3.124819776950975,10.0,7.0,3.4559693991417757,3.124819776950975
4280510268611908480,5886466366696738688,-6.654270217860955,-31.763457865251965,3.124716897725499,10.0,7.0,3.459185996273697,3.124716897725499
4314393025132914944,5854237585002133888,-1.9704265331367863,-34.21390935663812,3.1246468900829356,10.0,7.0,3.7189494906519784,3.1246468900829356
4314393025132914944,5859151474291292416,-1.9704265331367863,-36.52124376223585,3.124551069347218,10.0,7.0,3.7168907951286094,3.124551069347218
4314393025132914944,5864121301183823488,-1.9704265331367863,-36.00911360584487,3.1239155432669823,10.0,7.0,3.7176531122422243,3.1239155432669823
4314393025132914944,5865152299549771264,-1.9704265331367863,-36.23954028109426,3.123901397939632,10.0,7.0,3.7172177997580715,3.123901397939632
4314393025132914944,5882784926903517952,-1.9704265331367863,-34.234158491623674,3.1232288314132743,10.0,7.0,3.715767436520658,3.1232288314132743
4314393025132914944,5862045113940303232,-1.9704265331367863,-36.513508509841834,3.1231953325352033,10.0,7.0,3.716296947193817,3.1231953325352033
4314393025132914944,5865159545033841280,-1.9704265331367863,-35.832366713952766,3.123043108489791,10.0,7.0,3.715683091275436,3.123043108489791
4314393025132914944,5862110156977174784,-1.9704265331367863,-36.3951538740554,3.122829206059712,10.0,7.0,3.7155548753542647,3.122829206059712
4314393025132914944,5607793392275328640,-1.9704265331367863,59.86384783057561,3.1222091336071576,10.0,7.0,3.714481848013774,3.1222091336071576
4280510268611908480,5890995564340234368,-6.654270217860955,-36.70748043104877,3.1217381729936786,10.0,7.0,3.44802545883352,3.1217381729936786
4280510268611908480,5853544377279654656,-6.654270217860955,-36.529764867454375,3.1214309804621876,10.0,7.0,3.448304763677388,3.1214309804621876
4280510268611908480,5876688031868273664,-6.654270217860955,-32.1317748653798,3.118933270132191,10.0,7.0,3.4537962799859208,3.118933270132191
4280510268611908480,5853234722943657600,-6.654270217860955,-34.165492016303354,3.118148559088424,10.0,7.0,3.4491455118035597,3.118148559088424
4280510268611908480,5877599934975498240,-6.654270217860955,-33.7448589578402,3.11730328493017,10.0,7.0,3.4486508148784134,3.11730328493017
4280510268611908480,5878331144574194304,-6.654270217860955,-35.146102347057436,3.117069701531813,10.0,7.0,3.451370294817129,3.117069701531813
4280510268611908480,5868726773064635904,-6.654270217860955,-36.50874735653909,3.1168534773478322,10.0,7.0,3.446732028690181,3.1168534773478322
4280510268611908480,5854237585002133888,-6.654270217860955,-34.21390935663812,3.1163780997874846,10.0,7.0,3.447480822276044,3.1163780997874846
4280510268611908480,5859151474291292416,-6.654270217860955,-36.52124376223585,3.116282235843989,10.0,7.0,3.445699575551531,3.116282235843989
4280510268611908480,5864121301183823488,-6.654270217860955,-36.00911360584487,3.1156464232530228,10.0,7.0,3.446359130583784,3.1156464232530228
4280510268611908480,5865152299549771264,-6.654270217860955,-36.23954028109426,3.1156322715498512,10.0,7.0,3.4459824955888476,3.1156322715498512
4280510268611908480,5882784926903517952,-6.654270217860955,-34.234158491623674,3.1149594019354363,10.0,7.0,3.4447277021064164,3.1149594019354363
4280510268611908480,5862045113940303232,-6.654270217860955,-36.513508509841834,3.1149258879645,10.0,7.0,3.4451858001578715,3.1149258879645
4280510268611908480,5865159545033841280,-6.654270217860955,-35.832366713952766,3.114773595338626,10.0,7.0,3.444654733422832,3.114773595338626
4280510268611908480,5862110156977174784,-6.654270217860955,-36.3951538740554,3.1145595965511705,10.0,7.0,3.4445438120702514,3.1145595965511705
4280510268611908480,5607793392275328640,-6.654270217860955,59.86384783057561,3.11393924484271,10.0,7.0,3.4436155540516062,3.11393924484271
4311113353708708864,5932569301703870848,-4.1909205037905375,-29.99720902440187,3.1109950530647477,7.0,7.0,3.1109950530647477,3.620898288080678
4311113353708708864,5836081345120598656,-4.1909205037905375,-30.966457965194127,3.110887712547133,7.0,7.0,3.110887712547133,3.6208379778089332
4311113353708708864,5903264739714238336,-4.1909205037905375,-31.070133099615347,3.1107341827669073,7.0,7.0,3.1107341827669073,3.6207805048999306
4311113353708708864,5886466366696738688,-4.1909205037905375,-31.763457865251965,3.1107096348604797,7.0,7.0,3.1107096348604797,3.620694855961829
4311113353708708864,5887186031454577536,-4.1909205037905375,-31.24861887569381,3.110704591925111,7.0,7.0,3.110704591925111,3.620897390609802
4311113353708708864,5876688031868273664,-4.1909205037905375,-32.1317748653798,3.1106688360955754,7.0,7.0,3.1106688360955754,3.620631979677795
4311113353708708864,5879347372530785536,-4.1909205037905375,-33.943303291693255,3.110649347087274,7.0,7.0,3.110649347087274,3.6206393849073932
4311113353708708864,5877599934975498240,-4.1909205037905375,-33.7448589578402,3.1106288512221143,7.0,7.0,3.1106288512221143,3.6206052606322143
4311113353708708864,5853234722943657600,-4.1909205037905375,-34.165492016303354,3.110628003703106,7.0,7.0,3.110628003703106,3.62060658815235
4311113353708708864,5878331144574194304,-4.1909205037905375,-35.146102347057436,3.1106277771417603,7.0,7.0,3.1106277771417603,3.620597878759515
4311113353708708864,5854237585002133888,-4.1909205037905375,-34.21390935663812,3.1106232964762706,7.0,7.0,3.1106232964762706,3.6205987404699234
4311113353708708864,5853544377279654656,-4.1909205037905375,-36.529764867454375,3.1106183128679294,7.0,7.0,3.1106183128679294,3.6206019633445314
4311113353708708864,5890995564340234368,-4.1909205037905375,-36.70748043104877,3.110617665691391,7.0,7.0,3.110617665691391,3.6206015945841705
4311113353708708864,5864121301183823488,-4.1909205037905375,-36.00911360584487,3.1106167745078137,7.0,7.0,3.1106167745078137,3.620592133879653
4311113353708708864,5868726773064635904,-4.1909205037905375,-36.50874735653909,3.1106165493633138,7.0,7.0,3.1106165493633138,3.620593693640226
4311113353708708864,5865152299549771264,-4.1909205037905375,-36.23954028109426,3.110615980255669,7.0,7.0,3.110615980255669,3.620591792541635
4311113353708708864,5882784926903517952,-4.1909205037905375,-34.234158491623674,3.110615920582238,7.0,7.0,3.110615920582238,3.6205926735051066
4311113353708708864,5859151474291292416,-4.1909205037905375,-36.52124376223585,3.1106153527805906,7.0,7.0,3.1106153527805906,3.620592628654568
4311113353708708864,5862045113940303232,-4.1909205037905375,-36.513508509841834,3.110614771203036,7.0,7.0,3.110614771203036,3.620590165995201
4311113353708708864,5865159545033841280,-4.1909205037905375,-35.832366713952766,3.110614510782576,7.0,7.0,3.110614510782576,3.6205903330805773
4311113353708708864,5862110156977174784,-4.1909205037905375,-36.3951538740554,3.1106140847085486,7.0,7.0,3.1106140847085486,3.6205895497185354
4311113353708708864,5607793392275328640,-4.1909205037905375,59.86384783057561,3.110612972959158,7.0,7.0,3.110612972959158,3.620588366111529
4046851570796262656,2169133616066947584,-18.40876332224839,12.897120727574887,3.0931244972480423,10.0,7.0,5.037864224736206,3.0931244972480423
2025217890612425344,6027712069996094336,2.631692265250517,-22.068937731197753,3.0702927755055485,10.0,10.0,3.0702927755055485,3.3505803489279096
4505886787660255616,5932569301703870848,-3.1881593335627447,-29.99720902440187,3.0599872217069652,10.0,10.0,3.0599872217069652,3.3371484000172567
4505886787660255616,5836081345120598656,-3.1881593335627447,-30.966457965194127,3.0593861359321286,10.0,10.0,3.0593861359321286,3.338709292383803
4505886718970731648,5932569301703870848,-3.2528085686505253,-29.99720902440187,3.057483025253232,10.0,10.0,3.057483025253232,3.321915775906963
4505886718970731648,5836081345120598656,-3.2528085686505253,-30.966457965194127,3.0568828599462106,10.0,10.0,3.0568828599462106,3.3235199428944
4505886787660255616,5886466366696738688,-3.1881593335627447,-31.763457865251965,3.0448709116777826,10.0,10.0,3.0448709116777826,3.3306921383105643
4505886787660255616,5903264739714238336,-3.1881593335627447,-31.070133099615347,3.044865986739672,10.0,10.0,3.044865986739672,3.3350491373843902
4505886787660255616,5887186031454577536,-3.1881593335627447,-31.24861887569381,3.042433865171274,10.0,10.0,3.042433865171274,3.3450914983316826
4505886718970731648,5886466366696738688,-3.2528085686505253,-31.763457865251965,3.042389939423602,10.0,10.0,3.042389939423602,3.31528026442456
4505886718970731648,5903264739714238336,-3.2528085686505253,-31.070133099615347,3.0423850220774513,10.0,10.0,3.0423850220774513,3.3197582747177754
4505886787660255616,5879347372530785536,-3.1881593335627447,-33.943303291693255,3.042340537297514,10.0,10.0,3.042340537297514,3.330787274844467
4505886787660255616,5876688031868273664,-3.1881593335627447,-32.1317748653798,3.040631461807262,10.0,10.0,3.040631461807262,3.325344059859094
4505886718970731648,5887186031454577536,-3.2528085686505253,-31.24861887569381,3.039956651701049,10.0,10.0,3.039956651701049,3.330078836815899
4505886718970731648,5879347372530785536,-3.2528085686505253,-33.943303291693255,3.0398634678509837,10.0,10.0,3.0398634678509837,3.3153780452464154
4505886787660255616,5878331144574194304,-3.1881593335627447,-35.146102347057436,3.038723928099572,10.0,10.0,3.038723928099572,3.3236209439574473
4505886718970731648,5876688031868273664,-3.2528085686505253,-32.1317748653798,3.0381570308380113,10.0,10.0,3.0381570308380113,3.3097833985081886
4505886787660255616,5853234722943657600,-3.1881593335627447,-34.165492016303354,3.036974977376907,10.0,10.0,3.036974977376907,3.324618484022465
4505886787660255616,5877599934975498240,-3.1881593335627447,-33.7448589578402,3.0365861343760945,10.0,10.0,3.0365861343760945,3.32383691977978
4505886787660255616,5853544377279654656,-3.1881593335627447,-36.529764867454375,3.0363141408771446,10.0,10.0,3.0363141408771446,3.327653609080942
4505886718970731648,5878331144574194304,-3.2528085686505253,-35.146102347057436,3.0362524442866334,10.0,10.0,3.0362524442866334,3.3080122864656456
4505886787660255616,5890995564340234368,-3.1881593335627447,-36.70748043104877,3.0360946158384228,10.0,10.0,3.0360946158384228,3.3279376665626565
4505886787660255616,5854237585002133888,-3.1881593335627447,-34.21390935663812,3.035666564518921,10.0,10.0,3.035666564518921,3.3229814802665856
4505886787660255616,5868726773064635904,-3.1881593335627447,-36.50874735653909,3.0350780932978054,10.0,10.0,3.0350780932978054,3.3234210195588676
4505886787660255616,5864121301183823488,-3.1881593335627447,-36.00911360584487,3.034785050651929,10.0,10.0,3.034785050651929,3.322304970926188
4505886718970731648,5853234722943657600,-3.2528085686505253,-34.165492016303354,3.034506197828466,10.0,10.0,3.034506197828466,3.309037615688783
4505886787660255616,5865152299549771264,-3.1881593335627447,-36.23954028109426,3.034489081583311,10.0,10.0,3.034489081583311,3.32229188631879
4505886787660255616,5859151474291292416,-3.1881593335627447,-36.52124376223585,3.034266762788077,10.0,10.0,3.034266762788077,3.322892843837237
4505886718970731648,5877599934975498240,-3.2528085686505253,-33.7448589578402,3.0341179563395015,10.0,10.0,3.0341179563395015,3.3082342796670665
4505886787660255616,5862045113940303232,-3.1881593335627447,-36.513508509841834,3.0338630524545387,10.0,10.0,3.0338630524545387,3.321638770806349
4505886718970731648,5853544377279654656,-3.2528085686505253,-36.529764867454375,3.0338463836539624,10.0,10.0,3.0338463836539624,3.312157234551399
4505886718970731648,5890995564340234368,-3.2528085686505253,-36.70748043104877,3.033627198287868,10.0,10.0,3.033627198287868,3.312449195336443
4505886787660255616,5882784926903517952,-3.1881593335627447,-34.234158491623674,3.0335031078874444,10.0,10.0,3.0335031078874444,3.3216697573316205
4505886787660255616,5865159545033841280,-3.1881593335627447,-35.832366713952766,3.0334457750937145,10.0,10.0,3.0334457750937145,3.32149796349674
4505886787660255616,5862110156977174784,-3.1881593335627447,-36.3951538740554,3.0333586229474294,10.0,10.0,3.0333586229474294,3.321300104259843
4505886718970731648,5854237585002133888,-3.2528085686505253,-34.21390935663812,3.0331998093863834,10.0,10.0,3.0331998093863834,3.3073550038876243
4505886787660255616,5607793392275328640,-3.1881593335627447,59.86384783057561,3.0326293149826253,10.0,10.0,3.0326293149826253,3.320726542714568
4505886718970731648,5868726773064635904,-3.2528085686505253,-36.50874735653909,3.032612249032936,10.0,10.0,3.032612249032936,3.3078067915127054
4505886718970731648,5864121301183823488,-3.2528085686505253,-36.00911360584487,3.0323196600591693,10.0,10.0,3.0323196600591693,3.3066596392085073
4505886718970731648,5865152299549771264,-3.2528085686505253,-36.23954028109426,3.0320241492503555,10.0,10.0,3.0320241492503555,3.30664618987121
4505886718970731648,5859151474291292416,-3.2528085686505253,-36.52124376223585,3.0318021747172583,10.0,10.0,3.0318021747172583,3.307263897270209
4505886718970731648,5862045113940303232,-3.2528085686505253,-36.513508509841834,3.0313990896146215,10.0,10.0,3.0313990896146215,3.3059748669139046
4505886718970731648,5882784926903517952,-3.2528085686505253,-34.234158491623674,3.0310397025878,10.0,10.0,3.0310397025878,3.3060067173660332
4505886718970731648,5865159545033841280,-3.2528085686505253,-35.832366713952766,3.03098245860818,10.0,10.0,3.03098245860818,3.3058301336816824
4505886718970731648,5862110156977174784,-3.2528085686505253,-36.3951538740554,3.0308954414732163,10.0,10.0,3.0308954414732163,3.3056267575161176
4505886718970731648,5607793392275328640,-3.2528085686505253,59.86384783057561,3.030167263506692,10.0,10.0,3.030167263506692,3.305037201244742
2004103831357741696,5932569301703870848,13.865547560825528,-29.99720902440187,3.0160828435721494,7.0,7.0,3.0160828435721494,3.151560840662429
2004103831357741696,5836081345120598656,13.865547560825528,-30.966457965194127,3.0159004004135506,7.0,7.0,3.0159004004135506,3.151497802891867
2004103831357741696,5903264739714238336,13.865547560825528,-31.070133099615347,3.015639443081283,7.0,7.0,3.015639443081283,3.1514377308202834
2004103831357741696,5886466366696738688,13.865547560825528,-31.763457865251965,3.0155977177119255,7.0,7.0,3.0155977177119255,3.1513482085158273
2004103831357741696,5887186031454577536,13.865547560825528,-31.24861887569381,3.0155891459400643,7.0,7.0,3.0155891459400643,3.1515599026037853
2004103831357741696,5876688031868273664,13.865547560825528,-32.1317748653798,3.015528369383919,7.0,7.0,3.015528369383919,3.1512824887552986
2004103831357741696,5879347372530785536,13.865547560825528,-33.943303291693255,3.0154952424138375,7.0,7.0,3.0154952424138375,3.1512902288731204
2004103831357741696,5877599934975498240,13.865547560825528,-33.7448589578402,3.0154604038521384,7.0,7.0,3.0154604038521384,3.151254561391257
2004103831357741696,5853234722943657600,13.865547560825528,-34.165492016303354,3.015458963248624,7.0,7.0,3.015458963248624,3.1512559489458973
2004103831357741696,5878331144574194304,13.865547560825528,-35.146102347057436,3.0154585781420886,7.0,7.0,3.0154585781420886,3.151246845687957
2004103831357741696,5854237585002133888,13.865547560825528,-34.21390935663812,3.0154509619510006,7.0,7.0,3.0154509619510006,3.151247746367501
2004103831357741696,5853544377279654656,13.865547560825528,-36.529764867454375,3.015442490853435,7.0,7.0,3.015442490853435,3.1512511149902216
2004103831357741696,5890995564340234368,13.865547560825528,-36.70748043104877,3.015441390787226,7.0,7.0,3.015441390787226,3.151250729553401
2004103831357741696,5864121301183823488,13.865547560825528,-36.00911360584487,3.015439875959274,7.0,7.0,3.015439875959274,3.151240841007462
2004103831357741696,5868726773064635904,13.865547560825528,-36.50874735653909,3.015439493260092,7.0,7.0,3.015439493260092,3.1512424713050513
2004103831357741696,5865152299549771264,13.865547560825528,-36.23954028109426,3.01543852589447,7.0,7.0,3.01543852589447,3.1512404842331248
2004103831357741696,5882784926903517952,13.865547560825528,-34.234158491623674,3.015438424461935,7.0,7.0,3.015438424461935,3.1512414050363837
2004103831357741696,5859151474291292416,13.865547560825528,-36.52124376223585,3.0154374593161,7.0,7.0,3.0154374593161,3.15124135815757
2004103831357741696,5862045113940303232,13.865547560825528,-36.513508509841834,3.0154364707539294,7.0,7.0,3.0154364707539294,3.151238784129436
2004103831357741696,5865159545033841280,13.865547560825528,-35.832366713952766,3.0154360280926906,7.0,7.0,3.0154360280926906,3.1512389587709078
2004103831357741696,5862110156977174784,13.865547560825528,-36.3951538740554,3.0154353038543924,7.0,7.0,3.0154353038543924,3.151238139982915
2004103831357741696,5607793392275328640,13.865547560825528,59.86384783057561,3.0154334141085304,7.0,7.0,3.0154334141085304,3.151236902849701
4046851570796262656,5887186031454577536,-18.40876332224839,-31.24861887569381,2.925121083571543,10.0,,4.462597817264447,2.925121083571543
4046851570796262656,5836081345120598656,-18.40876332224839,-30.966457965194127,2.9182503603581855,10.0,,4.503742262266679,2.9182503603581855
4046851570796262656,5932569301703870848,-18.40876332224839,-29.99720902440187,2.9165699501995896,10.0,,4.505192559025606,2.9165699501995896
4046851570796262656,5903264739714238336,-18.40876332224839,-31.070133099615347,2.9143099231616882,10.0,,4.468529011063554,2.9143099231616882
2025217890612425344,5932569301703870848,2.631692265250517,-29.99720902440187,2.913380742305259,10.0,,2.913380742305259,3.1780365968644846
2025217890612425344,5836081345120598656,2.631692265250517,-30.966457965194127,2.9128327151356666,10.0,,2.9128327151356666,3.1792904446895474
4046851570796262656,5879347372530785536,-18.40876332224839,-33.943303291693255,2.9097216043640497,10.0,,4.462370034439236,2.9097216043640497
4046851570796262656,5886466366696738688,-18.40876332224839,-31.763457865251965,2.909619179322374,10.0,,4.4685410120222135,2.909619179322374
4046851570796262656,5890995564340234368,-18.40876332224839,-36.70748043104877,2.9066536653097406,10.0,,4.4470950225365735,2.9066536653097406
4046851570796262656,5853544377279654656,-18.40876332224839,-36.529764867454375,2.906347841843287,10.0,,4.44763291304441,2.906347841843287
4046851570796262656,5876688031868273664,-18.40876332224839,-32.1317748653798,2.9038613093897796,10.0,,4.458196334410694,2.9038613093897796
4046851570796262656,5853234722943657600,-18.40876332224839,-34.165492016303354,2.903080127183984,10.0,,4.449251679495668,2.903080127183984
4046851570796262656,5877599934975498240,-18.40876332224839,-33.7448589578402,2.9022386633575707,10.0,,4.448299261777588,2.9022386633575707
4046851570796262656,5878331144574194304,-18.40876332224839,-35.146102347057436,2.9020061345813306,10.0,,4.453532618874309,2.9020061345813306
4046851570796262656,5868726773064635904,-18.40876332224839,-36.50874735653909,2.901790887289369,10.0,,4.444603330345715,2.901790887289369
4046851570796262656,5854237585002133888,-18.40876332224839,-34.21390935663812,2.9013176596507995,10.0,,4.446045979000276,2.9013176596507995
4046851570796262656,5859151474291292416,-18.40876332224839,-36.52124376223585,2.9012222296215184,10.0,,4.442613471523317,2.9012222296215184
4046851570796262656,5864121301183823488,-18.40876332224839,-36.00911360584487,2.90058929803889,10.0,,4.443884733435298,2.90058929803889
4046851570796262656,5865152299549771264,-18.40876332224839,-36.23954028109426,2.90057521052145,10.0,,4.443158827501844,2.90057521052145
4046851570796262656,5882784926903517952,-18.40876332224839,-34.234158491623674,2.8999053958177847,10.0,,4.440739626174332,2.8999053958177847
4046851570796262656,5862045113940303232,-18.40876332224839,-36.513508509841834,2.8998720341620863,10.0,,4.441622963352447,2.8998720341620863
4046851570796262656,5865159545033841280,-18.40876332224839,-35.832366713952766,2.8997204338685747,10.0,,4.440598908049386,2.8997204338685747
2025217890612425344,5886466366696738688,2.631692265250517,-31.763457865251965,2.8996027340505046,10.0,,2.8996027340505046,3.1728519807583133
2025217890612425344,5903264739714238336,2.631692265250517,-31.070133099615347,2.899598246463786,10.0,,2.899598246463786,3.176350524860499
4046851570796262656,5862110156977174784,-18.40876332224839,-36.3951538740554,2.899507408456192,10.0,,4.440384991484676,2.899507408456192
4046851570796262656,5607793392275328640,-18.40876332224839,59.86384783057561,2.8988898818730924,10.0,,4.438594440263992,2.8988898818730924
2025217890612425344,5887186031454577536,2.631692265250517,-31.24861887569381,2.89738220973678,10.0,,2.89738220973678,3.184418818910036
2025217890612425344,5879347372530785536,2.631692265250517,-33.943303291693255,2.897297177823512,10.0,,2.897297177823512,3.172928360009123
2025217890612425344,5876688031868273664,2.631692265250517,-32.1317748653798,2.8957400766703447,10.0,,2.8957400766703447,3.1685592368920252
2025217890612425344,5878331144574194304,2.631692265250517,-35.146102347057436,2.894002284631171,10.0,,2.894002284631171,3.167176516179205
2025217890612425344,5853234722943657600,2.631692265250517,-34.165492016303354,2.892409074825237,10.0,,2.892409074825237,3.1679769738444503
2025217890612425344,5877599934975498240,2.631692265250517,-33.7448589578402,2.89205487193639,10.0,,2.89205487193639,3.1673498168703187
2025217890612425344,5853544377279654656,2.631692265250517,-36.529764867454375,2.891807112095961,10.0,,2.891807112095961,3.17041282765857
2025217890612425344,5890995564340234368,2.631692265250517,-36.70748043104877,2.8916071478176915,10.0,,2.8916071478176915,3.1706408282201433
2025217890612425344,5854237585002133888,2.631692265250517,-34.21390935663812,2.8912172427400784,10.0,,2.8912172427400784,3.1666634221115313
2025217890612425344,5868726773064635904,2.631692265250517,-36.50874735653909,2.8906812240187096,10.0,,2.8906812240187096,3.1670160978013735
2025217890612425344,5864121301183823488,2.631692265250517,-36.00911360584487,2.890414305719393,10.0,,2.890414305719393,3.166120630270253
2025217890612425344,5865152299549771264,2.631692265250517,-36.23954028109426,2.890144724870173,10.0,,2.890144724870173,3.1661101322136154
2025217890612425344,5859151474291292416,2.631692265250517,-36.52124376223585,2.889942229703596,10.0,,2.889942229703596,3.1665923038054267
2025217890612425344,5862045113940303232,2.631692265250517,-36.513508509841834,2.889574521565601,10.0,,2.889574521565601,3.165586137008109
2025217890612425344,5882784926903517952,2.631692265250517,-34.234158491623674,2.8892466809351123,10.0,,2.8892466809351123,3.165610996944848
2025217890612425344,5865159545033841280,2.631692265250517,-35.832366713952766,2.889194462138326,10.0,,2.889194462138326,3.1654731705443737
2025217890612425344,5862110156977174784,2.631692265250517,-36.3951538740554,2.8891150840442505,10.0,,2.8891150840442505,3.1653144346544027
2025217890612425344,5607793392275328640,2.631692265250517,59.86384783057561,2.8884508411807204,10.0,,2.8884508411807204,3.164854298627533
2169133616066947584,6027712069996094336,12.897120727574887,-22.068937731197753,2.8207878908121655,7.0,,3.0207273542428172,2.8207878908121655
2169133616066947584,5932569301703870848,12.897120727574887,-29.99720902440187,2.7827276320766865,7.0,,2.980027158089296,2.7827276320766865
2169133616066947584,5887186031454577536,12.897120727574887,-31.24861887569381,2.7827267370876445,7.0,,2.979535827662311,2.7827267370876445
2169133616066947584,5836081345120598656,12.897120727574887,-30.966457965194127,2.7826674886606804,7.0,,2.979845589616165,2.7826674886606804
2169133616066947584,5903264739714238336,12.897120727574887,-31.070133099615347,2.7826101749008583,7.0,,2.9795858835964273,2.7826101749008583
2169133616066947584,5886466366696738688,12.897120727574887,-31.763457865251965,2.7825247633942656,7.0,,2.9795443583263794,2.7825247633942656
2169133616066947584,5879347372530785536,12.897120727574887,-33.943303291693255,2.7824694462796,7.0,,2.979442374488073,2.7824694462796
2169133616066947584,5876688031868273664,12.897120727574887,-32.1317748653798,2.7824620616103917,7.0,,2.9794753425808893,2.7824620616103917
2169133616066947584,5853234722943657600,12.897120727574887,-34.165492016303354,2.7824367406013684,7.0,,2.9794062693225944,2.7824367406013684
2169133616066947584,5877599934975498240,12.897120727574887,-33.7448589578402,2.7824354167687253,7.0,,2.9794077030166917,2.7824354167687253
2169133616066947584,5853544377279654656,12.897120727574887,-36.529764867454375,2.7824321286403397,7.0,,2.979389875932775,2.7824321286403397
2169133616066947584,5890995564340234368,12.897120727574887,-36.70748043104877,2.7824317609043603,7.0,,2.9793887811427697,2.7824317609043603
2169133616066947584,5854237585002133888,12.897120727574887,-34.21390935663812,2.782428914718767,7.0,,2.9793983064009004,2.782428914718767
2169133616066947584,5878331144574194304,12.897120727574887,-35.146102347057436,2.7824280554022347,7.0,,2.9794058860631063,2.7824280554022347
2169133616066947584,5868726773064635904,12.897120727574887,-36.50874735653909,2.7824238819098737,7.0,,2.9793868927166796,2.7824238819098737
2169133616066947584,5882784926903517952,12.897120727574887,-34.234158491623674,2.782422864608965,7.0,,2.979385829044767,2.782422864608965
2169133616066947584,5859151474291292416,12.897120727574887,-36.52124376223585,2.7824228198830343,7.0,,2.9793848685280357,2.7824228198830343
2169133616066947584,5864121301183823488,12.897120727574887,-36.00911360584487,2.7824223264827537,7.0,,2.9793872735803335,2.7824223264827537
2169133616066947584,5865152299549771264,12.897120727574887,-36.23954028109426,2.7824219860930826,7.0,,2.9793859299908036,2.7824219860930826
2169133616066947584,5865159545033841280,12.897120727574887,-35.832366713952766,2.7824205306869323,7.0,,2.979383444169173,2.7824205306869323
2169133616066947584,5862045113940303232,12.897120727574887,-36.513508509841834,2.7824203640657847,7.0,,2.979383884707284,2.7824203640657847
2169133616066947584,5862110156977174784,12.897120727574887,-36.3951538740554,2.782419749501389,7.0,,2.979382723404526,2.782419749501389
2169133616066947584,5607793392275328640,12.897120727574887,59.86384783057561,2.7824185691829735,7.0,,2.979380842722428,2.7824185691829735
5932569301703870848,6027712069996094336,-29.99720902440187,-22.068937731197753,2.668640909759762,7.0,,2.7379607422419956,2.668640909759762
5887186031454577536,6027712069996094336,-31.24861887569381,-22.068937731197753,2.6686400323585193,7.0,,2.7374878898954678,2.6686400323585193
5836081345120598656,6027712069996094336,-30.966457965194127,-22.068937731197753,2.6685819482709556,7.0,,2.7377860015175357,2.6685819482709556
5903264739714238336,6027712069996094336,-31.070133099615347,-22.068937731197753,2.6685257608760953,7.0,,2.7375360630285153,2.6685257608760953
5886466366696738688,6027712069996094336,-31.763457865251965,-22.068937731197753,2.6684420280111563,7.0,,2.7374960996830566,2.6684420280111563
5879347372530785536,6027712069996094336,-33.943303291693255,-22.068937731197753,2.6683877981284536,7.0,,2.737397952036452,2.6683877981284536
5876688031868273664,6027712069996094336,-32.1317748653798,-22.068937731197753,2.6683805586045963,7.0,,2.73742967998263,2.6683805586045963
5853234722943657600,6027712069996094336,-34.165492016303354,-22.068937731197753,2.6683557352845124,7.0,,2.7373632050556664,2.6683557352845124
5877599934975498240,6027712069996094336,-33.7448589578402,-22.068937731197753,2.6683544374722747,7.0,,2.7373645848171897,2.6683544374722747
5853544377279654656,6027712069996094336,-36.529764867454375,-22.068937731197753,2.6683512139733345,7.0,,2.7373474283546564,2.6683512139733345
5890995564340234368,6027712069996094336,-36.70748043104877,-22.068937731197753,2.668350853465358,7.0,,2.7373463747488596,2.668350853465358
5854237585002133888,6027712069996094336,-34.21390935663812,-22.068937731197753,2.6683480632227847,7.0,,2.7373555416833986,2.6683480632227847
5878331144574194304,6027712069996094336,-35.146102347057436,-22.068937731197753,2.6683472207965155,7.0,,2.737362836213608,2.6683472207965155
5868726773064635904,6027712069996094336,-36.50874735653909,-22.068937731197753,2.6683431293362156,7.0,,2.737344557362342,2.6683431293362156
5882784926903517952,6027712069996094336,-34.234158491623674,-22.068937731197753,2.668342132030896,7.0,,2.7373435337041077,2.668342132030896
5859151474291292416,6027712069996094336,-36.52124376223585,-22.068937731197753,2.668342088184078,7.0,,2.7373426093205433,2.668342088184078
5864121301183823488,6027712069996094336,-36.00911360584487,-22.068937731197753,2.668341604481847,7.0,,2.737344923898506,2.668341604481847
5865152299549771264,6027712069996094336,-36.23954028109426,-22.068937731197753,2.6683412707827214,7.0,,2.737343630852711,2.6683412707827214
5865159545033841280,6027712069996094336,-35.832366713952766,-22.068937731197753,2.668339843983393,7.0,,2.7373412385439204,2.668339843983393
5862045113940303232,6027712069996094336,-36.513508509841834,-22.068937731197753,2.6683396806372794,7.0,,2.7373416625096434,2.6683396806372794
5862110156977174784,6027712069996094336,-36.3951538740554,-22.068937731197753,2.6683390781525,7.0,,2.737340544893376,2.6683390781525
5607793392275328640,6027712069996094336,59.86384783057561,-22.068937731197753,2.6683379210339373,7.0,,2.7373387349598266,2.6683379210339373
5887186031454577536,5932569301703870848,-31.24861887569381,-29.99720902440187,2.631572025222081,7.0,,2.6985726772088516,2.631572025222081
5836081345120598656,5932569301703870848,-30.966457965194127,-29.99720902440187,2.6315143420215006,7.0,,2.698868684392104,2.6315143420215006
5887186031454577536,5836081345120598656,-31.24861887569381,-30.966457965194127,2.6315134706855074,7.0,,2.6983991849055817,2.6315134706855074
5903264739714238336,5932569301703870848,-31.070133099615347,-29.99720902440187,2.6314585424381978,7.0,,2.6986205102475878,2.6314585424381978
5887186031454577536,5903264739714238336,-31.24861887569381,-31.070133099615347,2.631457671111441,7.0,,2.698151032341298,2.631457671111441
5903264739714238336,5836081345120598656,-31.070133099615347,-30.966457965194127,2.6313999891638606,7.0,,2.698447016407238,2.6313999891638606
5886466366696738688,5932569301703870848,-31.763457865251965,-29.99720902440187,2.6313753875344794,7.0,,2.6985808290359135,2.6313753875344794
5886466366696738688,5887186031454577536,-31.763457865251965,-31.24861887569381,2.6313745162214865,7.0,,2.6981113545804836,2.6313745162214865
5879347372530785536,5932569301703870848,-33.943303291693255,-29.99720902440187,2.631321531988139,7.0,,2.698483374326122,2.631321531988139
5879347372530785536,5887186031454577536,-33.943303291693255,-31.24861887569381,2.631320660684061,7.0,,2.6980139083461987,2.631320660684061
5886466366696738688,5836081345120598656,-31.763457865251965,-30.966457965194127,2.631316835185113,7.0,,2.698407336470687,2.631316835185113
5876688031868273664,5932569301703870848,-32.1317748653798,-29.99720902440187,2.6313143424381003,7.0,,2.698514878263255,2.6313143424381003
5876688031868273664,5887186031454577536,-32.1317748653798,-31.24861887569381,2.6313134711352117,7.0,,2.698045409543414,2.6313134711352117
5853234722943657600,5932569301703870848,-34.165492016303354,-29.99720902440187,2.6312896904731757,7.0,,2.6984488726752627,2.6312896904731757
5853234722943657600,5887186031454577536,-34.165492016303354,-31.24861887569381,2.631288819174368,7.0,,2.6979794096960377,2.631288819174368
5877599934975498240,5932569301703870848,-33.7448589578402,-29.99720902440187,2.6312884016198046,7.0,,2.6984502426949137,2.6312884016198046
5877599934975498240,5887186031454577536,-33.7448589578402,-31.24861887569381,2.6312875303212104,7.0,,2.6979807795965334,2.6312875303212104
5853544377279654656,5932569301703870848,-36.529764867454375,-29.99720902440187,2.6312852003728837,7.0,,2.698433207367058,2.6312852003728837
5890995564340234368,5932569301703870848,-36.70748043104877,-29.99720902440187,2.63128484235352,7.0,,2.6984321612003823,2.63128484235352
5853544377279654656,5887186031454577536,-36.529764867454375,-31.24861887569381,2.6312843290748194,7.0,,2.697963745750309,2.6312843290748194
5890995564340234368,5887186031454577536,-36.70748043104877,-31.24861887569381,2.631283971055515,7.0,,2.697962699674623,2.631283971055515
5854237585002133888,5932569301703870848,-34.21390935663812,-29.99720902440187,2.6312820713722136,7.0,,2.6984412634107686,2.6312820713722136
5878331144574194304,5932569301703870848,-35.146102347057436,-29.99720902440187,2.6312812347612877,7.0,,2.698448506437433,2.6312812347612877
5854237585002133888,5887186031454577536,-34.21390935663812,-31.24861887569381,2.631281200074667,7.0,,2.697971801093351,2.631281200074667
5878331144574194304,5887186031454577536,-35.146102347057436,-31.24861887569381,2.63128036346388,7.0,,2.6979790434900615,2.63128036346388
5868726773064635904,5932569301703870848,-36.50874735653909,-29.99720902440187,2.631277171544748,7.0,,2.69843035664577,2.631277171544748
5868726773064635904,5887186031454577536,-36.50874735653909,-31.24861887569381,2.631276300248013,7.0,,2.6979608952769616,2.631276300248013
5882784926903517952,5932569301703870848,-34.234158491623674,-29.99720902440187,2.631276181123939,7.0,,2.698429340215222,2.631276181123939
5859151474291292416,5932569301703870848,-36.52124376223585,-29.99720902440187,2.6312761375798,7.0,,2.698428422358405,2.6312761375798
5864121301183823488,5932569301703870848,-36.00911360584487,-29.99720902440187,2.6312756572166225,7.0,,2.6984307205939544,2.6312756572166225
5865152299549771264,5932569301703870848,-36.23954028109426,-29.99720902440187,2.631275325821061,7.0,,2.6984294366778934,2.631275325821061
5887186031454577536,5882784926903517952,-31.24861887569381,-34.234158491623674,2.631275309827368,7.0,,2.697959878934817,2.631275309827368
5859151474291292416,5887186031454577536,-36.52124376223585,-31.24861887569381,2.6312752662832364,7.0,,2.697958961157831,2.6312752662832364
5864121301183823488,5887186031454577536,-36.00911360584487,-31.24861887569381,2.6312747859201377,7.0,,2.697961259193492,2.6312747859201377
5865152299549771264,5887186031454577536,-36.23954028109426,-31.24861887569381,2.631274454524631,7.0,,2.697959975389099,2.631274454524631
5865159545033841280,5932569301703870848,-35.832366713952766,-29.99720902440187,2.631273908871103,7.0,,2.6984270612603605,2.631273908871103
5862045113940303232,5932569301703870848,-36.513508509841834,-29.99720902440187,2.631273746652588,7.0,,2.6984274822326086,2.631273746652588
5862110156977174784,5932569301703870848,-36.3951538740554,-29.99720902440187,2.6312731483268386,7.0,,2.698426372507446,2.6312731483268386
5865159545033841280,5887186031454577536,-35.832366713952766,-31.24861887569381,2.631273037574908,7.0,,2.697957600178168,2.631273037574908
5862045113940303232,5887186031454577536,-36.513508509841834,-31.24861887569381,2.63127287535642,7.0,,2.6979580211138017,2.63127287535642
5862110156977174784,5887186031454577536,-36.3951538740554,-31.24861887569381,2.631272277030769,7.0,,2.697956911485158,2.631272277030769
5607793392275328640,5932569301703870848,59.86384783057561,-29.99720902440187,2.631271999196017,7.0,,2.698424575353231,2.631271999196017
5607793392275328640,5887186031454577536,59.86384783057561,-31.24861887569381,2.631271127900138,7.0,,2.6979551144872507,2.631271127900138
5879347372530785536,5836081345120598656,-33.943303291693255,-30.966457965194127,2.631262980237861,7.0,,2.6983098848926703,2.631262980237861
5886466366696738688,5903264739714238336,-31.763457865251965,-31.070133099615347,2.631261037695428,7.0,,2.698159183531662,2.631261037695428
5876688031868273664,5836081345120598656,-32.1317748653798,-30.966457965194127,2.6312557907678,7.0,,2.698341387817379,2.6312557907678
5853234722943657600,5836081345120598656,-34.165492016303354,-30.966457965194127,2.631231139077112,7.0,,2.698275384350595,2.631231139077112
5877599934975498240,5836081345120598656,-33.7448589578402,-30.966457965194127,2.6312298502380793,7.0,,2.6982767543262174,2.6312298502380793
5853544377279654656,5836081345120598656,-36.529764867454375,-30.966457965194127,2.6312266490267704,7.0,,2.6982597195458373,2.6312266490267704
5890995564340234368,5836081345120598656,-36.70748043104877,-30.966457965194127,2.631226291011389,7.0,,2.698258673412783,2.631226291011389
5854237585002133888,5836081345120598656,-34.21390935663812,-30.966457965194127,2.631223520060909,7.0,,2.698267775330645,2.631223520060909
5878331144574194304,5836081345120598656,-35.146102347057436,-30.966457965194127,2.63122268345929,7.0,,2.6982750181245354,2.63122268345929
5868726773064635904,5836081345120598656,-36.50874735653909,-30.966457965194127,2.6312186202879513,7.0,,2.6982568689161655,2.6312186202879513
5882784926903517952,5836081345120598656,-34.234158491623674,-30.966457965194127,2.63121762987816,7.0,,2.6982558525182836,2.63121762987816
5859151474291292416,5836081345120598656,-36.52124376223585,-30.966457965194127,2.631217586334506,7.0,,2.6982549346909646,2.631217586334506
5864121301183823488,5836081345120598656,-36.00911360584487,-30.966457965194127,2.631217105976672,7.0,,2.698257232852654,2.631217105976672
5865152299549771264,5836081345120598656,-36.23954028109426,-30.966457965194127,2.6312167745847974,7.0,,2.6982559489778546,2.6312167745847974
5865159545033841280,5836081345120598656,-35.832366713952766,-30.966457965194127,2.631215357650602,7.0,,2.6982535736366637,2.631215357650602
5862045113940303232,5836081345120598656,-36.513508509841834,-30.966457965194127,2.631215195433892,7.0,,2.698253994595382,2.631215195433892
5862110156977174784,5836081345120598656,-36.3951538740554,-30.966457965194127,2.631214597114798,7.0,,2.698252884905884,2.631214597114798
5607793392275328640,5836081345120598656,59.86384783057561,-30.966457965194127,2.6312134479967604,7.0,,2.6982510878094264,2.6312134479967604
5879347372530785536,5903264739714238336,-33.943303291693255,-31.070133099615347,2.6312071833190998,7.0,,2.698061736433788,2.6312071833190998
5876688031868273664,5903264739714238336,-32.1317748653798,-31.070133099615347,2.6311999939252573,7.0,,2.6980932379101796,2.6311999939252573
5853234722943657600,5903264739714238336,-34.165492016303354,-31.070133099615347,2.631175342495914,7.0,,2.6980272374778784,2.631175342495914
5877599934975498240,5903264739714238336,-33.7448589578402,-31.070133099615347,2.6311740536705446,7.0,,2.698028607390515,2.6311740536705446
5853544377279654656,5903264739714238336,-36.529764867454375,-31.070133099615347,2.631170852493174,7.0,,2.698011573393324,2.631170852493174
5890995564340234368,5903264739714238336,-36.70748043104877,-31.070133099615347,2.631170494481588,7.0,,2.698010527308367,2.631170494481588
5854237585002133888,5903264739714238336,-34.21390935663812,-31.070133099615347,2.631167723560485,7.0,,2.6980196288077587,2.631167723560485
5878331144574194304,5903264739714238336,-35.146102347057436,-31.070133099615347,2.631166886967735,7.0,,2.698026871268657,2.631166886967735
5868726773064635904,5903264739714238336,-36.50874735653909,-31.070133099615347,2.6311628238394724,7.0,,2.6980087228947136,2.6311628238394724
5882784926903517952,5903264739714238336,-34.234158491623674,-31.070133099615347,2.6311618334401823,7.0,,2.6980077065435615,2.6311618334401823
5859151474291292416,5903264739714238336,-36.52124376223585,-31.070133099615347,2.6311617898969892,7.0,,2.6980067887584402,2.6311617898969892
5864121301183823488,5903264739714238336,-36.00911360584487,-31.070133099615347,2.6311613095442477,7.0,,2.698009086814469,2.6311613095442477
5865152299549771264,5903264739714238336,-36.23954028109426,-31.070133099615347,2.631160978155886,7.0,,2.698007802998698,2.631160978155886
5865159545033841280,5903264739714238336,-35.832366713952766,-31.070133099615347,2.631159561236713,7.0,,2.6980054277667156,2.631159561236713
5862045113940303232,5903264739714238336,-36.513508509841834,-31.070133099615347,2.631159399021722,7.0,,2.69800584870608,2.631159399021722
5862110156977174784,5903264739714238336,-36.3951538740554,-31.070133099615347,2.6311588007089717,7.0,,2.6980047390676014,2.6311588007089717
5607793392275328640,5903264739714238336,59.86384783057561,-31.070133099615347,2.6311576516031168,7.0,,2.6980029420537677,2.6311576516031168
5879347372530785536,5886466366696738688,-33.943303291693255,-31.763457865251965,2.6311240323863854,7.0,,2.698022059329462,2.6311240323863854
5876688031868273664,5886466366696738688,-32.1317748653798,-31.763457865251965,2.6311168431061316,7.0,,2.698053560574256,2.6311168431061316
5853234722943657600,5886466366696738688,-34.165492016303354,-31.763457865251965,2.6310921920662738,7.0,,2.697987560627194,2.6310921920662738
5877599934975498240,5886466366696738688,-33.7448589578402,-31.763457865251965,2.6310909032612675,7.0,,2.6979889305297586,2.6310909032612675
5853544377279654656,5886466366696738688,-36.529764867454375,-31.763457865251965,2.631087702134475,7.0,,2.6979718966578057,2.631087702134475
5890995564340234368,5886466366696738688,-36.70748043104877,-31.763457865251965,2.631087344128546,7.0,,2.69797085058054,2.631087344128546
5854237585002133888,5886466366696738688,-34.21390935663812,-31.763457865251965,2.6310845732512225,7.0,,2.6979799520130148,2.6310845732512225
5878331144574194304,5886466366696738688,-35.146102347057436,-31.763457865251965,2.631083736671691,7.0,,2.6979871944206644,2.631083736671691
5868726773064635904,5886466366696738688,-36.50874735653909,-31.763457865251965,2.6310796736076263,7.0,,2.6979690461801527,2.6310796736076263
5886466366696738688,5882784926903517952,-31.763457865251965,-34.234158491623674,2.6310786832239836,7.0,,2.697968029836473,2.6310786832239836
5859151474291292416,5886466366696738688,-36.52124376223585,-31.763457865251965,2.6310786396814785,7.0,,2.6979671120581004,2.6310786396814785
5864121301183823488,5886466366696738688,-36.00911360584487,-31.763457865251965,2.631078159336327,7.0,,2.6979694100972327,2.631078159336327
5865152299549771264,5886466366696738688,-36.23954028109426,-31.763457865251965,2.6310778279532014,7.0,,2.6979681262909008,2.6310778279532014
5865159545033841280,5886466366696738688,-35.832366713952766,-31.763457865251965,2.6310764110564153,7.0,,2.6979657510763824,2.6310764110564153
5862045113940303232,5886466366696738688,-36.513508509841834,-31.763457865251965,2.631076248843988,7.0,,2.6979661720126513,2.631076248843988
5862110156977174784,5886466366696738688,-36.3951538740554,-31.763457865251965,2.6310756505406903,7.0,,2.6979650623823317,2.6310756505406903
5607793392275328640,5886466366696738688,59.86384783057561,-31.763457865251965,2.6310745014529915,7.0,,2.69796326538171,2.6310745014529915
5879347372530785536,5876688031868273664,-33.943303291693255,-32.1317748653798,2.631062990205316,7.0,,2.6979561153835254,2.631062990205316
5853234722943657600,5879347372530785536,-34.165492016303354,-33.943303291693255,2.6310383394177217,7.0,,2.6978901166282383,2.6310383394177217
5877599934975498240,5879347372530785536,-33.7448589578402,-33.943303291693255,2.631037050625904,7.0,,2.697891486506066,2.631037050625904
5853544377279654656,5879347372530785536,-36.529764867454375,-33.943303291693255,2.63103384953187,7.0,,2.697874452941706,2.63103384953187
5890995564340234368,5879347372530785536,-36.70748043104877,-33.943303291693255,2.631033491529605,7.0,,2.69787340688333,2.631033491529605
5853234722943657600,5876688031868273664,-34.165492016303354,-32.1317748653798,2.6310311502545365,7.0,,2.6979216171028275,2.6310311502545365
5854237585002133888,5879347372530785536,-34.21390935663812,-33.943303291693255,2.6310307206806374,7.0,,2.6978825081514533,2.6310307206806374
5878331144574194304,5879347372530785536,-35.146102347057436,-33.943303291693255,2.631029884109667,7.0,,2.6978897504283217,2.631029884109667
5877599934975498240,5876688031868273664,-33.7448589578402,-32.1317748653798,2.6310298614644796,7.0,,2.697922986988652,2.6310298614644796
5853544377279654656,5876688031868273664,-36.529764867454375,-32.1317748653798,2.6310266603748196,7.0,,2.6979059533248555,2.6310266603748196
5890995564340234368,5876688031868273664,-36.70748043104877,-32.1317748653798,2.631026302373043,7.0,,2.697904907260373,2.631026302373043
5868726773064635904,5879347372530785536,-36.50874735653909,-33.943303291693255,2.6310258210871815,7.0,,2.697871602515526,2.6310258210871815
5879347372530785536,5882784926903517952,-33.943303291693255,-34.234158491623674,2.631024830713674,7.0,,2.6978705861902,2.631024830713674
5859151474291292416,5879347372530785536,-36.52124376223585,-33.943303291693255,2.631024787171615,7.0,,2.6978696684284,2.631024787171615
5864121301183823488,5879347372530785536,-36.00911360584487,-33.943303291693255,2.6310243068313786,7.0,,2.6978719664260344,2.6310243068313786
5865152299549771264,5879347372530785536,-36.23954028109426,-33.943303291693255,2.6310239754516442,7.0,,2.6978706826428853,2.6310239754516442
5854237585002133888,5876688031868273664,-34.21390935663812,-32.1317748653798,2.6310235315278607,7.0,,2.697914008581627,2.6310235315278607
5878331144574194304,5876688031868273664,-35.146102347057436,-32.1317748653798,2.6310226949580335,7.0,,2.6979212509007735,2.6310226949580335
5865159545033841280,5879347372530785536,-35.832366713952766,-33.943303291693255,2.631022558569358,7.0,,2.6978683074712584,2.631022558569358
5862045113940303232,5879347372530785536,-36.513508509841834,-33.943303291693255,2.631022396358591,7.0,,2.697868728399926,2.631022396358591
5862110156977174784,5879347372530785536,-36.3951538740554,-33.943303291693255,2.6310217980614166,7.0,,2.697867618789644,2.6310217980614166
5607793392275328640,5879347372530785536,59.86384783057561,-33.943303291693255,2.631020648985477,7.0,,2.6978658218214724,2.631020648985477
5868726773064635904,5876688031868273664,-36.50874735653909,-32.1317748653798,2.6310186319410986,7.0,,2.6979031028820355,2.6310186319410986
5876688031868273664,5882784926903517952,-32.1317748653798,-34.234158491623674,2.6310176415689446,7.0,,2.697902086550776,2.6310176415689446
5859151474291292416,5876688031868273664,-36.52124376223585,-32.1317748653798,2.631017598026945,7.0,,2.697901168783619,2.631017598026945
5864121301183823488,5876688031868273664,-36.00911360584487,-32.1317748653798,2.6310171176873642,7.0,,2.6979034667946684,2.6310171176873642
5865152299549771264,5876688031868273664,-36.23954028109426,-32.1317748653798,2.6310167863080833,7.0,,2.697902183004025,2.6310167863080833
5865159545033841280,5876688031868273664,-35.832366713952766,-32.1317748653798,2.631015369427733,7.0,,2.6978998078185317,2.631015369427733
5862045113940303232,5876688031868273664,-36.513508509841834,-32.1317748653798,2.631015207217187,7.0,,2.697900228749657,2.631015207217187
5862110156977174784,5876688031868273664,-36.3951538740554,-32.1317748653798,2.63101460892083,7.0,,2.6978991191328974,2.63101460892083
5607793392275328640,5876688031868273664,59.86384783057561,-32.1317748653798,2.6310134598464603,7.0,,2.697897322154236,2.6310134598464603
5853234722943657600,5877599934975498240,-34.165492016303354,-33.7448589578402,2.6310052108320754,7.0,,2.6978569886385504,2.6310052108320754
5853234722943657600,5853544377279654656,-34.165492016303354,-36.529764867454375,2.63100200975741,7.0,,2.697839955183092,2.63100200975741
5890995564340234368,5853234722943657600,-36.70748043104877,-34.165492016303354,2.6310016517573107,7.0,,2.6978389091314035,2.6310016517573107
5853544377279654656,5877599934975498240,-36.529764867454375,-33.7448589578402,2.6310007209744906,7.0,,2.6978413250481843,2.6310007209744906
5890995564340234368,5877599934975498240,-36.70748043104877,-33.7448589578402,2.631000362974479,7.0,,2.697840278996231,2.631000362974479
5854237585002133888,5853234722943657600,-34.21390935663812,-34.165492016303354,2.6309988809251093,7.0,,2.6978480103413394,2.6309988809251093
5853234722943657600,5878331144574194304,-34.165492016303354,-35.146102347057436,2.6309980443592003,7.0,,2.6978552525719053,2.6309980443592003
5854237585002133888,5877599934975498240,-34.21390935663812,-33.7448589578402,2.6309975921429554,7.0,,2.6978493802084773,2.6309975921429554
5890995564340234368,5853544377279654656,-36.70748043104877,-36.529764867454375,2.630997161902763,7.0,,2.697823245593521,2.630997161902763
5878331144574194304,5877599934975498240,-35.146102347057436,-33.7448589578402,2.630996755577252,7.0,,2.6978566224408818,2.630996755577252
5854237585002133888,5853544377279654656,-34.21390935663812,-36.529764867454375,2.6309943910729254,7.0,,2.697832346777037,2.6309943910729254
5854237585002133888,5890995564340234368,-34.21390935663812,-36.70748043104877,2.6309940330733443,7.0,,2.6978313007268233,2.6309940330733443
5868726773064635904,5853234722943657600,-36.50874735653909,-34.165492016303354,2.630993981361299,7.0,,2.697837104775136,2.630993981361299
5853544377279654656,5878331144574194304,-36.529764867454375,-35.146102347057436,2.6309935545077305,7.0,,2.697839588986579,2.6309935545077305
5890995564340234368,5878331144574194304,-36.70748043104877,-35.146102347057436,2.6309931965082063,7.0,,2.697838542934962,2.6309931965082063
5853234722943657600,5882784926903517952,-34.165492016303354,-34.234158491623674,2.6309929909937844,7.0,,2.6978360884563073,2.6309929909937844
5859151474291292416,5853234722943657600,-36.52124376223585,-34.165492016303354,2.6309929474519884,7.0,,2.697835170700375,2.6309929474519884
5868726773064635904,5877599934975498240,-36.50874735653909,-33.7448589578402,2.630992692580346,7.0,,2.6978384746395045,2.630992692580346
5864121301183823488,5853234722943657600,-36.00911360584487,-34.165492016303354,2.6309924671146585,7.0,,2.6978374686833173,2.6309924671146585
5865152299549771264,5853234722943657600,-36.23954028109426,-34.165492016303354,2.6309921357369297,7.0,,2.6978361849083763,2.6309921357369297
5877599934975498240,5882784926903517952,-33.7448589578402,-34.234158491623674,2.6309917022130738,7.0,,2.697837458320418,2.6309917022130738
5859151474291292416,5877599934975498240,-36.52124376223585,-33.7448589578402,2.6309916586712885,7.0,,2.697836540564253,2.6309916586712885
5864121301183823488,5877599934975498240,-36.00911360584487,-33.7448589578402,2.6309911783340763,7.0,,2.697838838547779,2.6309911783340763
5865152299549771264,5877599934975498240,-36.23954028109426,-33.7448589578402,2.6309908469564283,7.0,,2.6978375547725117,2.6309908469564283
5865159545033841280,5853234722943657600,-35.832366713952766,-34.165492016303354,2.6309907188632162,7.0,,2.697833809751934,2.6309907188632162
5862045113940303232,5853234722943657600,-36.513508509841834,-34.165492016303354,2.6309905566534306,7.0,,2.6978342306779113,2.6309905566534306
5854237585002133888,5878331144574194304,-34.21390935663812,-35.146102347057436,2.630990425680457,7.0,,2.69784764414428,2.630990425680457
5862110156977174784,5853234722943657600,-36.3951538740554,-34.165492016303354,2.6309899583598764,7.0,,2.6978331210747233,2.6309899583598764
5868726773064635904,5853544377279654656,-36.50874735653909,-36.529764867454375,2.6309894915132963,7.0,,2.6978214412424912,2.6309894915132963
5865159545033841280,5877599934975498240,-35.832366713952766,-33.7448589578402,2.6309894300830625,7.0,,2.697835179615467,2.6309894300830625
5862045113940303232,5877599934975498240,-36.513508509841834,-33.7448589578402,2.630989267873316,7.0,,2.6978356005415502,2.630989267873316
5868726773064635904,5890995564340234368,-36.50874735653909,-36.70748043104877,2.6309891335140487,7.0,,2.6978203951943924,2.6309891335140487
5607793392275328640,5853234722943657600,59.86384783057561,-34.165492016303354,2.6309888092908897,7.0,,2.6978313241180403,2.6309888092908897
5862110156977174784,5877599934975498240,-36.3951538740554,-33.7448589578402,2.6309886695799087,7.0,,2.697834490938081,2.6309886695799087
5853544377279654656,5882784926903517952,-36.529764867454375,-34.234158491623674,2.6309885011466263,7.0,,2.697820424926613,2.6309885011466263
5859151474291292416,5853544377279654656,-36.52124376223585,-36.529764867454375,2.6309884576048677,7.0,,2.697819507173345,2.6309884576048677
5890995564340234368,5882784926903517952,-36.70748043104877,-34.234158491623674,2.630988143147446,7.0,,2.697819378878711,2.630988143147446
5859151474291292416,5890995564340234368,-36.52124376223585,-36.70748043104877,2.6309880996056902,7.0,,2.697818461125621,2.6309880996056902
5864121301183823488,5853544377279654656,-36.00911360584487,-36.529764867454375,2.6309879772679476,7.0,,2.6978218051496166,2.6309879772679476
5865152299549771264,5853544377279654656,-36.23954028109426,-36.529764867454375,2.6309876458905013,7.0,,2.697820521378402,2.6309876458905013
5864121301183823488,5890995564340234368,-36.00911360584487,-36.70748043104877,2.630987619268803,7.0,,2.697820759101447,2.630987619268803
5607793392275328640,5877599934975498240,59.86384783057561,-33.7448589578402,2.6309875205112028,7.0,,2.6978326939809416,2.6309875205112028
5865152299549771264,5890995564340234368,-36.23954028109426,-36.70748043104877,2.630987287891379,7.0,,2.697819475330481,2.630987287891379
5868726773064635904,5854237585002133888,-36.50874735653909,-34.21390935663812,2.6309863626884384,7.0,,2.6978294963731,2.6309863626884384
5865159545033841280,5853544377279654656,-35.832366713952766,-36.529764867454375,2.630986229017997,7.0,,2.6978181462288555,2.630986229017997
5862045113940303232,5853544377279654656,-36.513508509841834,-36.529764867454375,2.6309860668083496,7.0,,2.69781856715361,2.6309860668083496
5865159545033841280,5890995564340234368,-35.832366713952766,-36.70748043104877,2.6309858710189715,7.0,,2.697817100181395,2.6309858710189715
5862045113940303232,5890995564340234368,-36.513508509841834,-36.70748043104877,2.6309857088093347,7.0,,2.697817521106068,2.6309857088093347
5868726773064635904,5878331144574194304,-36.50874735653909,-35.146102347057436,2.63098552612452,7.0,,2.6978367385788165,2.63098552612452
5862110156977174784,5853544377279654656,-36.3951538740554,-36.529764867454375,2.6309854685153056,7.0,,2.697817457553643,2.6309854685153056
5854237585002133888,5882784926903517952,-34.21390935663812,-34.234158491623674,2.6309853723223573,7.0,,2.697828480055705,2.6309853723223573
5859151474291292416,5854237585002133888,-36.52124376223585,-34.21390935663812,2.6309853287806244,7.0,,2.6978275623010664,2.6309853287806244
5862110156977174784,5890995564340234368,-36.3951538740554,-36.70748043104877,2.630985110516332,7.0,,2.6978164115063166,2.630985110516332
5864121301183823488,5854237585002133888,-36.00911360584487,-34.21390935663812,2.63098484844399,7.0,,2.6978298602807693,2.63098484844399
5878331144574194304,5882784926903517952,-35.146102347057436,-34.234158491623674,2.6309845357585964,7.0,,2.697835722260057,2.6309845357585964
5865152299549771264,5854237585002133888,-36.23954028109426,-34.21390935663812,2.6309845170667407,7.0,,2.6978285765076375,2.6309845170667407
5859151474291292416,5878331144574194304,-36.52124376223585,-35.146102347057436,2.6309844922168706,7.0,,2.697834804504187,2.6309844922168706
5607793392275328640,5853544377279654656,59.86384783057561,-36.529764867454375,2.630984319447299,7.0,,2.697815660602177,2.630984319447299
5864121301183823488,5878331144574194304,-36.00911360584487,-35.146102347057436,2.6309840118803125,7.0,,2.697837102486974,2.6309840118803125
5607793392275328640,5890995564340234368,59.86384783057561,-36.70748043104877,2.630983961448404,7.0,,2.697814614555199,2.630983961448404
5865152299549771264,5878331144574194304,-36.23954028109426,-35.146102347057436,2.6309836805031157,7.0,,2.6978358187121194,2.6309836805031157
5865159545033841280,5854237585002133888,-35.832366713952766,-34.21390935663812,2.6309831001950794,7.0,,2.697826201354545,2.6309831001950794
5862045113940303232,5854237585002133888,-36.513508509841834,-34.21390935663812,2.6309829379855283,7.0,,2.697826622279928,2.6309829379855283
5862110156977174784,5854237585002133888,-36.3951538740554,-34.21390935663812,2.6309823396928405,7.0,,2.6978255126783046,2.6309823396928405
5865159545033841280,5878331144574194304,-35.832366713952766,-35.146102347057436,2.6309822636316795,7.0,,2.697833443555839,2.6309822636316795
5862045113940303232,5878331144574194304,-36.513508509841834,-35.146102347057436,2.630982101422154,7.0,,2.697833864481787,2.630982101422154
5862110156977174784,5878331144574194304,-36.3951538740554,-35.146102347057436,2.6309815031295614,7.0,,2.6978327548786742,2.6309815031295614
5607793392275328640,5854237585002133888,59.86384783057561,-34.21390935663812,2.630981190625517,7.0,,2.697823715724156,2.630981190625517
5868726773064635904,5882784926903517952,-36.50874735653909,-34.234158491623674,2.6309804727711255,7.0,,2.6978175745289747,2.6309804727711255
5859151474291292416,5868726773064635904,-36.52124376223585,-36.50874735653909,2.6309804292294334,7.0,,2.697816656776191,2.6309804292294334
5607793392275328640,5878331144574194304,59.86384783057561,-35.146102347057436,2.630980354062421,7.0,,2.6978309579221134,2.630980354062421
5868726773064635904,5864121301183823488,-36.50874735653909,-36.00911360584487,2.630979948893246,7.0,,2.6978189547512494,2.630979948893246
5865152299549771264,5868726773064635904,-36.23954028109426,-36.50874735653909,2.630979617516305,7.0,,2.6978176709807125,2.630979617516305
5859151474291292416,5882784926903517952,-36.52124376223585,-34.234158491623674,2.630979438864469,7.0,,2.6978156404612146,2.630979438864469
5864121301183823488,5882784926903517952,-36.00911360584487,-34.234158491623674,2.6309789585283725,7.0,,2.6978179384358394,2.6309789585283725
5859151474291292416,5864121301183823488,-36.52124376223585,-36.00911360584487,2.6309789149866925,7.0,,2.697817020682994,2.6309789149866925
5865152299549771264,5882784926903517952,-36.23954028109426,-34.234158491623674,2.630978627151494,7.0,,2.697816654665544,2.630978627151494
5859151474291292416,5865152299549771264,-36.52124376223585,-36.23954028109426,2.630978583609817,7.0,,2.697815736912918,2.630978583609817
5865159545033841280,5868726773064635904,-35.832366713952766,-36.50874735653909,2.630978200645963,7.0,,2.6978152958324206,2.630978200645963
5865152299549771264,5864121301183823488,-36.23954028109426,-36.00911360584487,2.630978103273798,7.0,,2.6978180348875838,2.630978103273798
5862045113940303232,5868726773064635904,-36.513508509841834,-36.50874735653909,2.630978038436563,7.0,,2.697815716756953,2.630978038436563
5862110156977174784,5868726773064635904,-36.3951538740554,-36.50874735653909,2.6309774401444326,7.0,,2.697814607157572,2.6309774401444326
5865159545033841280,5882784926903517952,-35.832366713952766,-34.234158491623674,2.630977210281418,7.0,,2.6978142795177,2.630977210281418
5859151474291292416,5865159545033841280,-36.52124376223585,-35.832366713952766,2.6309771667397532,7.0,,2.697813361765477,2.6309771667397532
5862045113940303232,5882784926903517952,-36.513508509841834,-34.234158491623674,2.630977048072049,7.0,,2.697814700442153,2.630977048072049
5862045113940303232,5859151474291292416,-36.513508509841834,-36.52124376223585,2.630977004530385,7.0,,2.6978137826898587,2.630977004530385
5865159545033841280,5864121301183823488,-35.832366713952766,-36.00911360584487,2.6309766864038635,7.0,,2.6978156597391316,2.6309766864038635
5862045113940303232,5864121301183823488,-36.513508509841834,-36.00911360584487,2.6309765241945104,7.0,,2.697816080663692,2.6309765241945104
5862110156977174784,5882784926903517952,-36.3951538740554,-34.234158491623674,2.6309764497800305,7.0,,2.6978135908429812,2.6309764497800305
5862110156977174784,5859151474291292416,-36.3951538740554,-36.52124376223585,2.630976406238372,7.0,,2.697812673090876,2.630976406238372
5865152299549771264,5865159545033841280,-36.23954028109426,-35.832366713952766,2.6309763550271286,7.0,,2.6978143759693785,2.6309763550271286
5607793392275328640,5868726773064635904,59.86384783057561,-36.50874735653909,2.630976291078179,7.0,,2.697812810207055,2.630976291078179
5862045113940303232,5865152299549771264,-36.513508509841834,-36.23954028109426,2.6309761928177853,7.0,,2.6978147968938395,2.6309761928177853
5862110156977174784,5864121301183823488,-36.3951538740554,-36.00911360584487,2.630975925902552,7.0,,2.6978149710642367,2.630975925902552
5862110156977174784,5865152299549771264,-36.3951538740554,-36.23954028109426,2.6309755945258644,7.0,,2.6978136872946474,2.6309755945258644
5607793392275328640,5882784926903517952,59.86384783057561,-34.234158491623674,2.630975300713993,7.0,,2.697811793892803,2.630975300713993
5607793392275328640,5859151474291292416,59.86384783057561,-36.52124376223585,2.630975257172344,7.0,,2.6978108761410025,2.630975257172344
5607793392275328640,5864121301183823488,59.86384783057561,-36.00911360584487,2.630974776836629,7.0,,2.6978131741135987,2.630974776836629
5862045113940303232,5865159545033841280,-36.513508509841834,-35.832366713952766,2.6309747759483653,7.0,,2.697812421746813,2.6309747759483653
5607793392275328640,5865152299549771264,59.86384783057561,-36.23954028109426,2.6309744454600144,7.0,,2.6978118903444375,2.6309744454600144
5862110156977174784,5865159545033841280,-36.3951538740554,-35.832366713952766,2.6309741776566056,7.0,,2.6978113121481093,2.6309741776566056
5862110156977174784,5862045113940303232,-36.3951538740554,-36.513508509841834,2.6309740154473293,7.0,,2.6978117330723315,2.6309740154473293
5607793392275328640,5865159545033841280,59.86384783057561,-35.832366713952766,2.630973028591064,7.0,,2.6978095151986903,2.630973028591064
5607793392275328640,5862045113940303232,59.86384783057561,-36.513508509841834,2.630972866381824,7.0,,2.6978099361227716,2.630972866381824
5607793392275328640,5862110156977174784,59.86384783057561,-36.3951538740554,2.630972268090281,7.0,,2.697808826524579,2.630972268090281
