source_id,x,y,z,R,phi,U,V,eU,eV,Dist,e_mu,ruwe,rv_nb_transits,rv_error
4060754379934213632,-6.320770427346961,0.05041069762431616,0.022373694487576364,6.320971446989684,3.1336174187004766,-6.357280945099752,-5.000801147517706,1.412396931222467,0.385375113327663,1.83,0.053,0.7409949,16,1.4688671
4063689427455040512,-6.8908536963705895,0.043490796704828805,-0.010742234265860243,6.890990938477734,3.1352813573163405,-12.970327375968116,12.314108825483885,1.7146805744230018,0.13689315082727457,1.26,0.044,0.8290687,9,1.7157663
4063755947910057984,-6.760876547579878,0.0493843618866488,0.007041000843310326,6.761056907526704,3.1342883516592837,8.058449987436825,-8.078874592880766,1.7706364074372478,1.2884293571583174,1.39,0.131,0.86604464,19,1.8443878
4063883590025929216,-6.691619670084918,0.06862492673182585,0.0007202770222552403,6.691971547282336,3.131337659365141,41.00142391963073,-11.34230247263855,2.6338121442674636,1.0804869270508777,1.46,0.11,0.92581373,17,2.6194646
4063826557167149568,-6.821711591375844,0.06620085085365796,-0.0076255860174288025,6.822032804711899,3.1318885240753276,6.723213860580836,12.117800291017375,1.9912822515944102,0.1810931899399737,1.33,0.039,0.73667186,23,2.0209274
4067683678353887232,-4.819392460569732,0.23683296149585975,0.08659210015928959,4.825208134438066,3.0924904905464357,29.46652756061219,-61.300599034224746,3.5347296217516235,2.7980765399646064,3.34,0.11,1.1092546,21,3.6636922
4116471792510901248,-6.656973484466403,0.10773478633195482,0.10178385807745582,6.657845203748338,3.1254103175295014,9.69597708610769,14.24263072530323,1.1906057875402665,0.1744209875319166,1.5,0.038,0.75773543,8,1.0579654
4069642286496840192,-6.652652689606853,0.1945512101211585,-0.008867196482860887,6.655496824572371,3.1123568304927036,-10.105815289588453,-13.632678852498003,4.215208466201247,2.01201015131707,1.51,0.171,1.2839025,14,4.124569
4095359073189127680,-6.157977797200287,0.3900435452482316,0.030419270908300874,6.170318024056905,3.07833760379779,3.8079519277434204,-6.666130052142307,2.2234580472528958,1.2545414522597063,2.03,0.15,1.2135363,8,2.2003527
4095782655730996224,-6.1050099502288635,0.43107412877991275,0.022773741100060193,6.120210077840204,3.071099753919926,21.80230751445837,-6.927466955665494,2.401684935104241,0.8186444717732194,2.09,0.056,1.0123743,11,2.4561837
4092905375639902208,-7.530139403014273,0.15118515187621767,-0.04468157892152364,7.531656947775568,3.1215180129386146,27.14602716547948,-3.8978175742915653,3.627087449662897,1.4319403059120572,0.64,0.121,0.8526962,12,3.8034997
4097663134168262656,-5.9218154278712625,0.5701323149931369,0.017785201714040463,5.949197325553552,3.0456118685875495,19.113360742257733,-15.620412671688229,2.580257456372233,1.286914590920544,2.3,0.064,0.9354144,9,2.7268455
4085919765884068864,-7.347485755352601,0.2100874849652537,-0.12654966661467645,7.3504886692279445,3.1130073297714245,10.486476013274245,-6.277740515854248,3.169953401572991,1.2638472134086574,0.84,0.115,0.8201806,13,3.0918407
4096979650282842112,-6.692181643046133,0.3902915251769268,-0.04493386185352664,6.703552984660342,3.0833381187497837,0.4320831569379907,7.04810360165601,2.4644128230908344,0.7961560216564677,1.51,0.131,1.1003364,9,2.3288589
4087335043492541440,9.641859785994452,5.7568061829237935,-3.783348633165336,11.22970514129942,0.5382577893113815,-142.409431737392,-159.2538445268773,2.683231509182578,14.043611875181698,19.08,0.125,1.3867104,14,2.6109014
4152865318042753024,-4.043978423836214,1.3732706344596304,0.06574799372606294,4.270788419943323,2.814227028746688,-19.46230584498562,-33.98458737110013,5.150500954036607,2.982972435033803,4.33,0.111,0.98611003,13,4.5852494
4175017625462647296,-7.597024329431611,0.20780415495105695,0.11055899960029955,7.599865869131556,3.114246110733474,4.682254674373783,-6.697528764177889,1.2964445760600516,0.7560660524774218,0.6,0.077,1.031427,21,1.4324464
4155514178988015616,-6.517196234416559,0.6827476537876986,-0.021212632737814766,6.552861292339857,3.037212447323315,70.56702255890205,9.022213797000319,4.447799780370827,3.224316697110786,1.77,0.178,1.2140957,8,4.9324765
4156360424971736064,-6.584791031535428,0.6634151431346678,0.008153754480166916,6.618126062650196,3.041181865974891,27.561297407129167,13.216176389754821,2.1796790369572565,1.1716027569695417,1.7,0.117,1.3029011,11,1.9686121
4155550943909053440,-6.348278148380947,0.7708994098884594,-0.027953798018527713,6.394913709298774,3.0207499209481816,-24.088583632879775,2.8706236047244147,2.1889874909322344,0.8215087961117449,1.96,0.11,0.91728014,10,1.6578872
4251917636212432384,-7.182131515871741,0.45490820376793145,-0.0290357201771853,7.196523784795926,3.0783382663454355,-18.62180773137554,13.892567821430788,2.736223788399581,1.5092594026272121,1.07,0.034,0.8428184,16,3.1742196
4253017873709602304,-7.969238550350206,0.08559072855066455,0.0050567983502893795,7.969698165250782,3.1308529276727515,-16.177895445438516,3.2460523492077016,2.464485494740646,1.2035929284743672,0.2,0.05,0.9773883,12,3.041817
4253603501158148608,-6.09469617731051,1.05426149856456,-0.013644650988532823,6.185207256113488,2.9703074809098013,17.649558560318848,21.338047599230805,4.063059306137971,3.009527532635238,2.31,0.037,0.8354727,10,4.9264083
4256655397447716864,-5.6477858577708435,1.3217786573508632,-0.021608204606831497,5.800395151562054,2.911695538479401,4.77693883781731,-10.78990731875993,2.099303113889489,1.6210036191537018,2.83,0.084,1.027771,11,1.4839094
4255149654998407168,-5.173010585352967,1.5785301808091703,-0.04634151727935721,5.408492955334164,2.8454202867312404,81.23674803001472,-14.916746718943642,3.775998976787618,4.204089306290335,3.37,0.123,0.96916926,10,4.995598
4256740751371777536,-5.899750423743216,1.199534843200139,0.00433524430937748,6.020460024160067,2.9410072264927396,-4.536150244013261,-3.22331304007875,3.0087107060712794,2.3906875508987717,2.55,0.059,0.9373219,10,3.8615363
4258175403559021568,-5.621413121605142,1.3573629831068557,-0.021398247972757443,5.7829680745844705,2.9046648614606068,28.486084099315537,9.834201325781578,3.4286944674987656,2.8082588069619296,2.87,0.072,0.9645215,10,4.161436
4270195818718228480,-3.062010353715565,2.740029929820057,0.36427043894518096,4.108974497678347,2.4116319727920073,50.75113998982987,-43.04372239131865,4.416751178764875,3.138904084065912,5.79,0.147,1.0984279,9,2.841772
4258250788823152128,-5.818674196890802,1.2598930136449393,-0.004411962666242224,5.953511553309874,2.928358577421421,31.497967092067956,20.94973961172508,4.221254377686323,3.2740401221315545,2.65,0.069,1.0302378,9,4.77503
4255229094685654528,-6.49609348306165,0.9129127781589563,-0.05185530867305652,6.559926850293526,3.0019744080947763,-18.35826782626415,3.692328614486513,3.4813257455961124,2.5559451059287834,1.89,0.051,0.7990917,9,3.9164276
4190143160245024256,-7.068890841795041,0.6099272787546774,-0.4131833115602545,7.095155320257823,3.055522516094093,5.442479368074157,-28.467406130189687,2.1590982608686855,1.7051525303654023,1.31,0.037,0.95236385,20,2.667937
4258676785168631808,-6.376488097393343,1.0080134553026727,0.018576234376259947,6.455671272785675,2.9848072377830044,13.970217148176793,1.6762354539938542,2.9169602290965053,2.3092407558531653,2.04,0.124,1.1667086,11,3.1018891
4258763474777908224,-6.435561540892357,1.0084779718494365,-0.05597612244510616,6.51409856897471,2.9861528022268016,7.123318372425751,9.303785394966667,2.010111774708179,1.557471859617394,1.99,0.043,0.8638708,10,2.3673167
4255877286812856832,0.3759487825665424,5.149991645131811,-0.42660537779286684,5.163695520849455,1.4979257034270952,-24.44346201192112,-5.554836694707689,6.3761924006034505,8.116576927712854,9.97,0.142,1.0563542,8,1.8427788
4266218129306491392,-5.566726802417685,1.6948946846314283,-0.0407729173622749,5.8190304419849275,2.8460410927680377,27.231221597617804,24.627814736887785,5.683877913582139,3.431906289309044,3.09,0.157,1.0138818,9,4.131281
4278937245406806016,-0.7556076843251791,4.917326649091297,0.42381609276867327,4.975042145195828,1.7232660397050892,-82.86643749918336,10.069773888587207,16.323613291830853,5.487759995569663,8.89,0.19,1.0187856,15,4.0775247
4268696016141950464,-6.015964141079747,1.5541342578094886,-0.007367880588689144,6.213465847500446,2.8887847741365293,37.33992985488705,20.30108711206688,3.2788002794933653,2.6822521379286983,2.64,0.142,1.189544,12,3.087443
4268629255170482176,-6.655645932001695,1.0903347368375886,-0.018616957277247912,6.744364507537045,2.9792139800197552,19.971314456214696,19.43222915757724,1.9509789789388094,1.376009756509341,1.85,0.121,1.1722404,15,1.6824921
4280905543011090432,-6.771765751385864,1.0289411203167524,0.017975672226197507,6.84949131109174,2.9908003036832205,20.407288006999305,18.525274017086872,3.226117081657402,2.6985536529042737,1.72,0.127,0.85313165,16,3.3817253
4281590774975851520,-7.335062023054755,0.6297647077006341,0.018748827639321206,7.362047165641184,3.055945919960641,26.819311462806272,26.654913393064987,3.1746681087729733,2.8650206991559917,1.03,0.129,1.1373067,10,4.3248467
4268198624632052224,-6.271559940107941,1.4696077364300588,-0.148847058731703,6.441444789900927,2.9114167671238906,0.6981731772388815,-10.11851858737245,1.167781793888481,1.4003131813790537,2.39,0.031,0.9314908,15,1.7521061
4269036830424588800,-6.939457067901393,0.9642918332347128,-0.0795385972337273,7.006134678757593,3.0035190029785164,7.385265028663851,-9.565335864126894,1.8789106654460892,2.2474470857628344,1.55,0.116,1.1246014,19,2.7176204
4293157229319068672,-7.452829539029838,0.5677056674308939,-0.035319250012426515,7.474420235889126,3.0655662985103884,11.989585471687512,-11.80916931020235,1.1618934669034466,1.1833551712566084,0.9,0.044,0.91691726,17,1.6316364
4307123088542905344,-6.328241371348874,1.607083985624668,0.06366634614081093,6.529116156946722,2.892895791133921,11.4149730707832,8.389948836612461,2.2932805791252626,2.3405882180694437,2.43,0.118,1.0701432,14,2.521076
4237423603350413312,-2.720066105791523,4.873479036458632,-2.011909264321986,5.5811788663935165,2.079864834475211,17.982594093454633,-17.82781428334505,1.1619992581085186,2.2271263249405764,7.57,0.053,1.1329855,15,1.8305537
4307796505080583680,-7.3602727824864,0.7356413352656901,-0.03406866133371351,7.396944207357629,3.0419759181620485,5.3840553859959215,-2.750682867180956,0.9906572722738489,1.2279463930527141,1.08,0.072,1.0190398,17,1.3864708
4505300988492333056,-5.376522719106042,2.616934263222695,0.4583676722053393,5.979577032457424,2.6886143786348504,119.31416157835514,7.832496528743661,2.242376075348879,3.0556977066750624,3.84,0.114,1.0597738,9,3.1414976
4308963877171060736,-6.580005536685731,1.5116703821591477,-0.043242877865755404,6.751416163081051,2.915774116745624,6.457822540693035,11.375469902320361,2.6863719500705407,3.9212072111545995,2.18,0.048,1.0924631,14,4.7710705
4506239181160199168,-5.591925158879641,2.5659992568668786,0.354083441486063,6.152558749719702,2.7113821541635867,-11.427649672343883,9.408888986987279,4.094939346874873,4.836767286348198,3.64,0.109,1.0259914,14,4.7550426
4309465117041181696,-5.8782569688857045,2.2808800798185476,-0.06645897440719306,6.30526121035175,2.771456507372806,1.389999976018019,14.973444244469846,3.1106625497724925,3.2847046561162654,3.22,0.112,1.1981014,10,3.4804082
4312800966604311040,-6.147899036616623,2.0423441911327203,0.010919268780940013,6.478258435682013,2.8208606686520175,-23.187507427163748,2.0983329396414945,1.9182841696045325,2.5773195519346186,2.86,0.051,1.0854877,10,2.5182865
4313930611760205824,-6.3907519251797265,1.8305054671191114,0.08232757193840262,6.6477410023512,2.8626310755591775,10.350672819071216,11.8218397194629,1.4609750530877714,2.3228200684523674,2.54,0.051,1.0697186,8,2.3208878
4312997053315161600,-5.227390235226105,3.057636243108412,0.05158270173614759,6.05596797106023,2.612330749003529,30.66355856810687,25.81197622740288,5.176282330352355,1.6544611435482535,4.23,0.216,0.9786934,33,1.4648073
4313263895380890624,-6.22034335909121,2.042096302538546,0.05423501384912598,6.54697096479217,2.8243850751040123,-1.4268189570631726,11.41906150806895,1.3535120255816897,1.0625494490955514,2.81,0.055,1.3570275,22,1.0588316
4315931963396487680,-6.386938792979571,1.8695899809734862,-0.028485691371650055,6.6549495747318606,2.8568273092663294,19.72570221362563,18.083102331276933,2.72489197766049,4.3336312526515925,2.57,0.111,1.0369323,15,4.8768106
4312947369135938560,-6.627599421944676,1.6156636933546067,-0.0127472062978124,6.82168917994551,2.9024784005344113,10.04140423591065,14.285454541686192,0.7917386296806203,0.9488788287311527,2.22,0.041,1.0944887,34,0.9729705
4314785619467898880,-4.013664760430162,4.402151242450472,-0.3325984725462631,5.95721750236863,2.310065761313615,30.399167624945697,-23.798522607401992,0.5292222245567751,2.7803535121292096,6.05,0.11,1.0434977,17,1.8474287
4313231425392046080,-6.233718528917921,2.0413079326757098,0.03606730538574209,6.559434790725446,2.825135284613645,15.241333725804537,19.95636828809492,2.1927759434391034,1.8348911278821922,2.8,0.114,1.0600479,37,1.4968296
4313243932361614848,-5.613034501297408,2.706665797453369,0.048809763688839984,6.231548447365143,2.692277423331557,46.68776938630204,19.7712737644909,1.8537179523973264,3.7362287249174617,3.71,0.133,1.0597548,37,3.9641664
4313041003732536320,-6.101176379668658,2.191329469350003,0.025613032029298762,6.4827677776601345,2.796776403305295,10.083017665542968,16.384919544560347,2.5151090423311264,1.6340527249742178,3.0,0.123,0.96042114,36,1.1399595
4313041038092275712,-5.821912790934454,2.4915063401814446,0.028187989740861615,6.332635500990921,2.7372232617023777,4.535858276561896,5.716308876304311,2.002451572599688,2.9211314152571215,3.41,0.078,1.0826533,29,3.2045636
4319239225664800768,-6.077681197246752,2.2240141760347436,0.03488394603701755,6.4718195115879285,2.790796173783855,-0.81815059514012,6.899416071547165,2.5666114393308437,1.724490952860058,3.04,0.113,1.0304885,39,1.1523106
4319051346600800768,-6.41837993035702,1.8718931118875846,0.009313037309329971,6.685774805715637,2.857817838044749,30.30171437960128,-2.720954166672101,2.031337746750949,3.5825290232163076,2.55,0.131,1.3223633,24,3.1930113
4319057393914803712,-6.1028653566489695,2.2202474486176675,0.017690863656432184,6.494186961774308,2.792673509807568,26.150732610653225,39.17478717201172,3.199685290396981,4.9358647426616145,3.02,0.113,0.97197336,19,4.896427
4319330347696637952,-4.9185411271750095,3.507686017660787,0.08750212686696601,6.0411843224822235,2.522091769473566,1.5385544944010734,-22.002544805019966,1.687738718311778,1.552408790652543,4.77,0.113,1.0357183,22,1.4418364
4301612233202960896,-7.453893921133354,0.7593721451923219,-0.13730355658867538,7.492474934386018,3.040067022269424,-32.739888814353385,-30.53221846405424,1.208121981060717,1.5758390126756465,1.04,0.035,0.9233583,17,2.0961552
4319340724338573312,-5.228135871151622,3.1951144420329443,0.059021582704708524,6.127165819929294,2.59302340340042,32.912771219299806,4.238006792866372,1.6173381723655242,4.8001660945483735,4.33,0.11,0.9793217,20,4.8937435
4319018739208019968,-7.1986045416149045,1.0405910569658299,-0.005475662940660435,7.273426777963465,2.998032534434959,-7.297573557994204,-10.580318483476162,1.759217389743479,2.4594381419701077,1.41,0.114,0.9414667,18,2.7970643
4319339006351075328,-5.735385140479796,2.6422029547120456,0.07483677605376388,6.314735082608415,2.7098891159380973,-13.501809656473164,3.6296800238909555,1.8819834461401168,1.6082101012274816,3.58,0.066,1.21137,13,1.5597311
4319169131787176960,-6.812749669410632,1.4737111225960473,-0.0009841257117223544,6.970321551472211,2.9285583666049066,46.39895167182068,35.41919268315044,2.1847658909507506,3.2744513858620232,1.99,0.14,1.1243354,27,3.4004126
4314923363333177856,-0.5090743236399708,8.443232147806382,-0.7129803874022101,8.458565231098042,1.6310171961114057,-26.091450277018215,20.566679882865515,2.096411757705274,6.101456518817026,11.41,0.063,0.9883276,15,2.8729906
4319185864979620864,-6.5203715032617975,1.8025552642243747,0.0021043183116529708,6.764942721201083,2.871879094460871,7.261763353001305,17.299732810100892,2.4490529989101395,2.838202402554766,2.43,0.113,1.0003405,23,2.8057
4320197999829196800,2.535416537834145,11.873104969676982,0.4655993942709597,12.14079728194533,1.360413363232517,-27.87451250687148,-38.05806525030496,3.8357765148576393,16.771481754209738,15.98,0.122,0.97800016,14,3.8595214
4512960358321766400,-4.799643906699062,3.7317991497721463,0.39241289615351876,6.079712700889208,2.4807127146661556,-27.12564562338037,27.078206690207224,5.780116158546673,4.612067529756663,5.03,0.109,1.001605,30,4.452944
4319474521151058944,-5.54541673563809,2.9292316448487288,0.051950588140187375,6.271526512825901,2.655620287691141,27.877759531188506,9.561595325679235,1.8103110289363529,1.8046085443405455,3.92,0.122,1.0839812,16,1.7856996
4512950187838606336,4.086505415522694,13.883405156550186,1.278897774721381,14.472334478307936,1.2845360092977893,-4.329721662609141,-3.563509783074352,3.923826183897912,17.534112205763694,18.55,0.114,1.0524726,26,3.8398836
4319599865468761088,-7.1564283947177385,1.1369555580833623,-0.010349666040692821,7.246180739519196,2.9840375012922995,-10.035062091743297,-2.1978623155333423,1.1314881870909819,1.7005888588056803,1.51,0.037,0.9603204,15,1.8870223
4513100717859042304,-1.9811199994321775,7.0736909217106,0.6807326854246277,7.345879097020391,1.8438688101060532,47.79907894960391,45.92644512746111,0.9052442369129252,11.646451455003593,9.41,0.109,1.0125531,27,1.325727
4316304148125924352,-0.7246291282568214,8.59145975528062,-0.5668759698718323,8.621964283162207,1.654940136194435,18.37325383697894,-43.607989425039705,3.51394094492643,14.283083809377743,11.37,0.119,1.1413236,12,3.8316283
4514145288240593408,-7.870754004169319,0.3235263615681224,0.05297002891189455,7.877400453244514,3.1005109052991626,6.218247340467602,-12.713097561907631,0.9744527566740896,1.2587004410812914,0.43,0.04,1.0553534,29,1.605965
4319838631289415168,-6.420990082871928,2.008193768661608,-0.008244506886107953,6.727700636683454,2.8384759123349435,-1.580992458281082,2.241365651778551,2.0640180786403515,2.288275262504387,2.65,0.11,1.012549,14,2.2000241
4319856154756035584,-6.670610911264138,1.721714579961777,0.001989977559481877,6.889219914063502,2.8890009068776705,13.147238186906486,13.774125861115465,2.6970457103353,4.124996049726658,2.27,0.157,1.0407145,18,4.188798
4320956834659913728,-4.915952233314116,3.796747450052971,0.16598628284827327,6.211431200593772,2.483951559348769,6.452754105762184,-12.879351642486341,1.1537929696548956,1.4639102186255533,4.99,0.074,1.1097555,14,1.5857701
4320029877589560320,-5.889275723231384,2.671873461816317,0.020544583744288244,6.467029947371579,2.7156788733797446,-11.235751937291981,1.6703481492698984,1.767142434097681,2.1134810379597933,3.5,0.071,1.0347283,24,1.9611454
4513544886184515584,2.230943165458097,12.317317231799297,1.1640567475287296,12.517723882411055,1.3916163391790692,-9.500016367406777,13.174963421942834,3.2635037899956214,16.678480998727476,16.15,0.11,1.0390514,28,3.6352508
4320062347542878208,-6.825693950991735,1.590948511481699,0.006612537853633966,7.00865287189992,2.9125987959771122,26.767206330175558,-0.09383380293687082,1.6525176015961434,3.3451743160295995,2.07,0.051,0.91325796,17,3.5373702
4320868358294253056,-5.9409488190033635,2.6626181204416377,0.05203841069198461,6.510330876792793,2.7202527556974867,-10.855858622801671,-7.755778049586297,2.3252107151054053,1.856732652635273,3.46,0.114,1.0434316,17,1.375831
4303770918113986560,-5.639076907549936,3.0459104443656337,-0.6408003236784204,6.409115290300105,2.6463483345360133,-33.7095318962353,-5.278059768851477,1.4297672618081376,2.3925074065630074,4.0,0.041,0.9846143,15,2.5475464
4321108842113530880,-5.549153573990299,3.1815448259824475,0.07952730592778084,6.396509428388658,2.621007736380396,3.944413644956882,-21.090696904672654,1.7598184369822294,2.3751161687750852,4.11,0.126,1.0531415,21,2.1077545
4321501951856829952,-6.696488992447862,1.7822033228866305,-0.027095425250820152,6.92958970719649,2.8814820634464553,-0.9599636032007183,6.564296127799508,2.065158803887402,3.1904849329669593,2.3,0.114,1.1983743,17,3.393453
4322349503525785600,-6.664862608999982,1.8211842353961294,0.01816581680025658,6.9092044126731,2.8748526607611007,30.75346328998309,15.88431143477456,1.618204911024173,3.20287865545891,2.35,0.114,1.1473342,20,3.229393
4514869866387896320,-7.3404275995898205,1.0164279750157226,0.04383673109499058,7.410465786522095,3.00399775306733,-1.7236946381800458,2.960788561439273,1.6814750329822055,2.773588824936458,1.3,0.054,0.8649904,16,3.3548787
4321755561092593664,-6.475275834995852,2.143179668380098,-0.016547589240727526,6.820734288200872,2.8219625844309126,25.48127601137052,-7.142812600426197,0.8596972113691146,2.3997053268324855,2.72,0.044,1.0301892,18,2.5739312
4322505496740412928,-6.438805975313482,2.190940602521101,0.00629841294339389,6.801355975943924,2.8136110179742087,-38.707445641069064,0.5062758634579438,1.9785604659213523,1.5796919406416343,2.78,0.062,1.0138806,15,1.4761739
4515079838744483328,-5.677499820460085,3.2048027325369475,0.1414833988676963,6.519567835815544,2.627704694160861,13.52156608815349,-21.86568828846302,1.038924896878335,2.9923070540590397,4.05,0.197,1.0640951,26,2.7241242
4322897369541652480,-6.435677347493115,2.2263814573878937,-0.015231914410113737,6.809898480508844,2.8085361048686415,32.39734060714963,8.493359908721771,1.7859575960968028,4.645971105715314,2.81,0.129,1.15529,19,4.832839
4322822053015291392,-6.0084266282862595,2.8057734454566923,0.05247675083246455,6.631255927403896,2.7047139124250883,10.9826947200281,-9.73446430178305,1.0654203168406433,1.6025862985558186,3.53,0.114,1.2058852,19,1.5384153
4515439172903726592,-4.549365437028724,4.7596372507714175,0.15448774889995992,6.5841379571332235,2.333610324063462,34.777254933534294,-63.825394063455406,2.69459869064635,5.21915481888284,5.97,0.107,1.1005833,19,3.8779573
4322934649869200384,-5.651548790009071,3.313312440235331,-0.04152656766970226,6.55118638511157,2.6113326918999356,14.257441485425543,-38.42882359035755,1.1902368898876512,2.8043146692610463,4.15,0.134,1.1018763,13,2.8211389
4323010997209128448,-6.698996271276876,1.9491801373344066,-0.008296995220560658,6.9768083140043675,2.8584444019465525,23.77862982561472,33.7786816103565,2.1495184765227147,4.021669022291486,2.43,0.119,1.0184512,11,4.0039654
4323347722662858240,-5.513818195781166,3.6097930554344178,0.03464406700880678,6.59035636359598,2.561933650272236,25.320170263119458,-16.047857915783084,0.851503091501373,1.2723784858515783,4.47,0.128,0.95265025,16,1.1897779
4323350334005585920,-6.231647871827427,2.6358099452270016,-0.0006778021644597886,6.766160600060338,2.741441350048594,13.329885507910499,-29.26540846501055,0.4226546571310834,1.481583235054303,3.26,0.06,0.91014004,28,1.4516311
4323162042636078592,-5.733164674226927,3.32427333632686,-0.009425278611537361,6.627214376826606,2.6161344499318093,9.582765438721648,-10.038430284801848,0.6429897673423624,3.3518867585065,4.11,0.053,1.2764834,26,3.3425963
4323441662195363840,-5.881779767776309,3.1476827506000533,0.046471924017953796,6.671074871041986,2.6502156498567464,-13.721908203361368,-4.339113446085349,1.0515785862353968,2.624312749340315,3.88,0.044,0.9613639,34,2.3821502
4323429086529219072,-4.778837158619768,4.68250106253104,0.054053155294710935,6.690523207433734,2.366376217643322,-7.266348182233698,-11.009802104065813,2.0395846915469242,2.3806323878589364,5.77,0.124,0.99544597,33,2.197469
4323381906277168128,-5.711290606327426,3.3948416832718844,0.017969578255640658,6.644079352657084,2.605294435397503,-19.108858196158412,-13.427523355910097,1.0462250557629293,2.769297624719871,4.18,0.046,1.1836125,39,2.6468327
1825369763786067712,-6.467538619045113,2.3497604906471,-0.001955394366573886,6.881164883378836,2.7931045966406347,17.425783244926844,-26.643829725459682,1.7742007141158636,3.4253163577887515,2.89,0.193,0.9704055,37,3.3673608
4515879183716433408,-6.28831354858908,2.601053805956747,0.09850303806215166,6.805025215739548,2.7493892406518934,-14.21025586788148,-15.520935769064891,0.6894707933528722,1.4005305225324245,3.2,0.038,1.0994605,52,1.4957798
1825453635920313344,-5.622178149120456,3.5522734489002152,0.03835448003494118,6.650378470148067,2.5780953417074315,2.3843703496907267,-22.924605452656294,1.1657137132188633,3.0340612762433428,4.36,0.063,1.0264103,30,2.9221203
2017688812947684352,-5.052486887148589,4.384983901701144,0.12483228581452716,6.689970669815125,2.4268059122023886,21.227952367764246,-4.437891998847334,0.6755217641890164,3.0455313979160694,5.37,0.113,1.0142087,24,2.3154473
1824171223066506496,-5.609215769214499,3.598267398583533,-0.20662414147948965,6.664145092756738,2.571221678100475,7.723535765912556,-3.2303858846261733,1.250055115530289,4.628841108395513,4.41,0.108,0.9549632,17,4.397916
4516740547994896896,-1.1375791671699105,10.04115156081862,0.561247625867007,10.105385248911057,1.6836070292095007,-0.7886054977778796,-48.87126278372574,4.181388895960101,12.048401572390585,12.26,0.12,1.0296756,27,4.6383786
1808020329279916288,-5.722399362461603,3.4788569877586677,-0.5625829285966774,6.696887366887566,2.595357721297762,-13.496119638405021,-33.748528681335586,0.6942450596694206,3.3771498724062985,4.28,0.05,1.052709,23,3.1906397
1825428480248517376,-5.8007191667457025,3.372356735575421,-0.008583119113677765,6.709778893781215,2.614985276511022,18.069210232357594,-31.826191432435223,0.5016287073800273,3.8089403262406694,4.11,0.048,1.2930669,14,4.010281
1825583030353257984,-5.928635141287331,3.229852272978838,0.006339136791873641,6.751345076632775,2.6427593937354996,9.679574756217274,1.5177666794030529,0.9126058869575246,1.9744674567874467,3.92,0.079,0.96636426,17,1.9095969
1824511899869140992,-6.467901994049647,2.4583971765781794,-0.0795638815093967,6.919354946990288,2.778365339485811,29.135811962045526,-1.3016205609217764,0.795503409688255,3.109741951360558,2.98,0.039,0.99313843,24,3.537272
2017756639046519552,-5.746810387325104,3.5173360044964337,0.030719770346317395,6.737765371129708,2.592359851704782,15.077522871976944,-1.7508551106714378,1.0410697055760503,4.67214808953367,4.26,0.12,1.0509067,20,4.57246
2018025778889488384,-0.4840430775742046,11.221515920971532,0.5258012130416784,11.231950732867602,1.6139048696969702,-5.278148352804144,-25.30236162549133,3.6414319436649545,12.666492155033447,13.6,0.115,1.0474967,20,3.9621322
1825559704420479488,-6.008863992067493,3.151322368327839,-0.02299339520268934,6.785077681522052,2.658580350353318,-4.744276676054631,-15.691718706890953,0.6522432552829862,2.0488862166632686,3.81,0.043,1.188291,27,1.9782054
2017766294133565440,-6.179843414828867,2.904852405631701,0.026063169607336397,6.828516100171983,2.7021885595056894,3.4290900587040545,8.60171138171404,1.9332850044991652,1.7020279840271861,3.51,0.129,0.96776015,21,1.458042
2019376494570016256,1.306559058959122,14.575518254259784,0.7402744440689827,14.633961492186875,1.4813946179286466,-25.55571155931285,-26.06748753001162,1.9098943583148982,14.927601178487382,17.39,0.132,0.91583586,22,1.214766
2018305054824586240,-5.7571104181805985,3.6919197851400334,0.06727888711635727,6.839195279200033,2.57137192914336,15.195543257756974,-1.5976998684368482,1.1671407953209536,1.5010577611079088,4.4,0.161,0.94528836,28,1.3446143
2018310346224556032,-5.9313431709889795,3.459512476448113,0.043493884665931896,6.866517194818473,2.6135732668111653,16.83694435038743,-6.4474985871479475,0.5281894526453934,1.0516846212166158,4.11,0.068,1.0027399,38,1.1129533
1826154196598428672,-5.968222705188865,3.411904165391563,-0.030079488972345306,6.874647066762642,2.6222582072947116,2.8687015915480885,-17.230138528459094,1.3075513125285774,4.328233833366413,4.05,0.117,1.0038326,17,4.3945093
2018408718146734080,-6.244310894430772,2.983047362531547,0.04270939490147967,6.920259396396442,2.6959254049616166,18.559376120605553,-9.45872390824627,0.47377426939983136,2.8611300129630823,3.54,0.065,1.0104119,32,2.5816565
2019649650156589056,-6.797916261719275,2.1583017091668433,0.1324185382508935,7.132316017195248,2.834164036299405,5.898827370137823,-23.742614642843506,0.4439303241302397,1.749415534561833,2.55,0.107,0.9971507,50,1.6254777
2018385387883485184,-6.624141716385941,2.454355617992677,0.004686235251177946,7.064213684362661,2.786758264527532,12.126709190203684,6.914080257215545,1.1936133686821342,2.9087086994802034,2.89,0.134,0.8199683,18,2.7915494
1827707218101559808,-5.607099787670933,4.094254562432882,-0.05060282081948859,6.9428011962681095,2.5108902187114284,3.783712683882205,-24.868939342442673,0.8257434957725893,4.488616811405811,4.82,0.124,0.96299076,23,4.485577
2018735651076114944,-3.442042204193955,7.643886578509141,0.22125180675330064,8.383117353381412,1.9938997136392285,-2.0212551854759337,-18.916391317686816,1.2412137673394636,8.042705755730399,8.98,0.127,0.89117175,20,1.4303637
1827720210398555136,-6.089227703064331,3.346175036430707,-0.029682589822784548,6.948063139767669,2.6391151851151933,7.206655960254117,-49.65843361275705,1.0945776866691426,3.2063612554681487,3.93,0.115,0.9528977,14,3.036957
2019809152413698560,-1.791664754219708,10.357319029156695,0.6430257096712823,10.511142662110744,1.742086569918547,3.6538169666140567,-33.69790498999538,3.450074092813228,11.69328726981503,12.17,0.11,1.0312835,19,4.1563487
2019508023659732992,-1.5767829204599284,10.778352156482194,0.37545461021751375,10.893076681424699,1.716057568023946,-1.093787451160533,-52.813647027081316,2.996004658443439,11.876874870556245,12.63,0.119,1.0394008,39,3.0890167
2021088399840973312,-1.1052501668041446,11.740056847679636,0.487777045512304,11.79196814437565,1.664663175856406,-15.996227204830085,-34.118023570507006,2.129152245870383,12.775106638909845,13.7,0.115,1.0377249,40,1.9149779
2021047850995134208,-1.9938217228016075,10.295056543523888,0.3421045671325184,10.4863489497856,1.7620959571267896,-14.142582338083871,-63.33996476401185,2.8994395958144223,9.582917165504913,12.0,0.113,1.1661742,42,3.083406
2020078567076820224,-6.995001987067564,1.9425495549414897,-0.003725165125772205,7.259721177323724,2.870713033447798,19.528334264163426,7.612110401963491,0.4587392806280918,1.2573230199673178,2.26,0.112,1.0369084,39,1.1818445
2020037541547236864,-7.2523779813912235,1.5138684072249415,-0.0034715648803956877,7.408696507440564,2.935806617128899,-15.138082443347967,-10.967920500961895,0.39710836995631477,0.262052098693341,1.76,0.037,1.0441973,29,0.12733401
2020020464757138432,-6.849751571876398,2.193461253294616,-0.018719445284103912,7.192382697418705,2.8316856810003204,-5.506489043790423,-1.5456009148304304,0.7817492063672775,2.1212275237328493,2.55,0.056,0.9802217,41,2.0505388
1827869808377481216,-7.057112828993654,1.8510916880523862,-0.03401265989321046,7.295846895235909,2.885069982047143,20.262129045225915,-11.457133597646788,0.9541948364483738,3.338968672856728,2.15,0.039,1.0818255,22,3.2998958
2020104229490736128,-6.830133004925383,2.240077275316939,0.002367140078735226,7.188091754030578,2.824677031871184,13.363619231006114,-6.524383946794472,0.6335005804911438,1.7472482569851409,2.6,0.114,1.0006666,64,1.761925
1827888951081299456,-5.765999070428792,4.049944099974326,-0.06159100891128539,7.046189927407758,2.5292686421140784,20.1423708234603,-6.527828777938737,0.3943182855640187,1.9648834682984122,4.7,0.11,0.99883795,51,1.4261258
2020384231326430720,-5.0102928283188355,5.368633950996689,0.09726072041873962,7.343382376350661,2.3216823631498813,15.680043775057113,-20.2090922309406,0.9830562421783055,4.3363382074139105,6.22,0.117,0.98593855,31,1.6994857
1827892180896495616,-6.192164182748102,3.34905016828287,-0.0662575767523938,7.0398177743308095,2.6457992552584786,18.46525414608642,-22.01860418383481,0.367363771515358,1.4933841323551547,3.88,0.048,1.0263804,51,1.3701892
1827897575375551488,-6.186860097558745,3.36928040574922,-0.058049644967996424,7.044805768744106,2.642915189278984,-7.445207713122167,-37.86274532799359,0.778520230473688,0.909814560938903,3.9,0.118,1.0214281,61,0.8057215
2021147807811087872,-5.646525877310973,4.315323128584454,0.10900316402868288,7.106705860469981,2.4890375812822425,9.674278681336554,15.448800996131752,0.9348715625596695,2.3548322391886813,4.99,0.059,0.9377221,39,2.1945732
2020406530797823744,-4.522224065360117,6.299622745941747,0.08861733824584567,7.754724833190976,2.193406148922009,10.747191300948726,-44.497295272035615,2.6846358994134545,6.87068148626195,7.27,0.128,0.9983703,42,4.589827
2020418762865637376,-5.438678249776328,4.715711703683815,0.07188944190212848,7.198413573618191,2.4272719907433946,14.517209925646215,-13.300725837320755,0.8176776585491629,3.1948144537433523,5.44,0.109,0.9976199,44,2.3132164
2024511282602967040,-0.2221907950262647,13.794407390104707,0.7986553382927871,13.796196722052414,1.5869022439446225,-2.1734215681335116,-18.482143458567492,3.717179406735905,14.258745317714416,15.93,0.119,0.9896881,25,3.8449516
2020714634574554112,-6.099018307443172,3.5731899148853223,0.019483615247080917,7.068642760980722,2.6116327716415677,6.018771603536037,-15.2638370760219,0.41946044281446576,2.535139672800483,4.12,0.071,0.86105245,27,2.664987
2020519093290493440,-5.527149058584999,4.582443722192261,-0.010998702325443258,7.179705229525534,2.4493703359820356,6.796054716841931,-33.12313561796407,0.5004115706829295,2.1891445195130883,5.28,0.079,0.95622903,37,1.9593319
2020444635734830080,-6.060682834864347,3.66599022901704,-0.05513974807055073,7.083174484937368,2.597592110970139,5.540000404269346,-18.48799355551617,0.4245663222889485,1.1561096434281766,4.22,0.112,0.92949563,34,1.1764076
2020531394077194240,-5.142992423685841,5.307302765368561,-0.01580618870935108,7.390387927123903,2.340472752117833,2.4430499672071555,-32.33754535586141,0.9800880322295803,3.1387713842765717,6.1,0.112,1.2985151,31,1.9101865
2020550566812933376,-5.657376368061865,4.403354846277035,-0.024546281504420567,7.16906139408335,2.4802000954084633,17.064369268685784,-14.732252709033276,0.5093847146551469,2.6343010520469137,5.06,0.135,0.9970607,35,1.1041659
2020792729929458688,-4.943496843295417,5.665252794367422,0.06346708886654712,7.518859638519636,2.2882651414945636,18.500571164465974,-53.917797415995665,2.5554550507359215,5.627503200110711,6.51,0.142,1.0176284,34,2.983498
2036471357742521856,-7.925795266060088,0.397245644523184,0.06490511218648037,7.935744117698928,3.091513955525375,-11.42069912595222,2.335835876842964,0.6117129198105428,1.1207128326255844,0.46,0.035,1.0969217,31,1.2631168
2021645749130179328,-4.521607254743651,6.434406227213367,0.21832870275016342,7.864255569534384,2.183347679911348,18.04120138922459,17.787955577988384,1.9468245272316331,7.404784545419056,7.39,0.107,0.98933667,28,4.176014
2021476836664512000,-3.1630141546766257,8.85604380128455,0.3651927553490519,9.403944403969813,1.91383442432235,-14.395877252179357,-37.97235001668713,1.7112037398082818,8.067200279776417,10.17,0.113,1.0034969,28,2.1942124
1828410119582276608,-6.883107508604722,2.258306845331106,-0.05052061980820866,7.244109247014435,2.8245648125967304,20.559069474417917,-0.121856816969796,0.2927011197006956,1.0734889120226458,2.59,0.049,0.9735469,41,1.0686932
2020569189782033152,-5.929147914632724,3.9816727668612817,-0.08228516726916996,7.142024434007374,2.5502223030375597,-0.058049839770184165,-2.728415865372426,1.3508050009786505,1.9963621208453,4.56,0.121,1.0109116,38,1.9458379
2021590361225324032,-6.069018179715758,3.7395671215609516,0.06516683227580261,7.128628474144239,2.5893658028694664,-5.616576601164355,-22.222203561227275,0.9681771340182665,3.4583313212858937,4.28,0.109,0.9593089,36,3.3091824
2020825238579057152,-4.968069042666413,5.736494774470831,0.04493216280443673,7.588747084350059,2.284532543539009,-5.728692595972258,-7.052365325664766,1.3921328653195344,4.287565716290746,6.56,0.095,0.86398304,37,3.8162057
2021601699939387392,-5.919393070654612,4.033883068936345,0.07098581639640084,7.163199490364982,2.5434121461847368,12.779950312714766,-17.340500662164715,0.6769222013338972,2.977636522571686,4.61,0.116,0.9675172,32,2.6436398
2021682376607145984,-3.547111692575289,8.329044346491258,0.27168900783727307,9.052899043147578,1.9734058340560645,-19.131373172013586,-52.9236579903764,2.4656725137563447,12.107783196621181,9.52,0.202,1.0293837,31,2.8961713
2020854684860570624,-5.873585884073997,4.123337831556659,-0.006004300547485302,7.176414565139035,2.529516482540876,14.47803995751867,-7.794269702583648,0.38077461420174097,1.0369349507464263,4.71,0.051,0.96055084,41,0.90500367
2021668834544652032,-2.4716197916614915,10.3180558011334,0.2547865227850869,10.609956640337199,1.8059093127698609,-3.8134625413911563,-7.368097277781857,3.4762866579082536,13.650524542877152,11.78,0.134,1.281279,38,3.5695975
2024962597772784384,-1.959408494321707,11.287065184039513,0.6618987495531344,11.455877186683566,1.7426810340660213,-17.24241395899806,-19.7991824836283,1.9245438843799485,9.311754763702192,12.89,0.096,1.1020122,29,2.0122774
2021962855171510784,-2.1309457864435775,11.011329847178999,0.5301176813204477,11.215628156645383,1.7619563334096835,5.592723683227066,-12.398613901329242,2.923642392356836,12.278675231903113,12.56,0.111,0.9858157,20,2.9697962
2021957873008729600,-2.413223493946763,10.643673917562522,0.46552407451928585,10.913818859369865,1.7937553050153554,10.934642471513424,-20.7215513518031,3.545165261299092,11.445183211711207,12.1,0.109,1.0614544,21,4.1883335
1833295112309561344,-3.968684537204049,7.763637875308124,-0.6175116060471358,8.719204666410885,2.0433548382689803,20.155021027613397,8.290822064106266,1.1098686346095952,5.531768184540474,8.84,0.07,1.0951906,26,1.6547084
2020911515865479168,-6.430091830002467,3.196679124714276,-0.002552583263787327,7.1808661294198,2.6802327590063664,-4.809518837244182,-8.80569313535591,1.2495584903450292,3.3756241988859994,3.63,0.112,0.94837517,30,3.5138319
2022001887826609664,-2.1131118708965664,11.246622162399834,0.3828513743988257,11.44341521761345,1.7565196335553817,-7.03112978680168,-49.24407211223087,2.0435182066379856,12.038754387045788,12.77,0.122,1.0924736,33,1.9283036
2021985257711981568,-6.350482294090655,3.356811767920833,0.1037723768704723,7.183091995290796,2.65533423307838,-23.106693398236917,-5.195967812477335,1.9615472141953423,1.5114124361021104,3.81,0.106,0.9480871,27,1.2977991
2026716726778925568,-7.344146857598837,1.5193864757287394,-0.016143504837998927,7.499668547916386,2.937586710875466,15.349451376713917,-7.255572184990342,0.3172499225500276,1.060204447584433,1.72,0.039,0.99468523,32,1.0358645
1834213582473654272,-7.2363357824983545,1.7315588973487925,-0.08683024354976332,7.440621732896643,2.9067222351315944,-10.81483602174481,-9.259812393891679,0.8630857878451744,2.942350983522942,1.96,0.043,1.1338967,29,2.9454553
2026993563193159168,-6.382826645256368,3.3640513492831676,0.021729997162521383,7.2150757074343,2.65654209039264,4.966289374627201,-5.987641674229906,0.5201672486335566,4.675044829927997,3.8,0.075,0.9101824,21,4.484892
2027003119517288960,-6.328101266593027,3.4821352207414242,0.02355746221464766,7.222889403540954,2.6385456979170305,6.503867727161999,-12.051580118025328,0.361673470043905,1.727736852359613,3.93,0.055,0.93400884,19,1.6091747
2025116112726839040,-4.1081676758925205,7.752892546230207,0.3501209980533117,8.774074565824025,2.058067760850738,21.99575271105706,4.896470297661665,1.2239765806275187,9.147922355669033,8.75,0.109,1.0855731,25,1.4204377
2027827959400312832,-5.849344059736105,4.449955128864209,0.07614088664179536,7.349620845871911,2.4912397544345644,-4.812480919588892,-1.6318896212413279,1.5975012420386425,4.735802273616043,5.01,0.127,1.0749687,27,4.483439
2027855825149581312,-2.420017328512815,11.130225478208478,0.19471061392395844,11.390276689618362,1.784891591963449,-27.29949710713281,-44.3796104023574,4.229014272846199,11.780409164193044,12.52,0.15,0.96205,17,4.7643456
2027019749631002624,-6.186294163363126,3.8366464908710487,-0.005006181225183985,7.279429357550893,2.5864633468493317,-4.842872800947635,2.1652546666249464,1.3994311834506423,1.9896552736710287,4.31,0.116,1.2557827,17,2.015049
2031182225818404864,-1.4912972068780395,13.22407400026146,0.652004959992677,13.307896171958713,1.6830932793133513,-11.306488413619347,29.73917066822608,1.9767804426376463,14.65883293250841,14.82,0.121,1.0246453,13,2.2607388
2027964779892391936,-5.225542311674779,5.826619102187442,0.09752131166148964,7.826607350128087,2.3018625635762553,28.44853079192198,1.767636509828776,1.0925360544886302,6.340537915624291,6.52,0.135,1.1531801,26,1.414537
2027971514401523456,-6.715082781153117,2.871070379412949,0.05102776549762838,7.303107686545605,2.737559492156354,18.687533480569588,-7.049992377216313,0.3478943519467246,1.9895598744763987,3.21,0.086,1.0346047,34,2.003721
2027921211741637120,-5.833029822049811,4.655027628598167,0.054239832498846834,7.462809064148347,2.46804415268912,4.656375262376276,-59.72592223240201,1.6330934621094098,4.789944632966533,5.2,0.113,0.97440886,17,4.5934
2028182345770307072,-4.598555178512688,7.144120089772777,0.17638301430241493,8.496185119624034,2.142718594084256,-17.34460120601952,-31.63756601376457,1.6535128221821571,5.320213864680828,7.98,0.113,0.99060756,27,2.9241567
2027995875457531136,-5.199251663622668,5.992567180632765,0.07357197023262513,7.933667454341656,2.285429330840852,8.287824529868654,-42.59691387960689,2.085596803497857,7.647088158724489,6.68,0.191,0.90976816,25,2.8213298
2027263738133623296,-7.661074705912764,0.9962032552330677,-0.019658413785996757,7.7255735434538,3.012283821068531,-5.52051523241982,-14.964815726083515,0.886973523980362,2.5803565273655016,1.11,0.045,1.0586812,35,2.6017327
2027951173435143680,-7.306732053663732,1.7248761650627706,0.01572329682524198,7.507564924050852,2.909770053791852,9.987142624980557,-2.021707824668539,0.7486554765800458,3.279905219342484,1.92,0.078,1.2031212,33,3.3533435
2028275254511013888,-4.204214002119082,8.07435344187908,0.24151694842235732,9.10332899987684,2.050856546384465,-12.770031971672381,-6.1079409800065605,1.1149485676376818,6.671391028197302,8.99,0.109,1.0058,23,1.6785874
2028213922372336128,-3.4231205894314094,9.708658787335336,0.2019004419293839,10.294455304613882,1.9097715534817388,-6.2279888134988015,-32.00001557766541,2.7682475908729107,9.253868883857962,10.8,0.115,0.980496,20,3.3799543
2028596037019997696,-4.097925528306602,8.40220668021604,0.1858619103086822,9.348265653724972,2.0245718864985847,-18.767689476264895,-12.375818518405765,1.5318403628111457,7.382772511789343,9.33,0.112,0.988788,22,2.3945735
2028392902238062592,-4.876663046548787,6.8253455850124505,0.0750340479326192,8.388515054789105,2.191183192210026,8.119937288750604,-27.009886107389093,1.4233518232811735,6.318472326011548,7.57,0.113,1.064095,17,2.4723163
2031690097101894144,-2.0006673363073,12.957442833622038,0.46691719611244537,13.110987551559571,1.7239895272312042,-27.25300720286077,-11.072432630699865,3.578563947474866,12.741498394732046,14.35,0.117,0.97603756,16,4.187617
2028435851914281728,-4.489608704594228,7.770542269020592,0.09672497462300272,8.974291809106942,2.094712013947684,27.768375201698174,-40.835389425799775,2.695356688794157,9.137816875792568,8.59,0.114,1.0925217,25,2.7069905
2027621594813939712,-7.04963797539229,2.3552929264441014,-0.036958563404988216,7.4326845993524255,2.819151124957894,1.6975103627393693,-3.311368592517823,0.8729014693266841,4.706840361683801,2.6,0.101,0.9296018,16,4.8268
2031995207234409472,-1.9278094274256894,13.419475932762035,0.7390756697306705,13.557240998759697,1.713477721018116,-28.083944416420614,14.535129520944139,2.590237359212835,12.737815435034346,14.81,0.112,1.0214851,23,3.2066681
2028750823290456064,-5.307353814749789,6.1763723076859876,0.11412013282931216,8.143437812010937,2.280664532695058,12.741516594166844,-30.086337766750262,2.0065164602178704,5.619313022443312,6.8,0.093,1.1149925,26,4.1619334
2032022768099764736,-2.281188820294174,12.801265381327632,0.7088361620110549,13.002931123289564,1.7471454612606576,-29.83305196247782,8.522926302851943,2.506805803353396,10.96244297463339,14.1,0.111,0.95537585,15,3.116899
2028559478242340864,-5.356973430875696,6.11195931761776,0.042462828678843705,8.12731265790376,2.290460548693497,-3.658973946010218,10.794916261392927,2.1203423208423455,5.6704950396726295,6.72,0.112,1.0013454,14,4.4601994
2029228462334431232,-4.629432395489838,7.790880405483765,-0.09598554901148099,9.062530650815017,2.106948863531768,22.96666747173643,-55.655179882183575,3.486723328095818,9.276763682168957,8.55,0.114,1.0455629,21,4.2025914
2030002003130970368,-6.1782433196237925,4.376284926408832,-0.012196179231957208,7.57116637471329,2.5252925645098543,13.923240527072767,-10.319640768257642,0.6521030826963594,2.886509555858216,4.8,0.112,1.0144488,27,1.9943439
2029246535556644864,-6.321330380400864,4.067735785055235,-0.027663122996968995,7.517026818842531,2.5698049431396077,6.472686512221703,-21.024929197309405,0.6315860723701974,3.2895239727601706,4.46,0.07,0.95785695,24,3.3731794
2028787695633981952,-5.954846276168524,4.889199754674412,0.08694958744159104,7.704834093859937,2.4541501730796975,6.725750106965243,-13.141532580627256,1.093140874354732,3.8061558289534414,5.36,0.111,0.9877883,22,3.1305962
2028781025505284096,-6.608846070842954,3.4402371494044086,0.055686081065819674,7.450642793225194,2.661640247496254,-10.620413289571237,-1.2240368309360292,0.7552528684717946,3.613066169396827,3.77,0.059,1.0069804,21,3.4197533
2032117841477824512,-3.508891563848792,10.379202975315353,0.4919928645823601,10.956284699187234,1.8968033233588206,-9.45840849118861,-8.058790540784997,1.942782932313388,9.154873534389477,11.38,0.109,1.0102633,15,2.3143477
2030290040830565888,-5.346906225856051,6.392157967135152,0.06374277349888952,8.333612041900414,2.2673882218943793,16.586091550032446,-40.0382946879854,1.629526639995661,5.987489066914229,6.98,0.112,0.9765315,25,1.8298489
2030291037263184640,-4.595447839577517,8.137159430344672,0.08429427176587673,9.345132660434784,2.0848921360700263,6.189831534767281,-16.97923300043459,2.7608824686781634,8.677576971240233,8.88,0.11,1.0888817,20,4.348408
2033008274099620352,-5.721835325211624,5.605439892059242,0.37626804221961624,8.010015972039552,2.3664698065826704,78.07664354654875,46.92491674865917,2.0970874335197203,6.076724622145712,6.12,0.058,1.0181291,20,4.487908
2030128270848802560,-5.617075694202715,5.855532066872085,0.04355359741872083,8.114110865681475,2.335412637623347,6.418192333610052,-20.835996659315782,1.4945400282554167,4.701976625578519,6.38,0.109,1.2795533,19,3.4133055
2030403324896259584,-5.42798428533911,6.306128867995569,0.14790524062322902,8.320473225824083,2.281496838078563,15.681325767288543,-2.963875878421476,1.618600391173468,5.026988475220224,6.87,0.082,1.1080945,17,3.5956843
2045359534871088384,-5.600119619892321,5.970272864436367,0.609123587672191,8.185688598580338,2.324213980917226,-8.243138764539884,-3.524479345146858,0.6871838858505339,1.8660055641530502,6.52,0.048,0.84971404,20,1.6072077
2033483641084424448,-3.535655202121535,10.88685591470086,0.37033901339621605,11.446592917359565,1.8848144520241916,4.011620005301582,-13.151435380551192,3.448717576367057,9.93245951623534,11.83,0.114,1.0924348,23,4.2637143
2030413735897352704,-5.48964976819669,6.278483728985583,0.13035424827026082,8.340000750155763,2.289263258297715,24.060626353886207,-20.042555666755334,1.800042498747714,6.559106614622442,6.82,0.111,1.0276703,16,2.8332005
2030419027297340416,-5.062933832807549,7.291482358191178,0.18076824495436034,8.87688086971998,2.177728882107775,-25.926197273731027,12.445983597124865,1.7586867142048916,5.295879195180352,7.92,0.11,1.0441906,10,2.3686388
2030247503476809728,-6.028919179667296,5.085380562514831,0.0001557756580127757,7.887265808920342,2.4408855362262427,-4.412886127328322,-31.978606892199053,1.218495033108923,3.209461158172659,5.51,0.114,0.9845922,28,2.3524215
2033589572148408832,-6.4325620525753555,4.146409741110283,0.1389148796367316,7.653141074186906,2.5690251082090825,22.271837322173052,10.813378604636142,0.5929258377089764,3.10467843819556,4.49,0.047,0.9678611,20,3.1357412
2030637898807177216,-6.743190486469471,3.4545257906779447,-0.001116326144902262,7.576566925413611,2.668154789677897,8.680015501044716,-14.544772816737321,0.318130786142773,1.2431043771471242,3.73,0.048,1.0751542,23,1.1756728
2030663806051548672,-5.446650749335354,6.727108130613713,0.026213808512752953,8.65563332091907,2.251398058294008,9.988635785184732,-43.53087692902719,2.189087049197162,6.3210456689929355,7.25,0.118,0.92813677,24,3.4638956
2030647210296808960,-5.4704113379244355,6.672000891833279,-0.012350690805260914,8.627919570018967,2.257557567865013,-8.059900766621292,6.799178839342375,1.3172148001921358,7.7401829046111645,7.19,0.167,1.1723583,18,1.5993472
2030628209360193792,-4.682268357281618,8.758291145423224,-0.05438603440979912,9.931329254314326,2.0617469222754896,9.301737894895943,-44.00275254713665,2.710924876557088,8.154274892689159,9.42,0.116,1.0177865,19,3.6530356
2034016079579652352,-3.576989849520599,11.574072413451375,0.36736033940901164,12.11420689171972,1.87053685070035,-3.390433390180663,-9.027225837840007,3.2877266605721496,11.94837130724253,12.45,0.113,0.9951816,17,4.147103
2030957410025032192,-5.729877096249938,6.182836307492749,0.07725868000554831,8.429647462579926,2.3181896213890294,-9.144604052206272,-9.4767586389425,1.4106656350381723,4.486858787238278,6.64,0.114,1.0481508,18,2.330523
2030773619760699392,-6.2617007262712345,4.834236342934338,-0.018827807212444207,7.9106723484627315,2.484139226376156,-7.458555863149553,-16.905361043194887,0.9269094200676197,2.830893247821224,5.19,0.107,1.002168,22,2.2871544
2033997422238545920,-5.014107561158131,8.05863947002469,0.22234128649276869,9.491203545531144,2.127381600204646,5.009745354309482,1.638016015568894,1.5035390705222964,8.040606306265259,8.65,0.111,1.0413338,20,2.574618
2029911155968094720,-6.6392242534257795,3.885323610162482,-0.09805044835636828,7.692531328695589,2.612121028161428,3.0300589089063297,1.6884236113820066,0.49920497107117734,2.3904809156104916,4.17,0.06,1.1015618,20,2.256681
2031058668167367424,-5.79225598164097,6.1103992970992715,0.08656987747779515,8.419454194117744,2.3294720843869077,19.7169923209877,-1.6523768169466848,2.497326969379908,7.4165284365349455,6.55,0.113,0.9884984,12,4.978645
2031054785516761600,-5.772660126642989,6.167304422790723,0.07420303515324961,8.447440368603253,2.3231541342021322,4.669040069197797,-25.107454855785193,1.2658826942808814,4.849147410284572,6.61,0.115,1.1332725,24,2.2412515
2030737404595950080,-4.934138040693597,8.37267343061085,-0.1267248811751958,9.718404116946184,2.103321807316933,-11.459335730919472,-42.416524528206764,2.8265242016202374,7.525593964201013,8.97,0.137,0.9662155,22,4.064884
2031070522276352512,-5.649626735035266,6.62328533439966,0.0869505709010811,8.705526455424673,2.277026353254936,-6.488857077805693,-15.459548049650067,1.2712372073628486,5.403712004600961,7.08,0.125,1.0276207,20,1.7059542
2030824197297134848,-6.545536986389143,4.289712145672973,-0.016273847460989425,7.825962224092478,2.5614555406038346,13.416605718250622,-43.71501900332825,1.6469448368168447,3.135164021311607,4.58,0.134,1.1625828,30,1.8605157
2054792416902205440,-7.565215435277123,1.5748489188912287,-0.011235173892206577,7.7273950138120995,2.936354059239929,8.273720331336836,22.417310379232987,0.2415526711179488,1.119932430084338,1.68,0.03,0.8781827,24,1.1513886
2034137060207366144,-6.670887720874028,3.983234694872782,0.09809439105206702,7.769613994204998,2.6033029705199056,17.727082462141222,7.3100496051393975,0.9192384305575659,4.427301283835315,4.25,0.077,1.2591871,18,4.4200945
2034428980559814400,-6.912291681425678,3.441801969569637,0.138473359525971,7.721772923807075,2.679606522387409,26.931603986603797,6.385162299254546,0.533611443872184,3.2863250175729988,3.66,0.042,1.0113219,19,3.27952
2054832033681200384,-7.023467593194258,3.143960871271476,-0.03965481844336744,7.695036516660337,2.720705903622848,5.848543051606778,-17.771180168386252,0.41913498854053227,3.1659792344807713,3.34,0.069,1.047909,22,2.930534
2054948959874129408,-6.114923607511429,5.845057242616783,-0.09388541528113997,8.45913617901778,2.378754775397812,30.04415026909569,-4.072241152048974,2.3101941513529805,6.773390374587802,6.19,0.111,1.2486999,16,4.6935544
2054961363740203520,-6.243593804758202,5.4876774210443955,-0.07887426874000264,8.312464560902228,2.4205415485306934,36.28181662830259,-22.871559269882965,1.9727242476335844,5.409625651687254,5.81,0.113,1.0715997,18,1.9130073
2055014277739104768,-7.663068976210451,1.4080901394967218,-0.011297155735320922,7.791363422091604,2.9598696381696965,6.566520267831735,-12.66717631435776,0.5486328981751885,3.4742023008320975,1.49,0.039,1.2079984,21,3.731766
2055275720987014656,-6.943501781416467,3.5188297868366716,0.030065380715392605,7.784239208635785,2.672535543536873,14.149756025811836,-0.2138632848289035,0.32955627893695216,1.8020028458831767,3.72,0.054,1.0919257,17,1.6278764
2058494747452777984,-5.664170478477985,7.2617939850991675,0.26895575425475643,9.209586260591948,2.2332201522824033,-0.8210623638322907,-46.79561388652792,2.2128558726711405,6.49437862873294,7.68,0.112,1.0236529,22,3.6750765
2058546110935628800,-4.436373020486494,10.874893105402226,0.44786680120698547,11.74498640402897,1.9581341856328847,9.81375103502122,-7.105960406905041,3.669417385203298,10.561364080229833,11.5,0.112,0.9683302,17,4.8630238
2055255306992598528,-7.035046975697194,3.328207674433797,0.009691390890518677,7.782599326345039,2.6997041724329893,3.8300569694695867,-9.37098813204338,0.2831253062989439,1.2369424703356886,3.51,0.042,1.035064,24,1.2110913
2055310183805791232,-6.6340252396466965,4.533127296836855,0.03685384217298109,8.034894770287712,2.5421528370451587,-1.414931921680866,-8.605437989199288,1.0855659030070097,3.067551695265911,4.78,0.118,1.111888,24,2.3976262
2055324236938822144,-6.61536073894208,4.611209348163858,0.040662222295427757,8.063885500112837,2.532852133868641,7.250949774669393,-7.60707559621892,0.6340188181237818,3.4198371950095034,4.86,0.143,0.9660388,21,1.3930384
2059598687167348224,-5.779318141931938,7.143766137072253,0.4505637098223831,9.188792782887415,2.251001991238111,106.13587139216033,-38.42223946381006,3.6134418934658394,9.540953547627897,7.54,0.084,1.2250153,19,3.616917
2058712656900550144,-7.121007092089014,3.1246347661199847,0.04948855633397347,7.776379905021856,2.728099021365909,12.440449805990903,-13.310974163286147,0.9907881160519043,3.6258311085448636,3.29,0.113,1.2944666,21,3.8034434
1857884212378131968,-7.96584062719349,0.571488970310419,-0.10213998213491851,7.986314327712931,3.0699729045804847,-4.55378195922085,-3.698825333893069,0.5940264229813076,2.1401870670595273,0.61,0.05,1.1997378,29,2.2976985
2058788351406525952,-6.135598546067827,6.252259473505838,0.13335044042157834,8.759926828607254,2.3467774078621875,21.755261823769874,-14.649634868973891,2.112788757962754,6.7988134517541905,6.57,0.13,1.0355327,20,2.7984512
2055722599436380416,-6.6511917275212395,4.654573089405409,0.03057350774777284,8.118091034280411,2.5309939542981175,6.000740258561656,-17.495548839187734,1.1063757919441441,3.7863571425595945,4.89,0.065,1.0688837,19,3.657046
2055676218106968064,-6.717512328353201,4.518350177362747,-0.004301132854168059,8.095706282150509,2.549478082418442,-0.771268612357202,-18.65222959479385,0.45508445059803937,2.032526894236126,4.74,0.113,1.0070963,25,1.0255452
2055563964829549056,-6.823389614041025,4.184608827304131,-0.029979152092726006,8.00434862200258,2.5914698414441717,4.819950729952195,-6.4870067681656565,0.7363770195272925,2.455882948378529,4.39,0.112,1.0143824,24,1.7295332
2073071522843025664,-7.362329878493902,2.4987538200872255,0.3301660589649516,7.774810087273164,2.814394622805029,-11.343368414523447,25.06498241372023,0.6098294935504605,1.8806930369816088,2.64,0.044,0.9553253,29,1.8656693
2059756952458853120,-6.154133316642257,6.3828733155669735,0.41225770140768286,8.866477803591636,2.337951329827419,12.841892737030234,24.67957870955499,2.018018602000536,6.2110240430966135,6.7,0.107,1.0026572,17,4.1264834
2058874388200159744,-7.013308896065415,3.6987454655111476,0.06968360071380003,7.928885148005965,2.6562742958736005,-20.033699216363587,-0.3842015460240873,0.8928272370595398,2.31798302385862,3.87,0.056,0.99664867,22,2.4956424
2058857380129393152,-6.48182281025986,5.429046069662235,0.076562147544251,8.455091257350212,2.444353293074216,5.682973592400265,-8.507706412545417,1.8472375942491333,5.184068959516868,5.68,0.118,0.9853774,17,4.127625
2055835819085546752,-7.061947820479853,3.5468517073560326,0.01495828419680217,7.902611217385969,2.6761479751486403,-0.1672242132709699,-20.394750454441322,0.5900727288721249,1.514194099614521,3.71,0.111,1.100379,26,1.3862828
2055855953892449792,-6.2729348762790424,6.128836160935381,0.05133449290084207,8.769968338005965,2.367813171968533,-2.9207479984360796,-8.68541512208634,1.0946718183027235,4.476333988480523,6.41,0.122,0.9793868,24,1.7572162
2055809495218465280,-7.61574561981387,1.7607293932268666,0.003001191408566857,7.816632864724247,2.914388718628564,11.856052368542688,-2.7317423945100074,0.2399466787640156,2.6046616934541897,1.84,0.044,1.317636,20,2.4510965
2055881689337758208,-7.065934320286684,3.5793257099607825,0.03436325965349312,7.920795437113087,2.6727101490277696,-16.380058593486638,-3.5308870047333016,0.9492214568102919,3.575862785067073,3.74,0.053,0.99432325,24,3.762705
2058895313281315840,-7.252708237691874,3.0298036560180206,0.033079516121499446,7.860120035667632,2.745880597699278,8.643058004995154,-24.94488425180694,0.3550287627421339,1.746721780963152,3.16,0.057,1.1659628,19,1.8245376
2057392418305405952,-7.504474866731244,2.207523906165527,0.017243167817637402,7.822423206506615,2.855501301881879,2.7515274591637606,3.8067629660700106,0.26705219269337366,1.553414144403307,2.3,0.053,0.9765701,26,1.6068351
2057125408779118592,-6.879715593973181,4.347659876526886,-0.06616478005061227,8.138343385230161,2.5780087369062095,2.43154938218718,-13.73888108291493,1.0137052823810615,3.568839747317506,4.53,0.097,1.0309001,24,3.234907
2072329902270080000,-4.605215269977263,12.140488940765902,1.0443179118399732,12.984586223815178,1.9333551258213404,28.064923663263855,8.953682780739769,2.3184164202763475,11.895708535866948,12.69,0.11,1.0144302,17,2.4693365
2056068193989793792,-7.6965169857364355,1.5740543878463922,-0.0739205454894939,7.855827195631784,2.939859389262295,-13.39184508069125,-22.050310181531472,0.34517028803898075,2.6042528368522744,1.64,0.035,1.0316485,14,2.658417
2060021625508894720,-7.513866669426673,2.239608417462664,0.09710176455323188,7.840538131371513,2.851913529999595,-10.54971515379237,-14.27259593303819,0.2953846608964934,2.7629498034967814,2.33,0.035,0.9197293,13,2.8904428
2060526198257651200,-6.632901460073095,5.441099421991247,0.12941420864430214,8.57909929415864,2.454583899678241,-14.622453391283596,-28.777580505008785,1.23075359874334,3.1499332029397697,5.65,0.115,0.9822263,17,2.1594732
2060460704279873536,-7.256733932200549,3.218116897989362,0.04295234955403831,7.9382909830690584,2.724185427128209,-7.646666437998109,6.471795419028609,0.6922064740950571,3.3385262641183315,3.34,0.043,1.0872109,12,3.2457209
2057541745728763904,-7.23313301655537,3.37773432955321,0.021905386891384823,7.982938208217928,2.7047075587546443,14.287859506954442,10.443541205265973,0.38592226572153493,1.8819243568283406,3.5,0.057,1.1367574,24,1.7108701
2060907591353171968,-7.282765357066907,3.2648244284048817,0.12051627998424225,7.981087005815883,2.7201578390044356,28.26096664222338,-2.9414398174455982,0.7630518571679694,2.8108068626379077,3.38,0.062,0.97698164,26,2.7606823
2073922579215436288,-4.731336590028644,12.992613068398807,0.9779499128991586,13.827275229533523,1.9200261065470219,-4.2775445641731435,9.420133247032226,4.401756769177299,11.618444514239968,13.47,0.12,1.3459067,20,4.9940143
2061246206571925504,-7.000717012807524,4.555966389985306,0.11650961406484311,8.352656370286548,2.564665307064287,8.544629538492165,-3.6178811227390497,0.7811783702629636,2.3632177339337237,4.7,0.05,0.9991342,16,2.0274415
2061051627363169536,-6.00372758649587,8.532648790392368,0.17111193516803697,10.433160609951132,2.1839465351606195,-6.860814325180842,-13.001466177470377,1.4231114020223514,8.023421825995392,8.8,0.139,1.0320191,27,1.628584
2061341073812605952,-6.11526828935499,8.422838473038816,0.2963031550985215,10.408684556354542,2.1987820329672876,9.177463284551264,-10.53350546660198,3.2743025448075844,8.708813672397945,8.67,0.111,1.0371844,26,4.867165
2058098648362796288,-7.276706978265613,3.615983264319989,0.026177807146189943,8.125626093746975,2.680407446541843,5.847438378466312,-43.22145828890575,1.7873448810125092,4.799536254193446,3.72,0.131,1.0929437,17,4.7081537
2074102933481447936,-5.180572888368604,12.374780681451067,0.9355089979053618,13.415421438244659,1.9672673237125997,4.3652448824360786,-5.511290212948865,1.7366901031799307,10.889870479200955,12.76,0.114,1.0843164,21,2.1063733
1853025642297186816,-8.015250444157452,0.5636843807625027,-0.1049670820891867,8.035046967111134,3.071381767494356,-4.011739159546972,5.247634098671114,0.26756856755614394,0.7448110173472102,0.59,0.033,1.0138893,57,0.8064636
2061125500797555712,-6.884070844758337,5.362199807684782,0.07138850480628428,8.72603106648071,2.479832820910218,-4.659745310205585,-2.451779571456825,2.2036064464635006,6.516765693336097,5.51,0.173,0.97011197,19,4.1667776
2061129486527124992,-7.630442209976625,2.2198882101925177,0.02912129317116779,7.946795076352775,2.858481981840121,-22.247949731095282,2.622459532609355,0.7278280211551383,2.901152178822854,2.28,0.043,1.2312119,31,2.9165812
1870258975238302208,-7.90087414150881,1.0682814041492334,-0.07642724117305577,7.972768487696958,3.007197166660006,21.553762482879897,25.392931344159166,0.4468593618475945,4.247810257333685,1.1,0.066,1.277353,22,4.347135
2063862597552413184,-7.529693314908753,2.6788644679370703,-0.032011081262287085,7.992033299114646,2.799783795379725,17.507360492784503,-11.291669484037527,0.7484391844456095,1.4238564341286966,2.75,0.125,1.0465542,30,1.1197294
2061458790263462400,-5.100635579039773,13.215462823854846,0.45028117955163655,14.165625328902918,1.9391406795837314,-20.86240329125824,13.082466088254591,3.041883854060365,11.506308997204998,13.57,0.13,0.9724777,27,3.3995626
2062137223303117312,-6.893988514087347,5.4529111117437665,0.22504547719563178,8.789841706478388,2.472384521235639,8.722437501081581,-8.32551779748178,1.1710367691643648,4.322678548141385,5.6,0.113,1.0655129,19,2.340297
2062422374771153920,-6.083547556921,9.05240735681799,0.5286663374867734,10.906678221671893,2.1625072538203773,3.4065986122189655,-21.534735284995833,2.987570362083238,8.575065378874042,9.3,0.11,1.0845602,9,3.9783895
2078709577944648192,-7.69273242323034,2.014410689210737,0.323552881838258,7.952105542573351,2.885484160431935,-12.93085191641404,1.63228500101431,0.4454402694321602,3.1717829620219353,2.09,0.042,1.0450528,14,3.1918032
2063816658582331904,-7.212024756187952,4.185048114504319,-0.09287785684985989,8.33834089040404,2.615793725686749,18.359047367396734,-21.074331370680994,1.1597912246288136,3.131959189043497,4.29,0.118,1.0839205,25,1.9279226
2067251361107786752,-7.845067614125508,1.427580195164322,0.03064275681828493,7.97389936504257,2.961590563958704,-1.5629910491039403,-14.158938430673402,0.4456805918975227,4.153710672695532,1.46,0.086,1.01625,22,4.008966
1865228537734352896,-4.91055527079605,15.23722801194021,-2.75226945778308,16.008955948324623,1.8825602547732703,-3.0516287506739204,-52.5617961861993,2.8700414866306914,8.825145249514792,15.82,0.111,1.0634671,36,3.276458
2063178250344064000,-7.746733047730183,1.9170384578595054,-0.05727589569068387,7.98040784432145,2.8990021237294896,-6.010351804816979,1.8484630597750424,0.9486841223935397,2.0754119094900787,1.96,0.113,1.0658356,22,2.138644
2074655609859721472,-6.506656275138419,8.055008520707052,0.5657367649658737,10.354696429710597,2.250261810240609,32.28274491041465,4.589261619368244,1.6361045222359276,9.416297377688954,8.24,0.116,1.001197,27,1.8439428
2064520552179716096,-7.308634853312623,4.8970518725512076,-0.10354480885264766,8.797571281979664,2.551260738628105,9.926099193141702,-12.653305985163257,1.430980628530159,4.408817917342298,4.97,0.112,0.96553236,27,3.2209864
2066169128129884160,-7.824347669726743,2.195495666917063,-0.040873969446872445,8.126537865549505,2.8680295873100445,-5.152918648470998,13.908045382014251,0.6022863422204179,2.873985352143192,2.22,0.052,1.1877148,22,2.824378
1873250780732546048,-7.768328404450262,2.778681442751092,-0.16584074089888762,8.250333130224382,2.798080346523181,-16.938459481103276,-4.871029051404037,1.0273948501921175,3.8409288999918063,2.81,0.066,0.9978818,19,4.222049
2069600708216958976,-7.696731844720439,3.5708778584526697,0.06364621049004077,8.484742174605026,2.7072008867648694,1.7916858889580893,-19.06086436678052,1.6762829602143263,4.186440778188298,3.6,0.12,0.95197165,22,3.624062
2069606682514776832,-7.87040133324194,2.2120976209753667,0.04223878867225666,8.175365009039131,2.867596264558268,4.365086543802643,-0.9238460968948345,0.407595628557306,1.4508023666808658,2.23,0.085,1.0392851,21,1.400815
1873112207907294720,-7.883815462705536,2.1364346379500794,-0.1688382283226127,8.168163760125516,2.8769583772100207,-2.627128319966334,4.119171398795515,0.6294018093415567,4.1364450540896724,2.16,0.045,1.0733646,17,3.996047
2065869957888142848,-7.930306649203479,1.7659533438025083,-0.03379929454106529,8.124552588474529,2.9224835910286804,-1.6202954102911098,-10.63210593823726,0.3289018381838198,1.3148689159269797,1.78,0.05,0.9961993,25,1.4437233
2065622468992684288,-7.902577308949965,2.0025888043439664,-0.08842023751273004,8.15236714354884,2.8934075564644632,-11.036461172623085,-21.055617135701624,0.9180144536660833,1.775250343238255,2.02,0.107,1.0949714,29,1.7322668
2066900067144378880,-7.892808133042418,2.154704442829776,0.006936044918789237,8.181636233723111,2.8750905699122438,-3.950338678886241,-6.957712183786754,0.7215111153202749,4.365572705497819,2.17,0.05,1.1500902,17,4.3227067
2066994242887955456,-7.804874357025043,2.9598040157323853,0.03465064321907179,8.34724526658302,2.7791229683940495,4.567788138223008,-3.4603268157215723,0.45517722361360957,1.3484455439231215,2.98,0.039,1.3283137,27,1.3556406
2066760837184240896,-7.842119369040353,2.782820914665531,-0.027942737982991687,8.32123358892044,2.800598592156199,-12.2402612372333,-7.803917201799095,0.8542205859650777,3.1188414367533457,2.8,0.052,0.9982666,23,3.2940617
1965135696153566208,-7.7066304955296285,4.024813203878499,-0.49520330738173685,8.694324293511368,2.6603013049710693,19.032371943503797,-11.244972772702624,0.5744534610822534,1.5261090430314934,4.08,0.041,0.9904753,16,1.442332
2065996783982879232,-7.403192040420986,6.827514995747087,-0.15012656023158538,10.070859615966453,2.3966256035173457,1.1344234207734767,-22.036937458285507,2.612027763652601,6.1013608107289965,6.87,0.113,1.0120344,19,4.28495
2066009153488742400,-7.6534663862066825,4.551977732879429,-0.09122090106152997,8.904832901600441,2.6050348037186466,2.0403427356966195,-32.735013536667,0.9550464682630895,3.102427449033125,4.58,0.113,1.0023034,26,1.9125808
2070181319081749504,-7.891652104121795,2.546225856243968,0.0654267268025785,8.292251747474584,2.829489516513119,6.1091379317049865,-35.071298375825904,0.7792098859363026,3.113854371207622,2.56,0.088,1.0871422,31,2.7690697
2070122701367046144,-7.843580588288942,3.0340836525971078,0.059764818159717174,8.409959575166821,2.7724964183915533,23.43563678731452,-14.390800475667021,0.5665401078902544,1.5696153828491017,3.05,0.051,1.1198277,28,1.3704723
2161786374436607488,-8.034933473229978,1.163376547153226,-0.041565178581840174,8.11871916682045,2.9978020929286755,-10.34064497425029,-21.033250816038958,0.5806656984118344,4.2718402172032475,1.17,0.066,0.9520018,25,4.5056753
2067145601833880832,-7.8529481150764,3.1557694877619875,0.04769265724031795,8.46331348574372,2.7594856380077117,-3.8042182600373464,-20.066199476698102,1.2813224840335142,3.6166267187513585,3.17,0.113,0.91977435,22,3.7130864
2070224337474904064,-7.968838546235484,1.9911960037486698,0.05366300168139853,8.213844976703246,2.8967337112847678,20.731424846221046,0.03353936494380605,0.5697524187265854,3.1136128592032657,2.0,0.048,1.137935,12,3.1848712
2166303099490547200,-7.982221262996774,1.9019960674898773,0.05409915016026983,8.205695907854786,2.9076755329629833,-30.06227564842,-16.910833869102845,0.8679680365803516,3.5551380108684962,1.91,0.043,0.9603295,13,3.5920117
2163267519678403584,-7.690561002004314,5.761137146429482,0.0868405952004509,9.609132621913345,2.498656307981806,9.165923298955606,-23.556711571041262,1.3788946133032247,4.7119861558575,5.78,0.117,0.94409937,24,2.2879014
1968971582984827136,-8.065979535710216,1.072777797884986,-0.08663397743101037,8.13700670235259,3.0093683395523536,-10.31173889283444,10.120944159521684,0.3728384856388216,2.920455720036441,1.08,0.037,0.9512303,19,2.898144
2162275240493961984,-7.674943507530595,6.371522522753449,-0.09511726616951816,9.975021659211599,2.4487230377227647,19.267401609708564,-25.11738460172296,1.151878267329224,5.6968844330457395,6.39,0.109,1.0751722,22,1.5665901
2162275760198598656,-7.714273659919741,5.893123396886837,-0.09114782919661996,9.707673329437212,2.4892392028384376,13.220142657383903,-18.125850102370833,1.122853682121807,3.554325275868596,5.91,0.073,0.9885027,20,1.860651
2162268853891035648,-7.438575008278319,9.752384520954902,-0.17690964106923662,12.26545563761671,2.222403973658268,-7.675958705464929,-12.402712610333452,3.376738307634137,7.762134053529389,9.78,0.111,1.0267501,15,4.148187
2163105616604037888,-7.473940749503181,9.38566558580328,-0.01260830147170117,11.99793769010392,2.243285913989177,-5.082755474127921,-17.68765222775528,3.4352387688576855,7.537508722648967,9.41,0.119,1.0818874,15,4.722935
2163049885106065408,-7.388712575430697,10.642425172149839,-0.08467060506806329,12.95585917904082,2.177666042151596,-21.955187603426314,-1.145445573369443,2.2521781983906064,9.690926855100592,10.67,0.146,1.0758693,16,2.6109457
2163329126697735680,-7.862005889486493,4.149903439681079,0.03651455407619791,8.890041347766452,2.6559196817992903,-4.313029066748564,-23.265535955649142,1.1061864308450375,2.533776373819313,4.16,0.114,0.96845275,19,1.9443526
2163333284226073088,-7.886312305769941,3.8307870018272716,0.039274624463495104,8.767488285564298,2.689408786799852,0.7939694658503195,-20.269323687339806,1.4545121685854019,3.7675439358262084,3.84,0.06,1.081113,24,3.853967
2166451460533846016,-7.8622614031356,4.21869516677633,0.1182770263663237,8.922586131913647,2.6491147136157447,18.514486411902208,-8.682612034946573,1.2352424225076162,3.8692378291806864,4.23,0.106,1.1097307,17,2.6300771
2166389269407411200,-7.879983401854247,4.039992563111032,0.0952336555527637,8.855262747287112,2.6678442701960607,24.895644670471544,-4.435229051272785,1.723846696119049,3.9605072928711484,4.05,0.053,1.0898042,14,4.5106087
2163414854247707904,-7.863326894511452,4.720492092602678,0.09310136011449405,9.171420579510654,2.6009397909382765,16.879003029978456,-19.194086912494384,1.7300099645451283,4.746503774332142,4.73,0.111,0.9629978,19,3.5063174
2166798979238510592,-7.670289380534051,8.354157534903687,0.1921316803259429,11.34130888826865,2.3135438179151198,-11.12464141562618,-24.66783243299463,1.8899268418606,5.663579005990005,8.37,0.119,1.0333545,17,2.5079062
2162640763705905920,-7.666937214840773,8.744971070489239,-0.16693292858478032,11.629980450542645,2.290602641374925,-21.194342774657354,-6.565646133182241,1.5179806439549774,5.4545986626507,8.76,0.109,1.0786363,25,1.6335776
2167601931957285888,-7.5621275751671675,10.690070617761114,0.7194316363482932,13.094402746052344,2.186469718285938,-8.051701626567224,-6.725593871691956,2.9221461586329665,7.217699564912819,10.73,0.112,0.992875,17,3.549232
2166818804808477696,-7.73272930905649,7.715987921118765,0.2112112548963116,10.923899128332884,2.357278164722396,-2.959829767647218,-15.664954242497402,1.0449295713875053,5.518484200264556,7.73,0.12,1.0426196,17,1.3591626
2163744982615101440,-7.9896100497331926,3.406166969840863,0.025555740513405863,8.685380945775062,2.738600629099752,26.19260374788975,-15.540551047706003,1.355266880077046,3.691033180084211,3.41,0.056,0.98652357,20,3.5805461
2163813564654742016,-7.978979808988566,3.675648477889344,0.05804518075889347,8.784902419791438,2.709903976237649,23.076600451762857,1.7553621756111966,0.574936212587909,1.4978839004091136,3.68,0.034,0.8328534,19,1.3447651
2166855432290791936,-7.843301256001629,6.7703294471663185,0.1977919541204986,10.361213028191445,2.4294856491528587,-14.779150854716413,-15.611660102960911,3.023144008117577,5.387763339892444,6.78,0.111,0.9786508,21,4.5902615
2163635100177988864,-7.743386678748456,9.241058213549984,0.008695303870360268,12.056417136232417,2.2682429663146477,-19.21254407421326,-10.923416242472683,3.44410541254648,6.434461426164252,9.25,0.112,1.1839038,16,4.466461
2166861170366710272,-8.05027696584205,2.286932761773675,0.06948616818348013,8.368812381911836,2.8648034306038204,-15.4691735889143,-3.6813152664176414,0.802007431687647,3.0058833144452697,2.29,0.035,1.0258019,20,3.153096
2163847439043169280,-7.843528733572006,7.293212163729649,0.07714380777599444,10.710363516685312,2.392534829184535,-4.450995544560653,6.991661603185008,2.8900902707721694,6.100563968096305,7.3,0.114,1.0265286,21,4.306493
2162501400600160256,-7.487203597418509,16.0076402613086,-0.5208617133932668,17.672089985190343,2.0082937439967807,-72.96776534212435,-93.39416000316021,3.926914766523819,3.6074304316874914,16.03,0.117,1.0750632,17,4.498646
2162777790346215936,-7.915817976654336,6.274464366036851,-0.11556431545001905,10.100944377640646,2.4713501938360287,-6.567538111913976,-14.643602754555872,2.56786177316781,5.153185435040475,6.28,0.106,1.0482576,13,4.0051303
2167037092224124928,-7.9747343171689336,5.253486282320185,0.1998308323916546,9.549633791301016,2.559079490527558,25.272315309103462,32.56902566414061,1.7049474903072863,6.207565262730306,5.26,0.121,1.3958218,25,2.9440515
2164359918864249856,-7.987258047938098,5.637381134895494,-0.04972319261234565,9.776316135663143,2.526986808141932,11.44556254956295,-21.04500174468012,1.2524195406567085,2.5659494219249375,5.64,0.051,1.0635791,14,2.171623
2165415243850306560,-7.982557534065656,7.287396210382138,0.10509977407310028,10.808670978050923,2.4016878616618986,-25.525407365456253,-15.158353133810891,2.6051507503468976,4.509874946598972,7.29,0.11,1.0517166,23,3.955517
2168490814081092608,-8.099837367954084,2.348632091961795,0.06803953258876355,8.433471295421487,2.859371758986932,11.33648102674489,4.133123928104311,1.0531363449842095,3.9400291840839228,2.35,0.045,1.0274318,19,3.9839027
2165427063600859904,-7.959154477799127,9.417421937839762,0.1156941001137643,12.330286937325324,2.272469227752069,9.898068907658457,-16.713536713272077,3.399363933819836,7.657810433893596,9.42,0.113,1.0739005,20,4.378112
1971722045688053248,-8.122425439185482,1.517613077661576,-0.07506235132063549,8.262986413435334,2.956880091427391,3.5147926689386138,1.0825336756817876,0.33643254329260025,1.7818441073877669,1.52,0.035,0.94307685,18,2.0125468
2165430637013938688,-8.004648451897234,8.498095905415976,0.111516269072168,11.674417795166857,2.3263024635383456,-10.045628252127168,-15.613062628828203,3.4759960779490733,6.171990904842212,8.5,0.112,0.9315983,9,4.840134
2164475809937299456,-8.118615478317716,1.8996034714733803,-0.017342492206123553,8.337890058858639,2.9117463840021807,3.5555395316945444,-13.866456827854734,0.31964971529974373,1.3473183109581592,1.9,0.026,1.033871,16,1.3856587
2168856131127624448,-8.084781589662677,4.213506371299395,0.23024621250955096,9.116870586639319,2.661156650728778,-119.33856076958844,-8.887548407980688,5.515478349960213,5.002480803765103,4.22,0.109,0.9694284,20,4.6300836
2165437234083884800,-8.019503181245964,8.678302498355773,0.11702045410139078,11.816317765149268,2.3167606980265063,-23.043801865563008,-1.026822453041433,3.5547973571046847,5.854749801540342,8.68,0.111,1.0678407,16,4.7544427
2165305357101041152,-8.114193525810151,5.869873129838696,0.01990378081137439,10.014766454326416,2.5153287076116966,-4.323666184220626,-12.98503407214784,2.4021743552641084,4.924271769440847,5.87,0.111,1.0427225,22,4.132436
2168655710772034304,-8.13090618262887,9.444913028130298,0.3149404434765963,12.46266494212445,2.281571120233986,4.9361088579281525,-7.09913407008824,1.927240072283269,8.046522401393666,9.45,0.119,1.0047002,16,2.2970848
2165638925753967104,-8.140547379024152,5.588656795909268,0.1276716029823874,9.874289666229153,2.539970390737792,12.319419762973626,-18.71945997566391,2.0541542299241353,4.278742454350179,5.59,0.08,1.0566608,19,3.866304
2168683473441152000,-8.15668799353598,2.098845671508253,0.07479713635174151,8.4223934945301,2.889740359784657,-31.92768484684796,-18.104960498720345,0.9669921088329182,3.082491906267305,2.1,0.029,0.9149061,18,3.1007295
2165972009046721024,-8.192563589049772,8.448504500823507,0.15866619231167783,11.76840373462175,2.3408156255311585,-3.7198623611587687,-11.800760653554136,2.6244559606419933,8.23449233016598,8.45,0.154,0.94340754,19,3.4287605
2165771172070496512,-8.170261244174519,2.4897369410600927,0.03548951648495673,8.54119188601564,2.845800596671111,-8.009282018798196,-1.3862748420651485,1.6052100411581416,4.50631153654591,2.49,0.112,1.0855737,11,4.6886306
2168974530478099456,-8.171464194732224,1.757649580446412,0.09385814071085102,8.358358638718142,2.929724699718329,-11.305441947184455,-15.576095848886837,0.6047542299426613,1.7974052869522583,1.76,0.048,1.051743,17,1.8325434
2169337236176079360,-8.157733600616417,0.4494866574488463,0.02554763050969638,8.170107450569462,3.086548859165753,8.725988972375072,17.789233377627255,0.12676491629177866,1.611641143018717,0.45,0.029,1.0463656,28,1.8204837
1960750328384177408,-8.20398366534788,2.0267127889623184,-0.2978493605727605,8.450616114239143,2.8994017309185076,7.027057023443742,2.6824874570328348,0.7866236562842713,2.789165674977863,2.05,0.038,1.3142585,28,2.879086
2165865665655977984,-8.271497110936433,4.25820790129242,0.027938147113092556,9.303225192741438,2.6661713320317864,17.641187359905995,-35.16495948316546,1.3661543791447976,3.9468874054021805,4.26,0.112,0.9301592,31,2.6136312
1973053416822854656,-8.73122686325663,20.19641293692781,-2.5837040586260938,22.002941122871714,1.9788471032626487,-108.30172263201818,-86.09343816204353,2.4705998651310304,2.321806129573993,20.37,0.126,1.0037322,25,2.5792866
2170785842762144512,-8.298814471552959,3.5356589324126904,-0.08707221157058448,9.02059896678743,2.7388381815624934,17.959614604877277,-9.623681396351117,1.3466430528522522,3.0273495529015735,3.54,0.047,1.127546,11,3.253032
2171143630713575424,-8.422534329499776,6.073885658910644,-0.0005852416855237118,10.38417890490734,2.516814587939113,-5.403330331882778,-7.2557791089271575,2.981340025459596,5.212604432710268,6.08,0.11,0.9934557,20,4.5008364
2172265991562658048,-8.384303404498832,4.752199723601115,0.14442023606536475,9.637424230139773,2.625944843237489,-10.783122348220413,-36.19385041942212,2.812065992197223,4.47436631357493,4.76,0.109,0.9993676,32,4.5288796
2172000322072006400,-8.284917893555424,2.5460795543906176,0.04763744107406647,8.667317093555582,2.843438432907768,-5.001984500439504,-4.517772481634978,0.48577915992888576,0.9588895046238104,2.55,0.042,0.9612708,17,0.91419846
2172278803454142720,-8.294958826013046,2.734806417635262,0.09164092396206663,8.734157547651105,2.8231201690082193,18.592757127567854,0.7906932023770992,0.7321806594246382,1.8231148861313515,2.74,0.045,1.0889881,18,1.8348527
2175555936502487040,-8.252350819256755,1.8849875507752503,0.09740137825532375,8.46489646189871,2.917027061034406,6.465659553532533,-10.973129273010613,0.9799541653928973,3.145713929939928,1.89,0.123,1.117169,27,3.054105
2176426509195347456,-8.19908010295384,0.7866055525752894,0.059746345313018805,8.236726463225292,3.0459471131316627,9.41204288643624,13.64813750712591,0.2589862171361666,1.55277778958821,0.79,0.039,1.1250465,22,1.6148921
2175754398354311680,-8.388842952175242,3.6646737671079994,0.24112541959677508,9.15437162756624,2.729727142824967,-7.42237832267478,-19.552054341558488,1.2403957957107692,2.2013023664139686,3.68,0.111,0.9500781,24,1.8526771
2171585359503139328,-8.537125790190682,5.927222543677665,-0.03651313374386029,10.393001676119349,2.5347106566698954,-8.623835429005887,-14.253932211753181,2.7308179428305497,4.438950047943485,5.94,0.108,0.9880348,25,3.992319
2175434268670997504,-8.56087432984928,5.940995749554931,0.24497915110333895,10.420364666733219,2.5349246874281,7.1967823098951245,-32.00674532911279,3.574598816730205,5.971664734049467,5.96,0.13,1.0969634,30,4.780206
2175493092543169024,-8.336037620568353,2.600554644065766,0.1263505541981032,8.732262459884204,2.8391949699160453,-16.649118145068126,-8.907551156349427,0.6348408847529904,0.9153098099540484,2.61,0.047,1.11997,23,0.9857868
2171687236130073856,-8.52318004456775,4.845647290290868,-0.0006324802049724786,9.80433045822208,2.6246375596343285,4.493508511465048,-5.55107349151541,1.4390675477010364,3.68728138982293,4.86,0.11,1.0247085,25,2.5094106
2172548462970160128,-8.674419023149087,6.608017373734357,0.1319481321228108,10.904652172387062,2.4905935292772416,8.292214551078283,-13.079508167935415,2.4657308219261456,5.233897321387957,6.63,0.114,0.93608046,30,3.784723
2172735787961250304,-8.448584204193857,3.7167479017158978,0.10312888840316997,9.22999404226587,2.7271481700247846,30.28162719446334,-22.860491613637464,1.3504581822230506,3.030351435847421,3.73,0.06,1.0975535,22,2.662132
1979290911935177216,-8.32840753948053,2.091720104234176,-0.04813854218805242,8.587063825204373,2.895527350674633,-7.667679049983989,-7.775270006238344,0.5435369757121407,1.2043933652948557,2.1,0.037,0.95819956,13,1.2333261
2172770255078972928,-8.367542942513172,2.4795814292086957,0.07220979416751866,8.727204532889019,2.8535032098026876,-6.360617148311415,-1.4100461303512475,1.1702327758526638,2.1684056326832257,2.49,0.107,1.0396155,25,2.1076424
2176126686126163712,-8.852544871716585,7.686079525200853,0.4338802375273855,11.72362440431573,2.4266076574052193,-9.423386488254689,5.121390263999473,2.6253538196061865,5.5411298681972605,7.73,0.112,1.135567,27,3.3088455
2171569966347494400,-8.387299109881914,2.5489178787333087,-0.011989972745148295,8.766057763393546,2.8465597995029324,-11.979653920593586,14.724653101983932,1.3948551378916803,3.144435525776253,2.56,0.043,0.99010074,16,3.5370963
2171786982452223232,-8.7770410700702,6.459637524094063,0.005024188684675075,10.89786065649507,2.5071314809510814,-12.55884740900749,-4.824130829209878,1.8481485689062782,4.11983936685015,6.49,0.114,1.0529114,24,2.1287425
2172625119548821760,-8.449908588144545,3.0650009702666914,0.05264634514119442,8.988614247798973,2.7936259886339676,16.588972738650764,-10.913019437988225,0.895125633588462,1.9348156719000142,3.08,0.038,0.98467946,26,2.130625
2173289224575696896,-8.892267125085686,7.232006877463322,0.0018552371927013601,11.461864512353845,2.4587994121089145,-0.03241021743213348,-9.297150879960384,1.4995707663420388,5.149950281327278,7.27,0.118,1.0433228,24,1.7675211
2177330376481113600,-9.058372361209747,8.7838591725755,0.839510982050906,12.61785606979123,2.3715788624112646,-3.034054754635904,-14.21369130151399,4.06824056402609,5.9814322120605405,8.87,0.107,0.98964494,29,4.9367127
2172686554763264768,-8.562934950746456,3.9477241859484,0.08203068308708666,9.42912409606731,2.709608532667433,2.3733386621757937,-10.201646715806106,1.3129828781735833,2.3588308797539077,3.97,0.043,0.97509694,21,2.5677338
2172699817623205888,-8.89238061724024,7.079552017874056,0.15785317487934852,11.366375403604025,2.4692117250838908,-18.453203845679067,1.0205560421005657,2.048435808823693,4.453559207537361,7.12,0.113,1.0270278,21,1.9590975
1980786488264944128,-8.553390724145935,3.6860516727239894,-0.11448955133804956,9.313832176601478,2.734696277465104,-1.6918388922366816,-0.6254736448795768,1.9690845961787204,3.8562635141707635,3.71,0.121,0.94042146,22,3.654494
2174193504173455872,-8.660281272626742,4.641164667979464,0.09550918571501205,9.82552192996944,2.649628428627054,12.86612043556261,-20.442479115259374,0.8904572774075817,2.037299980154329,4.67,0.055,0.94895476,15,1.3864284
2176354010159818752,-9.182874714331774,9.371072697466403,0.6525413353208783,13.12029692957877,2.3460515526799814,11.850479400720365,-13.326455964047142,2.35304079532543,6.191824416399034,9.45,0.11,0.99499214,21,2.7823546
2174472436523073280,-8.828439518296872,6.098564752595819,0.22189145147362405,10.730043633174564,2.5370772079287036,-9.220985837576201,-12.706932942379183,2.8326219336806506,4.530801812747508,6.14,0.109,1.0902961,26,4.2293363
2174445773365776384,-8.850063243976528,5.654407442957835,0.17158830500101335,10.50218753181266,2.5730520281224996,0.6014875408942587,-16.46414329508815,2.922245145248763,4.525870278866018,5.7,0.112,0.98048544,23,4.466828
2177814470836631040,-9.02403730946066,6.923006958489222,0.41553681572580276,11.373709804185623,2.4871904721614184,-27.404705321437987,4.646086932632699,3.465946864731262,4.876555224041454,6.99,0.118,0.9998331,24,4.5370626
2174627776903099648,-9.035452916241727,6.958076819499389,0.29104652959445815,11.40413269072558,2.485359877049743,0.059043430325197814,-24.448500693926007,1.437939585455616,4.622606130838893,7.02,0.114,1.0835056,26,1.457577
2174538785179277312,-8.883622597957855,5.761156026260021,0.1697449448068719,10.588185360195562,2.5662625919075075,10.64407260744359,-17.379507346698603,1.1038729466582375,2.951599345514965,5.81,0.068,1.0579765,24,1.6470375
2173195216334113536,-8.81229852368594,5.086849703256254,-0.04159887235261978,10.175099270969087,2.618073306562071,17.87976685409941,-1.2811981603999811,1.6640224977340163,2.892317214096443,5.13,0.05,1.1443325,29,2.7753932
2177659955093549568,-9.249485586667648,8.137047525436648,0.39018809778669755,12.319274574794866,2.4200901352964093,14.819217528390226,16.020181398224224,2.2876369720292815,6.989110094327204,8.22,0.109,1.1294625,25,2.8703487
2191341796747276288,-8.354213754686167,1.474263364772912,0.19216417897015564,8.483297703587862,2.9669215748899584,20.35629226782699,0.5428779656694189,0.4135691846654338,1.1677653792372658,1.5,0.035,0.91250277,15,1.1615294
2174677564161400064,-8.652296886275312,3.5744329874565706,0.06228725088690939,9.36156037154422,2.749827731770636,21.094202210141624,1.3206273454648851,2.18045831763756,4.875389437549824,3.61,0.104,0.8088802,17,4.149751
2175032053584588800,-9.274446507350993,7.793439650753962,0.309332665457612,12.114167722450398,2.4427492376711566,-17.5357735603389,-1.5690799509423812,2.1997029471183254,4.697558546878489,7.88,0.11,1.0141546,30,2.212939
1981367545804985088,-8.815295583723616,4.560562213832139,-0.09818997392226297,9.925127905203569,2.6641643510527206,9.333927964746504,-8.451281887814474,1.379528566550744,2.1763711267600816,4.61,0.038,0.9252845,25,2.281676
2178339384559913728,-8.778679522172371,4.215436796692142,0.265792792925384,9.738332585197254,2.6939180207541376,5.356378327441921,15.045170469349728,1.2896448482235583,3.512375717491248,4.27,0.106,0.99535877,22,2.014845
2173782183742263552,-8.99918333894459,5.454290255365207,0.00702158024950877,10.523050078646863,2.596709254144597,-2.239980208683313,-7.673024023816055,2.4517195635066384,4.1810853208298475,5.52,0.109,1.1424847,18,3.4870002
2175017313256205312,-8.953676229225502,5.144091503449051,0.19661289790938902,10.32618009787039,2.6201170454646734,-7.9648284067370225,-26.733142350305883,2.2256676088639877,4.510067551215459,5.21,0.191,1.0502487,28,1.4065759
2175088575355359488,-9.29237288208321,7.263314085235118,0.3354218959184711,11.79423271266301,2.47814593730786,-12.465063123775261,-6.733956527363688,1.6545974814927802,4.351316375010393,7.36,0.11,1.0257586,27,1.7541391
2174068847034667264,-8.532000629399825,2.3792916933161,0.03933990833973005,8.85754275755765,2.8696350775642196,12.711508161174196,7.576044399511147,0.8647814461081077,1.931272848438713,2.41,0.04,1.0846224,18,1.8747253
2175193750509326848,-9.282793673445742,6.839461214756833,0.3251006581555002,11.530329053931084,2.50660027127037,-15.546591401544019,-1.911014752430134,2.095250321350139,4.033940216803344,6.94,0.109,1.1472673,32,2.2493808
2174833591730216192,-9.0590618075465,5.483942392472246,0.12202936100886558,10.589628180295184,2.5972454360607746,-25.453712689783313,1.9447791510523587,2.035278751244184,2.8482724910259156,5.56,0.114,0.9800254,26,1.7691374
2178267022947704832,-9.403085048571773,7.504658325132784,0.422964529075112,12.030706754287499,2.468007674464164,-6.914989375747419,24.793843076681668,3.5242083058443194,6.525818900649355,7.62,0.125,0.98580825,20,4.7473745
2174940106920761600,-9.237201762345498,6.425878886393322,0.19646813879291164,11.25245821413589,2.5337907012811254,-10.935195246687272,-10.917906985081544,2.7679963836616155,4.247688693449102,6.52,0.108,1.002882,25,3.647977
2197757309661690880,-8.514543879022927,2.139065628518047,-0.014615767307647746,8.779126336425174,2.895461454654732,17.2829351613784,-2.7576359819200036,0.3660869466742129,0.8841450130078503,2.17,0.038,0.9112608,15,0.8288135
2174872108997359616,-9.156607572170415,5.893134862102757,0.14003236240012468,10.88910008832959,2.569734180894238,-12.863152715381524,-6.420243418635721,2.4088958347165517,3.7784746877378597,5.98,0.111,1.0323608,27,3.0303009
2199269722265482240,-10.037047280603712,9.943214955806837,0.43957591422460446,14.12833471327938,2.3608907065822455,-7.123799088853203,8.546679117175245,3.3369119212795675,6.643309493501971,10.13,0.124,1.1174434,20,3.518198
2005753545481718784,-9.177789183941877,5.260414314248608,-0.030372287579833627,10.578457971861125,2.6211363224006563,17.03156934795128,-13.19650404049267,2.6935060571940688,4.663729354668222,5.36,0.1,0.94285107,21,3.997969
2000294573320350976,-8.391746151118523,1.2096942997521434,-0.12018851293712735,8.47848829471772,2.998426016466725,3.1360839792771595,-8.906071421175426,0.43743200712094893,1.0611467489249895,1.24,0.035,1.0072318,31,1.1591816
2199062876642955776,-9.573274013555825,6.973894562882462,0.18847657070492868,11.844103204245766,2.5120102077610302,7.105544302672658,-12.402395706969457,2.6836580064147215,3.8192322324333303,7.12,0.071,1.2506297,18,3.7428026
2006085421882734336,-9.393603385513066,5.950775186473889,-0.08461483648440687,11.11987004799408,2.5769098277838984,-8.114724571839862,-9.73701654799774,1.8556030020672165,3.949362570785089,6.08,0.126,1.0679536,19,1.9980974
2202500843341252608,-9.785714353146998,7.7529876420304635,0.5146317179453165,12.484751610619423,2.471579180940245,-8.708161340849705,17.19025386301618,2.279883224469927,4.994193959363204,7.94,0.11,1.133691,25,2.741499
2198341184695523840,-9.096483149347359,4.4606840969683255,0.013470070969544053,10.131323126783913,2.685674989410801,5.340342716131219,-11.41670344985556,2.0573621515324705,2.9576982746139957,4.56,0.058,1.2965567,26,3.290827
2199092494738136576,-9.113253078110974,4.505923102509885,0.1500576926665737,10.166352574617479,2.6824059052957314,4.589203769658265,-35.78284089149588,1.5923393020833763,2.930938767334462,4.61,0.106,1.1199687,18,1.7013274
2202444802606851328,-9.620517196753559,6.8630590663898285,0.4015984312487703,11.81761104799894,2.5219449103191462,15.640467407441571,8.425362249502768,2.280280094899752,5.683287196656998,7.03,0.111,1.0413677,22,3.2994149
2005011237689458688,-9.1942821519675,4.824717105717535,-0.18205202173873963,10.383290395640078,2.6583401581819723,14.261000614695524,-6.63092107392626,1.8032770421142832,2.4676053374657188,4.94,0.037,0.9785039,21,2.7796655
2246124001521354240,-10.407865286816655,10.440191816887152,2.873954425778153,14.741820274373195,2.354643913848359,-41.197956919086195,-49.42538603373677,1.4034037311621264,1.5256411896452664,11.06,0.061,1.0657697,28,1.356887
2005911737717923840,-9.52261593990094,6.229341618747474,-0.11949353498336418,11.379143699853467,2.56229656235216,-7.990599336085804,-6.383693543241009,1.3666296796008515,2.580157446851963,6.38,0.073,1.0115929,23,1.4621959
2006033847910275584,-9.333221855532397,5.165704899627091,-0.06849012665322901,10.667405369377267,2.6360854173204396,16.46955974629411,2.0368355194596006,3.4051800567080592,5.351661222865037,5.3,0.109,1.1231877,10,4.8679323
2202863166783787520,-9.759259163990663,7.005548668607519,0.42091162942584187,12.013361377156865,2.5189961730981802,-22.35434596511045,-1.7190948862358937,2.314976402913702,3.2230726072954052,7.2,0.084,1.1775166,19,2.3907123
2203140071913180160,-9.558375423801062,6.053004353459243,0.44197650020006746,11.31377047872727,2.5770705581263105,-26.354060039883233,8.538243763017249,2.0557975201410947,3.1671008891982084,6.23,0.111,1.115342,26,1.9537873
2199594181268990208,-9.221661294017538,4.553225095968138,0.15409111248036317,10.284497838792873,2.6829549330195883,5.83415915134573,-5.217741296062627,1.6089463471888261,3.3768244585244807,4.68,0.11,1.1581646,20,2.1431556
2203988169026743808,-8.346422446350559,0.8237789791131027,0.0783401474797481,8.386976777085595,3.0432128273922157,13.187067472621164,11.763447896798255,1.0368236382597067,3.002835661368222,0.85,0.031,0.8766655,10,3.251732
2204078951764438016,-9.096218707801127,3.9386859350175296,0.40087292555213366,9.91233785112554,2.7329633438583234,17.49081710926192,-37.24463779308172,0.703666459700175,1.4584087444391602,4.07,0.057,1.0799305,17,1.0844288
2198576445824900096,-9.160084531901205,4.1279684684523055,0.05134553180869677,10.047251977934673,2.7182004622574447,30.434009766933375,-19.434988214331895,2.2534127710700713,4.098722792610588,4.25,0.085,1.0785333,22,3.5606725
2200018111723748352,-9.056729468259089,3.587124389680814,0.024914398665448475,9.741242736338908,2.7644763534723853,-0.6974923593503126,-14.399864760377142,2.1290809609779275,2.973401600691489,3.7,0.041,0.99277467,17,3.627688
2200372120106860544,-9.05822095282779,3.492567930640282,0.10141965231202138,9.708212893235569,2.773588479973575,28.719594112495315,-23.71788736442295,0.9429055853830423,3.9071738496343094,3.61,0.144,1.1671942,21,1.379839
2200136721542850816,-9.12166146661963,3.7247202547901264,0.07499396639542949,9.852829486399184,2.7539191454776937,24.964122948062723,-22.658105762714314,2.243322690035269,3.3387193132763135,3.85,0.047,1.1711067,22,3.5954661
2007997408188526336,-9.136714882007768,3.6695673922725884,0.03129210816601218,9.846079609749886,2.759682969297637,10.915478336319525,-1.7582981127610822,2.441840805517408,3.427442336352554,3.8,0.044,1.1157568,11,4.302543
2007654601080023040,-8.6726970935825,1.9303298143623517,-0.019251082168638082,8.884922513407222,2.9225870884953222,-1.2072381353340493,3.625256868942216,1.1378267089039191,2.1536223167534914,2.0,0.037,0.910487,9,2.4330914
2204848919139709952,-10.585687112964283,8.851597240646337,0.7408540213282752,13.79882405729546,2.4451735370500463,-5.813992189355327,17.939210428092593,3.8596379384337394,6.4097940075732485,9.21,0.12,1.1104918,12,4.571585
2204558270113193472,-10.150593940591989,7.254267091827642,0.47965758959599464,12.476335535178439,2.5210925287465527,-1.7305475998732296,-5.730451045084038,1.9623320701704656,4.606054816454507,7.54,0.11,1.1103516,21,1.7166026
2006989121667184384,-8.734668398279922,2.0883784808368717,-0.07023648221533346,8.980855009804605,2.9069075728948905,17.5288690264896,-6.019545547411866,1.8643653066718475,3.3939514398898636,2.17,0.041,1.0999463,18,3.4038918
2007201567928631296,-8.684891884687296,1.895180568010307,-0.04999144973077547,8.88926636084616,2.926744822611741,14.64640038532547,-3.3865112947927685,2.1111730466799905,4.0390266409381494,1.97,0.118,1.0548457,23,4.5408115
2007742974331435776,-11.2169070334351,10.854786976473829,-0.0724073830291983,15.609144874122723,2.372599555018363,5.655840151389046,2.41670874020042,3.1093465634777826,6.284829030610513,11.28,0.112,1.0352467,21,3.3367112
2200288041828201984,-9.686170172166344,5.341967146074102,0.13650576579424673,11.061577898017084,2.6375950340846623,-12.911192657283586,-0.345081536544086,2.962345569332426,3.77190786182147,5.56,0.11,1.0742787,12,3.4725246
2008401238189381120,-10.980711943768934,9.778247342627441,0.07856361042561394,14.703406268128155,2.414054925421341,-1.3415693467791103,8.693563394323434,4.067851803129179,6.47264445967813,10.18,0.112,1.0405918,13,4.60628
2201599278161747968,-10.78670983969926,9.070910410071933,0.513373770848751,14.09377610271343,2.442385507699532,2.527544164502566,-8.231211414949087,3.492715339590981,5.257612746663121,9.46,0.111,1.0188637,22,4.0903077
2002637323358768128,-13.008252208048283,16.59296694717904,-1.441329409657301,21.084145171630013,2.2356810844599306,-100.42202483222623,49.33666176213822,3.688901181783322,8.425209372240268,17.35,0.174,1.3341092,20,2.5287592
2200929331984972800,-8.968939147931552,2.7905374141696684,0.10716893566795788,9.393027653487447,2.839953195795844,-8.654921049525402,-10.106749412415013,1.5797872921406804,2.3176880052247237,2.91,0.035,0.9912293,21,2.569036
2003938801532007936,-8.696625791540333,1.8489597657106294,-0.0807902075289208,8.891004013794012,2.9321052988152325,5.175997592880956,-8.441740521119414,1.866034524943791,3.409233286949539,1.93,0.04,1.0940742,14,3.7852037
2004036486267748352,-8.708437207762632,1.876825120537387,-0.07978352229685087,8.908386561809316,2.9293214164218457,1.0275247461841865,0.24268836561213902,0.9062842165715719,1.5535964490671674,1.96,0.044,1.0096701,25,1.8272334
2007341583859879424,-9.506621735734635,4.456719248766024,-0.10775179244910299,10.499438236813615,2.7032138099745384,2.0229850695498612,-25.63763454718665,2.2892725030512633,2.622710934928146,4.66,0.059,1.1556047,20,3.0085657
2008548332226448896,-10.302504249956401,6.880678092114847,0.08968109793664508,12.388919437452119,2.5527611558070338,12.304840919996668,-2.659047884844,2.6322253838232523,4.949161996792676,7.21,0.111,1.026493,20,3.16466
2201065259107695104,-10.825523374545602,8.523809119156855,0.33692546946546637,13.778507837667139,2.47459385786146,4.810452097864519,-3.1463788684414737,2.357441672852203,5.024778652727538,8.94,0.11,1.0425724,22,2.2585626
2008283006328679680,-9.752350455069209,5.093922652003739,0.009868885920124745,11.002562764332927,2.6602428606868123,-22.13216836688856,2.4948030750250894,2.9244192986444943,3.2509111902444414,5.34,0.11,1.0950475,15,3.5603116
2200995921154697216,-8.993539022882194,2.67909635701205,0.08905534566302936,9.384098328889145,2.8520716361365968,20.720201103693785,-12.815682537295572,1.414028685219798,2.1614759995515636,2.81,0.047,1.1648867,21,2.4178126
2008504454839717120,-8.580204897614157,1.35323616854104,0.014103571627809893,8.686262960150907,2.985165105446728,13.409796916061298,3.303260998981955,1.1926982697487563,2.4037187866129672,1.42,0.043,1.0556537,15,2.7645068
2008570391179169792,-10.032396093503209,5.906937067425492,0.07385526188055319,11.642202407425483,2.609459348619609,-19.452744924584756,6.559866437992213,3.1813136002979285,3.8330163931359866,6.2,0.108,1.1692287,21,3.7831924
2008577744163053568,-9.055070950759296,2.8074206996052897,0.04712006971597942,9.48029118265136,2.8409518508700553,-14.412101129178705,-10.114506798817075,1.4192258058693965,1.9336088210149873,2.95,0.037,1.0262402,13,2.3722641
2013131813945245184,-9.478351151295435,4.119398012790333,-0.11672234118211705,10.334823681855653,2.731609440312455,13.945311777731563,-13.158088978665887,2.5048212252825612,3.172582468520442,4.33,0.061,0.98406845,24,3.481354
2200771620783330560,-10.873626958497763,8.40740266868356,0.21292817644818912,13.744823857218279,2.483413058789365,21.091604708868072,4.938016610711458,1.9173969595335976,5.658595829238433,8.84,0.114,1.1177177,20,1.8302945
2201874087346121472,-10.020093201662949,5.726027092654163,0.2816488912468053,11.540782210743842,2.6224270128066673,-10.045064924576746,-10.753559874177085,2.5620046737802284,3.4129612113748786,6.03,0.11,1.036926,15,2.7016287
2014609252631258624,-9.116740583473385,2.923760961186856,0.06407386697568679,9.574097191093838,2.8312526463333056,17.808731718197897,-2.669220360412311,2.332682037728869,3.3190987625285624,3.08,0.044,0.97508025,18,3.79333
2202251082398647808,-8.981055148601408,2.477479169717336,0.19481777255399008,9.316504420575518,2.8724306742897423,0.7370834529227922,-6.143668805036668,1.2047010986452114,1.5977248889551032,2.62,0.107,1.0343946,20,1.405485
2013344882984638464,-9.474123912213186,3.805716223661856,-0.05864807374460807,10.209921639219996,2.7596251953830633,25.065128935439546,-25.778808429068675,2.2266009999520833,3.6787325085269114,4.03,0.106,1.0860204,15,3.224116
2013347425605344512,-9.492897699042949,3.8308997238267386,-0.061043906636619134,10.236742617576683,2.758025981640157,37.384730029803826,-20.50390021768993,2.057878432403682,4.065741435401709,4.06,0.11,1.2671655,11,3.0264182
2206880468723863040,-8.750137472791387,1.7066808071670772,0.06183301599674312,8.91502468702698,2.948964897143748,-2.908036434330203,8.260229995020296,1.086373566016873,1.7704782888872188,1.81,0.045,1.0651326,13,2.0309165
1997084819695673856,-8.932181641367663,2.2175068321876212,-0.19562788447976992,9.203325780672131,2.898251946367043,30.484628089376567,8.10422972367212,1.0379998760825386,1.9927892624483832,2.36,0.053,0.94133127,22,1.955636
2211309340220914688,-10.640308472154889,6.9864952326672904,0.5893140408185181,12.728993676591008,2.560587186792644,10.43637147604735,7.132227538929385,2.684431124108423,5.360748583173711,7.44,0.109,1.0681661,14,3.080194
2010285491880986112,-8.900507704506,2.098996156196048,-0.05655268826437027,9.14466086094484,2.90999540222234,8.02689495065096,4.890933013105581,2.1286731897197706,3.3120366278860445,2.23,0.038,1.1231908,18,3.8065977
2207002415732147200,-9.075440328913286,2.5663757989317855,0.10635643934681877,9.431325564575133,2.8660055979409362,29.459248978326112,-30.598968167210757,1.9013020800509601,3.9636071624046068,2.73,0.181,1.1235927,19,2.653108
2009559470606504960,-10.701844179548003,6.829458280406633,-0.3640692193877331,12.695312884964284,2.5735879199352167,32.13544067387661,-49.21226896179061,2.602176240485991,4.18995062698583,7.3,0.115,1.0028342,23,2.949676
2208664430643981568,-9.058258176906824,2.2260914756573458,0.17187444197188556,9.327782397627725,2.900615419413777,6.425823589661277,-19.624969747127437,1.3637468734939682,1.6811940469641558,2.41,0.067,0.94343483,16,1.9031343
2015049435241306368,-9.190304865442062,2.544943521510449,0.064866640476203,9.536164902488109,2.871445919700614,3.211987757112609,-12.566964577122604,1.1127320286954383,1.4033015225927499,2.75,0.038,1.0144866,16,1.8287313
2012277910026607616,-9.484261766408563,3.2132964469662006,-0.0642605209943688,10.013815222473644,2.8149274929984403,9.827145629378764,-37.458015105929576,2.803563130846041,3.105930350952838,3.48,0.084,1.1242883,21,3.9066284
2015458213056909312,-10.452250529747781,5.464836417113982,0.015343134330952631,11.794658884530232,2.659841815827369,3.6354491027943014,2.473583875442017,2.778029772851532,3.071259191816578,5.93,0.068,1.0451734,21,3.4354644
2010972514847163392,-9.779031680914844,3.8655469821464115,-0.20377557187706535,10.515318068775544,2.7651537747001544,-3.3591354376232596,0.059171558542743696,2.0966722724757503,2.600540021541545,4.2,0.104,1.0769818,18,2.5304215
2011184205192790784,-9.632441192049058,3.5167494433173627,-0.1595332170404436,10.254338104692884,2.7915345806288085,-12.482797734145832,-24.753685273289705,2.007812748030698,1.9519269155625936,3.82,0.049,1.3564212,22,2.660925
2016581673416790528,-9.26859294827139,2.641764605120281,0.0875087518169077,9.637724600216197,2.8639319812327018,8.748751882344639,6.329639702398936,3.0171153418254315,4.045331857411244,2.87,0.114,0.9010069,14,4.6445537
2011303326105008640,-9.823499176350982,3.8818915846117106,-0.1468549166099436,10.562680452538912,2.765262326185724,6.100304808595712,-27.366401511193146,3.166486044745954,3.5894130462970266,4.23,0.169,1.1587853,19,3.4855642
2012494342018730496,-9.90245633103278,4.003147811815314,-0.01895199503880202,10.681003407510595,2.7574209310733777,19.908790599312894,-16.950381809965506,2.3929873250129052,2.562970116684531,4.37,0.05,1.1817466,25,3.2617655
2011315528113463808,-9.21444961669537,2.4138254039805465,-0.09444989614834182,9.525367962421154,2.885388748444729,6.284915331794125,-5.748120805004703,2.3715786615443184,3.0099967232265383,2.64,0.075,1.0484692,18,3.750424
2012181324799904512,-9.386813210507121,2.7872641886083844,-0.0573238377260022,9.791889700463836,2.8529510522764316,32.64166812649641,-21.96721119733047,2.0867088230176614,2.9023998479034785,3.05,0.066,1.0937232,23,3.0008953
2016648022068515840,-9.622131477607084,3.283771974513285,0.10381107765232195,10.167033616200744,2.812713658206608,9.598380717553216,-16.808459039290142,2.3674040957373803,2.6038267380414477,3.6,0.048,1.2966285,26,3.2631013
2016729970044277760,-9.393821474925003,2.7497081826475713,0.1168931423132697,9.787991468758092,2.8568330915752527,21.05470350625764,-13.316545932720942,1.5254718052911376,3.092426523973176,3.02,0.156,1.1558677,19,1.8921999
2015820463470505472,-8.80016762510131,1.428880985720742,0.02738092121625751,8.91541648501266,2.9806276542300854,3.618475592546511,-14.846974047532967,2.168441141904967,3.1389656790644396,1.57,0.041,1.0446388,21,3.9028661
2015622212085282048,-9.62880782125467,3.216052066967405,0.04710578709810769,10.151695964522402,2.819239392486429,-6.087246548513575,-17.580021768770735,3.368906395450439,3.5379116612801575,3.54,0.054,0.96063906,16,4.468079
2012643600728382208,-9.794262702049554,3.5252150657798396,-0.03128047994726219,10.40935747953543,2.7961021082459756,3.4200790912551584,-26.750759848775175,1.9181153614149744,1.9545455308659219,3.89,0.045,1.2118882,25,2.7087476
2011488250218029056,-9.841060944996732,3.578102649955461,-0.13265943705394273,10.47135612500875,2.7928633802618665,2.005396790978042,-27.80784274204285,2.0645233254760598,2.0057457381571804,3.96,0.046,1.02905,19,2.8160176
2016029409345377024,-12.487279549570687,9.109039600325328,0.1520863911966232,15.45660871567309,2.5113636716782786,10.737645133394581,-2.164425187020555,3.6865686787010734,4.657277534351964,10.09,0.115,1.0910072,21,3.9000146
2016028168089215488,-9.319876292262228,2.4549932291663454,0.058352278733948486,9.637794657406026,2.8840286995715365,8.024772150001914,-11.28476288914078,2.3881508612852778,2.83975267956668,2.72,0.047,1.0611795,13,3.6460018
1998384927774603520,-10.026449941468142,3.901342786553587,-0.30118080185879387,10.758725480602255,2.770513572233765,-16.918770648497787,7.454413117110391,2.247233354992069,2.1352647079245815,4.34,0.054,0.92870027,20,3.0594583
2016039682907416064,-12.092162261854577,8.144684427286982,0.16661377706903563,14.579309743163806,2.548839306877262,6.886805102359787,0.5687482611733969,3.8704177641141877,4.98025934351893,9.05,0.114,1.0930891,10,3.653613
2011930116451517184,-9.612121972408959,2.9692174704966074,-0.03968322474289316,10.060275403763525,2.841987720123216,9.526533911305243,0.32003183151846315,1.2268965865205617,1.7617806573769346,3.31,0.081,1.0659486,28,1.3911806
2012983143662828288,-12.666212741726044,9.156761596322283,0.04578370580362317,15.629434671495504,2.51564384017535,9.984918897429383,3.871807495667724,4.393075946428827,5.180782127763275,10.21,0.111,1.0120802,15,4.3760114
2012787293154800896,-10.101253330912206,3.9436782781422366,0.007698801228938896,10.843796254852627,2.769376636851564,20.384997866548016,-13.663623507296023,2.0809372714086125,2.4905009402965566,4.4,0.086,0.8948287,21,2.6553295
2011892320749271040,-9.670091515113047,3.040712963039196,-0.05264481941813865,10.136893273299071,2.836936712877397,33.984707500655034,-11.85504554957717,3.049727975687039,4.5681034155901505,3.4,0.137,1.195961,13,4.2276897
2011892325047232256,-9.71036643651585,3.1211837675418956,-0.054188202180755436,10.199657074734452,2.8305948811414794,24.957734550011338,-1.3017072447422038,3.5447772802559303,4.7866470914690975,3.49,0.132,1.0932034,10,4.8265014
2011892703004353792,-9.702414990436703,3.10280624088261,-0.05362162863239612,10.186474523362385,2.8320735798734895,25.45809807434254,-3.8499044856997955,3.146848811736668,3.409413291932955,3.47,0.037,1.0363151,12,4.6261134
429385923752386944,-9.635376975218977,2.9346547321051535,-0.06900725876761632,10.072372503598503,2.845947733295322,27.326730448881957,-7.594784357620227,2.30302394470715,2.559925884700955,3.29,0.049,1.0324407,16,3.341775
2209798233286495744,-10.511880898746341,4.650247578329601,0.39229104679654786,11.494539684962966,2.725093425920784,14.966146527263984,-4.4030602331689295,2.4064867443976508,3.8356282440019913,5.23,0.141,1.0449035,21,2.72997
429890595286480384,-10.130443134645743,3.8503994034725575,-0.028589198346793913,10.83750218779922,2.77837396507348,13.048147983562975,6.1392990957849065,2.3561603749708095,2.406180161681784,4.33,0.045,0.9430135,24,3.0842543
2209801600541259776,-10.956172547605108,5.453484245135734,0.4609061984325104,12.238390715483776,2.6797430534744042,-39.15138878733158,16.923364009976723,4.365836469898526,3.4373779906148685,6.15,0.108,1.028872,13,4.985132
430052537038350976,-13.046473018418606,9.457143791946383,0.10278876768408146,16.113597578501043,2.5143622965153067,-2.1383070372243456,9.336107546439251,4.353199672835728,4.918005897334088,10.65,0.113,1.1006224,14,4.117118
2210903379911655936,-11.006946437156072,5.445838828609425,0.6163075834686808,12.280473542075356,2.6821427586868754,-31.778338710086043,-11.532068211116211,2.674769636319946,1.6084567808640104,6.18,0.108,1.0576282,27,1.7713478
432188922485600384,-11.422245617393317,6.211910495269189,0.35970964520802523,13.002135476347581,2.6434886456236284,5.817614650245405,4.140271247589709,4.1295437995523985,4.927297522551715,7.03,0.123,1.0356421,27,4.1546793
422226488141991296,-9.104645057552721,1.8117016518715907,-0.21807637481985148,9.283147338021381,2.9451717817043273,3.9343079724916143,-5.846424468716407,2.5680294489175406,3.1438589389485467,2.06,0.039,1.0807915,14,3.6591845
432163221401882240,-9.431622522894113,2.4295869486687605,0.1360611378721754,9.739527511923002,2.889473840819006,12.909655525951402,-19.311760166745614,1.5642548265028526,1.7321618612423748,2.75,0.06,0.92413586,16,2.1239238
429635993926502912,-9.374944648073225,2.304294190114606,-0.0373292888474926,9.65398150345404,2.9005775813822745,3.966474287812083,-10.375182963187541,1.4175024122722963,1.5810713527931826,2.61,0.038,0.9284507,20,1.9771312
432291280141114624,-10.354311292740258,4.130507407193424,0.28120292375573713,11.147773490157045,2.762020528201146,2.9659060668747212,-14.051702407352934,2.6037151808814314,2.7484264360188617,4.69,0.115,1.0463079,23,2.6298103
429182376660681984,-9.379725298772778,2.299832326430572,-0.09766198690097277,9.657560531010569,2.901144389672414,-8.804868938428887,-6.542841646910091,1.4451772671530754,1.5665586005718555,2.61,0.036,0.98773783,21,2.0405378
429562773322439296,-10.190579057624237,3.771851180815065,-0.10968769655075078,10.866221185854156,2.7870973442915923,0.11422526345724822,7.612855104552239,2.5762653059183234,2.4537342392052186,4.29,0.055,1.115229,22,3.2568574
429162271910068352,-8.764401098415664,1.1332079247949145,-0.04398544228489704,8.837357456543653,3.0130093474754336,12.94530182583004,-16.32342248636877,1.860712317138736,2.566546035665367,1.29,0.025,0.9149975,12,3.3445697
429751442647568640,-10.261556357019424,3.8826534903223693,-0.046689920887959487,10.971533028442208,2.7798717290455794,47.921864867237446,-20.81549653847631,3.697941872133332,4.681851622205524,4.42,0.109,0.9587834,22,4.7336154
429696668921016448,-10.135526497316203,3.643652391352117,-0.05754292071885609,10.770566379109543,2.7964858402853756,-2.025143234044756,4.286754180785579,1.3368070911985577,1.549109728241046,4.15,0.064,1.0579436,20,1.3228728
431470735238640256,-11.314377391169048,5.779258854786146,0.1278563261445313,12.704919073351919,2.669351191065123,-12.365070098139931,18.211326188428302,3.2260936960415245,3.563005612335396,6.59,0.108,1.0558326,18,3.350306
429544700100302080,-13.514949807973489,9.779775152379356,-0.3393066327267485,16.682262147057255,2.515185368618319,19.315775073817253,11.674756502460554,2.625269233025337,5.215141407664295,11.16,0.117,1.1704854,28,2.3731458
431859790552426240,-12.4882071064233,7.881892987414054,0.241521047349388,14.76751684603638,2.5785853143232433,11.231732771164069,6.844363135914904,3.702772148094924,4.630393121626669,9.0,0.111,1.0147451,25,3.2295606
394818721274314112,-8.62908431068241,0.8665323118890105,-0.19374406518196086,8.67248374391172,3.0415082152176853,-5.11528644872436,-9.710124346584593,1.3845406028413707,1.9041497678205486,1.01,0.027,1.0936358,37,2.34368
428814418221845632,-10.095724307812102,3.515444186158831,-0.12178656695332385,10.690275820826423,2.8065123158691687,-4.202756864676565,-4.450987657257912,1.896751374237431,1.7678377940601133,4.02,0.083,1.0745994,32,1.8401009
431981114786121984,-10.94749906274096,4.983900252622959,0.23599269512982296,12.028590834208693,2.7143775294915997,-20.2122938885725,7.247262103615753,2.483150641315088,2.3672809111656274,5.72,0.109,1.0291806,18,2.3096604
428893303878673408,-9.871472823865055,3.023298445300267,-0.07568767036441543,10.324064567875451,2.844397014644207,27.488970841641848,-11.1215527284279,1.156110544311273,1.272047153059227,3.48,0.037,1.0474769,21,1.5544853
430629986799994880,-10.015568268550949,3.2759691081755515,0.029469007125601795,10.537721828731538,2.825473668875791,15.911418473025956,1.3208267447883486,1.333008516885279,1.5007078685281376,3.77,0.045,1.1071554,15,1.6500193
428835686898545920,-10.54007164647841,4.182548195923372,-0.15648531522597847,11.339612856007031,2.763827628278156,-11.809256314494696,5.6259287183296465,1.5256494103804226,1.3898951661915824,4.82,0.053,1.0078052,26,1.8763506
431179605170265856,-10.773050909311298,4.579574763544491,0.16515330062120975,11.706029681728412,2.7396411745460347,-5.416467606041013,-9.262654878501621,2.431608026390314,2.036440652821258,5.28,0.07,1.1842738,20,2.61442
430630708354628096,-10.511586703171897,4.121276502381048,0.027396778772085403,11.290632180147327,2.7679412276445157,-3.539876955696527,-12.012003764108385,2.61363368070383,2.1765054757992486,4.75,0.064,1.0707954,19,3.5141265
428839329030983040,-9.012065246824196,1.4988068053053771,-0.052106170627764854,9.135849268275292,2.976789918224607,7.248284370206358,1.5889780695403601,1.3467859215563498,1.6233458167922616,1.73,0.04,1.055077,18,2.089994
431184518613946112,-9.720576267849088,2.706161241937416,0.08841978088093655,10.090238433577037,2.870072751112606,6.842316011716534,1.2289179309070164,1.7572393234615764,1.8767784822480449,3.13,0.074,1.110086,25,2.0288618
527431196658531584,-9.773427753541654,2.786768312470246,0.1824143183358275,10.16297041622608,2.863826561735325,-8.775173547454337,-2.941918058772046,3.321209523297458,2.9577968375786874,3.23,0.114,1.0098964,17,4.3325305
430766016998901376,-10.222578122696257,3.4678423229176647,0.014547430553268622,10.794768818795848,2.8145412615107674,-1.5165943628418181,2.389406640452762,1.793350689104536,1.6459914180943287,4.04,0.043,1.1205208,18,2.3877363
527027607176531712,-10.185638423013597,3.3601551256403464,0.10760870084796131,10.725570966281376,2.822942977534742,20.437086357098167,-12.583297592270469,2.243631137739036,2.122885551950052,3.93,0.06,1.2282994,24,2.8120499
430670222050230912,-10.472246072702008,3.830907960568681,-0.035837103038278535,11.150954829500975,2.790898525879257,-13.830792989515482,1.9095986844798176,2.4941071381914357,1.9990640140507263,4.48,0.045,1.0192055,23,2.9352746
430814876547869440,-9.668745549176073,2.4938673984786455,0.026277839094582086,9.985189787675884,2.889163736868361,4.3913677340711414,-14.048887817803973,1.0141124332113431,0.9585804848952029,2.92,0.035,1.1600589,17,1.1926284
526969333059032448,-11.542982926329321,5.494886347201541,0.1651192325004071,12.784139814871867,2.697298601864288,-15.495897875125834,-11.40770000831023,2.395599045519506,1.8472302768738105,6.46,0.113,1.0875181,20,1.6420126
523965158056935808,-10.782982437517333,4.237286004215577,0.11908269882907024,11.585650733960888,2.767169515939529,-10.412165393699576,-10.354315642296456,2.2816432789345233,1.724894905909749,4.99,0.109,1.1053234,18,1.427919
425146374407314560,-10.827204123422009,4.264857899789045,-0.37667174054693825,11.636896580946296,2.766354158307396,-12.35521755371637,-5.786374671920953,1.7140489380862516,1.246873983733211,5.05,0.046,1.1562057,27,1.8155159
523887951723531648,-9.890409880166725,2.744431007513466,0.0450655684775229,10.264117553530891,2.87091850933576,5.491069058387752,-19.580848296808,2.647461730240784,2.3641972828355153,3.25,0.048,1.0424616,22,3.698966
524459491611960704,-11.587638160904852,5.418298325559949,0.20816812918721256,12.791845640595579,2.7042051003557326,-19.949065169977167,22.075805869127635,3.135312855144465,3.1464171849089713,6.42,0.109,1.160056,18,2.863684
524021125767343104,-12.026598131754335,6.065016082260296,0.17148933157665208,13.469353462612558,2.6745107894299798,-3.3539000738098377,14.013270037918005,2.4656237886651926,3.518132464078733,7.2,0.11,1.0599803,23,1.697312
524444854362398592,-11.630322250479228,5.425059061823596,0.24752952460282168,12.83338074999205,2.7051367020958126,-2.9525142620871385,21.67209483985863,4.124868121226294,3.931785242240015,6.45,0.108,1.0882039,18,4.6292624
426881614218441600,-9.360089888046343,1.8820081625410703,-0.10091074915109194,9.547420459798479,2.9431710381628235,-0.5766421407470083,-5.369164619890995,2.7406539831726344,2.5419563665826033,2.24,0.109,1.1799849,20,3.3019402
526182495051213568,-10.969287608346733,4.368794908944573,0.336162911090577,11.807270624113313,2.762574080967857,4.243617939609897,-14.819776301887913,3.194419460456327,2.5102558822160175,5.21,0.085,1.3179259,20,3.5172768
524192787020949376,-10.551130453361417,3.6496365105483326,0.11328207011012598,11.164506281201067,2.808575013341983,-2.8321672740353945,-4.322908575972519,1.8916732066597242,1.4986723058908973,4.37,0.041,1.0929581,23,2.160186
426097765508018560,-11.753879421695212,5.457795410363399,-0.35088321527644833,12.959213409815193,2.7068778476048623,-19.801036428628322,15.609676687664347,3.308031595429021,2.8268044897909386,6.55,0.107,1.0070329,20,3.494402
523585448588373888,-13.591729524789326,8.210212241724285,-0.04424461820774767,15.879001748510175,2.5981936312305094,5.7408730386601725,-2.0812818000564732,3.699340236887028,3.5607372225235165,9.85,0.115,1.0277824,23,3.517371
523700107035878272,-12.3026299678031,6.24531476050993,0.046639755947897425,13.797052604905517,2.67185124478203,1.9646330003005401,7.8228112561592695,3.8715449986451445,3.747425876293805,7.5,0.111,1.2208323,23,3.9036264
524282435878096256,-9.792245547537274,2.4247759513214393,0.09706992973575018,10.087993421754911,2.898853306906686,25.260812896378138,-18.746045787501345,1.0857133200917424,1.0815180801572966,2.93,0.042,1.0306749,29,1.2096432
525956579769119744,-10.375400216592432,3.27989195712415,0.2308760538682983,10.881480639364938,2.8354114654443907,-0.914515841395126,-3.420893110165906,2.3187004550728747,1.9789976871726835,3.97,0.114,1.118888,26,1.8757304
377753613615880832,-11.441483956634936,4.8001430884762115,-1.820629096341883,12.407615758064907,2.744357019916793,78.47659947894154,-149.58942263679285,2.9372310552619623,1.8699425037555313,6.1,0.075,1.0352587,21,3.411258
523380419725001216,-10.581302228456131,3.545735694707309,0.08623929043329598,11.159578776398876,2.8182579287360667,-11.379008161345265,10.369061616666869,2.4981950177289303,2.189946670888215,4.3,0.108,1.1506146,15,2.0384438
523287961970713728,-10.707391520450475,3.726824463543439,0.035807373672774805,11.337435942675953,2.8066463496931426,17.138467560622775,-31.338381014730174,3.2137963117803086,2.4889725322047567,4.52,0.108,1.0237924,15,3.5695379
526505476588832000,-11.039022083052263,4.2066830509114315,0.4199374376775952,11.813390319503586,2.7775075943418686,-24.903069312143465,-13.357557306602814,2.35314523626079,0.9424220690564833,5.12,0.108,1.0678993,22,1.1658045
522737141009400192,-10.008017150457665,2.690184437799281,-0.05427510269493203,10.363276489278485,2.878996878221413,-2.088038464684029,-16.57538415828148,2.76425100758157,2.324599732295375,3.27,0.04,0.9614166,24,3.5056088
522686013718197504,-10.917603534459829,3.9703976635860525,-0.038121057274888744,11.617147866092578,2.792792525865999,-4.731148660002161,2.488181080454723,3.0702848709939046,2.2245602346987825,4.84,0.046,1.097252,29,3.8343952
525136962570940160,-9.520006133314894,1.9302794676453174,0.12381858041058752,9.713727173519251,2.9415443565300126,-6.179496706370353,-12.225226940726458,2.7623879835512204,2.1359086781099235,2.37,0.111,1.0182389,22,3.2510226
524799786155513984,-10.650917801017771,3.5195143819833543,0.1497892408068035,11.217354032436745,2.8224462305899505,-15.019551613792268,11.428072709983041,2.5092075112538783,2.11186956841485,4.32,0.149,1.0611627,26,1.546384
522468168674975616,-10.477150783831886,3.263891931959141,-0.10159831097660504,10.973772327265456,2.839596502385145,15.257194793140085,-5.320108558100941,2.72711109169818,2.1057335554408945,4.01,0.038,1.2341158,24,3.6074803
523037548197428736,-11.571412068499136,4.782083615636378,0.007246848459871942,12.520619032857175,2.7497017199159313,-6.353666049613972,4.524857339747143,2.5095867942422134,2.3569393891022052,5.88,0.109,1.0718879,29,2.3366647
522609765154882688,-9.174744982582462,1.43075148414345,-0.01557386505110742,9.285633812766942,2.9868940953087697,5.92690610177863,-4.754317754926291,2.093892577213087,2.170569408396128,1.76,0.04,1.0112026,26,2.930948
523028855183898496,-11.417065978797906,4.5235628124473655,0.01237355753997876,12.280554388234323,2.764357244146524,-3.576184112740431,-3.416043308576633,2.187077845797209,1.9884128474147704,5.58,0.114,1.0844817,26,1.600793
510584788742165760,-9.95350803324335,2.496061923294838,-0.05304020069973198,10.261707815600785,2.895887458054694,-3.2329816048534377,-25.36091549418768,2.0675070148165844,1.5955390448978903,3.08,0.048,1.152328,33,2.642555
524686643840675840,-11.874974874810604,5.12828999722991,0.14968758791712794,12.935006245575279,2.733928504047124,-4.0410445956005105,10.509497850112467,3.935839988531725,3.115874309110803,6.34,0.112,1.0153599,20,4.188878
414219672672011392,-14.058104713770812,8.11035010117124,-0.5592990781595978,16.229851721655177,2.6183193976493033,-5.067568126180273,6.305871976960759,3.0813631064302247,2.9977804511554176,10.05,0.112,1.0136539,34,2.7678907
511003320409595264,-11.78442988857137,4.985813846562495,-0.03279076552791433,12.795746461665633,2.7413452662873024,-13.808097977292618,-13.567076063148306,1.5637745262470923,0.9112669855296578,6.17,0.05,1.0197068,29,1.423238
524713856754200704,-9.938584427282121,2.444596077007479,0.0817176367281442,10.234818532731055,2.900410279498858,4.632576433288857,-8.825424972315886,2.7708593397947463,2.285894111379838,3.03,0.043,1.1339151,27,3.428638
510907323601978752,-10.267530415696793,2.8612472489392466,-0.04854867701266447,10.658748362580907,2.8698181772543037,18.46051714802661,-4.444379516282197,1.9429743248770333,1.640978051407592,3.56,0.043,0.9899334,34,2.5095284
511048061089677568,-10.323430962939069,2.9198897436344375,-0.0003023549342003372,10.728419406489973,2.8659514214644606,23.97965114337361,-26.679462149104097,2.0238916561034297,1.5695498617039643,3.64,0.04,1.1236706,27,2.4729576
413978639108290688,-9.456580535771359,1.7402675720234766,-0.12377192937713882,9.615375533579861,2.959601706102278,-3.8224360529563226,-28.063863129061502,1.2696539310445822,1.1369759225301677,2.18,0.025,1.1174321,40,1.6922971
512363180081109888,-14.457125431880343,8.256617409949484,0.02817867629405629,16.648729885712072,2.622686282566704,-9.980984603975815,-1.9601597118700909,3.862518996733857,2.8425422187403013,10.39,0.116,1.0373018,29,4.1468163
510852725982463232,-10.300160136602369,2.812152803399137,-0.008642723938009637,10.677148600132815,2.8750678846078728,24.97895999061103,-21.83389379783398,2.2961402777161233,1.7880198071821807,3.54,0.043,1.0313197,26,2.610841
510613960158857344,-14.578661132861725,8.396207208977518,-0.32975614350715304,16.823604129998397,2.619063912171713,11.95301308026247,-1.5470466065989115,3.559421072280171,3.425881706190516,10.58,0.113,0.99712497,31,3.2587655
512524361613040640,-8.569984266370652,0.5472953132375553,0.018897659063564883,8.587442138712337,3.0778173778337936,12.469090263941396,-5.925730319062609,0.6247630310399932,0.633922610896033,0.69,0.045,1.0173669,28,0.8820008
513282131279401728,-11.423005608540578,4.261322142937676,0.2756031882333045,12.191961431149643,2.7845349804798936,5.610668214340606,13.585821923522417,2.5159732417305647,1.9945432533951561,5.38,0.052,1.0554029,21,2.7746902
512921113512080128,-13.433200847209637,6.807087999282343,0.24155543551783726,15.059459885116976,2.672570685988635,11.664766781653123,-1.9974152475498101,4.284036995072166,3.415056297846249,8.62,0.11,1.0455577,22,4.104226
513074186146353536,-9.814224008828894,2.135249431887229,0.12863462157671895,10.043818150078597,2.927364388303383,-14.919083527272035,-0.5120022192541,2.586126332179634,2.03456180780049,2.71,0.056,1.0720847,26,3.1060984
512491028363231616,-11.621482142699342,4.4432084638758615,0.1331612490441882,12.441902935103528,2.7764136817455847,-7.967840596598968,-9.793603637951918,3.2242472173745185,1.9270801399264,5.64,0.056,1.3064586,28,3.2498536
511706805997227648,-11.537117986670825,4.256289359043567,0.07635241449892133,12.297198483649476,2.7881618150368754,-14.03725094849119,19.657573331700604,2.907056291495967,1.9967234404958318,5.44,0.056,1.1246316,32,3.2219298
518291368820214272,-10.079926121211093,2.4084688511145704,0.15635024577703888,10.363668887795617,2.907052876090678,-7.855135171196442,-1.7257743317500172,1.2887299656625342,0.9792791783566978,3.09,0.031,1.0273073,23,1.5477322
509629965971797376,-11.465571096758111,4.039751314300807,-0.1952120192750209,12.156434973141184,2.802836897448824,-5.71898606996928,-7.136781662456173,1.7012650586831681,1.0542385955591225,5.23,0.042,1.0926706,67,1.9195186
511226491219235840,-9.423407795400426,1.5420182908535662,-0.019146517608918893,9.548739963353304,2.9793931890477645,16.956882308845444,-12.639319918305944,1.066116973184451,0.905482638933505,2.0,0.035,0.945608,38,1.3514006
511362109099936384,-10.975928292463205,3.3855893119690332,0.0035486780224497872,11.486218562721728,2.8423963638199745,6.69491718102117,-18.538856940763054,1.3086425843423417,0.8204427314442688,4.41,0.046,1.0737609,42,1.1564732
506602976101284736,-15.638501101703909,8.949215992127797,-0.5007179187597558,18.018079353298184,2.621823494069125,5.704544997351719,10.720591008061234,3.9038179729573845,2.5111565417312454,11.68,0.078,1.3709537,43,3.8382864
511790368878996096,-13.219596857103369,6.044263178271284,0.14022758304869226,14.53584735860085,2.7127508758722985,5.566710958810624,4.127581681937755,2.4784866223851245,2.590561952549741,7.89,0.11,1.0331051,34,1.9704877
518949563960455680,-11.215205923093077,3.652889634608151,0.4582676991696734,11.795102652372709,2.826719934044555,-3.2947760875061487,-20.9571504973936,3.658323982560923,2.1508006975453835,4.79,0.106,1.0278008,31,4.1447053
520240420676621184,-8.688218573417117,0.6269301232082605,0.08409637495975103,8.710808421659616,3.069558854023166,3.709733009703094,-13.694976179498411,0.8497393947650227,0.795806974594236,0.83,0.035,1.1073322,25,1.0947278
508824711142351488,-14.108587779741953,6.8762034677209725,0.15727425794671118,15.695044544956918,2.68809421302321,-2.2645552963676763,-15.461575012681465,2.7711072058356128,1.7453353271288836,9.1,0.111,0.9836624,38,1.871546
515599111517099136,-11.814856816999525,4.1620595205549975,0.4050891084041412,12.526515120289547,2.802893990569454,-16.050953678392233,3.4637631612946223,4.265529884015345,2.5541189189746905,5.56,0.187,1.2020153,42,2.933482
505347539980512384,-15.395345646259052,8.145659195511676,-0.7806779980199977,17.41747488292179,2.6549378895838585,10.818095450080934,3.8483281260492106,3.5625825006391136,2.8570472467872503,10.93,0.112,1.0367068,40,3.4338899
515527570241664512,-12.107417895723326,4.439023304140151,0.39983617045445324,12.895522323519153,2.7901743070594205,-17.54840686001535,11.090797387556393,3.3251151462657136,1.89491493668481,5.96,0.061,1.141654,30,3.400771
505368121464666112,-15.730220418217936,8.479914184340664,-0.7634510402290419,17.87033236902723,2.6471686605807516,0.764578605319401,-2.1895574957143538,3.2550741713223035,2.5076510644488175,11.4,0.115,1.2353823,32,3.0655572
514736269771300224,-10.262016563183138,2.333975921648907,0.1256440590249936,10.524087967414655,2.917958587967956,18.85494836716113,-7.910549785040075,1.0725295548728844,0.7995150750470478,3.15,0.035,1.0428045,31,1.1970091
508522757761814016,-10.56314338266784,2.6578826885340856,0.027628531663717645,10.892398198230202,2.895091242213019,15.534943213689596,-17.466168213400607,3.9866770681521198,2.6032321538580496,3.59,0.108,1.0417966,45,4.1912622
513830684503187840,-12.111096862992575,4.316411716368394,0.13924167096398715,12.857296657151181,2.799226461249947,-16.8872710728971,17.60758143528912,1.6208618727756234,1.1145317783727713,5.86,0.053,1.1678331,70,1.4476608
507721282503587584,-12.249364846825728,4.463007158708084,-0.013466773335438612,13.037076821486076,2.792195028427957,9.236144683967776,-1.0855549311346806,2.771355611465578,2.1417298115544776,6.06,0.108,1.0381626,39,2.3974712
507558760939249536,-12.229320034369438,4.426170514191201,-0.08695266603445045,13.005662379276394,2.7943286363003557,-9.544418388909786,-16.63281803446725,2.2397228854793005,0.8653314952768691,6.02,0.114,1.3748109,44,0.9618044
505178760644698880,-13.403218220190748,5.6684409875496735,-0.5732534911997781,14.552576469044455,2.7414881449801034,29.721848927585043,-5.3947738399543255,3.617650452411288,2.351298567334626,7.75,0.088,0.9848822,20,3.8122504
506923449381427968,-11.866355293221861,3.995295866338152,-0.18918045901950858,12.520893618450451,2.8168231859593296,-8.175099857898752,-6.032932782660737,2.5388850569635206,1.4139678982863102,5.46,0.036,1.3670738,39,2.6905463
513722485685228416,-11.42858885853385,3.5190455849646525,0.0626060297885162,11.958107087932573,2.8428893714850143,-20.32231075204168,-0.6258299434408343,2.662745222878547,1.2302970634142278,4.81,0.115,1.0680685,35,1.8623403
507430530397034496,-10.239810222013974,2.2072349883370705,-0.043481481854522226,10.474998791245811,2.9292867571198222,21.139522796836534,8.796673898939645,1.6210205334608032,1.8520445197165998,3.04,0.106,1.0239292,20,1.5733255
515968341264818944,-12.145703712998335,4.2130370785265665,0.4018023873346012,12.85565245753716,2.8077047930495573,1.2577940275208135,11.31457651692665,2.4231806304208785,1.502357526314554,5.82,0.049,1.1309009,40,2.5790014
506797039902075776,-9.857890765082354,1.7938879757571873,-0.11887333264117023,10.019782652625864,2.961587524539805,-17.110314044575325,-5.688495223935348,3.1292257772820875,2.30934988006255,2.48,0.035,1.0999095,17,3.9516618
514113499512331264,-13.073153235018866,5.147219891455484,0.33041743638857474,14.049954025450733,2.766507924334632,-1.5277387211970872,6.906648184690482,2.162057986163764,1.9062225908619896,7.13,0.109,1.0847414,69,1.5643516
513422387728131584,-12.21638608807734,4.191665019475059,0.011283957724093904,12.915500171826888,2.8110616749579447,14.966598817134336,12.696214604663766,2.7985624597788172,2.8511560230409443,5.84,0.109,1.0164214,38,2.751068
465365517618881536,-9.745323320728046,1.6288988475683013,0.00038869530328760737,9.880518107930133,2.975976931734284,20.272376108821888,-15.395098855884953,1.8152819076219402,1.302719658183966,2.28,0.048,1.1406667,44,2.1117988
466074736982210688,-11.824455631388094,3.7161397944334977,0.20938036410157274,12.39465392620697,2.8370908287487513,-21.02048870010267,-10.388552261208815,3.9717788980911943,1.9422993328321831,5.23,0.111,0.98122287,36,3.66009
465975849654923008,-10.450666909288575,2.3206898305167063,0.12475579126955555,10.705234240237944,2.923076957412304,21.064255378257265,-9.777205461250247,0.9060983853288136,0.686794630245402,3.27,0.041,1.287378,41,0.79729944
459263743483634304,-9.820754268330562,1.6802398384971808,-0.04212414001519211,9.963454236047154,2.9721426121980117,6.1954456796829565,-21.23243063424178,1.6824127837345089,1.0599905158629717,2.37,0.054,1.0152508,15,1.8850883
459035766618689280,-9.636333762089729,1.482291922711676,-0.054642221205791826,9.749672698020516,2.9889657253649746,10.594468700800839,-20.421370281590555,2.552343552771612,1.887062685410524,2.1,0.043,1.1543808,16,3.304856
465012883624730624,-10.780500958000008,2.5585963241737564,-0.04871988901871,11.07996462338732,2.9085685104114587,29.056873330179247,-22.462006393784378,2.5153084287280896,1.4909968647255456,3.67,0.053,1.2738227,23,2.8599935
455914562346088704,-8.736250313790377,0.5686052901813774,-0.06796031306081396,8.754734805876458,3.076598588097489,17.810412564193395,-3.3756736824988423,0.35751674823826,0.24942887179974424,0.82,0.044,1.1006289,41,0.36281317
458239995077788544,-9.924468975569125,1.7171467644454903,-0.05416789650766236,10.071925211084507,2.9702673138275983,16.556612288894325,-24.41182861244235,3.249661081492513,2.1544604351931853,2.47,0.041,1.1742555,20,3.752636
465719182408723072,-10.20056372266761,1.977836853105733,0.08193422521362786,10.390540836631445,2.9500742553051507,-17.282175161375918,4.394118109455235,2.5046409169557147,1.546580016132457,2.85,0.033,1.0488663,23,2.943115
467496268077100288,-12.00605017323642,3.704903689606065,0.3717668424635318,12.564694668456012,2.842277170476442,11.237270132903571,11.279831370359659,2.835534395796691,1.6334079084870823,5.36,0.044,1.2526793,33,3.153442
457807268533229056,-10.774636998245093,2.4855198644285883,-0.18908131775304066,11.05760423601881,2.9148761821196474,-9.894559718720288,6.843016745582247,2.5870121965588373,1.4745163071051208,3.62,0.084,1.3068901,28,2.4553814
466232585618161664,-11.888289615975484,3.4046961589689806,0.1973878238450219,12.36621954876302,2.862667697605978,-6.124704165902852,-6.55102522302235,2.956967978139271,1.4370951395586478,5.06,0.063,1.101646,34,2.9496639
460909093912435072,-13.3075625444826,4.6551269997703315,-0.17288742291309106,14.098277492633876,2.805086537081832,-21.295919033139437,-1.2200634493607936,3.7857451724473123,1.5291769547817728,6.95,0.111,1.1043637,21,3.322987
461049865760507904,-13.021605461884487,4.377913766387313,-0.05625108162925813,13.73784327144925,2.8172608712675347,6.8340940507812915,18.907851933807052,3.912294344074018,3.1266642916881406,6.55,0.15,1.1367419,15,3.9186723
466906311366699520,-12.32679171782157,3.7457787443730175,0.4750072324462801,12.883347874537547,2.846586478895716,33.19525885734069,1.2728467529629768,3.6631838307484674,2.603290628997189,5.63,0.108,1.3739518,26,3.5741143
466691219404381312,-10.443231287152091,2.04773142298108,0.19064257012247915,10.642099590664262,2.9479670632562245,-2.087541436529293,-32.36120554345527,1.7989538700691607,0.784702144784293,3.08,0.072,1.1533239,33,1.2532554
461565536715800064,-15.296417676309016,6.363621508805617,0.13932512227128319,16.567319410074532,2.7473523415416676,27.51363936750109,-15.117618463120436,5.013845755145314,2.260440729400445,9.57,0.113,1.0672104,28,4.737708
461369239530071936,-10.013200936112442,1.6517846498358224,-0.008021341297598076,10.148526273129333,2.9781042920469174,6.841455674719289,-5.167636999512439,2.146212475989417,1.3194058993384148,2.49,0.036,1.04356,10,2.4476192
461493243824999168,-12.796856879039911,4.073793454385493,0.06303945762433244,13.429644041880826,2.8333932567838285,12.876056750012422,21.947157242461373,3.506753133286186,2.647023412930504,6.18,0.112,1.0403179,20,3.3845532
487965876047609472,-11.832017898069891,3.1565750509866564,0.5469466542431792,12.245840665007758,2.880882142630247,-13.461437834370193,7.3079710118915955,2.075447938966417,0.9888020548598098,4.88,0.107,1.0544299,45,1.3656414
462799979033683968,-12.191225902061426,3.4266842024257262,0.13322464799904948,12.663654828612767,2.8675846920610155,-40.044058046360576,15.395418062618575,3.789448879426499,1.7078703205262593,5.3,0.108,1.0465058,33,4.0081253
462785582303376768,-11.644255543326443,2.9592229039326616,0.10330098819420147,12.014395005719107,2.892725219704183,-14.604738293110506,-5.649894690267672,2.2730673378113893,0.6757794013145725,4.58,0.109,1.0171158,46,1.4383372
460328757932256896,-12.853263143098417,3.93103823780708,-0.05050645291620232,13.440961091113744,2.8447869775909167,-9.446538454675919,13.864618370646582,2.6060318356163696,1.839029152559537,6.13,0.116,0.9836904,18,1.5999136
460245465624450432,-12.117433625602219,3.3135300389035542,-0.0887039381817763,12.562311848923013,2.8746666677913164,3.4555558395264416,-12.548249856607242,2.0907338653635668,0.9418015408272404,5.17,0.046,1.1779777,16,2.151399
460035463203596288,-13.333821561485788,4.2738918400685035,-0.13670871105737353,14.002033741358698,2.8314088767690233,17.82279432294906,-3.949641737366079,2.265483063607461,1.6530971868193103,6.72,0.099,1.1590174,19,2.0232575
461710844045583744,-10.413578084012759,1.8445041536566888,0.025755445978306864,10.575670384646433,2.9662859585750985,-0.14743922400977527,0.47609112775930384,2.5713745985851304,1.3257053988003902,2.92,0.109,1.0686585,17,2.3543692
486834100624652800,-11.987827763393582,3.123900857801245,0.4672436999579416,12.388170609664742,2.8866725938314715,-5.314657507013712,-7.4895462328185545,3.016609923502878,1.40110506644678,4.97,0.049,1.0483358,25,2.9599745
462407693902385792,-12.610869709167446,3.5806900146361778,0.34043865064518325,13.109362143236117,2.8649370991256045,-13.996533010438956,7.2942044558655255,4.3813242575085205,1.9364711773364247,5.73,0.071,1.1846336,26,4.7117147
462252662762965120,-10.956557168021178,2.250914158714444,0.13438714345189656,11.18538151007901,2.938971921370116,11.769457400990033,-15.308539678623845,3.0882768198617856,1.4075915250988502,3.6,0.12,1.206336,27,3.1873102
447928225273443968,-13.333890914273416,4.144087590015948,-0.20281177201876371,13.963026493832466,2.8402631498632154,2.3433307729139345,8.908895775214603,3.588401157433867,1.8450983462333617,6.64,0.118,1.1424595,17,3.647708
447848132723812608,-10.012791206635539,1.4626208774950062,-0.08191953529871415,10.11905368989424,2.9965432945570103,-6.12476088596502,-10.279085785709185,3.3468018901413688,1.8687102566194058,2.37,0.046,1.0781543,19,3.8431907
447987564541431168,-10.284315515359342,1.6689651957595322,-0.05233194955614746,10.418857444274662,2.980712588445539,3.3393943640951598,-25.370665419771484,3.1415445695288042,1.5852659535679485,2.71,0.055,1.1139455,21,3.2807732
450160096438199424,-10.296431554053207,1.6677892579920832,0.10400181658276891,10.430629116039757,2.9810099419461484,26.052233406730664,-12.572979057745926,2.716297079738263,1.4890824870871153,2.72,0.055,1.0768772,24,3.1900284
447183340501268352,-10.180365627677405,1.5537432979695494,-0.1252273725617034,10.298250460596735,2.990139822976355,-8.741832999277795,-7.701223704386564,2.9950775082366414,1.5120943127919035,2.56,0.114,1.1341333,14,2.9718564
449906659007279744,-9.250428949111729,0.8312734472691399,0.054860909675875584,9.287704306592618,3.051970149651788,14.631668643828677,-7.193159805984294,2.6824750537592563,1.6503777266535637,1.38,0.037,1.2466788,18,3.5513504
449863090859326080,-11.28231727730908,2.3528683311967593,0.14329500800848266,11.525045445889383,2.935994625586951,-2.963807645914227,1.306377565575474,2.053255628287227,0.9756278661302474,3.92,0.051,1.2110903,27,1.9911652
446933167250144384,-11.07823175017138,2.192784119387314,-0.10739709675698378,11.29316257320076,2.9461822131565714,-7.349976930080162,3.763159525586076,2.6206846171871554,1.220452533496752,3.66,0.066,1.08008,22,2.7733066
449090134185193472,-10.791478166047913,1.9584307071219023,0.11148329788302996,10.967745978225736,2.9620671388616797,5.2355702707773295,-7.523054249596072,1.1944893639421676,0.5374042967789502,3.29,0.052,1.051669,28,1.1396627
448591677460368256,-10.35105132414443,1.6147600924456893,0.03404369941240686,10.47624520862448,2.9868403320655807,26.176598460231457,4.140366674579269,3.61185863144995,2.1979346351081674,2.73,0.108,1.0296795,24,3.8608792
473293889810320128,-9.340828100480788,0.8728532047213634,0.10773159083291689,9.38152132224427,3.048418274320895,15.78547293237021,-11.291476762592083,2.474414451842881,1.481772700214368,1.48,0.039,0.9843955,20,3.1388376
448977846560597248,-12.927805236075233,3.493604868402396,0.12248040874486671,13.391542973026638,2.8776575160441142,-3.356545205399828,3.0515872139509668,2.426469885337831,1.161279489903395,5.92,0.115,1.0445229,30,1.5565715
449006536942032256,-13.110944156957522,3.6148320786878596,0.15248197546763403,13.600142192049661,2.8725655125896035,16.845912583674146,8.135020691208041,3.218444255879915,1.924759232915766,6.14,0.114,1.066279,31,2.843226
473239154746762112,-12.362825723328433,3.0679386944852793,0.3025453756167122,12.737806235710732,2.8983480378587587,-14.871737424915898,-8.927225222725355,3.0327272597242185,1.2955437391841165,5.22,0.051,1.2756507,21,3.0929003
448991453017226368,-13.114669861610508,3.5924108183621177,0.15885987146809682,13.597793242541973,2.8742279180180614,-7.612701521468169,9.76281123920009,3.4336587618612935,1.660749525127784,6.13,0.112,1.0226712,34,3.562935
475443709916703744,-11.569780766433825,2.462282331291405,0.5575439633609379,11.828890956566127,2.931900974894069,-24.81898112646995,1.137157918578822,3.2613848436607626,1.3126379755878073,4.25,0.13,1.1956862,27,3.1778834
473516128597272960,-12.168634241857397,2.8432870008096844,0.4176685885691597,12.496397092005267,2.912053754127964,-5.319134782152453,-8.599968052131516,2.93204088767133,1.1472754101852174,4.94,0.052,1.1386963,25,2.6511633
473615222081933952,-12.157644457419343,2.804320502325691,0.5355542879246514,12.47687990776474,2.9148945300722944,8.616589638624058,-11.315919646166066,4.183154568764316,1.6462385907981056,4.92,0.044,1.1095127,26,4.579504
445121820622854656,-10.660533721929164,1.7486187773213535,-0.05056678528784781,10.802992495822151,2.979013082977082,-6.22578167483041,2.1688098160614118,3.948154760446412,1.8760212849448914,3.06,0.052,1.1313859,19,4.241086
444806643042469888,-13.738193583236948,3.7959924171164996,-0.23968014602113202,14.252982893461242,2.872009485472637,19.998657017947675,-4.317126467714246,3.922469293490801,1.683837462121335,6.76,0.11,1.1016998,22,3.9396625
444806402524308224,-16.119589608496348,5.412029549010328,-0.34826270634525,17.00385935561996,2.8176755169631833,9.580266144720923,-11.692077555288108,5.011926001858254,1.916022045971137,9.64,0.116,1.0096414,23,4.9079595
470386952863752576,-11.606970656372722,2.33981688152051,0.3670217985644743,11.840460753574828,2.9426713929864747,2.753902562631953,-1.016919845316437,2.926886573123746,1.199278695928334,4.19,0.055,1.1602662,22,2.9015977
469638597765066368,-12.18820235463782,2.7285658741879404,0.25496948669053093,12.48988984608679,2.921354567335286,0.6874605057222436,8.267954590312598,1.58943932781826,0.7509712381742086,4.88,0.058,1.1648947,30,1.6456681
336558933011470720,-10.148090829325863,1.3463750023146757,-0.6229902343513888,10.237014854297396,3.0096902332960336,4.791511470346553,27.610369251669454,3.4126852860769215,1.924146409455163,2.49,0.094,1.047747,17,4.0032344
445306817753521408,-12.65021232019335,2.984639395552161,0.005279884953783782,12.997536076789848,2.9098939459120916,14.082757937706566,0.07238306806573291,3.4404034448624663,1.4863921280284964,5.4,0.114,1.1134878,21,2.8556294
469680173047881344,-11.537474453648109,2.2236061524381054,0.25883758421246833,11.749797491435473,2.951198095052498,2.4706708861207956,5.189324618924985,2.1278854015403867,0.9126221837292887,4.06,0.063,1.1225686,30,2.136105
444069661013733120,-10.678357291753738,1.6323803148502676,-0.04774029044726975,10.802406210778267,2.989898893853132,-8.040713357942066,3.096611513314656,3.1469248021019367,1.369877683820629,3.01,0.078,1.1696719,23,3.2168396
468646563398354176,-10.543392568784714,1.520687082670301,0.16289734696111674,10.652493419988817,2.9983491972696634,-75.00239146670103,-14.51695987356888,2.27205260463966,1.9371334983609565,2.84,0.082,1.030091,24,1.5058061
444443941646255232,-10.65621684959908,1.5923286498598037,0.07074776931749666,10.774528670658578,2.99326294828255,27.71472645382167,-13.12182272077456,2.2693557416418897,1.0273208470974218,2.97,0.045,1.1461399,33,2.4143364
468600486988508160,-13.945576935271415,3.655764090247316,0.33146839204416073,14.416786297268745,2.8852164119640156,10.249461308565186,3.9757755702255224,2.3579430013568823,1.118113764024452,6.86,0.11,1.0564036,28,1.7727592
468431815031779456,-11.56377721989175,2.138329159189152,0.126168260683936,11.759821222464478,2.958741964087374,-3.7196112437811935,-0.5558016432847808,2.482299030614041,0.9987826244379581,4.03,0.046,1.2912366,27,2.411181
469017167536451968,-11.905041937342439,2.35156767371149,0.2942483113787206,12.135068770053472,2.946576068492054,-2.341546083019903,-5.249724158006757,1.7537618809494242,0.6908465621578963,4.44,0.05,1.0308882,32,1.7166319
276241546182796288,-10.411718652329396,1.3786342177026605,0.08604835043421172,10.502595755406588,3.009946684996761,-8.94216885142857,6.193574964336932,1.9314561321627945,0.8406641476587671,2.65,0.042,1.14093,20,2.070395
276159666924689920,-13.572385809449695,3.3019270783695367,0.13774816282146934,13.968263277566809,2.9029460500551636,10.564026893843423,16.20007187162011,2.795879288860005,1.646432107347723,6.35,0.112,1.0644443,34,2.4559228
251864136443731584,-10.761325756355657,1.5564338847417287,-0.0035368286870556863,10.873298417314585,2.997956507355109,-9.40943666070614,1.936643350113286,3.2269311992642957,1.3386674049679148,3.04,0.068,1.1965939,25,3.3562367
251325959859513856,-9.154862195214989,0.598097976635013,-0.032276305612265695,9.174378616725576,3.0763541814237434,10.733386055967523,-4.024241310278853,1.5466748129991417,0.7943323282260494,1.17,0.038,0.96912545,13,1.7670647
251823763750529408,-12.719432836096871,2.6653698280287452,0.018548987069146147,12.995698057132032,2.9350305367983975,-9.69504940830276,-11.266332361193179,2.049002785974194,0.738818934878194,5.29,0.096,1.0159485,16,1.4786329
251034486199934720,-13.689459838849311,3.2051878371073608,-0.028190682050730113,14.059677796827676,2.9116001548942623,9.562005430492551,14.047031589124458,2.7534876567732938,1.5111460514846242,6.4,0.126,1.1267416,27,2.4537761
250807196530369152,-12.878562683438487,2.6853597926216928,-0.14655322146612454,13.155551452032846,2.9360241807545706,9.989155147366715,12.467575266389844,2.7943603048484813,1.3036133775854881,5.44,0.112,1.1559396,23,2.361397
248494232082353152,-11.01684662887667,1.6265333390037493,-0.2972689925559902,11.136270486436738,2.9950110275640207,-24.63591560772706,-16.866884558497105,3.245321923229549,1.2987148260169343,3.31,0.041,1.0784729,19,3.4287221
274764764629294208,-14.069253487967792,3.243629839492332,0.06699503471668139,14.438318054549807,2.915004428493619,7.292922004762603,3.939053020772633,2.273491980591043,0.9054934386759677,6.75,0.112,1.05583,39,1.7014675
271861779051593856,-14.415164268630793,3.4011372665211184,0.13534116146217862,14.810965383705705,2.9098885363051443,-2.446703382902859,8.34908029790222,2.057458542001763,0.7822170922056901,7.13,0.111,1.0746633,22,1.6284838
272444829450300160,-13.246292037934735,2.741982256912187,0.39192185648720507,13.527110535937615,2.937475488321109,-13.472749109067784,-11.925013553685972,4.665130188041502,1.4423885240270171,5.8,0.065,1.1795046,20,4.5924454
272137893907447168,-12.259816247324565,2.1630848995574357,0.2356279563688805,12.449177912651773,2.9669530522997545,9.578262489864283,9.463401184854462,2.855582528698269,1.0943953821927999,4.65,0.105,1.0871996,21,2.842895
247358200355952256,-13.209901165150978,2.642393102195755,-0.1332087299045937,13.471589739135796,2.9441670414941687,21.851349127577727,3.21182063698285,2.7833282501041627,1.0548718998128515,5.71,0.111,1.0875533,33,2.5158525
246611563239644544,-11.933280425561414,1.9515178886547968,-0.32804626303102485,12.091799030120658,2.979491817653553,0.21165187952880224,-5.109229690332228,1.2087015608230243,0.4643219524692736,4.27,0.038,1.070968,35,1.1352404
270661215433219968,-14.207521280962371,3.0454574769299794,0.004015595939921675,14.530260568647329,2.9304327912236885,-22.85516351640276,0.33241457825445764,4.197010818475811,1.2061217651854115,6.78,0.108,1.1029515,28,3.8828862
270528311964877568,-13.323337615251146,2.598290139699372,-0.09220909328764343,13.574330070394822,2.9489920728288745,13.91068851005116,5.010175853695529,2.4593771348195004,0.9800559605944612,5.79,0.112,1.0205451,20,2.3183267
270341017029687168,-11.18133048141141,1.494474222188205,-0.038896626211980596,11.280762586604016,3.008722143393629,-8.46346763084797,5.886156493117966,2.050262349933457,0.7688200097580395,3.38,0.044,1.2438384,25,2.0885751
279382060625871360,-8.771776017529596,0.3034033662682414,0.11198320778164592,8.777021596439779,3.1070178470564405,5.561154485032514,-7.3737616966294866,2.2950337511040364,1.017105409395305,0.7,0.033,0.9659783,27,2.5161886
270979214809419648,-15.509914898024515,3.574919449645064,0.3628182123879577,15.916579695883579,2.915056536347798,2.314388319935065,1.218576552134948,2.1782928260730814,0.8254115252291606,8.19,0.116,1.0683726,24,1.7974929
270272675510149504,-9.54462529248932,0.6760186724206115,-0.01716873868950203,9.568535583854416,3.0708835760464597,20.352104744576312,-12.250318542429255,4.308924355650561,1.7170254599692327,1.55,0.041,1.0785291,16,4.638328
270841363539777280,-13.980791167161488,2.821873806126193,0.17661675940988836,14.262730924948483,2.942429114878274,-27.099302363558508,8.602069975757843,3.0709167666883106,0.8886678161278972,6.48,0.111,1.1249722,22,2.7393844
258807999047679616,-13.666718497742853,2.6225958267436367,0.14652365063771494,13.916077154392317,2.952000896851904,14.002780515535305,2.0766388362426653,2.803978596619125,0.8510932351147937,6.11,0.185,1.3176656,26,1.9984782
258607338176583040,-13.08085874713444,2.247003755291774,0.12377019004501827,13.27244858489868,2.9714749464655954,-15.755319646752032,1.6352899232040556,2.2951633544859957,0.7731162749821503,5.42,0.072,1.135344,23,2.2112138
257639493066319744,-12.343550487498758,1.8660186995422121,-0.008390886718489702,12.48380007948189,2.991555149941313,-1.9084980430150416,-2.9041513619357886,3.9344744541193273,1.1054415106403526,4.59,0.072,1.176874,25,3.4810114
257552322410796160,-14.134055867699923,2.588457059163221,-0.03114988879553732,14.369121240298396,2.960463624046868,12.070358427506905,-7.962584997071161,2.51070615605815,0.9909311945813051,6.52,0.113,1.143955,26,2.3050697
232773865804463232,-11.134710650838286,1.2756069212836745,-0.1582627397195842,11.207540064417275,3.0275286228067966,-0.2819750549440763,-0.25855914998606977,2.245557531593109,0.680428414789331,3.25,0.05,1.0239195,17,2.2108757
257429344607790336,-13.910356462525666,2.4241653484527985,0.07026424576481455,14.120006889204015,2.9690548576835427,-2.885393939799848,15.284363278392505,4.064702092100424,1.274063781724659,6.25,0.144,1.3609378,27,3.9826572
232537848762080896,-13.027573146471637,2.031392424859721,-0.4100802126666215,13.184999706880784,2.9869080799642718,-4.612620948870052,7.418714801367457,2.844323264589868,0.7786699607010225,5.3,0.079,1.0529336,16,2.7915907
253825115433087360,-11.691212085857533,1.452582294875729,-0.13127900358792993,11.781105014381618,3.017980468276835,-6.417906737041455,-0.01253349381931912,2.1381635225061597,0.656266922168277,3.83,0.047,1.2301075,26,2.1575353
254178161742941056,-14.14763467935136,2.4239021977937205,-0.11262758952642399,14.35377542268425,2.9719109660973304,13.935603949562427,5.016136619598626,1.9104438678016833,0.621375198818839,6.47,0.11,1.0663317,47,1.603773
254151292424857728,-12.275092119153081,1.6414822351028806,0.05780458309636332,12.384359105817806,3.0086566725656345,-1.4234020435466612,20.206097957541147,3.767249370836573,1.1941951378465776,4.44,0.11,0.9894242,15,3.8278122
255746713858482048,-13.348945214358842,2.0420335520010444,0.22719423513738385,13.504230424702174,2.9897960102152923,3.267961533681255,3.063564906166107,3.757284695167065,0.9164266879845601,5.59,0.161,1.2823157,19,3.4021068
228673477705878400,-17.135694293460556,3.5070211026973004,-1.1930273037728054,17.49088951236331,2.9397186910501514,7.510703774739335,3.463631348180911,3.1884501384992383,1.0740285908624994,9.72,0.114,1.084606,15,2.9841075
253367890394497408,-17.45252976654201,3.600554299191039,-0.541321866218703,17.82006696153126,2.9381414520225078,13.24376291086867,-11.069711643007366,3.3586942130905033,1.28736660701391,9.99,0.114,1.004736,30,3.139515
228741784865956224,-11.265149041169298,1.2036008246748815,-0.3643377262749024,11.329264665675156,3.035153575474378,-28.15047299470116,-1.8263938282131846,4.441693189181188,1.26889466711333,3.36,0.043,1.185035,17,4.1113124
253299995546651776,-13.100251341969143,1.8933346508119293,0.022148655493881838,13.236362843422262,2.9980599248218414,-15.54446337632176,0.5171005719054165,1.9532349324987843,0.760577541656927,5.3,0.111,1.3333869,18,1.7396157
252595410453952384,-11.790764078585628,1.3809347119960382,-0.21322981510198785,11.871356208776685,3.0250037688548588,1.0030751900217838,11.701335715878997,3.808319011607553,1.0261202564904548,3.9,0.109,1.2647848,22,4.1312475
204845480185040512,-16.470236175193925,2.921206243874983,-0.1750358354318276,16.72728685668781,2.966055377683773,6.970358599021524,-3.002743820283854,3.8217221149411467,1.4445555442949394,8.82,0.115,1.0161893,21,4.1302586
206211859601169792,-13.020835511295719,1.6390263736949024,0.09569916496076919,13.123588109426747,3.0163740435052144,7.037288422184228,9.519563144590023,3.48713571054734,0.8319433794402175,5.14,0.064,1.284139,22,3.471994
204409420744236544,-14.073678679317615,1.9782942745403536,-0.23711220260471016,14.212039959321757,3.001940691004721,-6.053747808971188,2.478948795043891,4.417963110585657,1.0648595257248845,6.25,0.109,1.0225006,21,4.2659316
204510644535613184,-11.583122455496648,1.1431054163362966,-0.1011183386257935,11.639390697621936,3.043224014584531,1.8760236383067943,-4.553036763951241,3.841431207953292,1.0149791366734626,3.62,0.106,1.1112196,17,3.5890627
206181318094220416,-11.282527528972084,1.0373627993560006,0.03923538014592858,11.330116902287488,3.0499062527543614,-22.8519795082439,18.715404622281937,2.6883871862552886,0.6932524562631832,3.3,0.05,0.96868235,17,2.567475
205531296263939200,-11.797802764426317,1.1277393928116974,0.12434996570812035,11.8515799033886,3.0462932733649737,3.754129600561641,-3.881988875536109,1.293642027235583,0.45233016427300854,3.82,0.05,1.0665189,20,1.2384927
202939854734748032,-13.572897078388355,1.6585537448253178,-0.3166282738232736,13.67385591649251,3.019999465707739,7.86411523922895,-1.1201200906702695,2.930227464860274,0.8437473615039819,5.68,0.055,1.3044628,15,3.0019815
203413602509201792,-12.677312999774141,1.3648486061688998,-0.11072598882812718,12.75057161902962,3.0343450266413994,-30.80361030021182,0.7511574613293135,3.1241032162325943,1.0336310735783882,4.73,0.107,1.119067,23,2.94136
200256084290032256,-17.41491633197001,2.6993603981108287,-0.4307847860201384,17.62287880592739,2.987813641318925,19.919806947522154,-9.296632340288056,2.807104888440066,1.185811961404423,9.66,0.114,1.0648328,21,2.5102618
201509768065410944,-10.733735710434841,0.704521948220105,0.1072300995580327,10.756831944257007,3.0760504366128765,3.0198983615613906,6.359084957659718,2.785398400332915,0.6297706193910683,2.68,0.051,1.083595,9,2.7419946
200044497021549056,-15.446226371243213,1.9648510329066688,-0.23536111551800115,15.570695189785319,3.015066294901293,-7.367284050150734,-2.1330468963427336,2.5684193671778774,1.0142915960078003,7.56,0.111,1.0752697,18,2.487865
200016111582079744,-15.477451385265816,1.9586092104046882,-0.2780118348417329,15.600886238363152,3.0157157568429804,6.553227373746451,-0.7627685906246313,2.827147881313536,0.9047157675027069,7.59,0.114,1.3243864,23,2.6237774
201222280134342144,-16.15225575120263,2.0718093052748854,0.2592309466539113,16.28458656674102,3.0140217423643416,-29.37743210247064,11.74500386852418,2.7898662362260285,0.7838646999961789,8.27,0.079,1.1580395,11,2.7025058
197337185858157440,-15.887091567999349,1.973095925282197,0.9467108268585317,16.009146948552917,3.0180304403267626,-5.195427728419592,-44.30161432375226,3.888477718875393,3.133560934335372,8.04,0.111,1.3088617,13,3.893107
200708636406382720,-9.787787010812696,0.41522706182730096,-0.0310255449327716,9.79659063561949,3.0991950989588593,18.2821111398326,-17.311639498052557,2.2352709700487914,0.7617617186164977,1.69,0.056,0.9820967,24,2.489133
174489098011145216,-9.02175169090188,0.2073845365806845,-0.07838925884962225,9.024134967868317,3.1186095315484614,-7.878339869683622,9.645794946006902,2.1864675181360216,0.5355482272987698,0.9,0.112,1.1555363,28,2.4587975
195001857519690112,-12.999847187139215,1.1439789371909068,0.27078560399947754,13.050084854042437,3.053819342558498,2.0723314743478722,4.848750747373856,2.0411718325272328,0.4638754134006414,4.99,0.043,1.0814612,23,1.9896128
195373217573454464,-10.21725547714734,0.4868163301831737,0.16784832898706037,10.22884644642935,3.093982173055845,-20.290552379775143,1.204653831825084,4.716354245979654,1.2851883807634492,2.13,0.139,1.1216301,11,4.7094502
194640397371207040,-12.393983963495678,0.935661927413902,0.35581574752497663,12.429251857203631,3.0662423492141366,-8.460200610605654,11.435112073982111,2.496431515529827,0.5208171438181498,4.36,0.179,1.1218036,15,2.3827732
194030885674171520,-13.404868403969012,1.1380961416381643,0.19385000686139525,13.453094802138963,3.0568940728371983,6.954617682573473,-8.519862059653747,1.9249940800627459,1.2600207844979592,5.38,0.13,1.1126125,26,1.7861998
186285139790902528,-12.128316301263533,0.8506985763662149,-0.30384862715210864,12.158114342747655,3.071565820461035,3.4708657662196245,-7.749408909176054,1.8919798102287326,0.6308430590929434,4.08,0.058,1.0213579,21,1.9169636
187324728037490048,-14.61925815226509,1.200240638058715,-0.06156234736581496,14.668445265665236,3.059676404703877,17.787625727721434,2.9852278164617303,3.916492713824681,0.824235691295901,6.58,0.151,1.3618727,24,3.9888446
187569128855548800,-15.633253928708937,1.3807688222420085,0.08587613272885081,15.694111983160086,3.053498700796014,4.766659192738373,-7.465255247516183,2.0656915725369585,1.3293321580038344,7.61,0.112,1.1701372,16,2.0104246
187152001632012800,-15.135516930893397,1.2694276320358249,-0.02737502669694686,15.188657586447091,3.057917703952932,7.320157807848762,0.5116467482013434,3.4865693463100746,1.0359152250212966,7.1,0.111,1.1263481,12,3.4902294
183814674602852480,-15.755121423865159,1.1275310898822402,-0.15843151622435064,15.795416342704803,3.070148454751988,14.725249754696389,-3.9154924264237536,3.3881209603382882,1.3225445935454054,7.69,0.113,0.96799594,11,3.549812
189726984845700480,-13.053258903398593,0.6491926121524663,0.3772295782569339,13.06939245132795,3.0918994578969574,-11.805310595533902,8.166747285472042,3.395631621295202,0.5041966179178142,4.96,0.069,1.3617631,29,3.5097306
180464393952709504,-15.788782045714123,0.7649859377106245,-0.5892915774784527,15.807303437713836,3.0931792819844,6.83733005086651,-11.0094582594281,4.2600711472329404,1.5748504107486958,7.7,0.11,1.0194833,25,4.228356
3455325108309624832,-12.461359102516619,0.4240687023049512,0.3989875126143692,12.468572690815433,3.107575087007153,-23.964549636186998,-9.303588554386664,2.188320422148008,0.6728542411891691,4.35,0.05,0.86021715,17,2.0936549
3455444336600400896,-13.042946522336912,0.4581228599387972,0.24125329013746016,13.050989638312455,3.106482902750598,-0.3196449293919115,10.622317348519971,1.8834352222253734,0.3555538079189321,4.92,0.07,1.1181741,39,1.9073064
3454677697820598272,-12.407760333122663,0.366910314848252,0.24052757965045385,12.413184106560019,3.112030233514653,-17.259603269872443,0.5053673093881628,2.9991448615283858,0.48144223387699614,4.28,0.06,1.0580574,23,2.7425575
3451987987438434816,-9.062863528982518,0.06252021678130082,0.10124973476505103,9.06307917445654,3.13469425720067,-6.663228515417712,-3.420621026978665,1.785137067409774,0.22272285949666584,0.92,0.026,0.9738944,15,1.7718899
3445039825569144320,-13.014598543185642,0.18149428122878541,0.14558134705722509,13.015863990316147,3.127648119179659,-17.519822178578675,-10.926498055023785,3.405285570186546,1.0702592606507406,4.87,0.094,1.2043666,24,3.2500362
3445501242494501376,-15.854598681314798,0.23627939918621266,-0.4207658895249347,15.856359206956329,3.126690863010901,5.413924909537856,-0.5769908382256972,3.0806867897887975,1.047968527304699,7.72,0.111,0.9942588,12,2.9943805
3450913111743921152,-12.900699154452198,0.13001302254375013,0.2729631280899106,12.901354272312446,3.131515012088916,17.58484148198072,15.189317065166165,3.476889478057123,0.2812552203777262,4.76,0.088,0.8899264,14,3.5072358
3442860078129558528,-14.85407239167396,0.17602310898551554,-0.2147370293078153,14.855115305913564,3.129743049951363,21.735391591681218,3.8277200672345373,4.390351613614033,0.9498758211363157,6.71,0.123,1.0081754,10,4.060866
3409635486731094528,-8.737235747024364,0.005277921980674283,-0.19330679398669642,8.73723734114742,3.140988581376165,14.551274729352366,7.587610655298249,1.653000593962278,0.08288667991474877,0.62,0.035,0.9664241,20,1.7504152
3443539614968400896,-11.279471208235256,0.005635460485872379,0.0626540277228787,11.27947261603232,3.1410930326489774,0.8376061176625944,1.5088878772993723,2.7028050225887412,0.4223163510632935,3.13,0.06,1.1243299,18,2.6518512
3449871771153577984,-11.412642524680619,0.0017548211203901598,0.22469983333833693,11.412642659592281,3.141438892433885,5.702230299674062,-8.72601761315687,3.003549414137794,0.39909051659324657,3.27,0.038,1.1768346,33,2.8535192
3441819562167767552,-9.899625115073626,-0.01436611787675246,-0.027652335502057427,9.899635538965025,-3.1401414766386306,-13.882401781527546,-1.731664463277724,2.165549086814194,0.7034305648437496,1.75,0.116,1.1200957,32,2.1310825
3431275314380598272,-14.591615158346325,-0.2445044304796582,0.2252449115909267,14.59366353407555,-3.124837719494648,23.22873961760931,3.7233977089336747,2.2666881474665996,0.6495298719063834,6.45,0.113,0.95917636,13,2.2454023
3437377432112957952,-12.826380954056448,-0.1885784322209163,0.3087853282213024,12.827767155810122,-3.1268913245913854,-10.05668618141523,-0.6298584133035945,4.584104189371989,0.6808330842626601,4.69,0.106,1.2212821,16,4.514849
3434939338094495232,-10.14314966047188,-0.14319124459100596,0.3629119479567668,10.144160328349425,-3.1274765517586767,-7.222577739885549,-14.780222034703598,1.239270354972666,0.8525124691834627,2.03,0.072,0.8334097,13,1.2944772
3400128452066519040,-14.544017113848291,-0.787323859963496,-0.30936910764064224,14.565311966050702,-3.0875115750597177,9.8570082048305,2.4480311269432207,1.359763781576168,0.7049777382571256,6.45,0.116,1.104642,29,1.2361459
3399748987412599296,-15.107611040082563,-0.9289765237426073,-0.533225727052366,15.136145768328523,-3.080179348727414,0.05265371466119148,-5.170936007717444,3.3010703606999106,1.419563790577069,7.04,0.171,1.279012,16,3.1565964
3423753520973421568,-13.421041911941387,-0.7175756049960789,0.06535690744996597,13.440211335800223,-3.0881770535705746,26.130421989348118,0.23790278246147523,2.5338752212632283,0.526070491659475,5.32,0.059,1.1824197,12,2.4276047
3397212822106196992,-18.080950686066032,-1.3839897220068762,-1.7532364953338564,18.133841437008662,-3.0651975415093116,17.699942308474064,-6.0552598093160555,3.3717717624769117,1.4682361677813698,10.18,0.125,1.120175,26,3.3125854
3398383973788673024,-9.350492740021709,-0.18596422402116397,-0.10688341834458434,9.352341801592502,-3.1217071014291755,18.234972459181915,-2.9519350861742453,1.1674108748600298,0.2532775174550008,1.22,0.029,0.9733898,28,1.1963577
3423304890166708736,-12.799976699696565,-0.7494583870117972,-0.00506216338386573,12.821898899407891,-3.0831078836481383,8.108777897045407,15.029809000808143,4.737234295259799,0.7715020348829387,4.71,0.113,0.99634993,15,4.514152
3398068005932146688,-16.45939546343536,-1.429088064715261,-0.8022892632983795,16.521319309258207,-3.0549847875706844,17.286817780836746,-9.315015079668512,4.908947662040294,1.5020005748249965,8.47,0.111,1.0426633,28,4.760707
3398143803515552768,-14.500320051383309,-1.1473567872624084,-0.46128054534173374,14.545642274916084,-3.0626308641072666,20.429541397176703,6.491310491473371,1.782840467204499,0.565310771714918,6.47,0.126,1.1800054,17,1.6985499
3373097817690244096,-12.42659707132698,-0.9191847314803763,0.4806852750943899,12.46054635012843,-3.067757975544189,-10.867640276711052,-8.366363562946617,2.739030636730781,0.6669580041889278,4.4,0.049,0.86827624,12,2.8620563
3349598097407475200,-12.741598108282327,-0.989981315931411,-0.34270505982079263,12.7799994271861,-3.064051642764446,5.766301414841135,17.71545948819852,3.2071048179514827,0.7332109266401768,4.71,0.109,1.326943,12,3.0365167
3339415417140733952,-11.466254959297654,-0.7169662748094539,-0.768321747507562,11.488648459711534,-3.0791455803668164,-21.07740658291099,3.707929008428522,2.6322975888563827,0.5221373117436477,3.48,0.035,1.0861001,34,2.7789721
3346584610911569920,-9.307245831344652,-0.2697952875822678,-0.16179702128535475,9.311155377410689,-3.1126131077305006,19.478183923836635,0.41528340243772277,2.665380580994109,0.562586154840987,1.2,0.04,1.351235,24,2.7717083
3349047375222899712,-13.373013680068013,-1.2300393018408724,-0.20429043760664783,13.429463562308042,-3.0498715165007755,12.076096151752775,4.5927124047773304,3.668589070314718,0.7523763570001382,5.37,0.111,0.97358835,11,3.7569735
3370309426139897856,-14.063737832213636,-1.4077603292294991,0.11637721823605068,14.134019632000992,-3.0418263880428875,20.58886640376668,-2.1324224770023363,4.08627255413212,1.0518653940127694,6.08,0.112,1.1150918,10,3.995976
3345362400659173888,-15.729077483383945,-1.969462570208648,-0.5433839171184027,15.851897719003508,-3.017029344143991,27.884910481025994,-10.582036306605005,3.250012692431178,1.404704519358063,7.85,0.124,1.0964797,16,2.9313366
3369634184264255488,-11.118027881783306,-0.7785313815785304,0.10342019480079284,11.145252580906973,-3.071682536560309,-2.291214212115713,-21.644237656326254,4.52918559712147,1.5839407984713803,3.07,0.108,1.1970264,11,4.308488
3343490138515385344,-15.417641107074655,-2.000487630193059,-0.6904274424893915,15.546884191538625,-3.0125603964088423,18.55595975979942,-6.770934174236686,3.504403201490258,1.040454234291258,7.57,0.111,0.99979645,13,3.359432
3345200802510707712,-13.856628327284456,-1.5902993788512103,-0.2594902617275306,13.947587630657733,-3.027324472280607,15.426672749150427,10.537068168242826,2.068263930677963,0.6596384509874416,5.93,0.11,1.0501865,11,1.9304988
3344381567567275520,-12.033141508248736,-1.1398566818925584,-0.15078294458557784,12.087008224237865,-3.0471480257382795,-2.27820235867073,-6.6579476623223,4.777105498823291,1.032488517159028,4.05,0.067,1.3367493,15,4.8627462
3344577418076306944,-14.794176723098449,-1.9607419346153891,-0.18233523942509572,14.923544279038651,-3.0098258759574597,33.34660303332078,-1.6259810640046624,3.332334888650613,1.3305942311746477,6.93,0.119,1.0320206,12,3.2052493
3368698813404804096,-9.836816811812778,-0.5020983482401158,0.01733347758218123,9.849622720717173,-3.090594145785019,-18.525420398542387,1.8401895850816459,4.415852050175108,1.0965737464617598,1.76,0.053,1.1191013,13,4.534124
3356448329725755392,-13.109585151512299,-1.5565737501173489,0.1454102464533336,13.201672041234252,-3.023410417794993,-4.335919671955359,-16.268524129519903,5.1342420847593075,1.5082958994163627,5.2,0.129,1.1306528,11,4.767113
3356421357331206144,-12.311588773675515,-1.3295192609784547,0.10768594380954905,12.383167591428522,-3.034020267419999,-15.479755930174818,12.055738487360173,3.869608275182058,1.078683441578547,4.37,0.111,1.0605593,10,3.8938427
3330404094719898112,-14.744556737110779,-2.1251720230060682,-0.39329924388584786,14.896922819872787,-2.9984458266461136,26.14255424857623,2.387909171027303,3.174119291517174,0.7638070339602137,6.94,0.111,1.2107877,12,3.2028534
3330259852538068480,-12.351336952455632,-1.3619002728279999,-0.3392895950826543,12.42619398151441,-3.03177289403487,-16.12844623385626,0.5331430961973069,4.857054664110406,1.0689720842091834,4.43,0.067,1.3305522,10,4.9686184
3329807983320140288,-16.71134234124277,-2.8389336107842436,-0.8474018072643593,16.9507671476147,-2.9733185015449672,6.7467582532044625,-2.2163589421290055,2.5812079372887067,0.8487416530038974,9.06,0.076,1.1247758,14,2.5173085
3355398399202605568,-11.439446080266386,-1.157585347405482,0.1456015317320759,11.497866343798307,-3.040743517195749,-37.648029653079334,-9.182183712439382,4.08361414199359,1.003653579680921,3.49,0.121,1.0609193,15,4.048161
3329873163744496128,-16.086157009382255,-2.7987284749396757,-0.6411076010221792,16.327808438579137,-2.969333296320066,-4.137191843915996,-6.392773642030704,4.131614259744062,0.955530555182078,8.44,0.112,1.118215,11,4.006341
3329849043206545920,-10.54275501466114,-0.859802575622215,-0.18931809381668294,10.577757029172545,-3.060218861546181,-6.919340375050073,-5.74361075635133,2.2706921217021416,0.6554131569413931,2.55,0.059,0.8695072,11,2.2055497
3331144684519753728,-13.023095973266223,-1.7834399895282538,0.0969294909995016,13.144644800265675,-3.0054948281601632,14.561001383021937,3.079331609071346,4.118713027920727,0.9624648536537422,5.19,0.096,1.2896392,13,3.7932444
3323116733511428096,-10.686899180368103,-0.9318396076640927,-0.38012686386374267,10.727447932558983,-3.054618055296629,24.354639511955945,0.5390686940905596,3.666642304741301,0.986496733820174,2.73,0.064,1.0260613,15,3.7212322
3330987346981211136,-12.000160941291227,-1.4381222707158634,0.017778849570654284,12.086027398712138,-3.0223195711126207,-0.4502435299550526,-4.570667612949791,3.01797204804304,0.702172881379347,4.11,0.138,1.1896526,10,2.5017045
3351921532976862208,-11.984221451989011,-1.4922648775278833,0.22062127065021742,12.076771848263794,-3.017711155037949,-26.149754462183818,2.01905214171461,4.242007711481083,1.2839735381454445,4.12,0.108,1.2463943,10,4.54823
3327521243952378368,-12.650757781097496,-1.7527247301280173,0.009825623197876495,12.771598036878595,-3.003922049290506,20.207709711165393,11.0583972217552,2.878403516750572,0.764003886101974,4.83,0.108,1.0928196,11,2.8591146
3325700933733092352,-13.070717825769528,-1.9697143171877352,-0.31519194533092826,13.218299397888657,-2.992021386011691,-0.22224555088066358,-3.9807225405253632,3.6082348509721043,0.8923920096215959,5.31,0.111,1.1667001,8,3.782135
3325250580641841152,-13.763600433898098,-2.304140908429731,-0.37503121669277373,13.955133902256161,-2.975722476857151,-21.72363703556719,-8.803617367910903,4.476514451916182,1.0780326683311237,6.08,0.109,0.9937001,12,4.660524
3325594070648057344,-13.185000131663806,-2.07926585485714,-0.16155834541990244,13.347942724148519,-2.985181423611823,9.308227118833363,-1.4143184495673893,3.7753949480234557,0.9026745155945846,5.45,0.121,1.1555218,13,3.5592573
3324693536266289664,-12.541134502048262,-1.9115418480114417,-0.08410608145879028,12.685978355458609,-2.990335077843573,1.34021767221194,13.041567361522851,2.139107458043513,0.8388762971383039,4.79,0.068,1.1047719,10,2.1677928
3134229741190203392,-11.055304247523571,-1.3388146253818136,0.08779121878645893,11.136075458008039,-3.0210779436778847,-22.198780009090303,-6.487117484939574,2.6733358391899946,0.9043528371178811,3.2,0.081,1.0713611,12,2.593244
3132210870342377472,-11.843349847864873,-1.7079006308278761,-0.07893120302064854,11.965862283333498,-2.9983724372210485,4.513005191752565,-2.4596481486167647,3.968088058609946,1.162856435757612,4.07,0.113,1.0423708,14,4.2389703
3158082031047116288,-11.695835908703115,-1.6548895510908546,0.4659075600076827,11.812334105908914,-3.0010318216090126,-0.9984815158963638,-0.08910487713930593,4.054017578957359,1.2813692247460493,3.94,0.13,0.99742156,12,3.8792477
3131943689016744448,-13.292293670757603,-2.48172631544838,-0.038445562509331295,13.521983454155372,-2.9570136409370136,21.822729051912685,-6.406109651531011,3.1078598800478665,1.0204606425023597,5.71,0.111,1.0019597,12,2.9302952
3157125975624005632,-10.494944534755394,-1.1522625301918736,0.20022412999861477,10.558009742658712,-3.032238496008474,-5.355535155545318,0.8113034502368919,4.26582282642281,1.57449769874106,2.62,0.092,0.75715435,12,4.4081407
3123235728721117184,-18.028477513591838,-4.882757041829196,-1.560140130555418,18.677990196689233,-2.8771019775080124,6.4558192829884975,-9.511512899521591,3.1368994075785976,1.0731680295576822,11.13,0.131,0.93295646,11,2.7033985
3130157223136461312,-13.183424795902283,-2.711746192509307,-0.16610631998325734,13.459430031089722,-2.938728514343603,1.7022893355527697,8.360612144510043,4.379552493067491,1.857142257318802,5.72,0.143,1.1172702,9,3.8773313
3127657036771783680,-11.779138317594695,-1.9907580203007726,0.0818158322663769,11.946180017077403,-2.9741676646054716,11.228398927605252,-5.940157540781598,2.281797717959627,0.7591345934713611,4.14,0.089,0.97411484,14,2.2591543
3123434705965998592,-10.265499726284958,-1.178546925608204,-0.19594527846341692,10.332930730737388,-3.027286525453514,6.894025748041297,-1.0623695633979366,2.5895742942333686,1.0607690015515376,2.43,0.077,1.028809,9,2.8594112
3127416965285739008,-10.420592584876923,-1.2665501920353712,0.021358653571651755,10.497280562552225,-3.0206428999616635,-23.848501202420778,-7.9195163754750695,0.9672706060296231,0.45079710615768176,2.6,0.045,1.0570765,8,0.92196614
3121755094578376704,-12.346623465687928,-2.3633693465273615,-0.564869391449561,12.570784608431605,-2.95246220618357,-16.872491053657413,15.420916047041601,2.5946225238598113,1.6227795957317077,4.85,0.094,1.0670859,13,2.750179
3127375974118711296,-11.949946324816958,-2.15532033881401,0.11453238741064811,12.142760103407777,-2.9631487643239494,-19.301939034256527,-33.90641341507637,4.152378714488696,1.553316339189756,4.37,0.109,1.1092873,8,4.1239843
3127239222359292928,-10.234434096357683,-1.1894250334680838,0.0253708578932707,10.303318551948651,-3.0258937326557573,3.8529400495322976,-22.995817973683245,2.15282140055716,0.9311938510231174,2.4,0.033,0.98548895,16,2.3797138
3126452998526263296,-13.031238606781493,-2.845197871457466,0.03449342052170155,13.338228163988594,-2.926629396631165,-12.172484940694472,-4.199220661053062,2.205127943900199,0.92526126241305,5.65,0.075,1.2564379,9,2.172044
3120460870609927680,-13.064144354629589,-2.9057903211150995,-0.3493938319482098,13.383403345520389,-2.922730625644657,-12.804208276002885,-1.260142610385003,3.0461421544623453,1.4015582205293957,5.72,0.109,0.9374781,12,3.0130138
3126331060113010688,-12.889525542469169,-2.8065455827635497,0.14791465042885543,13.191533906945573,-2.9272004936960183,0.7427114146119664,1.200700366042554,2.5030939608299323,1.006648681071386,5.51,0.067,1.3607802,14,2.5731273
3125834802411655680,-13.293450707269189,-3.0867080268919787,-0.12537890542462857,13.647109516299599,-2.913438034017492,0.7438508807095423,10.433943667645877,3.533765774200606,2.3925978456991985,6.0,0.178,1.2778313,9,2.9970443
3119540682458435072,-11.597253295867885,-2.1182406086942565,-0.17335369099292536,11.789114779526066,-2.9609338803987573,-0.4760675353291659,-1.009765854215999,1.0216700018333338,0.5187438742147017,4.05,0.036,0.998317,13,1.0823268
3117307814859500544,-14.629618760360351,-4.131685038121151,-0.7307712924100145,15.201860620585945,-2.866342050964575,-2.7175597321278633,-7.8123223668371224,3.0299904407808724,1.230716884678333,7.72,0.129,1.2884128,13,2.6402235
3113441691460573184,-13.612238742950067,-3.5232910157745136,-0.013156345261086798,14.0608187235633,-2.8883183952177407,-14.525506842318714,7.197671723378676,2.5193710011659274,1.467763853096551,6.5,0.08,1.1167597,13,2.4763627
3106642552072286208,-12.23395455898746,-2.7348936103037547,-0.3773275619699095,12.535919878933909,-2.921659309544761,0.8606954840985153,-8.132197238891962,3.434159479570144,1.366054380269821,4.93,0.079,1.3406949,12,3.8348658
3104095494729372160,-16.596709753158684,-5.889994823778989,-0.8129888334357699,17.610872029934686,-2.8005687617297306,-12.624411197229719,-14.596396926815771,3.4782799050369437,1.606211679810996,10.33,0.123,1.1441894,12,3.5234416
3111232222844668928,-11.153602689418637,-2.095363813139318,0.2436390903598414,11.348718097777406,-2.955892794829907,-2.7714164501013903,-1.827841249035572,3.0877622348162443,1.3974957428940369,3.67,0.034,1.2363161,13,3.1187286
3112550812164329984,-9.686722828331312,-1.0813087027193307,0.06590475575295102,9.746888101516891,-3.0304249569327113,-26.715359591298284,8.348958063207277,2.326886482307754,1.3451904117521047,1.88,0.039,1.2068065,8,2.3702965
3112024798930084864,-13.868105003402288,-4.071691715971076,0.07607277457432236,14.453477429854003,-2.856016643788074,-20.277036011689926,-17.749386051030797,2.7550213222541298,1.2712289485696686,7.02,0.112,1.1520436,15,2.8356678
3108952930940276736,-10.906120435686422,-2.007093157072933,0.0643810075144923,11.08926895240917,-2.959595419244384,10.740356125713122,-31.210613014034152,2.4912272460029214,1.1594000930921216,3.41,0.041,0.8712301,11,2.706506
3102810199992768512,-12.785000939482309,-3.3837474751659804,-0.11533919798419229,13.225203060756975,-2.882859587135608,1.1073519829681944,15.845883807798998,4.909953205422539,2.688939094331731,5.74,0.108,1.2021749,11,4.902671
3102246837723495424,-11.877987135288517,-2.7685532187697683,-0.23885866456990326,12.196370989406642,-2.9125984332487302,-21.840463514808857,2.124057014561572,3.961795958287775,3.2625263363854335,4.65,0.185,1.173747,10,4.0207376
3102535635624415744,-11.69441341869823,-2.673905335572114,-0.02533209530783934,11.996210858059735,-2.916808627715734,-6.876136171702194,-1.986119918785505,4.5194216184725935,2.108722075446244,4.44,0.072,1.162529,13,4.570733
3102472306328682496,-11.08205383396316,-2.240035159144042,-0.03180841405474195,11.30617860698561,-2.942148157522933,2.1575265547883116,0.2986873443288971,2.929859964324933,1.5478063311022123,3.69,0.075,1.2929585,10,3.106495
3101827825013516288,-13.831387840157934,-4.373289206851908,0.0765818934228569,14.50630718245123,-2.8353533847009813,7.789838618609553,2.549090528266305,4.436882705158119,2.266830690964605,7.17,0.111,1.1459037,11,4.5741663
3101752439748121088,-12.782118862098413,-3.6372671428469814,0.08195512486847512,13.289555104413626,-2.864361401426691,-24.656099382464596,-29.97772985138434,4.27697323395655,1.88793782282554,5.89,0.108,1.0574843,9,4.043483
3099211640177654784,-11.216847247707323,-2.5442614177132565,-0.19765121086932697,11.501779355389479,-2.91854182690437,13.619637536672405,-10.701989859987634,2.863752420375549,1.4028685101530105,3.99,0.069,1.181046,12,2.791173
3050543819559526912,-16.493424257503037,-7.21503632666197,-0.8032592326067454,18.00249407535082,-2.729224796515675,9.746915382855672,14.215345293075615,2.759442658459903,2.999907085195689,11.06,0.131,1.1059922,19,2.1760194
3002240006005238784,-14.45641210856936,-5.457750590560957,-1.0762584762228968,15.452342623743473,-2.78060445694321,5.740045041217628,0.7249528805028262,3.3041877318884416,2.0027762668197564,8.41,0.11,1.0533363,29,3.2381232
3050900542361354240,-12.871967142319985,-4.089248086150725,-0.20320761950122646,13.505905672077407,-2.8339898677081323,7.718628057135228,4.504784205512408,2.9727634430615737,2.190813339307902,6.25,0.113,1.0303563,10,2.8591883
3050824676059814912,-13.727405216450546,-4.902159439844809,-0.2519163484180377,14.576447480449179,-2.798600065720062,4.3956087691166275,-5.438283104525965,3.8263319789857535,2.5159603954239578,7.43,0.168,1.1310362,13,3.4022233
3052092481686245888,-12.323801695004075,-3.687056769725463,0.10487955463572529,12.863532790060578,-2.850886700355764,-11.382599136206409,4.828560128987277,4.62804204349961,2.81563852976282,5.57,0.092,1.3941098,15,4.827689
3050050207554658304,-10.274567993638051,-1.8974873131567342,-0.08530116269742158,10.448311134316503,-2.9589721887948506,-13.099242804034372,10.834842535889123,4.1144592533518765,2.6823908081629635,2.85,0.049,1.379062,11,4.750739
3050117174686674432,-15.839624630849535,-6.935607006548339,-0.8424976097243799,17.29151100961098,-2.728876434476446,12.069026089098235,3.174253460506975,2.411469835320086,2.2206545027732525,10.39,0.118,1.0764494,15,1.9720303
3050091885919345152,-11.756032951145476,-3.2628221005267393,-0.4005848571504966,12.200422894641969,-2.870862398371952,-3.5099360051459723,-10.40109163714638,1.857251148430517,1.4368724475608623,4.88,0.111,1.3491721,11,1.3838949
2953155500537706496,-13.852042630189578,-5.319269300346498,-0.7022872490112322,14.838251612578826,-2.7749496694174116,13.520781617159306,-5.366552541969355,2.877811923684965,1.7024420895455907,7.83,0.112,1.08289,15,2.4914937
3049261303661303808,-12.779763874070316,-4.320815401690343,-0.4617510575382742,13.490434033509715,-2.8155598498719865,-8.959149312224596,-6.014159174483211,2.53697446745662,1.6012432097566482,6.35,0.066,1.3416518,15,2.732158
2952531635068093952,-12.973412584055371,-4.533056580122425,-0.8936502558133504,13.742562935446847,-2.805442410634088,-29.355689168861783,4.751054586065692,2.6980793945356316,3.848572486706205,6.68,0.123,0.9990458,18,2.565212
3049542336261877760,-12.902646989728986,-4.5013361954933915,-0.22428556517504922,13.665296443415393,-2.8059255790867894,-10.18963649390545,-6.025241375241052,3.414760602152771,2.568084549023758,6.55,0.111,1.1047298,14,3.2586877
3049028207194963968,-12.122681444922868,-3.7642839563444337,-0.428151574353944,12.693669253571613,-2.840516487557999,2.510570534184015,-9.702673937399595,4.701372138108243,2.5781667215220674,5.49,0.107,1.0471436,11,4.7768083
3054600330268450816,-10.458720296077464,-2.2061553505273017,0.21209282329929297,10.688870457735135,-2.9337009836255414,-8.296943542519275,-23.048719342626583,1.3388252997414012,0.8551887055795561,3.2,0.031,1.0083741,29,1.5404606
2952714394517032448,-13.497874279121312,-5.2351634838857315,-0.7318494030813348,14.477553203424096,-2.7716032605829932,10.357903824418798,-4.314739761263553,3.5037031203220157,1.9090450116021875,7.52,0.075,1.0875825,13,3.5824
3047753667061710848,-10.318081405351313,-2.138982986163808,0.16879959428597743,10.53745947098041,-2.9371836631618216,-28.135556620501575,-18.355400339194375,2.1963691773990535,1.8793464831901054,3.05,0.093,1.2060782,19,2.4899597
3045720399486222848,-13.101875425829054,-5.020881997855213,-0.3310343236846724,14.030979855674008,-2.775636199456825,-12.33446892080739,3.7249125555518106,3.065927895592286,3.8988416849558596,7.06,0.151,1.131042,15,2.6526725
3045301790490616832,-10.098720441639662,-2.0089168833045963,-0.07656316667312729,10.296596602878886,-2.9452282062820867,-13.350360921232916,-12.721909299170392,1.5782240898530377,1.158056210506368,2.8,0.038,1.2596873,10,1.7181876
2948956087674963968,-12.84066594599609,-4.855283694591389,-0.7211056825828659,13.727945282948525,-2.7800914205740526,15.411547520058427,1.5202021580433893,2.671996611960202,2.071243617184184,6.79,0.104,1.1912813,22,2.3636477
3046774762417914880,-9.073732017900715,-0.9568519303134027,0.012579122887828736,9.124043969053474,-3.036527993134136,-10.676493020357839,-6.346709526700778,2.0863511876278262,1.769894661589097,1.33,0.043,1.289625,29,2.5122383
3044920809710753792,-12.349459960833912,-4.350946906147371,-0.18497695472580428,13.093506035602278,-2.8028535840801805,-3.143244837768379,5.737621689227694,1.4539292361907603,2.005016818250336,6.05,0.088,1.0131688,13,1.3066084
2949440564287527424,-12.31052534574166,-4.310410842489979,-0.4745747586992887,13.043338373254102,-2.804792864933652,0.12416706154277896,-0.004929215012509758,2.2685512095035434,1.5854146122268882,6.01,0.054,1.2427129,14,2.521159
3044755371873445376,-13.340817246398476,-5.469247514170568,-0.37558880421144875,14.418393571166794,-2.75252670985545,-0.4496298389803519,-0.18987723214533503,3.0216897036290864,2.048400981139548,7.55,0.072,1.3595319,14,3.2279558
2948568273607650304,-14.323064267267675,-6.510900963896389,-0.7026124756818409,15.733467556961086,-2.7149410201773474,27.044320971732414,-1.3842171457553434,2.949766035021712,2.2583060216929973,9.0,0.129,1.0289932,12,2.3172042
3033127521015342592,-12.59971982234717,-4.765395763900446,-0.03165104539282466,13.470780838104691,-2.7800068414297763,-6.90247110534982,-3.1531956947431183,1.6355740962216911,1.2784359594059738,6.52,0.045,1.2217183,37,1.823513
3044465577537521664,-15.37559008361529,-7.790638925504778,-0.5480036197313399,17.23667094560197,-2.67260835266446,38.94071012087028,-9.776999754481324,3.2856122765310705,1.7310779037044624,10.64,0.112,1.0309087,36,2.9649286
3044483895581000192,-9.914638720275335,-1.9064737074836693,-0.10127846150624792,10.096271735195595,-2.9516226109762145,14.431921452177376,-18.958866554978073,3.1483207251208123,2.2404815182279774,2.6,0.037,1.1947569,17,3.7555456
2940212053953709056,-22.649472134788073,-15.7840730559753,-4.957189972088745,27.60680260770716,-2.532960482850061,24.176881870764642,-62.31444159563139,3.1094147193546178,1.5610150539036618,22.0,0.116,1.155965,45,2.7820764
3032364185065814016,-13.677127623654062,-6.1412999694954,-0.3525145272351214,14.992644374794102,-2.7195542309264917,-1.8105047605333542,-10.366590331960339,2.1926472575187597,1.8704334682722479,8.27,0.081,1.0865059,21,2.0542405
2936274153063501824,-10.0229558502602,-2.089528540375095,-0.14282366689486425,10.238445853610168,-2.9360621810976615,-0.15337115426847503,-7.683087857359908,0.8615059871194303,0.74203835707109,2.81,0.047,1.1072392,18,0.9590107
2936165984303583232,-15.022846259964709,-7.671156762701578,-0.7858360217357155,16.868092833171087,-2.6694750999368018,2.651929590753042,-9.930131813472059,2.6653930226463256,2.5305592502784835,10.33,0.115,1.0891571,25,2.3392518
2936063665309240320,-14.454379743103843,-7.144906218269892,-0.4599973546351817,16.123857436287462,-2.682509522581907,2.941366055954015,0.02778997284463003,3.191901959208231,3.111144452292169,9.54,0.112,1.0245713,25,2.9198172
3032164280111730176,-10.091423554388502,-2.205607517046306,-0.09330717237547737,10.329643453349115,-2.926413826911514,8.373355105932092,-18.39070124278902,2.1852970157089233,1.5664440122038106,2.94,0.053,1.0889169,22,2.8253076
2936037173951564288,-13.22101198893181,-5.807310432187569,-0.39244990948029707,14.440222036633413,-2.7277155138988283,-1.7111703419635957,-9.143660972632148,3.894415736392003,4.716491120008365,7.72,0.216,1.0842018,26,2.9191997
3031875585286181888,-9.988788927573086,-2.124829430920275,0.012453011768411012,10.212286930463307,-2.931995410348311,-19.308619464304645,9.580648837323253,3.1404813319652827,2.5219007659140686,2.81,0.045,1.1487715,16,3.9187865
3039967784706458624,-11.944739449792642,-4.39730465923167,0.6131595735382731,12.728436227185695,-2.788852090488271,-5.996887668528491,3.5173504461430696,3.079486773538247,3.2666477489815815,5.84,0.107,0.96594,20,2.8870301
3031419601502352896,-10.373696204986626,-2.5970335309374675,-0.07806897458880296,10.693837296039595,-2.896286539276128,-5.41876311425623,-4.2631583705975515,3.4608213008444024,2.581666611434975,3.42,0.057,1.0312276,21,4.428226
2935212334069317120,-13.911241266727973,-6.7720662913213685,-0.3909792916980717,15.47202363736452,-2.688556395727976,3.288489147386969,-11.871315302879168,3.590357519838482,2.9161137029620225,8.9,0.114,1.0859419,15,3.5662968
3031200729968921600,-11.92719538732057,-4.4798974065743,-0.04835362491470269,12.7407798262411,-2.7822929135287824,23.531445828730984,-6.260751910013283,3.1344064621352157,2.0957394918958734,5.86,0.107,1.0723246,19,3.0428421
2935055065243490304,-12.434892479474234,-5.109606387412928,-0.386932288427101,13.443757972024633,-2.7517176799390546,-23.57609168232664,-3.9069590514396566,3.020187056358262,3.967149770717787,6.68,0.119,1.0205283,18,2.8823326
2934506447605427200,-11.324989480183302,-3.8212542973442063,-0.46091785051482964,11.95229564273048,-2.8161704945139108,15.185796671783786,-13.59227408459239,2.136909677747637,1.3778201488327562,4.99,0.038,1.2062722,26,2.4787195
2934542967702668800,-10.735436820552462,-3.137990212941174,-0.33350482910899965,11.184658524272796,-2.857213073217663,-9.332934596475562,-21.684364686846152,0.8612565114574127,0.8964433901692361,4.08,0.054,1.150237,27,0.59835774
2934712880912798720,-12.619247863514937,-5.541402497331098,-0.38891768307453783,13.782327752533446,-2.7278207341020693,-15.644921625934924,-2.4973211348340953,2.309625713279665,1.9760986837316603,7.13,0.056,1.1990076,21,2.396835
3028237786647550464,-11.36025916522713,-4.02615243709607,0.08808771068792703,12.05260933357842,-2.800997413219173,2.406512304129977,-1.929884308363853,2.03225495523052,2.5894274586551322,5.15,0.119,1.1232835,20,1.7464938
2934255449716149760,-12.370102460237074,-5.305570687765339,-0.5251969367261434,13.459885408116895,-2.736421010194866,-0.8755297193673124,5.487093724878974,3.9059672618460266,3.7899963811529207,6.8,0.113,1.1066186,24,4.1065154
3027837358256113664,-12.188649154544976,-5.142354318987888,-0.12522901130389558,13.229020226555077,-2.742353221566889,-18.14935967904543,-3.571277268282614,2.8217939912952126,3.568282757478693,6.54,0.11,1.0397446,22,3.0166998
3027746854704868352,-9.91020943984846,-2.2541420699773185,0.015486136883091636,10.163336441016954,-2.917941263272497,-21.833290503152078,-11.766441022313188,1.7139522421511173,2.7461826121807973,2.86,0.123,1.0075736,17,1.8546467
2931247014102559744,-10.230472035454426,-2.6671117734562957,-0.21864989534054902,10.572418989064149,-2.886566494054586,4.2757028706983276,2.1239552118491645,2.7191399276051196,2.296789616114982,3.39,0.057,1.2118949,25,3.4455998
2932101334643047424,-12.509355734171589,-5.620251610348232,-0.898752862249998,13.713905681740469,-2.719334430981848,4.321367708453314,7.392509252231633,3.7540765266315606,3.6011872083469285,7.17,0.112,1.0651358,26,3.7419283
3027495856819349504,-11.420035647076475,-4.218878095520706,0.15886996032806805,12.174405388574911,-2.7877161689478074,-11.815605619591285,-2.4482398721352183,3.757908801880473,3.30663780281719,5.34,0.09,1.2132269,15,4.189697
3029446630962737152,-11.613329372752801,-4.5185809143781395,0.5588202701434524,12.461420167855081,-2.770530380234097,13.888626881509447,-16.333408519694046,0.9098351686119264,0.7497602348612132,5.72,0.045,0.87826747,20,0.65698916
2931897169073977344,-13.500682686484335,-7.042235772133541,-1.2986051561656884,15.226999628011264,-2.6607984553726833,13.224267313702903,17.107740523373934,3.6314301394997193,4.073833885232161,8.94,0.109,1.0371578,33,3.9805741
2930525287803260416,-12.837948839316379,-6.321498128922201,-0.3896957564605102,14.309936023437409,-2.6840377332055767,-12.733469835769654,-14.76214500329803,4.1269733094809595,3.200224809526876,7.88,0.094,1.1673508,32,4.7192497
2930138465868534784,-14.336636170875039,-8.375249709826662,-0.5991504978870087,16.60373284529699,-2.612882901046742,1.6171322013818386,-4.645217844588473,2.3316136775386034,3.447395192849017,10.43,0.114,1.104521,30,1.8365481
2930603731082999296,-11.131930400782299,-4.048368699083223,-0.1348242433353985,11.845216906902884,-2.7927903896223514,-20.397674374904724,-15.468762649292387,0.9942776662582014,1.3793684398065131,5.03,0.046,0.99217397,21,1.0570407
3027132193338351616,-10.646936562197748,-3.4100512950301805,0.17797811991067086,11.179700711298143,-2.8316314405560727,-14.480744551446461,10.71373357565298,1.2567480563448494,1.354800797690503,4.23,0.038,1.114552,44,1.4860134
5718760258978008064,-11.039432769467696,-3.995647567042422,0.30477924439862,11.740284296030026,-2.794317888887758,-8.137921484424528,-12.734888308166575,1.1021126819065648,1.1957232982206702,4.94,0.041,1.1937104,18,1.2286822
2930404204085876736,-12.841760698508113,-6.49024057044044,-0.15019672936318768,14.388677510457264,-2.6736334697435407,4.377828626818411,-9.196564017594966,2.226113899682478,2.8825687441078376,8.01,0.11,1.0346358,36,1.7376661
2929903204735986176,-12.214732646008372,-5.651539696963855,-0.5028625509606374,13.45881103812001,-2.7082423797734236,-0.1286893467886719,-3.1034598756758953,2.5872689465137406,2.9576226406098307,6.98,0.099,1.078841,35,2.5993695
2928335747830554112,-14.442051751625922,-8.909695702470398,-0.9588048741457224,16.969252673799776,-2.588819513161426,-3.6059343969430295,-0.19610859050311547,3.306834088620213,4.066651509049846,10.95,0.113,1.1510813,23,3.5184762
5620483714972582912,-10.177556307068919,-2.877037869603721,-0.03989816003331254,10.576388763972902,-2.8660963121932124,36.26688944131812,-12.652255734210257,2.1333800543436916,1.5998793531237427,3.52,0.048,1.2546968,24,2.3401875
5620438153958204416,-12.732410562817972,-6.543912082418837,-0.13165350162498607,14.315623076994793,-2.6668418561445724,-1.1300416402140503,9.102153848838384,2.891192796915846,3.7604156675984717,7.99,0.11,1.195405,25,2.7859895
5716618479048161280,-10.526969522816106,-3.413676899759694,0.05466390090035427,11.066628994876991,-2.8280128620829212,-11.31148566805317,-1.2332726585983664,1.722781393463481,1.9362617462915892,4.16,0.058,1.1565766,21,2.2031045
2928116120387181568,-13.082845827884697,-7.137513147131068,-0.7606721763528,14.90318586348801,-2.6421625542044285,3.374382139937815,-6.605566732729443,3.2286422715437997,2.6850216459037965,8.71,0.077,1.1088215,38,3.4019501
5619786177922254848,-12.131454792429516,-5.7664366784041645,-0.41475110588520697,13.43219964662549,-2.697875620850365,6.113733067806781,5.840827628063153,3.4479558015743264,2.6383435875900316,7.02,0.058,1.2902275,31,3.84198
2928096226097915904,-14.757023481153716,-9.608992847184934,-0.9455376749764915,17.609727015504056,-2.5644114678275995,14.087079739461556,3.9083140478482505,3.7870291270925747,4.704813864246859,11.7,0.124,1.0953743,29,3.920755
5620362459452827648,-13.246181218399874,-7.416612428650369,-0.1454243424296125,15.181154659231316,-2.631176118493742,16.52370282208634,-3.145140711150475,2.260266838992485,3.1771549706743745,9.0,0.114,1.2962108,21,1.90688
5618221057484263424,-13.52369968978843,-7.93676373570996,-0.6896353121185989,15.680646411932909,-2.6108774547894718,19.89104352480372,-8.794403616855334,2.3270853968167726,2.9533759264980266,9.61,0.111,0.99690676,24,1.8840553
5715479732904720384,-11.08887916270097,-4.398224662254561,0.057444001225806,11.929275806378525,-2.7639915073883627,-18.08248961856925,6.846771902122725,3.5136115090531623,4.402344956209768,5.29,0.107,1.1177659,18,3.9924808
5620009310062727168,-12.352040140770164,-6.292681441159621,-0.21789055241206384,13.862565973120278,-2.6704178603931865,1.6863518032352909,15.144406699156775,1.9922078042695963,3.953648123631423,7.57,0.111,1.0625497,33,1.8478446
5715901567412202496,-9.864896615367634,-2.587697904701172,0.1926971887998355,10.19864528640381,-2.885058586022244,-31.23062308150375,-22.984580717034788,2.0423940168743844,2.752270780798409,3.11,0.09,0.99569327,9,2.8008573
5619550916791883776,-11.558758327021566,-5.185423274618551,-0.2308037851170997,12.668603261585162,-2.7198917461886376,-10.831174635133284,-9.56680740006621,2.1447727013926032,4.974632017017802,6.21,0.168,1.1713067,31,1.2790768
5619296379853772800,-12.761919192217295,-7.0913045524997855,-0.11772333500039861,14.599766495563836,-2.6344133514812826,0.5265505981956239,-0.08941595704078509,2.6192864557900553,3.884619680295863,8.46,0.11,1.0508785,32,2.6382074
5619192029327633408,-8.944640525623633,-1.2243661584591692,-0.02722606942679851,9.028048882378112,-3.0055554297214457,38.14411705534983,3.7028594787709608,1.799160431346848,2.0950223846097145,1.46,0.028,1.041055,27,2.629264
5617799532210968576,-11.25341640069931,-4.782287484266189,-0.4602483686297603,12.227414046710663,-2.7397532036133483,-2.486201880076977,-11.993862118760603,2.097613727985701,3.747919270910236,5.72,0.154,1.1202086,45,1.3129066
5611465073923671040,-13.377329637308474,-8.054720751787382,-1.2954915724495615,15.615104053911583,-2.5996178158968197,19.776076002563595,-7.926943498928949,1.4717425801862183,1.7135425032671336,9.69,0.056,1.1478177,34,1.4684002
5618781464810769408,-12.828924281672132,-7.246647183641263,-0.26030969816434185,14.73415059068736,-2.627406272307284,-8.20402533867365,14.049069211603609,2.6059995698444025,4.899417482826967,8.63,0.114,1.2889872,35,2.9368198
5617745003307988992,-12.879164356678341,-7.348708404522366,-0.7323155052495737,14.828229487738295,-2.623079740750211,14.849743754062812,5.6347513842131605,3.101292734535149,3.8200484913856614,8.77,0.111,1.0686105,46,2.76499
5619369359933925376,-12.528583221750877,-6.809366267699893,-0.47681084448788275,14.259483388679506,-2.6437485303458543,14.732200988923472,6.407917579700893,1.6637833125388668,3.4605555050308707,8.11,0.111,1.0245625,52,0.9755149
5715241619915091968,-8.786702605356444,-0.9930008826668191,0.036430181541586636,8.842634982173289,-3.029058338347827,-12.86281631708954,-1.9481960899418027,1.0728483673430917,1.3286611559126102,1.18,0.02,1.3738594,10,1.7717338
5715183929918132224,-10.435328204810126,-3.5706402200855814,0.07895020523427337,11.029303981820364,-2.8119116684741465,-25.00162298600586,3.446327770946624,3.0794423318534467,2.7501407323080356,4.24,0.039,1.1408544,15,3.8594124
5617316606087829504,-13.09224999809417,-7.776126605396339,-0.9184056387130811,15.227447422196196,-2.605634421377195,9.921070965604127,6.791850142801593,2.962391136089539,3.4955164877988323,9.26,0.087,1.154484,39,3.041211
5712175459944371200,-12.04358821452601,-6.286817465712437,0.28096781454530156,13.585731151773052,-2.660496139969665,-14.571996025005053,-9.66358863623006,2.842121348587249,4.006332007485303,7.4,0.108,1.0277786,19,3.0978804
5618354751226656768,-11.891560014213244,-6.048753928556142,-0.32266258840227674,13.34153752982986,-2.671041536902227,-9.5417656858727,1.3593660117925026,1.3605377068383167,2.8916157418891677,7.12,0.084,1.2986962,44,1.158753
5616661022278957056,-12.99945775779368,-8.043098716950254,-0.7209327121222245,15.28650839685993,-2.5875179160975166,3.7810201597613347,5.144183450127542,2.839928933442435,4.43116252091208,9.42,0.111,1.1008247,34,2.769937
5618249816583186432,-9.947370702585335,-2.986483371461376,-0.16905359705788087,10.386013037863393,-2.8499263142907254,-11.912896322527562,-9.532718407673514,1.103497025017018,1.366179832667715,3.49,0.044,1.3449692,29,1.4963714
5615233993628681216,-12.013764339230864,-6.485962994236656,-0.3909780287855536,13.652774427243077,-2.6465541137280364,-0.01925280698462437,-1.249855737149403,2.7607308419352328,3.947036774878584,7.56,0.103,1.152245,32,2.8643394
5610147893350949888,-13.03480927634503,-8.217282622134796,-1.3125995830951924,15.408763304130833,-2.579111989920135,0.5337844983035444,0.2596460021043754,3.0866320559798206,4.352727965086395,9.65,0.11,1.2319248,24,3.2510035
5615178536995368960,-11.859449041270317,-6.29013397627884,-0.3265972786335632,13.424318120561091,-2.653929597202955,-40.535593083066466,-10.818816213716474,2.854493440307794,4.861088794173553,7.31,0.108,1.2472198,14,3.1938071
5613685331497869312,-13.537006813281794,-9.146482125642372,-0.7236106392283083,16.337340320184712,-2.5473862581574016,12.375189692075747,-4.8674927156862395,2.3418134083678934,3.944277491641119,10.64,0.113,1.0466164,33,1.9561296
5615172249176514560,-13.535633871959147,-9.174364872522535,-0.49295460515733197,16.351830329657385,-2.545926354181722,30.49393059945335,-8.686578055413008,2.79896753875254,3.2944890174726527,10.65,0.112,0.9869891,34,2.4693081
5613564621430610944,-12.240503951351696,-7.035463470671591,-0.5908354712503022,14.118345626531843,-2.6199319166632433,-10.895820329849558,-5.97478679391881,2.3686489787336478,2.9355347708410453,8.16,0.065,1.1885484,25,2.7628574
5613541295473114112,-9.041074043457147,-1.5347710984015566,-0.13183687495963425,9.170416685394578,-2.9734402402048628,0.1301860294841045,6.210815274214951,1.2750022497629447,1.5854441984776146,1.78,0.034,1.02761,25,1.877338
5613165915335320576,-10.493276469579243,-4.042822874088303,-0.39541133486470265,11.24514419019503,-2.773842193944975,-7.169918613386222,-5.373249888125457,2.135919286652923,2.2131306884904407,4.69,0.046,1.2963706,29,2.6083736
5613446458292580352,-9.659639784925714,-2.621956418062692,-0.15950502501739933,10.009160615792906,-2.87654456863335,-4.831323833802779,-4.58145502210121,0.37751132947694244,0.6795112424714636,3.03,0.031,1.088978,28,0.43076143
5609883112903185408,-12.36476509733191,-7.3419787658595075,-1.1918250737438065,14.380266621677405,-2.605757528534962,-0.5858624127127284,-15.377790599544852,2.8469796612450424,6.983976189159882,8.55,0.215,0.91635585,29,1.5383568
5613111347760892928,-12.194763345588314,-7.05484470813623,-0.7805919853874558,14.088402567744224,-2.6171213116585226,-0.46724035405316977,-2.8478550081902085,4.809334212634161,7.333292672990793,8.17,0.186,1.2148317,30,4.749768
5614701001056464896,-11.942515166387786,-6.678257749247377,-0.0038846053510813204,13.68293810059758,-2.631713344298039,-7.9776857521490125,-1.6136559379468736,1.8643574442584354,2.076739136434601,7.68,0.051,1.0740591,34,2.0602336
5614916921960857600,-15.446254045868104,-12.85208081183017,-0.5713610085152198,20.093848442827223,-2.4476112711340527,15.224167516735248,-12.976411441805425,3.1589535317451074,4.570331056660857,14.79,0.123,1.0800259,36,2.8089259
5711201189563596800,-9.350560491992988,-2.1314632902198234,0.13971732913006268,9.590417992557722,-2.9174718312871653,4.695133084567852,7.349706153355015,0.649334202780496,0.9286959758641511,2.45,0.043,1.05155,31,0.91029304
5614274807174596608,-9.854322789179054,-3.0449848426060866,-0.05319252694589,10.31404917212607,-2.8418996502102916,-21.276679980719358,7.61738135816438,1.0646019887173555,1.4950709469175771,3.49,0.033,0.96002585,25,1.52703
5614191175568405504,-10.56276992687079,-4.354858083581749,-0.11342601260080237,11.425274502441647,-2.750541918196394,-22.464005245148307,10.93168911337446,1.7601992800888981,2.581583848034375,4.98,0.055,1.1173387,32,2.4832304
5710582125855766528,-11.90489311251887,-6.879971574677613,0.18537470169025577,13.749926868491745,-2.617573249943646,-19.41129870997512,-9.53803019509985,0.7238622565415392,2.176340596546814,7.84,0.054,1.045704,46,0.634089
5612678213207148544,-12.024720001556172,-7.10391977150295,-0.7804735415110963,13.96637273008907,-2.6079828804406326,3.759831797879545,3.8056886543001553,2.3686684128752162,4.1397871227095075,8.13,0.108,1.091197,20,2.5257905
5606739884038472704,-12.89735965559807,-8.734881902918012,-1.3231447312587852,15.576907521834151,-2.5462911599444342,14.103693095495462,-0.08108905111876652,4.499268878663645,3.8142004702590815,10.03,0.081,1.0670375,23,4.721889
5613972681993586688,-9.43296792110301,-2.3634909716166232,-0.05773747755248199,9.724555176123571,-2.896090339794783,0.15936068844600962,-10.807779769504606,2.1079137559172736,2.370278922844734,2.69,0.046,1.0587691,25,2.8337374
5612495762995320832,-11.913298930485348,-6.954640952974284,-0.43827517612303285,13.794699061302149,-2.6131915601902587,-0.4189769751037863,12.995010329882689,1.7776082507807167,4.932555163987117,7.92,0.112,1.3068023,27,1.438986
5612661716228386816,-12.189746568476131,-7.481675333020041,-0.7923514144928542,14.30263567292393,-2.5911111456588696,8.17551766116394,-2.1020647613512153,4.1164241011424005,6.620529103461172,8.54,0.172,1.3396214,29,3.9970725
5606634988063583232,-11.751000798783672,-6.694981751257808,-0.9355628203268548,13.524378005020768,-2.623722536911317,12.963019489943285,-7.393751038462369,3.04924360849645,5.966279957754347,7.66,0.2,0.9892431,18,2.1071274
5699042480743325696,-10.147426661041033,-3.7204832899810443,0.25285280262913196,10.807972231285317,-2.790168692397209,-18.270926183584535,-13.452599419404521,2.650849480047836,2.66305352232345,4.23,0.039,1.3478196,25,3.5060244
5698636279917579264,-10.317694116298759,-4.039984625057008,0.22394542047509675,11.080446184527185,-2.768384227916127,1.8733632028474572,-0.5581385060839921,2.578051493433966,2.458951808437133,4.59,0.046,1.0232496,25,3.2072089
5612351486452387840,-12.857885423986446,-8.828442422256805,-0.6982767809850291,15.597006545471046,-2.5399051670036337,19.91876329637709,5.802307394674671,2.273259750224334,4.190924606397239,10.03,0.111,1.0135709,28,2.228247
5611944113094713344,-11.85947293602216,-7.081840131684832,-0.6330429647902945,13.813021319428413,-2.6032741197857647,15.788671913495524,16.134491096278452,2.889918814764035,2.874466578652894,8.02,0.057,1.0243574,21,3.1210608
5612074684400718848,-13.498710002066321,-10.445265198889672,-0.7595597271327014,17.068061893343984,-2.483034424061209,12.51413998170297,50.65777957256549,3.762932275499351,7.421613712754704,11.76,0.117,1.0309687,24,3.7947917
5605736961940589568,-12.844770930951512,-9.175086465465725,-1.2279086231813836,15.78513072221416,-2.5213302755044524,2.2446452888384845,8.13437811994558,4.24352346704073,5.457859041372291,10.38,0.112,1.1452345,20,4.7598157
5602144170265728000,-11.504429480105234,-6.5616953407868195,0.09954609084295968,13.244158841089828,-2.6232505503482213,-3.803678467664424,0.44598728862692383,3.182698203706531,4.449965458498753,7.37,0.107,1.0487925,32,3.4298513
5698193623413812224,-9.538448866839778,-2.7471195114859244,0.11476564114790938,9.926161009962698,-2.8611765890682683,-15.448634484473672,4.8222265506391295,1.3168265679322335,1.7834552318510304,3.08,0.045,1.263509,40,1.7899308
5602077301899528192,-9.98267714952047,-3.6445334292377103,0.07666000647964871,10.627157051083291,-2.7915421088036916,-19.410731613306314,-6.707238635933891,1.3819591858079614,1.7526933344624251,4.08,0.037,1.070435,20,1.8649713
5600034688481641472,-9.928297361674751,-3.539629179372823,-0.25827483875465124,10.54040147381993,-2.7991218812381047,2.302619393559253,-8.93036306365616,1.4724983909384695,1.6502561408090775,3.97,0.045,1.1067336,20,1.9442052
5600138420530755584,-12.335463717754367,-8.362716963303415,-0.39002866398087727,14.902976217533096,-2.5458252836542457,1.288286283757075,-15.35418280214887,3.3853944502499376,5.915347840283184,9.36,0.161,1.0692114,33,3.0958302
5599566983722741760,-13.193118397174025,-10.416795387425147,-0.7801920327167576,16.80975904602245,-2.473248343530826,-15.56797837723503,-23.469597225318836,3.862381812474318,5.394985990695408,11.6,0.121,1.2678608,17,3.8867779
5601254523607154688,-11.941913118388992,-7.8377135018591355,0.24156755617978937,14.284223530328,-2.560787543932059,0.5720723594691858,7.8037533907611305,2.262916420841284,2.8375051310316297,8.71,0.058,1.1635538,25,2.5101163
5599370549100412928,-12.695917816914152,-9.42423378862592,-0.741849868731855,15.81146772809269,-2.5030350439678584,11.468599543272534,-7.140752035652383,3.7248589753063044,4.598307724616557,10.49,0.114,1.0380294,24,3.796293
5593427031607304192,-12.371531067314015,-8.757382722275992,-1.0600081578318938,15.157392028114002,-2.5256071680070615,0.6104287834162583,-14.955268573102984,1.8511090322117933,4.37441665691211,9.78,0.113,0.9171437,27,1.6589582
5600628115523816448,-9.723115973652618,-3.292997600163406,-0.05748491793190275,10.26561334902989,-2.8150403627094462,-22.513732137015328,3.6101196193791623,2.351884362689231,2.790584502765029,3.65,0.046,1.1797553,27,3.5746903
5600915775257808896,-11.840039165522454,-7.8335638624595,0.12580990614380244,14.196874664106078,-2.557094556067241,-21.13484620335244,-7.435351989717589,3.997543406249227,4.846856961956349,8.66,0.087,1.1051075,26,4.5026727
5600471160241231872,-11.513644809169751,-7.214267485317752,-0.03722895193756865,13.587114194759478,-2.5818549764959537,-10.69696594182805,-3.9248946266616542,3.2503950037932277,3.1938095605303247,7.96,0.062,1.1656202,34,3.7753336
5604731630351388672,-11.80581690860738,-7.874762370937103,-1.368256442340513,14.191166100017533,-2.553342755860325,10.750942839335144,1.878368345634783,1.9503480039902208,4.312671418627005,8.79,0.108,1.201517,22,1.9578053
5600862070985787392,-10.24874902558882,-4.5380751966992,0.0389401981726844,11.208522787611411,-2.724748139189521,-36.26869667452546,-2.241708099292339,2.4385357879083065,3.022202695413166,5.0,0.044,1.3472925,27,3.1379523
5599120204043561984,-12.82865005701403,-10.192024646641904,-1.004673193417608,16.384493543685814,-2.4702305226169945,22.208282950560744,-2.59074511315805,3.9671513960615177,4.926510843652369,11.26,0.112,1.0175272,22,3.8171794
5598852026287511552,-12.650473316853716,-9.844407258379945,-0.5767104011676628,16.029561110937244,-2.4802958690118913,3.3411416109351078,-1.285401927586804,1.942916691877868,4.987456953732288,10.84,0.114,1.2542827,23,1.8480484
5598479085688742912,-11.824603155849212,-8.093414588163423,-0.6125762997050165,14.329152085493952,-2.5413756042477775,11.260649043175027,-6.149253974527056,2.756106629014045,7.041865453378277,8.91,0.178,1.0520334,26,2.3930423
5592331544376194048,-12.40586323714346,-9.492387865068093,-0.9868129191597615,15.620847289427024,-2.488463726891348,37.415761123875136,-25.010407058915092,2.798753625735616,3.141846706089577,10.45,0.112,1.1703097,26,2.5024009
5592541344934801408,-12.014792698983825,-8.747114741216915,-1.2114415569694676,14.861603543883456,-2.5123020526769455,-6.741456932296045,8.83917099643395,3.643513311883756,6.024249679318146,9.64,0.11,1.0176632,21,4.092876
5598642947280234496,-12.46341892942376,-9.778044252322708,-0.5181904896722914,15.841305527345265,-2.4763502068738172,29.499462949194882,6.342621358558034,4.415588589539296,5.763646698170634,10.7,0.122,1.3690538,23,4.2785406
5597352047599988736,-9.761075818931058,-3.6721204266084,-0.0022652029526913408,10.428953426419897,-2.7817700114283377,-20.39118143866594,-7.435467268808139,1.715992657306584,2.428239468544902,4.01,0.049,1.038732,23,2.4201233
5598174486604978176,-11.950630465639858,-8.773962374960188,-0.5854130221898574,14.825652912553178,-2.50829082586178,9.864970761291756,-13.080050063428246,2.385945115373742,4.604587938703474,9.58,0.111,1.0914335,23,2.3131146
5597624112320733184,-10.42817090918483,-5.288201920939052,0.1553308917691562,11.692383335650275,-2.6722753589430845,7.020331792627384,14.182043477425907,2.4635415262892733,2.447148271503423,5.76,0.039,1.0611508,30,3.169246
5595650351503904768,-9.450682891045131,-3.0317636723176626,-0.07591390830427985,9.925069172145767,-2.8311656656301367,-6.1065329213989115,0.9262411157115196,1.7180127239225447,2.30506250907679,3.3,0.04,1.1658694,25,2.7744148
5692956237214170112,-9.267705676631497,-2.639215044277483,0.1544087705333113,9.636172713199379,-2.8641611908860987,11.236449546081936,-19.349290414017275,1.4042105526436652,1.7463859631924372,2.87,0.099,0.92531246,32,2.0510776
5595078399297563648,-11.131623148246831,-7.193274657922975,-0.449155947675036,13.253536668335045,-2.567892172951916,25.83217037513214,32.6683408357936,3.6889607911268145,5.413653531082644,7.8,0.109,1.0853872,23,4.488567
5596920115637628928,-11.197684738379255,-7.362525418436591,-0.15489291244267284,13.401303072360411,-2.55996010652383,-1.1826100455917756,-1.8701611245244294,1.7712854427293487,4.9300707731847,7.97,0.111,1.1516279,26,1.831035
5595072317623907328,-11.567232814951083,-8.298187764691772,-0.5261832014858162,14.235898116148535,-2.5192923207250066,-12.77163987740554,-17.98394643135927,2.9593424988811656,8.169869204117386,8.99,0.191,1.2015558,24,3.0034306
5594803590107866112,-11.753614828481092,-9.076620625266678,-0.5210973960717816,14.850336814742858,-2.484008731830455,13.329101190494717,-21.01014999483135,3.7738855656762755,4.798927711188167,9.78,0.114,1.2721361,23,3.9592268
5594452296147569664,-11.248280751549386,-7.855533456153191,-0.30066826105590577,13.719811432611547,-2.531957206580756,-3.993067995390512,0.04966118086466054,1.9412124832315896,5.513676895498456,8.45,0.109,1.025137,23,2.224073
5692578658045392896,-10.367644313090778,-5.6305052862743,0.32652288191827056,11.797908220592598,-2.64407446939181,-29.440756623189234,23.935842699904725,2.1763882392914202,5.951350189673075,6.06,0.094,1.0803673,27,2.7992835
5594402852483259392,-12.247043428103837,-10.541750460663268,-0.4721161288253409,16.15916382442964,-2.4308856148442866,7.2902994141553314,-24.70988838483791,3.9815565165484914,4.958806458468373,11.32,0.114,0.94783413,18,4.2187276
5594382644652353536,-9.716473397872534,-4.055074410947176,-0.15269861321738648,10.528698104223675,-2.7462278202790267,-16.11957672912642,-2.8438423311396264,1.971685035040348,2.4138834117922903,4.35,0.037,1.0872713,24,2.6841142
5587972801102906368,-10.768002942384154,-7.033382530589751,-0.9857018235106284,12.861506800868975,-2.5629891913815244,-0.8508174994893744,-30.17660061682983,3.0429211807364744,3.5208172897494414,7.57,0.082,1.0618863,23,3.4852824
5594100246268225536,-11.438429820380179,-8.97095930950139,-0.3134140608034786,14.53670484286216,-2.4765093558527616,-3.186948803035745,-8.834058614998867,2.8738144402687587,5.587098522554907,9.56,0.113,1.0501539,14,3.1900394
5594091823824942080,-9.77653825158653,-4.4487508179636475,-0.16938121293696945,10.741139791710507,-2.7145524204846065,-7.375491461034186,-0.08494325189215601,2.6534299397844525,3.068184049070787,4.74,0.037,1.1390667,22,3.5129852
5594180167020044288,-11.079103296596319,-8.028609093220858,-0.24803310294735686,13.682291249216998,-2.5145058122657646,-3.827223651377889,-6.38681614193348,2.0080763882340715,4.05703602491298,8.55,0.081,1.1136032,21,2.234133
5587763210997781504,-11.444084233784587,-9.046520545330349,-0.7851091683846873,14.587892168748748,-2.4726728056955167,12.671686921194656,-6.127613998874921,2.742502453605863,5.308775253802326,9.66,0.13,1.0488006,24,3.272934
5645631676202629120,-9.531881372021223,-3.8000140736589567,0.4693876853093663,10.261426287329229,-2.762238882318114,7.588908040145896,2.115202966923448,1.558223232657193,3.2125203196803165,4.07,0.108,1.0007741,36,2.0235193
5547755143963426816,-9.453450375069771,-3.5907124243133586,0.019520258491938888,10.112415127358306,-2.778593427879357,9.213306984020978,-11.457761967181938,0.9389915010652251,1.2710243512516952,3.82,0.033,0.9769245,29,1.3145621
5587628692622346240,-12.116265838529637,-11.015928837432531,-1.0970572208796603,16.37542628517798,-2.4037260040893527,6.637164406853681,-7.031405119198553,4.123179259378902,5.74567778676161,11.76,0.112,1.0769405,22,4.9220986
5547622412293786624,-11.056396915329929,-8.11486662311283,-0.0731503153110658,13.714772074672906,-2.508441507901715,-18.18791738621777,-7.871543128498047,2.365735113600888,5.883577130343408,8.62,0.11,1.095734,27,2.8679445
5547742052903182336,-9.605349408960986,-4.088538303548418,0.0430131509375568,10.439295126003946,-2.739169699338976,-8.063275900373123,1.8828626006595073,2.3087649122658287,3.991435884034823,4.34,0.105,1.0490304,25,3.5300581
5547538196579026944,-10.153376380402314,-5.7192064259129864,0.03294996161341584,11.653341755235534,-2.6286099280655173,-10.395513085088659,6.146147451166172,1.4779811879474318,2.6455224951259355,6.06,0.053,1.0914484,26,1.9294727
5547421437881152512,-9.670402068507432,-4.3944088037502,-0.001070569750546928,10.622029227086042,-2.7150704496974,-17.710316250446734,-7.541808973722937,1.9169032398428265,4.963211735389004,4.65,0.125,1.0476631,20,2.6636782
5587468095205750784,-11.54322182822263,-9.892252633145867,-0.8127119969870823,15.202060134519161,-2.433063148854418,11.088418144306058,-1.4651816318187798,1.543628622573356,5.574388159133326,10.49,0.115,1.0761151,28,1.2903404
5587355360904762368,-11.586650765655266,-10.092107197805182,-1.11574531983776,15.365581787138778,-2.425026041815877,-10.245832286300168,-4.967248344347524,2.420715485939837,6.328328484402238,10.72,0.115,0.9696548,23,2.567399
5547358117187868672,-9.120225703510885,-2.8704598270907775,0.009843288668007152,9.561279020189852,-2.836672368510044,7.880898716522022,2.959542589777442,2.007399414468899,2.8078178513271954,3.03,0.035,1.091589,19,3.4091823
5545837900614099968,-9.568694427021237,-4.205803489360565,-0.10458117873202483,10.452210102596712,-2.727473025023512,14.57101345373888,-17.26646969297002,1.824105971983622,2.138857300355338,4.44,0.039,0.954956,23,2.8063147
5586922973654572032,-11.774857445117473,-10.84182211214874,-1.2456148376022842,16.00601057616531,-2.397425412445622,-11.296658850531772,-10.094346902753955,3.435887125675757,3.7774215274595253,11.5,0.064,1.1108938,24,4.048926
5545671191471587328,-10.858386174758344,-8.285327334783451,-0.23195574590740048,13.658374697038187,-2.489801286071374,-14.218599012201244,-10.900514613237249,2.4755277342127044,5.9382112573108525,8.72,0.113,1.1960545,9,2.9421794
5539107450645758976,-9.155075661076825,-3.1626250183378835,-0.2711264238912649,9.685948965726485,-2.8089766197203616,-5.135284149784357,-8.401812733140844,1.8343027985314,2.541311953080815,3.33,0.04,1.0602854,23,3.2048128
5546476927338700800,-8.657214330144354,-1.6015945905253948,0.0003513800865176343,8.80411637760752,-2.9586597772372945,8.38916973520543,-5.3122861263766765,1.8223936257632962,3.4109106609895665,1.68,0.085,1.1569617,25,3.9547915
5544426750467019776,-10.032013130874521,-6.159805730847472,-0.3370097780270361,11.7721915589163,-2.590931749184287,-11.509304152365168,1.0026681446515795,2.0272855672898413,5.2023351992615625,6.45,0.107,1.0596861,23,2.5325499
5538569613358405632,-12.072282916717786,-12.857323454392057,-1.4420205532882444,17.636631799528395,-2.3247146028580357,30.30162916498227,-0.7051519375225723,4.352172012969135,5.290032133425223,13.52,0.092,1.3362021,17,4.714571
5543722994310379520,-12.45229341596661,-14.41621976715745,0.4121485206032313,19.049593268421944,-2.283230276210046,10.246064931541142,-9.521042017898964,4.561464795039202,6.857331276019173,15.05,0.117,1.0983776,23,4.8274927
5544259212380322816,-11.193577005552742,-10.323491861338413,-0.6032228461567622,15.227299510758943,-2.3966094451638855,-3.346761726473507,-5.006181561106445,2.9193670809445256,6.565759989860868,10.78,0.111,1.2025306,19,3.1519847
5544672456955226112,-9.430886355668372,-4.365581244141727,-0.05387836682236664,10.392300854610296,-2.7080609292436146,-26.91403283537077,3.9516541181007767,3.3822153898622282,5.976362272929305,4.55,0.106,1.0279417,18,4.8102403
5544213926244556800,-8.986044515235292,-2.883890056338461,-0.2049865990587661,9.437468828390276,-2.83104644506471,2.216942649569848,-0.9794583572856368,1.9591352533933823,2.894835364915313,3.01,0.04,1.0220942,20,3.3685522
5544001136384668672,-10.930493572178502,-9.756398809830532,-0.5486907959989008,14.651382442209956,-2.4128891600547573,5.101176914383357,2.8146000297528246,1.1731901818055703,5.425701929075389,10.16,0.099,1.1379602,26,1.1286986
5541507237862359040,-8.614582461841755,-1.6553739172592192,-0.042443777831914394,8.772188654937471,-2.9517472703034677,2.7962965534483772,1.6704104524650063,1.5072345753929461,3.049536410315964,1.72,0.049,1.0414649,27,3.4663942
5541229748611783680,-10.525188391525049,-8.977554135109013,-0.2515856667804886,13.833873966677107,-2.4353832454338784,4.434525578716859,-2.472953065728973,1.6110963319638327,6.006673877766017,9.29,0.113,1.0799811,22,1.7756644
5541228064984652800,-10.933312914826107,-10.544282478629107,-0.3097235688071707,15.189444502108302,-2.374305823956653,-7.512382689082774,-5.101165934885785,4.197095987610427,7.727408267925817,10.91,0.121,1.0413795,28,4.815545
5540796987700558848,-8.98133074861668,-3.1896146286165945,-0.1533855616521827,9.530894160315308,-2.800347628692789,20.315141004141925,-8.633863343838868,1.727365327184669,2.566966073657507,3.3,0.042,1.0668945,26,3.1290777
5537743094157581312,-8.429191806046346,-1.0789051695192402,-0.1059205293184913,8.497959217831902,-3.0142885746798735,4.769397496298957,12.73450130501243,1.076066684398052,2.6898786459021546,1.12,0.039,1.0484828,27,2.7382655
5542528959037609984,-9.216753128352334,-4.163954719732923,0.1217535837701415,10.113706399583618,-2.7172585641181985,1.231043800165995,-5.561825440541298,3.00303716998037,3.8137157906558246,4.3,0.035,1.0481652,19,4.3582563
5540666145820286976,-11.166300669088379,-12.016651114636158,-0.7087234015306701,16.40384633686167,-2.3195309366872023,13.389996492797358,-19.912011072921473,3.8595197460463573,6.425331099724043,12.41,0.113,0.9785175,16,4.814927
5542410585431412736,-9.276783605111346,-4.547717080766942,0.2169802078572342,10.331526736294208,-2.6857950721538195,15.232990780422373,-18.639656340334597,2.0738370014366776,2.677445951964522,4.69,0.049,1.1295016,22,3.214628
5540389068889999360,-10.70965600871148,-10.438058657107241,-0.23446476259548682,14.954925621819099,-2.3690366542281938,-8.031334433929437,-19.425867114231636,3.8626702289169863,6.776199492232711,10.75,0.115,1.0129944,19,4.961251
5540698714546399232,-9.435353071904082,-5.257855898681896,-0.27594992174405736,10.801432138508014,-2.633199832683616,3.304470108143589,-4.948164491503803,1.248498724449188,2.0998646291739913,5.42,0.047,1.3523276,27,1.8310014
5540236752170562560,-10.048935244566692,-7.924902062262996,-0.10614762551298812,12.797858111651141,-2.4738225625737864,-0.7015857395203317,4.9612787418002995,2.490317444033985,6.204676422369813,8.15,0.111,1.057792,17,3.239636
5540422122959807488,-9.326539396418811,-4.9206192551488925,-0.07730596366475623,10.544990799763374,-2.656114895184804,-0.6246953445292921,-16.84653241760526,2.1396677012677783,2.933689608802782,5.06,0.051,1.0960549,25,3.4009387
5540220908024647680,-9.372966113004939,-5.217500419292728,-0.10238290822828838,10.727292500014098,-2.6336550540771864,-12.049255538022917,-16.519967552585825,2.703840855035372,3.903853321683943,5.36,0.06,1.0778606,19,3.9620779
5626365410677890048,-8.987075008642462,-3.5925142653298616,0.2938462785766797,9.678516206400879,-2.7613084292170695,7.319944444301173,-15.503626284143479,0.869616561161638,1.5086548596195202,3.7,0.044,0.9586584,21,1.3580534
5539854912393784320,-9.124262927790133,-4.274795844043421,-0.21592407987787282,10.076013769526929,-2.70345400789312,-14.780351834576752,-6.089279749025991,1.6097740800968297,4.5126803075097905,4.39,0.111,1.0048262,24,2.5601087
5532574289995028480,-10.199172567087242,-9.062494639020082,-1.2815412200860126,13.643750589023998,-2.415138567291126,39.53999049113708,17.685683573726806,3.3454610916929988,5.61350994002523,9.38,0.107,1.227207,22,3.8228989
5534012004528220160,-10.623916058947453,-11.005402854019863,-1.252807661775274,15.29661676341635,-2.338558833413756,6.103302017545167,8.40338627020705,2.3308098513409377,7.136365680434071,11.35,0.113,1.0962256,22,2.7364178
5636850254779527168,-8.88891629008233,-3.3074984533831593,0.9931000984770161,9.484322792441377,-2.7853735201959395,-26.428841404706684,19.921191012851864,1.5225754081530727,4.381991222880171,3.53,0.108,1.1968626,21,2.2675583
5529690885168872448,-9.406078424179173,-5.672437174039311,0.04814782237037012,10.984118299400823,-2.59892560427243,-19.49477506844615,-5.315610994827637,2.22455907527607,6.006326939491356,5.81,0.114,1.090943,22,2.9584754
5530071831587999744,-9.61322018909766,-6.746580787182758,0.3067124321119436,11.744375450489413,-2.5296580636576214,1.3293566188324613,7.635552363392264,3.121615370783838,3.965520884251936,6.91,0.057,1.3469827,28,4.4188085
5529523007785725952,-8.385667139216082,-1.1152006828606704,0.02518658735798168,8.459496789572139,-3.0093795495682096,4.775398777648635,3.1520129507631793,0.8316921745355588,2.308119627683407,1.14,0.03,0.92710316,22,2.6095765
5533064637825575936,-10.623912573709584,-11.902791441557913,-1.4997585472599972,15.954433944049812,-2.2994836830767795,0.9219814108880537,-6.214981184964472,2.264087158618829,7.115900964344844,12.25,0.112,1.0159625,21,2.4925444
5529464218273756160,-8.812168514675736,-3.252836427477619,0.060140429180371706,9.393362483954707,-2.787978123573849,2.6042991007952074,-10.017875624121785,1.1435020824277904,2.200567217840529,3.32,0.065,1.0343204,21,2.2394886
5533407170051636224,-10.673095676790904,-12.447789463700829,-0.991553814128853,16.397025152708466,-2.279587528761637,22.777684866240506,-5.933032736182497,3.372343175730406,7.021652437389696,12.74,0.117,1.0921528,19,3.5798647
5529329493739794432,-9.464506995974018,-6.518775387049873,0.017072887529843758,11.492228905814935,-2.5384501028630075,-4.723551093893658,-8.661059249356668,2.0062390446756817,5.253202894244419,6.65,0.108,1.0609869,23,2.7355967
5521402358507492352,-9.42648068182565,-6.47765650351673,-0.4792252350678559,11.437594669439234,-2.539524975599635,-11.48360613459242,-24.180106223601285,0.9139177172627705,5.11391014526176,6.62,0.115,1.1671535,21,1.2999154
5529090109446895616,-9.343932414890789,-6.09169539067049,0.17832425896287257,11.154273876266572,-2.5638539374658174,-2.4333669114494403,3.2318681073508344,3.119634096231085,4.3799423314729635,6.21,0.065,1.3634974,27,4.5000963
5527800347943672832,-8.615997788930633,-2.4050636657124684,-0.026329152582704466,8.945375852080664,-2.869382247610231,11.334309038000185,-4.6756035567442495,1.7829481269007013,3.5711316899755063,2.45,0.039,1.0995845,17,4.159638
5521354838988727296,-10.171189381548174,-10.607055186197702,-0.8276063911100949,14.695669877836869,-2.335220538907158,-7.345326557060427,-4.394808852846182,2.769027142859202,7.139078202042308,10.83,0.103,0.82205576,30,3.154263
5521352536886238208,-10.168960552891617,-10.65599227984318,-0.8593811040240699,14.729491851192396,-2.3328118219947584,-5.246002177906696,1.9312351378554808,1.787882046491139,7.575368681037103,10.88,0.113,1.0807244,22,2.0669353
5528835572501220352,-9.276713991711347,-6.093463665736683,0.20602918303723067,11.098996437951776,-2.560412957219559,-3.246474305940751,-0.47530463364867614,1.1958360972277435,5.003006957132169,6.2,0.107,0.96502626,20,1.7906523
5527242758108169216,-8.801447212756909,-3.557553599079104,-0.14885835163219002,9.49324289425205,-2.757469995372321,-18.46907371169805,22.44291264375056,1.0573061084376068,2.1627239685283834,3.62,0.051,1.1096582,26,1.7416366
5528444245140142080,-9.054762585906596,-5.007493934696571,0.125940022205897,10.347160044821809,-2.6364313182029004,14.95191431751047,-28.379907868473083,2.357131015331547,3.9158876102781077,5.09,0.108,1.2214309,24,3.728259
5526978119406751744,-8.853273943228583,-3.896094536080584,-0.0808163737869832,9.672642459427887,-2.7270238913663047,1.1984173178195447,3.472343778283431,1.47039485179752,2.992625460659044,3.96,0.079,1.145482,27,2.556627
5528450228034394112,-9.19956111469373,-6.019060053870126,-0.03236342316364633,10.993680395348957,-2.5622167190866647,-2.8709350811345895,16.13403211228865,2.8171484000159954,6.180949564374017,6.11,0.109,0.99693835,26,4.269176
5528389583094695936,-8.472877101221012,-1.8620589066886304,0.029703452567890695,8.675074048351048,-2.9252645888463857,11.702747389619363,-1.6094463154102812,1.2541340718422915,3.0600255312864526,1.89,0.064,1.1066321,27,3.2049422
5526454476992052224,-9.059504869423682,-5.318004243347827,-0.22171880304164177,10.50503677344239,-2.6107806719653643,-1.9301694171118384,-5.846550668767122,1.180549163251994,4.246773478489394,5.4,0.11,1.0238252,26,1.8725325
5526731382124901376,-8.4396308276657,-1.7459926909563896,-0.01735676658789315,8.618344329635384,-2.9375903343923517,17.033328194755914,-8.978208438333581,0.4147318148703445,1.0123116534405023,1.77,0.025,1.2597116,26,1.0590745
5520506531407533056,-10.27454856798872,-12.893156523604503,-1.5560378171831206,16.48635294472748,-2.243643791513286,2.026534137490686,-8.99348501658855,3.4944566648156217,8.061627322653901,13.16,0.115,1.1269987,20,4.154887
5520879231487490048,-9.856990884558048,-10.380032884339439,-1.0269694205155497,14.314515429389449,-2.3303544463457335,44.78294262454772,-8.895129962196194,2.0314633761808696,4.88935704282278,10.57,0.113,1.135278,25,2.1092732
5520505328816739328,-9.8893979727293,-10.621311271974541,-1.2859469018275176,14.512492735543258,-2.3205251791112316,4.215317119972444,2.0647900083925492,2.9328304899768396,7.666437627153148,10.84,0.111,1.0085273,22,3.475465
5525825109665030144,-9.036822172470377,-5.481072945878594,0.29701758915994286,10.569120853452972,-2.5963880042207736,-17.006264153902677,9.563441596962491,1.0889447260390785,2.486376692964198,5.56,0.045,1.1386589,28,1.5842465
5526625622848470016,-8.79918346238519,-4.199065693419957,-0.08887014866707893,9.749758063786478,-2.696342019882545,-10.927874775458491,-17.949984627445104,1.336483925541219,5.063960092814333,4.25,0.153,1.2106779,19,2.0531132
5526165580313475072,-9.174181323409968,-6.664536302716268,-0.3067574020613382,11.339384775420019,-2.5133380906483977,2.837130751119965,-3.4173998897685465,2.043994781461661,5.579066353566383,6.75,0.116,1.0278277,24,2.8910809
5506374096132016128,-8.267913970780517,-0.7709932081190252,-0.17244755089481278,8.303784194883278,-3.048610312490611,5.434871869291132,2.778129916617331,0.2732990233610052,0.8349288128518392,0.8,0.045,1.0086893,17,0.884224
5523517887592919040,-8.747389106198971,-4.044655632378213,-0.10397535777141204,9.637222388207986,-2.708487778546875,1.4368356051226114,-23.2018334987537,0.732754897436838,3.7257679649841764,4.09,0.158,1.2681962,24,1.2415395
5523578738688355328,-9.063311791986118,-6.353865346938244,-0.09771498773442772,11.068659606554773,-2.5301600739560723,-27.141742315103887,2.30656611383273,3.2119977812658043,8.127462571182107,6.42,0.126,1.012629,17,4.5596933
5525963476334997504,-8.52055559210981,-2.6192944671685203,-0.15097259197021035,8.914065913149475,-2.8433526559782987,0.5872310215949613,-26.633659774593525,0.8193267688110866,2.3310409660627918,2.65,0.116,1.0944034,21,2.0284014
5523441059216889856,-8.867206976982548,-5.127210632772604,-0.16690248641322364,10.242834004584104,-2.6173406241638535,-1.880303729106749,-5.793297053214275,2.590740006683862,5.725135933001805,5.18,0.11,1.0292392,20,4.192802
5524866266801248256,-8.674359099843569,-3.88460596327317,-0.030306399836720403,9.504455233359586,-2.7205478648517603,3.074860193423007,-2.400751578733349,0.7936865615598667,2.946643283234949,3.92,0.109,1.1495717,20,1.4662365
5519380081746386944,-8.251915511638412,-0.7675240561495369,-0.08894402278805691,8.287532973568604,-3.04884786624243,-2.7044295409731833,-14.864492055326394,0.48925004678137224,1.9771034629549598,0.78,0.042,0.82932216,16,2.0027483
5523329321349889024,-8.518252360988669,-2.7852200705948893,-0.04961796578089834,8.96203515542835,-2.825579237385801,4.566871240031681,-38.75751495898021,0.93556115595279,1.984335693524268,2.81,0.044,1.2590792,21,2.2699468
5522997921672799232,-8.92660046556226,-5.971880720673035,-0.3017938210643328,10.739997914977574,-2.5519775647180385,-0.7178672661890528,25.174385141374046,1.5849775467034066,2.8489330359518252,6.03,0.047,1.0231303,21,2.299589
5524087125374526464,-8.549112955078522,-3.104416957656577,0.019738002984517607,9.095314011383946,-2.793271266973898,10.16298555774078,-6.841475986559743,1.318278478795498,2.9887057041762906,3.13,0.109,1.1087875,21,2.817881
5516839110374383616,-10.134671290402547,-15.457655240887235,-1.1856620194167538,18.483794732430844,-2.1511268284644167,1.7512280002419958,51.1580277794063,2.0276053593888514,12.058091994634042,15.63,0.121,0.9921852,19,2.102762
5522796264374512640,-8.895503807210845,-6.027569309932425,-0.2756218958692405,10.745305010568192,-2.546060819796587,2.274887371778546,1.114682042792822,1.4935200447211212,4.577074536550608,6.08,0.109,1.1240817,20,2.1844273
5523256203825403904,-8.383423883337635,-1.8951402963439503,-0.03983962359944799,8.594960892903615,-2.9192713905493455,-14.446926738601535,0.925071316599059,1.0731399933826615,2.6684295181427555,1.91,0.058,1.0312144,14,2.910871
5523153502573690880,-8.973196299962993,-6.747164005446555,-0.1897503006604369,11.226863941193157,-2.496861154196153,-12.043881650911429,-11.107346410071898,1.601012795922011,5.500993972543667,6.8,0.1,1.1201805,20,2.0920637
5522534374444924928,-8.518766464651891,-3.0374348146247536,-0.03449590873587333,9.044080513372943,-2.7990874559117915,9.190903028030815,-0.7851642440465696,1.7154040264949069,3.5951245290163567,3.06,0.061,1.0453753,25,3.8623571
5516786539973500928,-9.164360500174913,-8.452737681631564,-0.7849395588843052,12.467328410354815,-2.396566414464047,4.50151107056414,29.538943836252855,3.36946021554238,7.8903650610586755,8.55,0.107,1.058061,25,4.3488865
5519196703818908672,-8.284475260009101,-1.1316944179254205,-0.14839493088618094,8.36141510686238,-3.0058287393478427,-17.398262900368266,-2.216262232782668,0.6181984165672001,1.9525935910944103,1.15,0.026,1.0433961,19,1.875504
5522505340465901568,-9.036943239255013,-7.677294889966838,-0.15378455919046458,11.857790685327002,-2.4373624817383615,-8.101534628955608,-6.303338595501202,3.658878243733662,7.302707966554267,7.73,0.114,1.0173763,23,4.963001
5523893061573550080,-8.836611316101258,-6.232038235541433,0.0617297330802084,10.813140160059852,-2.5273505145580644,0.3866460136191377,13.866471016731168,1.5133290277591065,6.141409307388544,6.27,0.12,1.078911,27,2.1090496
5516452460238707712,-9.648633352838404,-14.135546289837817,-1.4589192020034383,17.114607634697716,-2.1697347142600516,18.471217696672092,10.298740645867525,3.7818400348840564,8.43698803390984,14.29,0.115,1.0858145,16,4.61966
5522403017163255808,-8.812255675215397,-6.262292253622936,-0.1818784747239635,10.810742544115636,-2.5237650903834443,2.9203603268263874,-11.237373004523619,1.8273239085246764,4.849097621970653,6.3,0.109,1.0419261,18,2.7315943
5523755412161096704,-8.36291720059033,-2.028715259997667,-0.01858047479480335,8.605467431236782,-2.90360523719501,-27.289840546650893,-16.18108633203184,0.9013971131991414,1.65936903136283,2.04,0.047,1.1222217,23,1.8083681
5522272209643268096,-8.825718435283868,-6.539336393098962,-0.2717753614560215,10.984362810878839,-2.5039145778901055,-12.520375566507026,-7.442494513262147,1.5539943117996426,5.416882143391244,6.58,0.11,1.1032473,22,2.1817012
5521810655282614272,-8.775544197364308,-6.1349907665307155,-0.39820834759495055,10.70739406509873,-2.531470373048056,-24.502925751662808,-8.45969925832307,1.3513501929337122,5.7535852093412485,6.18,0.107,0.93112457,16,1.7023778
5515778734493663232,-9.595867580185118,-14.221186524925706,-1.1359531953931943,17.15583926227966,-2.164380119593559,-0.4226001021808633,-5.681607691791783,3.4195230201867095,10.25720918635503,14.34,0.124,1.3159885,16,3.9353418
5436296928693979136,-8.44571550022495,-3.0963127276189484,0.6172995898279943,8.995402315514024,-2.790194787991159,-40.94583392251217,30.671869939291156,1.7472100873703431,3.5292517380203146,3.17,0.043,1.1837863,24,3.34605
5521648030642512896,-9.250407708976397,-11.80600755756008,-0.7304920791152006,14.998395155197628,-2.235416040167376,-3.0726439265254992,-7.402221759477385,3.877371516448736,8.351901946007338,11.88,0.11,1.0658425,18,4.754755
5329974119937794048,-8.512134307507855,-4.102745492595936,-0.09811863822596073,9.449283096937487,-2.6924583019073247,18.689855068308297,1.7406023870892966,1.8667796417813418,3.413747299583292,4.12,0.076,1.0928073,18,3.4366617
5329979892374931456,-8.872041104969455,-8.587246602379281,-0.2000474463176785,12.347223071538885,-2.3725049635714424,-8.823765979139768,-8.297082464814963,2.5212814290689205,7.734525892266222,8.62,0.117,0.9722941,28,3.1657596
5329861901039268864,-8.8930773101944,-8.953417969809337,-0.3173622166157975,12.619449963734521,-2.3528134101127054,1.3193022568827926,25.33468786995698,2.337933385516874,7.923572544991536,8.99,0.11,1.0542082,18,3.0559123
5329939274854213632,-8.536098461480115,-4.703450252624442,-0.07745942418621637,9.746149045802456,-2.637976620571426,1.7491682655653131,-5.872065991257529,2.2256543331124967,3.935603820714517,4.72,0.061,1.0761666,18,3.882033
5515323742829679616,-8.757238230604212,-7.561294963758218,-0.8160704160167144,11.56989208923365,-2.4293511257032705,-13.642278054951401,6.029679468224657,2.7892550741289805,6.901495581162074,7.63,0.106,1.1088351,21,3.7250996
5329838158460391424,-8.321214383316644,-2.171688928946889,-0.0772779882730465,8.59993265190061,-2.886304797408174,-0.6638352974965608,-3.632929288835612,1.0417301966694532,2.9759027279330006,2.18,0.05,1.022172,19,3.1524322
5521459979795304448,-8.24306381927044,-1.193774588317417,-0.07350007851878182,8.329057503480078,-2.9977708560876337,3.409658773904725,10.80843203727406,0.7090574687399687,3.0678373271259565,1.2,0.036,0.9258762,24,3.387348
5329899043907713024,-8.541477377205808,-5.043134972480043,-0.12539560516545195,9.919175678249172,-2.608240462052442,-1.8795931049520582,-16.017887377136645,2.56517765723645,4.358202039902202,5.06,0.071,1.110868,22,4.295973
5329405672431387648,-8.889742844578802,-9.735142587784793,-0.5673669773325823,13.183342863145189,-2.310834755666734,3.4813191910962975,21.804827769912748,1.6423255673913753,8.138612992615792,9.78,0.11,1.0750142,22,1.9047732
5329713123372088320,-8.737947382222659,-8.276565028716117,-0.2013502330395363,12.035499704169265,-2.383304835915703,-3.174176914181442,14.04332360577078,2.6588444022482474,7.879208914223752,8.3,0.111,1.109356,9,3.4913692
5329338700985815040,-8.753273183876505,-8.532286097275712,-0.5246444904029374,12.22373500519935,-2.3689782852997614,1.3075867000101846,-18.33057833431903,1.7471314264494942,6.540149085623965,8.57,0.11,1.1208577,18,2.3078446
5329675052782691328,-8.431020088334332,-4.138892947593959,-0.10891955801338221,9.39215281825951,-2.68524145722716,8.856931747675203,-10.249070876810748,1.2245430050675066,2.237421111768044,4.15,0.04,1.0863042,19,2.3172104
5329323277776517120,-8.83120335475725,-10.148771421644224,-0.606462492550326,13.453167436030007,-2.2868868258027546,5.194489867527317,15.514022492064015,2.9497215546041318,8.344823997906598,10.19,0.111,1.1252426,16,3.4059525
5329553797268123648,-8.582233249346986,-7.010664259036268,-0.28546298892719074,11.08170297829379,-2.456642774084573,10.80767379602429,-28.305967340483676,1.5700950032315497,4.900307338351989,7.03,0.109,1.1496651,9,2.2860804
5330406537236632576,-8.442714731125585,-5.391913748957622,-0.03428848481362385,10.017592820002378,-2.5732399566650264,-11.159601122053516,-25.47291363155685,2.9138057336177474,6.177491744304326,5.4,0.135,1.0308975,22,4.3964543
5329078498999626752,-8.830225072555681,-12.940133418617869,-0.7499061386235947,15.665884198589684,-2.169605860705002,6.331571143070832,-10.599338231216336,4.675478965986646,8.119003669948464,12.98,0.112,0.9467331,19,4.968603
5328807400664061952,-8.52453340205004,-8.069191549080806,-0.17962451174495137,11.7379522054924,-2.3836282108978737,-8.342217061127304,-14.059492543635912,2.9556721689242815,7.8589500411033875,8.08,0.114,1.0799779,27,3.9759293
5322878146768508928,-8.735838177698726,-13.933024028857648,-1.2304744602508095,16.445182493838832,-2.130823902385037,16.00224498456097,-0.19072704436979393,3.625737867524361,8.817554132975589,14.0,0.113,1.0878085,15,3.9779913
5328248672646356992,-8.366253672963667,-5.267375314719233,-0.28842318750535406,9.886326073243366,-2.5796938502547753,-0.47582390242098854,-18.526875093545556,1.5681076960056217,3.5471364111730144,5.28,0.087,0.94168276,25,2.7212543
5328644020107636736,-8.443164837092255,-7.446870930079392,-0.32581049017567715,11.258015771687859,-2.4188118089113035,7.047329528012191,-37.45361071569175,2.0951481079733885,5.734189443581389,7.46,0.124,1.0937965,15,2.9827218
5330212537852848128,-8.273419618706221,-3.2776378583795385,0.02153773490496341,8.899010176299148,-2.7643968254614015,0.07296675895335718,5.22859312156919,1.4970386706998808,3.552334192465024,3.28,0.048,1.0500028,21,3.5801327
5423800601092726784,-8.276109653335311,-3.4836211851416823,0.17455420931909588,8.979399064280296,-2.7431786524209865,28.985852112612292,2.9922822645978613,1.6024632139224082,3.255884832692943,3.49,0.108,0.97510076,28,3.5775614
5327602713866447872,-8.314212214580163,-4.886419606766129,0.09515024088860352,9.643817777336029,-2.6102523223988103,-11.991888067059708,-10.680644993486737,2.1030962580300674,5.251577591910201,4.89,0.113,1.0655277,21,3.7193947
5328518985011342336,-8.25123949361983,-3.32718584808117,-0.0866114623175796,8.896803855809301,-2.758300880470402,6.677058531930243,-16.7410171220279,1.221755244004326,3.1723961922112105,3.33,0.106,1.0837703,16,3.0734208
5327836325732931584,-8.191604558789157,-2.002555007777045,-0.16225680936924375,8.432829406951633,-2.9018307934139016,8.749802102911065,16.45967348171112,1.037815845874548,3.80927615755117,2.01,0.039,1.1902179,15,4.193739
5325437187054024704,-8.24494898076653,-6.394532701900307,-0.2413519049095481,10.434041986263784,-2.481926752808628,-11.96400800132845,1.8237365868172333,1.5308985574645841,6.282509398444355,6.4,0.109,1.1832869,14,2.2904975
5321764135331264512,-8.195628445811781,-3.3145020803014775,-0.3121378995796969,8.840489220745765,-2.7572790196292543,24.168095710846313,7.7722251112245715,0.5362476261609654,1.2276109566683955,3.33,0.03,0.7591149,22,1.3191981
5327245711883214848,-8.16109161399291,-1.409744432342195,0.029945253271440816,8.281956030824194,-2.9705409709777477,3.817825649726733,-17.168443320978895,0.6027154306212754,3.1360441969276027,1.41,0.052,0.97421634,21,3.3270721
5324781367038315520,-8.225363924884324,-10.260048637757633,-0.7754109744044367,13.150103031761413,-2.246566049244665,-1.197527707523195,23.76287280561604,4.040579867961986,9.39211031752062,10.29,0.109,1.0064628,21,4.963261
5326051543475916800,-8.14113271260879,-1.9799702879691063,0.011750030619071924,8.378444019360005,-2.9030187300925574,18.221491786264544,7.328376441926281,1.0300860495477346,4.011768199025077,1.98,0.098,1.1158655,27,4.0261126
5324972578981215232,-8.049929669257942,-11.923185838599608,-0.6199804221925939,14.386233983283516,-2.1646485019829664,-6.277474873698362,-10.599484919409804,2.5529348595356858,9.703697532549931,11.94,0.12,1.0834479,19,3.1616457
5324581084123092992,-8.036960968681775,-11.755185232436869,-0.7503060254162018,14.239983197357226,-2.1704952911986304,-4.443219350758619,-14.31075342964698,1.324481221760833,8.468581273974468,11.78,0.127,1.0839856,21,1.3969433
5325601877583915008,-8.020457030978234,-5.256603874470828,-0.1321038040568126,9.589557616432048,-2.5614309809166294,1.9743058187045086,-2.887044217702851,1.784343752505637,4.821869554690379,5.26,0.131,1.0785022,31,2.848462
5326224166803072000,-7.996600976141451,-5.996675203587424,0.13338984134820814,9.995285922320916,-2.498153616339049,-6.532492898944095,-21.363506401577894,2.870950233697444,5.773227430529959,6.0,0.114,1.01131,20,4.2710776
5324034867356093440,-8.119172138955355,-0.9485510077533434,-0.03693516339695769,8.174393264108275,-3.025291332381775,-12.34866302044006,0.5139557197741169,0.5458211823228838,2.293341925773472,0.95,0.042,0.98555624,20,2.2235909
5313672760547588096,-7.989709113698291,-4.527042518912652,-0.027567486552875945,9.183113071805037,-2.6260871620699606,15.646807331976573,-5.069189558957476,1.0909805191767687,2.3913127783734858,4.53,0.059,1.0164152,32,2.2115571
5317494559886504960,-7.635627003659735,-12.510932458422953,-1.3060225314829945,14.656951617517155,-2.118766888661607,8.306208028650536,13.188154732895867,3.6937101008502093,8.836634729032461,12.59,0.11,1.0048913,13,4.4187946
5323839566610513920,-8.019390591918867,-3.1518409851118614,-0.1800803649733665,8.6165379974319,-2.76711147151071,38.86388533294329,-8.485098747794694,1.5165524453690984,4.112515960822122,3.16,0.042,0.99918884,15,4.5326037
5311989580046077952,-7.9895201512091685,-3.604427780546101,-0.11469645835990888,8.764949051292305,-2.7177873985584604,10.436879148449282,-15.972409593253161,0.5823829626193033,2.117399980672998,3.61,0.112,0.9330344,24,1.3444196
5313567825903356928,-8.000651678127927,-3.2862062060865025,-0.04592377036770207,8.64925306044705,-2.7518600973681857,-2.7526950215492905,-4.940425405799516,1.421746490288103,4.168967840805479,3.29,0.107,1.0201362,26,4.0374665
5323414536645922816,-7.637990129602271,-11.154158609034244,-0.8677660061653968,13.51865923438395,-2.1712248881426324,3.5824700142148096,21.24877306058255,2.793660683059756,8.99001505689282,11.2,0.11,0.96997046,21,3.1114733
5314002648388350976,-7.75950474128741,-8.370767140919035,0.05210874182078656,11.414011405178796,-2.3183172582899134,-8.487206361487338,10.33495095699277,2.2073273420373534,7.793047102957123,8.38,0.109,1.018502,24,3.0859132
5313451140229395456,-7.746610856321271,-7.678196001907083,-0.1311925466104809,10.90709281169719,-2.3606298394590186,3.901532421899785,12.323411347942482,1.5112782696511895,6.716588996469261,7.69,0.111,1.1177275,24,2.0835521
5311403849596434432,-7.428688084060362,-13.14835295428679,-0.911302261493837,15.10180757594145,-2.0850752963803743,-11.438690921299244,13.08914560711733,3.7321575836857335,11.366710091720932,13.2,0.111,1.0523486,18,4.7186913
5311897942621843456,-7.642274580633259,-9.1591800785537,-0.34668897150961625,11.928744295908443,-2.2661544299952503,3.802673603845024,-2.5450055028991017,2.1420219145059387,7.716365010424294,9.18,0.115,1.0542254,20,2.802333
5311409896910828544,-7.544632783774037,-10.85024138903019,-0.7001164540364734,13.21549174424553,-2.1783895340139896,2.6337120701176895,-2.417608160035627,2.433735254519646,9.107115640267773,10.89,0.11,1.0885658,17,2.750909
5313250548085699584,-7.8984202785471975,-4.491580344196823,-0.10592077522904769,9.08621686319124,-2.62452991843534,8.094820622829062,11.272768510174132,1.5171855359752846,4.344963377382541,4.5,0.119,1.3859783,18,3.6082091
5311347637061713920,-7.8106852087168726,-5.496486062946056,-0.37385167282201853,9.550819989395087,-2.528378629837901,15.011884520367026,24.98412289034391,1.2747666259820136,2.7368464089270743,5.52,0.054,1.1108892,21,2.3921974
5313306107783348224,-7.69409235313559,-7.065023112890238,-0.05773230208200137,10.445745963034561,-2.3987911294783615,1.1219844272587396,-11.98312525603771,1.4102174334318076,5.777379918944221,7.08,0.109,1.0781554,26,2.05216
5313185367659966464,-7.777959112924687,-5.69655113561039,-0.11694230725063731,9.640920225940686,-2.5094532108329983,11.415585058283154,-39.23898977875231,1.1419414993004595,2.2068129925392648,5.71,0.056,1.0128373,21,1.9864733
5311298983669288960,-7.277260241739987,-13.361054879212256,-1.0363450308648177,15.214345339558031,-2.069532108717039,4.185527106284032,18.13989876826716,2.213760083647486,10.373334230079001,13.43,0.112,1.0985367,20,2.6456811
5311139245252191232,-7.727727469977761,-6.239308304967281,-0.44795270236511137,9.932106522519913,-2.4623603863513206,-15.986850645479695,-7.843100849932654,1.541485263556149,3.2562681715093307,6.27,0.048,0.8975513,19,2.423255
5311598634949142528,-7.888804057993072,-3.7267333079949663,-0.17010324719741227,8.724779115503559,-2.7002613669645577,14.251152396513907,-7.652823798801165,0.8671605854611052,2.2868234492546424,3.74,0.05,0.9921338,13,2.207594
5409512756735301632,-7.841470148228376,-4.310434940433893,0.27727398699275224,8.948100550467126,-2.638981874348752,-39.15296964278358,0.3418898833951971,3.0716048590732012,6.323351013464859,4.33,0.108,1.0323952,20,4.915336
5409250351407633408,-7.987894271466137,-2.2623713495970446,0.09659451671944902,8.302094857058615,-2.865595920522883,16.502425595524723,19.585712523584817,0.32069494487698696,1.284110291284629,2.27,0.045,1.0812035,15,1.3021731
5310969267622303744,-6.908402256161845,-16.69630639823854,-1.5004522924103658,18.06910814281666,-1.9631152904719937,7.948619846589368,-12.528167759376998,4.783431550684635,10.824149537163096,16.81,0.117,0.99428445,18,4.8247075
5312401690755432448,-7.6363334505354885,-6.798030182660472,-0.1824739826385025,10.22383504034225,-2.414206237705164,-15.545979215423419,-10.138186273628236,1.8676708324782325,6.492181000032633,6.82,0.11,1.094027,24,2.2063186
5312525488893758464,-7.377417998740378,-10.190023974785786,-0.11669374851614261,12.580257745167529,-2.1974384779344622,-8.67012868840038,11.437600760415535,1.8783497074964457,10.204359386542755,10.22,0.113,1.0966508,15,2.189601
5312863897941667840,-7.875754220461717,-3.5794670929933172,-0.011981432612836743,8.651016657650278,-2.715009483158526,7.163501959611224,-3.481264611527621,1.1912893709979833,3.2239623103386297,3.59,0.065,1.0891335,20,3.488264
5310863370918375424,-7.533077495771012,-7.810151485121093,-0.2886813947852938,10.851070121321255,-2.3381380643157605,-4.867556302787737,-1.4230621118876172,1.2954667498174592,6.698715244630711,7.84,0.109,1.0514635,23,1.562208
5312442888077720576,-7.823032401867552,-4.046184147514801,-0.0658249448615496,8.807465135682893,-2.664268643225729,11.018162892136596,-10.750208360510243,1.1863898007132179,2.8735754659624253,4.06,0.046,0.85166866,20,2.9772265
5312338670678094848,-7.869272504254402,-3.4675465889624917,-0.08232806196019699,8.599379576041505,-2.7265464825310746,9.82556542651976,-15.713265190277866,1.2067866845974642,3.582193597596541,3.48,0.047,1.2431383,19,3.5857172
5312803115567174656,-7.512816466389002,-7.8132961661909714,0.11505605361483834,10.83928079893958,-2.33659126686138,2.620229167766372,26.821340295731062,2.8516747537462717,8.251824361878466,7.84,0.111,1.0889723,16,4.0679436
5312795693863645184,-7.521622623302764,-7.693884448597561,0.09317152560245073,10.759677727318385,-2.3448735092268045,9.171757867669578,9.857982723540403,3.366227628228621,7.02933943016091,7.72,0.11,0.9709235,19,4.8714523
5310680130436798464,-7.60918351132175,-6.484118379852722,-0.41178691442652654,9.997172844005183,-2.4358553320099423,5.163674939971019,-33.505848364677064,1.2429501301268668,2.3584557626162166,6.52,0.046,0.8373019,16,1.9583025
5415098722470316032,-6.165140939160149,-23.292481987078396,4.025328946278995,24.094577811575782,-1.829546513875978,-215.4329390299179,-152.3299346437112,3.5533436841310366,14.083463785132837,23.72,0.134,1.0976421,31,2.4733155
5310265099146146816,-7.08760686900725,-12.297841791495532,-0.9425569865787168,14.194051002383103,-2.093629056377718,1.4023440802111367,19.842855266462095,2.284313147048318,10.527128481580743,12.38,0.11,1.0910686,12,2.8074427
5310669788148987904,-6.646176220292992,-16.941535307931815,-1.0358937926460707,18.1985515066746,-1.9446478090752735,10.241727359991314,11.581346138944014,2.110761136682226,12.241674488118965,17.04,0.127,1.1486608,21,2.1428258
5312279297048510464,-7.280302578246865,-9.694831347827263,-0.3430322937644768,12.12404884902903,-2.2149031123255107,-37.30379439606684,-23.66806438540084,2.7076025786838596,6.694036825485377,9.74,0.067,1.3673747,18,3.5518477
5312133135038170112,-7.2306271641493165,-10.195503901219315,-0.24759524158835117,12.499210734550893,-2.1876685586887943,-19.334153556644605,0.8928514059304291,3.168298857593175,10.193970252706322,10.24,0.112,1.0752944,21,3.616019
5312666569969989632,-7.680608494533632,-5.168722176603715,0.014687921295636727,9.25783105188344,-2.5492475754961146,29.383859959353167,-11.477963855621539,1.0537744258056332,2.6515385569392462,5.19,0.11,1.0624592,19,1.7740309
5302258008774270976,-8.042000696608978,-1.1773322744126942,-0.2520369234618559,8.127723327515096,-2.996227358381633,20.271765188602494,-9.526739123723758,0.23302554297604933,2.435605811341329,1.21,0.046,1.042181,31,2.6469665
5312196047720401920,-7.821798123783655,-3.393865256024795,-0.03992433890687203,8.526361900909306,-2.7322092352000134,7.046321623519751,8.24782418047883,0.9522471668168112,2.9603951551167444,3.41,0.049,0.8546045,18,2.8219457
5312574309758193664,-7.786852620970045,-3.692170987688076,-0.004436128680179123,8.617841977144487,-2.698834418722828,5.045271307325311,-0.29352283336967844,0.4847819938562081,1.3559745069356808,3.71,0.051,0.93573815,24,1.2133043
5312597197656348672,-7.202356458745234,-9.573210792304145,0.008719029940701114,11.979995969645305,-2.2157964927151825,-0.00024040856907990877,10.62002257905732,3.2679756261710367,11.495235663214974,9.62,0.143,0.98110235,17,4.4883804
5310517162188587008,-7.752043628999315,-3.9267928496193267,-0.15080137565788926,8.689872410440232,-2.672719283051069,4.751252496891296,22.907471181643814,1.1525900829922326,3.071132691745808,3.95,0.053,1.1626003,26,3.1532483
5310000975838087168,-6.7858498884756004,-12.82432298499965,-0.9222604825014292,14.508997854177064,-2.0574825105484327,-2.270525370700591,4.2180277865967355,2.9677255570221677,11.179523935432675,12.93,0.111,1.0466664,22,3.4618084
5309174967720762368,-7.871766807091947,-2.6050317216522076,-0.022732113853232653,8.291616424802152,-2.8220034583086533,4.534645617619542,-4.540936440353931,1.1179618268245768,5.042340732172912,2.62,0.045,0.9689342,12,4.8188224
5310495275034488832,-7.0957429946266215,-9.805134349633946,-0.4004389920744878,12.103314763326791,-2.1972363051568533,3.710922209100172,2.742611444532315,2.0438355087752913,8.182837462479206,9.87,0.11,1.0929871,30,2.5176513
5309114391501007872,-7.730540317760843,-3.7355658563018106,-0.07936969479683015,8.585785105119612,-2.691457447238756,21.372719339181558,-0.6662797598041266,1.4919422059741525,4.14442740965146,3.76,0.061,1.2307695,19,4.1859117
5309930194773990400,-8.026818142383915,-1.0700342526079158,-0.07357834978938788,8.097825806514841,-3.0090666022463317,-43.86295528850992,23.878286726853872,0.8592017163484656,2.8137224667382332,1.08,0.037,1.0308983,33,2.7498627
5309426652799793152,-7.6749913751109915,-4.10239935911437,0.045350566929922724,8.70259576848713,-2.650715659845456,9.429292656843778,0.07030353011148804,0.3774458413186801,0.9533430452523252,4.13,0.042,1.0807166,32,0.643613
5309476057793656832,-7.491372329950867,-5.671739970958534,-0.035460208415158574,9.396238273060245,-2.493561144100372,29.561497156062796,-6.110081701431454,1.2749675783426493,3.6319968380821988,5.71,0.108,1.071553,27,2.3874464
5309498980053455872,-7.523852180930399,-5.36354496729785,-0.012572534152646201,9.239911593555277,-2.522279777055931,-9.637707347019122,10.484016468855287,1.363575832477144,4.915373732053842,5.4,0.111,1.0423241,29,1.506449
5308955099751277568,-7.375004229776533,-6.470739500242395,-0.19277948117104554,9.81127703559628,-2.421411812377754,15.205069129131548,-3.2005750011201712,1.0240800215770134,4.394544025679348,6.52,0.111,1.1569061,22,1.6023818
5306782361701535744,-6.300312215377863,-14.978759416451723,-1.3128050894544256,16.249835927392642,-1.968948194456789,9.25294142120704,13.244856666488971,2.422900649280699,11.478611362334089,15.15,0.115,1.1534346,14,2.6546295
5308893149150949376,-7.659582572189687,-3.939223140338571,-0.04847793418436181,8.613169226804432,-2.6665809426915423,14.44246431900264,-14.099523386431997,1.690106763710252,4.6858144911050585,3.97,0.047,0.90529966,10,4.6424274
5309347694118925312,-7.162791141893049,-7.837975222662286,0.04508211192389349,10.617882676572078,-2.3112148760497573,-20.52526264836975,-17.004558132584435,2.7092030551992243,7.615868904811151,7.9,0.11,1.0070304,19,3.416288
5405496240766414848,-7.047257872430658,-8.747001711670245,0.26303630640859493,11.232714830551789,-2.248989265445573,-10.955068831724702,-4.258832997401697,1.7964543751699418,7.76164099026287,8.82,0.109,1.0700873,21,2.0961604
5307352802074147840,-7.763390816257759,-3.0104395809569975,-0.16593017065499566,8.326642987215667,-2.7716703295408975,-14.945680211634517,-5.476904098677352,0.6105193913052238,1.1087423480294851,3.04,0.041,0.9860327,30,0.91511863
5306715532007314432,-6.745443840524302,-10.816283217501216,-0.9628721221242774,12.747274031998593,-2.128415534117516,4.018849860297343,-34.630456248837305,2.804213439196575,8.543877021806976,10.95,0.116,1.0585699,21,3.2174435
5404862853352596480,-7.195394306251865,-7.2205830040153085,0.3153589917272645,10.193650873966426,-2.3544472155131553,9.280478257149905,-8.133404426337421,1.9018267452245292,4.413923438910443,7.29,0.069,1.2961899,30,2.8953164
5308685994283683840,-7.001366186364464,-8.61982931574209,-0.25753458513559485,11.104980229973146,-2.252955971988311,-7.83918663020076,11.315164774649332,2.592624508767191,8.520135657149646,8.7,0.11,0.9989466,23,3.2161398
5307166778452154368,-7.168598633251117,-7.364238415754359,-0.3925547146974085,10.277198733542232,-2.3427333906850905,22.85334801884871,-5.9960591569626445,2.3441112581876564,5.697037353096789,7.44,0.114,1.0138768,23,3.4740696
5308596968207677440,-6.887740909824393,-9.14263379467846,0.11437594197796613,11.446778042072154,-2.21644760133148,-4.086272392503349,12.83862811382653,1.7252642586593205,8.728544505412831,9.23,0.112,1.090359,20,2.2582142
5308026081150238720,-7.42708730510578,-4.996858227722047,-0.10083800265037862,8.951548356883125,-2.5493638888553245,0.9244586543420855,2.1572592333566263,1.5883727672394334,4.822430315368923,5.05,0.114,1.1279137,21,2.946234
5308494438744152064,-7.294282457887546,-5.787002386354588,0.03472404102410114,9.311066168550177,-2.470912746534329,-18.167052898616465,-0.1710951733552406,1.9209005107596326,5.778427555630459,5.85,0.11,1.2558333,8,2.8706536
5308393455470209024,-6.975173246699834,-7.943492328780619,-0.03470053337933005,10.57128715903951,-2.2913788599674376,0.3084487787907583,4.458438151064371,1.4453525323673564,7.299211532406305,8.03,0.109,1.1389678,29,1.6934218
5406720409514852352,-7.221195903829017,-6.268296384869219,0.5489950135651148,9.562280577876885,-2.4267174742118374,9.535566107720905,5.91611000458704,1.8761814568266397,3.4496818791059436,6.36,0.04,0.91923136,25,3.4482746
5307968631664881664,-7.367089954483005,-5.179809600878112,-0.11377810012532358,9.005800458526354,-2.528788394841627,31.107196038135356,0.40102847115417717,1.701277378817228,4.1048154772746415,5.24,0.135,1.1415075,28,3.1957202
5308298210294066176,-7.406328819538792,-4.863461825098172,0.015247379800712831,8.860415763795631,-2.5605477036623867,9.880675088964054,10.961158961208724,0.8086183301224688,2.0071422444187457,4.92,0.04,0.9016349,20,1.7849802
5308272543568041984,-6.879075155184587,-8.050282111820236,-0.009083421118487204,10.589084807978956,-2.2779049107578646,30.279382200292854,24.764060448307703,2.89124097686689,7.61462825930587,8.15,0.113,0.97294813,14,4.1653795
5307731377673085952,-7.56684476261414,-3.6118865242210187,-0.09353468952211991,8.384680311457942,-2.6962444778893393,-5.969615024337606,-9.10094682139507,0.595607261608991,1.355524774627837,3.66,0.043,0.920809,18,1.2492785
5306263697137647616,-5.974479123098255,-13.336764277138204,-0.6718002325397455,14.613818192939402,-1.9919613728533634,-4.3834530005689665,2.0694001174127834,3.3967690215917687,11.938776905760808,13.53,0.113,1.3352871,23,3.8475358
5308216910823777280,-7.302418223881249,-5.13045456554808,-0.0011505313708915542,8.924509844558754,-2.529144434359998,26.45752242570377,-19.766667118433162,0.7111485840958888,1.6244856477570746,5.2,0.054,1.1306825,19,1.3750798
5308216021795779584,-7.219618449956343,-5.623548599812304,-0.004234995688483127,9.151349049041947,-2.4798344451533496,23.38298755151271,-6.902480327809002,1.214715662408091,3.2113411903560345,5.7,0.081,1.050856,20,2.6395905
5308083461913826304,-6.924332654180173,-7.327515374294101,-0.09530945455532308,10.081610202059107,-2.3279121780965744,-4.246809894918412,-7.594516011540833,2.3749762985587552,7.002299020781864,7.43,0.11,1.0812511,16,3.469961
5307634792446532608,-6.954557045063254,-6.792072463659455,-0.21511783010827706,9.721013941181237,-2.3680138976297807,0.9801730992069394,-8.81879682995799,2.0167660471369366,8.044022317248075,6.9,0.152,1.0569568,19,2.7931256
5257939993613539328,-7.117667479097341,-5.5968546049130214,-0.3099551147331599,9.054610527876724,-2.4752411747472545,8.102855841269086,5.061333526506161,1.6419864445884205,3.5261442060739063,5.7,0.054,1.1464612,20,3.1241508
5260109123897149440,-7.217081436273154,-5.013906880970063,0.02560485227592862,8.787805566171654,-2.5344138707626827,-4.328173658906231,0.9517814394679363,1.642812947731157,4.536578436288635,5.1,0.094,1.1842464,21,3.470813
5259873381716782080,-7.492296163354255,-3.3968725401309365,-0.011383439619382655,8.226374952146815,-2.715929780298603,6.6972150292865695,-4.139739883095615,0.6741737731039471,2.512134824906681,3.46,0.048,1.072456,31,2.542524
5257722221591844864,-5.65340547280419,-12.444116532646731,-0.8367521921508697,13.668102637821537,-1.9972232628596325,-5.231621484159729,-5.04349007504365,4.002754718473783,10.956064061784552,12.72,0.11,1.0163679,16,4.5681043
5259794835353580544,-7.388117042178412,-3.681971594380865,-0.009411894518077727,8.254767607313646,-2.679254697326447,-30.7754971516831,-9.67867978271849,2.4060256435967307,3.448397998320706,3.76,0.111,1.0203712,24,2.2036345
5259074689597694976,-7.537675914136647,-2.9266292416387554,0.0071639080574099024,8.08589617201277,-2.771241852549873,1.482845639683138,-25.656192621133954,1.635463017253223,2.851439737225825,2.99,0.124,0.9544382,29,2.4967437
5259062663689285632,-7.451180027136197,-3.30695675410782,-0.004000829637840046,8.15205782427558,-2.723892799438226,-1.3970531803866382,-6.567204029760461,1.1390999692292831,3.22628528184094,3.38,0.11,1.0155973,25,2.96739
5257089521376773120,-4.920131281215132,-15.247856294754389,-1.2908172690722615,16.022010279920327,-1.8829256453115408,13.136493150352509,37.696296391105165,2.419393077182915,13.117480753520129,15.64,0.118,1.0111711,19,2.7178786
5258996486831568896,-7.3361940162131765,-3.7322654912018005,-0.012308551374545177,8.231011380160876,-2.6709720860373647,-11.212042342925304,-15.196556233049705,1.8154230950065606,4.256872728920156,3.82,0.122,1.0693828,27,3.7326524
5258904608895410176,-7.618303597934591,-2.4321705389389283,-0.03862911759118765,7.9971246858346285,-2.832566960883773,15.111800233777595,-16.398023319489454,0.3612908019517375,2.518215343467381,2.49,0.049,0.9995051,16,2.3038285
5258355780806662144,-6.320441858952771,-8.221935772818398,-0.33713091930750144,10.370545460329135,-2.226176745256649,13.638859543383482,11.43064868152706,2.4688859779719685,8.090132476688884,8.43,0.115,1.2168859,17,3.507014
5258316816862048256,-6.538780518179549,-7.151798395120915,-0.3569327209821905,9.690400969484106,-2.3114477571478727,0.008786970488890964,14.91437849540688,2.4486357018354066,6.827439591641342,7.34,0.107,1.0242631,20,3.6321368
5258849358433311744,-7.004681563171068,-5.082056807527663,-0.06555303897131931,8.654066396577214,-2.5139418085969845,-10.341951237783967,1.272237974840749,2.16808850934962,5.148724400110698,5.21,0.113,1.0057337,18,3.4054172
5354903999912306688,-6.708798177219865,-6.307259131048383,0.053717310845829695,9.20812091193756,-2.3870342236677584,-8.277171289236115,-12.115109815987324,2.7261086712024167,6.789655164081103,6.47,0.117,1.0253704,19,4.570015
5258806443119358976,-6.825864668202173,-5.7375754067579035,-0.13233682230840188,8.916961366791037,-2.442602305565567,3.977588809988623,-15.18188167255613,2.537484650528695,5.2835276125931365,5.89,0.135,0.95749736,19,3.3715386
5354898841641168896,-7.071526171326446,-4.666763897029332,0.053592963842436996,8.472612800215249,-2.5582633221217264,3.7933234577156094,-13.56040078767029,1.161555649412722,3.1461321743062394,4.79,0.053,0.9066308,21,3.2874002
5258280842214814720,-7.241277690451489,-3.871049943045212,-0.16654498086381958,8.211037099647083,-2.650664412917033,-8.792419380223055,9.565625060328188,1.3454143205853712,3.5285885088160365,3.98,0.111,1.1193956,12,3.086568
5256730565191453696,-4.740563673936994,-14.313849914253726,-0.8645903547303982,15.07843636835174,-1.890614106591543,6.645113763326298,33.241358757656826,3.6787819841780625,13.997742243059685,14.74,0.113,1.1085982,16,4.0750113
5258574068224210944,-7.425905677429777,-3.003142171106341,-0.06469401491919352,8.010177153469273,-2.7572866793082724,9.945034300793743,0.4646340492234913,0.3887012574767279,2.1913621258573484,3.09,0.037,0.96516263,15,2.1581378
5258677353585072128,-7.199899593935158,-3.9262914765355985,-0.050606916887114,8.200873058489794,-2.642345111108694,6.678802796291494,-5.027840638518114,0.7231664079787299,2.2170520428466793,4.04,0.112,1.1397339,26,1.5758557
5351824267845915648,-7.099871685551799,-4.313807199652896,0.04911037869072248,8.307653730571424,-2.595611348505269,2.929783883592929,-4.521652529848382,0.9107524439496585,2.6402743902249224,4.44,0.111,1.2735971,16,1.6786165
5258701817720258560,-7.185728868878657,-3.943756719580798,-0.01832648709700752,8.196823557956755,-2.6396467531846706,16.491789284637477,-2.8262715077468954,2.2265792277794065,4.151706197409544,4.06,0.131,1.1589137,14,4.040355
5258155016852593664,-6.889884288780043,-5.093473845596543,-0.17095751804404374,8.568195920294663,-2.504995211240383,-0.6353989138227286,-7.66089104343331,1.5903691036636813,3.9935128628981267,5.25,0.085,1.2072475,14,3.5409415
5258119798119217152,-4.671605578527527,-13.992150037905088,-0.5822265316666698,14.751412182044703,-1.8930327898871362,-1.7584041840316276,6.061946260971467,3.3265857612993437,12.699582738896952,14.43,0.121,1.0666529,16,3.8821251
5258108253247568896,-6.946211874271457,-4.817882293348633,-0.19402148715784656,8.453511057237227,-2.5351759157863407,-8.910670052296068,-15.13388858545025,1.7655988721162232,4.267289308219794,4.97,0.107,1.0477496,14,2.7892957
5258109833795330048,-4.801195869540104,-13.397157748307457,-0.5367984348018938,14.231490347490789,-1.9149119035619344,-30.08607254870589,-26.32349928926152,4.27132922958372,13.43280769384465,13.82,0.119,1.085015,17,4.442103
5258517237211885568,-6.709100960348477,-5.75978437781255,-0.17421985632419817,8.842349901188165,-2.432182733540317,7.081189215194847,-8.318886667746511,2.2682055124128286,5.556672183858435,5.94,0.107,1.032455,11,4.6291423
5255524297852581888,-6.695958764683126,-5.7779411687395426,-0.14538185272452392,8.84423359753416,-2.4296571254968855,1.6105456720181266,-7.449249624157858,1.7539228124534714,4.9126244007912465,5.96,0.11,1.0477833,15,3.0255628
5255092670818771968,-7.1233877125339236,-4.017142633938683,-0.17095418738289264,8.17802466641469,-2.6281121767212885,-2.363335352462368,8.514366682456455,1.0138505268749298,3.161190676769337,4.15,0.116,1.0403857,11,2.4325297
5351749294895014912,-7.228778536910195,-3.583372745618089,0.03368157480838468,8.068196785511123,-2.6813834927080133,-24.189509715974786,0.28174881155470644,0.8845264991774568,2.239939737149515,3.7,0.044,0.8798177,16,1.8847779
5255499936802086912,-7.287910940091479,-3.3287364779068715,-0.0940947449092065,8.012124088533135,-2.7131415360512503,-0.08141973070066784,6.6843468721725685,0.483543237600374,2.298362500805221,3.44,0.043,0.8641007,13,2.5625439
5353763875087503360,-7.162063486696941,-3.787008005406045,0.2267588519156209,8.101640761011748,-2.655203151140788,20.164445149801093,-6.18165041365387,0.6173710857238629,2.432083459913202,3.92,0.064,0.9846402,27,2.5070903
5255066591776722944,-7.476237569894798,-2.561312820336395,-0.08518255030963834,7.9028128894164045,-2.8115309388662793,9.022612058872935,2.131675866643917,0.25025916079096566,2.5469238497827855,2.65,0.034,0.84642965,9,2.5772552
5351721738384434176,-7.711180528315668,-1.6630753837830183,0.009900894171556093,7.888480517337908,-2.929175554789457,3.1623491402587924,-0.05469371280264568,0.3026543242521863,3.8915627854292953,1.72,0.043,1.0164715,16,3.7123573
5352181712213705728,-7.230511603414346,-3.4783672201811635,0.13002302170876184,8.023673508159485,-2.6932050899306987,-25.693807912303217,3.485029516785545,1.200026484405849,3.9650675198978,3.6,0.049,0.8758907,12,4.068869
5255023229784343552,-4.764497100972406,-12.786378400671692,-0.5814498115970356,13.64521547027888,-1.9274813166958777,-11.918502425880856,2.6049882998977694,3.7961540741285127,12.226569567411952,13.24,0.112,1.0204915,13,4.0643163
5255564838021756928,-6.636190227127436,-5.690929519452973,-0.1120023187569475,8.742179335040143,-2.4327261142755776,-12.201363749917416,23.186133368176172,1.283920619587271,3.7680327990437927,5.89,0.075,0.96703935,12,2.1923683
5255410326607415296,-6.2538515576513145,-7.090377698702287,-0.07679345157932099,9.454317279179524,-2.2935881826990423,3.190400755428912,2.361627209168489,1.75640719319469,6.012932589980128,7.34,0.112,1.0490491,12,2.4428127
5255052091966305280,-6.297249041563346,-6.910511880060369,-0.27333026795692833,9.349359332912924,-2.3097958088523947,13.943951602561274,-3.231384605489154,2.4825637847757065,6.795462038880046,7.16,0.117,1.0333928,9,4.1901636
5255270173244913664,-4.829829075493081,-12.098866248838556,-0.30500418371718624,13.027271909565837,-1.9506101258676933,11.174811740562852,40.86409220490563,4.078719519312612,13.222478734313805,12.55,0.111,1.0298321,13,4.740249
5351481769983255552,-6.504386810658126,-5.98790057425667,-0.027817440308966882,8.840927613652696,-2.3975153656220423,-19.84071060748329,15.520448567141045,2.0140709035318283,6.270101351229024,6.21,0.109,1.1467239,13,2.8118277
5351473592368131072,-7.174518238765094,-3.5378764439206702,-0.02223484630220113,7.9993925826166175,-2.6834666428454628,-26.71058308177015,-2.825891394970597,0.7783922118887604,2.422518799817855,3.67,0.037,1.017976,14,2.3280768
5255256669866274816,-7.329834016636541,-2.957382740085472,-0.0727184923739384,7.90395972806021,-2.7580967670160033,19.35969155317295,8.94124977395515,0.5574804043245667,3.2573438321949806,3.07,0.083,0.99304307,18,3.2093363
5255216468969556992,-5.940906738614517,-7.954443744075159,-0.2671534141314425,9.92811906428261,-2.2122889112310653,9.462026644571774,33.034449885596274,1.7711671626947787,7.505737793468394,8.26,0.11,1.1827091,13,2.726554
5351433730743408640,-6.965310483754356,-4.258226536955297,-0.015040380349322483,8.16382529058092,-2.5928710120341925,16.399564673105992,-10.730686063315687,0.6512516183197271,2.35908570721814,4.42,0.081,1.0029892,12,2.2958965
5255254711361371136,-7.309557533584776,-3.0140856715105144,-0.07096662586718222,7.90660127817199,-2.750486482645167,2.523551600540796,4.209796223448279,0.4806895600332908,3.043056643573929,3.13,0.064,1.1657516,22,2.8606765
5351454827627440128,-6.8716614399084515,-4.574732284762014,0.01890870201874478,8.25517452401635,-2.554232629482201,-11.762006780592289,3.1477464214850386,1.6449841180221638,4.627190739116755,4.75,0.096,1.0804751,16,3.9656126
5255209665741408256,-7.023571579770384,-4.02256003413637,-0.1447463536334586,8.093920370524375,-2.6214713854929825,-9.933972653692894,-0.04906214738915082,0.5980708016660904,1.7706381686912789,4.18,0.042,0.84746104,12,1.674552
5351423049186195456,-6.586452983223185,-5.574758568510513,-0.033144954308428405,8.628980009096729,-2.4391936389895097,-2.1085036882092845,2.678401305800776,1.8168364381411077,4.553512055631566,5.79,0.102,1.0035381,9,3.7567377
5255219492627430400,-6.219302971313199,-6.880781683554738,-0.21756853825453432,9.274960163026446,-2.305743107278553,3.410494587441206,14.059607869096482,1.2663416628137667,5.982877157709741,7.15,0.109,1.0371938,19,1.9212828
5255309098485373952,-6.806871996567501,-4.77392905323747,-0.07943259843803424,8.314078721241437,-2.529968177768553,8.576553094440813,-12.775430179845642,1.123010151558826,3.168740909971206,4.96,0.049,1.022786,15,3.137858
5255171148472082432,-6.824944309367526,-4.683715114787968,-0.1492419089252484,8.277502769704245,-2.540144938835717,-5.945750238807131,15.480778442918705,0.5203495044783156,1.5943443740535772,4.87,0.054,0.87646896,18,0.77124494
5255199834515763200,-6.913569471687971,-4.345960194368652,-0.11397437726823517,8.16607695597419,-2.5803993869114517,-2.361744084077102,-14.576946919264742,0.6838022811163632,1.7860541822074332,4.52,0.068,0.9067584,12,1.1163778
5350688609777998848,-7.439032025938145,-2.4801038449069943,0.0020218968331790444,7.841563145473984,-2.819790500271269,15.096281207822349,-6.013521996272004,0.2785820731722287,3.1390669131016806,2.58,0.045,0.99552786,19,3.2033174
5351331755370444800,-7.46975588686235,-2.3723129731844805,0.10699693902512303,7.837418060308773,-2.8340782021059985,-6.735359740562869,-10.959988661658542,0.6928183361828862,4.598397908814872,2.47,0.063,1.0193465,20,4.6839175
5255147955647154176,-5.303031783438066,-9.809255690654789,-0.34333425320414795,11.150948089772353,-2.0664057017635096,41.75111679317386,37.49008337522508,2.64434504029079,7.531433245751556,10.22,0.11,1.1845938,16,3.8764713
5350654937233413120,-7.271200523626346,-3.0248173428439467,-0.020858766180143654,7.87526996441097,-2.747369958917913,14.343312959156698,-14.980808018078221,0.4079822979543748,2.128564603458183,3.15,0.062,1.2134143,19,2.1259184
5254431348962030592,-6.381170740528658,-6.085755614053645,-0.16893687149339792,8.817922738024217,-2.379885963553416,10.02511877201522,-32.66998266960704,2.5366200589253447,5.095803638114852,6.34,0.108,1.1224496,13,4.5773587
5254423063911248896,-6.735922811149493,-4.855961266350799,-0.1482242083708541,8.303795273130435,-2.5169737529253595,-3.3664738088710195,-14.465270441089928,1.3163498245940137,3.5063699901550076,5.06,0.059,1.0767188,12,3.374296
5253058471238877184,-4.495544629911327,-12.532083012176177,-0.9640178637014541,13.314016153798194,-1.9152208327636948,7.015695547742582,19.422357350860295,2.530079659035658,11.208581342183848,13.09,0.109,1.0561514,21,2.7282116
5254420143333370880,-5.533976474370556,-8.888777304252692,-0.27551362695384013,10.47068563101216,-2.127653646019416,5.957552022519689,46.004938660867964,3.0014712939409107,9.526962282165952,9.27,0.111,1.0665758,17,4.3779078
5254518760118884352,-6.899955460587918,-4.22810883240478,-0.08717680702134684,8.092359955955763,-2.59183388580237,11.317914362255276,-14.991814937925113,0.6761497644290407,2.4368699160631424,4.41,0.067,0.9025713,8,2.2407992
5254512193075687424,-7.037365898670203,-3.7575783680774184,-0.08965405418179412,7.977713581221729,-2.651157906643295,-18.907602186356606,-12.638072676379437,1.049666818060707,3.2201378740838584,3.92,0.055,0.88828677,11,3.1441727
5254517832405827584,-6.266584165107378,-6.344709060680181,-0.1422116068168467,8.917702067407934,-2.3499997332531817,-12.994208255156604,0.9845686029873377,2.3956277261653667,6.3408793812128454,6.62,0.108,1.2210305,8,3.9859853
5253073791348232192,-3.886163876019947,-14.304749338049028,-0.9922292765684576,14.823229179085658,-1.8360635549238857,2.4625423367562376,4.581654931457621,3.3749981342923956,13.949478286663698,14.96,0.113,0.97698975,11,3.5994854
5254404136047673344,-5.930220707439221,-7.431673594797209,-0.24029607760884059,9.507748948018506,-2.2442956176816033,-10.667556633652994,10.335867899054676,1.7927770641577925,7.089016329324436,7.76,0.109,1.0171274,17,2.1358275
5253950278254205952,-4.520884113565081,-12.070225461464648,-0.6297862837065079,12.889093678722125,-1.9291710498329864,18.844094596344036,31.495361674091384,2.993123106309014,12.576422996253777,12.62,0.117,1.0332955,10,3.3437076
5350606696159111168,-6.647874924083915,-4.967831001125441,-0.014018604727215115,8.299011137599873,-2.499833940441839,4.283006069371729,-24.759033110595198,2.174857162472333,4.6496444790709415,5.19,0.145,1.0454326,16,3.1470761
5245796334347122688,-7.7748871677998475,-1.2385897440703038,-0.19769252271999088,7.872926712864465,-2.983613693967646,14.867128184015469,-13.539415749290413,0.24901374246966157,1.5483368666880177,1.31,0.03,0.9720787,25,1.5449816
5254292673054318592,-5.290610993906258,-9.25708906592609,-0.15669479156011162,10.662282244591452,-2.0900113166956076,23.615225014765286,37.74343882469091,3.6165330470486285,11.285538476127769,9.69,0.143,1.04057,13,4.672566
5350409780509558784,-6.535270293227972,-5.226153453458968,-0.0240643076354799,8.36794106842592,-2.4670442033349045,29.16409886674412,12.439827138564937,1.8298994468707583,4.2916238603696,5.47,0.129,0.8858139,16,3.8063655
5253795384552296448,-7.446051026059399,-2.2695143733459275,-0.12927004146995064,7.784238650857512,-2.8457431863254854,13.686891843494589,-10.752977356580857,0.19920577160041034,4.715762464859927,2.38,0.039,0.9414134,14,4.644623
5253884788591163392,-4.522145803350081,-11.610128143977128,-0.6237947430467173,12.459730261379118,-1.9422184037522938,16.40205926504226,23.000128421703323,2.1460633926925743,11.743253932758858,12.18,0.111,1.0452076,12,2.6077511
5254279856871310336,-5.262143393483646,-9.237206597852204,-0.18609647054390616,10.630904892105274,-2.0886144294688878,-0.21573337939365317,58.37382936402386,1.5040122044210924,11.118533737989257,9.68,0.117,1.0521121,13,1.733609
5254136233176046592,-3.689159206562141,-14.10138479663161,-0.5347432693097206,14.57597162572826,-1.8266782156871841,-2.319956249341583,23.049042971086777,4.019175724823826,13.399154519353692,14.8,0.114,1.0209761,14,4.5951095
5254097093074642944,-7.282431427986524,-2.722887184640469,-0.1076961690544081,7.774826179639333,-2.7837883932317196,7.770783114841737,11.795985875563076,0.22143598863557923,2.3826388376154304,2.86,0.053,0.94339764,14,2.446502
5350844156323309568,-6.223169548852057,-6.008363507018622,0.060267981393471386,8.650333592771588,-2.3737543465097035,-1.0346827426327943,0.7972805202127802,1.3452994935274512,5.009726952584028,6.31,0.109,1.0755324,16,1.9468346
5350459803962875904,-5.342869635240145,-8.74019384150316,0.04346244584682773,10.24388814494872,-2.1194823412451105,1.1435389062834014,33.9804504080206,2.9624487342447505,7.229239824839685,9.18,0.08,1.1518028,15,4.2872443
5350318692839268352,-6.649645885138556,-4.611849376282875,-0.04233753018062842,8.092400451489093,-2.5352099502038317,-26.362267010737995,7.464389480345716,1.0901376131219356,2.1862454368850543,4.85,0.057,0.9925866,15,1.5511152
5254071873026676736,-6.461374390491114,-5.188672064694508,-0.1890045592395156,8.286837563813808,-2.465007388467375,18.96298672628935,0.5526540968661209,1.2837607098249422,3.388698254018266,5.46,0.044,0.8779896,15,3.4807618
5251623535508263936,-5.783551462900883,-7.26963229744804,-0.8242447587079403,9.289619005326463,-2.242834426294101,1.806610606905841,-5.7472296757481445,1.8587860350987713,8.368595830518876,7.69,0.128,0.9935502,18,2.6782315
5350281236399037440,-7.192547459271179,-2.9373651159554495,-0.05172203729160369,7.7692247218303745,-2.753874429107978,15.88152578515447,1.0291785654356147,0.43468513986477064,3.816172859484427,3.09,0.043,0.97493154,17,3.93427
5350425963937906688,-6.522142673417051,-4.991228758645885,-0.009401181189173494,8.212838094930488,-2.4883873898115905,10.31965067220514,19.590436355938664,1.064875971717197,3.282059379004663,5.25,0.059,1.082235,16,2.999888
5254169321583635456,-5.7695094619318645,-7.267315995562205,-0.19917499694486734,9.279068984045523,-2.241805600759992,-0.5205534512486766,-5.516129598684756,1.9634241131955463,7.173715613804658,7.65,0.113,1.1337804,13,3.0364113
5338441081065600000,-4.344978900224515,-11.580882840704723,0.03838134826107214,12.369142614325591,-1.929729585582187,-16.232763822380537,37.71327158706595,2.7919642294848734,13.265606065989719,12.19,0.111,1.0734617,19,3.2669356
5254027106636093440,-6.815006559849872,-4.052065621551208,-0.17187437366502883,7.9286537452554935,-2.605168084680721,4.562045663994553,-3.6742836372017678,0.42798562859096745,1.489269230509025,4.27,0.034,0.89293075,14,1.4050672
5338810654405875712,-6.647881350034847,-4.516702529211145,0.030865318646960235,8.037096999633853,-2.5448128155138243,-23.562526433610984,10.538552159805704,0.9442238433332822,2.4652259453139287,4.76,0.045,0.8568536,9,2.195793
5242185808733501440,-6.091435957609461,-6.184694810442062,-0.14373748104162637,8.680785789545004,-2.348597873583881,-5.85017857932699,15.253596210176454,1.9525932986573462,4.522440937222077,6.52,0.053,0.9977379,13,4.090161
5338423798114201600,-6.026494688419671,-6.365124737175309,0.001010722919192848,8.765469248668412,-2.3288739455236818,-5.33691611259507,-18.3539314673379,1.9300016326276623,5.6852530988092935,6.71,0.11,0.9809099,16,2.8140996
5338397272394514432,-6.174051855737935,-5.908278604806365,-0.022431938935745303,8.54556448629075,-2.3781877967336715,-16.478777152189206,-14.925936200014377,1.445923542861828,4.2928679205228795,6.23,0.086,1.1033723,15,1.8578916
5338339479310471168,-5.601911476451942,-7.540969578683335,-0.04580445557617769,9.394021203756754,-2.2097144443614942,6.345419999658025,6.524776861802309,1.6129928136877154,6.737519042787192,7.96,0.109,1.1873729,13,2.4556575
5338278761315921920,-5.377176629353869,-8.181928019209828,-0.12532329851070229,9.790708585940054,-2.152217573620771,-14.987844353344833,-12.707636923984467,3.099903478357857,10.393236518766106,8.64,0.141,1.235318,14,3.43496
5338207327417387008,-6.62191000080821,-4.486214389458751,-0.07466905840517885,7.998488082568514,-2.5461409200580767,-21.54451584141435,8.091080444410636,1.1846008147558946,3.9156133949943386,4.74,0.039,0.86509275,17,3.8006146
5338206300970313728,-5.348564366715776,-8.203569079162897,-0.1439093502167404,9.793144868809984,-2.1485623235637656,-1.9412349953392651,-11.964514895997013,2.9214942714512455,8.33282973303001,8.67,0.108,1.0335681,13,4.6175427
5338215127079503872,-5.984009143693836,-6.244260028850572,-0.09353707340449852,8.648650110838823,-2.334914978085137,2.5502881216065685,2.2649145500950567,1.1353922133842682,5.1897434088290675,6.61,0.11,0.9612179,14,2.1033287
5338556834679255040,-5.346556896015924,-8.077168152384345,0.05621297908379346,9.686398505338678,-2.1555157103545306,29.75337964392746,16.405971902733825,0.9761960543751933,3.6749592625043768,8.55,0.059,0.97724265,20,1.3303903
5338021170706962432,-5.9789931432764805,-6.189391685624948,-0.10297971241330345,8.605633529579935,-2.3389056238524715,1.7908038164534894,-8.26165732026459,0.8031561081830754,2.7949932869154055,6.56,0.058,0.9290118,8,1.4062604
5241961409628951552,-3.559066160163507,-13.085178215184715,-0.5910354935518388,13.560561966805272,-1.8363640474986243,-1.9615512164231361,31.975225125114974,3.6781881526027,13.326025060846415,13.88,0.112,1.1582348,15,3.978577
5242088403212116992,-6.47851361247478,-4.752661788626275,-0.1357281247841911,8.034857354308745,-2.5086680014981586,32.42605751609744,-27.285412002732784,0.9178054525368348,2.804411194859695,5.04,0.04,0.83778,19,2.9653006
5338132182671764480,-5.416045430968568,-7.75187047626561,-0.0435579368862214,9.456481586251513,-2.18063311083508,14.792406348405818,11.463652467762898,3.0175468532557503,8.978631697509984,8.22,0.124,1.0170112,21,4.988095
5338131431105558528,-5.861427039213596,-6.477405192139599,-0.04513866501401293,8.735737230433463,-2.3063139835059667,-8.12987004368204,-0.6674685187363423,1.9235009744795042,5.2949235755327155,6.87,0.071,1.3857841,16,3.9210486
5338024572321721344,-7.326054228338672,-2.328211298713578,-0.03256011172322821,7.687108585678785,-2.833887710456339,16.68165382585398,-16.410823191490124,0.17406624413045776,2.3272521415711322,2.47,0.037,0.9245333,19,2.3122065
5338148473537341440,-6.757290410355098,-3.9093174295715993,-0.004619437508885997,7.8066469405903876,-2.6171070694488727,-27.72877041014787,14.738303059002192,0.8845810389039911,3.244877442072491,4.15,0.041,0.8555789,18,3.1589913
5338481178878047232,-5.9025136332875645,-6.216167696957441,0.018635320297393617,8.572071396567036,-2.3303184029060353,-10.677290139493321,-30.93661444766198,2.393759188371574,6.067396803562722,6.61,0.112,1.1313906,11,3.5192437
5337958876494096384,-5.542414596368218,-7.211948448386279,-0.12567781460302824,9.095634116443819,-2.22603549127462,-12.729956164722623,-1.0123035836434724,2.2208652244821545,4.592833346746631,7.67,0.054,1.33215,15,3.8759544
5338065322962589696,-5.35961946289887,-7.699639334526198,-0.06826268240630601,9.381362729841939,-2.178891340130119,15.232130144685252,0.929203821052397,1.8318507229932557,6.261500634839754,8.19,0.111,1.1336204,10,2.7448747
5241157421762533376,-3.294748575818378,-13.2886475057173,-1.087431424106533,13.691001450188509,-1.813832485948342,4.939987614749955,27.731197657543476,2.5234670183935797,13.790709499102316,14.19,0.113,0.9949683,18,2.5085728
5338461250227876864,-5.27680343953352,-7.861402574729196,0.004178152419292698,9.468173265283626,-2.1619510012649963,30.023570244605537,-7.925910519244212,3.068234484268001,6.952836558502766,8.37,0.122,1.0023746,11,4.8804097
5339394082770287616,-7.7483128681365,-1.0984812691466086,0.035296649990996735,7.825791551095366,-3.0007607870495887,-13.032742973312775,15.424743441632586,0.7470327789123155,3.0828147921101885,1.17,0.046,0.82428074,23,3.089995
5338048963383139328,-5.497731779248659,-7.249662515254828,-0.0737246452037193,9.098497749719543,-2.2196156918187424,-10.410150446260788,6.343750207261564,1.447888931069344,5.413340038723643,7.72,0.08,1.0252043,14,2.088717
5339554336583677952,-7.39916605428497,-2.033708975449828,0.10130697245677195,7.673566999493013,-2.8733598469695067,-8.827366816696014,10.76181877733822,0.3633190005646928,1.8984935026157923,2.17,0.043,0.9021755,16,1.8211849
5241804518715438080,-4.880380276902908,-8.742738837546252,-0.32573499286452595,10.012671672871457,-2.079929315929948,-23.389181426560263,22.127367448933768,2.189441265277852,5.507732272153105,9.34,0.056,1.0791621,25,2.8811224
5241803217391469568,-3.7353860336973197,-11.749760864935258,-0.4504819414077797,12.329233114995642,-1.8786037708566428,30.159377334164375,48.18310360791759,3.3252798173568663,11.816402285062674,12.56,0.109,0.960452,18,4.1943707
5337257834740652032,-6.67583058113388,-3.8578497081831657,-0.02143743043766039,7.7103643441105465,-2.617594342944052,26.41028754392734,-19.027223246964382,0.7725992230921352,3.7819228675582064,4.13,0.074,0.8699064,16,3.9032931
5337634589276921856,-7.131642591228093,-2.661819974073705,-0.007399357016879386,7.612201496505219,-2.7843651884376204,0.5470103878357935,-7.692149985050065,0.3051218173816218,1.8785613290156475,2.85,0.047,0.8973376,18,1.9068118
5239561450603801600,-6.0913000419926036,-5.346426269062695,-0.4843859801638249,8.1048263431182,-2.4212269431621802,11.269650877095044,18.459090687185608,1.3306317034124564,4.255108819478916,5.75,0.106,0.9677365,17,3.624841
5337250443067177984,-5.295193694156793,-7.39784920219211,-0.07707562474112178,9.097650744945769,-2.192031104417447,-13.049689388413704,-9.519936673155911,2.3295062775863915,7.872950040361938,7.93,0.109,1.0573317,14,3.1513646
5337080126165757952,-4.869708767319024,-8.452223639752344,-0.24850225928125852,9.75469876187328,-2.093490889996347,3.8590293191803062,2.0003713752392116,2.316823936120641,9.716547386463082,9.07,0.123,1.110403,13,2.867009
5238994102591371264,-2.073427996479099,-15.639777964761702,-1.9296331874387964,15.776620628120238,-1.7026017196981236,-6.702066037052998,12.433384381585881,3.629629873905369,15.779186740393671,16.89,0.113,0.9359841,17,3.9657192
5339149677605626880,-4.7047747159841204,-8.849798734420716,0.2534876813751174,10.022666449998123,-2.0594227332856523,3.6415104577143187,1.0887739109522272,2.1588847233503907,6.182634192935661,9.5,0.068,1.0533009,20,2.867845
5337597240264469504,-3.4193448673327076,-12.11863587279536,0.14580023852850793,12.591793150268833,-1.8458030937705543,9.192669512911172,43.21090328563386,4.09309290700617,15.143954904473125,13.01,0.119,0.9842951,15,4.706534
5240438203718296576,-2.640046239957864,-14.095611001337407,-1.0352115413156553,14.340714544615263,-1.7559468333083845,-18.16444369527641,-12.487919782615592,3.3739744887255902,13.57525180783263,15.17,0.114,1.1881535,15,3.2375035
5337191279937200128,-7.531501375203321,-1.5724053981767545,-0.027711602798412952,7.693891843592872,-2.935771946297454,1.8877883516199525,10.906682334285023,0.31157011671881135,1.476281618951579,1.69,0.043,1.0755398,31,1.5909753
5337578033169240064,-4.545299679536168,-9.04781069986589,0.10976177845929586,10.125345803349102,-2.0363338151038226,-23.70079564850672,7.396456071632173,3.14670439177225,11.14513675601763,9.74,0.107,0.9883403,17,4.0717845
5337544051384358912,-5.935691313897724,-5.554915699593447,0.018023250889380223,8.12954610070394,-2.389320357756003,2.034869262628336,-7.997685987978514,1.441041232942735,4.539989895039267,5.98,0.113,1.0642279,14,3.1955235
5336975947431567360,-5.268819628033679,-7.10751840206672,-0.09886724787207474,8.847444721978771,-2.208707618650582,-3.8675301277423353,1.1485393331130922,2.3902566285886517,7.597908450323439,7.67,0.115,0.96218574,11,4.1424875
5342889189698299904,-7.295682424045229,-2.1071298511767758,0.1744628379992182,7.593877681543385,-2.8604251925018915,5.987332866390068,8.247092067303527,0.31743942764450755,1.8759160349520494,2.28,0.046,0.8998252,21,1.8232254
5337484471592090624,-4.836518961617653,-8.141496721464945,0.036914028034933315,9.469735188045732,-2.1068350452140137,-23.127155011909718,15.966305271445975,1.7553719954541667,7.4332932607433495,8.79,0.08,1.051719,18,2.1627676
5336579363014965248,-4.107224929378288,-9.930294422772507,0.42756327819797807,10.746164150219055,-1.9629763296295446,-71.0107422953005,-3.38256053480103,3.9339093344864193,14.756849291851541,10.73,0.11,0.8701574,14,3.246372
5337485016995780608,-4.269540908839229,-9.497785276819991,0.04705093474636917,10.413304218010262,-1.9932594626000544,-17.43595062051027,14.365544565411028,2.3102939956626645,12.37145682861503,10.26,0.115,1.0894954,12,2.3325548
5337355446425575424,-6.118404603250617,-4.959797237728187,-0.04587163723419214,7.876196006223721,-2.4604000864969726,9.967401004943433,-15.44694149600923,1.103797070744885,3.7325484677341776,5.36,0.063,1.0720541,14,3.7136405
5334506135119057920,-7.482148077473305,-1.6066883978030364,0.0168437549443276,7.652711118347037,-2.9300686069021746,3.345828611211998,2.657514000426204,0.8097918784881264,4.334595123053376,1.74,0.039,0.94871515,11,4.468129
5336171517280056320,-7.301822976670533,-2.039636707056111,0.07318299981452409,7.581341350935494,-2.8692029997265447,18.137464310386807,24.21646652683691,0.5198758111746834,4.0590008195308975,2.21,0.023,0.8194334,9,4.081626
5334361171349251072,-5.4796467203911,-6.4162515185152404,-0.05314916593182246,8.437701803758063,-2.277623152149713,0.30992743793676475,3.620852963555677,1.9136137024013764,7.234788658988375,6.95,0.145,1.0978682,15,2.3223033
5240151510388000768,-2.448287604316901,-13.611560588736015,-1.1151762506980512,13.829992547152125,-1.7487616483565225,-5.702450283777152,20.80885826233248,4.08749308728661,14.93205505294857,14.8,0.112,1.2771518,16,4.735774
5334449269746243584,-7.3248649611903485,-1.9636668412765255,-0.002732060152317144,7.583510675353666,-2.879669053997581,-3.5246960503268157,-0.6392729965236867,0.34763617197033164,1.7971802900690876,2.13,0.036,0.9137133,17,1.9718049
5334442260359054336,-4.434483193623516,-8.743052361186319,0.06861942496760148,9.803346662491084,-2.0401879715733906,-8.798095048720512,-1.5131364672105008,1.9911306548027912,8.683259213750526,9.5,0.11,1.0727047,11,2.3464284
5334346774618584064,-5.515564982786946,-6.1709454913562,-0.05189042522591298,8.276595032779783,-2.300173084009744,-10.705025091031816,-20.588074568063007,2.1336777685238517,6.2662715939616875,6.71,0.111,1.0442896,13,3.618202
5335963189825411072,-3.7520323306791283,-10.234043727431072,0.1533028700009384,10.900155853263417,-1.9222023285876693,-12.083469212793984,3.3925997383605306,2.054850482619,10.100157682790956,11.14,0.088,1.1016328,16,2.1245482
5334242213610208256,-6.7711298592899505,-3.140021073741811,-0.05686913824119839,7.463774642559261,-2.707374229751629,-5.114523124731638,36.010727188960004,0.45162746615035176,1.431822002605403,3.43,0.159,1.0113866,18,1.3696927
5335753015664095232,-3.473016524943011,-10.603774524810678,0.12343540763606192,11.158040955093826,-1.8873116050944365,-25.071548461628357,50.86302256281837,3.2364498960477186,14.807632002265192,11.59,0.108,1.0949445,11,3.6330018
5335861351886953472,-6.932492361570143,-2.7522328638593834,0.06021683858250609,7.458836107606602,-2.7636709942791917,22.23567617052068,-0.4587509581750169,0.3514576943346281,2.0209641815288784,3.01,0.042,0.7521853,10,2.068289
5335750301244534784,-4.1011299580638205,-9.132305450461288,0.09361112869324767,10.010907539951287,-1.9928843907031393,-25.613626609617544,24.31018529447954,1.2959374049979555,6.105708919680132,9.99,0.056,1.0663009,19,1.3049703
5335749609693672448,-5.239513398598815,-6.563411110338513,0.061295541697061244,8.39826565770645,-2.244494455179052,1.3312741283315417,-10.364037382273494,1.5150430152444934,4.358260419803752,7.18,0.085,1.1398621,15,2.6816316
5334213012162363392,-5.0934528060306725,-6.881744772536862,0.009913790970886568,8.56163959774062,-2.2079569465027893,-8.473981959053436,-7.150852708015066,2.8974700039478227,8.36420082084338,7.53,0.117,1.0736498,20,4.4763045
5333640230992516096,-6.453277038476534,-3.7633598686364254,-0.11762590558386182,7.470452599152988,-2.61363981337155,12.084709651589996,4.429371357448332,0.5297435076309661,3.703745777553522,4.13,0.042,0.9343178,14,3.4641511
5333376489975556096,-6.690497720902052,-3.147983464633759,-0.025461603132555913,7.394089507640756,-2.701809549106258,21.85662712045285,10.043602685565844,0.5690452052609524,4.687677645159228,3.47,0.045,1.1509216,13,4.6862783
5333340824575197184,-7.449864472793566,-1.5048855454661902,-0.021561730352747614,7.600339542937856,-2.9422730920236098,3.1955101932343,2.834467170799826,1.152054708893792,4.863887369518624,1.66,0.049,1.0599991,12,4.9117417
5334864335384748032,-5.491373578881498,-5.623111489510766,0.03256653594736119,7.85967980303942,-2.344342232432431,-0.2407825232309123,-8.107402727415149,1.076275758375442,3.373206869334336,6.22,0.064,0.9485452,21,2.7839966
5334823516011107328,-4.041861583064414,-8.61006505997183,-0.03442065063224626,9.51156482360288,-2.009693930042762,-18.311523719519467,24.119905007897245,2.01914688764919,11.027808113895128,9.54,0.112,0.95991427,18,2.1081865
5333140782173100032,-4.181714564861483,-8.273891651814186,-0.2549656756992796,9.270599752331838,-2.0387632358415533,20.06512101734591,11.215669305786804,2.6905949451463367,10.982155666610792,9.18,0.141,1.1098613,14,3.971958
5334802487848516608,-5.39319724517267,-5.70904765010307,-0.043731414071450266,7.8536489351438075,-2.3277529239029144,5.95221028705286,0.030580538527601675,1.628368511408954,4.640557123497714,6.34,0.088,1.2615254,19,4.688529
5332618204907438080,-0.8535166478740868,-15.101461290178282,-0.9677546816919979,15.125561932270527,-1.62725507285052,-1.2345378315932631,53.50708577894258,2.8941109743969964,18.296631465555826,16.8,0.118,1.0729134,13,2.6729255
5333289559841206272,-6.480928481531734,-3.446758203485797,-0.04894582590713987,7.340475195518739,-2.652805750306554,-18.3913221196974,-2.200789346697178,1.1785521046935084,4.225284733958798,3.83,0.106,1.2304231,12,3.9438565
5333066324630293504,-4.685734245340352,-7.020175311079976,-0.15234245613238878,8.440317933363183,-2.15935269332966,9.832655199628757,-7.675610395348542,2.3897184589307376,6.683482893380728,7.83,0.111,1.0472211,14,4.219123
5334598494092788736,-4.232751674687252,-7.924121741320988,-0.08976135647095346,8.983757126661635,-2.061397306170996,-8.065669140895956,-7.132789922736805,2.404915810637931,6.414422460537578,8.84,0.082,1.2883232,17,3.4976687
5332925862022788096,-6.582221656688254,-3.1606099258343443,-0.11078319746160631,7.301718773073805,-2.6939314898632047,-34.140448010920196,10.807072808911016,1.1203755920091387,2.4360802023940775,3.53,0.076,0.88103706,26,2.4239569
5334591003669216256,-6.665861324571173,-2.991838653125962,-0.037387927996711375,7.30649065726853,-2.719712111976612,7.63777894841027,-9.310541090582575,0.2088345282561306,2.414263240818059,3.34,0.046,0.8881876,18,2.3577642
5334631376367030272,-4.505819691685802,-7.3457096405412905,-0.017155756380499435,8.617532199947082,-2.121006730721253,0.09303562541233701,6.448733357197028,2.0530636588431777,8.209279101220552,8.2,0.112,1.3777723,19,3.5810318
5332397512328481792,-6.480794529396596,-3.329833984327567,-0.1916419012776423,7.286185016552877,-2.6669658777312453,12.062426421990427,4.961703696569117,0.4454491837124688,4.8175680318482605,3.73,0.059,1.0040318,12,4.7472973
5236267691745144832,-7.173884972031118,-1.9435678473180937,-0.14331901103426464,7.4325017032667136,-2.8770210703782864,13.999093915445869,-9.006593008827366,0.5147443296731252,2.4223314491572387,2.18,0.034,0.9356,11,2.3109407
5334575782303770624,-3.241042214001636,-9.742880492989759,-0.0753169225414339,10.26781743768465,-1.8919385029660374,29.552871643637122,-2.152793339040443,2.7888642278431774,9.818396370296608,10.91,0.119,1.0468345,20,3.6558294
5334694804437053440,-4.355463683289688,-7.505292496870175,0.019383861282708133,8.67752726069075,-2.096618773016956,-4.165990600799028,-2.9026170974351544,2.6962257405816756,8.578355888217828,8.41,0.111,1.0262471,14,4.1180778
5334563996911649792,-5.9929868479681,-4.265492360172122,-0.030237842182863798,7.355971481361613,-2.523026011500639,3.7409486948539326,5.737316116790311,0.6747491542143804,4.044730316522492,4.78,0.049,0.8870299,13,4.267879
5333021343390563328,-5.894284054644126,-4.438557964639041,-0.10106988714791237,7.378575832929595,-2.4961567611533324,5.321325195671198,-7.5795015096845475,0.4503982965055728,1.4131641412283018,4.98,0.052,0.9938993,22,1.4750587
6130351583462729728,-2.7351765064752733,-10.629932157598468,3.0822919911476006,10.976185503020632,-1.8226420683592728,-70.76485671036205,-128.7404045368467,8.26798103927026,12.645897680440726,12.32,0.121,0.9937104,23,4.3637724
5334549187863570432,-4.886550070626376,-6.372337426981691,-0.08842756763871412,8.030258767689263,-2.224986908682432,9.58210800662597,-17.667455091859097,1.6460411126833072,5.5557674649764035,7.16,0.112,1.0413749,8,3.2673624
5332968639886303232,-5.6332392462247345,-4.876382676210323,-0.15856292927191135,7.450670601365408,-2.4280859642741266,-3.3809747353451116,-5.015435715427202,0.6670351020258843,2.2557533296952257,5.49,0.054,0.95032805,17,2.184099
6057443998268641280,-4.803200625780083,-6.465051771569104,-0.01575939368345797,8.054044366687025,-2.2097691904860417,19.210122428924123,-18.05544271865952,1.510935809533334,5.034216521171241,7.28,0.114,1.010693,10,3.3072014
6053141609251524608,-0.9976463659775074,-13.647858830326474,-0.8097995697557835,13.68427378139112,-1.6437656537745333,-35.53146487856993,-5.969109711393884,4.268472450867582,19.25812995247842,15.43,0.133,0.9223203,12,3.8670523
6053215207813595136,-1.1048948366703204,-13.418532647826266,-0.656618543657833,13.463944853603646,-1.6529519469496197,-25.98325280173827,24.833783909373864,3.07107536203824,16.888244813772765,15.17,0.116,0.9654313,18,2.6330779
6054279088395910144,-5.521892479527555,-5.0002186742708155,-0.11014525472089037,7.449394830856367,-2.4057327427297968,16.8654844683361,7.5402215409870905,0.9625546909342183,2.7136487939890745,5.65,0.107,1.1127822,19,2.5395288
6054351931048115200,-4.885462550187489,-6.202220999636154,-0.11844364559473869,7.895270081359607,-2.237989460980013,18.331628950887282,-12.906967700673704,1.4822585507559956,4.837234650708622,7.01,0.112,0.95277244,15,3.3339076
6057402526059795456,-5.766256982589571,-4.5199106698082785,-0.011400045354578895,7.3266166852313015,-2.4767739049743143,2.10649383171127,-9.144589558295223,0.6299722148850682,3.2652501936922405,5.11,0.045,0.90766287,16,3.2176332
6054283795680793600,-3.578453701025725,-8.609232506753049,-0.20568013403015467,9.323315678754962,-1.9647234576100414,-13.511963221727427,-3.6146909519547137,3.0490358090973193,10.293345861331918,9.75,0.11,1.103244,15,4.048423
6054133536200367104,-5.82144020294864,-4.230604866039995,-0.08777583720532772,7.196331257597025,-2.5131525977937303,0.7537388749023548,-3.05757557340101,0.31313308491557656,0.9513488647416548,4.83,0.049,0.86482173,20,0.8171448
6053270419577278464,-5.629923907578437,-4.567425870204513,-0.18488582469837628,7.24964980429653,-2.460013421790182,21.15601113146668,-9.088862533222965,0.5659369453595766,1.6500851708960127,5.22,0.058,0.8730579,20,1.5765572
6054453287931249664,-5.773991353147487,-4.28538628996653,0.012988309177943188,7.190515405758828,-2.5031100906662114,14.465215578390596,-8.488382198761627,0.41812074531437804,1.4910209087254676,4.9,0.051,0.91124624,18,1.4372836
6054154603073275904,-4.994668344180228,-5.63623693709455,-0.08575262855203741,7.530861748792432,-2.2959182108937926,-1.1804982862209017,-11.624895605946705,0.9033582923724198,3.7868850716460036,6.46,0.109,1.0173669,10,1.7274178
6054174119406221312,-4.811781713856228,-5.9582675988906155,-0.05975553143573415,7.658602747354828,-2.250142563613761,30.595745246853838,-12.324554547175609,2.1047731740543725,5.383584957873583,6.83,0.117,0.9947502,15,4.8675337
6054808258387454976,-5.067818550240238,-5.494555877663674,0.000534319293626624,7.47481967347223,-2.315814803724329,1.1942830745638817,-46.389153375632986,2.4697444707620586,5.668065212192635,6.3,0.144,1.0063837,11,3.522207
6054829806275576832,-7.737118427474029,-0.7315062485813576,0.010880318409568709,7.771621642390459,-3.0473278076852544,-7.37089904351534,-5.112479518838256,1.22227642033551,2.6203929922206206,0.84,0.043,0.81605566,23,2.904181
5860785795219397632,1.5284700366369712,-17.13631161580226,-1.0706867306361052,17.204342371819287,-1.4818369314958455,11.247472128820412,-5.797568541220613,2.5900392207682077,15.044745704535032,19.71,0.121,1.178084,18,2.3663745
6054534484323979264,-4.831417130230111,-5.854574018707741,-0.05681463214667166,7.590693540567203,-2.2607379868688646,13.220031067553252,-8.562551384617962,0.8033612696891299,3.5831164221153755,6.73,0.113,1.0661438,16,2.080006
6053047704117412864,-6.737450836590989,-2.4848051231436674,-0.09476766101710582,7.181051474225876,-2.7882643034264056,8.276069930415918,7.758043970421539,0.3709442470654544,1.5769319282268304,2.86,0.035,0.8255422,17,1.4573232
6054935874795048960,-7.670446315713044,-0.8429809802880768,0.02319493415185569,7.716629031861209,-3.0321320701624406,-9.527177959318314,0.7252893835340899,1.4172861476430332,3.2729836309853138,0.97,0.043,1.1609027,25,3.4758174
6057943520139661312,-6.962901696530887,-2.0735860672223225,0.061561090074447704,7.265105588615436,-2.85215095025957,3.2110456725487513,-0.13001913423846645,0.643216261879748,2.714558305380658,2.39,0.031,1.0318077,8,2.7737992
6053428684887799808,-6.165256649274477,-3.4475927685176417,-0.118214594525137,7.063730278610466,-2.631715869513143,6.399048388639078,7.154381081523809,0.3866314987616267,2.480885760620663,3.98,0.043,0.7942695,19,2.451833
6153387928308811776,-3.0368739682651027,-8.82849288054667,4.602213458537259,9.336213902915327,-1.902103044953,54.30577823358203,-87.35626966649977,2.317166853048131,5.509587927164668,11.19,0.094,1.1993675,23,3.724781
6058439910929477632,-7.882109026893765,-0.456274835007498,0.03630090555486062,7.8953042649983605,-3.0837697785110216,-12.784996710933285,13.984195115731524,0.40351825070402286,0.7063147803439801,0.53,0.036,0.8373478,23,0.76315427
6054673950486185984,-6.280015297306549,-3.181019756498194,0.024928360681271296,7.039707296872228,-2.6727342440723123,-31.410128657757273,11.020314298633792,0.599589658298561,2.2356237236233603,3.69,0.058,0.92841953,18,2.1182008
5861196531541297152,-0.47997694745426145,-13.02752981560878,-0.6037140390138293,13.036368779942643,-1.607622951105429,-2.119016878282536,31.226446808880638,3.7477702872626564,17.36042284836575,15.13,0.122,1.2960006,16,3.7452111
6054778983886526464,-6.1018868038873535,-3.4351020144117452,0.0783977940925717,7.0023530628546755,-2.6288558393618437,2.462173669553522,11.976028262133184,1.4419049059725244,3.789514732834496,4.0,0.154,0.9212312,21,3.6752446
6054992602724692992,-5.533222841382515,-4.375333772236315,0.14312774517367494,7.054083968232081,-2.472524375198251,21.579577338311022,-2.546399119751243,0.9984889440951404,3.717038196001396,5.1,0.059,1.3865854,14,3.5884724
6053572995748594688,-6.324845449751106,-3.0444089226731212,-0.048276887210110093,7.019408497280166,-2.692983168128662,-0.08687554609237962,-3.6874585866589484,0.5546970701206958,2.5900886106981753,3.55,0.111,0.9568272,26,2.497736
5861392377669480448,-2.7250264779929676,-9.04502883877021,-0.2387042730473819,9.446603410747564,-1.86342095682868,-16.307616845135822,-25.37811128349628,4.157153403690204,12.141689399767369,10.55,0.113,0.9649986,19,4.9992514
5861322837920614400,-5.41286719067008,-4.524216496872904,-0.14838057969446,7.054620197743429,-2.445384949284913,35.16329732186482,3.532770592627969,2.1204878729442593,2.6995217978958466,5.29,0.107,0.9333542,14,2.6142647
6053649721047931904,-6.750155157541651,-2.308658126180216,-0.017679068253180056,7.134037916528346,-2.812048549036154,41.82949455744545,-22.9595722721684,0.8341020074100242,2.682909594382016,2.7,0.04,1.0486116,10,2.9000602
6060761362259462144,-1.803728345753516,-10.433216083231075,0.9726410477770576,10.587985350606898,-1.7419874106977657,-23.98513923246689,17.192065570996732,2.0903640997369504,9.690749656128055,12.25,0.072,0.9930994,21,2.3647752
5861427532039514112,-4.293403568254773,-6.302755961210816,-0.11301400942784229,7.626142334528073,-2.168789433835817,11.34753960280043,-17.6270926506121,1.4501916858176025,5.2568028208817426,7.39,0.114,0.9702606,24,2.6937444
5861055725311709184,-1.1898312228242123,-11.30979317173389,-0.5129157015209757,11.372208225591276,-1.6756143832079171,11.226693874307891,-3.842691604370401,3.871845148019736,13.556511238769087,13.29,0.109,0.9937547,13,4.6736264
6059635702888301568,-7.39493777630246,-1.2237971843450006,0.08168590724414954,7.495517611465931,-2.9775878834119744,20.735611236577252,-0.21299577994696506,1.0728255760478307,2.5544595203981806,1.44,0.036,1.016112,27,2.8497891
6055100659757768704,-4.950365933043624,-5.122818619077827,-0.020636364361648566,7.123860854551366,-2.3390761856636892,2.469271989994435,3.9169677045661047,1.0596867865943953,4.340792275377986,6.04,0.124,1.2050511,10,3.3722749
5855468247702904832,-7.637922555471468,-0.8163061328585776,-0.10550850829967562,7.681420224536756,-3.0351213965790573,19.74830334508797,-2.344799522209314,1.3260859406812344,2.6932198251805017,0.97,0.047,1.0741858,26,2.9785051
6059764002146656256,-7.2705967370887,-1.3920104937817293,0.11255115796765164,7.402652911501613,-2.952424337331871,5.216303342336528,8.035298024776978,0.883805954920468,2.2165595050059017,1.65,0.041,0.9466301,28,2.5803106
5861856101075703808,-6.741062156964153,-2.1841531262576446,-0.06064004090429715,7.086073939989284,-2.8282589093924546,29.2838196315017,-20.214685046406714,1.3743238623221894,3.3080032876970495,2.6,0.113,0.9276354,20,3.033656
5861761268187132928,0.21062577258124904,-12.919511617323648,-0.5828768286226836,12.921228410884012,-1.5544948502848854,16.47647736144006,8.036846051487544,3.990238219598268,15.274584274350909,15.4,0.11,1.0860707,19,4.1235657
5862987292321202176,-5.8586842634845375,-3.5317564668882113,-0.020518431240834693,6.8408687343500505,-2.5990991462791793,-1.3466303892139428,13.655815139570024,1.1398187336829002,2.368029358375019,4.21,0.114,1.0090027,21,2.4088614
5862720214099406848,-3.6095443702159287,-6.994077704011009,-0.1453528979770527,7.870573898408007,-2.0472296281291658,-11.451836849768275,-22.666269404795855,3.032325949716207,10.537997343992917,8.34,0.131,1.1125965,25,4.8264303
5857294605251013632,2.55321909835874,-16.421508640774565,-1.7488074474470312,16.618810842032516,-1.416551147703091,-15.978972937531312,5.56706080513203,4.528970340575547,18.273670809620853,19.68,0.114,1.0374652,20,4.589744
6060173364074372096,-7.728296174811527,-0.641521418952742,0.06481035375651312,7.754876626780185,-3.0587731051492697,-0.28273804807145636,-8.10879831847592,1.072582381797585,1.9556472829230633,0.77,0.039,0.9348765,31,2.2420614
5862736363140654080,-4.694074238172136,-5.255058891698286,-0.06553520763965276,7.046273973433657,-2.299868852075778,6.4562350169432365,-27.572195269067464,1.4198990159893392,4.934518596427257,6.29,0.117,0.9807792,18,4.6616974
6055961925293088768,-3.674868056501781,-6.732846791514199,0.3056412674550825,7.6704550810691945,-2.0704184384211692,-11.47249316190471,-38.52971652268144,2.4080284718938145,6.915918267577731,8.09,0.111,1.0627002,23,2.9812627
5856994365517641728,0.3236294988459356,-12.74273092442574,-1.5323046544257628,12.746839901122133,-1.5454045998956212,5.421401038600832,21.99145284118208,2.259004960928026,14.8476321430445,15.38,0.117,1.2013611,17,1.9319098
5861923171260938240,-4.700030984034466,-5.161745015531622,-0.12946291568427576,6.980967186303738,-2.3094101058091088,9.736349877735696,-8.14987520327574,0.7439218093657005,2.66999647655572,6.21,0.062,1.1231344,16,2.5040963
5861614036717041664,0.21805444031374677,-12.422586082119484,-0.590445446848889,12.424499696430807,-1.5532450658826065,14.906039169002861,-20.52748849952505,2.7043394772960205,14.033201196167328,14.99,0.12,1.0594528,20,2.3934138
5863224924277003264,-5.941827160481718,-3.275091958625199,0.021423860673672687,6.784654548500585,-2.637834177071418,1.0063159668817003,-12.763990933344616,0.8833078633355248,2.312135633736729,3.95,0.133,1.1361504,22,2.3756762
5862374417676272640,-6.844845596628986,-1.9300221117734753,-0.016669251420823376,7.111743569169642,-2.866760677555461,-1.2555707939346683,12.132222582899061,0.6884430095235038,1.7940763751913509,2.33,0.07,1.0016345,22,1.6523204
5858981084344257536,0.11261062582960513,-12.010644816545925,-0.5791429719736257,12.011172718026797,-1.5614206997615852,26.35830379030407,29.151571550298257,2.9263070007668954,16.797752117433078,14.59,0.121,0.9386947,22,3.0615041
5862410151806488576,-6.644657762143369,-2.180919318141628,-0.0009235497858664553,6.99341732261528,-2.824449812574074,-3.8811412700325016,-12.038664546156639,1.073719621878058,3.196606385993808,2.65,0.116,0.98561627,22,3.1726394
5863258115787416576,-6.541433111853902,-2.3281888706803793,0.036405003557396336,6.94340050511409,-2.7996588141809076,-5.993144871854537,-4.999134545873346,0.635631225207803,1.8948025967259927,2.83,0.137,0.9240699,19,1.2106656
5862127920963615744,-5.299592311184897,-4.119211244397285,-0.08043783396463394,6.712196357433169,-2.4808662849671768,0.7070028470299716,-3.3184497302393083,0.7821758575081481,2.0939475170516806,5.01,0.112,1.0246012,13,2.1302788
5858749121746467840,0.8196119972653761,-12.866711172696025,-0.6900842932749104,12.892789466505766,-1.507182082751818,9.90969542966523,7.618343901666975,3.483909342916056,14.795430659805541,15.7,0.109,0.9501682,23,3.5904622
5863389404349089792,-7.064813238938317,-1.534728234295881,0.04268828187675804,7.2295903655894,-2.9276807485823744,14.061442802671676,-9.945005766241536,1.3139969809860808,3.0617088757510564,1.88,0.035,0.97495013,17,3.5114832
5859119760248045568,-5.4763456985588626,-3.765593926405705,-0.12211262275206575,6.646055960395435,-2.5392301376781883,14.79410502055466,-8.771729260490389,0.7589122323735047,3.566694461414372,4.62,0.056,0.84163815,14,3.6495936
5862529345743227904,-6.179811382437972,-2.7586713990380556,0.019508426717581958,6.767594595598978,-2.721736034623879,-10.594712519930647,5.5662401253644305,0.4041914529660073,1.5666918104720335,3.39,0.045,0.9953589,31,1.568746
5857892877040166912,-6.3742063696384745,-2.485539123993995,-0.17410745139267308,6.841667309921211,-2.769791234404939,-2.539603765530826,6.811956885693036,0.793218023870284,2.7845845934076245,3.06,0.058,0.8017078,10,3.088722
5868480143187802112,-7.0006145191898455,-1.5752192403599308,0.015581042791040386,7.175647657284448,-2.9202672019810203,6.294982586325374,-0.8256033539041425,0.7348873235457836,1.6812319511846383,1.95,0.048,0.9888625,31,1.6324713
5868204509376645120,-5.619645237845164,-3.4269483667444725,-0.02514410404805917,6.582126381920089,-2.593986909276086,-3.7054357486878517,-35.13627524949308,1.11035390018428,4.4436386379386885,4.26,0.116,1.0362041,21,4.0806823
5868220486657019904,-4.662258016759216,-4.7214489128551005,-0.01661259679566746,6.635414806290274,-2.349886736602694,6.053387268869079,-17.740623142699008,0.7883643861186326,1.757201995203932,5.87,0.116,1.0719903,23,1.2263929
5865126765841917952,0.918513858235789,-12.233155942618245,-0.24922680616227894,12.26759031041497,-1.4958529838131984,23.282133784451776,-12.21494739544164,4.163922926927797,16.709955549450633,15.23,0.115,1.016841,13,4.711623
5864838698194655232,0.5203628917625167,-11.675432403147195,-0.45451924535452065,11.687022689273043,-1.5262567556449602,5.524265335601351,24.98877679820518,2.0818279785296565,16.980458978176085,14.55,0.116,1.0122794,23,2.3536794
5864910097743012864,-5.015830956512187,-4.209590371889247,-0.1317768760448726,6.5482219940537,-2.443366374284158,18.384647769887792,-96.81413036576294,1.7503428859133627,2.2828620257429915,5.25,0.109,1.0667386,11,2.2336442
5865201429542726656,-4.668163708172427,-4.663025433626206,-0.06813942996564087,6.598148119051513,-2.3567451460571864,-14.539179211584592,-3.5614671543839336,0.3886718464612678,1.8035047984506576,5.82,0.046,0.828345,16,1.6400466
5865206961464616960,-5.329689032147525,-3.7594639867116655,-0.04232306192804775,6.522204738182909,-2.5272640752650304,-2.971274636060271,-19.665598885754235,0.422288630932563,4.554931504776139,4.7,0.133,0.94304806,8,4.881992
5865045749951803392,0.6763394747591356,-11.602022328638558,-0.2499253754444682,11.621719201535766,-1.5125672630570868,-4.606480091278891,-24.29039494020023,2.950441069448842,17.306097450360433,14.58,0.131,1.0560603,16,2.1429026
5865284996769780736,-6.45730932976886,-2.1672919518109532,-0.0067545180003488236,6.811313983711549,-2.8177730148814746,0.6050178394376046,14.404433670115395,1.1018247476315959,2.661017228758866,2.75,0.058,1.1641965,23,2.8983839
5850308411442294784,2.8713948869848753,-14.05725009675323,-1.8611053064607925,14.347515076823289,-1.3693038245174824,9.138340866438782,-23.968915986079452,3.056822703352175,16.22795312590726,17.96,0.112,1.1845902,23,2.4139647
5865015513377740800,-5.383831012311504,-3.5231446465885368,-0.07305697188407217,6.434142100537769,-2.562134972889817,-8.12568136425428,-11.588782650481022,0.602464915747504,3.631381801227149,4.48,0.107,1.0557415,16,3.5299942
5864243376958232576,-5.989211963598256,-2.7394325993630133,-0.07581491493324016,6.585981393183652,-2.7126065027893715,0.1775360556194982,19.179151853974076,0.8709816794918828,1.7592987495695651,3.49,0.045,1.0696291,21,1.8260248
5865376148813776896,-6.174648101492404,-2.491382126707437,-0.05287214755472742,6.658322917863103,-2.758084990970305,4.959698553631027,7.13951527930152,1.359065497400249,3.4352620709785833,3.18,0.064,0.91421163,17,3.8140767
5864639514713019392,-6.2288102596142885,-2.368155083569027,-0.05262583243700265,6.663800398429566,-2.778276302340493,45.83780984259029,-13.74940061042912,2.699796630193536,3.8270543524639122,3.05,0.109,1.0928231,23,3.74711
5871922507947291648,-6.971606586298798,-1.431298769120376,0.15509000584491578,7.117015846589797,-2.939102327566166,24.756317459171353,-3.3118466566979805,1.157186446208387,1.9511551494747361,1.86,0.051,1.2384809,61,2.057185
5852389305960163328,-5.9547512342598665,-2.6326594603089823,-0.11654577243287206,6.510757106195391,-2.7253187763837676,5.972350856061822,10.586161067971119,1.1462881849956859,3.28020497478841,3.43,0.038,0.9411643,26,3.112139
5871738271033526272,-7.282725143172033,-1.0032689338453198,0.10644051772273583,7.35150556448196,-3.004694227700886,-2.8666421979626797,8.763071353792668,1.2893489418251123,2.006634520221929,1.33,0.038,1.0591781,41,2.355236
5853901851624637440,-5.711380781526072,-2.7672585636073737,-0.10185641920993654,6.34646282502653,-2.6904083459091184,4.888009294569219,-12.720424745834777,0.9207867943342527,2.767848172382842,3.69,0.051,1.1208194,25,2.7400472
5866441717342423040,-6.248118309482944,-2.149262699789919,0.02606554634618979,6.607443723710725,-2.810285893303738,-21.455897020066974,-9.418245464282933,0.6650948352531725,2.168013364666606,2.87,0.114,0.94734836,31,1.3968679
5870635357809169408,-4.614740201713579,-3.9796227502333013,0.27652406925073864,6.093703665545769,-2.429959710538707,-24.21174883743582,1.5664900468534029,0.48554544017570733,1.8549746534707567,5.33,0.05,1.0645121,20,1.8902934
5866179208943636480,-6.4592767943342295,-1.8955203926754756,-0.0024848704193949954,6.731660587468242,-2.856149310965207,-10.44137529783545,-3.966524724007911,0.7863851782425005,1.7924182490292024,2.54,0.058,0.9259472,47,1.8084743
5867251679452872704,-6.080240677564956,-2.3070989750720545,0.06379535699908717,6.503232456086287,-2.7789332837509804,-9.68873979636381,-19.60747812562917,0.74582192199619,1.8905879847694813,3.1,0.047,1.1471949,32,1.9199278
5866193296441665536,-5.7353503902340695,-2.683565155013096,-0.001867713629740757,6.332121764460831,-2.7039539558951065,-14.150735256112876,-10.19119210484547,0.7790244169541378,1.779456745281815,3.61,0.118,0.94337636,49,1.1605638
5852880955104045056,3.8886129967672325,-13.31871784884875,-0.9763333158036046,13.87478130191137,-1.28672635887686,14.00006690019109,-10.472669924255968,4.329116454639242,18.923101024751347,17.98,0.117,1.0263497,13,4.53942
5854021702729341952,-5.95498780187211,-2.4089281341328013,-0.07570863120303445,6.423769491183674,-2.757193431577519,-5.821628034323045,0.3215635301994837,1.5186371844147615,3.083035016089334,3.26,0.121,0.9174726,36,2.9979403
5866546239659250688,-6.817646447578078,-1.4238392301458427,0.0009389384856673356,6.964741290060693,-2.935705827439606,-19.51530109320524,28.4299331548861,1.356332809045152,2.1550462702864595,1.95,0.071,1.0201926,41,2.2779899
5854610010144137216,-6.5843059183209345,-1.6573148292083246,-0.01225980847484837,6.789681647113501,-2.8950082001095723,-11.192671173924078,25.437138820411775,0.8053464170735681,1.0597355078947621,2.28,0.055,0.9343436,31,0.9458191
5854560115494080512,-6.849601463789208,-1.3713921088858665,-0.013265855592277501,6.985539100818038,-2.943990490578331,-7.468217415393393,-3.075475742020501,1.2231800460614213,2.0121448385457974,1.89,0.049,0.89115995,33,2.1975977
5848500161483878400,-7.537014093291369,-0.6354240635896343,-0.10669096566897479,7.563752057217468,-3.057484414282311,23.94764173534866,-9.496598609107593,0.6792804319501906,0.8440811590360228,0.89,0.036,0.95073384,31,1.0846671
5853550729459342336,-5.326140210708244,-2.9013015171710164,-0.09830692692398452,6.065090274485789,-2.642805499963957,-9.133999887514314,-12.962659187497081,1.539476447325687,3.410760784672816,4.05,0.119,0.8833971,38,3.3255577
5854322827138360320,-6.235561021585557,-1.959559918156288,-0.04603087249323174,6.536214219772925,-2.8371091853484542,-18.18817175230366,24.7831526916122,1.6691755980842955,2.7554346013887727,2.74,0.063,0.981615,18,2.7183883
5853170268450896896,3.367269673694084,-11.76620960255032,-0.9049688904123437,12.238553569214266,-1.2920649128061377,23.591171424193366,-0.4806451230484754,2.6807976772064217,16.83400638386288,16.49,0.111,1.0228931,41,2.62197
5891108161207885824,-6.644128676780449,-1.5182564639931233,0.08829164645230464,6.815390565776346,-2.916938917610358,31.67048576695891,-18.28362844090043,1.5432962426333474,2.4139624629319156,2.14,0.03,0.999949,15,2.8701274
5877533315817004032,-7.535099974576559,-0.6149450452457265,-0.019854138842361205,7.560151389723352,-3.060162382551935,26.810071227709898,-9.888888509835624,1.3573120766892912,1.6062566208941578,0.87,0.043,0.91727865,27,1.9504926
5877723874912947200,-6.051802743911803,-2.0447303316840957,-0.033919957125944374,6.387897821703739,-2.815763523492073,-25.45977981633335,7.675056540257913,1.8658865351421934,3.6200508216523044,2.93,0.082,1.2157713,14,3.9645958
5878506555352293376,-6.779023598131454,-1.3297677174645197,-0.010203875295733359,6.9082156253575295,-2.947892901844296,4.329315726424749,16.688787242309814,2.5766676657359193,3.54721076781863,1.91,0.076,0.8954229,14,4.406155
5877460679352962048,-7.485702587061049,-0.6359421254149019,-0.0207493033431756,7.5126670103771875,-3.056841917461317,-1.9712455243800784,1.9012808712666072,0.7299735121058862,0.8649092839569169,0.92,0.031,1.0495518,38,1.1314039
5891675303053080576,-7.585637856601218,-0.5365690520526007,0.0501219474349146,7.604591247340132,-3.070975410116299,-7.704193044609289,-1.0166835933900416,2.23643475718783,2.4384133949652753,0.78,0.04,1.0597419,23,3.2281451
5877884919005344768,-5.993144278411746,-2.026124906613374,-0.06082695197168315,6.326370245176811,-2.8155817867901702,14.441037944781359,-24.20625119573026,1.3402845189411792,2.3743076942637185,2.96,0.074,1.1059434,17,2.072805
5878175499273790464,-6.675520751726561,-1.3806691080770574,-0.002820647226745192,6.81680456612409,-2.9376426390060577,-26.42790828427558,8.304145115373387,1.2175639718728577,2.566670749575587,2.02,0.121,1.0679065,36,2.0809364
5824464493705913344,-7.657477916145274,-0.4597139693004804,-0.08662432585872173,7.6712648872153135,-3.081629977683371,-9.016386613186045,3.3698147990253915,1.545557197844108,1.6840238439496014,0.68,0.031,0.88561726,38,2.177656
5877984734021668864,-5.179795168811692,-2.7078712306423856,-0.07018146023050603,5.844899023301057,-2.6598909141151985,6.426522752630395,-50.671576348486525,0.8318269849382061,2.643850546745383,4.02,0.119,0.9120183,22,1.2862101
5878242157154087936,-7.092738423233753,-0.9628314308272609,-0.0020840815937561196,7.157791747781245,-3.006668504321994,15.623986718433025,-24.759381514031958,1.0743800005071402,1.8960028481782338,1.43,0.115,1.2189423,25,1.5736609
5878239339655855104,-6.803192941395856,-1.2240881047002465,-0.005638119573260052,6.9124399372383,-2.9635690002955655,-23.99901329643119,9.827242465310661,2.134968028029793,3.152040847692207,1.82,0.143,1.1416342,31,3.2931662
5878226626552506368,-6.520979285164277,-1.4785328475516843,-0.009932942340539822,6.686496109236204,-2.9186276309706574,-21.892950955540268,-2.369213861510559,1.3603156565985963,2.805687300375204,2.2,0.136,1.1416099,34,1.8832095
5873477247406444544,-6.247219681600469,-1.713135189331381,-0.21699032664386703,6.47785349688473,-2.8739483811603033,-26.272168347381967,3.6217889378538928,0.7663882278782239,1.4083244303125075,2.57,0.061,1.0427705,26,1.2543235
5824226655600824320,-7.3123035752188645,-0.7432478428738176,-0.14533253366087656,7.349979655216412,-3.0402970782098517,-17.637982888564544,-2.7770568493177166,0.5234030581933483,0.6585765732413379,1.13,0.031,0.9513159,49,0.75501275
5876386181589076992,-5.759571434206417,-2.1098002643433653,-0.09795525052815895,6.133834058820788,-2.7904605097093405,-0.6231965103917348,-43.744969637053345,1.3184272867826259,3.5081100633973468,3.19,0.109,0.9650013,15,2.8229725
5879668670420885504,-4.440154702887618,-3.216269010936186,-0.022344038033691286,5.482641711463869,-2.51470430325043,-16.699265681785462,-56.99432146694551,2.2016101339479204,3.478322079732177,4.91,0.168,1.0930389,15,3.1026947
5877120341746137088,-6.133315035297947,-1.608958228272738,-0.019850701317222833,6.34084378474493,-2.8850425021109376,-9.808470379457933,-14.324077562276415,1.11102039256047,1.78641683483297,2.58,0.066,0.984946,10,1.5228419
5877104712393104384,-6.49732433220359,-1.311471309359698,-0.023000455462783568,6.628361824245752,-2.9424208943692576,17.943813758834818,-9.760674084165373,2.3468399930478716,2.8251433168772384,2.11,0.055,1.0184078,13,3.5058818
5823134325151372288,-7.423495769392847,-0.5650373131227329,-0.12801829170536944,7.444968542808925,-3.0656244122055645,20.491689975159204,-5.807742862292173,1.9712449306032769,1.8109119843855301,0.93,0.044,1.0388076,33,2.6391113
5881995546318024704,-6.532156420676895,-1.255711228500583,-0.0854805931907357,6.65175752666713,-2.9516741506902564,-11.082530809101666,-1.3477825123639775,1.8514068328505418,2.218443948678193,2.05,0.049,0.83241874,15,2.8110979
5883288709372733440,-5.833120389523734,-1.7441493018582226,0.0009521603499837395,6.088296171003021,-2.851046255735815,-31.611386687310144,-14.579941696890842,2.1915229952382527,3.620528090826627,2.9,0.119,1.0661352,20,3.2920225
5881952871520185344,5.5372264864962055,-10.255234342584174,-0.758993615619891,11.654643219939123,-1.0757083667049498,23.437432765767916,18.10396846295629,4.331543987895045,19.746570247618795,17.12,0.113,1.0177099,25,4.513115
5829232354047903744,-7.222082561430438,-0.6934490825202941,-0.15881993566804065,7.255297936967569,-3.0458682252725127,12.062958632217603,5.081974012548102,1.572879381388016,1.4249371581714199,1.17,0.027,0.9920791,54,2.0710075
5883784554755786752,-6.085211044962104,-1.5129026369920666,0.04264627734534714,6.270459939330315,-2.8979136271583052,-34.268967150049406,-10.339763367321154,2.7934238711477546,4.087882533052664,2.56,0.129,1.0350324,17,3.8669577
6119933947003545600,1.3040219677286817,-6.889889156169193,5.298564437496275,7.012206919124451,-1.383742872395378,44.073682661383046,-233.71177479838383,4.970942763859887,7.229320337560134,12.84,0.117,1.2839854,14,2.9196558
5883507512182829056,-6.521954760192673,-1.1787833031273327,-0.001183124326221534,6.627625816967314,-2.962782259453396,-29.744474889503863,8.092168622487549,1.3055650502214484,2.1147267186708447,2.01,0.119,1.0647454,19,1.467122
5883879421994718208,-6.649070899689149,-1.0638473500187375,0.037845364869172164,6.733640546779651,-2.9829379770851254,-37.577041232911554,3.920783817367152,1.0859305776194088,2.1131814453979127,1.84,0.114,1.1343884,17,1.4143045
5882533104436575232,-5.514215725082706,-1.864697994814174,-0.08643708369346742,5.820968448171953,-2.8155026489774926,12.816373055616602,-45.864747561559454,2.1944599210572426,3.7035763320398334,3.23,0.11,0.98612523,30,3.5105872
5883933779102368768,-6.867698371805704,-0.9052012452586649,0.040399847744852106,6.9270968103903785,-3.010542448535877,-18.402978582092615,11.105058204992503,1.1904924584125687,1.57169516564038,1.57,0.117,1.0948573,14,1.2736145
5883580934632791040,-6.016913156319058,-1.5039804417329785,-0.004053296966324675,6.202032013767802,-2.8966527595702463,-12.858585017808931,-19.96173812040277,1.4169715820080253,3.028415308940762,2.61,0.147,1.1054507,21,1.520101
5888819699572539392,-7.201936930000278,-0.6650520531431786,0.07247537453497138,7.232578363010786,-3.0495103010223312,11.640179446887226,9.168404198155798,0.6509527388358327,0.5269826810365738,1.16,0.047,0.95002764,23,0.7534642
5816040928949504000,1.621070617070833,-6.759542920662533,-2.764841994554806,6.951207840498611,-1.3354219646425267,-37.07025662716563,-126.81404683918743,3.9701764793024363,15.19262433276221,12.2,0.107,1.0612044,22,4.6936803
5884368498528237568,-6.878618491175887,-0.8690028311352189,0.00022198640077369502,6.933293464701164,-3.0159244782427814,1.0297955751084669,7.4215480245791525,3.079255400230971,2.762025859284959,1.54,0.057,0.98420507,12,4.068031
5885220791810496512,-6.4136539608426215,-1.1811441174533261,0.008229619961470144,6.521507383697947,-2.9594723665048153,-30.565632419838927,11.39008021676355,2.0383045313191555,2.497986483633033,2.1,0.128,1.2401389,12,2.1062613
5885220791810496512,-6.537649884971686,-1.0967346678415715,0.007981815775930542,6.629003918396478,-2.9753835765476273,-36.50725810654989,19.892981768554193,1.7056766339751115,2.071546147577867,1.95,0.133,1.3318447,16,1.8668013
5884453229620599808,-6.593458045162306,-1.0542800494231572,-0.0032462886150015956,6.677214645039294,-2.9830369512345305,-27.391841544191344,15.15316443278806,1.7891586135510456,2.1405344605631593,1.88,0.116,1.2190045,16,1.8637537
5903821951590649856,11.925689339761625,-13.09463799413028,3.8805003677584176,17.711341293810143,-0.8320841736002187,-25.133345181026574,-135.88256532373785,5.356694538918082,17.515556686279716,24.28,0.119,1.0539939,21,4.574579
5884600426769582080,-5.804032728757701,-1.5278994138092894,-0.03888074991781105,6.0017724494693505,-2.8841847667628477,-19.2928126035965,2.095923231726232,1.3363891780452541,1.4299002101149965,2.8,0.058,0.95140094,24,1.0261098
5835124087174043648,-7.392253545193093,-0.47807253656830956,-0.07976296088038276,7.40769639136491,-3.077010494489939,19.57114892192926,-0.3150316638682966,1.601928092543764,1.1878571495065586,0.9,0.056,0.87837607,29,2.0314376
5886130461583417344,-7.303803848294134,-0.5311432024732116,0.04841983330574045,7.323091133933108,-3.0689989924829963,5.186820408545504,-4.06132525536114,1.8059679052146782,1.346811986829767,1.0,0.021,0.9475202,9,2.221998
5932882731154933760,-5.637138418005956,-1.5063732898915612,-0.030214256483320382,5.834937020419108,-2.880470894016879,-43.00711213660973,3.967924567682843,1.8286583213544616,1.9601146069337858,2.93,0.057,1.0619115,40,2.239588
5932812431123861504,-6.280222781219473,-1.1199006238206657,-0.04100467571591821,6.379292718552894,-2.965125723497308,1.016518099665186,-2.849476084034336,3.2366702548309427,2.8360363725323494,2.18,0.04,0.9379303,11,4.3546934
5932879565692276736,-5.144417983651108,-1.792637525054791,-0.04870887797433927,5.447805584521854,-2.806288066701247,-13.43691644132549,-9.511541006865997,1.941755586859944,2.1738717544358352,3.5,0.052,0.8392529,25,2.5515006
5932565900081830912,-6.291045119401665,-1.0969538098699725,-0.07565411702789943,6.385965577368528,-2.9689607582523796,-4.315286276267133,-1.0350908139503758,1.2466095469640586,1.1530783837426166,2.16,0.044,1.0317485,23,1.505428
5932569709575669760,-6.51007903478266,-0.956580738300228,-0.06945735970586492,6.579982959552686,-2.995698251055719,-7.069579267231345,9.937013876410958,1.2482105294874994,0.997273738527943,1.9,0.052,0.91940427,37,1.5112369
5981445136043556864,-6.192288154860121,-1.128797398142331,0.033571902273828384,6.294332066142829,-2.96128166050672,-5.672383611582089,17.28547007286224,1.4469454785133598,1.0337740649369989,2.26,0.048,0.9694368,14,1.5585178
5981379612024080384,-4.454504549336041,-2.119172290429547,-0.0004911605861215905,4.932899956068428,-2.697543225401955,2.662950865326599,-27.474249850903476,3.988733263303147,2.886714967159085,4.26,0.129,1.000436,22,1.43808
5927687916632522752,4.104087428852042,-6.9832544033304815,-1.8055617624421552,8.099961461963627,-1.0394669718532517,34.525681432273565,59.95367654919329,4.400451411363372,19.39202334322833,14.22,0.112,0.91373944,16,4.8985868
5932997939411721216,-6.6096553197755075,-0.8701915948456637,-0.04936867586816713,6.66669159763497,-3.010690883046518,5.442371418443201,6.801561072802372,3.541625779619507,2.6632630977937213,1.77,0.04,0.8673038,13,3.9372468
5933434308006614016,-7.084328336803356,-0.5938865720287737,-0.001326509188947671,7.109177817727666,-3.0579571735202364,16.645152455582195,1.5187921738510965,1.13674921604262,0.7875549527227658,1.22,0.035,1.1057535,29,1.3778054
5981597968165555200,-5.7077559105794915,-1.3480332610107877,0.05407159321869542,5.864782281342292,-2.909666813107001,-37.68941908657274,-21.331704415644452,3.941197274185895,4.469747135816993,2.79,0.125,1.1967211,28,4.997405
5934997568683832320,-6.250102053274066,-1.0275746699953123,0.01472720848432801,6.334010213029078,-2.9786411700659126,-17.457953817082732,0.6551552821619566,1.3985844524229805,1.2295631689278121,2.16,0.056,0.82924426,37,1.6223109
5935042378098601984,-5.682426396935251,-1.3019217119654147,-0.008266922464689911,5.829662931994739,-2.916366202898895,23.25092099137022,-14.246449168650287,3.6145983404179214,2.8842384808874377,2.79,0.114,0.9358613,11,2.9618225
5934883670496071680,-6.863786787725806,-0.6693712287879525,-0.004624456570936857,6.896348810007251,-3.0443779173223957,2.0644120281395066,-6.792939714844721,2.1702468743758776,2.44461236697315,1.45,0.168,1.096609,19,2.195147
5935480602196674560,-7.063795329457662,-0.5554623096343977,0.010506783718633169,7.0856010919252475,-3.063119026305869,-31.658543727938806,8.384866959181068,1.8684730583297575,2.0969583069271653,1.22,0.159,1.0421162,23,2.086486
5934398717159140352,-6.379022235145737,-0.8835154121301521,-0.053192811984200956,6.439916471504519,-3.0039649749518955,20.560798267581653,6.639998103666699,1.8925163443880824,1.250175191823322,1.98,0.043,0.87020123,8,2.1959503
5935454454446497792,-5.934518563677786,-1.069137426352456,0.01947826840256078,6.030055175457668,-2.9633488927017364,-49.73789173348062,7.086402533126204,2.1494948411108425,1.8484810250553254,2.46,0.065,1.1309707,17,2.4493783
5935461979229380608,-6.906133313903348,-0.597513884491734,0.01882073051327415,6.931933366065058,-3.0552882625215427,-65.13415364084668,24.83396058656197,2.674446621108887,2.3247268995715977,1.38,0.134,0.98397154,20,3.083742
5941658375763435520,-5.044044069606178,-1.478048993095307,0.05044953504315813,5.256140161955282,-2.856543879283356,0.7790588917421246,-18.015433533334317,3.4820378993933514,2.8368042095086854,3.44,0.11,0.98443556,22,3.3317714
5940586493690170368,-6.411069837706921,-0.8133415097581339,-0.026184909347352906,6.462456257140244,-3.0154016006176394,-67.73415960377218,16.62175046295232,2.7725978179217687,2.605785599502349,1.92,0.15,1.1165847,12,2.9537668
5941493178470214656,-6.2646149567326574,-0.8782844283112798,0.02411986865204546,6.325882080242454,-3.0023028459853696,-50.61254413031866,11.892733018463701,2.003394937962636,1.7040625154337667,2.08,0.088,1.0412488,18,2.3384385
5941190022494709760,-6.741545626268249,-0.6227808944297326,0.007837166040402906,6.770250621175205,-3.0494745629667985,-17.277317916642893,-7.855533074802651,2.6824784566639566,2.5413433688107028,1.54,0.124,1.0782894,22,2.957049
5939422213961762816,-4.664460368063313,-1.4556902452958804,-0.1373016844184219,4.8863303833739,-2.8390893989842807,-5.533167128840395,-55.3295799831657,1.7380960306971514,1.83557260350775,3.78,0.053,0.79005194,17,2.3103843
5941298977227278336,-6.553215732305022,-0.6657030768693557,0.010534143454815455,6.586941401036096,-3.040355748731361,-3.9517341519701366,-12.70843043517695,2.63145397569096,2.1064064956959485,1.73,0.123,1.2016131,24,2.9790792
5924661476501497856,-5.9182030773411105,-0.907843231681698,-0.438810079067491,5.987429080829272,-2.989380698186137,-1.9801103554975075,-1.1144469209545775,2.5802403660298467,1.6664564502060195,2.45,0.126,1.1190852,18,1.7775688
5943144438769524736,-5.430439330391029,-1.0354177655372951,0.008647887917004712,5.528269283441972,-2.9531848596798147,-62.07741352332621,-17.070817106788837,2.286341377541977,2.682391615578966,2.91,0.118,1.1345874,11,2.4892716
5943207351448366080,-7.240075995675953,-0.33605321023994444,0.0023498310281556646,7.247870872420101,-3.095210241449424,-12.475962419134554,-0.0030146195119868935,2.456313984194871,1.5661841981506324,0.97,0.128,1.0236177,8,2.5525324
5940121056650865664,-5.701454496766363,-0.9019536872334055,-0.051188207218750566,5.7723568698246055,-2.9846957614347196,20.690027902026735,-9.596327934852297,4.515627164987229,2.5569191550016646,2.61,0.111,0.99810266,10,4.4795303
5943301424097469440,-5.052444097876352,-1.1373466742995677,0.04551840501372489,5.1788752465864505,-2.920175212650313,17.53925987153381,-42.912564084790745,3.0058953075725605,2.1519649218653862,3.3,0.058,0.9395011,17,3.6117475
5939019827046790144,-5.545253962636945,-0.9559668300539216,-0.1672285980901143,5.627051989301688,-2.9708769583818153,22.223185660894256,-42.12973439491185,3.1421959662241283,2.945273296447803,2.78,0.11,1.0849719,21,3.437035
5943319840913687552,-5.4396127702093295,-0.9732225179149747,0.037889122167926774,5.525988523259995,-2.964551896396854,-47.717005705017264,-12.200183036851456,1.4887173186902214,1.3390744367583494,2.88,0.062,1.1196103,17,1.3566015
5943255828719966208,-6.154052995325058,-0.7145133168559916,0.014083870428206632,6.195393252186165,-3.0260056688842325,-15.33537875202294,-6.143273865391478,3.768038396167788,2.5277666703390462,2.12,0.142,1.002269,15,4.1346254
5964452286916530176,-5.919495456645139,-0.739432870365996,0.029929309439160553,5.9654997637264335,-3.0173215026954225,-12.82285685860635,-21.366707295162115,1.5457389414342506,1.4043325612371393,2.35,0.07,0.9599036,19,1.6725372
5967847540145113088,-5.6480145544647264,-0.8090675093415398,0.05436596121572384,5.705668991636082,-2.999312454971039,-20.221827815707634,-17.32761608052985,1.697685836311961,1.4436555119062533,2.63,0.076,0.9235955,12,1.5827365
5964854811231411200,-6.452616178281969,-0.5356902374253588,0.02367777213845817,6.47481425020819,-3.058763519153528,-20.60895402641157,-9.172268848687196,1.346883405555704,1.5609700211660313,1.78,0.114,0.9980938,17,1.4596388
5964704143786910720,-6.161593492208844,-0.610272117124471,-0.009158891957090357,6.191741792110679,-3.0428701025275893,-20.019744055599748,3.347993344842081,1.2156836878519761,0.6668889653594527,2.08,0.053,0.8416675,16,1.2165221
5966244490846826496,-6.970573947139379,-0.34905305811804044,0.010030570981535532,6.979307930584509,-3.091559220838071,-18.835218921425202,0.47652154653101775,3.58237458649106,2.09820992148239,1.23,0.172,1.1030625,14,3.708437
5965206341417252864,-5.966369439351775,-0.6118491065771314,-0.0960201963541964,5.997659844977043,-3.0394002361582917,-1.005273549694045,-8.267716824112853,2.364288072584951,1.1383013446840964,2.27,0.061,1.029786,27,2.4119413
5966081350839943168,-4.188445503122464,-1.016517205304865,-0.02439052552316451,4.310032826012768,-2.90350046693046,-71.94786722657045,-2.8386516129125994,3.7440989351541396,1.0552906340481787,4.09,0.123,0.90684986,24,1.2213874
5973058817250906112,-5.708718570419543,-0.5385828666805814,0.014585070129331242,5.734068295768269,-3.047527163234696,-18.765511830240776,-21.77087425444077,1.0075349763534234,1.0622468062650823,2.5,0.066,0.9751877,32,1.0026424
5973069606209523712,-6.086694794884232,-0.4414042223485737,0.011949907945542234,6.102679019379764,-3.0691998564954224,-4.947997608982402,-6.652699070022635,2.7545820948531015,1.3424230110981286,2.11,0.118,1.0021949,24,2.5960512
5960623272099514368,-7.093617801047863,-0.20478525438335726,-0.08682318370260395,7.096573152427584,-3.1127317256224476,26.57843535132345,-2.1497221186548074,1.9084819220546918,0.48861713779547983,1.08,0.04,0.80724955,9,1.9189222
5973527617215696896,-6.626454356646384,-0.2851160848244763,0.010310994468488096,6.632585357350743,-3.098592231670741,5.993858368004102,10.28958803156064,1.8120694397634074,0.5032978189249547,1.55,0.06,0.9478511,11,1.7747821
5972868631794513920,-6.300252545491529,-0.33563313568920694,-0.00834262949191739,6.309186297673025,-3.0883699989586106,-6.396672975979839,-16.172506413622813,1.2689974261233024,2.0529512411853985,1.88,0.147,1.1243055,8,1.2595158
6026412893938675712,-7.335535551993851,-0.13756309424982385,0.08690688572575739,7.336825297052214,-3.12284187924069,-7.235213337470359,-1.6832650395055566,2.9175304105561115,0.6642664686010222,0.83,0.044,0.804823,21,2.9937592
4054440301294394368,-7.075231231802242,-0.10615852862463943,0.008039857546093095,7.07602760146324,-3.1265895307486877,20.81019307831046,-2.8379310901956387,2.7334585283922728,0.5631885606730975,1.08,0.078,1.0540593,16,2.862436
4054740090000103936,-5.472729200846356,-0.2546380322986296,0.06458026416139256,5.478649964479325,-3.095097658924897,-11.051634035343415,-22.075590292927785,3.6145082830297373,1.2236789839775046,2.69,0.087,0.90658325,10,4.0090117
4053752797328611840,-5.480296654170811,-0.2323926810440876,-0.02747872169863547,5.485221761781254,-3.099212915772727,-5.104802848029309,-17.726129688336897,4.510080208299709,1.1833128233469092,2.68,0.108,1.0092567,12,4.369201
4054962874233545216,-5.79498514954831,-0.15306342507157178,-0.003740295501157902,5.797006235599552,-3.1151857101609535,3.6959433525893983,-14.299484444667485,2.4836246271923184,0.6983705791406207,2.36,0.06,0.93875706,8,2.3382475
4041690364529590272,-6.844837783852601,-0.08007714705115854,-0.07351951893176217,6.845306175529042,-3.1298942764127538,-2.363517249880034,7.828437802972047,3.2238662477876034,0.2923121795846958,1.31,0.098,0.7325544,16,3.2179947
4111834567779557376,-7.270996048646703,-0.0448270145160915,0.13758275751387183,7.271134230686873,-3.1354275496234623,-14.382467926088902,11.13073996614736,2.4651438540851776,0.16407212490999445,0.89,0.036,0.83691496,31,2.6029396
4058729015194551808,-5.793415999880428,-0.09934965697000231,0.08455847752208295,5.794267796884314,-3.1244456163628542,-22.308948917034062,4.391651180507608,3.4521064770854957,0.308076841923965,2.36,0.109,0.75352186,9,3.3850594
4056026175045038592,-6.680648048966373,-0.025106517106344928,-0.03027653587576357,6.680695225151303,-3.137834575222572,1.069130603611448,7.3852936930407225,3.2943784704485974,0.17562801533438563,1.47,0.081,0.8843638,22,3.1473434
